timestamp,門診大樓_AH_1_3冰水流量,門診大樓_AH_1_3溫度1,門診大樓_AH_1_3溫度2,門診大樓_AH_1_3冷凍頓,門診大樓_AH_1_3冰水效率,門診大樓_AH_1_3電壓平均,門診大樓_AH_1_3電流平均,門診大樓_AH_1_3輸出功率,門診大樓_AH_1_3輸出功率千瓦時,門診大樓_AH_1_3 EC_FAN直流電壓,門診大樓_AH_1_3 EC_FAN直流電流,門診大樓_AH_1_3 EC_FAN有效功率,門診大樓_AH_1_3 EC_FAN輸出功率千瓦時
2026-09-09T00:00:00.000+08:00,6.280576229095459,13.781463623046875,12.6806640625,0.1327250599861145,0.0,386.29998779296875,0.0,0.0,2579.300048828125,nan,nan,nan,65536.0
2026-09-09T00:01:00.000+08:00,6.95029878616333,13.834102630615234,12.7158203125,0.15591254830360413,0.0,386.0,0.0,0.0,2579.300048828125,nan,nan,nan,65536.0
2026-09-09T00:02:00.000+08:00,5.993607997894287,13.84598159790039,12.7158203125,0.13090769946575165,0.0,386.3999938964844,0.0,0.0,2579.300048828125,nan,nan,nan,65536.0
2026-09-09T00:03:00.000+08:00,5.773055553436279,13.825443267822266,12.7919921875,0.12562215328216553,0.0,386.29998779296875,0.0,0.0,2579.300048828125,nan,nan,nan,65536.0
2026-09-09T00:04:00.000+08:00,5.5732550621032715,13.832130432128906,12.736328125,0.1203261986374855,0.0,386.5,0.0,0.0,2579.300048828125,nan,nan,nan,65536.0
2026-09-09T00:05:00.000+08:00,5.914425373077393,13.913272857666016,12.8056640625,0.12287932634353638,0.0,386.6000061035156,0.0,0.0,2579.300048828125,nan,nan,nan,65536.0
2026-09-09T00:06:00.000+08:00,5.8502397537231445,13.887889862060547,12.736328125,0.134897381067276,0.0,386.0,0.0,0.0,2579.300048828125,nan,nan,nan,65536.0
2026-09-09T00:07:00.000+08:00,4.618457794189453,13.926345825195312,12.798828125,0.10122545063495636,0.0,386.3999938964844,0.0,0.0,2579.300048828125,nan,nan,nan,65536.0
2026-09-09T00:08:00.000+08:00,5.226396083831787,13.939388275146484,12.7919921875,0.12235551327466965,0.0,386.20001220703125,0.0,0.0,2579.300048828125,nan,nan,nan,65536.0
2026-09-09T00:09:00.000+08:00,5.215897560119629,13.985668182373047,12.7783203125,0.11772528290748596,0.0,386.1000061035156,0.0,0.0,2579.300048828125,nan,nan,nan,65536.0
2026-09-09T00:10:00.000+08:00,4.9850616455078125,13.89834976196289,12.909912109375,0.11439648270606995,0.0,386.3999938964844,0.0,0.0,2579.300048828125,nan,nan,nan,65536.0
2026-09-09T00:11:00.000+08:00,4.819879055023193,13.963165283203125,12.8544921875,0.10312622785568237,0.0,386.79998779296875,0.0,0.0,2579.300048828125,nan,nan,nan,65536.0
2026-09-09T00:12:00.000+08:00,4.7088141441345215,14.060493469238281,12.847412109375,0.10003706812858582,0.0,386.6000061035156,0.0,0.0,2579.300048828125,nan,nan,nan,65536.0
2026-09-09T00:13:00.000+08:00,4.913358688354492,14.059040069580078,12.972412109375,0.11187340319156647,0.0,386.6000061035156,0.0,0.0,2579.300048828125,nan,nan,nan,65536.0
2026-09-09T00:14:00.000+08:00,5.059720039367676,14.019847869873047,12.944580078125,0.12270892411470413,0.0,386.79998779296875,0.0,0.0,2579.300048828125,nan,nan,nan,65536.0
2026-09-09T00:15:00.000+08:00,5.002985000610352,14.030075073242188,12.9033203125,0.09422152489423752,0.0,386.70001220703125,0.0,0.0,2579.300048828125,nan,nan,nan,65536.0
2026-09-09T00:16:00.000+08:00,5.115543365478516,14.083209991455078,13.034912109375,0.11381702125072479,0.0,386.6000061035156,0.0,0.0,2579.300048828125,nan,nan,nan,65536.0
2026-09-09T00:17:00.000+08:00,5.544493198394775,14.07052993774414,13.041748046875,0.1294751763343811,0.0,386.79998779296875,0.0,0.0,2579.300048828125,nan,nan,nan,65536.0
2026-09-09T00:18:00.000+08:00,5.628862380981445,14.160327911376953,13.0556640625,0.12424232810735703,0.0,386.70001220703125,0.0,0.0,2579.300048828125,nan,nan,nan,65536.0
2026-09-09T00:19:00.000+08:00,5.5246710777282715,14.152015686035156,13.03515625,0.13379931449890137,0.0,386.8999938964844,0.0,0.0,2579.300048828125,nan,nan,nan,65536.0
2026-09-09T00:20:00.000+08:00,6.081310749053955,14.169464111328125,13.0556640625,0.13066449761390686,0.0,386.5,0.0,0.0,2579.300048828125,nan,nan,nan,65536.0
2026-09-09T00:21:00.000+08:00,6.161132335662842,14.196372985839844,13.1044921875,0.13510850071907043,0.0,386.79998779296875,0.0,0.0,2579.300048828125,nan,nan,nan,65536.0
2026-09-09T00:22:00.000+08:00,6.702865123748779,14.244743347167969,13.166748046875,0.1458229124546051,0.0,386.70001220703125,0.0,0.0,2579.300048828125,nan,nan,nan,65536.0
2026-09-09T00:23:00.000+08:00,6.249742031097412,14.232006072998047,13.111328125,0.13539601862430573,0.0,386.70001220703125,0.0,0.0,2579.300048828125,nan,nan,nan,65536.0
2026-09-09T00:24:00.000+08:00,6.165530681610107,14.25579833984375,13.229248046875,0.1318730115890503,0.0,386.8999938964844,0.0,0.0,2579.300048828125,nan,nan,nan,65536.0
2026-09-09T00:25:00.000+08:00,6.792860984802246,14.30202865600586,13.0625,0.14681164920330048,0.0,386.3999938964844,0.0,0.0,2579.300048828125,nan,nan,nan,65536.0
2026-09-09T00:26:00.000+08:00,7.084235668182373,14.2503662109375,13.298828125,0.15904255211353302,0.0,386.79998779296875,0.0,0.0,2579.300048828125,nan,nan,nan,65536.0
2026-09-09T00:27:00.000+08:00,7.209798812866211,14.315570831298828,13.173828125,0.17155523598194122,0.0,386.5,0.0,0.0,2579.300048828125,nan,nan,nan,65536.0
2026-09-09T00:28:00.000+08:00,6.478507041931152,14.336212158203125,13.284912109375,0.13712801039218903,0.0,386.79998779296875,0.0,0.0,2579.300048828125,nan,nan,nan,65536.0
2026-09-09T00:29:00.000+08:00,6.987306118011475,14.371452331542969,13.298828125,0.1563587486743927,0.0,386.8999938964844,0.0,0.0,2579.300048828125,nan,nan,nan,65536.0
2026-09-09T00:30:00.000+08:00,6.438887596130371,14.411415100097656,13.28515625,0.14267221093177795,0.0,386.79998779296875,0.0,0.0,2579.300048828125,nan,nan,nan,65536.0
2026-09-09T00:31:00.000+08:00,5.6895575523376465,14.42605209350586,13.3544921875,0.1296803504228592,0.0,386.6000061035156,0.0,0.0,2579.300048828125,nan,nan,nan,65536.0
2026-09-09T00:32:00.000+08:00,4.833803176879883,14.496879577636719,13.326416015625,0.10824108868837357,0.0,387.0,0.0,0.0,2579.300048828125,nan,nan,nan,65536.0
2026-09-09T00:33:00.000+08:00,5.701425552368164,14.441047668457031,13.3408203125,0.11678656935691833,0.0,387.0,0.0,0.0,2579.300048828125,nan,nan,nan,65536.0
2026-09-09T00:34:00.000+08:00,5.284482479095459,14.479793548583984,13.291748046875,0.11410801857709885,0.0,386.8999938964844,0.0,0.0,2579.300048828125,nan,nan,nan,65536.0
2026-09-09T00:35:00.000+08:00,5.448755264282227,14.440853118896484,13.41015625,0.12799915671348572,0.0,386.79998779296875,0.0,0.0,2579.300048828125,nan,nan,nan,65536.0
2026-09-09T00:36:00.000+08:00,4.981929302215576,14.437519073486328,13.3544921875,0.11773597449064255,0.0,387.20001220703125,0.0,0.0,2579.300048828125,nan,nan,nan,65536.0
2026-09-09T00:37:00.000+08:00,5.181727409362793,14.553997039794922,13.472412109375,0.10596784204244614,0.0,387.3999938964844,0.0,0.0,2579.300048828125,nan,nan,nan,65536.0
2026-09-09T00:38:00.000+08:00,5.483273983001709,14.552742004394531,13.4931640625,0.1226080060005188,0.0,386.5,0.0,0.0,2579.300048828125,nan,nan,nan,65536.0
2026-09-09T00:39:00.000+08:00,5.123810291290283,14.568572998046875,13.486328125,0.1007210910320282,0.0,386.79998779296875,0.0,0.0,2579.300048828125,nan,nan,nan,65536.0
2026-09-09T00:40:00.000+08:00,5.295500755310059,14.539432525634766,13.486328125,0.12048269808292389,0.0,386.70001220703125,0.0,0.0,2579.300048828125,nan,nan,nan,65536.0
2026-09-09T00:41:00.000+08:00,5.085031032562256,14.58233642578125,13.4931640625,0.10919122397899628,0.0,386.70001220703125,0.0,0.0,2579.300048828125,nan,nan,nan,65536.0
2026-09-09T00:42:00.000+08:00,5.552217960357666,14.582572937011719,13.6181640625,0.11582764238119125,0.0,387.0,0.0,0.0,2579.300048828125,nan,nan,nan,65536.0
2026-09-09T00:43:00.000+08:00,5.261153221130371,14.677764892578125,13.583251953125,0.12566716969013214,0.0,387.20001220703125,0.0,0.0,2579.300048828125,nan,nan,nan,65536.0
2026-09-09T00:44:00.000+08:00,5.35171365737915,14.631351470947266,13.673828125,0.11776125431060791,0.0,387.1000061035156,0.0,0.0,2579.300048828125,nan,nan,nan,65536.0
2026-09-09T00:45:00.000+08:00,5.367069244384766,14.642391204833984,13.625,0.11655386537313461,0.0,387.1000061035156,0.0,0.0,2579.300048828125,nan,nan,nan,65536.0
2026-09-09T00:46:00.000+08:00,6.089667320251465,14.641094207763672,13.5283203125,0.12696820497512817,0.0,387.1000061035156,0.0,0.0,2579.300048828125,nan,nan,nan,65536.0
2026-09-09T00:47:00.000+08:00,6.590153694152832,14.704891204833984,13.673828125,0.14247849583625793,0.0,387.20001220703125,0.0,0.0,2579.300048828125,nan,nan,nan,65536.0
2026-09-09T00:48:00.000+08:00,6.29603910446167,14.688209533691406,13.6875,0.14950138330459595,0.0,387.1000061035156,0.0,0.0,2579.300048828125,nan,nan,nan,65536.0
2026-09-09T00:49:00.000+08:00,5.5465006828308105,14.736148834228516,13.66015625,0.12247855961322784,0.0,387.20001220703125,0.0,0.0,2579.300048828125,nan,nan,nan,65536.0
2026-09-09T00:50:00.000+08:00,5.561752796173096,14.76345443725586,13.798828125,0.11732647567987442,0.0,387.0,0.0,0.0,2579.300048828125,nan,nan,nan,65536.0
2026-09-09T00:51:00.000+08:00,6.330656051635742,14.802608489990234,13.66015625,0.14156919717788696,0.0,386.8999938964844,0.0,0.0,2579.300048828125,nan,nan,nan,65536.0
2026-09-09T00:52:00.000+08:00,7.404568195343018,14.795963287353516,13.7783203125,0.15888448059558868,0.0,386.8999938964844,0.0,0.0,2579.300048828125,nan,nan,nan,65536.0
2026-09-09T00:53:00.000+08:00,6.455643177032471,14.814918518066406,13.736328125,0.146940678358078,0.0,387.0,0.0,0.0,2579.300048828125,nan,nan,nan,65536.0
2026-09-09T00:54:00.000+08:00,6.357457160949707,14.84219741821289,13.8056640625,0.13599540293216705,0.0,387.1000061035156,0.0,0.0,2579.300048828125,nan,nan,nan,65536.0
2026-09-09T00:55:00.000+08:00,5.930154323577881,14.865947723388672,13.78515625,0.13101644814014435,0.0,387.29998779296875,0.0,0.0,2579.300048828125,nan,nan,nan,65536.0
2026-09-09T00:56:00.000+08:00,6.692262172698975,14.901603698730469,13.84765625,0.15057747066020966,0.0,387.1000061035156,0.0,0.0,2579.300048828125,nan,nan,nan,65536.0
2026-09-09T00:57:00.000+08:00,6.995456695556641,14.914325714111328,13.909912109375,0.15377569198608398,0.0,387.70001220703125,0.0,0.0,2579.300048828125,nan,nan,nan,65536.0
2026-09-09T00:58:00.000+08:00,6.686107158660889,14.902015686035156,13.861328125,0.1424432396888733,0.0,387.3999938964844,0.0,0.0,2579.300048828125,nan,nan,nan,65536.0
2026-09-09T00:59:00.000+08:00,6.890190124511719,14.910362243652344,13.8408203125,0.1413830667734146,0.0,387.20001220703125,0.0,0.0,2579.300048828125,nan,nan,nan,65536.0
2026-09-09T01:00:00.000+08:00,5.751893520355225,14.96364974975586,13.916748046875,0.11161049455404282,0.0,387.3999938964844,0.0,0.0,2579.300048828125,nan,nan,nan,65536.0
2026-09-09T01:01:00.000+08:00,5.549121856689453,14.968475341796875,13.923828125,0.1158432736992836,0.0,387.20001220703125,0.0,0.0,2579.300048828125,nan,nan,nan,65536.0
2026-09-09T01:02:00.000+08:00,5.463088035583496,14.942466735839844,13.958251953125,0.11264342814683914,0.0,387.3999938964844,0.0,0.0,2579.300048828125,nan,nan,nan,65536.0
2026-09-09T01:03:00.000+08:00,5.684341907501221,15.058685302734375,13.9306640625,0.11613115668296814,0.0,387.0,0.0,0.0,2579.300048828125,nan,nan,nan,65536.0
2026-09-09T01:04:00.000+08:00,5.720431327819824,15.025192260742188,13.951416015625,0.11356620490550995,0.0,387.6000061035156,0.0,0.0,2579.300048828125,nan,nan,nan,65536.0
2026-09-09T01:05:00.000+08:00,5.091357707977295,15.04104995727539,13.97265625,0.11395134776830673,0.0,387.6000061035156,0.0,0.0,2579.300048828125,nan,nan,nan,65536.0
2026-09-09T01:06:00.000+08:00,5.61600923538208,15.048538208007812,13.9931640625,0.11879152059555054,0.0,387.3999938964844,0.0,0.0,2579.300048828125,nan,nan,nan,65536.0
2026-09-09T01:07:00.000+08:00,5.904690265655518,15.083732604980469,14.0283203125,0.12511588633060455,0.0,387.5,0.0,0.0,2579.300048828125,nan,nan,nan,65536.0
2026-09-09T01:08:00.000+08:00,5.726593971252441,15.10135269165039,14.0419921875,0.11378607153892517,0.0,387.20001220703125,0.0,0.0,2579.300048828125,nan,nan,nan,65536.0
2026-09-09T01:09:00.000+08:00,5.338194370269775,15.115406036376953,14.048583984375,0.11082500964403152,0.0,387.20001220703125,0.0,0.0,2579.300048828125,nan,nan,nan,65536.0
2026-09-09T01:10:00.000+08:00,5.248688697814941,15.070037841796875,14.1181640625,0.10898944735527039,0.0,387.1000061035156,0.0,0.0,2579.300048828125,nan,nan,nan,65536.0
2026-09-09T01:11:00.000+08:00,5.9731574058532715,15.152355194091797,14.069580078125,0.1125023365020752,0.0,387.0,0.0,0.0,2579.300048828125,nan,nan,nan,65536.0
2026-09-09T01:12:00.000+08:00,6.720235347747803,15.169975280761719,14.097412109375,0.14617793262004852,0.0,387.20001220703125,0.0,0.0,2579.300048828125,nan,nan,nan,65536.0
2026-09-09T01:13:00.000+08:00,6.899656772613525,15.137374877929688,14.1669921875,0.14287921786308289,0.0,387.1000061035156,0.0,0.0,2579.300048828125,nan,nan,nan,65536.0
2026-09-09T01:14:00.000+08:00,6.54272985458374,15.224952697753906,14.125,0.1437678039073944,0.0,387.3999938964844,0.0,0.0,2579.300048828125,nan,nan,nan,65536.0
2026-09-09T01:15:00.000+08:00,6.050007343292236,15.23904800415039,14.1806640625,0.11685570329427719,0.0,386.8999938964844,0.0,0.0,2579.300048828125,nan,nan,nan,65536.0
2026-09-09T01:16:00.000+08:00,6.175716876983643,15.195487976074219,14.2294921875,0.12923581898212433,0.0,387.20001220703125,0.0,0.0,2579.300048828125,nan,nan,nan,65536.0
2026-09-09T01:17:00.000+08:00,6.255981922149658,15.192390441894531,14.2294921875,0.1297350376844406,0.0,387.1000061035156,0.0,0.0,2579.300048828125,nan,nan,nan,65536.0
2026-09-09T01:18:00.000+08:00,7.460653781890869,15.302436828613281,14.201416015625,0.14433155953884125,0.0,387.8999938964844,0.0,0.0,2579.300048828125,nan,nan,nan,65536.0
2026-09-09T01:19:00.000+08:00,7.425243377685547,15.30682373046875,14.222412109375,0.14185991883277893,0.0,387.3999938964844,0.0,0.0,2579.300048828125,nan,nan,nan,65536.0
2026-09-09T01:20:00.000+08:00,6.477260589599609,15.266777038574219,14.3056640625,0.14277924597263336,0.0,387.0,0.0,0.0,2579.300048828125,nan,nan,nan,65536.0
2026-09-09T01:21:00.000+08:00,5.728654861450195,15.350410461425781,14.2919921875,0.12147645652294159,0.0,387.29998779296875,0.0,0.0,2579.300048828125,nan,nan,nan,65536.0
2026-09-09T01:22:00.000+08:00,5.744887828826904,15.36008071899414,14.28515625,0.10955308377742767,0.0,387.1000061035156,0.0,0.0,2579.300048828125,nan,nan,nan,65536.0
2026-09-09T01:23:00.000+08:00,6.614074230194092,15.34951400756836,14.347412109375,0.13655133545398712,0.0,387.5,0.0,0.0,2579.300048828125,nan,nan,nan,65536.0
2026-09-09T01:24:00.000+08:00,7.010260105133057,15.345985412597656,14.34765625,0.14908169209957123,0.0,387.3999938964844,0.0,0.0,2579.300048828125,nan,nan,nan,65536.0
2026-09-09T01:25:00.000+08:00,6.256868362426758,15.416423797607422,14.3408203125,0.12589381635189056,0.0,387.3999938964844,0.0,0.0,2579.300048828125,nan,nan,nan,65536.0
2026-09-09T01:26:00.000+08:00,6.559362888336182,15.386039733886719,14.382080078125,0.12996014952659607,0.0,387.5,0.0,0.0,2579.300048828125,nan,nan,nan,65536.0
2026-09-09T01:27:00.000+08:00,6.320099830627441,15.396160125732422,14.416748046875,0.13487912714481354,0.0,387.20001220703125,0.0,0.0,2579.300048828125,nan,nan,nan,65536.0
2026-09-09T01:28:00.000+08:00,6.259149074554443,15.421253204345703,14.423583984375,0.12034478038549423,0.0,387.6000061035156,0.0,0.0,2579.300048828125,nan,nan,nan,65536.0
2026-09-09T01:29:00.000+08:00,6.010328769683838,15.490341186523438,14.375,0.11681944876909256,0.0,387.20001220703125,0.0,0.0,2579.300048828125,nan,nan,nan,65536.0
2026-09-09T01:30:00.000+08:00,5.470059871673584,15.446353912353516,14.4375,0.10818204283714294,0.0,387.29998779296875,0.0,0.0,2579.300048828125,nan,nan,nan,65536.0
2026-09-09T01:31:00.000+08:00,5.976362705230713,15.475822448730469,14.45166015625,0.13141581416130066,0.0,387.0,0.0,0.0,2579.300048828125,nan,nan,nan,65536.0
2026-09-09T01:32:00.000+08:00,5.978614330291748,15.438419342041016,14.513916015625,0.11967333406209946,0.0,387.1000061035156,0.0,0.0,2579.300048828125,nan,nan,nan,65536.0
2026-09-09T01:33:00.000+08:00,5.862452030181885,15.50973892211914,14.53515625,0.1170424073934555,0.0,387.1000061035156,0.0,0.0,2579.300048828125,nan,nan,nan,65536.0
2026-09-09T01:34:00.000+08:00,5.617284297943115,15.530815124511719,14.52783203125,0.11803024262189865,0.0,387.20001220703125,0.0,0.0,2579.300048828125,nan,nan,nan,65536.0
2026-09-09T01:35:00.000+08:00,5.336325645446777,15.554580688476562,14.5,0.10237545520067215,0.0,387.20001220703125,0.0,0.0,2579.300048828125,nan,nan,nan,65536.0
2026-09-09T01:36:00.000+08:00,5.8255615234375,15.571769714355469,14.611328125,0.11593110859394073,0.0,386.8999938964844,0.0,0.0,2579.300048828125,nan,nan,nan,65536.0
2026-09-09T01:37:00.000+08:00,5.673003673553467,15.578338623046875,14.576416015625,0.10119282454252243,0.0,387.1000061035156,0.0,0.0,2579.300048828125,nan,nan,nan,65536.0
2026-09-09T01:38:00.000+08:00,5.83879280090332,15.588069915771484,14.6044921875,0.11369442939758301,0.0,387.20001220703125,0.0,0.0,2579.300048828125,nan,nan,nan,65536.0
2026-09-09T01:39:00.000+08:00,6.297210693359375,15.60345458984375,14.569580078125,0.12305601686239243,0.0,387.20001220703125,0.0,0.0,2579.300048828125,nan,nan,nan,65536.0
2026-09-09T01:40:00.000+08:00,6.220448017120361,15.627670288085938,14.65283203125,0.12226030975580215,0.0,387.20001220703125,0.0,0.0,2579.300048828125,nan,nan,nan,65536.0
2026-09-09T01:41:00.000+08:00,5.816896438598633,15.664569854736328,14.673828125,0.1193239837884903,0.0,387.5,0.0,0.0,2579.300048828125,nan,nan,nan,65536.0
2026-09-09T01:42:00.000+08:00,6.04331636428833,15.67612075805664,14.659912109375,0.11788646131753922,0.0,387.6000061035156,0.0,0.0,2579.300048828125,nan,nan,nan,65536.0
2026-09-09T01:43:00.000+08:00,6.242037296295166,15.685840606689453,14.6669921875,0.12615808844566345,0.0,387.70001220703125,0.0,0.0,2579.300048828125,nan,nan,nan,65536.0
2026-09-09T01:44:00.000+08:00,5.70950984954834,15.716510772705078,14.6875,0.11659132689237595,0.0,387.5,0.0,0.0,2579.300048828125,nan,nan,nan,65536.0
2026-09-09T01:45:00.000+08:00,6.968394756317139,15.701568603515625,14.7158203125,0.1386122703552246,0.0,386.8999938964844,0.0,0.0,2579.300048828125,nan,nan,nan,65536.0
2026-09-09T01:46:00.000+08:00,6.620389461517334,15.739822387695312,14.72265625,0.12656930088996887,0.0,387.6000061035156,0.0,0.0,2579.300048828125,nan,nan,nan,65536.0
2026-09-09T01:47:00.000+08:00,7.0606584548950195,15.695438385009766,14.798828125,0.13568808138370514,0.0,387.70001220703125,0.0,0.0,2579.300048828125,nan,nan,nan,65536.0
2026-09-09T01:48:00.000+08:00,6.920960903167725,15.785209655761719,14.763916015625,0.13666662573814392,0.0,387.8999938964844,0.0,0.0,2579.300048828125,nan,nan,nan,65536.0
2026-09-09T01:49:00.000+08:00,6.994400978088379,15.785659790039062,14.763916015625,0.1242387667298317,0.0,387.70001220703125,0.0,0.0,2579.300048828125,nan,nan,nan,65536.0
2026-09-09T01:50:00.000+08:00,6.4352545738220215,15.805912017822266,14.7783203125,0.12867212295532227,0.0,387.70001220703125,0.0,0.0,2579.300048828125,nan,nan,nan,65536.0
2026-09-09T01:51:00.000+08:00,6.181146621704102,15.767196655273438,14.8125,0.12030141800642014,0.0,387.6000061035156,0.0,0.0,2579.300048828125,nan,nan,nan,65536.0
2026-09-09T01:52:00.000+08:00,6.032620429992676,15.775569915771484,14.8125,0.10725914686918259,0.0,387.6000061035156,0.0,0.0,2579.300048828125,nan,nan,nan,65536.0
2026-09-09T01:53:00.000+08:00,6.616489887237549,15.861381530761719,14.8544921875,0.11887020617723465,0.0,387.5,0.0,0.0,2579.300048828125,nan,nan,nan,65536.0
2026-09-09T01:54:00.000+08:00,6.332818508148193,15.837566375732422,14.909912109375,0.11429198086261749,0.0,387.0,0.0,0.0,2579.300048828125,nan,nan,nan,65536.0
2026-09-09T01:55:00.000+08:00,7.170731067657471,15.841995239257812,14.882080078125,0.14412036538124084,0.0,387.1000061035156,0.0,0.0,2579.300048828125,nan,nan,nan,65536.0
2026-09-09T01:56:00.000+08:00,6.684598445892334,15.926410675048828,14.89599609375,0.1212114542722702,0.0,387.70001220703125,0.0,0.0,2579.300048828125,nan,nan,nan,65536.0
2026-09-09T01:57:00.000+08:00,6.15717077255249,15.878559112548828,14.95849609375,0.11181727051734924,0.0,388.3999938964844,0.0,0.0,2579.300048828125,nan,nan,nan,65536.0
2026-09-09T01:58:00.000+08:00,6.5167412757873535,15.892559051513672,14.944580078125,0.1333772987127304,0.0,387.79998779296875,0.0,0.0,2579.300048828125,nan,nan,nan,65536.0
2026-09-09T01:59:00.000+08:00,6.099686145782471,15.899280548095703,14.97265625,0.10798250138759613,0.0,387.5,0.0,0.0,2579.300048828125,nan,nan,nan,65536.0
2026-09-09T02:00:00.000+08:00,5.833699703216553,15.99374008178711,14.958251953125,0.10848599672317505,0.0,387.70001220703125,0.0,0.0,2579.300048828125,nan,nan,nan,65536.0
2026-09-09T02:01:00.000+08:00,5.996045112609863,15.995136260986328,14.972412109375,0.10769077390432358,0.0,387.70001220703125,0.0,0.0,2579.300048828125,nan,nan,nan,65536.0
2026-09-09T02:02:00.000+08:00,6.254372596740723,15.96337890625,15.041748046875,0.11585710942745209,0.0,388.0,0.0,0.0,2579.300048828125,nan,nan,nan,65536.0
2026-09-09T02:03:00.000+08:00,5.83601188659668,15.974811553955078,15.03515625,0.11642619222402573,0.0,388.1000061035156,0.0,0.0,2579.300048828125,nan,nan,nan,65536.0
2026-09-09T02:04:00.000+08:00,6.035376071929932,16.006912231445312,15.0625,0.1103646382689476,0.0,388.0,0.0,0.0,2579.300048828125,nan,nan,nan,65536.0
2026-09-09T02:05:00.000+08:00,5.305446147918701,16.02973175048828,15.111328125,0.10189548134803772,0.0,387.79998779296875,0.0,0.0,2579.300048828125,nan,nan,nan,65536.0
2026-09-09T02:06:00.000+08:00,5.603868007659912,16.07634735107422,15.097412109375,0.1060032844543457,0.0,387.6000061035156,0.0,0.0,2579.300048828125,nan,nan,nan,65536.0
2026-09-09T02:07:00.000+08:00,6.085573196411133,16.0316162109375,15.083251953125,0.11859238892793655,0.0,387.5,0.0,0.0,2579.300048828125,nan,nan,nan,65536.0
2026-09-09T02:08:00.000+08:00,6.70927619934082,16.1029052734375,15.08349609375,0.13389724493026733,0.0,387.5,0.0,0.0,2579.300048828125,nan,nan,nan,65536.0
2026-09-09T02:09:00.000+08:00,6.402786731719971,16.01190185546875,15.159912109375,0.12401323020458221,0.0,387.3999938964844,0.0,0.0,2579.300048828125,nan,nan,nan,65536.0
2026-09-09T02:10:00.000+08:00,6.309743881225586,16.040328979492188,15.159912109375,0.1284969300031662,0.0,387.5,0.0,0.0,2579.300048828125,nan,nan,nan,65536.0
2026-09-09T02:11:00.000+08:00,6.891573905944824,16.09162139892578,15.159912109375,0.11649878323078156,0.0,387.70001220703125,0.0,0.0,2579.300048828125,nan,nan,nan,65536.0
2026-09-09T02:12:00.000+08:00,6.559667587280273,16.16706085205078,15.208251953125,0.12453657388687134,0.0,387.29998779296875,0.0,0.0,2579.300048828125,nan,nan,nan,65536.0
2026-09-09T02:13:00.000+08:00,5.629077911376953,16.184791564941406,15.236328125,0.10628459602594376,0.0,387.29998779296875,0.0,0.0,2579.300048828125,nan,nan,nan,65536.0
2026-09-09T02:14:00.000+08:00,5.58528470993042,16.192710876464844,15.2431640625,0.08696535974740982,0.0,387.5,0.0,0.0,2579.300048828125,nan,nan,nan,65536.0
2026-09-09T02:15:00.000+08:00,5.2887749671936035,16.24536895751953,15.222412109375,0.10192155092954636,0.0,387.70001220703125,0.0,0.0,2579.300048828125,nan,nan,nan,65536.0
2026-09-09T02:16:00.000+08:00,6.4743876457214355,16.160911560058594,15.2919921875,0.12251176685094833,0.0,387.3999938964844,0.0,0.0,2579.300048828125,nan,nan,nan,65536.0
2026-09-09T02:17:00.000+08:00,6.383556365966797,16.19354248046875,15.291748046875,0.12516851723194122,0.0,387.8999938964844,0.0,0.0,2579.300048828125,nan,nan,nan,65536.0
2026-09-09T02:18:00.000+08:00,6.227826118469238,16.209388732910156,15.298828125,0.10347402095794678,0.0,387.79998779296875,0.0,0.0,2579.300048828125,nan,nan,nan,65536.0
2026-09-09T02:19:00.000+08:00,6.4860405921936035,16.155677795410156,15.32666015625,0.10928702354431152,0.0,387.79998779296875,0.0,0.0,2579.300048828125,nan,nan,nan,65536.0
2026-09-09T02:20:00.000+08:00,6.628221035003662,16.371131896972656,15.27783203125,0.11964435130357742,0.0,387.70001220703125,0.0,0.0,2579.300048828125,nan,nan,nan,65536.0
2026-09-09T02:21:00.000+08:00,6.076332092285156,16.2816162109375,15.3681640625,0.11608884483575821,0.0,387.20001220703125,0.0,0.0,2579.300048828125,nan,nan,nan,65536.0
2026-09-09T02:22:00.000+08:00,6.081666469573975,16.343101501464844,15.361328125,0.10655736923217773,0.0,387.29998779296875,0.0,0.0,2579.300048828125,nan,nan,nan,65536.0
2026-09-09T02:23:00.000+08:00,6.619901657104492,16.327255249023438,15.3125,0.12285220623016357,0.0,387.20001220703125,0.0,0.0,2579.300048828125,nan,nan,nan,65536.0
2026-09-09T02:24:00.000+08:00,6.867016315460205,16.272598266601562,15.4306640625,0.13471053540706635,0.0,387.29998779296875,0.0,0.0,2579.300048828125,nan,nan,nan,65536.0
2026-09-09T02:25:00.000+08:00,6.767589092254639,16.28845977783203,15.423828125,0.13232877850532532,0.0,387.29998779296875,0.0,0.0,2579.300048828125,nan,nan,nan,65536.0
2026-09-09T02:26:00.000+08:00,7.052742004394531,16.3746337890625,15.423828125,0.11781612783670425,0.0,387.5,0.0,0.0,2579.300048828125,nan,nan,nan,65536.0
2026-09-09T02:27:00.000+08:00,6.318917274475098,16.368629455566406,15.409912109375,0.10852092504501343,0.0,387.79998779296875,0.0,0.0,2579.300048828125,nan,nan,nan,65536.0
2026-09-09T02:28:00.000+08:00,5.915802478790283,16.267127990722656,15.479248046875,0.10810822993516922,0.0,387.79998779296875,0.0,0.0,2579.300048828125,nan,nan,nan,65536.0
2026-09-09T02:29:00.000+08:00,5.728386878967285,16.454856872558594,15.479248046875,0.08945713192224503,0.0,387.79998779296875,0.0,0.0,2579.300048828125,nan,nan,nan,65536.0
2026-09-09T02:30:00.000+08:00,5.395616054534912,16.479576110839844,15.4931640625,0.08700477331876755,0.0,387.5,0.0,0.0,2579.300048828125,nan,nan,nan,65536.0
2026-09-09T02:31:00.000+08:00,5.95896577835083,16.402114868164062,15.53515625,0.11946090310811996,0.0,387.6000061035156,0.0,0.0,2579.300048828125,nan,nan,nan,65536.0
2026-09-09T02:32:00.000+08:00,6.573356628417969,16.403091430664062,15.5556640625,0.12824033200740814,0.0,387.70001220703125,0.0,0.0,2579.300048828125,nan,nan,nan,65536.0
2026-09-09T02:33:00.000+08:00,6.5835676193237305,16.45349884033203,15.534912109375,0.11600698530673981,0.0,387.8999938964844,0.0,0.0,2579.300048828125,nan,nan,nan,65536.0
2026-09-09T02:34:00.000+08:00,6.354630947113037,16.451576232910156,15.507080078125,0.11186907440423965,0.0,388.0,0.0,0.0,2579.300048828125,nan,nan,nan,65536.0
2026-09-09T02:35:00.000+08:00,7.2156524658203125,16.421669006347656,15.57666015625,0.12556421756744385,0.0,388.0,0.0,0.0,2579.300048828125,nan,nan,nan,65536.0
2026-09-09T02:36:00.000+08:00,6.920974254608154,16.42072296142578,15.6044921875,0.12969882786273956,0.0,387.70001220703125,0.0,0.0,2579.300048828125,nan,nan,nan,65536.0
2026-09-09T02:37:00.000+08:00,6.069944381713867,16.59228515625,15.6044921875,0.10083155333995819,0.0,388.0,0.0,0.0,2579.300048828125,nan,nan,nan,65536.0
2026-09-09T02:38:00.000+08:00,6.685652256011963,16.585342407226562,15.6181640625,0.10827428847551346,0.0,387.5,0.0,0.0,2579.300048828125,nan,nan,nan,65536.0
2026-09-09T02:39:00.000+08:00,6.220314025878906,16.53864288330078,15.673828125,0.12191210687160492,0.0,387.70001220703125,0.0,0.0,2579.300048828125,nan,nan,nan,65536.0
2026-09-09T02:40:00.000+08:00,5.637150764465332,16.534759521484375,15.666748046875,0.1124163269996643,0.0,387.8999938964844,0.0,0.0,2579.300048828125,nan,nan,nan,65536.0
2026-09-09T02:41:00.000+08:00,5.688468933105469,16.569358825683594,15.6533203125,0.09748523682355881,0.0,387.70001220703125,0.0,0.0,2579.300048828125,nan,nan,nan,65536.0
2026-09-09T02:42:00.000+08:00,6.077600955963135,16.501747131347656,15.66015625,0.1055118516087532,0.0,387.79998779296875,0.0,0.0,2579.300048828125,nan,nan,nan,65536.0
2026-09-09T02:43:00.000+08:00,6.696558475494385,16.51665496826172,15.7431640625,0.12295901775360107,0.0,388.0,0.0,0.0,2579.300048828125,nan,nan,nan,65536.0
2026-09-09T02:44:00.000+08:00,7.107754230499268,16.60186004638672,15.7431640625,0.1341157853603363,0.0,387.5,0.0,0.0,2579.300048828125,nan,nan,nan,65536.0
2026-09-09T02:45:00.000+08:00,6.931621551513672,16.56420135498047,15.722412109375,0.11110985279083252,0.0,387.70001220703125,0.0,0.0,2579.300048828125,nan,nan,nan,65536.0
2026-09-09T02:46:00.000+08:00,6.475563049316406,16.61272430419922,15.72265625,0.10780969262123108,0.0,388.0,0.0,0.0,2579.300048828125,nan,nan,nan,65536.0
2026-09-09T02:47:00.000+08:00,6.212469577789307,16.63245391845703,15.77099609375,0.10091672092676163,0.0,387.70001220703125,0.0,0.0,2579.300048828125,nan,nan,nan,65536.0
2026-09-09T02:48:00.000+08:00,6.13938570022583,16.659286499023438,15.75,0.11027775704860687,0.0,387.6000061035156,0.0,0.0,2579.300048828125,nan,nan,nan,65536.0
2026-09-09T02:49:00.000+08:00,5.9252543449401855,16.734603881835938,15.78515625,0.10100135952234268,0.0,387.79998779296875,0.0,0.0,2579.300048828125,nan,nan,nan,65536.0
2026-09-09T02:50:00.000+08:00,6.014349460601807,16.630355834960938,15.84765625,0.10716144740581512,0.0,387.0,0.0,0.0,2579.300048828125,nan,nan,nan,65536.0
2026-09-09T02:51:00.000+08:00,6.373079299926758,16.638282775878906,15.847412109375,0.11546429991722107,0.0,387.29998779296875,0.0,0.0,2579.300048828125,nan,nan,nan,65536.0
2026-09-09T02:52:00.000+08:00,7.209737777709961,16.67193603515625,15.861083984375,0.1141272559762001,0.0,387.3999938964844,0.0,0.0,2579.300048828125,nan,nan,nan,65536.0
2026-09-09T02:53:00.000+08:00,7.005375862121582,16.677902221679688,15.8681640625,0.10812876373529434,0.0,387.79998779296875,0.0,0.0,2579.300048828125,nan,nan,nan,65536.0
2026-09-09T02:54:00.000+08:00,6.003730773925781,16.703636169433594,15.84765625,0.10047414898872375,0.0,387.6000061035156,0.0,0.0,2579.300048828125,nan,nan,nan,65536.0
2026-09-09T02:55:00.000+08:00,5.740573406219482,16.87421417236328,15.875,0.09456504881381989,0.0,387.70001220703125,0.0,0.0,2579.300048828125,nan,nan,nan,65536.0
2026-09-09T02:56:00.000+08:00,5.948570728302002,16.791778564453125,15.882080078125,0.10102871060371399,0.0,387.8999938964844,0.0,0.0,2579.300048828125,nan,nan,nan,65536.0
2026-09-09T02:57:00.000+08:00,6.212025165557861,16.835403442382812,15.9306640625,0.10963788628578186,0.0,387.8999938964844,0.0,0.0,2579.300048828125,nan,nan,nan,65536.0
2026-09-09T02:58:00.000+08:00,6.786983966827393,16.873062133789062,15.91015625,0.12265294045209885,0.0,387.3999938964844,0.0,0.0,2579.300048828125,nan,nan,nan,65536.0
2026-09-09T02:59:00.000+08:00,6.663424015045166,16.758926391601562,15.95849609375,0.1037595272064209,0.0,387.5,0.0,0.0,2579.300048828125,nan,nan,nan,65536.0
2026-09-09T03:00:00.000+08:00,6.005661487579346,16.789642333984375,15.9375,0.09438901394605637,0.0,387.3999938964844,0.0,0.0,2579.300048828125,nan,nan,nan,65536.0
2026-09-09T03:01:00.000+08:00,6.499573230743408,16.829261779785156,15.972412109375,0.10356747359037399,0.0,387.6000061035156,0.0,0.0,2579.300048828125,nan,nan,nan,65536.0
2026-09-09T03:02:00.000+08:00,6.46907377243042,16.85205078125,15.9794921875,0.09852804243564606,0.0,388.0,0.0,0.0,2579.300048828125,nan,nan,nan,65536.0
2026-09-09T03:03:00.000+08:00,6.464890956878662,16.867904663085938,15.9931640625,0.10712508857250214,0.0,387.79998779296875,0.0,0.0,2579.300048828125,nan,nan,nan,65536.0
2026-09-09T03:04:00.000+08:00,6.107423782348633,16.76032257080078,16.01416015625,0.10859514772891998,0.0,386.79998779296875,0.0,0.0,2579.300048828125,nan,nan,nan,65536.0
2026-09-09T03:05:00.000+08:00,5.98527717590332,16.908599853515625,16.08349609375,0.08843312412500381,0.0,387.6000061035156,0.0,0.0,2579.300048828125,nan,nan,nan,65536.0
2026-09-09T03:06:00.000+08:00,6.305408477783203,16.916038513183594,16.0,0.08760033547878265,0.0,387.6000061035156,0.0,0.0,2579.300048828125,nan,nan,nan,65536.0
2026-09-09T03:07:00.000+08:00,5.380014896392822,16.92593765258789,16.02783203125,0.08532758802175522,0.0,387.6000061035156,0.0,0.0,2579.300048828125,nan,nan,nan,65536.0
2026-09-09T03:08:00.000+08:00,5.698633670806885,16.971012115478516,16.09765625,0.09340575337409973,0.0,387.79998779296875,0.0,0.0,2579.300048828125,nan,nan,nan,65536.0
2026-09-09T03:09:00.000+08:00,5.845194339752197,16.964576721191406,16.0703125,0.09789841622114182,0.0,387.70001220703125,0.0,0.0,2579.300048828125,nan,nan,nan,65536.0
2026-09-09T03:10:00.000+08:00,6.534183979034424,16.986351013183594,16.0703125,0.11702900379896164,0.0,388.1000061035156,0.0,0.0,2579.300048828125,nan,nan,nan,65536.0
2026-09-09T03:11:00.000+08:00,6.476337909698486,16.89504623413086,16.20849609375,0.11389350891113281,0.0,388.0,0.0,0.0,2579.300048828125,nan,nan,nan,65536.0
2026-09-09T03:12:00.000+08:00,6.233262538909912,16.8935546875,16.125,0.11221405118703842,0.0,387.6000061035156,0.0,0.0,2579.300048828125,nan,nan,nan,65536.0
2026-09-09T03:13:00.000+08:00,6.140364170074463,16.910404205322266,16.208984375,0.1165035143494606,0.0,388.0,0.0,0.0,2579.300048828125,nan,nan,nan,65536.0
2026-09-09T03:14:00.000+08:00,6.510625839233398,17.04677963256836,16.19482421875,0.08560442924499512,0.0,387.29998779296875,0.0,0.0,2579.300048828125,nan,nan,nan,65536.0
2026-09-09T03:15:00.000+08:00,6.673745155334473,17.08043670654297,16.236328125,0.10655497014522552,0.0,387.8999938964844,0.0,0.0,2579.300048828125,nan,nan,nan,65536.0
2026-09-09T03:16:00.000+08:00,6.053102493286133,17.09332275390625,16.208984375,0.08748950064182281,0.0,388.1000061035156,0.0,0.0,2579.300048828125,nan,nan,nan,65536.0
2026-09-09T03:17:00.000+08:00,6.534938335418701,17.10572052001953,16.1953125,0.1068795919418335,0.0,388.0,0.0,0.0,2579.300048828125,nan,nan,nan,65536.0
2026-09-09T03:18:00.000+08:00,6.57373571395874,17.11760711669922,16.22265625,0.11667560786008835,0.0,388.1000061035156,0.0,0.0,2579.300048828125,nan,nan,nan,65536.0
2026-09-09T03:19:00.000+08:00,7.360482215881348,17.007003784179688,16.3203125,0.13120371103286743,0.0,388.29998779296875,0.0,0.0,2579.300048828125,nan,nan,nan,65536.0
2026-09-09T03:20:00.000+08:00,7.057087421417236,17.033226013183594,16.361328125,0.12625707685947418,0.0,388.3999938964844,0.0,0.0,2579.300048828125,nan,nan,nan,65536.0
2026-09-09T03:21:00.000+08:00,6.651258945465088,17.035186767578125,16.333984375,0.09183581918478012,0.0,388.20001220703125,0.0,0.0,2579.300048828125,nan,nan,nan,65536.0
2026-09-09T03:22:00.000+08:00,6.111677646636963,17.048583984375,16.3203125,0.08147649466991425,0.0,388.0,0.0,0.0,2579.300048828125,nan,nan,nan,65536.0
2026-09-09T03:23:00.000+08:00,5.7930192947387695,17.062923431396484,16.31982421875,0.08059664070606232,0.0,388.20001220703125,0.0,0.0,2579.300048828125,nan,nan,nan,65536.0
2026-09-09T03:24:00.000+08:00,6.5859270095825195,17.209243774414062,16.361328125,0.09038743376731873,0.0,388.1000061035156,0.0,0.0,2579.300048828125,nan,nan,nan,65536.0
2026-09-09T03:25:00.000+08:00,6.77341365814209,17.229053497314453,16.34765625,0.09953758865594864,0.0,388.1000061035156,0.0,0.0,2579.300048828125,nan,nan,nan,65536.0
2026-09-09T03:26:00.000+08:00,6.927699089050293,17.24591827392578,16.306640625,0.11635545641183853,0.0,388.6000061035156,0.0,0.0,2579.300048828125,nan,nan,nan,65536.0
2026-09-09T03:27:00.000+08:00,7.327902793884277,17.140731811523438,16.486328125,0.12815040349960327,0.0,388.20001220703125,0.0,0.0,2579.300048828125,nan,nan,nan,65536.0
2026-09-09T03:28:00.000+08:00,6.7441020011901855,17.143165588378906,16.4453125,0.12305355817079544,0.0,388.20001220703125,0.0,0.0,2579.300048828125,nan,nan,nan,65536.0
2026-09-09T03:29:00.000+08:00,6.565506458282471,17.15801239013672,16.458984375,0.08524768054485321,0.0,388.0,0.0,0.0,2579.300048828125,nan,nan,nan,65536.0
2026-09-09T03:30:00.000+08:00,7.060762405395508,17.186744689941406,16.486328125,0.0911945253610611,0.0,388.1000061035156,0.0,0.0,2579.300048828125,nan,nan,nan,65536.0
2026-09-09T03:31:00.000+08:00,6.900318145751953,17.188274383544922,16.4169921875,0.09529868513345718,0.0,387.8999938964844,0.0,0.0,2579.300048828125,nan,nan,nan,65536.0
2026-09-09T03:32:00.000+08:00,7.471900939941406,17.20706558227539,16.40283203125,0.11924369633197784,0.0,388.0,0.0,0.0,2579.300048828125,nan,nan,nan,65536.0
2026-09-09T03:33:00.000+08:00,7.377293586730957,17.343952178955078,16.4453125,0.10549764335155487,0.0,388.0,0.0,0.0,2579.300048828125,nan,nan,nan,65536.0
2026-09-09T03:34:00.000+08:00,6.559482574462891,17.367233276367188,16.4169921875,0.10490190237760544,0.0,387.8999938964844,0.0,0.0,2579.300048828125,nan,nan,nan,65536.0
2026-09-09T03:35:00.000+08:00,6.127353191375732,17.373626708984375,16.44482421875,0.09453603625297546,0.0,388.20001220703125,0.0,0.0,2579.300048828125,nan,nan,nan,65536.0
2026-09-09T03:36:00.000+08:00,6.256063461303711,17.28185272216797,16.611328125,0.12298588454723358,0.0,387.6000061035156,0.0,0.0,2579.300048828125,nan,nan,nan,65536.0
2026-09-09T03:37:00.000+08:00,6.357584476470947,17.274436950683594,16.5419921875,0.11716128140687943,0.0,387.70001220703125,0.0,0.0,2579.300048828125,nan,nan,nan,65536.0
2026-09-09T03:38:00.000+08:00,6.057432651519775,17.28185272216797,16.513671875,0.09247841686010361,0.0,387.6000061035156,0.0,0.0,2579.300048828125,nan,nan,nan,65536.0
2026-09-09T03:39:00.000+08:00,7.39561128616333,17.30166244506836,16.5419921875,0.09972144663333893,0.0,387.70001220703125,0.0,0.0,2579.300048828125,nan,nan,nan,65536.0
2026-09-09T03:40:00.000+08:00,6.855902194976807,17.302173614501953,16.5419921875,0.1025908812880516,0.0,387.79998779296875,0.0,0.0,2579.300048828125,nan,nan,nan,65536.0
2026-09-09T03:41:00.000+08:00,6.903400421142578,17.346637725830078,16.5703125,0.10178375244140625,0.0,387.79998779296875,0.0,0.0,2579.300048828125,nan,nan,nan,65536.0
2026-09-09T03:42:00.000+08:00,5.977406024932861,17.344223022460938,16.5,0.0969557911157608,0.0,387.8999938964844,0.0,0.0,2579.300048828125,nan,nan,nan,65536.0
2026-09-09T03:43:00.000+08:00,6.57632303237915,17.34677505493164,16.56982421875,0.10059789568185806,0.0,388.0,0.0,0.0,2579.300048828125,nan,nan,nan,65536.0
2026-09-09T03:44:00.000+08:00,6.5531110763549805,17.364681243896484,16.5703125,0.0986318290233612,0.0,388.1000061035156,0.0,0.0,2579.300048828125,nan,nan,nan,65536.0
2026-09-09T03:45:00.000+08:00,6.341275215148926,17.38882827758789,16.681640625,0.09740457683801651,0.0,388.0,0.0,0.0,2579.300048828125,nan,nan,nan,65536.0
2026-09-09T03:46:00.000+08:00,6.040997505187988,17.403656005859375,16.65283203125,0.09877507388591766,0.0,387.6000061035156,0.0,0.0,2579.300048828125,nan,nan,nan,65536.0
2026-09-09T03:47:00.000+08:00,5.768153190612793,17.41897201538086,16.625,0.0800284668803215,0.0,387.70001220703125,0.0,0.0,2579.300048828125,nan,nan,nan,65536.0
2026-09-09T03:48:00.000+08:00,6.370656967163086,17.434314727783203,16.6533203125,0.08444538712501526,0.0,388.1000061035156,0.0,0.0,2579.300048828125,nan,nan,nan,65536.0
2026-09-09T03:49:00.000+08:00,6.366499900817871,17.449310302734375,16.6953125,0.09053990244865417,0.0,388.1000061035156,0.0,0.0,2579.300048828125,nan,nan,nan,65536.0
2026-09-09T03:50:00.000+08:00,5.981870651245117,17.47601318359375,16.69482421875,0.08711688965559006,0.0,388.20001220703125,0.0,0.0,2579.300048828125,nan,nan,nan,65536.0
2026-09-09T03:51:00.000+08:00,6.317873477935791,17.465160369873047,16.625,0.09473976492881775,0.0,388.3999938964844,0.0,0.0,2579.300048828125,nan,nan,nan,65536.0
2026-09-09T03:52:00.000+08:00,6.2079081535339355,17.497909545898438,16.736328125,0.09404930472373962,0.0,387.3999938964844,0.0,0.0,2579.300048828125,nan,nan,nan,65536.0
2026-09-09T03:53:00.000+08:00,6.007462501525879,17.494792938232422,16.6669921875,0.091226726770401,0.0,388.1000061035156,0.0,0.0,2579.300048828125,nan,nan,nan,65536.0
2026-09-09T03:54:00.000+08:00,6.309277057647705,17.511173248291016,16.8203125,0.10046690702438354,0.0,388.0,0.0,0.0,2579.300048828125,nan,nan,nan,65536.0
2026-09-09T03:55:00.000+08:00,6.1562933921813965,17.523574829101562,16.81982421875,0.09848376363515854,0.0,387.6000061035156,0.0,0.0,2579.300048828125,nan,nan,nan,65536.0
2026-09-09T03:56:00.000+08:00,7.164022922515869,17.535465240478516,16.806640625,0.08930083364248276,0.0,388.1000061035156,0.0,0.0,2579.300048828125,nan,nan,nan,65536.0
2026-09-09T03:57:00.000+08:00,6.821666240692139,17.547359466552734,16.84765625,0.10208115726709366,0.0,387.79998779296875,0.0,0.0,2579.300048828125,nan,nan,nan,65536.0
2026-09-09T03:58:00.000+08:00,6.304381847381592,17.561660766601562,16.7919921875,0.08566976338624954,0.0,388.3999938964844,0.0,0.0,2579.300048828125,nan,nan,nan,65536.0
2026-09-09T03:59:00.000+08:00,6.863673686981201,17.579063415527344,16.75,0.10790528357028961,0.0,388.20001220703125,0.0,0.0,2579.300048828125,nan,nan,nan,65536.0
2026-09-09T04:00:00.000+08:00,7.053910255432129,17.584400177001953,16.861328125,0.10430719703435898,0.0,387.8999938964844,0.0,0.0,2579.300048828125,nan,nan,nan,65536.0
2026-09-09T04:01:00.000+08:00,6.685792446136475,17.611614227294922,16.84765625,0.09566866606473923,0.0,388.0,0.0,0.0,2579.300048828125,nan,nan,nan,65536.0
2026-09-09T04:02:00.000+08:00,6.687971115112305,17.505611419677734,16.94482421875,0.10076843202114105,0.0,387.5,0.0,0.0,2579.300048828125,nan,nan,nan,65536.0
2026-09-09T04:03:00.000+08:00,6.416489124298096,17.520931243896484,16.931640625,0.10087402909994125,0.0,387.70001220703125,0.0,0.0,2579.300048828125,nan,nan,nan,65536.0
2026-09-09T04:04:00.000+08:00,6.643901824951172,17.52197265625,16.94482421875,0.10208069533109665,0.0,387.5,0.0,0.0,2579.300048828125,nan,nan,nan,65536.0
2026-09-09T04:05:00.000+08:00,5.7411088943481445,17.643539428710938,16.95849609375,0.06789257377386093,0.0,387.70001220703125,0.0,0.0,2579.300048828125,nan,nan,nan,65536.0
2026-09-09T04:06:00.000+08:00,6.133867263793945,17.659908294677734,16.90283203125,0.0735660120844841,0.0,387.70001220703125,0.0,0.0,2579.300048828125,nan,nan,nan,65536.0
2026-09-09T04:07:00.000+08:00,7.081427574157715,17.679210662841797,16.95849609375,0.1038227528333664,0.0,387.5,0.0,0.0,2579.300048828125,nan,nan,nan,65536.0
2026-09-09T04:08:00.000+08:00,6.760584831237793,17.704856872558594,16.875,0.09320920705795288,0.0,387.5,0.0,0.0,2579.300048828125,nan,nan,nan,65536.0
2026-09-09T04:09:00.000+08:00,6.474153518676758,17.70801544189453,16.95849609375,0.09434112906455994,0.0,387.8999938964844,0.0,0.0,2579.300048828125,nan,nan,nan,65536.0
2026-09-09T04:10:00.000+08:00,6.1293559074401855,17.7286376953125,16.986328125,0.10092218220233917,0.0,388.0,0.0,0.0,2579.300048828125,nan,nan,nan,65536.0
2026-09-09T04:11:00.000+08:00,6.602428436279297,17.62847900390625,16.94482421875,0.10013022273778915,0.0,387.5,0.0,0.0,2579.300048828125,nan,nan,nan,65536.0
2026-09-09T04:12:00.000+08:00,6.586793422698975,17.632442474365234,17.06982421875,0.11118308454751968,0.0,388.0,0.0,0.0,2579.300048828125,nan,nan,nan,65536.0
2026-09-09T04:13:00.000+08:00,6.312169075012207,17.6295166015625,17.0,0.06611204892396927,0.0,387.5,0.0,0.0,2579.300048828125,nan,nan,nan,65536.0
2026-09-09T04:14:00.000+08:00,6.634458065032959,17.790489196777344,17.083984375,0.09089180082082748,0.0,388.0,0.0,0.0,2579.300048828125,nan,nan,nan,65536.0
2026-09-09T04:15:00.000+08:00,6.817713737487793,17.795490264892578,17.01416015625,0.08515585958957672,0.0,387.70001220703125,0.0,0.0,2579.300048828125,nan,nan,nan,65536.0
2026-09-09T04:16:00.000+08:00,6.453836917877197,17.782791137695312,17.02783203125,0.09046939760446548,0.0,387.8999938964844,0.0,0.0,2579.300048828125,nan,nan,nan,65536.0
2026-09-09T04:17:00.000+08:00,6.703019142150879,17.805004119873047,17.083984375,0.08819817751646042,0.0,387.79998779296875,0.0,0.0,2579.300048828125,nan,nan,nan,65536.0
2026-09-09T04:18:00.000+08:00,6.541136741638184,17.82825469970703,17.09765625,0.09997349977493286,0.0,388.5,0.0,0.0,2579.300048828125,nan,nan,nan,65536.0
2026-09-09T04:19:00.000+08:00,6.550358295440674,17.850719451904297,17.06982421875,0.09820517152547836,0.0,388.3999938964844,0.0,0.0,2579.300048828125,nan,nan,nan,65536.0
2026-09-09T04:20:00.000+08:00,6.4144415855407715,17.84463882446289,17.0703125,0.09616164118051529,0.0,388.0,0.0,0.0,2579.300048828125,nan,nan,nan,65536.0
2026-09-09T04:21:00.000+08:00,6.921450138092041,17.859962463378906,17.0283203125,0.10648393630981445,0.0,387.8999938964844,0.0,0.0,2579.300048828125,nan,nan,nan,65536.0
2026-09-09T04:22:00.000+08:00,6.767266750335693,17.774066925048828,17.1669921875,0.10396948456764221,0.0,387.6000061035156,0.0,0.0,2579.300048828125,nan,nan,nan,65536.0
2026-09-09T04:23:00.000+08:00,6.378006935119629,17.779090881347656,17.20849609375,0.09797264635562897,0.0,387.6000061035156,0.0,0.0,2579.300048828125,nan,nan,nan,65536.0
2026-09-09T04:24:00.000+08:00,6.454774856567383,17.79388427734375,17.208984375,0.07673326134681702,0.0,387.70001220703125,0.0,0.0,2579.300048828125,nan,nan,nan,65536.0
2026-09-09T04:25:00.000+08:00,6.63415002822876,17.92681121826172,17.125,0.07383482903242111,0.0,387.8999938964844,0.0,0.0,2579.300048828125,nan,nan,nan,65536.0
2026-09-09T04:26:00.000+08:00,6.451157093048096,17.922069549560547,17.13916015625,0.07317905873060226,0.0,387.8999938964844,0.0,0.0,2579.300048828125,nan,nan,nan,65536.0
2026-09-09T04:27:00.000+08:00,6.391499042510986,17.959049224853516,17.20849609375,0.09433254599571228,0.0,388.0,0.0,0.0,2579.300048828125,nan,nan,nan,65536.0
2026-09-09T04:28:00.000+08:00,6.645552635192871,17.947158813476562,17.125,0.0907314345240593,0.0,387.79998779296875,0.0,0.0,2579.300048828125,nan,nan,nan,65536.0
2026-09-09T04:29:00.000+08:00,6.530593395233154,17.986797332763672,17.1953125,0.10512498021125793,0.0,388.0,0.0,0.0,2579.300048828125,nan,nan,nan,65536.0
2026-09-09T04:30:00.000+08:00,6.7297444343566895,17.98626708984375,17.208984375,0.11038044840097427,0.0,387.79998779296875,0.0,0.0,2579.300048828125,nan,nan,nan,65536.0
2026-09-09T04:31:00.000+08:00,6.414370536804199,17.99472427368164,17.181640625,0.10456250607967377,0.0,388.1000061035156,0.0,0.0,2579.300048828125,nan,nan,nan,65536.0
2026-09-09T04:32:00.000+08:00,6.7337188720703125,17.88665771484375,17.3203125,0.10271914303302765,0.0,388.20001220703125,0.0,0.0,2579.300048828125,nan,nan,nan,65536.0
2026-09-09T04:33:00.000+08:00,6.924785614013672,17.910438537597656,17.25,0.11171465367078781,0.0,387.8999938964844,0.0,0.0,2579.300048828125,nan,nan,nan,65536.0
2026-09-09T04:34:00.000+08:00,7.3888773918151855,17.909358978271484,17.25,0.07909717410802841,0.0,388.0,0.0,0.0,2579.300048828125,nan,nan,nan,65536.0
2026-09-09T04:35:00.000+08:00,6.922237396240234,17.922332763671875,17.361328125,0.08278077840805054,0.0,388.0,0.0,0.0,2579.300048828125,nan,nan,nan,65536.0
2026-09-09T04:36:00.000+08:00,6.442944049835205,17.92703628540039,17.26416015625,0.08079962432384491,0.0,387.8999938964844,0.0,0.0,2579.300048828125,nan,nan,nan,65536.0
2026-09-09T04:37:00.000+08:00,6.794257164001465,18.077957153320312,17.3203125,0.08627396821975708,0.0,388.5,0.0,0.0,2579.300048828125,nan,nan,nan,65536.0
2026-09-09T04:38:00.000+08:00,6.4826979637146,18.106250762939453,17.25,0.10074074566364288,0.0,387.70001220703125,0.0,0.0,2579.300048828125,nan,nan,nan,65536.0
2026-09-09T04:39:00.000+08:00,6.2452569007873535,18.11437225341797,17.31982421875,0.09949568659067154,0.0,387.79998779296875,0.0,0.0,2579.300048828125,nan,nan,nan,65536.0
2026-09-09T04:40:00.000+08:00,6.737473487854004,18.11127471923828,17.306640625,0.10845009982585907,0.0,387.8999938964844,0.0,0.0,2579.300048828125,nan,nan,nan,65536.0
2026-09-09T04:41:00.000+08:00,7.383297443389893,18.005035400390625,17.431640625,0.11172614991664886,0.0,388.29998779296875,0.0,0.0,2579.300048828125,nan,nan,nan,65536.0
2026-09-09T04:42:00.000+08:00,6.856346607208252,18.011878967285156,17.486328125,0.10627476871013641,0.0,388.1000061035156,0.0,0.0,2579.300048828125,nan,nan,nan,65536.0
2026-09-09T04:43:00.000+08:00,7.195306301116943,18.019065856933594,17.47265625,0.07382221519947052,0.0,387.79998779296875,0.0,0.0,2579.300048828125,nan,nan,nan,65536.0
2026-09-09T04:44:00.000+08:00,7.056053638458252,18.034053802490234,17.486328125,0.07509105652570724,0.0,387.6000061035156,0.0,0.0,2579.300048828125,nan,nan,nan,65536.0
2026-09-09T04:45:00.000+08:00,6.8802008628845215,18.056007385253906,17.41650390625,0.07218332588672638,0.0,387.29998779296875,0.0,0.0,2579.300048828125,nan,nan,nan,65536.0
2026-09-09T04:46:00.000+08:00,7.102653980255127,18.063934326171875,17.486328125,0.0805274173617363,0.0,387.79998779296875,0.0,0.0,2579.300048828125,nan,nan,nan,65536.0
2026-09-09T04:47:00.000+08:00,7.497650623321533,18.083751678466797,17.431640625,0.08288676291704178,0.0,387.20001220703125,0.0,0.0,2579.300048828125,nan,nan,nan,65536.0
2026-09-09T04:48:00.000+08:00,6.961738586425781,18.079788208007812,17.4453125,0.07978443056344986,0.0,387.8999938964844,0.0,0.0,2579.300048828125,nan,nan,nan,65536.0
2026-09-09T04:49:00.000+08:00,6.7932562828063965,18.237045288085938,17.47216796875,0.08459021151065826,0.0,388.1000061035156,0.0,0.0,2579.300048828125,nan,nan,nan,65536.0
2026-09-09T04:50:00.000+08:00,6.323680877685547,18.227489471435547,17.4453125,0.07895553112030029,0.0,388.20001220703125,0.0,0.0,2579.300048828125,nan,nan,nan,65536.0
2026-09-09T04:51:00.000+08:00,6.440208435058594,18.133670806884766,17.58349609375,0.09847138822078705,0.0,388.0,0.0,0.0,2579.300048828125,nan,nan,nan,65536.0
2026-09-09T04:52:00.000+08:00,6.652434349060059,18.140342712402344,17.5,0.09984730929136276,0.0,387.79998779296875,0.0,0.0,2579.300048828125,nan,nan,nan,65536.0
2026-09-09T04:53:00.000+08:00,6.81577730178833,18.151683807373047,17.611328125,0.07141508907079697,0.0,387.8999938964844,0.0,0.0,2579.300048828125,nan,nan,nan,65536.0
2026-09-09T04:54:00.000+08:00,7.398841857910156,18.167537689208984,17.5703125,0.09157884120941162,0.0,387.8999938964844,0.0,0.0,2579.300048828125,nan,nan,nan,65536.0
2026-09-09T04:55:00.000+08:00,6.58419942855835,18.186809539794922,17.583984375,0.08053532987833023,0.0,388.0,0.0,0.0,2579.300048828125,nan,nan,nan,65536.0
2026-09-09T04:56:00.000+08:00,6.693302631378174,18.180133819580078,17.58349609375,0.08254817873239517,0.0,388.20001220703125,0.0,0.0,2579.300048828125,nan,nan,nan,65536.0
2026-09-09T04:57:00.000+08:00,6.498325824737549,18.178348541259766,17.59765625,0.07735525816679001,0.0,388.1000061035156,0.0,0.0,2579.300048828125,nan,nan,nan,65536.0
2026-09-09T04:58:00.000+08:00,6.441715240478516,18.32984161376953,17.5,0.08605670928955078,0.0,387.70001220703125,0.0,0.0,2579.300048828125,nan,nan,nan,65536.0
2026-09-09T04:59:00.000+08:00,6.804500102996826,18.35308837890625,17.52783203125,0.08137794584035873,0.0,387.70001220703125,0.0,0.0,2579.300048828125,nan,nan,nan,65536.0
2026-09-09T05:00:00.000+08:00,6.513749122619629,18.359386444091797,17.556640625,0.0850997269153595,0.0,387.5,0.0,0.0,2579.300048828125,nan,nan,nan,65536.0
2026-09-09T05:01:00.000+08:00,6.61958122253418,18.367843627929688,17.51416015625,0.09907463937997818,0.0,387.29998779296875,0.0,0.0,2579.300048828125,nan,nan,nan,65536.0
2026-09-09T05:02:00.000+08:00,6.503653526306152,18.367156982421875,17.5703125,0.09755145013332367,0.0,387.6000061035156,0.0,0.0,2579.300048828125,nan,nan,nan,65536.0
2026-09-09T05:03:00.000+08:00,6.752863883972168,18.268959045410156,17.6953125,0.06892763823270798,0.0,387.20001220703125,0.0,0.0,2579.300048828125,nan,nan,nan,65536.0
2026-09-09T05:04:00.000+08:00,7.190308094024658,18.266624450683594,17.736328125,0.11951552331447601,0.0,387.0,0.0,0.0,2579.300048828125,nan,nan,nan,65536.0
2026-09-09T05:05:00.000+08:00,6.836644172668457,18.28247833251953,17.708984375,0.07681292295455933,0.0,386.5,0.0,0.0,2579.300048828125,nan,nan,nan,65536.0
2026-09-09T05:06:00.000+08:00,6.154505252838135,18.288639068603516,17.69482421875,0.08175629377365112,0.0,387.29998779296875,0.0,0.0,2579.300048828125,nan,nan,nan,65536.0
2026-09-09T05:07:00.000+08:00,6.947446346282959,18.32089614868164,17.708984375,0.07662282139062881,0.0,387.1000061035156,0.0,0.0,2579.300048828125,nan,nan,nan,65536.0
2026-09-09T05:08:00.000+08:00,6.564073085784912,18.330059051513672,17.625,0.07874353229999542,0.0,387.1000061035156,0.0,0.0,2579.300048828125,nan,nan,nan,65536.0
2026-09-09T05:09:00.000+08:00,6.657898426055908,18.348777770996094,17.6953125,0.08189082145690918,0.0,386.79998779296875,0.0,0.0,2579.300048828125,nan,nan,nan,65536.0
2026-09-09T05:10:00.000+08:00,7.2447896003723145,18.343029022216797,17.72265625,0.09399577975273132,0.0,386.70001220703125,0.0,0.0,2579.300048828125,nan,nan,nan,65536.0
2026-09-09T05:11:00.000+08:00,6.9616875648498535,18.496322631835938,17.736328125,0.08892060816287994,0.0,387.5,0.0,0.0,2579.300048828125,nan,nan,nan,65536.0
2026-09-09T05:12:00.000+08:00,6.647127628326416,18.38665008544922,17.84765625,0.10378751158714294,0.0,387.70001220703125,0.0,0.0,2579.300048828125,nan,nan,nan,65536.0
2026-09-09T05:13:00.000+08:00,6.549520492553711,18.390178680419922,17.806640625,0.1066649928689003,0.0,387.0,0.0,0.0,2579.300048828125,nan,nan,nan,65536.0
2026-09-09T05:14:00.000+08:00,6.1824951171875,18.39061737060547,17.84765625,0.09657677263021469,0.0,387.1000061035156,0.0,0.0,2579.300048828125,nan,nan,nan,65536.0
2026-09-09T05:15:00.000+08:00,6.31696891784668,18.416160583496094,17.76416015625,0.06856344640254974,0.0,386.8999938964844,0.0,0.0,2579.300048828125,nan,nan,nan,65536.0
2026-09-09T05:16:00.000+08:00,6.2996954917907715,18.427932739257812,17.83349609375,0.07624147087335587,0.0,387.1000061035156,0.0,0.0,2579.300048828125,nan,nan,nan,65536.0
2026-09-09T05:17:00.000+08:00,6.918078422546387,18.41274642944336,17.76416015625,0.08200583606958389,0.0,387.29998779296875,0.0,0.0,2579.300048828125,nan,nan,nan,65536.0
2026-09-09T05:18:00.000+08:00,6.507620811462402,18.459209442138672,17.861328125,0.07647735625505447,0.0,387.3999938964844,0.0,0.0,2579.300048828125,nan,nan,nan,65536.0
2026-09-09T05:19:00.000+08:00,7.321831226348877,18.452930450439453,17.806640625,0.08240333199501038,0.0,387.29998779296875,0.0,0.0,2579.300048828125,nan,nan,nan,65536.0
2026-09-09T05:20:00.000+08:00,6.662087917327881,18.464820861816406,17.861328125,0.0868556872010231,0.0,387.0,0.0,0.0,2579.300048828125,nan,nan,nan,65536.0
2026-09-09T05:21:00.000+08:00,7.276097774505615,18.460857391357422,17.7919921875,0.09330274909734726,0.0,387.29998779296875,0.0,0.0,2579.300048828125,nan,nan,nan,65536.0
2026-09-09T05:22:00.000+08:00,7.107985019683838,18.609638214111328,17.861328125,0.08254937082529068,0.0,387.1000061035156,0.0,0.0,2579.300048828125,nan,nan,nan,65536.0
2026-09-09T05:23:00.000+08:00,7.2487382888793945,18.488601684570312,17.75,0.09300952404737473,0.0,387.3999938964844,0.0,0.0,2579.300048828125,nan,nan,nan,65536.0
2026-09-09T05:24:00.000+08:00,7.274130344390869,18.619762420654297,17.833984375,0.09840163588523865,0.0,387.29998779296875,0.0,0.0,2579.300048828125,nan,nan,nan,65536.0
2026-09-09T05:25:00.000+08:00,7.472056865692139,18.524276733398438,17.88916015625,0.10966411978006363,0.0,387.79998779296875,0.0,0.0,2579.300048828125,nan,nan,nan,65536.0
2026-09-09T05:26:00.000+08:00,7.172023773193359,18.53681182861328,17.91650390625,0.10065088421106339,0.0,387.3999938964844,0.0,0.0,2579.300048828125,nan,nan,nan,65536.0
2026-09-09T05:27:00.000+08:00,7.379836559295654,18.548053741455078,17.931640625,0.09165529161691666,0.0,387.6000061035156,0.0,0.0,2579.300048828125,nan,nan,nan,65536.0
2026-09-09T05:28:00.000+08:00,7.57000732421875,18.53506851196289,17.958984375,0.1001633033156395,0.0,387.70001220703125,0.0,0.0,2579.300048828125,nan,nan,nan,65536.0
2026-09-09T05:29:00.000+08:00,7.7798895835876465,18.560497283935547,17.958984375,0.09357360005378723,0.0,387.8999938964844,0.0,0.0,2579.300048828125,nan,nan,nan,65536.0
2026-09-09T05:30:00.000+08:00,7.566866874694824,18.58095932006836,17.9169921875,0.08562784641981125,0.0,387.3999938964844,0.0,0.0,2579.300048828125,nan,nan,nan,65536.0
2026-09-09T05:31:00.000+08:00,7.0881757736206055,18.58539581298828,17.97265625,0.08267286419868469,0.0,387.29998779296875,0.0,0.0,2579.300048828125,nan,nan,nan,65536.0
2026-09-09T05:32:00.000+08:00,7.571515083312988,18.596172332763672,17.875,0.10502917319536209,0.0,387.70001220703125,0.0,0.0,2579.300048828125,nan,nan,nan,65536.0
2026-09-09T05:33:00.000+08:00,7.503462791442871,18.610382080078125,17.986328125,0.09089286625385284,0.0,387.20001220703125,0.0,0.0,2579.300048828125,nan,nan,nan,65536.0
2026-09-09T05:34:00.000+08:00,7.340304851531982,18.61768341064453,17.986328125,0.09172822535037994,0.0,387.5,0.0,0.0,2579.300048828125,nan,nan,nan,65536.0
2026-09-09T05:35:00.000+08:00,7.255460739135742,18.639238357543945,18.09765625,0.10488006472587585,0.0,386.6000061035156,0.0,0.0,2579.300048828125,nan,nan,nan,65536.0
2026-09-09T05:36:00.000+08:00,6.842390060424805,18.74837875366211,17.97265625,0.09766864031553268,0.0,386.3999938964844,0.0,0.0,2579.300048828125,nan,nan,nan,65536.0
2026-09-09T05:37:00.000+08:00,7.146762847900391,18.651132583618164,18.0703125,0.09211649000644684,0.0,386.3999938964844,0.0,0.0,2579.300048828125,nan,nan,nan,65536.0
2026-09-09T05:38:00.000+08:00,6.988312244415283,18.66756248474121,18.111328125,0.10755913704633713,0.0,386.79998779296875,0.0,0.0,2579.300048828125,nan,nan,nan,65536.0
2026-09-09T05:39:00.000+08:00,7.618813991546631,18.661928176879883,18.01416015625,0.08978431671857834,0.0,387.0,0.0,0.0,2579.300048828125,nan,nan,nan,65536.0
2026-09-09T05:40:00.000+08:00,6.8450608253479,18.67945671081543,18.083984375,0.08111516386270523,0.0,387.1000061035156,0.0,0.0,2579.300048828125,nan,nan,nan,65536.0
2026-09-09T05:41:00.000+08:00,7.083758354187012,18.702129364013672,18.06982421875,0.08410891145467758,0.0,386.29998779296875,0.0,0.0,2579.300048828125,nan,nan,nan,65536.0
2026-09-09T05:42:00.000+08:00,7.305165767669678,18.696435928344727,18.01416015625,0.08333348482847214,0.0,386.79998779296875,0.0,0.0,2579.300048828125,nan,nan,nan,65536.0
2026-09-09T05:43:00.000+08:00,6.866663455963135,18.70039939880371,18.06982421875,0.08204862475395203,0.0,386.8999938964844,0.0,0.0,2579.300048828125,nan,nan,nan,65536.0
2026-09-09T05:44:00.000+08:00,7.7074689865112305,18.730451583862305,18.083984375,0.09703024476766586,0.0,386.79998779296875,0.0,0.0,2579.300048828125,nan,nan,nan,65536.0
2026-09-09T05:45:00.000+08:00,7.360762119293213,18.734968185424805,18.111328125,0.09000970423221588,0.0,386.5,0.0,0.0,2579.300048828125,nan,nan,nan,65536.0
2026-09-09T05:46:00.000+08:00,7.910704612731934,18.626983642578125,18.20849609375,0.09789913892745972,0.0,386.70001220703125,0.0,0.0,2579.300048828125,nan,nan,nan,65536.0
2026-09-09T05:47:00.000+08:00,7.339384078979492,18.764450073242188,18.13916015625,0.09578051418066025,0.0,386.5,0.0,0.0,2579.300048828125,nan,nan,nan,65536.0
2026-09-09T05:48:00.000+08:00,7.290327072143555,18.77461814880371,18.13916015625,0.07105761766433716,0.0,386.70001220703125,0.0,0.0,2579.300048828125,nan,nan,nan,65536.0
2026-09-09T05:49:00.000+08:00,7.089272499084473,18.79389190673828,18.236328125,0.08795320987701416,0.0,386.6000061035156,0.0,0.0,2579.300048828125,nan,nan,nan,65536.0
2026-09-09T05:50:00.000+08:00,7.0250020027160645,18.790477752685547,18.1953125,0.07036176323890686,0.0,386.3999938964844,0.0,0.0,2579.300048828125,nan,nan,nan,65536.0
2026-09-09T05:51:00.000+08:00,6.7562947273254395,18.78651237487793,18.181640625,0.0729961097240448,0.0,386.5,0.0,0.0,2579.300048828125,nan,nan,nan,65536.0
2026-09-09T05:52:00.000+08:00,6.511927604675293,18.812028884887695,18.15283203125,0.07653018832206726,0.0,386.20001220703125,0.0,0.0,2579.300048828125,nan,nan,nan,65536.0
2026-09-09T05:53:00.000+08:00,6.250237941741943,18.831815719604492,18.1669921875,0.07211239635944366,0.0,386.3999938964844,0.0,0.0,2579.300048828125,nan,nan,nan,65536.0
2026-09-09T05:54:00.000+08:00,6.3172101974487305,18.84429931640625,18.22265625,0.077572762966156,0.0,386.1000061035156,0.0,0.0,2579.300048828125,nan,nan,nan,65536.0
2026-09-09T05:55:00.000+08:00,6.976349353790283,18.849403381347656,18.13916015625,0.09015706926584244,0.0,386.6000061035156,0.0,0.0,2579.300048828125,nan,nan,nan,65536.0
2026-09-09T05:56:00.000+08:00,6.66459321975708,18.853368759155273,18.22265625,0.08226599544286728,0.0,386.70001220703125,0.0,0.0,2579.300048828125,nan,nan,nan,65536.0
2026-09-09T05:57:00.000+08:00,6.681921482086182,18.86808967590332,18.22265625,0.0973929911851883,0.0,386.8999938964844,0.0,0.0,2579.300048828125,nan,nan,nan,65536.0
2026-09-09T05:58:00.000+08:00,6.06680965423584,18.862985610961914,18.181640625,0.07784656435251236,0.0,386.79998779296875,0.0,0.0,2579.300048828125,nan,nan,nan,65536.0
2026-09-09T05:59:00.000+08:00,6.854867935180664,18.76858901977539,18.333984375,0.09604977071285248,0.0,386.5,0.0,0.0,2579.300048828125,nan,nan,nan,65536.0
2026-09-09T06:00:00.000+08:00,6.924691200256348,18.76462173461914,18.31982421875,0.09492196887731552,0.0,386.79998779296875,0.0,0.0,2579.300048828125,nan,nan,nan,65536.0
2026-09-09T06:01:00.000+08:00,7.002690315246582,18.924171447753906,18.306640625,0.057855308055877686,0.0,386.5,0.0,0.0,2579.300048828125,nan,nan,nan,65536.0
2026-09-09T06:02:00.000+08:00,6.7345123291015625,18.935495376586914,18.361328125,0.07096908241510391,0.0,386.0,0.0,0.0,2579.300048828125,nan,nan,nan,65536.0
2026-09-09T06:03:00.000+08:00,6.705143928527832,18.945133209228516,18.361328125,0.08410406112670898,0.0,386.3999938964844,0.0,0.0,2579.300048828125,nan,nan,nan,65536.0
2026-09-09T06:04:00.000+08:00,6.5918097496032715,18.946840286254883,18.333984375,0.07867138832807541,0.0,386.3999938964844,0.0,0.0,2579.300048828125,nan,nan,nan,65536.0
2026-09-09T06:05:00.000+08:00,6.695918083190918,18.961563110351562,18.3203125,0.07703500241041183,0.0,386.20001220703125,0.0,0.0,2579.300048828125,nan,nan,nan,65536.0
2026-09-09T06:06:00.000+08:00,7.117818355560303,18.950237274169922,18.26416015625,0.08494915068149567,0.0,386.5,0.0,0.0,2579.300048828125,nan,nan,nan,65536.0
2026-09-09T06:07:00.000+08:00,7.072251319885254,18.982505798339844,18.25,0.09259253740310669,0.0,386.20001220703125,0.0,0.0,2579.300048828125,nan,nan,nan,65536.0
2026-09-09T06:08:00.000+08:00,6.673333644866943,18.99893569946289,18.27783203125,0.09076599776744843,0.0,385.79998779296875,0.0,0.0,2579.300048828125,nan,nan,nan,65536.0
2026-09-09T06:09:00.000+08:00,6.853006362915039,18.885263442993164,18.45849609375,0.0910530686378479,0.0,386.3999938964844,0.0,0.0,2579.300048828125,nan,nan,nan,65536.0
2026-09-09T06:10:00.000+08:00,6.551974296569824,18.88582992553711,18.41650390625,0.09485796838998795,0.0,386.3999938964844,0.0,0.0,2579.300048828125,nan,nan,nan,65536.0
2026-09-09T06:11:00.000+08:00,6.77009916305542,18.894330978393555,18.458984375,0.07992017269134521,0.0,386.3999938964844,0.0,0.0,2579.300048828125,nan,nan,nan,65536.0
2026-09-09T06:12:00.000+08:00,6.237565994262695,18.932842254638672,18.458984375,0.052756715565919876,0.0,386.1000061035156,0.0,0.0,2579.300048828125,nan,nan,nan,65536.0
2026-09-09T06:13:00.000+08:00,6.495824813842773,18.92094612121582,18.40283203125,0.05514975264668465,0.0,386.3999938964844,0.0,0.0,2579.300048828125,nan,nan,nan,65536.0
2026-09-09T06:14:00.000+08:00,6.693840980529785,18.90169334411621,18.431640625,0.06753582507371902,0.0,386.3999938964844,0.0,0.0,2579.300048828125,nan,nan,nan,65536.0
2026-09-09T06:15:00.000+08:00,5.935169219970703,18.924362182617188,18.486328125,0.06162280961871147,0.0,386.5,0.0,0.0,2579.300048828125,nan,nan,nan,65536.0
2026-09-09T06:16:00.000+08:00,6.377103805541992,19.066911697387695,18.47265625,0.05586277320981026,0.0,387.0,0.0,0.0,2579.300048828125,nan,nan,nan,65536.0
2026-09-09T06:17:00.000+08:00,6.507411003112793,19.079374313354492,18.458984375,0.05949131026864052,0.0,386.6000061035156,0.0,0.0,2579.300048828125,nan,nan,nan,65536.0
2026-09-09T06:18:00.000+08:00,7.251845836639404,19.08673858642578,18.458984375,0.08633110672235489,0.0,386.29998779296875,0.0,0.0,2579.300048828125,nan,nan,nan,65536.0
2026-09-09T06:19:00.000+08:00,7.263949871063232,19.11168670654297,18.4306640625,0.09129113703966141,0.0,386.20001220703125,0.0,0.0,2579.300048828125,nan,nan,nan,65536.0
2026-09-09T06:20:00.000+08:00,6.235783576965332,19.115650177001953,18.375,0.07908378541469574,0.0,385.8999938964844,0.0,0.0,2579.300048828125,nan,nan,nan,65536.0
2026-09-09T06:21:00.000+08:00,6.71295690536499,19.09920310974121,18.375,0.09305226057767868,0.0,386.1000061035156,0.0,0.0,2579.300048828125,nan,nan,nan,65536.0
2026-09-09T06:22:00.000+08:00,7.198567867279053,19.013280868530273,18.5419921875,0.07169372588396072,0.0,385.6000061035156,0.0,0.0,2579.300048828125,nan,nan,nan,65536.0
2026-09-09T06:23:00.000+08:00,6.993165016174316,19.012144088745117,18.611328125,0.09299733489751816,0.0,385.8999938964844,0.0,0.0,2579.300048828125,nan,nan,nan,65536.0
2026-09-09T06:24:00.000+08:00,7.076247692108154,19.013811111450195,18.611328125,0.06259054690599442,0.0,386.1000061035156,0.0,0.0,2579.300048828125,nan,nan,nan,65536.0
2026-09-09T06:25:00.000+08:00,6.708474159240723,19.024608612060547,18.611328125,0.061150457710027695,0.0,385.79998779296875,0.0,0.0,2579.300048828125,nan,nan,nan,65536.0
2026-09-09T06:26:00.000+08:00,6.553582668304443,19.02857208251953,18.56982421875,0.0955558568239212,0.0,385.6000061035156,0.0,0.0,2579.300048828125,nan,nan,nan,65536.0
2026-09-09T06:27:00.000+08:00,7.130855560302734,19.046159744262695,18.556640625,0.06315398216247559,0.0,385.70001220703125,0.0,0.0,2579.300048828125,nan,nan,nan,65536.0
2026-09-09T06:28:00.000+08:00,7.110597610473633,19.0416259765625,18.556640625,0.07513225078582764,0.0,385.8999938964844,0.0,0.0,2579.300048828125,nan,nan,nan,65536.0
2026-09-09T06:29:00.000+08:00,6.918808460235596,19.202882766723633,18.56982421875,0.06618987768888474,0.0,385.8999938964844,0.0,0.0,2579.300048828125,nan,nan,nan,65536.0
2026-09-09T06:30:00.000+08:00,7.595912933349609,19.197187423706055,18.556640625,0.06519467383623123,0.0,385.79998779296875,0.0,0.0,2579.300048828125,nan,nan,nan,65536.0
2026-09-09T06:31:00.000+08:00,7.7636799812316895,19.224374771118164,18.5703125,0.07144337892532349,0.0,385.70001220703125,0.0,0.0,2579.300048828125,nan,nan,nan,65536.0
2026-09-09T06:32:00.000+08:00,6.919366836547852,19.210241317749023,18.556640625,0.09142807871103287,0.0,386.1000061035156,0.0,0.0,2579.300048828125,nan,nan,nan,65536.0
2026-09-09T06:33:00.000+08:00,6.559006690979004,19.210241317749023,18.5703125,0.077865369617939,0.0,385.79998779296875,0.0,0.0,2579.300048828125,nan,nan,nan,65536.0
2026-09-09T06:34:00.000+08:00,7.062402248382568,19.243101119995117,18.5703125,0.09428262710571289,0.0,386.29998779296875,0.0,0.0,2579.300048828125,nan,nan,nan,65536.0
2026-09-09T06:35:00.000+08:00,6.7581281661987305,19.141263961791992,18.681640625,0.08602236211299896,0.0,386.70001220703125,0.0,0.0,2579.300048828125,nan,nan,nan,65536.0
2026-09-09T06:36:00.000+08:00,6.204561233520508,19.13390350341797,18.63916015625,0.08672899752855301,0.0,386.3999938964844,0.0,0.0,2579.300048828125,nan,nan,nan,65536.0
2026-09-09T06:37:00.000+08:00,6.222919464111328,19.14132308959961,18.6953125,0.05331673473119736,0.0,386.3999938964844,0.0,0.0,2579.300048828125,nan,nan,nan,65536.0
2026-09-09T06:38:00.000+08:00,6.617676734924316,19.158851623535156,18.72265625,0.06496120989322662,0.0,386.3999938964844,0.0,0.0,2579.300048828125,nan,nan,nan,65536.0
2026-09-09T06:39:00.000+08:00,7.465919494628906,19.15769386291504,18.708984375,0.06681593507528305,0.0,386.29998779296875,0.0,0.0,2579.300048828125,nan,nan,nan,65536.0
2026-09-09T06:40:00.000+08:00,7.138813018798828,19.191730499267578,18.625,0.07440944015979767,0.0,386.29998779296875,0.0,0.0,2579.300048828125,nan,nan,nan,65536.0
2026-09-09T06:41:00.000+08:00,7.998198509216309,19.171314239501953,18.681640625,0.07311537116765976,0.0,386.29998779296875,0.0,0.0,2579.300048828125,nan,nan,nan,65536.0
2026-09-09T06:42:00.000+08:00,7.950296401977539,19.168508529663086,18.65283203125,0.07371759414672852,0.0,386.70001220703125,0.0,0.0,2579.300048828125,nan,nan,nan,65536.0
2026-09-09T06:43:00.000+08:00,7.719266891479492,19.197420120239258,18.63916015625,0.07062862068414688,0.0,386.79998779296875,0.0,0.0,2579.300048828125,nan,nan,nan,65536.0
2026-09-09T06:44:00.000+08:00,7.694880962371826,19.305971145629883,18.681640625,0.08618014305830002,0.0,386.70001220703125,0.0,0.0,2579.300048828125,nan,nan,nan,65536.0
2026-09-09T06:45:00.000+08:00,7.41310453414917,19.35975456237793,18.63916015625,0.0653170496225357,0.0,386.6000061035156,0.0,0.0,2579.300048828125,nan,nan,nan,65536.0
2026-09-09T06:46:00.000+08:00,6.882343769073486,19.349609375,18.65283203125,0.08617278188467026,0.0,386.70001220703125,0.0,0.0,2579.300048828125,nan,nan,nan,65536.0
2026-09-09T06:47:00.000+08:00,7.163028240203857,19.351823806762695,18.66650390625,0.08926186710596085,0.0,386.6000061035156,0.0,0.0,2579.300048828125,nan,nan,nan,65536.0
2026-09-09T06:48:00.000+08:00,7.3990559577941895,19.371082305908203,18.681640625,0.08578162640333176,0.0,386.6000061035156,0.0,0.0,2579.300048828125,nan,nan,nan,65536.0
2026-09-09T06:49:00.000+08:00,7.0132222175598145,19.274993896484375,18.81982421875,0.08470487594604492,0.0,386.0,0.0,0.0,2579.300048828125,nan,nan,nan,65536.0
2026-09-09T06:50:00.000+08:00,7.698223114013672,19.276151657104492,18.8203125,0.10374938696622849,0.0,385.8999938964844,0.0,0.0,2579.300048828125,nan,nan,nan,65536.0
2026-09-09T06:51:00.000+08:00,7.931234359741211,19.28233528137207,18.833984375,0.10222204774618149,0.0,385.79998779296875,0.0,0.0,2579.300048828125,nan,nan,nan,65536.0
2026-09-09T06:52:00.000+08:00,7.970390796661377,19.25748634338379,18.84765625,0.06532517820596695,0.0,385.79998779296875,0.0,0.0,2579.300048828125,nan,nan,nan,65536.0
2026-09-09T06:53:00.000+08:00,7.374256134033203,19.29317283630371,18.861328125,0.07474228739738464,0.0,386.0,0.0,0.0,2579.300048828125,nan,nan,nan,65536.0
2026-09-09T06:54:00.000+08:00,7.580114364624023,19.307872772216797,18.81982421875,0.06349309533834457,0.0,385.8999938964844,0.0,0.0,2579.300048828125,nan,nan,nan,65536.0
2026-09-09T06:55:00.000+08:00,7.922159194946289,19.33050537109375,18.75,0.07099587470293045,0.0,385.3999938964844,0.0,0.0,2579.300048828125,nan,nan,nan,65536.0
2026-09-09T06:56:00.000+08:00,7.537900447845459,19.325950622558594,18.75,0.08420263975858688,0.0,385.70001220703125,0.0,0.0,2579.300048828125,nan,nan,nan,65536.0
2026-09-09T06:57:00.000+08:00,6.921841144561768,19.30506706237793,18.861328125,0.07215889543294907,0.0,385.5,0.0,0.0,2579.300048828125,nan,nan,nan,65536.0
2026-09-09T06:58:00.000+08:00,7.621705532073975,19.362796783447266,18.81982421875,0.07379341125488281,0.0,385.6000061035156,0.0,0.0,2579.300048828125,nan,nan,nan,65536.0
2026-09-09T06:59:00.000+08:00,7.561713695526123,19.487224578857422,18.84765625,0.08293908834457397,0.0,385.29998779296875,0.0,0.0,2579.300048828125,nan,nan,nan,65536.0
2026-09-09T07:00:00.000+08:00,7.988630771636963,19.498533248901367,18.833984375,0.06435275077819824,0.0,385.1000061035156,0.0,0.0,2579.300048828125,nan,nan,nan,65536.0
2026-09-09T07:01:00.000+08:00,7.015117168426514,19.474742889404297,18.84765625,0.0777936577796936,0.0,385.3999938964844,0.0,0.0,2579.300048828125,nan,nan,nan,65536.0
2026-09-09T07:02:00.000+08:00,7.329075336456299,19.395103454589844,18.94482421875,0.09574250876903534,0.0,385.0,0.0,0.0,2579.300048828125,nan,nan,nan,65536.0
2026-09-09T07:03:00.000+08:00,7.979294300079346,19.480453491210938,18.8203125,0.08551385253667831,0.0,385.0,0.0,0.0,2579.300048828125,nan,nan,nan,65536.0
2026-09-09T07:04:00.000+08:00,7.368474960327148,19.49234962463379,18.77783203125,0.05926922336220741,0.0,384.79998779296875,0.0,0.0,2579.300048828125,nan,nan,nan,65536.0
2026-09-09T07:05:00.000+08:00,7.604953289031982,19.41655921936035,18.88916015625,0.09901140630245209,0.0,384.70001220703125,0.0,0.0,2579.300048828125,nan,nan,nan,65536.0
2026-09-09T07:06:00.000+08:00,6.5742082595825195,19.418893814086914,18.9453125,0.06340945512056351,0.0,384.79998779296875,0.0,0.0,2579.300048828125,nan,nan,nan,65536.0
2026-09-09T07:07:00.000+08:00,6.560749530792236,19.42344856262207,18.958984375,0.059795450419187546,0.0,385.0,0.0,0.0,2579.300048828125,nan,nan,nan,65536.0
2026-09-09T07:08:00.000+08:00,6.897057056427002,19.43931007385254,18.875,0.05756724625825882,0.0,385.20001220703125,0.0,0.0,2579.300048828125,nan,nan,nan,65536.0
2026-09-09T07:09:00.000+08:00,6.8400349617004395,19.421703338623047,18.97265625,0.06749004125595093,0.0,384.6000061035156,0.0,0.0,2579.300048828125,nan,nan,nan,65536.0
2026-09-09T07:10:00.000+08:00,7.5047149658203125,19.439189910888672,18.986328125,0.08402734249830246,0.0,385.29998779296875,0.0,0.0,2579.300048828125,nan,nan,nan,65536.0
2026-09-09T07:11:00.000+08:00,7.784156322479248,19.48689079284668,18.875,0.0768226906657219,0.0,384.8999938964844,0.0,0.0,2579.300048828125,nan,nan,nan,65536.0
2026-09-09T07:12:00.000+08:00,7.9899396896362305,19.455167770385742,18.9453125,0.0774853527545929,0.0,384.70001220703125,0.0,0.0,2579.300048828125,nan,nan,nan,65536.0
2026-09-09T07:13:00.000+08:00,7.588846683502197,19.455167770385742,18.875,0.08190267533063889,0.0,385.20001220703125,0.0,0.0,2579.300048828125,nan,nan,nan,65536.0
2026-09-09T07:14:00.000+08:00,7.581262588500977,19.516860961914062,19.056640625,0.07837048918008804,0.0,385.3999938964844,0.0,0.0,2579.300048828125,nan,nan,nan,65536.0
2026-09-09T07:15:00.000+08:00,7.9061055183410645,19.463687896728516,18.9453125,0.09250898659229279,0.0,385.1000061035156,0.0,0.0,2579.300048828125,nan,nan,nan,65536.0
2026-09-09T07:16:00.000+08:00,7.09547233581543,19.624374389648438,18.875,0.06390153616666794,0.0,384.8999938964844,0.0,0.0,2579.300048828125,nan,nan,nan,65536.0
2026-09-09T07:17:00.000+08:00,6.764655590057373,19.514074325561523,19.09765625,0.05463351309299469,0.0,384.6000061035156,0.0,0.0,2579.300048828125,nan,nan,nan,65536.0
2026-09-09T07:18:00.000+08:00,6.7642621994018555,19.54300880432129,19.0703125,0.08761639893054962,0.0,384.70001220703125,0.0,0.0,2579.300048828125,nan,nan,nan,65536.0
2026-09-09T07:19:00.000+08:00,6.901490211486816,19.51862907409668,19.02783203125,0.08309681713581085,0.0,385.3999938964844,0.0,0.0,2579.300048828125,nan,nan,nan,65536.0
2026-09-09T07:20:00.000+08:00,7.235664367675781,19.526559829711914,19.0,0.06834707409143448,0.0,385.3999938964844,0.0,0.0,2579.300048828125,nan,nan,nan,65536.0
2026-09-09T07:21:00.000+08:00,6.970487594604492,19.567232131958008,19.06982421875,0.055782802402973175,0.0,385.5,0.0,0.0,2579.300048828125,nan,nan,nan,65536.0
2026-09-09T07:22:00.000+08:00,6.9624104499816895,19.60468292236328,19.083984375,0.06723278760910034,0.0,385.1000061035156,0.0,0.0,2579.300048828125,nan,nan,nan,65536.0
2026-09-09T07:23:00.000+08:00,6.799514293670654,19.564443588256836,19.0,0.061984188854694366,0.0,384.79998779296875,0.0,0.0,2579.300048828125,nan,nan,nan,65536.0
2026-09-09T07:24:00.000+08:00,7.121695041656494,19.597341537475586,19.056640625,0.06668353080749512,0.0,385.0,0.0,0.0,2579.300048828125,nan,nan,nan,65536.0
2026-09-09T07:25:00.000+08:00,6.873836040496826,19.615400314331055,19.111328125,0.06932218372821808,0.0,385.0,0.0,0.0,2579.300048828125,nan,nan,nan,65536.0
2026-09-09T07:26:00.000+08:00,5.9048051834106445,19.600130081176758,19.06982421875,0.05826622620224953,0.0,385.0,0.0,0.0,2579.300048828125,nan,nan,nan,65536.0
2026-09-09T07:27:00.000+08:00,6.742642402648926,19.592788696289062,19.111328125,0.05031789839267731,0.0,385.1000061035156,0.0,0.0,2579.300048828125,nan,nan,nan,65536.0
2026-09-09T07:28:00.000+08:00,7.157773971557617,19.500686645507812,19.208984375,0.07307390123605728,0.0,384.79998779296875,0.0,0.0,2579.300048828125,nan,nan,nan,65536.0
2026-09-09T07:29:00.000+08:00,6.88505744934082,19.511991500854492,19.181640625,0.07083117216825485,0.0,385.1000061035156,0.0,0.0,2579.300048828125,nan,nan,nan,65536.0
2026-09-09T07:30:00.000+08:00,6.458523273468018,19.64653205871582,19.236328125,0.07538244873285294,0.0,384.70001220703125,0.0,0.0,2579.300048828125,nan,nan,nan,65536.0
2026-09-09T07:31:00.000+08:00,6.527968883514404,19.526674270629883,19.22265625,0.03549893945455551,0.0,385.1000061035156,0.0,0.0,2579.300048828125,nan,nan,nan,65536.0
2026-09-09T07:32:00.000+08:00,6.619385719299316,19.534603118896484,19.181640625,0.048213690519332886,0.0,385.0,0.0,0.0,2579.300048828125,nan,nan,nan,65536.0
2026-09-09T07:33:00.000+08:00,6.464734077453613,19.705305099487305,19.111328125,0.05384039133787155,0.0,385.0,0.0,0.0,2579.300048828125,nan,nan,nan,65536.0
2026-09-09T07:34:00.000+08:00,6.9322123527526855,19.734939575195312,19.19482421875,0.0521211214363575,0.0,385.1000061035156,0.0,0.0,2579.300048828125,nan,nan,nan,65536.0
2026-09-09T07:35:00.000+08:00,6.686704158782959,19.686182022094727,19.208984375,0.06741270422935486,0.0,385.20001220703125,0.0,0.0,2579.300048828125,nan,nan,nan,65536.0
2026-09-09T07:36:00.000+08:00,7.101632595062256,19.642566680908203,19.16650390625,0.07940506935119629,0.0,385.0,0.0,0.0,2579.300048828125,nan,nan,nan,65536.0
2026-09-09T07:37:00.000+08:00,6.991871356964111,19.65515899658203,19.27783203125,0.0783265084028244,0.0,384.6000061035156,0.0,0.0,2579.300048828125,nan,nan,nan,65536.0
2026-09-09T07:38:00.000+08:00,6.9629387855529785,19.71849250793457,19.125,0.06677358597517014,0.0,384.8999938964844,0.0,0.0,2579.300048828125,nan,nan,nan,65536.0
2026-09-09T07:39:00.000+08:00,6.427922248840332,19.688949584960938,19.15283203125,0.03872273117303848,0.0,384.79998779296875,0.0,0.0,2579.300048828125,nan,nan,nan,65536.0
2026-09-09T07:40:00.000+08:00,6.383832931518555,19.68013572692871,19.306640625,0.06273917108774185,0.0,384.1000061035156,0.0,0.0,2579.300048828125,nan,nan,nan,65536.0
2026-09-09T07:41:00.000+08:00,6.700179100036621,19.650800704956055,19.34765625,0.060733553022146225,0.0,383.70001220703125,1.8279999494552612,1.0169999599456787,2579.39990234375,nan,nan,nan,65536.0
2026-09-09T07:42:00.000+08:00,6.5601959228515625,19.700843811035156,19.236328125,0.05260610952973366,0.0,384.1000061035156,1.8339999914169312,1.0160000324249268,2579.39990234375,nan,nan,nan,65536.0
2026-09-09T07:43:00.000+08:00,6.757625102996826,19.643457412719727,19.306640625,0.07699587941169739,13.169536590576172,384.29998779296875,1.8240000009536743,1.0149999856948853,2579.39990234375,nan,nan,nan,65536.0
2026-09-09T07:44:00.000+08:00,6.712647438049316,19.947765350341797,18.1953125,0.059093985706567764,17.192951202392578,384.0,1.8309999704360962,1.0180000066757202,2579.39990234375,509.765625,1.990625023841858,1.019193410873413,2659.0
2026-09-09T07:45:00.000+08:00,7.851441383361816,20.571876525878906,11.257080078125,0.04784434288740158,21.214630126953125,383.8999938964844,1.8300000429153442,1.0180000066757202,2579.39990234375,509.765625,1.990625023841858,1.0206738710403442,2659.0
2026-09-09T07:46:00.000+08:00,20.984573364257812,19.27165985107422,10.0556640625,0.44507595896720886,2.2805097103118896,383.3999938964844,1.8289999961853027,1.0160000324249268,2579.39990234375,509.765625,1.990625023841858,1.0206738710403442,2659.0
2026-09-09T07:47:00.000+08:00,22.38623046875,16.937942504882812,9.75,4.03848934173584,0.2523220479488373,384.0,1.8279999494552612,1.0180000066757202,2579.5,509.765625,1.990625023841858,1.0224233865737915,2659.0
2026-09-09T07:48:00.000+08:00,38.853458404541016,17.092926025390625,9.6181640625,7.399319171905518,0.13798567652702332,384.0,1.8380000591278076,1.024999976158142,2579.5,509.765625,1.990625023841858,1.0232309103012085,2659.0
2026-09-09T07:49:00.000+08:00,22.51812744140625,16.27924346923828,9.548828125,3.2838146686553955,0.3112233877182007,384.0,1.8389999866485596,1.0199999809265137,2579.5,509.765625,1.990625023841858,1.0218850374221802,2659.0
2026-09-09T07:50:00.000+08:00,34.77392578125,15.812324523925781,9.4931640625,5.19373083114624,0.19600553810596466,384.5,1.8420000076293945,1.0240000486373901,2579.5,509.765625,1.990625023841858,1.0290179252624512,2659.0
2026-09-09T07:51:00.000+08:00,32.07053756713867,15.5025634765625,9.673828125,4.182411193847656,0.24507392942905426,384.70001220703125,1.8279999494552612,1.027999997138977,2579.5,509.765625,1.990625023841858,1.0286141633987427,2659.0
2026-09-09T07:52:00.000+08:00,34.49243927001953,14.923049926757812,9.611083984375,4.292782783508301,0.23900580406188965,385.0,1.8370000123977661,1.0290000438690186,2579.5,513.28125,1.990625023841858,1.0352087020874023,2659.0
2026-09-09T07:53:00.000+08:00,36.73228073120117,14.792400360107422,9.6669921875,4.369596004486084,0.23526203632354736,384.6000061035156,1.8550000190734863,1.034000039100647,2579.60009765625,509.765625,1.990625023841858,1.031844139099121,2659.0
2026-09-09T07:54:00.000+08:00,33.65119171142578,14.283405303955078,9.6044921875,3.5931384563446045,0.28749239444732666,384.79998779296875,1.840000033378601,1.027999997138977,2579.60009765625,509.765625,1.990625023841858,1.0286141633987427,2659.0
2026-09-09T07:55:00.000+08:00,59.716766357421875,14.308273315429688,9.89599609375,6.211729049682617,0.1662983000278473,384.20001220703125,1.8389999866485596,1.0290000438690186,2579.60009765625,509.765625,1.990625023841858,1.0304983854293823,2659.0
2026-09-09T07:56:00.000+08:00,51.16978454589844,13.38399887084961,9.875,4.899839878082275,0.21021096408367157,384.0,1.8880000114440918,1.027999997138977,2579.60009765625,509.765625,1.990625023841858,1.0267300605773926,2659.0
2026-09-09T07:57:00.000+08:00,75.3274917602539,13.747394561767578,9.7431640625,6.30251407623291,0.16326817870140076,384.3999938964844,1.8329999446868896,1.0240000486373901,2579.60009765625,509.765625,1.990625023841858,1.034670352935791,2659.0
2026-09-09T07:58:00.000+08:00,52.722721099853516,13.74481201171875,9.791748046875,3.8776214122772217,0.2645951807498932,384.20001220703125,1.847000002861023,1.0369999408721924,2579.699951171875,509.765625,1.990625023841858,1.0252496004104614,2659.0
2026-09-09T07:59:00.000+08:00,94.10562133789062,13.517295837402344,9.7294921875,7.5179314613342285,0.13780386745929718,383.8999938964844,1.850000023841858,1.034999966621399,2579.699951171875,509.765625,1.990625023841858,1.0321133136749268,2659.0
2026-09-09T08:00:00.000+08:00,87.25318908691406,13.471992492675781,9.6669921875,6.752628803253174,0.15342172980308533,384.20001220703125,1.850000023841858,1.034999966621399,2579.699951171875,509.765625,1.990625023841858,1.0337283611297607,2659.0
2026-09-09T08:01:00.000+08:00,88.91197967529297,13.3541259765625,9.5908203125,6.941012382507324,0.14968997240066528,383.29998779296875,1.8459999561309814,1.0329999923706055,2579.699951171875,509.765625,1.990625023841858,1.0303637981414795,2659.0
2026-09-09T08:02:00.000+08:00,91.40609741210938,13.175899505615234,9.6533203125,6.96391487121582,0.14790531992912292,382.70001220703125,1.8350000381469727,1.024999976158142,2579.699951171875,509.765625,1.990625023841858,1.0265954732894897,2659.0
2026-09-09T08:03:00.000+08:00,100.9722671508789,13.01302719116211,9.7294921875,7.533154010772705,0.13606518507003784,383.0,1.8350000381469727,1.024999976158142,2579.699951171875,509.765625,1.990625023841858,1.031844139099121,2659.0
2026-09-09T08:04:00.000+08:00,108.2249984741211,12.949623107910156,9.729248046875,7.706812858581543,0.13273969292640686,382.8999938964844,1.8329999446868896,1.024999976158142,2579.800048828125,509.765625,1.990625023841858,1.0310367345809937,2659.0
2026-09-09T08:05:00.000+08:00,103.27840423583984,12.836505889892578,9.6875,6.771892070770264,0.1519516259431839,382.3999938964844,1.8389999866485596,1.0260000228881836,2579.800048828125,509.765625,1.990625023841858,1.027268409729004,2659.0
2026-09-09T08:06:00.000+08:00,101.63716888427734,12.770511627197266,9.784912109375,6.690540313720703,0.15350030362606049,382.70001220703125,1.8350000381469727,1.031000018119812,2579.800048828125,509.765625,1.990625023841858,1.0298254489898682,2659.0
2026-09-09T08:07:00.000+08:00,114.00273895263672,12.766979217529297,9.7158203125,7.055811882019043,0.1456954926252365,382.79998779296875,1.8339999914169312,1.0260000228881836,2579.800048828125,509.765625,1.990625023841858,1.032651662826538,2659.0
2026-09-09T08:08:00.000+08:00,116.08232116699219,12.765972137451172,9.7919921875,7.340455532073975,0.1401820331811905,382.8999938964844,1.840999960899353,1.031000018119812,2579.800048828125,509.765625,1.990625023841858,1.0282104015350342,2659.0
2026-09-09T08:09:00.000+08:00,113.7964859008789,12.598663330078125,9.736328125,7.101554870605469,0.14517948031425476,382.29998779296875,1.840999960899353,1.0290000438690186,2579.800048828125,509.765625,1.990625023841858,1.024442195892334,2659.0
2026-09-09T08:10:00.000+08:00,114.52369689941406,12.562946319580078,9.784912109375,6.599849700927734,0.15530656278133392,382.5,1.8450000286102295,1.031000018119812,2579.89990234375,509.765625,1.990625023841858,1.024442195892334,2659.0
2026-09-09T08:11:00.000+08:00,129.0179901123047,12.536937713623047,9.8056640625,7.352514266967773,0.13927209377288818,381.70001220703125,1.8569999933242798,1.0260000228881836,2579.89990234375,506.25,1.990625023841858,1.0240384340286255,2659.0
2026-09-09T08:12:00.000+08:00,131.65638732910156,12.4425048828125,9.8056640625,7.040612697601318,0.14572595059871674,382.5,1.843999981880188,1.0269999504089355,2579.89990234375,509.765625,1.990625023841858,1.0284795761108398,2659.0
2026-09-09T08:13:00.000+08:00,132.89195251464844,12.488399505615234,9.7294921875,7.073987007141113,0.14489707350730896,382.6000061035156,1.840000033378601,1.0269999504089355,2579.89990234375,509.765625,1.990625023841858,1.0269992351531982,2659.0
2026-09-09T08:14:00.000+08:00,140.1427459716797,12.426376342773438,9.694580078125,7.660886764526367,0.13431864976882935,382.70001220703125,1.8389999866485596,1.0240000486373901,2579.89990234375,509.765625,1.990625023841858,1.0260571241378784,2659.0
2026-09-09T08:15:00.000+08:00,132.90847778320312,12.334335327148438,9.7294921875,7.055340766906738,0.14528000354766846,383.29998779296875,1.8480000495910645,1.0360000133514404,2579.89990234375,509.765625,1.990625023841858,1.0323824882507324,2659.0
2026-09-09T08:16:00.000+08:00,143.70799255371094,12.282684326171875,9.77099609375,7.460912227630615,0.13751669228076935,383.29998779296875,1.8489999771118164,1.031999945640564,2580.0,509.765625,1.990625023841858,1.0339975357055664,2659.0
2026-09-09T08:17:00.000+08:00,155.9947052001953,12.228099822998047,9.75,8.06790542602539,0.12816214561462402,383.6000061035156,1.8450000286102295,1.0379999876022339,2580.0,509.765625,1.990625023841858,1.0377658605575562,2659.0
2026-09-09T08:18:00.000+08:00,150.861572265625,12.24056625366211,9.75,7.721374988555908,0.13391396403312683,383.1000061035156,1.843999981880188,1.0379999876022339,2580.0,509.765625,1.990625023841858,1.0315749645233154,2659.0
2026-09-09T08:19:00.000+08:00,158.6912078857422,12.266395568847656,9.701416015625,7.680392265319824,0.13540975749492645,383.29998779296875,1.8459999561309814,1.0360000133514404,2580.0,509.765625,1.990625023841858,1.034401297569275,2659.0
2026-09-09T08:20:00.000+08:00,144.90713500976562,12.219711303710938,9.72265625,7.081331253051758,0.14545287191867828,383.0,1.8279999494552612,1.027999997138977,2580.0,509.765625,1.990625023841858,1.0339975357055664,2659.0
2026-09-09T08:21:00.000+08:00,146.38401794433594,12.14107894897461,9.7431640625,7.453882217407227,0.1389879733324051,383.0,1.8450000286102295,1.0360000133514404,2580.0,509.765625,1.990625023841858,1.0348049402236938,2659.0
2026-09-09T08:22:00.000+08:00,152.35743713378906,12.134567260742188,9.8056640625,7.4783477783203125,0.13773095607757568,383.1000061035156,1.8350000381469727,1.031999945640564,2580.10009765625,509.765625,1.990625023841858,1.032786250114441,2659.0
2026-09-09T08:23:00.000+08:00,158.23641967773438,12.111297607421875,9.798828125,7.814089298248291,0.13168521225452423,382.6000061035156,1.840000033378601,1.027999997138977,2580.10009765625,509.765625,1.990625023841858,1.0282104015350342,2659.0
2026-09-09T08:24:00.000+08:00,151.86370849609375,12.036773681640625,9.722412109375,7.115789890289307,0.14502957463264465,382.3999938964844,1.840999960899353,1.031000018119812,2580.10009765625,509.765625,1.990625023841858,1.032651662826538,2659.0
2026-09-09T08:25:00.000+08:00,152.85118103027344,12.095794677734375,9.7919921875,7.09065580368042,0.1449795365333557,382.6000061035156,1.8380000591278076,1.0290000438690186,2580.10009765625,509.765625,1.990625023841858,1.0282104015350342,2659.0
2026-09-09T08:26:00.000+08:00,151.43922424316406,12.146430969238281,9.791748046875,6.9917893409729,0.14717262983322144,383.1000061035156,1.8359999656677246,1.0299999713897705,2580.10009765625,509.765625,1.990625023841858,1.0294216871261597,2659.0
2026-09-09T08:27:00.000+08:00,147.9954833984375,12.078285217285156,9.701416015625,7.194246292114258,0.14316996932029724,382.29998779296875,1.8380000591278076,1.027999997138977,2580.199951171875,509.765625,1.990625023841858,1.032651662826538,2659.0
2026-09-09T08:28:00.000+08:00,150.5596160888672,12.101242065429688,9.66015625,7.2879414558410645,0.14146655797958374,382.20001220703125,1.8459999561309814,1.0379999876022339,2580.199951171875,509.765625,1.990625023841858,1.034670352935791,2659.0
2026-09-09T08:29:00.000+08:00,154.19570922851562,12.065059661865234,9.7783203125,7.278395175933838,0.14096513390541077,382.29998779296875,1.8559999465942383,1.0369999408721924,2580.199951171875,509.765625,1.990625023841858,1.0314403772354126,2659.0
2026-09-09T08:30:00.000+08:00,153.04405212402344,12.07876205444336,9.784912109375,7.377424716949463,0.1393440216779709,382.3999938964844,1.8519999980926514,1.0240000486373901,2580.199951171875,509.765625,1.990625023841858,1.0260571241378784,2659.0
2026-09-09T08:31:00.000+08:00,151.65386962890625,12.03597640991211,9.673828125,6.861214637756348,0.15011918544769287,382.29998779296875,1.8489999771118164,1.0210000276565552,2580.199951171875,509.765625,1.990625023841858,1.0284795761108398,2659.0
2026-09-09T08:32:00.000+08:00,153.3253936767578,12.056358337402344,9.6669921875,7.21527624130249,0.1423368901014328,382.6000061035156,1.8550000190734863,1.0290000438690186,2580.199951171875,509.765625,1.990625023841858,1.0322479009628296,2659.0
2026-09-09T08:33:00.000+08:00,159.42446899414062,12.00177001953125,9.736328125,7.685122489929199,0.13376495242118835,382.6000061035156,1.840000033378601,1.027999997138977,2580.300048828125,509.765625,1.990625023841858,1.023634672164917,2659.0
2026-09-09T08:34:00.000+08:00,169.5244598388672,11.96329116821289,9.7294921875,8.14638614654541,0.12545441091060638,382.6000061035156,1.8559999465942383,1.0299999713897705,2580.300048828125,509.765625,1.990625023841858,1.0298254489898682,2659.0
2026-09-09T08:35:00.000+08:00,168.6782684326172,12.005115509033203,9.72265625,7.884688854217529,0.13025245070457458,382.3999938964844,1.8489999771118164,1.031999945640564,2580.300048828125,509.765625,1.990625023841858,1.0268646478652954,2659.0
2026-09-09T08:36:00.000+08:00,168.83094787597656,11.984149932861328,9.666748046875,7.30463981628418,0.14100627601146698,382.3999938964844,1.8480000495910645,1.0260000228881836,2580.300048828125,509.765625,1.990625023841858,1.02565336227417,2659.0
2026-09-09T08:37:00.000+08:00,170.12008666992188,11.978225708007812,9.70849609375,7.756587028503418,0.13227467238903046,382.29998779296875,1.8509999513626099,1.0260000228881836,2580.300048828125,509.765625,1.990625023841858,1.0280758142471313,2659.0
2026-09-09T08:38:00.000+08:00,170.1399688720703,11.941841125488281,9.673828125,7.466434001922607,0.13728106021881104,382.20001220703125,1.8450000286102295,1.0260000228881836,2580.300048828125,506.25,1.990625023841858,1.0222887992858887,2659.0
2026-09-09T08:39:00.000+08:00,170.75067138671875,11.922843933105469,9.625,7.411439418792725,0.13870450854301453,382.20001220703125,1.8509999513626099,1.0260000228881836,2580.39990234375,506.25,1.990625023841858,1.0235000848770142,2659.0
2026-09-09T08:40:00.000+08:00,171.88131713867188,11.883777618408203,9.7294921875,7.825038433074951,0.1311175674200058,382.1000061035156,1.847000002861023,1.0260000228881836,2580.39990234375,506.25,1.990625023841858,1.0218850374221802,2659.0
2026-09-09T08:41:00.000+08:00,175.6660614013672,11.919071197509766,9.736328125,7.593945503234863,0.13537099957466125,382.29998779296875,1.8509999513626099,1.027999997138977,2580.39990234375,506.25,1.990625023841858,1.027268409729004,2660.0
2026-09-09T08:42:00.000+08:00,168.98721313476562,11.885154724121094,9.757080078125,7.287635803222656,0.1409236192703247,382.70001220703125,1.8389999866485596,1.024999976158142,2580.39990234375,506.25,2.0289063453674316,1.0349395275115967,2660.0
2026-09-09T08:43:00.000+08:00,167.9855194091797,11.986137390136719,9.694580078125,7.275740623474121,0.14101657271385193,382.5,1.840999960899353,1.0240000486373901,2580.39990234375,506.25,1.990625023841858,1.026460886001587,2660.0
2026-09-09T08:44:00.000+08:00,173.66099548339844,11.942802429199219,9.75,7.257963180541992,0.1410864144563675,382.3999938964844,1.847000002861023,1.0260000228881836,2580.39990234375,509.765625,1.990625023841858,1.0260571241378784,2660.0
2026-09-09T08:45:00.000+08:00,175.27320861816406,11.974861145019531,9.72265625,7.670157432556152,0.13337405025959015,382.79998779296875,1.8530000448226929,1.031000018119812,2580.5,509.765625,1.990625023841858,1.0269992351531982,2660.0
2026-09-09T08:46:00.000+08:00,178.1454620361328,11.888927459716797,9.736328125,7.964502334594727,0.1289471685886383,382.8999938964844,1.8569999933242798,1.0360000133514404,2580.5,509.765625,1.990625023841858,1.031844139099121,2660.0
2026-09-09T08:47:00.000+08:00,180.59222412109375,11.77093505859375,9.72265625,8.000245094299316,0.12899604439735413,382.6000061035156,1.840000033378601,1.0260000228881836,2580.5,509.765625,1.990625023841858,1.0290179252624512,2660.0
2026-09-09T08:48:00.000+08:00,179.8775177001953,11.86172103881836,9.701416015625,7.823301315307617,0.13165797293186188,382.5,1.847000002861023,1.0290000438690186,2580.5,509.765625,1.990625023841858,1.0310367345809937,2660.0
2026-09-09T08:49:00.000+08:00,177.43443298339844,11.818115234375,9.7783203125,7.438084125518799,0.1379387378692627,382.6000061035156,1.8489999771118164,1.0269999504089355,2580.5,509.765625,1.990625023841858,1.0284795761108398,2660.0
2026-09-09T08:50:00.000+08:00,177.1434783935547,11.903068542480469,9.673583984375,7.770652770996094,0.13267868757247925,382.70001220703125,1.8519999980926514,1.0299999713897705,2580.5,509.765625,1.990625023841858,1.0278067588806152,2660.0
2026-09-09T08:51:00.000+08:00,174.10675048828125,11.926799774169922,9.632080078125,7.000833988189697,0.1466968059539795,382.79998779296875,1.8450000286102295,1.0329999923706055,2580.60009765625,509.765625,1.990625023841858,1.0306329727172852,2660.0
2026-09-09T08:52:00.000+08:00,177.61619567871094,11.834224700927734,9.791748046875,7.646024227142334,0.13457974791526794,382.0,1.8480000495910645,1.0299999713897705,2580.60009765625,509.765625,1.990625023841858,1.0268646478652954,2660.0
2026-09-09T08:53:00.000+08:00,178.25672912597656,11.821880340576172,9.736328125,7.460169315338135,0.13806657493114471,382.1000061035156,1.8450000286102295,1.0299999713897705,2580.60009765625,509.765625,1.990625023841858,1.0292870998382568,2660.0
2026-09-09T08:54:00.000+08:00,175.6880340576172,11.849063873291016,9.66015625,7.121436595916748,0.14393162727355957,382.6000061035156,1.8389999866485596,1.027999997138977,2580.60009765625,509.765625,1.990625023841858,1.0282104015350342,2660.0
2026-09-09T08:55:00.000+08:00,175.55825805664062,11.856868743896484,9.722412109375,7.365785598754883,0.1392926722764969,382.5,1.8639999628067017,1.027999997138977,2580.60009765625,509.765625,1.990625023841858,1.0278067588806152,2660.0
2026-09-09T08:56:00.000+08:00,177.21229553222656,11.767585754394531,9.736328125,7.740071773529053,0.13320289552211761,382.29998779296875,1.843000054359436,1.0290000438690186,2580.60009765625,509.765625,1.990625023841858,1.0284795761108398,2660.0
2026-09-09T08:57:00.000+08:00,176.38446044921875,11.781734466552734,9.632080078125,7.620222568511963,0.13542911410331726,382.20001220703125,1.850000023841858,1.031999945640564,2580.699951171875,509.765625,1.990625023841858,1.027268409729004,2660.0
2026-09-09T08:58:00.000+08:00,179.02862548828125,11.862918853759766,9.576416015625,7.042750835418701,0.14708037674427032,381.79998779296875,1.843999981880188,1.0260000228881836,2580.699951171875,509.765625,1.990625023841858,1.02565336227417,2660.0
2026-09-09T08:59:00.000+08:00,173.28834533691406,11.699142456054688,9.6669921875,7.00379753112793,0.14834809303283691,381.79998779296875,1.840999960899353,1.0260000228881836,2580.699951171875,506.25,1.990625023841858,1.02471125125885,2660.0
2026-09-09T09:00:00.000+08:00,173.0264434814453,11.782611846923828,9.6669921875,7.435008525848389,0.1385338008403778,381.8999938964844,1.8480000495910645,1.027999997138977,2580.699951171875,506.25,1.990625023841858,1.0222887992858887,2660.0
2026-09-09T09:01:00.000+08:00,177.9589385986328,11.652725219726562,9.382080078125,7.367684841156006,0.13871385157108307,381.6000061035156,1.8370000123977661,1.0210000276565552,2580.699951171875,506.25,1.990625023841858,1.025518774986267,2660.0
2026-09-09T09:02:00.000+08:00,173.28790283203125,11.564193725585938,9.486083984375,7.529738903045654,0.13572847843170166,381.6000061035156,1.8459999561309814,1.0240000486373901,2580.699951171875,506.25,1.990625023841858,1.0218850374221802,2660.0
2026-09-09T09:03:00.000+08:00,168.37953186035156,11.601886749267578,9.34765625,7.585900783538818,0.1349872648715973,382.29998779296875,1.8519999980926514,1.0299999713897705,2580.800048828125,509.765625,1.990625023841858,1.0292870998382568,2660.0
2026-09-09T09:04:00.000+08:00,164.69691467285156,11.570541381835938,9.3408203125,6.853863716125488,0.15013429522514343,381.79998779296875,1.8569999933242798,1.0329999923706055,2580.800048828125,506.25,1.990625023841858,1.0267300605773926,2660.0
2026-09-09T09:05:00.000+08:00,167.05810546875,11.553577423095703,9.33349609375,7.390718936920166,0.13868746161460876,381.5,1.850000023841858,1.0240000486373901,2580.800048828125,506.25,1.990625023841858,1.0243076086044312,2660.0
2026-09-09T09:06:00.000+08:00,170.2499542236328,11.516586303710938,9.3056640625,7.503024578094482,0.13661156594753265,381.29998779296875,1.847000002861023,1.0210000276565552,2580.800048828125,506.25,1.990625023841858,1.02471125125885,2660.0
2026-09-09T09:07:00.000+08:00,159.64797973632812,11.590019226074219,9.361328125,6.8671875,0.1492605209350586,382.1000061035156,1.847000002861023,1.0299999713897705,2580.800048828125,509.765625,1.990625023841858,1.0280758142471313,2660.0
2026-09-09T09:08:00.000+08:00,157.30447387695312,11.639148712158203,9.4375,7.342555046081543,0.1390524059534073,382.0,1.8459999561309814,1.0269999504089355,2580.89990234375,506.25,1.990625023841858,1.0313057899475098,2660.0
2026-09-09T09:09:00.000+08:00,159.26817321777344,11.620441436767578,9.4375,7.157643795013428,0.143482968211174,382.1000061035156,1.8660000562667847,1.0269999504089355,2580.89990234375,509.765625,1.990625023841858,1.0280758142471313,2660.0
2026-09-09T09:10:00.000+08:00,166.45347595214844,11.72469711303711,9.507080078125,7.1917595863342285,0.14405375719070435,381.8999938964844,1.8519999980926514,1.0210000276565552,2580.89990234375,506.25,1.990625023841858,1.027268409729004,2660.0
2026-09-09T09:11:00.000+08:00,166.99501037597656,11.660926818847656,9.41015625,6.7755913734436035,0.15216383337974548,381.8999938964844,1.843999981880188,1.0230000019073486,2580.89990234375,506.25,1.990625023841858,1.026460886001587,2660.0
2026-09-09T09:12:00.000+08:00,163.3234100341797,11.658329010009766,9.47265625,6.821181297302246,0.15026722848415375,382.20001220703125,1.8509999513626099,1.027999997138977,2580.89990234375,509.765625,1.990625023841858,1.0314403772354126,2660.0
2026-09-09T09:13:00.000+08:00,163.6214599609375,11.63064956665039,9.451416015625,7.665428638458252,0.1335867941379547,382.3999938964844,1.847000002861023,1.0290000438690186,2580.89990234375,509.765625,1.990625023841858,1.0302292108535767,2660.0
2026-09-09T09:14:00.000+08:00,159.33958435058594,11.619441986083984,9.33349609375,7.089662075042725,0.1454230099916458,382.5,1.847000002861023,1.0290000438690186,2581.0,509.765625,1.990625023841858,1.0310367345809937,2660.0
2026-09-09T09:15:00.000+08:00,156.7997589111328,11.56903076171875,9.45849609375,7.023746490478516,0.1465030014514923,381.8999938964844,1.840000033378601,1.024999976158142,2581.0,506.25,1.990625023841858,1.026460886001587,2660.0
2026-09-09T09:16:00.000+08:00,158.7332000732422,11.6541748046875,9.347412109375,6.797202110290527,0.15079733729362488,381.8999938964844,1.847000002861023,1.0260000228881836,2581.0,506.25,1.990625023841858,1.0240384340286255,2660.0
2026-09-09T09:17:00.000+08:00,165.87855529785156,11.678192138671875,9.423828125,6.985323429107666,0.14644992351531982,382.1000061035156,1.8519999980926514,1.027999997138977,2581.0,509.765625,1.990625023841858,1.0280758142471313,2660.0
2026-09-09T09:18:00.000+08:00,167.99420166015625,11.686103820800781,9.423828125,7.6398091316223145,0.1348201185464859,382.0,1.8450000286102295,1.0230000019073486,2581.0,506.25,1.990625023841858,1.0235000848770142,2660.0
2026-09-09T09:19:00.000+08:00,170.04371643066406,11.675621032714844,9.486083984375,7.37133264541626,0.13891653716564178,381.6000061035156,1.8450000286102295,1.0240000486373901,2581.0,506.25,1.990625023841858,1.02471125125885,2660.0
2026-09-09T09:20:00.000+08:00,175.1597442626953,11.737239837646484,9.486328125,7.86929178237915,0.1291094571352005,381.6000061035156,1.8450000286102295,1.0230000019073486,2581.10009765625,506.25,1.990625023841858,1.0230963230133057,2660.0
2026-09-09T09:21:00.000+08:00,172.26625061035156,11.676834106445312,9.3544921875,7.132953643798828,0.14383943378925323,381.79998779296875,1.8359999656677246,1.0199999809265137,2581.10009765625,506.25,1.990625023841858,1.0210776329040527,2660.0
2026-09-09T09:22:00.000+08:00,173.3580780029297,11.709354400634766,9.416748046875,7.99352502822876,0.12735307216644287,381.8999938964844,1.8550000190734863,1.0240000486373901,2581.10009765625,506.25,1.990625023841858,1.0240384340286255,2660.0
2026-09-09T09:23:00.000+08:00,177.2532196044922,11.693511962890625,9.3681640625,8.161672592163086,0.12497438490390778,381.79998779296875,1.8389999866485596,1.0210000276565552,2581.10009765625,506.25,1.990625023841858,1.0252496004104614,2660.0
2026-09-09T09:24:00.000+08:00,173.34495544433594,11.654468536376953,9.4306640625,7.762018203735352,0.13192445039749146,381.70001220703125,1.8580000400543213,1.034000039100647,2581.10009765625,506.25,1.990625023841858,1.0393807888031006,2660.0
2026-09-09T09:25:00.000+08:00,175.1990509033203,11.738910675048828,9.541748046875,7.931777477264404,0.12922702729701996,381.5,1.850000023841858,1.0260000228881836,2581.10009765625,506.25,2.0289063453674316,1.0353432893753052,2660.0
2026-09-09T09:26:00.000+08:00,173.92681884765625,11.72537612915039,9.4794921875,7.615884304046631,0.13406190276145935,381.79998779296875,1.8530000448226929,1.0260000228881836,2581.199951171875,506.25,1.990625023841858,1.0235000848770142,2660.0
2026-09-09T09:27:00.000+08:00,180.0425262451172,11.647937774658203,9.47265625,7.468746662139893,0.137238547205925,382.0,1.8539999723434448,1.0260000228881836,2581.199951171875,506.25,1.990625023841858,1.0252496004104614,2660.0
2026-09-09T09:28:00.000+08:00,176.83139038085938,11.694217681884766,9.548828125,7.631246089935303,0.13392308354377747,382.5,1.8389999866485596,1.024999976158142,2581.199951171875,509.765625,1.990625023841858,1.024442195892334,2660.0
2026-09-09T09:29:00.000+08:00,176.52456665039062,11.627281188964844,9.472412109375,7.919826030731201,0.12866444885730743,381.8999938964844,1.8359999656677246,1.0219999551773071,2581.199951171875,506.25,1.990625023841858,1.026460886001587,2660.0
2026-09-09T09:30:00.000+08:00,182.8736114501953,11.749893188476562,9.520751953125,8.077821731567383,0.12713824212551117,382.29998779296875,1.8420000076293945,1.0260000228881836,2581.199951171875,509.765625,1.990625023841858,1.027268409729004,2660.0
2026-09-09T09:31:00.000+08:00,181.49412536621094,11.740989685058594,9.4169921875,7.722723484039307,0.1325957030057907,382.1000061035156,1.8420000076293945,1.024999976158142,2581.199951171875,506.25,1.990625023841858,1.026460886001587,2660.0
2026-09-09T09:32:00.000+08:00,174.17898559570312,11.675525665283203,9.52099609375,7.880599498748779,0.13006624579429626,381.79998779296875,1.8320000171661377,1.0230000019073486,2581.300048828125,506.25,1.990625023841858,1.0235000848770142,2660.0
2026-09-09T09:33:00.000+08:00,175.60569763183594,11.725666046142578,9.444580078125,8.243553161621094,0.12433958798646927,382.1000061035156,1.840999960899353,1.0230000019073486,2581.300048828125,506.25,1.990625023841858,1.0240384340286255,2660.0
2026-09-09T09:34:00.000+08:00,177.12081909179688,11.619647979736328,9.4306640625,7.402669906616211,0.1379232108592987,381.79998779296875,1.8450000286102295,1.031999945640564,2581.300048828125,506.25,1.990625023841858,1.0240384340286255,2660.0
2026-09-09T09:35:00.000+08:00,179.63987731933594,11.604331970214844,9.472412109375,7.6657280921936035,0.1333206743001938,382.0,1.840999960899353,1.024999976158142,2581.300048828125,509.765625,1.990625023841858,1.0268646478652954,2660.0
2026-09-09T09:36:00.000+08:00,195.50958251953125,11.616573333740234,9.4169921875,8.46963119506836,0.12102062255144119,382.0,1.8420000076293945,1.027999997138977,2581.300048828125,509.765625,1.990625023841858,1.0268646478652954,2660.0
2026-09-09T09:37:00.000+08:00,185.4495391845703,11.519546508789062,9.486083984375,7.782276153564453,0.13222353160381317,381.8999938964844,1.8420000076293945,1.024999976158142,2581.300048828125,506.25,1.990625023841858,1.0240384340286255,2660.0
2026-09-09T09:38:00.000+08:00,182.75360107421875,11.723587036132812,9.611083984375,7.975804805755615,0.13087570667266846,381.8999938964844,1.850000023841858,1.024999976158142,2581.39990234375,509.765625,1.990625023841858,1.0240384340286255,2660.0
2026-09-09T09:39:00.000+08:00,193.89349365234375,11.780937194824219,9.59765625,7.751962661743164,0.13261157274246216,381.8999938964844,1.843000054359436,1.0230000019073486,2581.39990234375,509.765625,1.990625023841858,1.02565336227417,2661.0
2026-09-09T09:40:00.000+08:00,186.1497344970703,11.704586029052734,9.64599609375,7.573183059692383,0.13534599542617798,382.0,1.847000002861023,1.0260000228881836,2581.39990234375,506.25,1.990625023841858,1.0240384340286255,2661.0
2026-09-09T09:41:00.000+08:00,190.48129272460938,11.711616516113281,9.673828125,8.468679428100586,0.12103421986103058,381.8999938964844,1.8389999866485596,1.0260000228881836,2581.39990234375,509.765625,1.990625023841858,1.0280758142471313,2661.0
2026-09-09T09:42:00.000+08:00,190.21603393554688,11.799034118652344,9.632080078125,8.067198753356934,0.12780147790908813,382.0,1.840000033378601,1.0260000228881836,2581.39990234375,506.25,1.990625023841858,1.0252496004104614,2661.0
2026-09-09T09:43:00.000+08:00,195.81036376953125,11.858375549316406,9.7294921875,8.094228744506836,0.12712761759757996,382.20001220703125,1.8480000495910645,1.031000018119812,2581.5,509.765625,1.990625023841858,1.0265954732894897,2661.0
2026-09-09T09:44:00.000+08:00,183.50564575195312,11.689559936523438,9.6875,7.6121721267700195,0.1346527636051178,381.70001220703125,1.8380000591278076,1.0180000066757202,2581.5,506.25,1.990625023841858,1.02471125125885,2661.0
2026-09-09T09:45:00.000+08:00,181.4308624267578,11.762256622314453,9.66015625,7.234502792358398,0.14223507046699524,381.3999938964844,1.840999960899353,1.0240000486373901,2581.5,506.25,1.990625023841858,1.025518774986267,2661.0
2026-09-09T09:46:00.000+08:00,193.6314697265625,11.833858489990234,9.6533203125,7.707427024841309,0.13272911310195923,381.5,1.843999981880188,1.0219999551773071,2581.5,506.25,1.990625023841858,1.0243076086044312,2661.0
2026-09-09T09:47:00.000+08:00,185.1920166015625,11.868064880371094,9.5908203125,7.7435760498046875,0.13198037445545197,381.3999938964844,1.843000054359436,1.0240000486373901,2581.5,506.25,1.990625023841858,1.0214812755584717,2661.0
2026-09-09T09:48:00.000+08:00,179.16297912597656,11.809894561767578,9.6875,7.801296234130859,0.13100387156009674,381.3999938964844,1.8489999771118164,1.0230000019073486,2581.5,506.25,1.990625023841858,1.025518774986267,2661.0
2026-09-09T09:49:00.000+08:00,183.94740295410156,11.826129913330078,9.6875,8.22385311126709,0.12415105104446411,381.5,1.8459999561309814,1.0260000228881836,2581.60009765625,506.25,1.990625023841858,1.02471125125885,2661.0
2026-09-09T09:50:00.000+08:00,188.21990966796875,11.860946655273438,9.625,7.655580997467041,0.1332361400127411,382.0,1.8489999771118164,1.024999976158142,2581.60009765625,509.765625,1.990625023841858,1.02565336227417,2661.0
2026-09-09T09:51:00.000+08:00,182.9466094970703,11.838603973388672,9.7431640625,7.63820743560791,0.13406287133693695,381.8999938964844,1.8559999465942383,1.0260000228881836,2581.60009765625,509.765625,1.990625023841858,1.024442195892334,2661.0
2026-09-09T09:52:00.000+08:00,181.3615264892578,11.892475128173828,9.75,7.585399150848389,0.13539168238639832,381.79998779296875,1.8519999980926514,1.0240000486373901,2581.60009765625,506.25,1.990625023841858,1.0292870998382568,2661.0
2026-09-09T09:53:00.000+08:00,186.3732147216797,11.864299774169922,9.694580078125,7.928936004638672,0.12851661443710327,382.1000061035156,1.8509999513626099,1.0230000019073486,2581.60009765625,506.25,1.990625023841858,1.02471125125885,2661.0
2026-09-09T09:54:00.000+08:00,182.11199951171875,11.81180191040039,9.625,7.578178882598877,0.13499285280704498,381.79998779296875,1.8539999723434448,1.024999976158142,2581.60009765625,506.25,1.990625023841858,1.0276721715927124,2661.0
2026-09-09T09:55:00.000+08:00,182.35791015625,11.80319595336914,9.722412109375,7.7239789962768555,0.13270361721515656,381.79998779296875,1.8509999513626099,1.024999976158142,2581.699951171875,506.25,1.990625023841858,1.02471125125885,2661.0
2026-09-09T09:56:00.000+08:00,189.21925354003906,11.744449615478516,9.6533203125,7.698519229888916,0.13314248621463776,381.6000061035156,1.8569999933242798,1.0240000486373901,2581.699951171875,506.25,1.990625023841858,1.0235000848770142,2661.0
2026-09-09T09:57:00.000+08:00,188.9564208984375,11.721012115478516,9.659912109375,7.752927303314209,0.13233710825443268,381.29998779296875,1.8589999675750732,1.0290000438690186,2581.699951171875,506.25,1.990625023841858,1.0260571241378784,2661.0
2026-09-09T09:58:00.000+08:00,189.07742309570312,11.792530059814453,9.694580078125,7.851128101348877,0.13042712211608887,381.3999938964844,1.8519999980926514,1.0199999809265137,2581.699951171875,506.25,1.990625023841858,1.0243076086044312,2661.0
2026-09-09T09:59:00.000+08:00,186.32757568359375,11.743362426757812,9.5625,7.408603668212891,0.1383526623249054,381.3999938964844,1.8580000400543213,1.0290000438690186,2581.699951171875,506.25,1.990625023841858,1.0222887992858887,2661.0
2026-09-09T10:00:00.000+08:00,182.05422973632812,11.719928741455078,9.597412109375,7.2200469970703125,0.14182732999324799,381.3999938964844,1.8559999465942383,1.0240000486373901,2581.699951171875,506.25,1.990625023841858,1.0243076086044312,2661.0
2026-09-09T10:01:00.000+08:00,185.21470642089844,11.705196380615234,9.638916015625,7.40862512588501,0.13835225999355316,381.3999938964844,1.8639999628067017,1.027999997138977,2581.800048828125,506.25,1.990625023841858,1.0222887992858887,2661.0
2026-09-09T10:02:00.000+08:00,185.16940307617188,11.705490112304688,9.632080078125,7.797204971313477,0.1317138671875,381.29998779296875,1.8559999465942383,1.0219999551773071,2581.800048828125,506.25,1.990625023841858,1.0198663473129272,2661.0
2026-09-09T10:03:00.000+08:00,185.57395935058594,11.720722198486328,9.6806640625,7.2993364334106445,0.1404237151145935,381.5,1.8539999723434448,1.0260000228881836,2581.800048828125,506.25,1.990625023841858,1.027268409729004,2661.0
2026-09-09T10:04:00.000+08:00,189.1392059326172,11.78005599975586,9.7158203125,7.337414741516113,0.1392861157655716,381.6000061035156,1.8569999933242798,1.0230000019073486,2581.800048828125,506.25,1.990625023841858,1.0182512998580933,2661.0
2026-09-09T10:05:00.000+08:00,190.0269012451172,11.830085754394531,9.7158203125,7.659939765930176,0.1339436173439026,381.20001220703125,1.8480000495910645,1.0180000066757202,2581.800048828125,506.25,1.990625023841858,1.0230963230133057,2661.0
2026-09-09T10:06:00.000+08:00,189.4159698486328,11.767772674560547,9.791748046875,8.056092262268066,0.12710878252983093,381.5,1.843999981880188,1.024999976158142,2581.800048828125,506.25,1.990625023841858,1.0222887992858887,2661.0
2026-09-09T10:07:00.000+08:00,187.5977325439453,11.815643310546875,9.78515625,8.148650169372559,0.12541954219341278,381.29998779296875,1.8459999561309814,1.0240000486373901,2581.89990234375,506.25,1.990625023841858,1.0206738710403442,2661.0
2026-09-09T10:08:00.000+08:00,191.02503967285156,11.872905731201172,9.59033203125,7.5361151695251465,0.1358790248632431,381.20001220703125,1.8370000123977661,1.0190000534057617,2581.89990234375,506.25,1.990625023841858,1.0230963230133057,2661.0
2026-09-09T10:09:00.000+08:00,189.45652770996094,11.841468811035156,9.6669921875,7.957338333129883,0.12818355858325958,381.8999938964844,1.8459999561309814,1.0240000486373901,2581.89990234375,506.25,1.990625023841858,1.0240384340286255,2661.0
2026-09-09T10:10:00.000+08:00,186.85655212402344,11.880428314208984,9.7431640625,8.009139060974121,0.12785392999649048,381.8999938964844,1.8519999980926514,1.0230000019073486,2581.89990234375,506.25,1.990625023841858,1.0228271484375,2661.0
2026-09-09T10:11:00.000+08:00,185.9379425048828,11.86458969116211,9.673828125,8.22677230834961,0.12422854453325272,381.3999938964844,1.8459999561309814,1.0230000019073486,2581.89990234375,506.25,1.990625023841858,1.025518774986267,2661.0
2026-09-09T10:12:00.000+08:00,184.8745574951172,11.835826873779297,9.5625,7.970320701599121,0.12835116684436798,381.6000061035156,1.843999981880188,1.0210000276565552,2581.89990234375,506.25,1.990625023841858,1.0206738710403442,2661.0
2026-09-09T10:13:00.000+08:00,188.4626922607422,11.836910247802734,9.659912109375,8.011838912963867,0.12793567776679993,381.3999938964844,1.843000054359436,1.0190000534057617,2582.0,506.25,1.990625023841858,1.0226925611495972,2661.0
2026-09-09T10:14:00.000+08:00,186.2135772705078,11.837814331054688,9.673583984375,8.342419624328613,0.12238655239343643,382.0,1.8450000286102295,1.0269999504089355,2582.0,506.25,1.990625023841858,1.026460886001587,2661.0
2026-09-09T10:15:00.000+08:00,186.395263671875,11.853336334228516,9.632080078125,7.726509094238281,0.13201305270195007,381.6000061035156,1.8459999561309814,1.0260000228881836,2582.0,506.25,1.990625023841858,1.0228271484375,2661.0
2026-09-09T10:16:00.000+08:00,187.05770874023438,11.84560775756836,9.694580078125,8.130105972290039,0.12570561468601227,381.70001220703125,1.847000002861023,1.0230000019073486,2582.0,506.25,1.990625023841858,1.026460886001587,2661.0
2026-09-09T10:17:00.000+08:00,188.2145538330078,11.766685485839844,9.736328125,8.365821838378906,0.12228327244520187,381.20001220703125,1.840999960899353,1.0199999809265137,2582.0,506.25,1.990625023841858,1.0210776329040527,2661.0
2026-09-09T10:18:00.000+08:00,189.38401794433594,11.78597640991211,9.66015625,7.905313014984131,0.12965963780879974,381.6000061035156,1.8530000448226929,1.0269999504089355,2582.0,506.25,1.990625023841858,1.0230963230133057,2661.0
2026-09-09T10:19:00.000+08:00,189.48867797851562,11.785686492919922,9.6806640625,7.972428798675537,0.12819179892539978,381.3999938964844,1.843999981880188,1.0230000019073486,2582.10009765625,506.25,1.990625023841858,1.0214812755584717,2661.0
2026-09-09T10:20:00.000+08:00,187.82284545898438,11.841659545898438,9.6875,7.921689510345459,0.1293915957212448,381.3999938964844,1.8380000591278076,1.0199999809265137,2582.10009765625,506.25,1.990625023841858,1.0230963230133057,2661.0
2026-09-09T10:21:00.000+08:00,187.69284057617188,11.696388244628906,9.66015625,8.120149612426758,0.12598289549350739,382.20001220703125,1.843000054359436,1.0260000228881836,2582.10009765625,509.765625,1.990625023841858,1.0292870998382568,2661.0
2026-09-09T10:22:00.000+08:00,186.41525268554688,11.79330062866211,9.673583984375,8.172589302062988,0.1248074471950531,381.6000061035156,1.8389999866485596,1.0180000066757202,2582.10009765625,506.25,1.990625023841858,1.0202701091766357,2661.0
2026-09-09T10:23:00.000+08:00,189.90347290039062,11.806949615478516,9.66015625,7.778001308441162,0.13229618966579437,381.5,1.843999981880188,1.0230000019073486,2582.10009765625,506.25,1.990625023841858,1.0226925611495972,2661.0
2026-09-09T10:24:00.000+08:00,187.6538543701172,11.860824584960938,9.722412109375,8.187888145446777,0.12420784682035446,381.29998779296875,1.8589999675750732,1.0260000228881836,2582.199951171875,506.25,1.990625023841858,1.02471125125885,2661.0
2026-09-09T10:25:00.000+08:00,187.78614807128906,11.8504638671875,9.6875,7.489424228668213,0.1355244368314743,381.70001220703125,1.843999981880188,1.0240000486373901,2582.199951171875,506.25,1.990625023841858,1.0198663473129272,2661.0
2026-09-09T10:26:00.000+08:00,192.38645935058594,11.861534118652344,9.66015625,8.268953323364258,0.12371577322483063,381.5,1.843000054359436,1.0260000228881836,2582.199951171875,506.25,1.990625023841858,1.0214812755584717,2661.0
2026-09-09T10:27:00.000+08:00,191.83164978027344,11.813972473144531,9.70849609375,8.19543743133545,0.1247035413980484,381.5,1.847000002861023,1.0260000228881836,2582.199951171875,506.25,1.990625023841858,1.02471125125885,2661.0
2026-09-09T10:28:00.000+08:00,186.66751098632812,11.854419708251953,9.7431640625,7.967552185058594,0.12864679098129272,381.20001220703125,1.840999960899353,1.0110000371932983,2582.199951171875,506.25,1.990625023841858,1.0169055461883545,2661.0
2026-09-09T10:29:00.000+08:00,188.9667510986328,11.836910247802734,9.632080078125,7.892930030822754,0.1292295753955841,380.8999938964844,1.8389999866485596,1.0219999551773071,2582.199951171875,506.25,1.990625023841858,1.0205392837524414,2661.0
2026-09-09T10:30:00.000+08:00,191.29461669921875,11.759788513183594,9.659912109375,8.339144706726074,0.1223147064447403,381.70001220703125,1.8489999771118164,1.024999976158142,2582.300048828125,506.25,1.990625023841858,1.0218850374221802,2661.0
2026-09-09T10:31:00.000+08:00,193.6162109375,11.797660827636719,9.597412109375,8.11447811126709,0.1258244812488556,381.5,1.847000002861023,1.0299999713897705,2582.300048828125,506.25,1.990625023841858,1.0194625854492188,2661.0
2026-09-09T10:32:00.000+08:00,193.13169860839844,11.801502227783203,9.6533203125,8.100136756896973,0.1264176219701767,381.20001220703125,1.8459999561309814,1.0169999599456787,2582.300048828125,506.25,1.990625023841858,1.0202701091766357,2661.0
2026-09-09T10:33:00.000+08:00,197.9106903076172,11.903068542480469,9.6669921875,8.275391578674316,0.12374036759138107,380.79998779296875,1.843999981880188,1.0180000066757202,2582.300048828125,506.25,1.990625023841858,1.0197317600250244,2661.0
2026-09-09T10:34:00.000+08:00,194.52023315429688,11.911273956298828,9.625,8.14889144897461,0.12492497265338898,380.5,1.840999960899353,1.0160000324249268,2582.300048828125,506.25,1.990625023841858,1.0179821252822876,2661.0
2026-09-09T10:35:00.000+08:00,191.2979736328125,11.829479217529297,9.7294921875,8.054242134094238,0.1268896460533142,380.3999938964844,1.8370000123977661,1.0130000114440918,2582.300048828125,506.25,1.990625023841858,1.0147521495819092,2661.0
2026-09-09T10:36:00.000+08:00,190.2041473388672,11.84621810913086,9.694580078125,8.148148536682129,0.1250590831041336,380.6000061035156,1.8380000591278076,1.0140000581741333,2582.39990234375,506.25,1.990625023841858,1.017309308052063,2661.0
2026-09-09T10:37:00.000+08:00,190.61691284179688,11.911163330078125,9.729248046875,8.509363174438477,0.11963292211294174,381.1000061035156,1.8450000286102295,1.0219999551773071,2582.39990234375,506.25,1.990625023841858,1.019327998161316,2662.0
2026-09-09T10:38:00.000+08:00,191.66673278808594,11.899890899658203,9.736328125,8.426725387573242,0.12068744748830795,380.79998779296875,1.843999981880188,1.0180000066757202,2582.39990234375,506.25,1.990625023841858,1.0197317600250244,2662.0
2026-09-09T10:39:00.000+08:00,184.53919982910156,11.896358489990234,9.6806640625,7.956421375274658,0.12794697284698486,380.6000061035156,1.8320000171661377,1.0140000581741333,2582.39990234375,506.25,1.990625023841858,1.0124642848968506,2662.0
2026-09-09T10:40:00.000+08:00,190.99790954589844,12.056358337402344,9.7431640625,8.32768440246582,0.12200270593166351,380.8999938964844,1.8559999465942383,1.0269999504089355,2582.39990234375,506.25,1.990625023841858,1.0257879495620728,2662.0
2026-09-09T10:41:00.000+08:00,192.038818359375,11.969024658203125,9.6181640625,8.472314834594727,0.12003803253173828,380.79998779296875,1.8480000495910645,1.0180000066757202,2582.39990234375,506.25,1.990625023841858,1.016501784324646,2662.0
2026-09-09T10:42:00.000+08:00,187.1865692138672,12.045082092285156,9.6669921875,8.81248950958252,0.11495048552751541,380.8999938964844,1.840999960899353,1.0180000066757202,2582.5,506.25,1.990625023841858,1.0177130699157715,2662.0
2026-09-09T10:43:00.000+08:00,187.83551025390625,11.963897705078125,9.722412109375,9.23662281036377,0.11042996495962143,380.6000061035156,1.8519999980926514,1.0190000534057617,2582.5,506.25,1.990625023841858,1.02094304561615,2662.0
2026-09-09T10:44:00.000+08:00,189.5098419189453,12.052989959716797,9.659912109375,8.636713981628418,0.11844783276319504,380.79998779296875,1.8420000076293945,1.0149999856948853,2582.5,506.25,1.990625023841858,1.0189242362976074,2662.0
2026-09-09T10:45:00.000+08:00,186.52992248535156,11.877670288085938,9.611328125,8.582411766052246,0.11849816143512726,380.8999938964844,1.8329999446868896,1.0180000066757202,2582.5,506.25,1.990625023841858,1.017309308052063,2662.0
2026-09-09T10:46:00.000+08:00,190.39523315429688,11.746379852294922,9.3681640625,8.645851135253906,0.11785999685525894,381.0,1.8339999914169312,1.0190000534057617,2582.5,506.25,1.990625023841858,1.014886736869812,2662.0
2026-09-09T10:47:00.000+08:00,190.19776916503906,11.684154510498047,9.3544921875,8.655080795288086,0.11727216094732285,380.5,1.8359999656677246,1.0180000066757202,2582.5,506.25,1.990625023841858,1.0167709589004517,2662.0
2026-09-09T10:48:00.000+08:00,196.81626892089844,11.599376678466797,9.354248046875,9.012897491455078,0.11306020617485046,380.29998779296875,1.8359999656677246,1.0169999599456787,2582.60009765625,506.25,1.990625023841858,1.0143485069274902,2662.0
2026-09-09T10:49:00.000+08:00,193.78695678710938,11.568511962890625,9.382080078125,8.95820426940918,0.11341558396816254,380.5,1.8320000171661377,1.0140000581741333,2582.60009765625,506.25,1.990625023841858,1.0147521495819092,2662.0
2026-09-09T10:50:00.000+08:00,195.51075744628906,11.666996002197266,9.28515625,8.580769538879395,0.11840429902076721,380.79998779296875,1.8509999513626099,1.027999997138977,2582.60009765625,506.25,2.0289063453674316,1.0296908617019653,2662.0
2026-09-09T10:51:00.000+08:00,193.47071838378906,11.63153076171875,9.472412109375,8.396681785583496,0.120881088078022,380.29998779296875,1.8350000381469727,1.0160000324249268,2582.60009765625,506.25,1.990625023841858,1.0147521495819092,2662.0
2026-09-09T10:52:00.000+08:00,191.6775360107422,11.67087173461914,9.4169921875,8.943371772766113,0.11572816222906113,380.5,1.8229999542236328,1.0160000324249268,2582.60009765625,506.25,1.990625023841858,1.0127334594726562,2662.0
2026-09-09T10:53:00.000+08:00,193.23167419433594,11.678604125976562,9.548828125,8.46048641204834,0.12032405287027359,380.5,1.8250000476837158,1.0180000066757202,2582.60009765625,506.25,1.990625023841858,1.0127334594726562,2662.0
2026-09-09T10:54:00.000+08:00,191.05569458007812,11.694717407226562,9.604248046875,8.741812705993652,0.11599425226449966,380.79998779296875,1.8320000171661377,1.0169999599456787,2582.699951171875,506.25,1.990625023841858,1.018520474433899,2662.0
2026-09-09T10:55:00.000+08:00,190.61065673828125,11.738410949707031,9.5419921875,7.987606525421143,0.12694665789604187,380.8999938964844,1.8270000219345093,1.0130000114440918,2582.699951171875,506.25,1.990625023841858,1.014886736869812,2662.0
2026-09-09T10:56:00.000+08:00,189.65086364746094,11.684951782226562,9.4033203125,8.433065414428711,0.12130820006132126,380.70001220703125,1.8259999752044678,1.0169999599456787,2582.699951171875,506.25,1.990625023841858,1.0155596733093262,2662.0
2026-09-09T10:57:00.000+08:00,188.88009643554688,11.747928619384766,9.4375,8.053085327148438,0.12641116976737976,380.8999938964844,1.8339999914169312,1.0180000066757202,2582.699951171875,506.25,1.990625023841858,1.016501784324646,2662.0
2026-09-09T10:58:00.000+08:00,189.15283203125,11.701648712158203,9.4931640625,8.476102828979492,0.11998438835144043,381.20001220703125,1.8389999866485596,1.0240000486373901,2582.699951171875,506.25,1.990625023841858,1.0198663473129272,2662.0
2026-09-09T10:59:00.000+08:00,179.70132446289062,11.779468536376953,9.375,7.809218883514404,0.1299745887517929,380.6000061035156,1.8519999980926514,1.0260000228881836,2582.699951171875,506.25,1.990625023841858,1.023634672164917,2662.0
2026-09-09T11:00:00.000+08:00,178.95529174804688,11.816791534423828,9.4169921875,8.387887001037598,0.12220002710819244,380.6000061035156,1.8289999961853027,1.0140000581741333,2582.800048828125,506.25,1.990625023841858,1.0151559114456177,2662.0
2026-09-09T11:01:00.000+08:00,178.66661071777344,11.864334106445312,9.34765625,8.532074928283691,0.12025211751461029,380.20001220703125,1.8279999494552612,1.0099999904632568,2582.800048828125,506.25,1.990625023841858,1.0099072456359863,2662.0
2026-09-09T11:02:00.000+08:00,175.25076293945312,11.7828369140625,9.41015625,8.601612091064453,0.11776862293481827,380.29998779296875,1.8289999961853027,1.0119999647140503,2582.800048828125,506.25,1.990625023841858,1.0119259357452393,2662.0
2026-09-09T11:03:00.000+08:00,177.50634765625,11.861446380615234,9.382080078125,8.516555786132812,0.11870996654033661,380.29998779296875,1.850000023841858,1.027999997138977,2582.800048828125,506.25,1.990625023841858,1.0276721715927124,2662.0
2026-09-09T11:04:00.000+08:00,178.431884765625,11.785884857177734,9.5,8.599492073059082,0.1175650805234909,380.20001220703125,1.8279999494552612,1.0119999647140503,2582.800048828125,506.25,1.990625023841858,1.0131372213363647,2662.0
2026-09-09T11:05:00.000+08:00,178.02854919433594,11.674442291259766,9.47265625,8.424501419067383,0.12119410932064056,380.0,1.8170000314712524,1.0080000162124634,2582.800048828125,506.25,1.990625023841858,1.0081576108932495,2662.0
2026-09-09T11:06:00.000+08:00,178.91310119628906,11.565147399902344,9.382080078125,7.966187000274658,0.1270369440317154,379.8999938964844,1.8250000476837158,1.0080000162124634,2582.89990234375,506.25,1.990625023841858,1.0105801820755005,2662.0
2026-09-09T11:07:00.000+08:00,194.3441162109375,11.684112548828125,9.486328125,8.696107864379883,0.11579892784357071,379.8999938964844,1.819000005722046,1.0110000371932983,2582.89990234375,506.25,1.990625023841858,1.009368896484375,2662.0
2026-09-09T11:08:00.000+08:00,192.52728271484375,11.675033569335938,9.472412109375,8.602834701538086,0.11728692799806595,380.1000061035156,1.8359999656677246,1.0099999904632568,2582.89990234375,506.25,1.9523437023162842,1.008561372756958,2662.0
2026-09-09T11:09:00.000+08:00,189.3053436279297,11.69333267211914,9.507080078125,8.13451862335205,0.12403929233551025,379.8999938964844,1.8179999589920044,1.0110000371932983,2582.89990234375,506.25,1.990625023841858,1.009368896484375,2662.0
2026-09-09T11:10:00.000+08:00,191.42178344726562,11.680068969726562,9.548828125,7.869917869567871,0.12729525566101074,380.1000061035156,1.8140000104904175,1.0069999694824219,2582.89990234375,506.25,1.990625023841858,1.010176420211792,2662.0
2026-09-09T11:11:00.000+08:00,185.81419372558594,11.745647430419922,9.5556640625,8.552770614624023,0.1179734617471695,380.20001220703125,1.8220000267028809,1.0099999904632568,2582.89990234375,506.25,1.990625023841858,1.0125988721847534,2662.0
2026-09-09T11:12:00.000+08:00,187.63348388671875,11.627559661865234,9.472412109375,7.772154808044434,0.12969376146793365,380.70001220703125,1.8289999961853027,1.0149999856948853,2583.0,506.25,1.990625023841858,1.0159634351730347,2662.0
2026-09-09T11:13:00.000+08:00,189.24105834960938,11.574256896972656,9.57666015625,8.29878044128418,0.12206612527370453,380.20001220703125,1.8279999494552612,1.0110000371932983,2583.0,506.25,1.990625023841858,1.012195110321045,2662.0
2026-09-09T11:14:00.000+08:00,188.6157989501953,11.630317687988281,9.6181640625,8.364912033081055,0.1212206482887268,380.29998779296875,1.815000057220459,1.0119999647140503,2583.0,506.25,1.990625023841858,1.010176420211792,2662.0
2026-09-09T11:15:00.000+08:00,193.28131103515625,11.635761260986328,9.472412109375,7.565703868865967,0.13349716365337372,379.5,1.819000005722046,1.0069999694824219,2583.0,506.25,1.990625023841858,1.0089651346206665,2662.0
2026-09-09T11:16:00.000+08:00,193.87747192382812,11.698467254638672,9.5419921875,8.32856273651123,0.12150955200195312,380.29998779296875,1.8289999961853027,1.0140000581741333,2583.0,506.25,1.990625023841858,1.0125988721847534,2662.0
2026-09-09T11:17:00.000+08:00,196.74383544921875,11.734371185302734,9.5419921875,8.51266098022461,0.1181769147515297,380.70001220703125,1.8259999752044678,1.0169999599456787,2583.0,506.25,1.990625023841858,1.0159634351730347,2662.0
2026-09-09T11:18:00.000+08:00,192.7798309326172,11.725082397460938,9.451416015625,8.313176155090332,0.12113300710916519,380.3999938964844,1.815999984741211,1.0119999647140503,2583.10009765625,506.25,1.990625023841858,1.0131372213363647,2662.0
2026-09-09T11:19:00.000+08:00,198.4251708984375,11.778205871582031,9.4794921875,8.69113826751709,0.11690068244934082,380.6000061035156,1.8289999961853027,1.0160000324249268,2583.10009765625,506.25,1.990625023841858,1.0115221738815308,2662.0
2026-09-09T11:20:00.000+08:00,192.1301727294922,11.705604553222656,9.479248046875,8.350425720214844,0.12131118029356003,380.70001220703125,1.8250000476837158,1.0180000066757202,2583.10009765625,506.25,1.990625023841858,1.014886736869812,2662.0
2026-09-09T11:21:00.000+08:00,195.62229919433594,11.667709350585938,9.45849609375,9.052759170532227,0.11156819015741348,380.70001220703125,1.8320000171661377,1.0169999599456787,2583.10009765625,506.25,1.990625023841858,1.018520474433899,2662.0
2026-09-09T11:22:00.000+08:00,194.86605834960938,11.6290283203125,9.4658203125,8.938678741455078,0.11399894952774048,380.3999938964844,1.8289999961853027,1.0130000114440918,2583.10009765625,506.25,1.990625023841858,1.0151559114456177,2662.0
2026-09-09T11:23:00.000+08:00,196.39813232421875,11.6390380859375,9.5556640625,8.769346237182617,0.11574408411979675,380.70001220703125,1.8320000171661377,1.0180000066757202,2583.10009765625,506.25,1.990625023841858,1.0167709589004517,2662.0
2026-09-09T11:24:00.000+08:00,195.55682373046875,11.696998596191406,9.5283203125,8.748285293579102,0.11556550860404968,380.3999938964844,1.8300000429153442,1.0140000581741333,2583.199951171875,506.25,1.990625023841858,1.0155596733093262,2662.0
2026-09-09T11:25:00.000+08:00,195.6639862060547,11.75809097290039,9.569580078125,8.637091636657715,0.11728485673666,380.29998779296875,1.812000036239624,1.0119999647140503,2583.199951171875,506.25,1.990625023841858,1.0143485069274902,2662.0
2026-09-09T11:26:00.000+08:00,194.071044921875,11.778068542480469,9.645751953125,8.336085319519043,0.1213999018073082,381.20001220703125,1.8300000429153442,1.0210000276565552,2583.199951171875,506.25,1.990625023841858,1.0181167125701904,2662.0
2026-09-09T11:27:00.000+08:00,196.982421875,11.689582824707031,9.569580078125,8.002218246459961,0.12646493315696716,381.1000061035156,1.8259999752044678,1.0199999809265137,2583.199951171875,506.25,1.990625023841858,1.019327998161316,2662.0
2026-09-09T11:28:00.000+08:00,196.08053588867188,11.63022232055664,9.611328125,8.55824089050293,0.11871598660945892,381.1000061035156,1.8259999752044678,1.0169999599456787,2583.199951171875,506.25,1.990625023841858,1.0205392837524414,2662.0
2026-09-09T11:29:00.000+08:00,195.75782775878906,11.679557800292969,9.64599609375,8.628357887268066,0.11844663321971893,381.0,1.8279999494552612,1.0199999809265137,2583.300048828125,506.25,1.990625023841858,1.0213466882705688,2662.0
2026-09-09T11:30:00.000+08:00,193.97093200683594,11.733783721923828,9.5419921875,7.51607608795166,0.13544301688671112,381.3999938964844,1.8459999561309814,1.0219999551773071,2583.300048828125,506.25,1.990625023841858,1.018520474433899,2662.0
2026-09-09T11:31:00.000+08:00,195.98085021972656,11.761940002441406,9.6533203125,7.741282939910889,0.13189028203487396,381.6000061035156,1.8259999752044678,1.0210000276565552,2583.300048828125,506.25,1.990625023841858,1.0210776329040527,2662.0
2026-09-09T11:32:00.000+08:00,197.725341796875,11.810405731201172,9.597412109375,8.425646781921387,0.12105895578861237,381.1000061035156,1.8200000524520874,1.0169999599456787,2583.300048828125,506.25,1.990625023841858,1.0181167125701904,2662.0
2026-09-09T11:33:00.000+08:00,196.54470825195312,11.808147430419922,9.5556640625,8.27411937713623,0.12339681386947632,381.3999938964844,1.8229999542236328,1.0149999856948853,2583.300048828125,506.25,1.990625023841858,1.0181167125701904,2662.0
2026-09-09T11:34:00.000+08:00,194.79273986816406,11.824756622314453,9.659912109375,8.60436725616455,0.11854444444179535,381.8999938964844,1.815999984741211,1.0219999551773071,2583.300048828125,506.25,1.990625023841858,1.0182512998580933,2662.0
2026-09-09T11:35:00.000+08:00,190.6643829345703,11.863510131835938,9.59765625,8.42105770111084,0.12076867371797562,381.1000061035156,1.8270000219345093,1.0160000324249268,2583.39990234375,506.25,1.990625023841858,1.0177130699157715,2662.0
2026-09-09T11:36:00.000+08:00,189.2090606689453,11.859550476074219,9.59765625,8.032541275024414,0.12735696136951447,381.5,1.8279999494552612,1.0180000066757202,2583.39990234375,506.25,1.990625023841858,1.02471125125885,2663.0
2026-09-09T11:37:00.000+08:00,190.6719970703125,11.926612854003906,9.6181640625,8.415650367736816,0.121202751994133,381.20001220703125,1.8229999542236328,1.0169999599456787,2583.39990234375,506.25,1.990625023841858,1.018520474433899,2663.0
2026-09-09T11:38:00.000+08:00,190.69981384277344,11.813186645507812,9.597412109375,8.438715934753418,0.1207529604434967,381.20001220703125,1.8320000171661377,1.0190000534057617,2583.39990234375,506.25,1.990625023841858,1.020135521888733,2663.0
2026-09-09T11:39:00.000+08:00,192.10960388183594,11.79250717163086,9.604248046875,8.850232124328613,0.11479925364255905,381.29998779296875,1.8420000076293945,1.0199999809265137,2583.39990234375,506.25,1.990625023841858,1.0189242362976074,2663.0
2026-09-09T11:40:00.000+08:00,194.0231170654297,11.809410095214844,9.659912109375,8.501365661621094,0.11903969198465347,381.6000061035156,1.8359999656677246,1.0230000019073486,2583.39990234375,506.25,1.990625023841858,1.0202701091766357,2663.0
2026-09-09T11:41:00.000+08:00,191.89073181152344,11.847576141357422,9.66015625,8.143394470214844,0.12513208389282227,381.70001220703125,1.840000033378601,1.0230000019073486,2583.5,506.25,1.990625023841858,1.0198663473129272,2663.0
2026-09-09T11:42:00.000+08:00,194.10105895996094,11.802989959716797,9.6806640625,8.009746551513672,0.12759454548358917,381.20001220703125,1.8229999542236328,1.0160000324249268,2583.5,506.25,1.990625023841858,1.016501784324646,2663.0
2026-09-09T11:43:00.000+08:00,199.48793029785156,11.834648132324219,9.7158203125,8.564141273498535,0.11910126358270645,381.20001220703125,1.8220000267028809,1.0199999809265137,2583.5,506.25,1.990625023841858,1.014886736869812,2663.0
2026-09-09T11:44:00.000+08:00,193.8251495361328,11.864410400390625,9.632080078125,8.048064231872559,0.1257445216178894,381.3999938964844,1.8250000476837158,1.0169999599456787,2583.5,506.25,1.990625023841858,1.0189242362976074,2663.0
2026-09-09T11:45:00.000+08:00,195.35406494140625,11.872020721435547,9.673828125,8.210348129272461,0.12362447381019592,381.20001220703125,1.8289999961853027,1.0130000114440918,2583.5,506.25,1.990625023841858,1.016501784324646,2663.0
2026-09-09T11:46:00.000+08:00,196.1378173828125,11.826606750488281,9.757080078125,8.691171646118164,0.117130346596241,381.1000061035156,1.8289999961853027,1.0169999599456787,2583.5,506.25,1.990625023841858,1.018520474433899,2663.0
2026-09-09T11:47:00.000+08:00,198.75450134277344,11.867164611816406,9.673828125,8.530187606811523,0.11922363936901093,381.20001220703125,1.8250000476837158,1.0180000066757202,2583.60009765625,506.25,1.990625023841858,1.0189242362976074,2663.0
2026-09-09T11:48:00.000+08:00,199.2149200439453,11.805862426757812,9.569580078125,8.329459190368652,0.12209676951169968,381.5,1.8289999961853027,1.0180000066757202,2583.60009765625,506.25,1.990625023841858,1.019327998161316,2663.0
2026-09-09T11:49:00.000+08:00,198.12379455566406,11.794292449951172,9.5908203125,8.94835376739502,0.11387568712234497,381.79998779296875,1.8329999446868896,1.0219999551773071,2583.60009765625,506.25,1.990625023841858,1.0194625854492188,2663.0
2026-09-09T11:50:00.000+08:00,197.41310119628906,11.800716400146484,9.6044921875,8.110411643981934,0.12551766633987427,381.79998779296875,1.8509999513626099,1.0379999876022339,2583.60009765625,506.25,2.0289063453674316,1.0372275114059448,2663.0
2026-09-09T11:51:00.000+08:00,203.95225524902344,11.77944564819336,9.70166015625,8.914457321166992,0.11486958712339401,381.70001220703125,1.847000002861023,1.0379999876022339,2583.60009765625,506.25,1.990625023841858,1.0222887992858887,2663.0
2026-09-09T11:52:00.000+08:00,200.4459686279297,11.806049346923828,9.64599609375,8.633033752441406,0.11872997879981995,381.79998779296875,1.819000005722046,1.0149999856948853,2583.60009765625,506.25,1.990625023841858,1.0198663473129272,2663.0
2026-09-09T11:53:00.000+08:00,200.4416961669922,11.810497283935547,9.70166015625,8.02873706817627,0.12903648614883423,382.1000061035156,1.8309999704360962,1.0230000019073486,2583.699951171875,506.25,1.990625023841858,1.0243076086044312,2663.0
2026-09-09T11:54:00.000+08:00,199.9208526611328,11.71694564819336,9.6875,8.133452415466309,0.12602274119853973,381.3999938964844,1.8250000476837158,1.0219999551773071,2583.699951171875,506.25,1.990625023841858,1.0205392837524414,2663.0
2026-09-09T11:55:00.000+08:00,197.7893829345703,11.793781280517578,9.6875,8.29786491394043,0.12256165593862534,381.8999938964844,1.8329999446868896,1.024999976158142,2583.699951171875,506.25,1.990625023841858,1.0240384340286255,2663.0
2026-09-09T11:56:00.000+08:00,200.0342559814453,11.707366943359375,9.6806640625,8.158020973205566,0.12466258555650711,382.1000061035156,1.8320000171661377,1.024999976158142,2583.699951171875,506.25,1.990625023841858,1.0228271484375,2663.0
2026-09-09T11:57:00.000+08:00,201.9764862060547,11.742958068847656,9.6669921875,8.333066940307617,0.12288393080234528,382.20001220703125,1.8329999446868896,1.027999997138977,2583.699951171875,509.765625,1.990625023841858,1.026460886001587,2663.0
2026-09-09T11:58:00.000+08:00,201.43991088867188,11.69351577758789,9.722412109375,8.15515422821045,0.12581001222133636,382.1000061035156,1.8359999656677246,1.0260000228881836,2583.699951171875,509.765625,1.990625023841858,1.0232309103012085,2663.0
2026-09-09T11:59:00.000+08:00,202.82664489746094,11.79171371459961,9.666748046875,7.906535625457764,0.12938663363456726,382.29998779296875,1.8289999961853027,1.0269999504089355,2583.800048828125,509.765625,1.990625023841858,1.024442195892334,2663.0
2026-09-09T12:00:00.000+08:00,203.76812744140625,11.779159545898438,9.736328125,8.022462844848633,0.12801554799079895,382.6000061035156,1.8350000381469727,1.0260000228881836,2583.800048828125,509.765625,1.990625023841858,1.0284795761108398,2663.0
2026-09-09T12:01:00.000+08:00,201.7998504638672,11.754825592041016,9.6875,8.135512351989746,0.12562207877635956,382.8999938964844,1.8309999704360962,1.031000018119812,2583.800048828125,509.765625,1.990625023841858,1.0282104015350342,2663.0
2026-09-09T12:02:00.000+08:00,203.05763244628906,11.786773681640625,9.729248046875,8.580175399780273,0.11992761492729187,383.1000061035156,1.8309999704360962,1.0299999713897705,2583.800048828125,509.765625,1.990625023841858,1.0323824882507324,2663.0
2026-09-09T12:03:00.000+08:00,199.70034790039062,11.868858337402344,9.6533203125,8.039459228515625,0.12762051820755005,383.1000061035156,1.840000033378601,1.0369999408721924,2583.800048828125,509.765625,2.0289063453674316,1.0408612489700317,2663.0
2026-09-09T12:04:00.000+08:00,197.65550231933594,11.8504638671875,9.72265625,8.509993553161621,0.12079915404319763,382.8999938964844,1.8300000429153442,1.027999997138977,2583.800048828125,509.765625,1.990625023841858,1.0257879495620728,2663.0
2026-09-09T12:05:00.000+08:00,195.16177368164062,11.818225860595703,9.701416015625,8.311073303222656,0.12465296685695648,382.79998779296875,1.8170000314712524,1.0219999551773071,2583.89990234375,509.765625,1.990625023841858,1.0278067588806152,2663.0
2026-09-09T12:06:00.000+08:00,197.50787353515625,11.900493621826172,9.7158203125,8.290538787841797,0.12375552207231522,382.79998779296875,1.8259999752044678,1.0290000438690186,2583.89990234375,509.765625,1.990625023841858,1.0274029970169067,2663.0
2026-09-09T12:07:00.000+08:00,194.9613800048828,11.915725708007812,9.7158203125,8.487833976745605,0.12099670618772507,382.79998779296875,1.8339999914169312,1.0299999713897705,2583.89990234375,509.765625,1.990625023841858,1.0310367345809937,2663.0
2026-09-09T12:08:00.000+08:00,196.38479614257812,11.840755462646484,9.736328125,8.507471084594727,0.12083496898412704,382.79998779296875,1.8339999914169312,1.027999997138977,2583.89990234375,509.765625,1.990625023841858,1.0294216871261597,2663.0
2026-09-09T12:09:00.000+08:00,193.7711181640625,11.904159545898438,9.7431640625,8.367318153381348,0.12321749329566956,382.79998779296875,1.8309999704360962,1.031000018119812,2583.89990234375,509.765625,1.990625023841858,1.0286141633987427,2663.0
2026-09-09T12:10:00.000+08:00,197.00515747070312,11.871910095214844,9.66015625,8.197298049926758,0.1254071742296219,382.79998779296875,1.8289999961853027,1.024999976158142,2583.89990234375,509.765625,1.990625023841858,1.031844139099121,2663.0
2026-09-09T12:11:00.000+08:00,196.24444580078125,11.83038330078125,9.708251953125,8.616623878479004,0.11918821185827255,382.3999938964844,1.8339999914169312,1.0260000228881836,2584.0,509.765625,1.990625023841858,1.0260571241378784,2663.0
2026-09-09T12:12:00.000+08:00,195.2603759765625,11.75830078125,9.645751953125,8.390467643737793,0.12299671769142151,382.5,1.840000033378601,1.0290000438690186,2584.0,509.765625,1.990625023841858,1.024845838546753,2663.0
2026-09-09T12:13:00.000+08:00,195.73086547851562,11.755725860595703,9.722412109375,8.375070571899414,0.12250642478466034,383.0,1.8389999866485596,1.0290000438690186,2584.0,509.765625,1.990625023841858,1.0302292108535767,2663.0
2026-09-09T12:14:00.000+08:00,194.60317993164062,11.80862045288086,9.6181640625,8.064889907836914,0.12783807516098022,382.8999938964844,1.843000054359436,1.031000018119812,2584.0,509.765625,1.990625023841858,1.0282104015350342,2663.0
2026-09-09T12:15:00.000+08:00,199.09349060058594,11.779159545898438,9.6875,8.115690231323242,0.12666821479797363,382.29998779296875,1.8350000381469727,1.0230000019073486,2584.0,506.25,1.990625023841858,1.0280758142471313,2663.0
2026-09-09T12:16:00.000+08:00,195.96624755859375,11.872318267822266,9.6044921875,8.690481185913086,0.1178300678730011,382.3999938964844,1.8329999446868896,1.0240000486373901,2584.10009765625,509.765625,1.990625023841858,1.02565336227417,2663.0
2026-09-09T12:17:00.000+08:00,198.72654724121094,11.806652069091797,9.6806640625,8.24849796295166,0.12438628077507019,382.3999938964844,1.8559999465942383,1.0420000553131104,2584.10009765625,509.765625,2.0289063453674316,1.0349395275115967,2663.0
2026-09-09T12:18:00.000+08:00,195.8627166748047,11.707366943359375,9.66015625,8.81785774230957,0.11646819859743118,383.1000061035156,1.840000033378601,1.031000018119812,2584.10009765625,509.765625,1.990625023841858,1.0323824882507324,2663.0
2026-09-09T12:19:00.000+08:00,198.13995361328125,11.794792175292969,9.66015625,8.056095123291016,0.1272328495979309,383.0,1.8480000495910645,1.031000018119812,2584.10009765625,509.765625,1.990625023841858,1.0286141633987427,2663.0
2026-09-09T12:20:00.000+08:00,201.0866241455078,11.898506164550781,9.66015625,8.144017219543457,0.12659600377082825,382.8999938964844,1.8329999446868896,1.0240000486373901,2584.10009765625,509.765625,1.990625023841858,1.0282104015350342,2663.0
2026-09-09T12:21:00.000+08:00,197.71852111816406,11.98977279663086,9.736328125,8.179856300354004,0.1262858361005783,382.5,1.8359999656677246,1.0240000486373901,2584.10009765625,509.765625,1.990625023841858,1.024442195892334,2663.0
2026-09-09T12:22:00.000+08:00,195.35272216796875,12.009567260742188,9.6875,8.41556453704834,0.12227343022823334,382.6000061035156,1.840999960899353,1.0269999504089355,2584.199951171875,509.765625,1.990625023841858,1.024442195892334,2663.0
2026-09-09T12:23:00.000+08:00,192.8157196044922,12.014106750488281,9.78515625,8.22142505645752,0.1246742531657219,383.1000061035156,1.8639999628067017,1.0269999504089355,2584.199951171875,509.765625,2.0289063453674316,1.0436874628067017,2663.0
2026-09-09T12:24:00.000+08:00,188.9873046875,12.000869750976562,9.729248046875,8.523369789123535,0.12014026939868927,383.1000061035156,1.8420000076293945,1.027999997138977,2584.199951171875,509.765625,1.990625023841858,1.0282104015350342,2663.0
2026-09-09T12:25:00.000+08:00,195.20034790039062,12.022438049316406,9.736328125,8.961443901062012,0.11426729708909988,383.20001220703125,1.843999981880188,1.0299999713897705,2584.199951171875,509.765625,1.990625023841858,1.0261917114257812,2663.0
2026-09-09T12:26:00.000+08:00,193.48696899414062,11.950233459472656,9.7158203125,9.229278564453125,0.1112763062119484,383.0,1.8480000495910645,1.0269999504089355,2584.199951171875,509.765625,1.990625023841858,1.0294216871261597,2663.0
2026-09-09T12:27:00.000+08:00,197.00930786132812,11.955085754394531,9.729248046875,8.967206954956055,0.11463993787765503,383.3999938964844,1.8489999771118164,1.027999997138977,2584.199951171875,509.765625,1.990625023841858,1.032786250114441,2663.0
2026-09-09T12:28:00.000+08:00,204.80581665039062,11.97347640991211,9.673828125,9.363497734069824,0.10485866665840149,383.5,1.840999960899353,1.0290000438690186,2584.300048828125,509.765625,1.990625023841858,1.0303637981414795,2663.0
2026-09-09T12:29:00.000+08:00,202.2056427001953,11.946277618408203,9.72265625,9.408609390258789,0.10968676954507828,383.29998779296875,1.8450000286102295,1.031000018119812,2584.300048828125,509.765625,1.990625023841858,1.029152512550354,2663.0
2026-09-09T12:30:00.000+08:00,202.67640686035156,11.966361999511719,9.7158203125,9.017753601074219,0.11444091796875,383.5,1.8259999752044678,1.0290000438690186,2584.300048828125,509.765625,1.990625023841858,1.034401297569275,2663.0
2026-09-09T12:31:00.000+08:00,201.374755859375,11.942802429199219,9.77783203125,9.292474746704102,0.1113804504275322,383.1000061035156,1.8240000009536743,1.0299999713897705,2584.300048828125,509.765625,1.990625023841858,1.0294216871261597,2663.0
2026-09-09T12:32:00.000+08:00,198.91583251953125,11.895751953125,9.659912109375,9.300053596496582,0.11064451932907104,383.1000061035156,1.8359999656677246,1.0360000133514404,2584.300048828125,509.765625,2.0289063453674316,1.0372275114059448,2663.0
2026-09-09T12:33:00.000+08:00,193.43580627441406,11.88467788696289,9.708251953125,8.746501922607422,0.11741837114095688,383.0,1.8229999542236328,1.027999997138977,2584.300048828125,509.765625,1.990625023841858,1.0298254489898682,2663.0
2026-09-09T12:34:00.000+08:00,196.86622619628906,11.834945678710938,9.611328125,8.778297424316406,0.1189296692609787,382.79998779296875,1.8259999752044678,1.024999976158142,2584.39990234375,509.765625,1.990625023841858,1.027268409729004,2664.0
2026-09-09T12:35:00.000+08:00,197.3724365234375,11.92611312866211,9.548828125,8.587812423706055,0.12005385756492615,383.1000061035156,1.8229999542236328,1.0290000438690186,2584.39990234375,509.765625,1.990625023841858,1.0282104015350342,2664.0
2026-09-09T12:36:00.000+08:00,195.15704345703125,11.833969116210938,9.451416015625,8.55542278289795,0.12261229753494263,383.0,1.8320000171661377,1.0290000438690186,2584.39990234375,509.765625,1.990625023841858,1.0298254489898682,2664.0
2026-09-09T12:37:00.000+08:00,198.66502380371094,11.747245788574219,9.34765625,8.772015571594238,0.11741884797811508,383.20001220703125,1.8359999656677246,1.034000039100647,2584.39990234375,509.765625,1.990625023841858,1.0303637981414795,2664.0
2026-09-09T12:38:00.000+08:00,197.06390380859375,11.663043975830078,9.2919921875,9.255217552185059,0.11096443235874176,383.1000061035156,1.8329999446868896,1.031000018119812,2584.39990234375,509.765625,1.990625023841858,1.0303637981414795,2664.0
2026-09-09T12:39:00.000+08:00,195.38475036621094,11.727542877197266,9.25,9.219345092773438,0.1121554747223854,382.5,1.8329999446868896,1.027999997138977,2584.39990234375,509.765625,1.990625023841858,1.023634672164917,2664.0
2026-09-09T12:40:00.000+08:00,195.6906280517578,11.722728729248047,9.28515625,9.196038246154785,0.11211349815130234,382.6000061035156,1.8279999494552612,1.0260000228881836,2584.5,509.765625,1.990625023841858,1.0322479009628296,2664.0
2026-09-09T12:41:00.000+08:00,193.43577575683594,11.652435302734375,9.375,9.454222679138184,0.10884024947881699,383.0,1.8339999914169312,1.031999945640564,2584.5,509.765625,1.990625023841858,1.0294216871261597,2664.0
2026-09-09T12:42:00.000+08:00,197.5316619873047,11.696037292480469,9.4306640625,9.307716369628906,0.11066087335348129,383.20001220703125,1.8420000076293945,1.034000039100647,2584.5,509.765625,1.990625023841858,1.0286141633987427,2664.0
2026-09-09T12:43:00.000+08:00,194.73519897460938,11.69769287109375,9.4375,8.672736167907715,0.1191088929772377,383.1000061035156,1.8350000381469727,1.031000018119812,2584.5,509.765625,1.990625023841858,1.0310367345809937,2664.0
2026-09-09T12:44:00.000+08:00,195.05718994140625,11.756717681884766,9.52099609375,9.05801010131836,0.11382190138101578,383.20001220703125,1.8270000219345093,1.0299999713897705,2584.5,509.765625,1.990625023841858,1.0315749645233154,2664.0
2026-09-09T12:45:00.000+08:00,194.9384002685547,11.83376693725586,9.39599609375,9.058513641357422,0.11392597109079361,382.79998779296875,1.8300000429153442,1.0260000228881836,2584.60009765625,509.765625,1.990625023841858,1.0282104015350342,2664.0
2026-09-09T12:46:00.000+08:00,194.18936157226562,11.833084106445312,9.4794921875,9.140525817871094,0.11279438436031342,383.29998779296875,1.8359999656677246,1.034000039100647,2584.60009765625,509.765625,1.990625023841858,1.0315749645233154,2664.0
2026-09-09T12:47:00.000+08:00,193.5115203857422,11.869083404541016,9.416748046875,9.012640953063965,0.11406201869249344,382.79998779296875,1.840000033378601,1.031000018119812,2584.60009765625,509.765625,1.990625023841858,1.0253841876983643,2664.0
2026-09-09T12:48:00.000+08:00,198.6938018798828,11.846126556396484,9.479248046875,9.415698051452637,0.10971039533615112,383.1000061035156,1.8309999704360962,1.0269999504089355,2584.60009765625,509.765625,1.990625023841858,1.0306329727172852,2664.0
2026-09-09T12:49:00.000+08:00,197.2705078125,11.807147979736328,9.41015625,9.533276557922363,0.10741322487592697,383.3999938964844,1.8279999494552612,1.0269999504089355,2584.60009765625,509.765625,1.990625023841858,1.0323824882507324,2664.0
2026-09-09T12:50:00.000+08:00,197.52549743652344,11.778312683105469,9.4169921875,9.511303901672363,0.10776650905609131,382.6000061035156,1.8370000123977661,1.024999976158142,2584.60009765625,509.765625,1.990625023841858,1.024845838546753,2664.0
2026-09-09T12:51:00.000+08:00,199.55691528320312,11.80685806274414,9.375,9.503573417663574,0.10816984623670578,382.79998779296875,1.8489999771118164,1.0360000133514404,2584.699951171875,509.765625,2.0289063453674316,1.0387078523635864,2664.0
2026-09-09T12:52:00.000+08:00,198.4156036376953,11.778877258300781,9.409912109375,9.296069145202637,0.11058437824249268,383.0,1.840999960899353,1.0299999713897705,2584.699951171875,509.765625,1.990625023841858,1.0274029970169067,2664.0
2026-09-09T12:53:00.000+08:00,197.69479370117188,11.772052764892578,9.479248046875,9.60257625579834,0.10705460608005524,383.1000061035156,1.8480000495910645,1.031999945640564,2584.699951171875,509.765625,1.990625023841858,1.0274029970169067,2664.0
2026-09-09T12:54:00.000+08:00,195.38365173339844,11.869853973388672,9.4931640625,9.63558292388916,0.1067916750907898,383.0,1.8450000286102295,1.031000018119812,2584.699951171875,509.765625,1.990625023841858,1.0306329727172852,2664.0
2026-09-09T12:55:00.000+08:00,197.26065063476562,11.83721923828125,9.3681640625,9.270011901855469,0.11121883988380432,382.8999938964844,1.8339999914169312,1.0269999504089355,2584.699951171875,509.765625,1.990625023841858,1.0323824882507324,2664.0
2026-09-09T12:56:00.000+08:00,198.3868408203125,11.80520248413086,9.361328125,9.274901390075684,0.1106211245059967,382.8999938964844,1.8380000591278076,1.0290000438690186,2584.699951171875,509.765625,1.990625023841858,1.0257879495620728,2664.0
2026-09-09T12:57:00.000+08:00,196.51316833496094,11.766517639160156,9.326416015625,9.982900619506836,0.10317642241716385,382.70001220703125,1.8459999561309814,1.027999997138977,2584.800048828125,509.765625,1.990625023841858,1.0290179252624512,2664.0
2026-09-09T12:58:00.000+08:00,197.65658569335938,11.691295623779297,9.3125,9.157102584838867,0.11215338110923767,382.6000061035156,1.8339999914169312,1.0219999551773071,2584.800048828125,509.765625,1.990625023841858,1.0310367345809937,2664.0
2026-09-09T12:59:00.000+08:00,197.2252197265625,11.703659057617188,9.409912109375,9.616175651550293,0.10721517354249954,381.8999938964844,1.8329999446868896,1.0240000486373901,2584.800048828125,506.25,1.990625023841858,1.0239038467407227,2664.0
2026-09-09T13:00:00.000+08:00,195.6446533203125,11.701061248779297,9.4931640625,9.384249687194824,0.1095452532172203,381.8999938964844,1.8270000219345093,1.0190000534057617,2584.800048828125,506.25,1.990625023841858,1.0214812755584717,2664.0
2026-09-09T13:01:00.000+08:00,196.501220703125,11.736064910888672,9.4794921875,8.98111343383789,0.11401703953742981,382.1000061035156,1.8420000076293945,1.0390000343322754,2584.800048828125,506.25,1.990625023841858,1.0329208374023438,2664.0
2026-09-09T13:02:00.000+08:00,196.55233764648438,11.629772186279297,9.472412109375,9.183006286621094,0.11118363589048386,381.70001220703125,1.8179999589920044,1.0180000066757202,2584.800048828125,506.25,1.990625023841858,1.0222887992858887,2664.0
2026-09-09T13:03:00.000+08:00,194.21755981445312,11.725082397460938,9.486083984375,8.494038581848145,0.12137924134731293,381.79998779296875,1.8329999446868896,1.0210000276565552,2584.89990234375,506.25,1.990625023841858,1.0170401334762573,2664.0
2026-09-09T13:04:00.000+08:00,199.75479125976562,11.677627563476562,9.382080078125,9.034991264343262,0.11267304420471191,381.70001220703125,1.840000033378601,1.024999976158142,2584.89990234375,506.25,1.990625023841858,1.0226925611495972,2664.0
2026-09-09T13:05:00.000+08:00,197.9066925048828,11.682147979736328,9.41015625,8.882946014404297,0.11493933945894241,381.29998779296875,1.8389999866485596,1.0190000534057617,2584.89990234375,506.25,1.990625023841858,1.0217504501342773,2664.0
2026-09-09T13:06:00.000+08:00,197.48751831054688,11.675621032714844,9.486328125,8.708184242248535,0.11782019585371017,381.79998779296875,1.840000033378601,1.0219999551773071,2584.89990234375,506.25,1.990625023841858,1.0222887992858887,2664.0
2026-09-09T13:07:00.000+08:00,198.49070739746094,11.654376983642578,9.4375,8.95242691040039,0.11382388323545456,381.6000061035156,1.840999960899353,1.0260000228881836,2584.89990234375,506.25,1.990625023841858,1.0239038467407227,2664.0
2026-09-09T13:08:00.000+08:00,197.75457763671875,11.689964294433594,9.5419921875,8.201733589172363,0.12460780888795853,381.3999938964844,1.8320000171661377,1.0219999551773071,2584.89990234375,506.25,1.990625023841858,1.0190588235855103,2664.0
2026-09-09T13:09:00.000+08:00,197.0321807861328,11.811599731445312,9.4794921875,9.014716148376465,0.11370296776294708,381.20001220703125,1.840000033378601,1.0199999809265137,2585.0,506.25,1.990625023841858,1.018520474433899,2664.0
2026-09-09T13:10:00.000+08:00,197.14108276367188,11.689193725585938,9.444580078125,8.7055025100708,0.11728214472532272,381.29998779296875,1.8359999656677246,1.0230000019073486,2585.0,506.25,1.990625023841858,1.0198663473129272,2664.0
2026-09-09T13:11:00.000+08:00,198.63836669921875,11.689380645751953,9.5283203125,8.935617446899414,0.11392609775066376,381.1000061035156,1.8179999589920044,1.0210000276565552,2585.0,506.25,1.990625023841858,1.0177130699157715,2664.0
2026-09-09T13:12:00.000+08:00,193.3653564453125,11.779376983642578,9.4658203125,8.844916343688965,0.11509436368942261,381.3999938964844,1.8370000123977661,1.0210000276565552,2585.0,506.25,1.990625023841858,1.0202701091766357,2664.0
2026-09-09T13:13:00.000+08:00,194.33360290527344,11.772258758544922,9.53515625,8.505718231201172,0.11228104680776596,380.8999938964844,1.8250000476837158,1.0140000581741333,2585.0,506.25,1.990625023841858,1.0152904987335205,2664.0
2026-09-09T13:14:00.000+08:00,194.47593688964844,11.842079162597656,9.53515625,8.579201698303223,0.119241863489151,381.1000061035156,1.8279999494552612,1.0169999599456787,2585.0,506.25,1.990625023841858,1.0181167125701904,2664.0
2026-09-09T13:15:00.000+08:00,193.81948852539062,11.875259399414062,9.7158203125,8.652050971984863,0.11777553707361221,382.0,1.840000033378601,1.0299999713897705,2585.10009765625,506.25,1.990625023841858,1.0325170755386353,2664.0
2026-09-09T13:16:00.000+08:00,192.73585510253906,11.829898834228516,9.66015625,8.8839111328125,0.11537711322307587,382.3999938964844,1.8259999752044678,1.0240000486373901,2585.10009765625,509.765625,1.990625023841858,1.024845838546753,2664.0
2026-09-09T13:17:00.000+08:00,198.22691345214844,11.915630340576172,9.611328125,8.309708595275879,0.12334968894720078,382.6000061035156,1.8320000171661377,1.031000018119812,2585.10009765625,509.765625,1.990625023841858,1.0245766639709473,2664.0
2026-09-09T13:18:00.000+08:00,197.77432250976562,11.974063873291016,9.625,9.179741859436035,0.11231252551078796,382.3999938964844,1.843000054359436,1.031000018119812,2585.10009765625,509.765625,1.990625023841858,1.0253841876983643,2664.0
2026-09-09T13:19:00.000+08:00,195.54818725585938,11.989002227783203,9.6669921875,9.061555862426758,0.11355666071176529,382.20001220703125,1.8370000123977661,1.0269999504089355,2585.10009765625,509.765625,1.990625023841858,1.0260571241378784,2664.0
2026-09-09T13:20:00.000+08:00,196.75546264648438,12.015125274658203,9.59765625,9.276949882507324,0.1104889065027237,382.6000061035156,1.8300000429153442,1.024999976158142,2585.10009765625,509.765625,1.990625023841858,1.0290179252624512,2664.0
2026-09-09T13:21:00.000+08:00,194.83035278320312,12.008777618408203,9.7431640625,9.2833890914917,0.11030454933643341,382.8999938964844,1.8339999914169312,1.031000018119812,2585.199951171875,509.765625,1.990625023841858,1.0257879495620728,2664.0
2026-09-09T13:22:00.000+08:00,195.74099731445312,11.98958969116211,9.632080078125,9.665946960449219,0.10624929517507553,382.70001220703125,1.840000033378601,1.031000018119812,2585.199951171875,509.765625,1.990625023841858,1.0282104015350342,2664.0
2026-09-09T13:23:00.000+08:00,197.79803466796875,12.121009826660156,9.6806640625,9.230291366577148,0.11169745028018951,382.6000061035156,1.8380000591278076,1.0219999551773071,2585.199951171875,509.765625,1.990625023841858,1.0260571241378784,2664.0
2026-09-09T13:24:00.000+08:00,195.01292419433594,12.08343505859375,9.7431640625,8.923009872436523,0.11543190479278564,382.8999938964844,1.8609999418258667,1.031999945640564,2585.199951171875,509.765625,1.990625023841858,1.0269992351531982,2664.0
2026-09-09T13:25:00.000+08:00,189.44064331054688,12.02944564819336,9.736083984375,9.220547676086426,0.11105631291866302,382.70001220703125,1.8480000495910645,1.0329999923706055,2585.199951171875,509.765625,1.990625023841858,1.0294216871261597,2664.0
2026-09-09T13:26:00.000+08:00,195.04234313964844,12.016685485839844,9.72265625,9.404946327209473,0.10962316393852234,382.70001220703125,1.8309999704360962,1.024999976158142,2585.300048828125,509.765625,1.990625023841858,1.0253841876983643,2664.0
2026-09-09T13:27:00.000+08:00,191.8455810546875,12.04754638671875,9.632080078125,8.661877632141113,0.11879641562700272,382.8999938964844,1.8350000381469727,1.0290000438690186,2585.300048828125,509.765625,1.990625023841858,1.0282104015350342,2664.0
2026-09-09T13:28:00.000+08:00,188.897705078125,12.043891906738281,9.625,8.862051010131836,0.1161130741238594,382.70001220703125,1.8420000076293945,1.0290000438690186,2585.300048828125,509.765625,1.990625023841858,1.0278067588806152,2664.0
2026-09-09T13:29:00.000+08:00,191.74159240722656,11.94580078125,9.632080078125,8.642960548400879,0.11905643343925476,382.20001220703125,1.8229999542236328,1.0240000486373901,2585.300048828125,509.765625,2.0289063453674316,1.0411304235458374,2664.0
2026-09-09T13:30:00.000+08:00,193.05191040039062,12.00830078125,9.66015625,8.607091903686523,0.11955258250236511,382.70001220703125,1.8320000171661377,1.0260000228881836,2585.300048828125,509.765625,1.990625023841858,1.0240384340286255,2664.0
2026-09-09T13:31:00.000+08:00,195.18003845214844,11.949440002441406,9.659912109375,9.229141235351562,0.11106125265359879,382.6000061035156,1.8389999866485596,1.031000018119812,2585.300048828125,509.765625,1.990625023841858,1.023634672164917,2664.0
2026-09-09T13:32:00.000+08:00,192.18142700195312,11.968437194824219,9.611328125,8.760461807250977,0.11700296401977539,382.79998779296875,1.8300000429153442,1.0269999504089355,2585.39990234375,509.765625,1.990625023841858,1.0306329727172852,2665.0
2026-09-09T13:33:00.000+08:00,191.3658447265625,11.955989837646484,9.611083984375,8.830177307128906,0.11653220653533936,383.0,1.840999960899353,1.0329999923706055,2585.39990234375,509.765625,1.990625023841858,1.0286141633987427,2665.0
2026-09-09T13:34:00.000+08:00,191.83815002441406,11.905059814453125,9.597412109375,9.206067085266113,0.11177410930395126,382.79998779296875,1.8309999704360962,1.0269999504089355,2585.39990234375,509.765625,1.990625023841858,1.0302292108535767,2665.0
2026-09-09T13:35:00.000+08:00,193.24342346191406,11.949935913085938,9.694580078125,9.042760848999023,0.11401385068893433,382.6000061035156,1.840999960899353,1.031999945640564,2585.39990234375,509.765625,1.990625023841858,1.0284795761108398,2665.0
2026-09-09T13:36:00.000+08:00,190.32000732421875,11.872207641601562,9.673828125,8.880074501037598,0.1155395656824112,382.29998779296875,1.8320000171661377,1.0240000486373901,2585.39990234375,509.765625,1.990625023841858,1.02565336227417,2665.0
2026-09-09T13:37:00.000+08:00,192.78912353515625,11.909015655517578,9.59765625,8.707441329956055,0.117945097386837,382.70001220703125,1.8339999914169312,1.031000018119812,2585.39990234375,509.765625,1.990625023841858,1.0245766639709473,2665.0
2026-09-09T13:38:00.000+08:00,191.45191955566406,11.99612045288086,9.6181640625,8.339871406555176,0.12302347272634506,382.70001220703125,1.840000033378601,1.024999976158142,2585.5,509.765625,1.990625023841858,1.0294216871261597,2665.0
2026-09-09T13:39:00.000+08:00,189.7039794921875,11.886642456054688,9.673828125,8.60373592376709,0.11959920823574066,382.5,1.8480000495910645,1.031999945640564,2585.5,509.765625,2.0289063453674316,1.039919137954712,2665.0
2026-09-09T13:40:00.000+08:00,187.9746856689453,12.028545379638672,9.7431640625,8.580238342285156,0.12119565159082413,382.5,1.8329999446868896,1.0269999504089355,2585.5,509.765625,1.990625023841858,1.0253841876983643,2665.0
2026-09-09T13:41:00.000+08:00,189.74473571777344,12.028545379638672,9.736083984375,9.043264389038086,0.11411808431148529,382.29998779296875,1.840000033378601,1.0260000228881836,2585.5,509.765625,1.990625023841858,1.0240384340286255,2665.0
2026-09-09T13:42:00.000+08:00,186.24754333496094,12.02093505859375,9.736328125,8.53530502319336,0.12032376229763031,382.5,1.840000033378601,1.0290000438690186,2585.5,509.765625,1.990625023841858,1.0314403772354126,2665.0
2026-09-09T13:43:00.000+08:00,187.8202362060547,12.055168151855469,9.673828125,8.493480682373047,0.12079852819442749,382.79998779296875,1.840999960899353,1.031000018119812,2585.5,509.765625,1.990625023841858,1.0253841876983643,2665.0
2026-09-09T13:44:00.000+08:00,189.42636108398438,12.011062622070312,9.6181640625,8.939757347106934,0.11476821452379227,381.79998779296875,1.840999960899353,1.0230000019073486,2585.60009765625,506.25,1.990625023841858,1.0230963230133057,2665.0
2026-09-09T13:45:00.000+08:00,189.04937744140625,11.991580963134766,9.6181640625,9.135940551757812,0.1123037040233612,381.79998779296875,1.8320000171661377,1.0210000276565552,2585.60009765625,506.25,1.990625023841858,1.0222887992858887,2665.0
2026-09-09T13:46:00.000+08:00,191.32521057128906,12.058341979980469,9.694580078125,8.758039474487305,0.11669278144836426,382.5,1.8489999771118164,1.031000018119812,2585.60009765625,509.765625,1.990625023841858,1.0282104015350342,2665.0
2026-09-09T13:47:00.000+08:00,193.66738891601562,11.968921661376953,9.673828125,8.929970741271973,0.11433407664299011,382.3999938964844,1.8370000123977661,1.024999976158142,2585.60009765625,509.765625,1.990625023841858,1.0265954732894897,2665.0
2026-09-09T13:48:00.000+08:00,193.04364013671875,11.939857482910156,9.7431640625,8.882185935974121,0.11618760973215103,382.70001220703125,1.8309999704360962,1.0269999504089355,2585.60009765625,509.765625,1.990625023841858,1.0269992351531982,2665.0
2026-09-09T13:49:00.000+08:00,195.71348571777344,11.949333190917969,9.729248046875,8.94690227508545,0.11456479132175446,382.6000061035156,1.8519999980926514,1.0379999876022339,2585.60009765625,509.765625,1.990625023841858,1.0310367345809937,2665.0
2026-09-09T13:50:00.000+08:00,195.2536163330078,12.017772674560547,9.78515625,8.97821044921875,0.11394252628087997,382.5,1.8389999866485596,1.0290000438690186,2585.699951171875,509.765625,1.990625023841858,1.0269992351531982,2665.0
2026-09-09T13:51:00.000+08:00,196.40911865234375,12.009380340576172,9.6875,8.866124153137207,0.11745382845401764,382.70001220703125,1.8459999561309814,1.0329999923706055,2585.699951171875,509.765625,2.0289063453674316,1.0432837009429932,2665.0
2026-09-09T13:52:00.000+08:00,196.31849670410156,12.031913757324219,9.729248046875,8.710827827453613,0.11824364960193634,382.6000061035156,1.8350000381469727,1.031000018119812,2585.699951171875,509.765625,1.990625023841858,1.0298254489898682,2665.0
2026-09-09T13:53:00.000+08:00,196.44190979003906,12.161460876464844,9.70849609375,9.03447151184082,0.11522532999515533,382.3999938964844,1.8350000381469727,1.024999976158142,2585.699951171875,509.765625,1.990625023841858,1.0282104015350342,2665.0
2026-09-09T13:54:00.000+08:00,194.2825164794922,12.091842651367188,9.7783203125,8.973937034606934,0.11511112749576569,382.70001220703125,1.8359999656677246,1.0299999713897705,2585.699951171875,509.765625,1.990625023841858,1.0274029970169067,2665.0
2026-09-09T13:55:00.000+08:00,194.34019470214844,12.06869888305664,9.7158203125,9.609128952026367,0.10666940361261368,382.6000061035156,1.8329999446868896,1.0290000438690186,2585.699951171875,509.765625,1.990625023841858,1.0298254489898682,2665.0
2026-09-09T13:56:00.000+08:00,194.59396362304688,12.043941497802734,9.75,9.040460586547852,0.11382162570953369,382.5,1.8370000123977661,1.0299999713897705,2585.800048828125,509.765625,1.990625023841858,1.0294216871261597,2665.0
2026-09-09T13:57:00.000+08:00,195.05111694335938,12.024700164794922,9.659912109375,8.818153381347656,0.11714471131563187,382.29998779296875,1.8420000076293945,1.031999945640564,2585.800048828125,509.765625,1.990625023841858,1.0290179252624512,2665.0
2026-09-09T13:58:00.000+08:00,193.50125122070312,11.96694564819336,9.7431640625,8.688285827636719,0.11797493696212769,382.3999938964844,1.8359999656677246,1.0329999923706055,2585.800048828125,509.765625,1.990625023841858,1.0294216871261597,2665.0
2026-09-09T13:59:00.000+08:00,192.81898498535156,11.977325439453125,9.6943359375,8.638562202453613,0.11934856325387955,382.6000061035156,1.8350000381469727,1.0290000438690186,2585.800048828125,509.765625,1.990625023841858,1.0286141633987427,2665.0
2026-09-09T14:00:00.000+08:00,191.8516387939453,12.012435913085938,9.7431640625,8.464985847473145,0.12155956774950027,382.70001220703125,1.8380000591278076,1.0299999713897705,2585.800048828125,509.765625,1.990625023841858,1.0286141633987427,2665.0
2026-09-09T14:01:00.000+08:00,192.44781494140625,12.004638671875,9.59765625,8.85771369934082,0.11616992950439453,383.3999938964844,1.8420000076293945,1.031999945640564,2585.89990234375,509.765625,1.990625023841858,1.0365545749664307,2665.0
2026-09-09T14:02:00.000+08:00,188.7424774169922,11.955989837646484,9.59765625,8.523314476013184,0.1208450123667717,382.79998779296875,1.850000023841858,1.034999966621399,2585.89990234375,509.765625,1.990625023841858,1.0298254489898682,2665.0
2026-09-09T14:03:00.000+08:00,193.58836364746094,11.965278625488281,9.6806640625,9.050286293029785,0.11513448506593704,382.6000061035156,1.8459999561309814,1.031999945640564,2585.89990234375,509.765625,1.990625023841858,1.0282104015350342,2665.0
2026-09-09T14:04:00.000+08:00,199.5311279296875,11.983562469482422,9.59033203125,9.391328811645508,0.11020804196596146,382.8999938964844,1.843000054359436,1.0299999713897705,2585.89990234375,509.765625,1.990625023841858,1.0310367345809937,2665.0
2026-09-09T14:05:00.000+08:00,197.81544494628906,11.923446655273438,9.673828125,8.89767074584961,0.11553585529327393,382.5,1.840999960899353,1.0269999504089355,2585.89990234375,509.765625,1.990625023841858,1.0265954732894897,2665.0
2026-09-09T14:06:00.000+08:00,198.8980712890625,11.928783416748047,9.58349609375,8.726247787475586,0.11826388537883759,383.0,1.8450000286102295,1.034000039100647,2585.89990234375,509.765625,1.990625023841858,1.0286141633987427,2665.0
2026-09-09T14:07:00.000+08:00,197.77847290039062,11.920875549316406,9.58349609375,9.00706672668457,0.11368850618600845,383.0,1.847000002861023,1.031000018119812,2586.0,509.765625,1.990625023841858,1.0298254489898682,2665.0
2026-09-09T14:08:00.000+08:00,196.93873596191406,11.958251953125,9.625,8.669407844543457,0.11869322508573532,383.0,1.8450000286102295,1.031999945640564,2586.0,509.765625,1.990625023841858,1.032786250114441,2665.0
2026-09-09T14:09:00.000+08:00,198.03582763671875,11.992668151855469,9.625,8.898469924926758,0.11586261540651321,383.0,1.8420000076293945,1.031999945640564,2586.0,509.765625,1.990625023841858,1.0274029970169067,2665.0
2026-09-09T14:10:00.000+08:00,197.89175415039062,12.032814025878906,9.694580078125,9.149859428405762,0.11224216222763062,383.70001220703125,1.843000054359436,1.034000039100647,2586.0,509.765625,1.990625023841858,1.0345358848571777,2665.0
2026-09-09T14:11:00.000+08:00,191.42527770996094,12.028068542480469,9.659912109375,8.45667839050293,0.1220337375998497,383.5,1.8420000076293945,1.0329999923706055,2586.0,509.765625,1.990625023841858,1.0365545749664307,2665.0
2026-09-09T14:12:00.000+08:00,190.20643615722656,12.034893035888672,9.6181640625,9.106700897216797,0.11398199945688248,383.70001220703125,1.8519999980926514,1.031999945640564,2586.0,509.765625,1.990625023841858,1.0345358848571777,2665.0
2026-09-09T14:13:00.000+08:00,192.41488647460938,11.991870880126953,9.5908203125,9.115531921386719,0.11310365796089172,383.6000061035156,1.8489999771118164,1.0390000343322754,2586.10009765625,509.765625,2.0289063453674316,1.0377658605575562,2665.0
2026-09-09T14:14:00.000+08:00,193.4204864501953,11.979610443115234,9.625,9.047737121582031,0.11417219042778015,383.70001220703125,1.8730000257492065,1.0479999780654907,2586.10009765625,509.765625,2.0289063453674316,1.0479941368103027,2665.0
2026-09-09T14:15:00.000+08:00,192.63912963867188,11.9942626953125,9.6181640625,9.148390769958496,0.11400912702083588,383.79998779296875,1.8489999771118164,1.0329999923706055,2586.10009765625,509.765625,2.0289063453674316,1.039919137954712,2665.0
2026-09-09T14:16:00.000+08:00,191.283447265625,12.054557800292969,9.64599609375,8.847512245178223,0.11890347301959991,383.79998779296875,1.8509999513626099,1.0369999408721924,2586.10009765625,509.765625,2.0289063453674316,1.038169503211975,2665.0
2026-09-09T14:17:00.000+08:00,192.65380859375,12.000389099121094,9.673828125,9.061845779418945,0.11432550102472305,383.70001220703125,1.8550000190734863,1.0399999618530273,2586.10009765625,509.765625,1.990625023841858,1.0345358848571777,2665.0
2026-09-09T14:18:00.000+08:00,195.8188934326172,12.040523529052734,9.625,9.19056510925293,0.11326833814382553,383.8999938964844,1.8550000190734863,1.031000018119812,2586.10009765625,509.765625,1.990625023841858,1.0333245992660522,2665.0
2026-09-09T14:19:00.000+08:00,191.36477661132812,11.969524383544922,9.638916015625,8.883979797363281,0.11661440134048462,383.70001220703125,1.8489999771118164,1.034999966621399,2586.199951171875,509.765625,1.990625023841858,1.0374966859817505,2665.0
2026-09-09T14:20:00.000+08:00,193.5780792236328,11.992057800292969,9.6806640625,9.154959678649902,0.11316270381212234,383.8999938964844,1.8660000562667847,1.0460000038146973,2586.199951171875,509.765625,2.0289063453674316,1.0471866130828857,2665.0
2026-09-09T14:21:00.000+08:00,193.0460662841797,11.948265075683594,9.6806640625,9.118402481079102,0.11328738927841187,383.8999938964844,1.8489999771118164,1.0369999408721924,2586.199951171875,509.765625,1.990625023841858,1.0349395275115967,2665.0
2026-09-09T14:22:00.000+08:00,191.74072265625,11.9415283203125,9.673828125,8.776580810546875,0.11826928704977036,383.3999938964844,1.843999981880188,1.031000018119812,2586.199951171875,509.765625,1.990625023841858,1.030767560005188,2665.0
2026-09-09T14:23:00.000+08:00,192.2908477783203,11.9400634765625,9.645751953125,8.433963775634766,0.12342950701713562,383.79998779296875,1.8760000467300415,1.0579999685287476,2586.199951171875,509.765625,2.0289063453674316,1.0521661043167114,2665.0
2026-09-09T14:24:00.000+08:00,191.97918701171875,11.889114379882812,9.659912109375,8.744369506835938,0.11870495229959488,383.70001220703125,1.8480000495910645,1.0379999876022339,2586.199951171875,509.765625,1.990625023841858,1.0337283611297607,2665.0
2026-09-09T14:25:00.000+08:00,191.91029357910156,11.828590393066406,9.53515625,8.835037231445312,0.11861863732337952,383.3999938964844,1.8589999675750732,1.0369999408721924,2586.300048828125,509.765625,1.990625023841858,1.0369583368301392,2665.0
2026-09-09T14:26:00.000+08:00,192.3223419189453,11.727970123291016,9.423583984375,8.538928985595703,0.12191224098205566,383.20001220703125,1.8489999771118164,1.031999945640564,2586.300048828125,509.765625,1.990625023841858,1.0345358848571777,2665.0
2026-09-09T14:27:00.000+08:00,194.22732543945312,11.655113220214844,9.291748046875,9.253347396850586,0.11260790377855301,383.70001220703125,1.8480000495910645,1.034999966621399,2586.300048828125,509.765625,2.0289063453674316,1.0387078523635864,2665.0
2026-09-09T14:28:00.000+08:00,192.0649871826172,11.68288803100586,9.1875,9.116283416748047,0.11484943330287933,383.29998779296875,1.8509999513626099,1.0369999408721924,2586.300048828125,509.765625,1.990625023841858,1.0329208374023438,2665.0
2026-09-09T14:29:00.000+08:00,194.77621459960938,11.565227508544922,9.27099609375,9.073031425476074,0.11396411806344986,383.3999938964844,1.8480000495910645,1.034999966621399,2586.300048828125,509.765625,2.0289063453674316,1.0369583368301392,2665.0
2026-09-09T14:30:00.000+08:00,197.76705932617188,11.504722595214844,9.284912109375,9.376631736755371,0.1108073741197586,383.79998779296875,1.843999981880188,1.0390000343322754,2586.39990234375,509.765625,2.0289063453674316,1.039111614227295,2666.0
2026-09-09T14:31:00.000+08:00,198.72695922851562,11.608524322509766,9.222412109375,9.041312217712402,0.11480634659528732,383.8999938964844,1.850000023841858,1.0429999828338623,2586.39990234375,509.765625,2.0289063453674316,1.040726661682129,2666.0
2026-09-09T14:32:00.000+08:00,197.77342224121094,11.595924377441406,9.375,8.710687637329102,0.11870475113391876,383.5,1.8450000286102295,1.034999966621399,2586.39990234375,509.765625,1.990625023841858,1.0349395275115967,2666.0
2026-09-09T14:33:00.000+08:00,198.7687530517578,11.64596939086914,9.423828125,9.08897876739502,0.11420424282550812,384.0,1.840999960899353,1.0420000553131104,2586.39990234375,509.765625,1.990625023841858,1.034670352935791,2666.0
2026-09-09T14:34:00.000+08:00,196.8873748779297,11.67740249633789,9.347412109375,8.494819641113281,0.12148580700159073,384.1000061035156,1.843999981880188,1.0440000295639038,2586.39990234375,509.765625,1.990625023841858,1.034670352935791,2666.0
2026-09-09T14:35:00.000+08:00,197.58277893066406,11.647052764892578,9.4658203125,8.825323104858398,0.11761608719825745,384.0,1.8530000448226929,1.0449999570846558,2586.39990234375,509.765625,2.0289063453674316,1.0395153760910034,2666.0
2026-09-09T14:36:00.000+08:00,198.87648010253906,11.674739837646484,9.45849609375,8.762114524841309,0.11880693584680557,383.8999938964844,1.8420000076293945,1.0369999408721924,2586.5,509.765625,2.0289063453674316,1.039111614227295,2666.0
2026-09-09T14:37:00.000+08:00,198.59437561035156,11.586929321289062,9.319580078125,8.67929458618164,0.12040148675441742,384.0,1.847000002861023,1.0429999828338623,2586.5,509.765625,1.990625023841858,1.0366891622543335,2666.0
2026-09-09T14:38:00.000+08:00,199.75416564941406,11.64876937866211,9.375,8.557503700256348,0.1209464892745018,384.5,1.8489999771118164,1.0399999618530273,2586.5,509.765625,2.0289063453674316,1.0408612489700317,2666.0
2026-09-09T14:39:00.000+08:00,193.4966583251953,11.722930908203125,9.423828125,8.349462509155273,0.12479845434427261,384.0,1.8389999866485596,1.031999945640564,2586.5,509.765625,1.990625023841858,1.0366891622543335,2666.0
2026-09-09T14:40:00.000+08:00,192.01651000976562,11.765571594238281,9.41015625,8.653782844543457,0.11983199417591095,383.8999938964844,1.840999960899353,1.031999945640564,2586.5,509.765625,1.990625023841858,1.037900447845459,2666.0
2026-09-09T14:41:00.000+08:00,193.27517700195312,11.785926818847656,9.423828125,9.080672264099121,0.11452896893024445,383.8999938964844,1.8480000495910645,1.0379999876022339,2586.5,509.765625,2.0289063453674316,1.039111614227295,2666.0
2026-09-09T14:42:00.000+08:00,190.67185974121094,11.777816772460938,9.361083984375,8.89778995513916,0.11609624326229095,384.0,1.8380000591278076,1.0329999923706055,2586.60009765625,509.765625,2.0289063453674316,1.0419378280639648,2666.0
2026-09-09T14:43:00.000+08:00,188.64697265625,11.777229309082031,9.361328125,9.274169921875,0.11192375421524048,383.8999938964844,1.8489999771118164,1.0369999408721924,2586.60009765625,509.765625,2.0289063453674316,1.037900447845459,2666.0
2026-09-09T14:44:00.000+08:00,189.86386108398438,11.7203369140625,9.416748046875,9.11176872253418,0.11315036565065384,384.0,1.8509999513626099,1.0399999618530273,2586.60009765625,509.765625,1.990625023841858,1.035477876663208,2666.0
2026-09-09T14:45:00.000+08:00,193.55056762695312,11.711360931396484,9.361328125,8.955934524536133,0.11567749083042145,383.79998779296875,1.847000002861023,1.034999966621399,2586.60009765625,509.765625,2.0289063453674316,1.0393807888031006,2666.0
2026-09-09T14:46:00.000+08:00,191.3025360107422,11.797588348388672,9.3544921875,9.055059432983398,0.1149633526802063,384.1000061035156,1.8459999561309814,1.0369999408721924,2586.60009765625,509.765625,2.0289063453674316,1.040726661682129,2666.0
2026-09-09T14:47:00.000+08:00,188.2704620361328,11.770198822021484,9.347412109375,9.205785751342773,0.11264654994010925,384.1000061035156,1.843999981880188,1.034999966621399,2586.60009765625,509.765625,2.0289063453674316,1.0419378280639648,2666.0
2026-09-09T14:48:00.000+08:00,187.2110595703125,11.711860656738281,9.409912109375,9.189876556396484,0.11305919289588928,384.0,1.843000054359436,1.0360000133514404,2586.699951171875,509.765625,1.990625023841858,1.0395153760910034,2666.0
2026-09-09T14:49:00.000+08:00,189.1126708984375,11.775421142578125,9.4931640625,8.948814392089844,0.11565777659416199,384.0,1.8480000495910645,1.034000039100647,2586.699951171875,509.765625,2.0289063453674316,1.0403228998184204,2666.0
2026-09-09T14:50:00.000+08:00,192.56048583984375,11.759895324707031,9.4794921875,8.75735092163086,0.11807223409414291,383.8999938964844,1.8530000448226929,1.0410000085830688,2586.699951171875,509.765625,1.990625023841858,1.037092924118042,2666.0
2026-09-09T14:51:00.000+08:00,195.99813842773438,11.71658706665039,9.444580078125,9.001051902770996,0.11576424539089203,384.0,1.8489999771118164,1.0369999408721924,2586.699951171875,509.765625,1.990625023841858,1.037092924118042,2666.0
2026-09-09T14:52:00.000+08:00,195.45603942871094,11.72650146484375,9.423828125,8.608206748962402,0.12058260291814804,384.0,1.8550000190734863,1.0410000085830688,2586.699951171875,509.765625,2.0289063453674316,1.0432837009429932,2666.0
2026-09-09T14:53:00.000+08:00,196.65638732910156,11.806175231933594,9.486328125,9.061347961425781,0.11466284841299057,384.29998779296875,1.843999981880188,1.0379999876022339,2586.800048828125,509.765625,1.990625023841858,1.0374966859817505,2666.0
2026-09-09T14:54:00.000+08:00,196.65011596679688,11.80233383178711,9.423828125,9.509264945983887,0.10915670543909073,384.29998779296875,1.8760000467300415,1.0570000410079956,2586.800048828125,509.765625,2.0289063453674316,1.058895230293274,2666.0
2026-09-09T14:55:00.000+08:00,196.33563232421875,11.7530517578125,9.5556640625,8.633481979370117,0.12022959440946579,384.29998779296875,1.871999979019165,1.0490000247955322,2586.800048828125,509.765625,2.0289063453674316,1.0510895252227783,2666.0
2026-09-09T14:56:00.000+08:00,194.66357421875,11.723724365234375,9.4306640625,8.982373237609863,0.11689560860395432,384.1000061035156,1.8589999675750732,1.0390000343322754,2586.800048828125,509.765625,2.0289063453674316,1.0419378280639648,2666.0
2026-09-09T14:57:00.000+08:00,197.14842224121094,11.748809814453125,9.4931640625,8.680219650268555,0.11912140250205994,384.5,1.8600000143051147,1.0390000343322754,2586.800048828125,509.765625,2.0289063453674316,1.0440912246704102,2666.0
2026-09-09T14:58:00.000+08:00,198.39305114746094,11.76019287109375,9.444580078125,9.04896068572998,0.11515135318040848,384.29998779296875,1.8660000562667847,1.0429999828338623,2586.800048828125,509.765625,1.990625023841858,1.0380349159240723,2666.0
2026-09-09T14:59:00.000+08:00,195.86952209472656,11.67453384399414,9.41015625,8.660025596618652,0.11963013559579849,384.70001220703125,1.8880000114440918,1.0529999732971191,2586.89990234375,513.28125,2.0289063453674316,1.060510277748108,2666.0
2026-09-09T15:00:00.000+08:00,196.7471923828125,11.64876937866211,9.388916015625,9.31083869934082,0.11191257834434509,384.5,1.8600000143051147,1.0410000085830688,2586.89990234375,509.765625,2.0289063453674316,1.0446295738220215,2666.0
2026-09-09T15:01:00.000+08:00,197.34490966796875,11.723587036132812,9.6181640625,8.496785163879395,0.12463537603616714,383.79998779296875,1.8589999675750732,1.034999966621399,2586.89990234375,509.765625,1.990625023841858,1.0374966859817505,2666.0
2026-09-09T15:02:00.000+08:00,197.02928161621094,11.793704986572266,9.6181640625,8.7237548828125,0.11921472102403641,384.20001220703125,1.8630000352859497,1.0460000038146973,2586.89990234375,509.765625,1.990625023841858,1.0380349159240723,2666.0
2026-09-09T15:03:00.000+08:00,198.8943634033203,11.766006469726562,9.6181640625,8.31802749633789,0.12478920072317123,384.1000061035156,1.8509999513626099,1.0399999618530273,2586.89990234375,509.765625,2.0289063453674316,1.040726661682129,2666.0
2026-09-09T15:04:00.000+08:00,199.21580505371094,11.832954406738281,9.6669921875,8.508264541625977,0.12270423024892807,383.8999938964844,1.8650000095367432,1.0399999618530273,2586.89990234375,509.765625,2.0289063453674316,1.039111614227295,2666.0
2026-09-09T15:05:00.000+08:00,198.17578125,11.734756469726562,9.632080078125,8.291200637817383,0.12555480003356934,383.79998779296875,1.8630000352859497,1.0390000343322754,2587.0,509.765625,2.0289063453674316,1.0403228998184204,2666.0
2026-09-09T15:06:00.000+08:00,200.64276123046875,11.770164489746094,9.66015625,9.033058166503906,0.11546476930379868,384.29998779296875,1.871000051498413,1.0470000505447388,2587.0,509.765625,2.0289063453674316,1.0408612489700317,2666.0
2026-09-09T15:07:00.000+08:00,200.3779296875,11.773029327392578,9.611328125,8.360644340515137,0.123674675822258,383.8999938964844,1.8609999418258667,1.0360000133514404,2587.0,509.765625,2.0289063453674316,1.0446295738220215,2666.0
2026-09-09T15:08:00.000+08:00,200.35040283203125,11.706279754638672,9.597412109375,8.693032264709473,0.12021122127771378,383.6000061035156,1.8680000305175781,1.0379999876022339,2587.0,509.765625,1.990625023841858,1.0349395275115967,2666.0
2026-09-09T15:09:00.000+08:00,199.16598510742188,11.81246566772461,9.6806640625,8.454174041748047,0.1226613000035286,383.70001220703125,1.8639999628067017,1.034999966621399,2587.0,509.765625,2.0289063453674316,1.0374966859817505,2666.0
2026-09-09T15:10:00.000+08:00,201.02914428710938,11.79736328125,9.5908203125,8.374517440795898,0.12382802367210388,383.5,1.8539999723434448,1.034999966621399,2587.0,509.765625,1.990625023841858,1.0393807888031006,2666.0
2026-09-09T15:11:00.000+08:00,198.7253875732422,11.753551483154297,9.6044921875,7.977528095245361,0.12999014556407928,383.5,1.8639999628067017,1.034000039100647,2587.10009765625,509.765625,1.990625023841858,1.0369583368301392,2666.0
2026-09-09T15:12:00.000+08:00,196.6797637939453,11.709945678710938,9.58349609375,8.534674644470215,0.12080132961273193,383.6000061035156,1.8489999771118164,1.0360000133514404,2587.10009765625,509.765625,1.990625023841858,1.0361508131027222,2666.0
2026-09-09T15:13:00.000+08:00,196.63497924804688,11.786163330078125,9.694580078125,8.56800365447998,0.1207982748746872,384.5,1.850000023841858,1.0410000085830688,2587.10009765625,509.765625,2.0289063453674316,1.0432837009429932,2666.0
2026-09-09T15:14:00.000+08:00,195.4713897705078,11.754638671875,9.65283203125,8.313828468322754,0.12425082176923752,384.5,1.8559999465942383,1.0449999570846558,2587.10009765625,513.28125,1.990625023841858,1.0400537252426147,2666.0
2026-09-09T15:15:00.000+08:00,194.7611083984375,11.719928741455078,9.6181640625,7.82861852645874,0.1332291215658188,384.5,1.8459999561309814,1.0390000343322754,2587.10009765625,509.765625,2.0289063453674316,1.046244502067566,2666.0
2026-09-09T15:16:00.000+08:00,193.3712921142578,11.789031982421875,9.673828125,8.48007869720459,0.12275829166173935,384.5,1.8630000352859497,1.0449999570846558,2587.10009765625,513.28125,2.0289063453674316,1.0486669540405273,2666.0
2026-09-09T15:17:00.000+08:00,193.69961547851562,11.748401641845703,9.6806640625,8.30831527709961,0.12541653215885162,384.1000061035156,1.8650000095367432,1.0399999618530273,2587.199951171875,509.765625,1.990625023841858,1.0404574871063232,2666.0
2026-09-09T15:18:00.000+08:00,194.59164428710938,11.68865966796875,9.70166015625,8.030404090881348,0.1324964463710785,384.29998779296875,1.86899995803833,1.0369999408721924,2587.199951171875,509.765625,2.0289063453674316,1.0432837009429932,2666.0
2026-09-09T15:19:00.000+08:00,198.4893798828125,11.71329116821289,9.722412109375,8.227477073669434,0.12677033245563507,384.29998779296875,1.8860000371932983,1.0470000505447388,2587.199951171875,509.765625,2.0289063453674316,1.0420724153518677,2666.0
2026-09-09T15:20:00.000+08:00,200.34332275390625,11.669815063476562,9.53515625,7.805454730987549,0.13452130556106567,384.29998779296875,1.8819999694824219,1.0429999828338623,2587.199951171875,509.765625,1.990625023841858,1.0380349159240723,2666.0
2026-09-09T15:21:00.000+08:00,201.18931579589844,11.667804718017578,9.576416015625,8.11584758758545,0.12863720953464508,384.29998779296875,1.88100004196167,1.0440000295639038,2587.199951171875,509.765625,1.990625023841858,1.0396499633789062,2666.0
2026-09-09T15:22:00.000+08:00,197.51461791992188,11.685901641845703,9.6533203125,8.642644882202148,0.12079636007547379,384.20001220703125,1.8769999742507935,1.0460000038146973,2587.300048828125,509.765625,2.0289063453674316,1.0428799390792847,2666.0
2026-09-09T15:23:00.000+08:00,201.56124877929688,11.671463012695312,9.583251953125,8.163605690002441,0.12776216864585876,384.1000061035156,1.8680000305175781,1.0379999876022339,2587.300048828125,509.765625,2.0289063453674316,1.0428799390792847,2666.0
2026-09-09T15:24:00.000+08:00,199.28814697265625,11.711727142333984,9.6044921875,7.915469169616699,0.13113562762737274,384.1000061035156,1.871000051498413,1.0390000343322754,2587.300048828125,509.765625,1.990625023841858,1.0387078523635864,2666.0
2026-09-09T15:25:00.000+08:00,198.56509399414062,11.737041473388672,9.5908203125,8.076672554016113,0.1290135234594345,384.20001220703125,1.871999979019165,1.0399999618530273,2587.300048828125,509.765625,2.0289063453674316,1.0424761772155762,2666.0
2026-09-09T15:26:00.000+08:00,200.1071014404297,11.670173645019531,9.6181640625,8.092366218566895,0.12789830565452576,384.3999938964844,1.8730000257492065,1.0410000085830688,2587.300048828125,509.765625,1.990625023841858,1.0380349159240723,2666.0
2026-09-09T15:27:00.000+08:00,195.3416290283203,11.63338851928711,9.6181640625,7.999626636505127,0.12975606322288513,384.29998779296875,1.8700000047683716,1.0379999876022339,2587.300048828125,509.765625,2.0289063453674316,1.0404574871063232,2667.0
2026-09-09T15:28:00.000+08:00,196.6869659423828,11.668994903564453,9.611328125,8.04057788848877,0.12971703708171844,384.29998779296875,1.8739999532699585,1.0379999876022339,2587.39990234375,509.765625,2.0289063453674316,1.0440912246704102,2667.0
2026-09-09T15:29:00.000+08:00,196.55474853515625,11.637733459472656,9.70849609375,7.859149932861328,0.1325843185186386,384.29998779296875,1.8480000495910645,1.0360000133514404,2587.39990234375,509.765625,2.0289063453674316,1.0392462015151978,2667.0
2026-09-09T15:30:00.000+08:00,196.45779418945312,11.631919860839844,9.6044921875,8.38798999786377,0.1241060197353363,384.29998779296875,1.8700000047683716,1.0429999828338623,2587.39990234375,509.765625,2.0289063453674316,1.0416686534881592,2667.0
2026-09-09T15:31:00.000+08:00,195.9660186767578,11.641498565673828,9.666748046875,7.4858927726745605,0.13839364051818848,384.3999938964844,1.8589999675750732,1.0410000085830688,2587.39990234375,509.765625,1.990625023841858,1.0372275114059448,2667.0
2026-09-09T15:32:00.000+08:00,197.9478759765625,11.61639404296875,9.507080078125,8.081097602844238,0.12807665765285492,384.0,1.8580000400543213,1.0390000343322754,2587.39990234375,509.765625,2.0289063453674316,1.0404574871063232,2667.0
2026-09-09T15:33:00.000+08:00,196.79193115234375,11.661563873291016,9.6806640625,7.7435760498046875,0.13495056331157684,384.3999938964844,1.8569999933242798,1.0399999618530273,2587.39990234375,509.765625,2.0289063453674316,1.0408612489700317,2667.0
2026-09-09T15:34:00.000+08:00,197.99485778808594,11.663955688476562,9.5283203125,7.752336502075195,0.13454008102416992,384.3999938964844,1.8480000495910645,1.0390000343322754,2587.5,509.765625,2.0289063453674316,1.047052025794983,2667.0
2026-09-09T15:35:00.000+08:00,194.41920471191406,11.74593734741211,9.548583984375,8.159564971923828,0.12733522057533264,384.1000061035156,1.8589999675750732,1.034000039100647,2587.5,509.765625,1.990625023841858,1.0368237495422363,2667.0
2026-09-09T15:36:00.000+08:00,193.50950622558594,11.676612854003906,9.583251953125,8.420538902282715,0.12398255616426468,384.20001220703125,1.8539999723434448,1.0420000553131104,2587.5,509.765625,2.0289063453674316,1.0408612489700317,2667.0
2026-09-09T15:37:00.000+08:00,191.54736328125,11.665523529052734,9.632080078125,8.266654014587402,0.12629051506519318,384.29998779296875,1.875,1.055999994277954,2587.5,509.765625,2.0289063453674316,1.0518969297409058,2667.0
2026-09-09T15:38:00.000+08:00,195.5341339111328,11.683036804199219,9.6181640625,8.150577545166016,0.12747561931610107,384.29998779296875,1.8539999723434448,1.0449999570846558,2587.5,509.765625,2.0289063453674316,1.0396499633789062,2667.0
2026-09-09T15:39:00.000+08:00,194.8170928955078,11.715370178222656,9.569580078125,7.518311023712158,0.14059008657932281,384.5,1.843999981880188,1.0379999876022339,2587.5,509.765625,2.0289063453674316,1.0420724153518677,2667.0
2026-09-09T15:40:00.000+08:00,191.9278106689453,11.664344787597656,9.625,7.6581645011901855,0.13619451224803925,384.3999938964844,1.8589999675750732,1.0470000505447388,2587.60009765625,509.765625,2.0289063453674316,1.0458407402038574,2667.0
2026-09-09T15:41:00.000+08:00,191.98341369628906,11.659893035888672,9.6181640625,7.810661792755127,0.1331513375043869,384.6000061035156,1.8489999771118164,1.0449999570846558,2587.60009765625,513.28125,2.0289063453674316,1.0438220500946045,2667.0
2026-09-09T15:42:00.000+08:00,192.11679077148438,11.664932250976562,9.6318359375,7.720597267150879,0.13548174500465393,384.6000061035156,1.8580000400543213,1.0499999523162842,2587.60009765625,513.28125,2.0289063453674316,1.0498782396316528,2667.0
2026-09-09T15:43:00.000+08:00,187.8814697265625,11.62677001953125,9.6533203125,7.308516979217529,0.1432575136423111,384.70001220703125,1.8580000400543213,1.0490000247955322,2587.60009765625,513.28125,2.0289063453674316,1.044225811958313,2667.0
2026-09-09T15:44:00.000+08:00,193.66139221191406,11.599376678466797,9.6669921875,7.488149166107178,0.1411563754081726,384.79998779296875,1.8480000495910645,1.0399999618530273,2587.60009765625,513.28125,2.0289063453674316,1.043418288230896,2667.0
2026-09-09T15:45:00.000+08:00,195.17921447753906,11.651695251464844,9.569580078125,7.389123439788818,0.1410180777311325,384.8999938964844,1.8830000162124634,1.065000057220459,2587.699951171875,513.28125,2.0289063453674316,1.0544540882110596,2667.0
2026-09-09T15:46:00.000+08:00,196.28079223632812,11.65228271484375,9.5625,7.80793571472168,0.13422241806983948,384.79998779296875,1.8559999465942383,1.0479999780654907,2587.699951171875,513.28125,1.990625023841858,1.0422070026397705,2667.0
2026-09-09T15:47:00.000+08:00,196.44833374023438,11.659786224365234,9.6669921875,7.641765117645264,0.1391039937734604,384.6000061035156,1.8489999771118164,1.0399999618530273,2587.699951171875,513.28125,2.0289063453674316,1.0466482639312744,2667.0
2026-09-09T15:48:00.000+08:00,195.35003662109375,11.660003662109375,9.534912109375,8.11528491973877,0.1286461353302002,384.79998779296875,1.8519999980926514,1.0429999828338623,2587.699951171875,513.28125,2.0289063453674316,1.0446295738220215,2667.0
2026-09-09T15:49:00.000+08:00,197.11141967773438,11.638446807861328,9.6806640625,7.636631011962891,0.13670949637889862,384.70001220703125,1.8569999933242798,1.0470000505447388,2587.699951171875,513.28125,2.0289063453674316,1.041803240776062,2667.0
2026-09-09T15:50:00.000+08:00,193.3228759765625,11.653968811035156,9.625,8.372164726257324,0.1254155933856964,384.8999938964844,1.8420000076293945,1.0390000343322754,2587.699951171875,513.28125,2.0289063453674316,1.0446295738220215,2667.0
2026-09-09T15:51:00.000+08:00,199.31358337402344,11.627059936523438,9.6533203125,7.799891948699951,0.13397622108459473,384.70001220703125,1.8639999628067017,1.0479999780654907,2587.800048828125,513.28125,2.0289063453674316,1.0504165887832642,2667.0
2026-09-09T15:52:00.000+08:00,196.58746337890625,11.696277618408203,9.72265625,7.912847995758057,0.13193732500076294,385.0,1.8680000305175781,1.0460000038146973,2587.800048828125,513.28125,2.0289063453674316,1.0446295738220215,2667.0
2026-09-09T15:53:00.000+08:00,195.29319763183594,11.663558959960938,9.6181640625,7.345812797546387,0.14416375756263733,384.8999938964844,1.8660000562667847,1.0420000553131104,2587.800048828125,513.28125,2.0289063453674316,1.0483977794647217,2667.0
2026-09-09T15:54:00.000+08:00,196.86773681640625,11.666923522949219,9.59765625,8.05739974975586,0.12944622337818146,384.8999938964844,1.8539999723434448,1.0399999618530273,2587.800048828125,513.28125,1.990625023841858,1.0430145263671875,2667.0
2026-09-09T15:55:00.000+08:00,199.5302734375,11.676410675048828,9.5556640625,8.261500358581543,0.12600617110729218,385.0,1.871000051498413,1.0499999523162842,2587.800048828125,513.28125,2.0289063453674316,1.0483977794647217,2667.0
2026-09-09T15:56:00.000+08:00,198.15216064453125,11.672050476074219,9.57666015625,8.434821128845215,0.12377262860536575,384.79998779296875,1.8650000095367432,1.0460000038146973,2587.800048828125,513.28125,2.0289063453674316,1.045436978340149,2667.0
2026-09-09T15:57:00.000+08:00,195.8888702392578,11.574142456054688,9.6806640625,8.103894233703613,0.12882696092128754,384.8999938964844,1.8539999723434448,1.0429999828338623,2587.89990234375,513.28125,2.0289063453674316,1.0438220500946045,2667.0
2026-09-09T15:58:00.000+08:00,195.1794891357422,11.58523941040039,9.57666015625,7.875631332397461,0.13306869566440582,384.70001220703125,1.8519999980926514,1.0399999618530273,2587.89990234375,513.28125,2.0289063453674316,1.0438220500946045,2667.0
2026-09-09T15:59:00.000+08:00,199.31613159179688,11.61458969116211,9.6806640625,7.868185520172119,0.13268624246120453,384.70001220703125,1.8630000352859497,1.0440000295639038,2587.89990234375,513.28125,2.0289063453674316,1.0400537252426147,2667.0
2026-09-09T16:00:00.000+08:00,197.31076049804688,11.673446655273438,9.6806640625,7.86985969543457,0.1324038803577423,385.0,1.8660000562667847,1.0470000505447388,2587.89990234375,513.28125,2.0289063453674316,1.054050326347351,2667.0
2026-09-09T16:01:00.000+08:00,200.51783752441406,11.636459350585938,9.58349609375,7.798078536987305,0.13413560390472412,384.79998779296875,1.8650000095367432,1.0499999523162842,2587.89990234375,513.28125,2.0289063453674316,1.0528390407562256,2667.0
2026-09-09T16:02:00.000+08:00,198.63990783691406,11.62615966796875,9.701416015625,7.6044230461120605,0.13965557515621185,384.8999938964844,1.8539999723434448,1.0410000085830688,2588.0,513.28125,2.0289063453674316,1.044225811958313,2667.0
2026-09-09T16:03:00.000+08:00,198.10592651367188,11.590370178222656,9.611328125,8.09627628326416,0.13030682504177094,384.70001220703125,1.8539999723434448,1.0420000553131104,2588.0,513.28125,2.0289063453674316,1.046244502067566,2667.0
2026-09-09T16:04:00.000+08:00,196.00772094726562,11.57080078125,9.66015625,7.3526611328125,0.1423974186182022,384.70001220703125,1.8589999675750732,1.0369999408721924,2588.0,509.765625,2.0289063453674316,1.0413994789123535,2667.0
2026-09-09T16:05:00.000+08:00,196.69784545898438,11.574142456054688,9.673828125,7.667445659637451,0.13589924573898315,384.20001220703125,1.8569999933242798,1.0420000553131104,2588.0,509.765625,2.0289063453674316,1.0412650108337402,2667.0
2026-09-09T16:06:00.000+08:00,197.73379516601562,11.552200317382812,9.597412109375,7.584865570068359,0.1372469961643219,384.5,1.8760000467300415,1.0470000505447388,2588.0,509.765625,2.0289063453674316,1.0432837009429932,2667.0
2026-09-09T16:07:00.000+08:00,194.49366760253906,11.613410949707031,9.486328125,7.686455249786377,0.13608354330062866,384.6000061035156,1.8530000448226929,1.0399999618530273,2588.0,509.765625,1.990625023841858,1.0384386777877808,2667.0
2026-09-09T16:08:00.000+08:00,197.70042419433594,11.681449890136719,9.59033203125,7.507525444030762,0.1405256688594818,384.5,1.8580000400543213,1.0429999828338623,2588.10009765625,509.765625,1.990625023841858,1.0392462015151978,2667.0
2026-09-09T16:09:00.000+08:00,197.8170623779297,11.59958267211914,9.423828125,8.342162132263184,0.12514741718769073,384.3999938964844,1.8539999723434448,1.0379999876022339,2588.10009765625,509.765625,2.0289063453674316,1.0440912246704102,2667.0
2026-09-09T16:10:00.000+08:00,192.3488311767578,11.473590850830078,9.28515625,7.743024826049805,0.1348310261964798,384.3999938964844,1.8569999933242798,1.0410000085830688,2588.10009765625,509.765625,2.0289063453674316,1.0523006916046143,2667.0
2026-09-09T16:11:00.000+08:00,192.38119506835938,11.443511962890625,9.4169921875,8.275818824768066,0.12627148628234863,384.3999938964844,1.8609999418258667,1.0410000085830688,2588.10009765625,509.765625,2.0289063453674316,1.0428799390792847,2667.0
2026-09-09T16:12:00.000+08:00,193.51075744628906,11.43402099609375,9.236328125,8.617003440856934,0.12092370539903641,384.3999938964844,1.8509999513626099,1.0360000133514404,2588.10009765625,509.765625,2.0289063453674316,1.0446295738220215,2667.0
2026-09-09T16:13:00.000+08:00,195.9401397705078,11.440227508544922,9.27099609375,8.002647399902344,0.12995699048042297,384.0,1.8489999771118164,1.034999966621399,2588.10009765625,509.765625,2.0289063453674316,1.0432837009429932,2667.0
2026-09-09T16:14:00.000+08:00,195.3236846923828,11.438404083251953,9.423828125,8.220780372619629,0.126995250582695,384.6000061035156,1.8609999418258667,1.0410000085830688,2588.199951171875,513.28125,2.0289063453674316,1.0438220500946045,2667.0
2026-09-09T16:15:00.000+08:00,197.60032653808594,11.535228729248047,9.298828125,8.637840270996094,0.11993738263845444,384.70001220703125,1.8669999837875366,1.0429999828338623,2588.199951171875,513.28125,2.0289063453674316,1.045436978340149,2667.0
2026-09-09T16:16:00.000+08:00,192.3606719970703,11.51846694946289,9.382080078125,8.374755859375,0.12394391745328903,384.5,1.8459999561309814,1.0390000343322754,2588.199951171875,509.765625,2.0289063453674316,1.0408612489700317,2667.0
2026-09-09T16:17:00.000+08:00,191.31385803222656,11.5792236328125,9.39599609375,8.489157676696777,0.12262700498104095,384.20001220703125,1.843000054359436,1.034999966621399,2588.199951171875,509.765625,2.0289063453674316,1.0416686534881592,2667.0
2026-09-09T16:18:00.000+08:00,191.01119995117188,11.601551055908203,9.4794921875,8.507332801818848,0.12260012328624725,384.6000061035156,1.8519999980926514,1.0470000505447388,2588.199951171875,509.765625,1.990625023841858,1.0348049402236938,2667.0
2026-09-09T16:19:00.000+08:00,195.93922424316406,11.608081817626953,9.4169921875,8.46451473236084,0.12203889340162277,384.5,1.8509999513626099,1.0390000343322754,2588.199951171875,509.765625,2.0289063453674316,1.0446295738220215,2667.0
2026-09-09T16:20:00.000+08:00,194.7220916748047,11.575565338134766,9.40283203125,8.005942344665527,0.1305280476808548,384.3999938964844,1.8580000400543213,1.0399999618530273,2588.300048828125,509.765625,2.0289063453674316,1.0392462015151978,2667.0
2026-09-09T16:21:00.000+08:00,194.48585510253906,11.61117172241211,9.39599609375,8.128388404846191,0.12856176495552063,384.5,1.843000054359436,1.0379999876022339,2588.300048828125,509.765625,2.0289063453674316,1.0446295738220215,2667.0
2026-09-09T16:22:00.000+08:00,196.23538208007812,11.616283416748047,9.423828125,8.260043144226074,0.12590733170509338,384.29998779296875,1.8480000495910645,1.0399999618530273,2588.300048828125,509.765625,2.0289063453674316,1.0424761772155762,2667.0
2026-09-09T16:23:00.000+08:00,199.85110473632812,11.524066925048828,9.409912109375,8.526456832885742,0.12209057062864304,384.3999938964844,1.847000002861023,1.0410000085830688,2588.300048828125,509.765625,1.990625023841858,1.0380349159240723,2667.0
2026-09-09T16:24:00.000+08:00,197.6195831298828,11.451446533203125,9.388916015625,8.37918472290039,0.12363971769809723,384.20001220703125,1.8459999561309814,1.0379999876022339,2588.300048828125,509.765625,2.0289063453674316,1.0412650108337402,2668.0
2026-09-09T16:25:00.000+08:00,198.2982635498047,11.444511413574219,9.5556640625,8.272100448608398,0.12511935830116272,384.3999938964844,1.8550000190734863,1.0440000295639038,2588.39990234375,509.765625,2.0289063453674316,1.0436874628067017,2668.0
2026-09-09T16:26:00.000+08:00,200.25283813476562,11.447105407714844,9.486328125,8.502628326416016,0.12219750881195068,384.1000061035156,1.8450000286102295,1.0420000553131104,2588.39990234375,509.765625,1.990625023841858,1.039111614227295,2668.0
2026-09-09T16:27:00.000+08:00,204.43447875976562,11.432060241699219,9.4375,7.875474452972412,0.1321825087070465,384.0,1.8380000591278076,1.0329999923706055,2588.39990234375,509.765625,1.990625023841858,1.035477876663208,2668.0
2026-09-09T16:28:00.000+08:00,201.8850555419922,11.440349578857422,9.4658203125,8.043704986572266,0.1295422911643982,384.29998779296875,1.8559999465942383,1.0390000343322754,2588.39990234375,509.765625,2.0289063453674316,1.0404574871063232,2668.0
2026-09-09T16:29:00.000+08:00,200.6279754638672,11.407337188720703,9.3125,7.767755031585693,0.1335006058216095,384.6000061035156,1.8550000190734863,1.0449999570846558,2588.39990234375,513.28125,1.990625023841858,1.0364199876785278,2668.0
2026-09-09T16:30:00.000+08:00,200.00364685058594,11.554141998291016,9.361083984375,7.933230400085449,0.13197650015354156,384.79998779296875,1.8559999465942383,1.0429999828338623,2588.39990234375,513.28125,1.990625023841858,1.042610764503479,2668.0
2026-09-09T16:31:00.000+08:00,199.956787109375,11.468345642089844,9.47265625,8.269247055053711,0.12588812410831451,384.79998779296875,1.843999981880188,1.0429999828338623,2588.5,513.28125,2.0289063453674316,1.042610764503479,2668.0
2026-09-09T16:32:00.000+08:00,195.2316436767578,11.535301208496094,9.5556640625,8.502629280090332,0.12255032360553741,384.6000061035156,1.8530000448226929,1.0440000295639038,2588.5,509.765625,2.0289063453674316,1.0408612489700317,2668.0
2026-09-09T16:33:00.000+08:00,199.7434844970703,11.51443862915039,9.479248046875,8.058234214782715,0.12955690920352936,384.29998779296875,1.8480000495910645,1.0399999618530273,2588.5,509.765625,1.990625023841858,1.038304090499878,2668.0
2026-09-09T16:34:00.000+08:00,204.0690155029297,11.47991943359375,9.472412109375,8.18669605255127,0.12691321969032288,384.29998779296875,1.843000054359436,1.0329999923706055,2588.5,509.765625,2.0289063453674316,1.0432837009429932,2668.0
2026-09-09T16:35:00.000+08:00,203.40086364746094,11.420486450195312,9.4931640625,8.242023468017578,0.12581861019134521,384.3999938964844,1.843999981880188,1.0379999876022339,2588.5,509.765625,2.0289063453674316,1.0424761772155762,2668.0
2026-09-09T16:36:00.000+08:00,206.114990234375,11.381309509277344,9.41015625,8.212394714355469,0.12615078687667847,383.8999938964844,1.8569999933242798,1.0360000133514404,2588.5,509.765625,2.0289063453674316,1.040726661682129,2668.0
2026-09-09T16:37:00.000+08:00,202.67039489746094,11.428985595703125,9.47265625,7.712148189544678,0.1347225159406662,384.29998779296875,1.850000023841858,1.0390000343322754,2588.60009765625,509.765625,1.990625023841858,1.037092924118042,2668.0
2026-09-09T16:38:00.000+08:00,202.9989013671875,11.413463592529297,9.4794921875,7.885101795196533,0.13164065778255463,384.6000061035156,1.8550000190734863,1.0449999570846558,2588.60009765625,509.765625,2.0289063453674316,1.0428799390792847,2668.0
2026-09-09T16:39:00.000+08:00,203.0207061767578,11.430660247802734,9.5283203125,7.193728446960449,0.14470937848091125,384.3999938964844,1.847000002861023,1.0399999618530273,2588.60009765625,509.765625,2.0289063453674316,1.046109914779663,2668.0
2026-09-09T16:40:00.000+08:00,201.4352264404297,11.433326721191406,9.4169921875,8.126819610595703,0.1279713362455368,384.20001220703125,1.8530000448226929,1.0399999618530273,2588.60009765625,509.765625,1.990625023841858,1.0358816385269165,2668.0
2026-09-09T16:41:00.000+08:00,206.1605987548828,11.39755630493164,9.5283203125,7.463162422180176,0.13894914090633392,384.70001220703125,1.8480000495910645,1.034999966621399,2588.60009765625,509.765625,2.0289063453674316,1.0408612489700317,2668.0
2026-09-09T16:42:00.000+08:00,205.4626922607422,11.498329162597656,9.409912109375,8.355195999145508,0.12471280992031097,384.6000061035156,1.8530000448226929,1.0410000085830688,2588.60009765625,509.765625,2.0289063453674316,1.0416686534881592,2668.0
2026-09-09T16:43:00.000+08:00,202.99169921875,11.474494934082031,9.472412109375,7.817558288574219,0.13252219557762146,384.20001220703125,1.8489999771118164,1.0390000343322754,2588.699951171875,509.765625,1.990625023841858,1.037092924118042,2668.0
2026-09-09T16:44:00.000+08:00,200.49244689941406,11.43768310546875,9.6044921875,8.027037620544434,0.13006044924259186,384.3999938964844,1.8519999980926514,1.0420000553131104,2588.699951171875,509.765625,2.0289063453674316,1.0424761772155762,2668.0
2026-09-09T16:45:00.000+08:00,200.74288940429688,11.414546966552734,9.5556640625,7.7155914306640625,0.13466238975524902,384.3999938964844,1.850000023841858,1.0379999876022339,2588.699951171875,509.765625,1.990625023841858,1.0374966859817505,2668.0
2026-09-09T16:46:00.000+08:00,200.84544372558594,11.455307006835938,9.4931640625,7.307644367218018,0.14300093054771423,384.6000061035156,1.8420000076293945,1.0379999876022339,2588.699951171875,509.765625,1.990625023841858,1.0404574871063232,2668.0
2026-09-09T16:47:00.000+08:00,204.8309783935547,11.60482406616211,9.5556640625,7.723467826843262,0.13491348922252655,384.79998779296875,1.850000023841858,1.0420000553131104,2588.699951171875,513.28125,2.0289063453674316,1.0446295738220215,2668.0
2026-09-09T16:48:00.000+08:00,203.21092224121094,11.593734741210938,9.6181640625,7.934311389923096,0.13082420825958252,384.20001220703125,1.8600000143051147,1.0479999780654907,2588.699951171875,509.765625,2.0289063453674316,1.0432837009429932,2668.0
2026-09-09T16:49:00.000+08:00,202.72735595703125,11.442615509033203,9.72265625,7.695059299468994,0.13528160750865936,384.70001220703125,1.8739999532699585,1.059999942779541,2588.800048828125,513.28125,2.0289063453674316,1.0531082153320312,2668.0
2026-09-09T16:50:00.000+08:00,202.7726593017578,11.473297119140625,9.6181640625,7.720981597900391,0.13469789922237396,384.79998779296875,1.847000002861023,1.0420000553131104,2588.800048828125,513.28125,2.0289063453674316,1.0413994789123535,2668.0
2026-09-09T16:51:00.000+08:00,205.88360595703125,11.627357482910156,9.694580078125,7.319231033325195,0.1440041959285736,384.70001220703125,1.8480000495910645,1.0420000553131104,2588.800048828125,513.28125,2.0289063453674316,1.0400537252426147,2668.0
2026-09-09T16:52:00.000+08:00,202.59915161132812,11.606391906738281,9.632080078125,7.869421005249023,0.1321571171283722,384.70001220703125,1.8370000123977661,1.0390000343322754,2588.800048828125,513.28125,2.0289063453674316,1.042610764503479,2668.0
2026-09-09T16:53:00.000+08:00,203.3609161376953,11.645561218261719,9.5625,8.21739387512207,0.1270475685596466,385.1000061035156,1.8550000190734863,1.0490000247955322,2588.800048828125,513.28125,1.990625023841858,1.0409958362579346,2668.0
2026-09-09T16:54:00.000+08:00,202.71725463867188,11.56881332397461,9.729248046875,7.836693286895752,0.13372987508773804,385.0,1.8600000143051147,1.0449999570846558,2588.89990234375,513.28125,2.0289063453674316,1.042610764503479,2668.0
2026-09-09T16:55:00.000+08:00,200.40895080566406,11.714672088623047,9.6806640625,8.152505874633789,0.12793612480163574,384.79998779296875,1.8589999675750732,1.0440000295639038,2588.89990234375,513.28125,2.0289063453674316,1.0466482639312744,2668.0
2026-09-09T16:56:00.000+08:00,199.0798797607422,11.605594635009766,9.59765625,7.776210784912109,0.13425561785697937,385.1000061035156,1.8630000352859497,1.0460000038146973,2588.89990234375,513.28125,2.0289063453674316,1.0463790893554688,2668.0
2026-09-09T16:57:00.000+08:00,195.14825439453125,11.556652069091797,9.6669921875,7.345736980438232,0.14171484112739563,384.8999938964844,1.8609999418258667,1.0490000247955322,2588.89990234375,513.28125,2.0289063453674316,1.0475903749465942,2668.0
2026-09-09T16:58:00.000+08:00,202.84832763671875,11.62615966796875,9.638916015625,7.8252716064453125,0.1334138959646225,385.0,1.8569999933242798,1.0410000085830688,2588.89990234375,513.28125,2.0289063453674316,1.0488015413284302,2668.0
2026-09-09T16:59:00.000+08:00,199.29501342773438,11.668891906738281,9.659912109375,7.436061382293701,0.14066587388515472,385.29998779296875,1.8519999980926514,1.0440000295639038,2588.89990234375,513.28125,2.0289063453674316,1.0492053031921387,2668.0
2026-09-09T17:00:00.000+08:00,196.11346435546875,11.647148132324219,9.736083984375,7.577855110168457,0.13724200427532196,385.29998779296875,1.8650000095367432,1.0479999780654907,2589.0,513.28125,2.0289063453674316,1.0509549379348755,2668.0
2026-09-09T17:01:00.000+08:00,196.26071166992188,11.56427001953125,9.7158203125,7.684482097625732,0.13650886714458466,385.5,1.8600000143051147,1.0499999523162842,2589.0,513.28125,2.0289063453674316,1.0501474142074585,2668.0
2026-09-09T17:02:00.000+08:00,199.77206420898438,11.560314178466797,9.66015625,7.666015148162842,0.13696816563606262,385.79998779296875,1.8600000143051147,1.0490000247955322,2589.0,513.28125,2.0289063453674316,1.0498782396316528,2668.0
2026-09-09T17:03:00.000+08:00,206.64633178710938,11.51254653930664,9.673828125,7.899479866027832,0.1330467313528061,385.8999938964844,1.8630000352859497,1.0499999523162842,2589.0,513.28125,2.0289063453674316,1.0535119771957397,2668.0
2026-09-09T17:04:00.000+08:00,206.60340881347656,11.508590698242188,9.66015625,7.307775497436523,0.1436825841665268,385.5,1.86899995803833,1.0490000247955322,2589.0,513.28125,2.0289063453674316,1.0459753274917603,2668.0
2026-09-09T17:05:00.000+08:00,209.7191162109375,11.622814178466797,9.625,8.18380355834961,0.1287909746170044,385.5,1.8660000562667847,1.0470000505447388,2589.0,513.28125,2.0289063453674316,1.0509549379348755,2668.0
2026-09-09T17:06:00.000+08:00,207.04055786132812,11.584938049316406,9.7294921875,7.771243095397949,0.13485616445541382,385.3999938964844,1.8589999675750732,1.0429999828338623,2589.10009765625,513.28125,2.0289063453674316,1.04974365234375,2668.0
2026-09-09T17:07:00.000+08:00,208.4365234375,11.617774963378906,9.59765625,8.262234687805176,0.12720529735088348,385.29998779296875,1.8550000190734863,1.0410000085830688,2589.10009765625,513.28125,2.0289063453674316,1.0467828512191772,2668.0
2026-09-09T17:08:00.000+08:00,206.20382690429688,11.662467956542969,9.6533203125,7.986242771148682,0.13135087490081787,385.3999938964844,1.871000051498413,1.0540000200271606,2589.10009765625,513.28125,2.0289063453674316,1.0455715656280518,2668.0
2026-09-09T17:09:00.000+08:00,205.9076385498047,11.5665283203125,9.6806640625,8.08289909362793,0.12940901517868042,385.5,1.8669999837875366,1.0499999523162842,2589.10009765625,513.28125,2.0289063453674316,1.053377389907837,2668.0
2026-09-09T17:10:00.000+08:00,202.7028350830078,11.639240264892578,9.7294921875,8.177301406860352,0.12767048180103302,385.5,1.8589999675750732,1.0440000295639038,2589.10009765625,513.28125,2.0289063453674316,1.0509549379348755,2668.0
2026-09-09T17:11:00.000+08:00,202.8080291748047,11.711910247802734,9.673583984375,8.231049537658691,0.12902365624904633,385.5,1.8630000352859497,1.0449999570846558,2589.10009765625,513.28125,2.0289063453674316,1.0459753274917603,2668.0
2026-09-09T17:12:00.000+08:00,199.643798828125,11.650203704833984,9.736328125,7.908017158508301,0.13227082788944244,385.29998779296875,1.8559999465942383,1.0440000295639038,2589.199951171875,513.28125,2.0289063453674316,1.0467828512191772,2668.0
2026-09-09T17:13:00.000+08:00,202.6123809814453,11.579479217529297,9.736328125,8.310811996459961,0.12586015462875366,385.29998779296875,1.8650000095367432,1.0490000247955322,2589.199951171875,513.28125,2.0289063453674316,1.04974365234375,2668.0
2026-09-09T17:14:00.000+08:00,203.8197479248047,11.602912902832031,9.694580078125,8.194960594177246,0.12763941287994385,385.70001220703125,1.8580000400543213,1.0470000505447388,2589.199951171875,513.28125,2.0289063453674316,1.0465136766433716,2668.0
2026-09-09T17:15:00.000+08:00,209.69325256347656,11.556449890136719,9.57666015625,8.215774536132812,0.127194344997406,385.6000061035156,1.8600000143051147,1.0490000247955322,2589.199951171875,513.28125,2.0289063453674316,1.05256986618042,2668.0
2026-09-09T17:16:00.000+08:00,206.90904235839844,11.50741195678711,9.791748046875,7.728172302246094,0.1356077343225479,385.70001220703125,1.8559999465942383,1.0449999570846558,2589.199951171875,513.28125,2.0289063453674316,1.048936128616333,2668.0
2026-09-09T17:17:00.000+08:00,208.0399627685547,11.596992492675781,9.625,8.389286041259766,0.12480203807353973,385.5,1.8619999885559082,1.0460000038146973,2589.300048828125,513.28125,2.0289063453674316,1.0521661043167114,2668.0
2026-09-09T17:18:00.000+08:00,205.21763610839844,11.516979217529297,9.6875,7.224882125854492,0.14450062811374664,385.70001220703125,1.8589999675750732,1.0440000295639038,2589.300048828125,513.28125,2.0289063453674316,1.051358699798584,2668.0
2026-09-09T17:19:00.000+08:00,204.21922302246094,11.502559661865234,9.7783203125,7.598477363586426,0.13765916228294373,385.5,1.8580000400543213,1.0509999990463257,2589.300048828125,513.28125,2.0289063453674316,1.0479941368103027,2668.0
2026-09-09T17:20:00.000+08:00,204.45309448242188,11.58749771118164,9.6806640625,7.137552738189697,0.14724935591220856,385.3999938964844,1.8530000448226929,1.0440000295639038,2589.300048828125,513.28125,2.0289063453674316,1.0479941368103027,2668.0
2026-09-09T17:21:00.000+08:00,203.2449493408203,11.6202392578125,9.72265625,7.459805011749268,0.14021813869476318,385.3999938964844,1.8569999933242798,1.0499999523162842,2589.300048828125,513.28125,2.0289063453674316,1.051762342453003,2668.0
2026-09-09T17:22:00.000+08:00,204.36074829101562,11.517585754394531,9.701416015625,7.456815242767334,0.1408107876777649,385.20001220703125,1.8519999980926514,1.0440000295639038,2589.300048828125,513.28125,2.0289063453674316,1.0439566373825073,2669.0
2026-09-09T17:23:00.000+08:00,206.02352905273438,11.56435775756836,9.6806640625,7.398259162902832,0.14151977002620697,385.29998779296875,1.8509999513626099,1.0509999990463257,2589.39990234375,513.28125,2.0289063453674316,1.0467828512191772,2669.0
2026-09-09T17:24:00.000+08:00,207.59097290039062,11.610946655273438,9.673583984375,7.688453674316406,0.13630829751491547,385.29998779296875,1.850000023841858,1.0509999990463257,2589.39990234375,513.28125,2.0289063453674316,1.0574148893356323,2669.0
2026-09-09T17:25:00.000+08:00,205.3636474609375,11.595111846923828,9.673828125,7.787588119506836,0.13393107056617737,385.1000061035156,1.840999960899353,1.0440000295639038,2589.39990234375,513.28125,2.0289063453674316,1.0451678037643433,2669.0
2026-09-09T17:26:00.000+08:00,210.1927032470703,11.645248413085938,9.569580078125,7.910717010498047,0.13197286427021027,385.20001220703125,1.8420000076293945,1.0449999570846558,2589.39990234375,513.28125,2.0289063453674316,1.0488015413284302,2669.0
2026-09-09T17:27:00.000+08:00,205.4430389404297,11.579109191894531,9.611328125,8.247431755065918,0.1270698606967926,384.8999938964844,1.8459999561309814,1.0470000505447388,2589.39990234375,513.28125,1.990625023841858,1.0409958362579346,2669.0
2026-09-09T17:28:00.000+08:00,207.13638305664062,11.65505599975586,9.6875,8.442431449890137,0.12425331026315689,384.79998779296875,1.8380000591278076,1.0410000085830688,2589.39990234375,513.28125,2.0289063453674316,1.0450332164764404,2669.0
2026-09-09T17:29:00.000+08:00,206.49594116210938,11.652572631835938,9.604248046875,8.063261985778809,0.13022024929523468,385.0,1.843999981880188,1.0420000553131104,2589.5,513.28125,2.0289063453674316,1.0483977794647217,2669.0
2026-09-09T17:30:00.000+08:00,206.01597595214844,11.599674224853516,9.632080078125,7.948530197143555,0.1309676170349121,385.1000061035156,1.8380000591278076,1.0429999828338623,2589.5,513.28125,2.0289063453674316,1.043418288230896,2669.0
2026-09-09T17:31:00.000+08:00,206.55067443847656,11.637256622314453,9.659912109375,8.49233341217041,0.12340541929006577,384.8999938964844,1.8509999513626099,1.0490000247955322,2589.5,513.28125,1.990625023841858,1.0422070026397705,2669.0
2026-09-09T17:32:00.000+08:00,202.09796142578125,11.682552337646484,9.638916015625,7.81322717666626,0.13632893562316895,384.3999938964844,1.8480000495910645,1.0440000295639038,2589.5,513.28125,2.0289063453674316,1.046244502067566,2669.0
2026-09-09T17:33:00.000+08:00,202.88880920410156,11.591361999511719,9.6875,7.834173679351807,0.13402818143367767,385.20001220703125,1.8509999513626099,1.0470000505447388,2589.5,513.28125,2.0289063453674316,1.0431491136550903,2669.0
2026-09-09T17:34:00.000+08:00,199.59596252441406,11.576427459716797,9.7431640625,8.055591583251953,0.130095973610878,384.8999938964844,1.850000023841858,1.0449999570846558,2589.60009765625,513.28125,1.990625023841858,1.0409958362579346,2669.0
2026-09-09T17:35:00.000+08:00,199.181884765625,11.613323211669922,9.541748046875,7.408307075500488,0.14159780740737915,385.20001220703125,1.8539999723434448,1.0499999523162842,2589.60009765625,513.28125,2.0289063453674316,1.0463790893554688,2669.0
2026-09-09T17:36:00.000+08:00,202.53285217285156,11.673637390136719,9.7294921875,7.479273796081543,0.13998685777187347,385.1000061035156,1.847000002861023,1.0440000295639038,2589.60009765625,513.28125,2.0289063453674316,1.0463790893554688,2669.0
2026-09-09T17:37:00.000+08:00,203.10696411132812,11.617481231689453,9.6044921875,8.450361251831055,0.12354501336812973,385.0,1.8569999933242798,1.0490000247955322,2589.60009765625,513.28125,2.0289063453674316,1.0459753274917603,2669.0
2026-09-09T17:38:00.000+08:00,207.91607666015625,11.649890899658203,9.72265625,8.13355541229248,0.12811125814914703,385.29998779296875,1.8450000286102295,1.0440000295639038,2589.60009765625,513.28125,2.0289063453674316,1.0467828512191772,2669.0
2026-09-09T17:39:00.000+08:00,208.85816955566406,11.57156753540039,9.72265625,8.546722412109375,0.12180108577013016,384.79998779296875,1.8580000400543213,1.0440000295639038,2589.60009765625,509.765625,1.990625023841858,1.0372275114059448,2669.0
2026-09-09T17:40:00.000+08:00,206.2843017578125,11.599674224853516,9.632080078125,7.774208068847656,0.13519062101840973,384.6000061035156,1.843999981880188,1.0379999876022339,2589.699951171875,509.765625,2.0289063453674316,1.0420724153518677,2669.0
2026-09-09T17:41:00.000+08:00,207.66683959960938,11.633407592773438,9.72265625,7.874974727630615,0.13206391036510468,384.70001220703125,1.86899995803833,1.055999994277954,2589.699951171875,509.765625,2.0289063453674316,1.0486669540405273,2669.0
2026-09-09T17:42:00.000+08:00,210.028076171875,11.595111846923828,9.66015625,7.931545734405518,0.13099589943885803,384.29998779296875,1.8509999513626099,1.0390000343322754,2589.699951171875,509.765625,1.990625023841858,1.0350741147994995,2669.0
2026-09-09T17:43:00.000+08:00,211.92657470703125,11.66750717163086,9.6181640625,8.25743293762207,0.12606823444366455,384.5,1.8450000286102295,1.0390000343322754,2589.699951171875,509.765625,2.0289063453674316,1.0424761772155762,2669.0
2026-09-09T17:44:00.000+08:00,207.52593994140625,11.627357482910156,9.7431640625,8.325299263000488,0.12480030953884125,384.3999938964844,1.8450000286102295,1.0390000343322754,2589.699951171875,509.765625,2.0289063453674316,1.0400537252426147,2669.0
2026-09-09T17:45:00.000+08:00,208.51284790039062,11.576427459716797,9.694580078125,8.595293045043945,0.12250892072916031,384.20001220703125,1.843999981880188,1.0369999408721924,2589.699951171875,509.765625,1.990625023841858,1.0395153760910034,2669.0
2026-09-09T17:46:00.000+08:00,214.07679748535156,11.630725860595703,9.7158203125,8.444330215454102,0.12327798455953598,384.0,1.843000054359436,1.0369999408721924,2589.800048828125,509.765625,1.990625023841858,1.039111614227295,2669.0
2026-09-09T17:47:00.000+08:00,216.19476318359375,11.54587173461914,9.41015625,8.442276000976562,0.1231895238161087,384.29998779296875,1.8539999723434448,1.0440000295639038,2589.800048828125,509.765625,1.990625023841858,1.0374966859817505,2669.0
2026-09-09T17:48:00.000+08:00,214.43568420410156,11.388427734375,9.354248046875,8.13045597076416,0.12754511833190918,384.1000061035156,1.850000023841858,1.0410000085830688,2589.800048828125,509.765625,1.990625023841858,1.038304090499878,2669.0
2026-09-09T17:49:00.000+08:00,214.15774536132812,11.313495635986328,9.3125,8.578947067260742,0.12122700363397598,384.20001220703125,1.8509999513626099,1.0410000085830688,2589.800048828125,509.765625,1.990625023841858,1.036285400390625,2669.0
2026-09-09T17:50:00.000+08:00,213.13247680664062,11.360450744628906,9.2783203125,8.556378364562988,0.12131300568580627,384.0,1.8539999723434448,1.0379999876022339,2589.800048828125,509.765625,2.0289063453674316,1.0415340662002563,2669.0
2026-09-09T17:51:00.000+08:00,208.74310302734375,11.306083679199219,9.3681640625,8.720956802368164,0.11913830041885376,384.1000061035156,1.8600000143051147,1.0449999570846558,2589.800048828125,509.765625,2.0289063453674316,1.0395153760910034,2669.0
2026-09-09T17:52:00.000+08:00,208.25682067871094,11.316368103027344,9.257080078125,8.516029357910156,0.12153550982475281,384.0,1.8509999513626099,1.0390000343322754,2589.89990234375,509.765625,1.990625023841858,1.0366891622543335,2669.0
2026-09-09T17:53:00.000+08:00,209.18797302246094,11.35543441772461,9.1875,8.020452499389648,0.13004253804683685,384.29998779296875,1.8569999933242798,1.0379999876022339,2589.89990234375,509.765625,2.0289063453674316,1.0424761772155762,2669.0
2026-09-09T17:54:00.000+08:00,208.9390106201172,11.298744201660156,9.3681640625,8.598706245422363,0.12048324197530746,384.20001220703125,1.871999979019165,1.0490000247955322,2589.89990234375,509.765625,2.0289063453674316,1.0424761772155762,2669.0
2026-09-09T17:55:00.000+08:00,210.98196411132812,11.334625244140625,9.4306640625,8.651179313659668,0.12044600397348404,384.29998779296875,1.847000002861023,1.0369999408721924,2589.89990234375,509.765625,2.0289063453674316,1.0424761772155762,2669.0
2026-09-09T17:56:00.000+08:00,211.10333251953125,11.255741119384766,9.41015625,7.9065141677856445,0.1320430189371109,384.5,1.8660000562667847,1.0460000038146973,2589.89990234375,509.765625,2.0289063453674316,1.0482631921768188,2669.0
2026-09-09T17:57:00.000+08:00,213.48175048828125,11.348590850830078,9.284912109375,8.07236099243164,0.12833915650844574,384.70001220703125,1.8589999675750732,1.0440000295639038,2589.89990234375,509.765625,1.990625023841858,1.0396499633789062,2669.0
2026-09-09T17:58:00.000+08:00,214.5220489501953,11.360748291015625,9.27099609375,8.078038215637207,0.1292393058538437,384.3999938964844,1.8609999418258667,1.0429999828338623,2590.0,509.765625,2.0289063453674316,1.0416686534881592,2669.0
2026-09-09T17:59:00.000+08:00,212.9536895751953,11.360748291015625,9.263916015625,8.628389358520508,0.12111182510852814,384.5,1.8600000143051147,1.0449999570846558,2590.0,509.765625,1.990625023841858,1.0368237495422363,2669.0
2026-09-09T18:00:00.000+08:00,211.18394470214844,11.398933410644531,9.25,8.405105590820312,0.12397226691246033,384.5,1.86899995803833,1.0470000505447388,2590.0,509.765625,1.990625023841858,1.0372275114059448,2669.0
2026-09-09T18:01:00.000+08:00,209.57623291015625,11.380516052246094,9.347412109375,7.8751749992370605,0.13244150578975677,384.6000061035156,1.8519999980926514,1.0379999876022339,2590.0,509.765625,2.0289063453674316,1.0458407402038574,2669.0
2026-09-09T18:02:00.000+08:00,209.57391357421875,11.435035705566406,9.3125,8.800540924072266,0.11817454546689987,384.3999938964844,1.8639999628067017,1.0379999876022339,2590.0,509.765625,2.0289063453674316,1.0404574871063232,2669.0
2026-09-09T18:03:00.000+08:00,205.2727508544922,11.31564712524414,9.47265625,8.434477806091309,0.12306629866361618,384.29998779296875,1.8739999532699585,1.0440000295639038,2590.10009765625,509.765625,2.067187547683716,1.0583568811416626,2669.0
2026-09-09T18:04:00.000+08:00,211.5111541748047,11.29422378540039,9.354248046875,8.120443344116211,0.12794868648052216,383.70001220703125,1.8650000095367432,1.034000039100647,2590.10009765625,509.765625,2.0289063453674316,1.0387078523635864,2669.0
2026-09-09T18:05:00.000+08:00,216.3721923828125,11.348590850830078,9.2783203125,8.374641418457031,0.12418442219495773,383.5,1.8589999675750732,1.0329999923706055,2590.10009765625,509.765625,1.990625023841858,1.0321133136749268,2669.0
2026-09-09T18:06:00.000+08:00,216.12721252441406,11.371749877929688,9.326416015625,8.648141860961914,0.1201414242386818,384.20001220703125,1.8550000190734863,1.0399999618530273,2590.10009765625,509.765625,1.990625023841858,1.0387078523635864,2669.0
2026-09-09T18:07:00.000+08:00,218.12094116210938,11.274150848388672,9.347412109375,8.582472801208496,0.120245061814785,383.79998779296875,1.8480000495910645,1.034999966621399,2590.10009765625,509.765625,1.990625023841858,1.0309021472930908,2669.0
2026-09-09T18:08:00.000+08:00,216.94454956054688,11.267108917236328,9.3408203125,8.93762493133545,0.11625012010335922,383.8999938964844,1.8589999675750732,1.0410000085830688,2590.10009765625,509.765625,1.990625023841858,1.038304090499878,2669.0
2026-09-09T18:09:00.000+08:00,219.6210479736328,11.21561050415039,9.347412109375,8.49535083770752,0.12206676602363586,384.1000061035156,1.8580000400543213,1.0399999618530273,2590.199951171875,509.765625,2.0289063453674316,1.0416686534881592,2669.0
2026-09-09T18:10:00.000+08:00,220.01864624023438,11.216968536376953,9.4306640625,8.461055755615234,0.1230342909693718,384.1000061035156,1.8550000190734863,1.0399999618530273,2590.199951171875,509.765625,1.990625023841858,1.037092924118042,2669.0
2026-09-09T18:11:00.000+08:00,225.5900115966797,11.213306427001953,9.409912109375,8.693424224853516,0.1198607087135315,384.3999938964844,1.8589999675750732,1.0410000085830688,2590.199951171875,509.765625,2.0289063453674316,1.045302391052246,2669.0
2026-09-09T18:12:00.000+08:00,224.5986785888672,11.28170394897461,9.486328125,7.935684680938721,0.13054955005645752,384.0,1.8559999465942383,1.0410000085830688,2590.199951171875,509.765625,1.990625023841858,1.0337283611297607,2669.0
2026-09-09T18:13:00.000+08:00,223.08172607421875,11.260265350341797,9.41015625,8.10106372833252,0.13060012459754944,383.8999938964844,1.8519999980926514,1.0369999408721924,2590.199951171875,509.765625,1.990625023841858,1.038304090499878,2669.0
2026-09-09T18:14:00.000+08:00,218.24842834472656,11.28509521484375,9.472412109375,7.687657833099365,0.13554193079471588,383.8999938964844,1.8480000495910645,1.0379999876022339,2590.199951171875,509.765625,2.0289063453674316,1.0415340662002563,2669.0
2026-09-09T18:15:00.000+08:00,219.8446807861328,11.354782104492188,9.3681640625,8.151107788085938,0.1269766092300415,383.0,1.8530000448226929,1.031000018119812,2590.300048828125,509.765625,1.990625023841858,1.0315749645233154,2669.0
2026-09-09T18:16:00.000+08:00,221.3074951171875,11.289676666259766,9.3544921875,7.842597484588623,0.13286414742469788,383.6000061035156,1.8489999771118164,1.0369999408721924,2590.300048828125,509.765625,1.990625023841858,1.0333245992660522,2669.0
2026-09-09T18:17:00.000+08:00,222.1133270263672,11.281768798828125,9.3125,8.501143455505371,0.12116017192602158,384.0,1.8530000448226929,1.0399999618530273,2590.300048828125,509.765625,1.990625023841858,1.0395153760910034,2669.0
2026-09-09T18:18:00.000+08:00,221.93878173828125,11.365989685058594,9.4169921875,8.57260799407959,0.12096668779850006,384.20001220703125,1.8550000190734863,1.0440000295639038,2590.300048828125,509.765625,1.990625023841858,1.0387078523635864,2669.0
2026-09-09T18:19:00.000+08:00,222.50692749023438,11.265953063964844,9.3544921875,8.402276992797852,0.1240139976143837,383.6000061035156,1.843000054359436,1.034000039100647,2590.300048828125,509.765625,1.990625023841858,1.0345358848571777,2670.0
2026-09-09T18:20:00.000+08:00,220.06021118164062,11.27725601196289,9.423583984375,8.38105583190918,0.12361210584640503,384.29998779296875,1.8509999513626099,1.0410000085830688,2590.300048828125,509.765625,2.0289063453674316,1.0387078523635864,2670.0
2026-09-09T18:21:00.000+08:00,222.0401611328125,11.33017349243164,9.3544921875,8.840526580810547,0.11662200838327408,384.5,1.8519999980926514,1.0470000505447388,2590.39990234375,509.765625,2.0289063453674316,1.0432837009429932,2670.0
2026-09-09T18:22:00.000+08:00,220.18663024902344,11.257102966308594,9.472412109375,8.665068626403809,0.12002213299274445,384.3999938964844,1.850000023841858,1.0399999618530273,2590.39990234375,509.765625,1.990625023841858,1.0380349159240723,2670.0
2026-09-09T18:23:00.000+08:00,222.3363037109375,11.324771881103516,9.3681640625,8.943122863769531,0.1167377382516861,384.1000061035156,1.850000023841858,1.0369999408721924,2590.39990234375,509.765625,2.0289063453674316,1.039111614227295,2670.0
2026-09-09T18:24:00.000+08:00,215.01168823242188,11.290245056152344,9.3125,8.044644355773926,0.12902994453907013,384.3999938964844,1.8509999513626099,1.0399999618530273,2590.39990234375,509.765625,2.0289063453674316,1.0387078523635864,2670.0
2026-09-09T18:25:00.000+08:00,217.69696044921875,11.43393325805664,9.6044921875,8.923277854919434,0.11598876863718033,384.0,1.8519999980926514,1.0369999408721924,2590.39990234375,509.765625,2.0289063453674316,1.0395153760910034,2670.0
2026-09-09T18:26:00.000+08:00,222.5019073486328,11.484073638916016,9.507080078125,8.864115715026855,0.11710136383771896,384.1000061035156,1.8559999465942383,1.034999966621399,2590.5,509.765625,1.990625023841858,1.0412650108337402,2670.0
2026-09-09T18:27:00.000+08:00,221.04864501953125,11.394554138183594,9.659912109375,8.20918083190918,0.1264438033103943,384.3999938964844,1.8580000400543213,1.0369999408721924,2590.5,509.765625,2.0289063453674316,1.046109914779663,2670.0
2026-09-09T18:28:00.000+08:00,221.58206176757812,11.436511993408203,9.5419921875,8.61707592010498,0.12045849859714508,384.1000061035156,1.8530000448226929,1.034000039100647,2590.5,509.765625,1.990625023841858,1.037092924118042,2670.0
2026-09-09T18:29:00.000+08:00,221.73519897460938,11.464962005615234,9.47265625,8.022578239440918,0.12963414192199707,383.8999938964844,1.8459999561309814,1.034999966621399,2590.5,509.765625,1.990625023841858,1.037900447845459,2670.0
2026-09-09T18:30:00.000+08:00,220.77517700195312,11.394187927246094,9.534912109375,7.895870685577393,0.13133446872234344,384.0,1.8489999771118164,1.0329999923706055,2590.5,509.765625,1.990625023841858,1.035477876663208,2670.0
2026-09-09T18:31:00.000+08:00,223.4099884033203,11.476165771484375,9.541748046875,8.837050437927246,0.11757317185401917,384.0,1.8480000495910645,1.034000039100647,2590.5,509.765625,1.990625023841858,1.037900447845459,2670.0
2026-09-09T18:32:00.000+08:00,223.54049682617188,11.45379638671875,9.604248046875,7.978291034698486,0.13035373389720917,384.1000061035156,1.850000023841858,1.034000039100647,2590.60009765625,509.765625,1.990625023841858,1.034266710281372,2670.0
2026-09-09T18:33:00.000+08:00,218.3194122314453,11.460346221923828,9.548583984375,8.233358383178711,0.1278943419456482,384.29998779296875,1.850000023841858,1.0369999408721924,2590.60009765625,509.765625,1.990625023841858,1.038304090499878,2670.0
2026-09-09T18:34:00.000+08:00,218.7413787841797,11.519866943359375,9.6669921875,8.69262981414795,0.11941150575876236,384.0,1.850000023841858,1.0429999828338623,2590.60009765625,509.765625,2.0289063453674316,1.038169503211975,2670.0
2026-09-09T18:35:00.000+08:00,218.4964599609375,11.582054138183594,9.659912109375,8.36797046661377,0.12368589639663696,384.0,1.847000002861023,1.0329999923706055,2590.60009765625,509.765625,1.990625023841858,1.0366891622543335,2670.0
2026-09-09T18:36:00.000+08:00,219.70205688476562,11.545082092285156,9.632080078125,8.053130149841309,0.1286456286907196,384.20001220703125,1.8459999561309814,1.0360000133514404,2590.60009765625,509.765625,2.0289063453674316,1.037900447845459,2670.0
2026-09-09T18:37:00.000+08:00,219.19618225097656,11.484073638916016,9.541748046875,8.348414421081543,0.12433498352766037,384.0,1.847000002861023,1.0360000133514404,2590.60009765625,509.765625,2.0289063453674316,1.037900447845459,2670.0
2026-09-09T18:38:00.000+08:00,221.7943115234375,11.423542022705078,9.6181640625,8.2337007522583,0.12558144330978394,384.3999938964844,1.8420000076293945,1.0379999876022339,2590.699951171875,509.765625,2.0289063453674316,1.038304090499878,2670.0
2026-09-09T18:39:00.000+08:00,221.13792419433594,11.434028625488281,9.51416015625,8.537020683288574,0.12111953645944595,384.29998779296875,1.8509999513626099,1.0379999876022339,2590.699951171875,509.765625,1.990625023841858,1.037092924118042,2670.0
2026-09-09T18:40:00.000+08:00,220.26370239257812,11.4942626953125,9.597412109375,7.8275532722473145,0.13286399841308594,384.1000061035156,1.843000054359436,1.0360000133514404,2590.699951171875,509.765625,2.0289063453674316,1.0403228998184204,2670.0
2026-09-09T18:41:00.000+08:00,222.5141143798828,11.473091125488281,9.5283203125,8.178638458251953,0.12716051936149597,383.79998779296875,1.840000033378601,1.0369999408721924,2590.699951171875,509.765625,2.0289063453674316,1.0387078523635864,2670.0
2026-09-09T18:42:00.000+08:00,223.85182189941406,11.489700317382812,9.6181640625,8.341257095336914,0.12372235953807831,384.29998779296875,1.8309999704360962,1.0369999408721924,2590.699951171875,509.765625,1.990625023841858,1.038304090499878,2670.0
2026-09-09T18:43:00.000+08:00,223.3209686279297,11.478221893310547,9.5,8.646634101867676,0.1195840984582901,384.3999938964844,1.8279999494552612,1.034000039100647,2590.699951171875,509.765625,1.990625023841858,1.0380349159240723,2670.0
2026-09-09T18:44:00.000+08:00,223.1114044189453,11.456077575683594,9.5556640625,8.310441970825195,0.12514376640319824,384.29998779296875,1.843000054359436,1.0379999876022339,2590.800048828125,509.765625,1.990625023841858,1.0358816385269165,2670.0
2026-09-09T18:45:00.000+08:00,220.17971801757812,11.485946655273438,9.6533203125,8.376541137695312,0.12391749024391174,383.8999938964844,1.8420000076293945,1.0369999408721924,2590.800048828125,509.765625,1.990625023841858,1.037900447845459,2670.0
2026-09-09T18:46:00.000+08:00,220.94924926757812,11.40634536743164,9.5,8.622117042541504,0.12004012614488602,384.0,1.8450000286102295,1.034000039100647,2590.800048828125,509.765625,1.990625023841858,1.0337283611297607,2670.0
2026-09-09T18:47:00.000+08:00,221.63572692871094,11.411182403564453,9.534912109375,7.922705173492432,0.13152073323726654,384.0,1.843999981880188,1.0390000343322754,2590.800048828125,509.765625,2.0289063453674316,1.0387078523635864,2670.0
2026-09-09T18:48:00.000+08:00,219.6072540283203,11.374984741210938,9.4375,8.149584770202637,0.12749116122722626,384.0,1.8450000286102295,1.0399999618530273,2590.800048828125,509.765625,2.0289063453674316,1.039919137954712,2670.0
2026-09-09T18:49:00.000+08:00,220.63693237304688,11.476165771484375,9.5556640625,7.8037543296813965,0.13262847065925598,384.20001220703125,1.8370000123977661,1.0360000133514404,2590.800048828125,509.765625,2.0289063453674316,1.0439566373825073,2670.0
2026-09-09T18:50:00.000+08:00,222.44676208496094,11.488216400146484,9.58349609375,8.063390731811523,0.12922602891921997,384.5,1.871999979019165,1.055999994277954,2590.89990234375,509.765625,1.990625023841858,1.0368237495422363,2670.0
2026-09-09T18:51:00.000+08:00,218.86582946777344,11.554664611816406,9.5625,8.075289726257324,0.1280449479818344,384.0,1.8650000095367432,1.0399999618530273,2590.89990234375,509.765625,1.990625023841858,1.0317095518112183,2670.0
2026-09-09T18:52:00.000+08:00,217.07850646972656,11.44588851928711,9.597412109375,7.622196674346924,0.13828034698963165,384.5,1.8569999933242798,1.0379999876022339,2590.89990234375,509.765625,2.0289063453674316,1.0412650108337402,2670.0
2026-09-09T18:53:00.000+08:00,216.53199768066406,11.552200317382812,9.604248046875,7.7636518478393555,0.13369996845722198,384.3999938964844,1.8519999980926514,1.0390000343322754,2590.89990234375,509.765625,1.990625023841858,1.0395153760910034,2670.0
2026-09-09T18:54:00.000+08:00,218.44659423828125,11.548446655273438,9.625,8.517378807067871,0.12233810126781464,384.3999938964844,1.8589999675750732,1.0379999876022339,2590.89990234375,509.765625,2.0289063453674316,1.0424761772155762,2670.0
2026-09-09T18:55:00.000+08:00,218.77862548828125,11.391700744628906,9.507080078125,7.8135857582092285,0.13297352194786072,384.5,1.8760000467300415,1.0520000457763672,2591.0,509.765625,2.0289063453674316,1.0424761772155762,2670.0
2026-09-09T18:56:00.000+08:00,218.63864135742188,11.449344635009766,9.548828125,7.699896812438965,0.13519662618637085,384.3999938964844,1.8639999628067017,1.0429999828338623,2591.0,509.765625,2.0289063453674316,1.0424761772155762,2670.0
2026-09-09T18:57:00.000+08:00,222.555908203125,11.453006744384766,9.534912109375,8.410696983337402,0.1232953742146492,384.0,1.8519999980926514,1.0369999408721924,2591.0,509.765625,1.990625023841858,1.034266710281372,2670.0
2026-09-09T18:58:00.000+08:00,222.0055694580078,11.388240814208984,9.6181640625,8.519283294677734,0.12207598984241486,384.6000061035156,1.850000023841858,1.0410000085830688,2591.0,509.765625,2.0289063453674316,1.0428799390792847,2670.0
2026-09-09T18:59:00.000+08:00,220.60519409179688,11.398029327392578,9.6181640625,8.55385684967041,0.12099804729223251,385.0,1.8609999418258667,1.0449999570846558,2591.0,513.28125,2.0289063453674316,1.0450332164764404,2670.0
2026-09-09T19:00:00.000+08:00,220.9465789794922,11.378349304199219,9.53515625,8.165740013122559,0.12748384475708008,384.79998779296875,1.850000023841858,1.0360000133514404,2591.0,509.765625,2.0289063453674316,1.0384386777877808,2670.0
2026-09-09T19:01:00.000+08:00,220.15171813964844,11.390209197998047,9.53515625,8.22954273223877,0.12686002254486084,385.0,1.8609999418258667,1.0460000038146973,2591.10009765625,513.28125,2.0289063453674316,1.0430145263671875,2670.0
2026-09-09T19:02:00.000+08:00,222.40771484375,11.364410400390625,9.59765625,8.15683364868164,0.12799084186553955,385.0,1.8509999513626099,1.0379999876022339,2591.10009765625,513.28125,2.0289063453674316,1.043418288230896,2670.0
2026-09-09T19:03:00.000+08:00,223.12152099609375,11.405555725097656,9.4794921875,8.52539348602295,0.1226922869682312,385.20001220703125,1.8589999675750732,1.0460000038146973,2591.10009765625,513.28125,2.0289063453674316,1.0471866130828857,2670.0
2026-09-09T19:04:00.000+08:00,224.12957763671875,11.399517059326172,9.597412109375,7.880720615386963,0.1329827606678009,385.5,1.8539999723434448,1.0420000553131104,2591.10009765625,513.28125,2.0289063453674316,1.0463790893554688,2670.0
2026-09-09T19:05:00.000+08:00,222.78627014160156,11.413166046142578,9.4794921875,8.228302001953125,0.1272437572479248,385.3999938964844,1.8559999465942383,1.0449999570846558,2591.10009765625,513.28125,2.0289063453674316,1.0488015413284302,2670.0
2026-09-09T19:06:00.000+08:00,220.92303466796875,11.366485595703125,9.5556640625,7.787069797515869,0.13432523608207703,385.5,1.86899995803833,1.0490000247955322,2591.10009765625,513.28125,2.0289063453674316,1.0479941368103027,2670.0
2026-09-09T19:07:00.000+08:00,217.40786743164062,11.385379791259766,9.5556640625,8.048680305480957,0.13058041036128998,385.3999938964844,1.8639999628067017,1.0470000505447388,2591.199951171875,513.28125,2.0289063453674316,1.0479941368103027,2670.0
2026-09-09T19:08:00.000+08:00,217.81333923339844,11.393875122070312,9.548828125,8.219977378845215,0.1270076483488083,385.1000061035156,1.8589999675750732,1.0420000553131104,2591.199951171875,513.28125,2.0289063453674316,1.0463790893554688,2670.0
2026-09-09T19:09:00.000+08:00,215.07688903808594,11.321182250976562,9.5625,8.042753219604492,0.13042797148227692,385.3999938964844,1.8539999723434448,1.0470000505447388,2591.199951171875,513.28125,2.0289063453674316,1.0463790893554688,2670.0
2026-09-09T19:10:00.000+08:00,218.8363037109375,11.361644744873047,9.583251953125,7.828681468963623,0.13373899459838867,385.20001220703125,1.8489999771118164,1.0420000553131104,2591.199951171875,513.28125,2.0289063453674316,1.0471866130828857,2670.0
2026-09-09T19:11:00.000+08:00,221.17774963378906,11.357086181640625,9.6181640625,7.769128799438477,0.13412056863307953,385.29998779296875,1.8509999513626099,1.0440000295639038,2591.199951171875,513.28125,2.0289063453674316,1.0463790893554688,2670.0
2026-09-09T19:12:00.000+08:00,224.54342651367188,11.333061218261719,9.611328125,7.849605560302734,0.13389207422733307,384.79998779296875,1.8519999980926514,1.0399999618530273,2591.300048828125,513.28125,2.0289063453674316,1.0474557876586914,2670.0
2026-09-09T19:13:00.000+08:00,224.927734375,11.337017059326172,9.611328125,7.981734275817871,0.1315503567457199,384.8999938964844,1.8480000495910645,1.0410000085830688,2591.300048828125,513.28125,2.0289063453674316,1.046244502067566,2670.0
2026-09-09T19:14:00.000+08:00,218.8134307861328,11.25393295288086,9.548583984375,7.917759418487549,0.1308450996875763,385.1000061035156,1.8459999561309814,1.0420000553131104,2591.300048828125,513.28125,1.990625023841858,1.0422070026397705,2670.0
2026-09-09T19:15:00.000+08:00,219.1472625732422,11.176834106445312,9.3681640625,8.014382362365723,0.12989147007465363,385.0,1.8589999675750732,1.0499999523162842,2591.300048828125,513.28125,2.0289063453674316,1.045436978340149,2670.0
2026-09-09T19:16:00.000+08:00,219.87062072753906,11.094406127929688,9.222412109375,8.021133422851562,0.12978217005729675,385.0,1.871000051498413,1.0549999475479126,2591.300048828125,513.28125,2.067187547683716,1.065893530845642,2671.0
2026-09-09T19:17:00.000+08:00,223.9417724609375,11.153251647949219,9.22265625,7.968120574951172,0.13127312064170837,385.1000061035156,1.878999948501587,1.062000036239624,2591.300048828125,513.28125,2.0289063453674316,1.0564727783203125,2671.0
2026-09-09T19:18:00.000+08:00,216.67352294921875,11.096160888671875,9.1806640625,7.558531761169434,0.14050348103046417,385.0,1.8530000448226929,1.0440000295639038,2591.39990234375,513.28125,2.0289063453674316,1.045436978340149,2671.0
2026-09-09T19:19:00.000+08:00,214.61944580078125,11.069549560546875,9.1875,8.066306114196777,0.12967520952224731,385.0,1.840999960899353,1.0379999876022339,2591.39990234375,513.28125,2.0289063453674316,1.041803240776062,2671.0
2026-09-09T19:20:00.000+08:00,213.0283966064453,11.065593719482422,9.2431640625,8.388157844543457,0.12446118146181107,385.1000061035156,1.8450000286102295,1.0449999570846558,2591.39990234375,513.28125,2.0289063453674316,1.0471866130828857,2671.0
2026-09-09T19:21:00.000+08:00,216.81744384765625,11.203521728515625,9.270751953125,8.206550598144531,0.12806841731071472,385.0,1.8450000286102295,1.0490000247955322,2591.39990234375,513.28125,2.0289063453674316,1.041803240776062,2671.0
2026-09-09T19:22:00.000+08:00,213.72210693359375,11.222160339355469,9.2783203125,8.350007057189941,0.12562863528728485,385.0,1.8420000076293945,1.0410000085830688,2591.39990234375,513.28125,2.0289063453674316,1.0500128269195557,2671.0
2026-09-09T19:23:00.000+08:00,216.84304809570312,11.187702178955078,9.22265625,8.031856536865234,0.13035590946674347,384.8999938964844,1.8489999771118164,1.0440000295639038,2591.39990234375,513.28125,1.990625023841858,1.0409958362579346,2671.0
2026-09-09T19:24:00.000+08:00,218.74111938476562,11.194747924804688,9.284912109375,8.389791488647461,0.12491371482610703,384.8999938964844,1.8730000257492065,1.0549999475479126,2591.5,513.28125,2.0289063453674316,1.057684063911438,2671.0
2026-09-09T19:25:00.000+08:00,219.49172973632812,11.204017639160156,9.319580078125,8.127339363098145,0.12771707773208618,385.0,1.8550000190734863,1.0479999780654907,2591.5,513.28125,2.0289063453674316,1.0582222938537598,2671.0
2026-09-09T19:26:00.000+08:00,215.76393127441406,11.231273651123047,9.2431640625,8.516546249389648,0.12246748805046082,385.1000061035156,1.8619999885559082,1.0470000505447388,2591.5,513.28125,2.0289063453674316,1.0422070026397705,2671.0
2026-09-09T19:27:00.000+08:00,217.43063354492188,11.151752471923828,9.3056640625,8.040735244750977,0.12983888387680054,385.29998779296875,1.8660000562667847,1.0509999990463257,2591.5,513.28125,2.0289063453674316,1.0479941368103027,2671.0
2026-09-09T19:28:00.000+08:00,218.87457275390625,11.142383575439453,9.33349609375,8.621039390563965,0.12133108079433441,384.70001220703125,1.8539999723434448,1.0369999408721924,2591.5,509.765625,2.0289063453674316,1.0446295738220215,2671.0
2026-09-09T19:29:00.000+08:00,219.3526611328125,11.15792465209961,9.3681640625,8.000144958496094,0.1313726156949997,384.79998779296875,1.8650000095367432,1.0440000295639038,2591.5,509.765625,2.0289063453674316,1.0450332164764404,2671.0
2026-09-09T19:30:00.000+08:00,218.98301696777344,11.163978576660156,9.2294921875,7.764267921447754,0.13394695520401,384.5,1.8530000448226929,1.0379999876022339,2591.60009765625,509.765625,1.990625023841858,1.0380349159240723,2671.0
2026-09-09T19:31:00.000+08:00,219.97467041015625,11.18115234375,9.25,7.830079555511475,0.13333198428153992,384.5,1.843999981880188,1.0360000133514404,2591.60009765625,509.765625,2.0289063453674316,1.0404574871063232,2671.0
2026-09-09T19:32:00.000+08:00,219.4717254638672,11.137069702148438,9.3056640625,7.913141250610352,0.13193243741989136,384.8999938964844,1.8550000190734863,1.0449999570846558,2591.60009765625,513.28125,2.0289063453674316,1.0528390407562256,2671.0
2026-09-09T19:33:00.000+08:00,216.66566467285156,11.183456420898438,9.2158203125,7.7185750007629395,0.13486945629119873,385.1000061035156,1.8450000286102295,1.0420000553131104,2591.60009765625,513.28125,2.0289063453674316,1.0471866130828857,2671.0
2026-09-09T19:34:00.000+08:00,219.0007781982422,11.180583953857422,9.25,8.426520347595215,0.12496261298656464,384.8999938964844,1.8550000190734863,1.0479999780654907,2591.60009765625,509.765625,2.0289063453674316,1.047052025794983,2671.0
2026-09-09T19:35:00.000+08:00,220.2884063720703,11.21432113647461,9.236328125,8.044676780700684,0.12915372848510742,385.0,1.8450000286102295,1.0410000085830688,2591.699951171875,513.28125,2.0289063453674316,1.046244502067566,2671.0
2026-09-09T19:36:00.000+08:00,221.73837280273438,11.206977844238281,9.236328125,7.785883903503418,0.13485944271087646,385.1000061035156,1.8519999980926514,1.0440000295639038,2591.699951171875,513.28125,2.0289063453674316,1.0483977794647217,2671.0
2026-09-09T19:37:00.000+08:00,214.68441772460938,11.260623931884766,9.361328125,8.49356460571289,0.12244564294815063,385.20001220703125,1.8569999933242798,1.0479999780654907,2591.699951171875,513.28125,2.0289063453674316,1.043418288230896,2671.0
2026-09-09T19:38:00.000+08:00,210.3556365966797,11.204017639160156,9.347412109375,8.211189270019531,0.12690000236034393,385.1000061035156,1.8600000143051147,1.0490000247955322,2591.699951171875,513.28125,2.0289063453674316,1.0446295738220215,2671.0
2026-09-09T19:39:00.000+08:00,212.52078247070312,11.216812133789062,9.257080078125,8.34749984741211,0.12530697882175446,385.1000061035156,1.8530000448226929,1.0479999780654907,2591.699951171875,513.28125,2.0289063453674316,1.0430145263671875,2671.0
2026-09-09T19:40:00.000+08:00,212.47195434570312,11.29354476928711,9.4033203125,7.721357345581055,0.13520938158035278,385.29998779296875,1.847000002861023,1.0460000038146973,2591.699951171875,513.28125,1.990625023841858,1.039784550666809,2671.0
2026-09-09T19:41:00.000+08:00,210.6744842529297,11.29953384399414,9.423583984375,8.416991233825684,0.12391600757837296,385.1000061035156,1.840000033378601,1.0379999876022339,2591.800048828125,513.28125,2.0289063453674316,1.0430145263671875,2671.0
2026-09-09T19:42:00.000+08:00,209.92295837402344,11.35736083984375,9.25,8.154641151428223,0.12851576507091522,385.3999938964844,1.8320000171661377,1.0429999828338623,2591.800048828125,513.28125,2.0289063453674316,1.0451678037643433,2671.0
2026-09-09T19:43:00.000+08:00,216.23268127441406,11.332977294921875,9.326416015625,8.036924362182617,0.12965159118175507,385.3999938964844,1.8359999656677246,1.0390000343322754,2591.800048828125,513.28125,2.0289063453674316,1.0475903749465942,2671.0
2026-09-09T19:44:00.000+08:00,211.8135223388672,11.29787826538086,9.3125,8.20999813079834,0.12679661810398102,385.5,1.8420000076293945,1.0449999570846558,2591.800048828125,513.28125,2.0289063453674316,1.0475903749465942,2671.0
2026-09-09T19:45:00.000+08:00,211.45762634277344,11.334625244140625,9.423828125,8.368191719055176,0.1240411326289177,385.29998779296875,1.8359999656677246,1.0420000553131104,2591.800048828125,513.28125,2.0289063453674316,1.043418288230896,2671.0
2026-09-09T19:46:00.000+08:00,210.0795135498047,11.260265350341797,9.39599609375,7.920322895050049,0.13219158351421356,385.1000061035156,1.840000033378601,1.0440000295639038,2591.800048828125,513.28125,2.0289063453674316,1.0478595495224,2671.0
2026-09-09T19:47:00.000+08:00,209.8704376220703,11.27133560180664,9.34033203125,7.950023651123047,0.13132037222385406,385.3999938964844,1.8370000123977661,1.0440000295639038,2591.89990234375,513.28125,2.0289063453674316,1.0488015413284302,2671.0
2026-09-09T19:48:00.000+08:00,210.1879119873047,11.278675079345703,9.3125,7.689389228820801,0.1357715129852295,385.20001220703125,1.8320000171661377,1.0420000553131104,2591.89990234375,513.28125,2.0289063453674316,1.0483977794647217,2671.0
2026-09-09T19:49:00.000+08:00,209.3977508544922,11.291130065917969,9.3125,7.918591499328613,0.13209418952465057,385.1000061035156,1.8350000381469727,1.0379999876022339,2591.89990234375,513.28125,1.990625023841858,1.0380349159240723,2671.0
2026-09-09T19:50:00.000+08:00,207.5919189453125,11.274150848388672,9.3125,7.888489723205566,0.1337391585111618,385.0,1.840999960899353,1.0429999828338623,2591.89990234375,513.28125,1.990625023841858,1.0450332164764404,2671.0
2026-09-09T19:51:00.000+08:00,206.4912109375,11.369152069091797,9.4306640625,7.578157424926758,0.13763239979743958,385.20001220703125,1.8569999933242798,1.0470000505447388,2591.89990234375,513.28125,2.0289063453674316,1.0474557876586914,2671.0
2026-09-09T19:52:00.000+08:00,206.5908203125,11.367225646972656,9.298828125,8.309786796569824,0.12575533986091614,384.70001220703125,1.840999960899353,1.0379999876022339,2591.89990234375,509.765625,2.0289063453674316,1.0440912246704102,2671.0
2026-09-09T19:53:00.000+08:00,198.18223571777344,11.408424377441406,9.423828125,7.623112201690674,0.13629603385925293,384.6000061035156,1.843000054359436,1.0420000553131104,2592.0,509.765625,2.0289063453674316,1.0400537252426147,2671.0
2026-09-09T19:54:00.000+08:00,197.62725830078125,11.313495635986328,9.298828125,8.155662536621094,0.1272735297679901,385.0,1.843000054359436,1.0399999618530273,2592.0,509.765625,2.0289063453674316,1.0458407402038574,2671.0
2026-09-09T19:55:00.000+08:00,202.64561462402344,11.314628601074219,9.333251953125,7.666909694671631,0.13590873777866364,384.79998779296875,1.8359999656677246,1.0379999876022339,2592.0,509.765625,1.990625023841858,1.0404574871063232,2671.0
2026-09-09T19:56:00.000+08:00,207.240478515625,11.35369873046875,9.284912109375,7.805913925170898,0.13310420513153076,384.70001220703125,1.8359999656677246,1.0379999876022339,2592.0,509.765625,2.0289063453674316,1.0412650108337402,2671.0
2026-09-09T19:57:00.000+08:00,204.1412353515625,11.323551177978516,9.444580078125,8.352803230285645,0.12426966428756714,384.3999938964844,1.8389999866485596,1.034999966621399,2592.0,509.765625,1.990625023841858,1.037092924118042,2671.0
2026-09-09T19:58:00.000+08:00,202.18081665039062,11.45379638671875,9.611328125,8.047975540161133,0.12947355210781097,384.5,1.8459999561309814,1.0399999618530273,2592.10009765625,509.765625,1.990625023841858,1.0358816385269165,2671.0
2026-09-09T19:59:00.000+08:00,205.40347290039062,11.438365936279297,9.548828125,7.528629779815674,0.13760803639888763,384.3999938964844,1.840999960899353,1.0399999618530273,2592.10009765625,509.765625,2.0289063453674316,1.0395153760910034,2671.0
2026-09-09T20:00:00.000+08:00,209.33888244628906,11.410591125488281,9.5556640625,8.04056167602539,0.12897109985351562,384.6000061035156,1.847000002861023,1.0440000295639038,2592.10009765625,509.765625,1.990625023841858,1.037092924118042,2671.0
2026-09-09T20:01:00.000+08:00,209.99169921875,11.495441436767578,9.4658203125,8.323768615722656,0.12506353855133057,384.3999938964844,1.843999981880188,1.0410000085830688,2592.10009765625,509.765625,2.0289063453674316,1.0403228998184204,2671.0
2026-09-09T20:02:00.000+08:00,212.2002410888672,11.469928741455078,9.611328125,8.412741661071777,0.12350314110517502,384.3999938964844,1.8459999561309814,1.0420000553131104,2592.10009765625,509.765625,1.990625023841858,1.038304090499878,2671.0
2026-09-09T20:03:00.000+08:00,211.2498321533203,11.396759033203125,9.472412109375,8.376277923583984,0.12392139434814453,384.3999938964844,1.8459999561309814,1.0399999618530273,2592.10009765625,509.765625,1.990625023841858,1.035477876663208,2671.0
2026-09-09T20:04:00.000+08:00,211.3370361328125,11.472213745117188,9.5283203125,7.94535493850708,0.13039064407348633,384.5,1.8450000286102295,1.0369999408721924,2592.199951171875,509.765625,1.990625023841858,1.038304090499878,2671.0
2026-09-09T20:05:00.000+08:00,211.4259796142578,11.481204986572266,9.6044921875,8.071517944335938,0.1281047761440277,384.79998779296875,1.8359999656677246,1.0440000295639038,2592.199951171875,509.765625,2.0289063453674316,1.0420724153518677,2671.0
2026-09-09T20:06:00.000+08:00,207.7076416015625,11.384788513183594,9.659912109375,7.899631977081299,0.1271836757659912,385.20001220703125,1.8480000495910645,1.0470000505447388,2592.199951171875,513.28125,2.0289063453674316,1.0413994789123535,2671.0
2026-09-09T20:07:00.000+08:00,208.45211791992188,11.415721893310547,9.5419921875,8.001847267150879,0.13046987354755402,384.8999938964844,1.8329999446868896,1.0390000343322754,2592.199951171875,509.765625,2.0289063453674316,1.0458407402038574,2671.0
2026-09-09T20:08:00.000+08:00,210.24717712402344,11.495731353759766,9.479248046875,7.113349437713623,0.14704746007919312,385.20001220703125,1.840000033378601,1.0440000295639038,2592.199951171875,513.28125,2.0289063453674316,1.0504165887832642,2671.0
2026-09-09T20:09:00.000+08:00,208.21319580078125,11.449344635009766,9.5556640625,7.718211650848389,0.134487122297287,384.79998779296875,1.8420000076293945,1.0420000553131104,2592.199951171875,509.765625,1.990625023841858,1.0374966859817505,2671.0
2026-09-09T20:10:00.000+08:00,208.88230895996094,11.496231079101562,9.5419921875,8.20112419128418,0.12803123891353607,385.20001220703125,1.843000054359436,1.0440000295639038,2592.300048828125,509.765625,2.0289063453674316,1.0458407402038574,2671.0
2026-09-09T20:11:00.000+08:00,208.2227325439453,11.488822937011719,9.6181640625,8.028943061828613,0.12990501523017883,385.0,1.8320000171661377,1.0390000343322754,2592.300048828125,509.765625,2.0289063453674316,1.047052025794983,2671.0
2026-09-09T20:12:00.000+08:00,207.64463806152344,11.516990661621094,9.520751953125,7.850086688995361,0.1326099932193756,385.1000061035156,1.8329999446868896,1.0440000295639038,2592.300048828125,509.765625,1.990625023841858,1.0384386777877808,2671.0
2026-09-09T20:13:00.000+08:00,204.39027404785156,11.492073059082031,9.47265625,7.74260139465332,0.1345800906419754,385.1000061035156,1.8489999771118164,1.0449999570846558,2592.300048828125,509.765625,2.0289063453674316,1.0408612489700317,2672.0
2026-09-09T20:14:00.000+08:00,205.1016387939453,11.509475708007812,9.6806640625,7.825582027435303,0.13340860605239868,385.20001220703125,1.8370000123977661,1.0369999408721924,2592.300048828125,509.765625,1.990625023841858,1.0384386777877808,2672.0
2026-09-09T20:15:00.000+08:00,209.47987365722656,11.512046813964844,9.5625,8.572559356689453,0.12178393453359604,385.20001220703125,1.8450000286102295,1.0399999618530273,2592.300048828125,509.765625,2.0289063453674316,1.0408612489700317,2672.0
2026-09-09T20:16:00.000+08:00,207.1705780029297,11.546573638916016,9.541748046875,7.601443767547607,0.1368161141872406,385.1000061035156,1.8420000076293945,1.0369999408721924,2592.39990234375,509.765625,2.0289063453674316,1.0482631921768188,2672.0
2026-09-09T20:17:00.000+08:00,206.85693359375,11.484661102294922,9.534912109375,8.125205039978027,0.12873521447181702,385.0,1.8539999723434448,1.0410000085830688,2592.39990234375,509.765625,2.0289063453674316,1.0420724153518677,2672.0
2026-09-09T20:18:00.000+08:00,211.2294158935547,11.44143295288086,9.47265625,8.541690826416016,0.12187282741069794,384.8999938964844,1.8609999418258667,1.0440000295639038,2592.39990234375,509.765625,2.0289063453674316,1.0416686534881592,2672.0
2026-09-09T20:19:00.000+08:00,210.7877960205078,11.474040985107422,9.486328125,7.999451160430908,0.12988391518592834,385.1000061035156,1.840999960899353,1.0379999876022339,2592.39990234375,509.765625,2.0289063453674316,1.0420724153518677,2672.0
2026-09-09T20:20:00.000+08:00,211.8654022216797,11.476753234863281,9.541748046875,8.048749923706055,0.1293368637561798,385.1000061035156,1.843000054359436,1.0390000343322754,2592.39990234375,509.765625,2.0289063453674316,1.047052025794983,2672.0
2026-09-09T20:21:00.000+08:00,213.19647216796875,11.386638641357422,9.479248046875,8.48095989227295,0.12286344915628433,384.8999938964844,1.8329999446868896,1.0440000295639038,2592.5,509.765625,2.0289063453674316,1.0404574871063232,2672.0
2026-09-09T20:22:00.000+08:00,208.66355895996094,11.492568969726562,9.548828125,7.675996780395508,0.13626894354820251,385.20001220703125,1.8569999933242798,1.0499999523162842,2592.5,513.28125,1.990625023841858,1.0400537252426147,2672.0
2026-09-09T20:23:00.000+08:00,207.89895629882812,11.43865966796875,9.729248046875,7.892179489135742,0.13253626227378845,385.5,1.843000054359436,1.0429999828338623,2592.5,513.28125,2.0289063453674316,1.0446295738220215,2672.0
2026-09-09T20:24:00.000+08:00,207.92892456054688,11.444419860839844,9.6181640625,7.540460586547852,0.13858570158481598,385.0,1.8450000286102295,1.0379999876022339,2592.5,509.765625,2.0289063453674316,1.0420724153518677,2672.0
2026-09-09T20:25:00.000+08:00,208.6136474609375,11.454296112060547,9.64599609375,7.5420966148376465,0.13895340263843536,385.29998779296875,1.8639999628067017,1.0499999523162842,2592.5,513.28125,2.0289063453674316,1.0483977794647217,2672.0
2026-09-09T20:26:00.000+08:00,209.65151977539062,11.467964172363281,9.52099609375,8.01301097869873,0.13028810918331146,385.1000061035156,1.8359999656677246,1.0390000343322754,2592.5,513.28125,2.0289063453674316,1.045436978340149,2672.0
2026-09-09T20:27:00.000+08:00,208.86517333984375,11.556652069091797,9.632080078125,8.031930923461914,0.1294831931591034,385.6000061035156,1.8519999980926514,1.0499999523162842,2592.60009765625,513.28125,2.0289063453674316,1.0451678037643433,2672.0
2026-09-09T20:28:00.000+08:00,205.25225830078125,11.528366088867188,9.66015625,8.153645515441895,0.12828616797924042,385.0,1.8289999961853027,1.0390000343322754,2592.60009765625,513.28125,1.990625023841858,1.0396499633789062,2672.0
2026-09-09T20:29:00.000+08:00,204.92364501953125,11.482879638671875,9.66015625,7.571672439575195,0.1377502828836441,385.0,1.86899995803833,1.0579999685287476,2592.60009765625,509.765625,2.067187547683716,1.0592989921569824,2672.0
2026-09-09T20:30:00.000+08:00,207.68441772460938,11.547954559326172,9.58349609375,7.706234455108643,0.13456636667251587,385.1000061035156,1.8380000591278076,1.0420000553131104,2592.60009765625,513.28125,2.0289063453674316,1.0478595495224,2672.0
2026-09-09T20:31:00.000+08:00,205.298828125,11.438068389892578,9.53515625,7.421928405761719,0.13999056816101074,385.29998779296875,1.8450000286102295,1.0470000505447388,2592.60009765625,513.28125,2.0289063453674316,1.0483977794647217,2672.0
2026-09-09T20:32:00.000+08:00,204.13824462890625,11.485454559326172,9.5908203125,7.5040411949157715,0.13925829529762268,385.1000061035156,1.8320000171661377,1.0429999828338623,2592.60009765625,513.28125,2.0289063453674316,1.0450332164764404,2672.0
2026-09-09T20:33:00.000+08:00,205.0779266357422,11.387142181396484,9.548828125,8.095854759216309,0.12932544946670532,385.20001220703125,1.8329999446868896,1.0440000295639038,2592.699951171875,513.28125,2.0289063453674316,1.0466482639312744,2672.0
2026-09-09T20:34:00.000+08:00,202.67013549804688,11.469432830810547,9.534912109375,7.800725936889648,0.1342182755470276,385.20001220703125,1.840999960899353,1.0429999828338623,2592.699951171875,513.28125,2.0289063453674316,1.044225811958313,2672.0
2026-09-09T20:35:00.000+08:00,206.190673828125,11.538372039794922,9.638916015625,7.285669803619385,0.14271165430545807,384.8999938964844,1.8329999446868896,1.0379999876022339,2592.699951171875,513.28125,2.0289063453674316,1.046244502067566,2672.0
2026-09-09T20:36:00.000+08:00,209.27146911621094,11.464302062988281,9.638916015625,8.008383750915527,0.13061311841011047,385.0,1.850000023841858,1.0499999523162842,2592.699951171875,513.28125,2.0289063453674316,1.041803240776062,2672.0
2026-09-09T20:37:00.000+08:00,206.12237548828125,11.472984313964844,9.5908203125,7.3531646728515625,0.14225167036056519,385.29998779296875,1.8480000495910645,1.0460000038146973,2592.699951171875,513.28125,2.0289063453674316,1.045436978340149,2672.0
2026-09-09T20:38:00.000+08:00,207.28573608398438,11.469135284423828,9.53515625,7.491342544555664,0.13989481329917908,385.29998779296875,1.8420000076293945,1.0449999570846558,2592.699951171875,513.28125,2.0289063453674316,1.0446295738220215,2672.0
2026-09-09T20:39:00.000+08:00,204.83023071289062,11.446975708007812,9.666748046875,7.549834251403809,0.13775137066841125,385.70001220703125,1.8289999961853027,1.0460000038146973,2592.800048828125,513.28125,2.0289063453674316,1.050551176071167,2672.0
2026-09-09T20:40:00.000+08:00,206.61790466308594,11.482292175292969,9.6669921875,7.590735912322998,0.13819476962089539,385.6000061035156,1.8350000381469727,1.0499999523162842,2592.800048828125,513.28125,2.0289063453674316,1.0459753274917603,2672.0
2026-09-09T20:41:00.000+08:00,207.79302978515625,11.461227416992188,9.53515625,7.414477348327637,0.14174970984458923,385.70001220703125,1.8450000286102295,1.0490000247955322,2592.800048828125,513.28125,2.0289063453674316,1.047724962234497,2672.0
2026-09-09T20:42:00.000+08:00,210.1625213623047,11.416221618652344,9.569580078125,7.659700870513916,0.1368199735879898,385.70001220703125,1.840000033378601,1.0520000457763672,2592.800048828125,513.28125,2.0289063453674316,1.0521661043167114,2672.0
2026-09-09T20:43:00.000+08:00,211.4320831298828,11.415630340576172,9.611328125,8.050531387329102,0.13067461550235748,385.29998779296875,1.8480000495910645,1.0470000505447388,2592.800048828125,513.28125,2.0289063453674316,1.0422070026397705,2672.0
2026-09-09T20:44:00.000+08:00,206.75572204589844,11.438774108886719,9.673828125,7.487007141113281,0.14077721536159515,386.0,1.843000054359436,1.0479999780654907,2592.89990234375,513.28125,2.0289063453674316,1.053377389907837,2672.0
2026-09-09T20:45:00.000+08:00,203.29669189453125,11.414546966552734,9.507080078125,7.657429218292236,0.1364687830209732,385.79998779296875,1.8530000448226929,1.0549999475479126,2592.89990234375,513.28125,2.0289063453674316,1.0471866130828857,2672.0
2026-09-09T20:46:00.000+08:00,205.0303955078125,11.454586029052734,9.673828125,6.928810119628906,0.1508195549249649,385.79998779296875,1.8450000286102295,1.0520000457763672,2592.89990234375,513.28125,2.0289063453674316,1.0492053031921387,2672.0
2026-09-09T20:47:00.000+08:00,207.6857452392578,11.450630187988281,9.632080078125,7.386504173278809,0.14174498617649078,385.6000061035156,1.843999981880188,1.0499999523162842,2592.89990234375,513.28125,2.0289063453674316,1.04974365234375,2672.0
2026-09-09T20:48:00.000+08:00,203.8990478515625,11.395069122314453,9.548583984375,6.915886878967285,0.15182434022426605,385.70001220703125,1.8509999513626099,1.0440000295639038,2592.89990234375,513.28125,2.0289063453674316,1.0492053031921387,2672.0
2026-09-09T20:49:00.000+08:00,201.1840057373047,11.477336883544922,9.52099609375,7.310446262359619,0.14280934631824493,385.6000061035156,1.8380000591278076,1.0440000295639038,2592.89990234375,513.28125,2.0289063453674316,1.0451678037643433,2672.0
2026-09-09T20:50:00.000+08:00,201.35865783691406,11.46744155883789,9.58349609375,7.877048015594482,0.1331717073917389,385.5,1.850000023841858,1.0460000038146973,2593.0,513.28125,2.0289063453674316,1.042610764503479,2672.0
2026-09-09T20:51:00.000+08:00,196.87100219726562,11.482986450195312,9.4375,7.815127372741699,0.13422685861587524,385.5,1.850000023841858,1.0479999780654907,2593.0,513.28125,2.0289063453674316,1.0459753274917603,2672.0
2026-09-09T20:52:00.000+08:00,202.85671997070312,11.476551055908203,9.451416015625,7.899094104766846,0.132673442363739,385.5,1.850000023841858,1.0449999570846558,2593.0,513.28125,2.0289063453674316,1.0488015413284302,2672.0
2026-09-09T20:53:00.000+08:00,201.07435607910156,11.44769287109375,9.472412109375,7.8122944831848145,0.1328675001859665,385.70001220703125,1.8480000495910645,1.0460000038146973,2593.0,513.28125,2.0289063453674316,1.0455715656280518,2672.0
2026-09-09T20:54:00.000+08:00,199.2958526611328,11.499687194824219,9.47265625,7.842857360839844,0.133114755153656,385.79998779296875,1.8489999771118164,1.0509999990463257,2593.0,513.28125,2.0289063453674316,1.0492053031921387,2672.0
2026-09-09T20:55:00.000+08:00,198.21678161621094,11.473384857177734,9.507080078125,7.8026885986328125,0.13469716906547546,385.70001220703125,1.8519999980926514,1.0529999732971191,2593.0,513.28125,2.0289063453674316,1.0485323667526245,2672.0
2026-09-09T20:56:00.000+08:00,199.62791442871094,11.44143295288086,9.53515625,7.999026775360107,0.13051587343215942,385.70001220703125,1.843000054359436,1.0490000247955322,2593.10009765625,513.28125,2.0289063453674316,1.0509549379348755,2672.0
2026-09-09T20:57:00.000+08:00,198.6240234375,11.446975708007812,9.6533203125,7.723211288452148,0.13504745066165924,385.8999938964844,1.850000023841858,1.0490000247955322,2593.10009765625,513.28125,2.0289063453674316,1.0459753274917603,2672.0
2026-09-09T20:58:00.000+08:00,196.17013549804688,11.542915344238281,9.548583984375,7.395219802856445,0.1418483853340149,385.70001220703125,1.847000002861023,1.0549999475479126,2593.10009765625,513.28125,2.0289063453674316,1.0467828512191772,2672.0
2026-09-09T20:59:00.000+08:00,192.4675750732422,11.46884536743164,9.513916015625,7.498583793640137,0.14015980064868927,385.79998779296875,1.847000002861023,1.0449999570846558,2593.10009765625,513.28125,2.0289063453674316,1.0492053031921387,2672.0
2026-09-09T21:00:00.000+08:00,193.31776428222656,11.33376693725586,9.4033203125,7.782556533813477,0.1353025883436203,385.79998779296875,1.8450000286102295,1.0470000505447388,2593.10009765625,513.28125,2.0289063453674316,1.0509549379348755,2672.0
2026-09-09T21:01:00.000+08:00,189.26011657714844,11.249706268310547,9.16015625,7.621725082397461,0.13802649080753326,385.79998779296875,1.8459999561309814,1.0499999523162842,2593.10009765625,513.28125,2.0289063453674316,1.0521661043167114,2672.0
2026-09-09T21:02:00.000+08:00,192.61007690429688,10.816726684570312,9.236083984375,7.310068607330322,0.1435007005929947,385.79998779296875,1.843999981880188,1.0479999780654907,2593.199951171875,513.28125,2.0289063453674316,1.04974365234375,2672.0
2026-09-09T21:03:00.000+08:00,225.882080078125,12.535591125488281,11.076416015625,9.338109016418457,0.11287081241607666,386.0,1.847000002861023,1.0460000038146973,2593.199951171875,513.28125,2.0289063453674316,1.045302391052246,2672.0
2026-09-09T21:04:00.000+08:00,208.3290557861328,12.905357360839844,10.97265625,7.42898416519165,0.13866685330867767,385.5,1.8359999656677246,1.0460000038146973,2593.199951171875,513.28125,2.0289063453674316,1.0451678037643433,2672.0
2026-09-09T21:05:00.000+08:00,183.51828002929688,13.001029968261719,10.7431640625,5.073459148406982,0.20656517148017883,385.1000061035156,1.8480000495910645,1.0449999570846558,2593.199951171875,513.28125,1.990625023841858,1.0393807888031006,2672.0
2026-09-09T21:06:00.000+08:00,139.944091796875,12.690670013427734,10.03515625,5.287325382232666,0.1972641944885254,385.20001220703125,1.840999960899353,1.0449999570846558,2593.199951171875,513.28125,2.0289063453674316,1.043418288230896,2672.0
2026-09-09T21:07:00.000+08:00,129.10818481445312,12.079830169677734,9.111328125,5.835140705108643,0.1787446290254593,385.3999938964844,1.8380000591278076,1.0410000085830688,2593.300048828125,513.28125,2.0289063453674316,1.043418288230896,2672.0
2026-09-09T21:08:00.000+08:00,124.66624450683594,11.95883560180664,9.007080078125,6.578338623046875,0.15824663639068604,385.20001220703125,1.8350000381469727,1.0429999828338623,2593.300048828125,513.28125,2.0289063453674316,1.0466482639312744,2672.0
2026-09-09T21:09:00.000+08:00,124.1098403930664,11.877105712890625,9.0,7.529958724975586,0.13838057219982147,385.5,1.8480000495910645,1.0499999523162842,2593.300048828125,513.28125,2.0289063453674316,1.0512241125106812,2672.0
2026-09-09T21:10:00.000+08:00,126.33014678955078,11.882423400878906,9.0908203125,7.134700775146484,0.14646723866462708,385.29998779296875,1.8380000591278076,1.0440000295639038,2593.300048828125,513.28125,2.0289063453674316,1.045436978340149,2673.0
2026-09-09T21:11:00.000+08:00,126.81452178955078,11.921417236328125,9.069580078125,7.457466125488281,0.13985984027385712,385.3999938964844,1.8489999771118164,1.0490000247955322,2593.300048828125,513.28125,2.0289063453674316,1.0508203506469727,2673.0
2026-09-09T21:12:00.000+08:00,124.72418975830078,11.946475982666016,9.2783203125,7.200992107391357,0.14511889219284058,385.3999938964844,1.843999981880188,1.0479999780654907,2593.300048828125,513.28125,2.0289063453674316,1.0459753274917603,2673.0
2026-09-09T21:13:00.000+08:00,124.40861511230469,12.15346908569336,9.2919921875,6.943523406982422,0.1510760337114334,385.3999938964844,1.840000033378601,1.0420000553131104,2593.39990234375,513.28125,2.0289063453674316,1.0471866130828857,2673.0
2026-09-09T21:14:00.000+08:00,122.90667724609375,12.07400131225586,9.298828125,6.483518600463867,0.16102367639541626,385.29998779296875,1.8339999914169312,1.0410000085830688,2593.39990234375,513.28125,2.0289063453674316,1.040592074394226,2673.0
2026-09-09T21:15:00.000+08:00,125.24240112304688,12.06939697265625,9.4306640625,7.1462225914001465,0.14721064269542694,385.3999938964844,1.8380000591278076,1.0490000247955322,2593.39990234375,513.28125,2.0289063453674316,1.0459753274917603,2673.0
2026-09-09T21:16:00.000+08:00,126.90814971923828,12.167572021484375,9.361328125,7.304520606994629,0.14306209981441498,385.5,1.8459999561309814,1.0470000505447388,2593.39990234375,513.28125,2.0289063453674316,1.0483977794647217,2673.0
2026-09-09T21:17:00.000+08:00,128.47540283203125,12.199138641357422,9.4931640625,6.919384956359863,0.15232567489147186,385.6000061035156,1.8389999866485596,1.0479999780654907,2593.39990234375,513.28125,2.0289063453674316,1.0488015413284302,2673.0
2026-09-09T21:18:00.000+08:00,126.44194030761719,12.203811645507812,9.2919921875,7.000486373901367,0.14927534759044647,385.6000061035156,1.8420000076293945,1.0449999570846558,2593.39990234375,513.28125,2.0289063453674316,1.0463790893554688,2673.0
2026-09-09T21:19:00.000+08:00,126.39049530029297,12.177989959716797,9.326416015625,7.076100826263428,0.14753888547420502,385.20001220703125,1.8370000123977661,1.0420000553131104,2593.5,513.28125,2.0289063453674316,1.0564727783203125,2673.0
2026-09-09T21:20:00.000+08:00,126.12830352783203,12.230003356933594,9.4033203125,7.2384033203125,0.1445070058107376,386.0,1.8370000123977661,1.0470000505447388,2593.5,513.28125,2.0289063453674316,1.0485323667526245,2673.0
2026-09-09T21:21:00.000+08:00,126.69853210449219,12.230003356933594,9.416748046875,7.02615213394165,0.14915703237056732,385.8999938964844,1.8519999980926514,1.0499999523162842,2593.5,513.28125,2.0289063453674316,1.0471866130828857,2673.0
2026-09-09T21:22:00.000+08:00,127.21894836425781,12.226032257080078,9.3818359375,7.1276726722717285,0.1474534571170807,385.79998779296875,1.8380000591278076,1.0420000553131104,2593.5,513.28125,2.0289063453674316,1.0455715656280518,2673.0
2026-09-09T21:23:00.000+08:00,125.84642791748047,12.13189697265625,9.4033203125,6.994891166687012,0.14968067407608032,385.70001220703125,1.8329999446868896,1.0449999570846558,2593.5,513.28125,2.0289063453674316,1.0463790893554688,2673.0
2026-09-09T21:24:00.000+08:00,126.51101684570312,12.222957611083984,9.423828125,6.870925426483154,0.15267230570316315,386.0,1.840999960899353,1.0520000457763672,2593.5,513.28125,2.0289063453674316,1.0447640419006348,2673.0
2026-09-09T21:25:00.000+08:00,128.2733917236328,12.191009521484375,9.39599609375,7.25108003616333,0.14480601251125336,385.6000061035156,1.8450000286102295,1.0479999780654907,2593.60009765625,513.28125,2.0289063453674316,1.0451678037643433,2673.0
2026-09-09T21:26:00.000+08:00,127.11666107177734,12.100017547607422,9.2919921875,7.0374579429626465,0.14849111437797546,386.0,1.840000033378601,1.0470000505447388,2593.60009765625,513.28125,2.0289063453674316,1.0485323667526245,2673.0
2026-09-09T21:27:00.000+08:00,128.76400756835938,12.04486083984375,9.3056640625,7.095814228057861,0.14811548590660095,385.70001220703125,1.840999960899353,1.0499999523162842,2593.60009765625,513.28125,2.0289063453674316,1.0500128269195557,2673.0
2026-09-09T21:28:00.000+08:00,128.84979248046875,12.178489685058594,9.4306640625,6.939977645874023,0.15086503326892853,385.6000061035156,1.8350000381469727,1.0460000038146973,2593.60009765625,513.28125,2.0289063453674316,1.0439566373825073,2673.0
2026-09-09T21:29:00.000+08:00,130.35159301757812,12.086650848388672,9.319580078125,7.131800651550293,0.14652681350708008,385.70001220703125,1.8389999866485596,1.0490000247955322,2593.60009765625,513.28125,2.0289063453674316,1.050551176071167,2673.0
2026-09-09T21:30:00.000+08:00,129.82676696777344,12.185676574707031,9.319580078125,7.183416843414307,0.14547394216060638,385.79998779296875,1.8329999446868896,1.0440000295639038,2593.699951171875,513.28125,2.0289063453674316,1.0443603992462158,2673.0
2026-09-09T21:31:00.000+08:00,130.97372436523438,12.081462860107422,9.4794921875,7.158463478088379,0.14737799763679504,385.70001220703125,1.8339999914169312,1.0490000247955322,2593.699951171875,513.28125,2.0289063453674316,1.0451678037643433,2673.0
2026-09-09T21:32:00.000+08:00,132.2584686279297,12.111736297607422,9.4033203125,7.250434398651123,0.14564643800258636,385.79998779296875,1.8389999866485596,1.0499999523162842,2593.699951171875,513.28125,2.0289063453674316,1.0529736280441284,2673.0
2026-09-09T21:33:00.000+08:00,131.2150421142578,12.11203384399414,9.409912109375,7.012253284454346,0.1490248590707779,385.70001220703125,1.8380000591278076,1.0490000247955322,2593.699951171875,513.28125,2.0289063453674316,1.0463790893554688,2673.0
2026-09-09T21:34:00.000+08:00,133.24420166015625,12.03299331665039,9.298828125,7.016666889190674,0.14978621900081635,385.8999938964844,1.8420000076293945,1.0499999523162842,2593.699951171875,513.28125,2.0289063453674316,1.0485323667526245,2673.0
2026-09-09T21:35:00.000+08:00,132.72537231445312,12.036384582519531,9.3056640625,6.9541239738464355,0.15070194005966187,385.70001220703125,1.8389999866485596,1.0479999780654907,2593.699951171875,513.28125,2.0289063453674316,1.0475903749465942,2673.0
2026-09-09T21:36:00.000+08:00,133.74911499023438,11.97869873046875,9.28515625,7.256015300750732,0.14443188905715942,385.70001220703125,1.840999960899353,1.0509999990463257,2593.800048828125,513.28125,2.0289063453674316,1.0485323667526245,2673.0
2026-09-09T21:37:00.000+08:00,135.16085815429688,11.978401184082031,9.257080078125,7.427968978881836,0.1412229984998703,385.70001220703125,1.850000023841858,1.0579999685287476,2593.800048828125,513.28125,2.0289063453674316,1.0529736280441284,2673.0
2026-09-09T21:38:00.000+08:00,133.71641540527344,12.01019287109375,9.4931640625,7.44578742980957,0.1412879377603531,385.5,1.8459999561309814,1.0509999990463257,2593.800048828125,513.28125,2.0289063453674316,1.051762342453003,2673.0
2026-09-09T21:39:00.000+08:00,136.45286560058594,12.0504150390625,9.375,7.013965606689453,0.1501290500164032,385.8999938964844,1.8380000591278076,1.0499999523162842,2593.800048828125,513.28125,2.0289063453674316,1.050551176071167,2673.0
2026-09-09T21:40:00.000+08:00,133.26641845703125,11.94439697265625,9.41015625,6.549319267272949,0.16047470271587372,386.0,1.8370000123977661,1.0499999523162842,2593.800048828125,513.28125,2.0289063453674316,1.053377389907837,2673.0
2026-09-09T21:41:00.000+08:00,133.01905822753906,12.03738021850586,9.423828125,6.926924228668213,0.15187115967273712,386.0,1.8359999656677246,1.0479999780654907,2593.800048828125,513.28125,2.0289063453674316,1.0521661043167114,2673.0
2026-09-09T21:42:00.000+08:00,136.35914611816406,11.943809509277344,9.38916015625,7.068337917327881,0.14840829372406006,385.79998779296875,1.840999960899353,1.0479999780654907,2593.89990234375,513.28125,2.0289063453674316,1.0455715656280518,2673.0
2026-09-09T21:43:00.000+08:00,134.78587341308594,11.992496490478516,9.3056640625,7.0474138259887695,0.14899082481861115,385.79998779296875,1.8320000171661377,1.0540000200271606,2593.89990234375,513.28125,2.0289063453674316,1.0501474142074585,2673.0
2026-09-09T21:44:00.000+08:00,132.83187866210938,12.00558853149414,9.22265625,6.754355430603027,0.1551591455936432,385.8999938964844,1.8259999752044678,1.0479999780654907,2593.89990234375,513.28125,2.0289063453674316,1.0509549379348755,2673.0
2026-09-09T21:45:00.000+08:00,135.2557830810547,11.97079086303711,9.25,6.901686668395996,0.1525714099407196,385.3999938964844,1.8320000171661377,1.0429999828338623,2593.89990234375,513.28125,2.0289063453674316,1.0483977794647217,2673.0
2026-09-09T21:46:00.000+08:00,136.91712951660156,11.920150756835938,9.3056640625,7.36379861831665,0.14299684762954712,385.29998779296875,1.8339999914169312,1.0429999828338623,2593.89990234375,513.28125,2.0289063453674316,1.0471866130828857,2673.0
2026-09-09T21:47:00.000+08:00,133.42454528808594,11.923744201660156,9.3125,7.1585469245910645,0.14667780697345734,385.20001220703125,1.8380000591278076,1.0460000038146973,2594.0,513.28125,2.0289063453674316,1.0430145263671875,2673.0
2026-09-09T21:48:00.000+08:00,135.68963623046875,11.990787506103516,9.3125,6.826063632965088,0.15323619544506073,385.20001220703125,1.8320000171661377,1.0429999828338623,2594.0,509.765625,1.990625023841858,1.0420724153518677,2673.0
2026-09-09T21:49:00.000+08:00,137.8291778564453,11.887931823730469,9.28515625,6.964763164520264,0.1496102511882782,385.29998779296875,1.8300000429153442,1.0399999618530273,2594.0,513.28125,2.0289063453674316,1.0446295738220215,2673.0
2026-09-09T21:50:00.000+08:00,136.25143432617188,11.913032531738281,9.32666015625,6.955822467803955,0.1500900834798813,385.5,1.843000054359436,1.0460000038146973,2594.0,513.28125,2.0289063453674316,1.0500128269195557,2673.0
2026-09-09T21:51:00.000+08:00,138.48976135253906,11.975166320800781,9.4306640625,7.2206878662109375,0.14500004053115845,385.79998779296875,1.847000002861023,1.0540000200271606,2594.0,513.28125,2.0289063453674316,1.0463790893554688,2673.0
2026-09-09T21:52:00.000+08:00,138.3013916015625,11.946697235107422,9.34765625,7.2075066566467285,0.14498773217201233,385.79998779296875,1.8350000381469727,1.0479999780654907,2594.0,513.28125,2.0289063453674316,1.0463790893554688,2673.0
2026-09-09T21:53:00.000+08:00,137.21177673339844,12.039745330810547,9.2919921875,7.005326747894287,0.1490294486284256,385.70001220703125,1.8380000591278076,1.0460000038146973,2594.10009765625,513.28125,2.0289063453674316,1.0439566373825073,2673.0
2026-09-09T21:54:00.000+08:00,134.5035858154297,12.0093994140625,9.4033203125,6.851800441741943,0.15295250713825226,385.5,1.840999960899353,1.0490000247955322,2594.10009765625,513.28125,2.0289063453674316,1.0451678037643433,2673.0
2026-09-09T21:55:00.000+08:00,133.62599182128906,12.029041290283203,9.263916015625,7.251490592956543,0.14397040009498596,385.70001220703125,1.8300000429153442,1.0440000295639038,2594.10009765625,513.28125,2.0289063453674316,1.0455715656280518,2673.0
2026-09-09T21:56:00.000+08:00,132.06886291503906,12.001068115234375,9.298828125,7.122596740722656,0.14685656130313873,385.79998779296875,1.850000023841858,1.0499999523162842,2594.10009765625,513.28125,2.0289063453674316,1.0488015413284302,2673.0
2026-09-09T21:57:00.000+08:00,133.33322143554688,12.031837463378906,9.27099609375,7.3426361083984375,0.14245565235614777,386.29998779296875,1.8450000286102295,1.0490000247955322,2594.10009765625,513.28125,2.0289063453674316,1.0543195009231567,2673.0
2026-09-09T21:58:00.000+08:00,132.5336456298828,12.060970306396484,9.270751953125,7.421325206756592,0.14161890745162964,386.29998779296875,1.8489999771118164,1.0509999990463257,2594.10009765625,513.28125,2.0289063453674316,1.05256986618042,2673.0
2026-09-09T21:59:00.000+08:00,133.78152465820312,12.084922790527344,9.4169921875,7.354535102844238,0.1426330804824829,386.20001220703125,1.847000002861023,1.0490000247955322,2594.199951171875,513.28125,2.0289063453674316,1.0493398904800415,2673.0
2026-09-09T22:00:00.000+08:00,132.4810791015625,12.123039245605469,9.416748046875,7.2249860763549805,0.14546740055084229,385.8999938964844,1.840999960899353,1.0460000038146973,2594.199951171875,513.28125,2.0289063453674316,1.0485323667526245,2673.0
2026-09-09T22:01:00.000+08:00,135.542724609375,10.588672637939453,9.361328125,7.1743011474609375,0.14677387475967407,385.70001220703125,0.0,0.0,2594.199951171875,nan,nan,nan,65536.0
2026-09-09T22:02:00.000+08:00,134.55836486816406,10.25827407836914,9.486083984375,7.102348804473877,0.1471344232559204,385.5,0.0,0.0,2594.199951171875,nan,nan,nan,65536.0
2026-09-09T22:03:00.000+08:00,43.71311950683594,10.410385131835938,9.479248046875,1.3211389780044556,0.0,385.5,0.0,0.0,2594.199951171875,nan,nan,nan,65536.0
2026-09-09T22:04:00.000+08:00,5.300759315490723,10.460643768310547,9.5556640625,0.09557273983955383,0.0,385.3999938964844,0.0,0.0,2594.199951171875,nan,nan,nan,65536.0
2026-09-09T22:05:00.000+08:00,5.407901287078857,10.472984313964844,9.59765625,0.08959982544183731,0.0,385.5,0.0,0.0,2594.199951171875,nan,nan,nan,65536.0
2026-09-09T22:06:00.000+08:00,5.4178571701049805,10.493541717529297,9.486328125,0.10087762773036957,0.0,385.3999938964844,0.0,0.0,2594.199951171875,nan,nan,nan,65536.0
2026-09-09T22:07:00.000+08:00,5.149501800537109,10.506122589111328,9.6806640625,0.08494441211223602,0.0,385.20001220703125,0.0,0.0,2594.199951171875,nan,nan,nan,65536.0
2026-09-09T22:08:00.000+08:00,5.371994495391846,10.535003662109375,9.5556640625,0.09935687482357025,0.0,385.29998779296875,0.0,0.0,2594.199951171875,nan,nan,nan,65536.0
2026-09-09T22:09:00.000+08:00,5.345505714416504,10.611244201660156,9.64599609375,0.09125778824090958,0.0,385.1000061035156,0.0,0.0,2594.199951171875,nan,nan,nan,65536.0
2026-09-09T22:10:00.000+08:00,5.028801441192627,10.63083267211914,9.632080078125,0.10178880393505096,0.0,385.20001220703125,0.0,0.0,2594.199951171875,nan,nan,nan,65536.0
2026-09-09T22:11:00.000+08:00,4.794497489929199,10.621139526367188,9.7158203125,0.082360178232193,0.0,385.20001220703125,0.0,0.0,2594.199951171875,nan,nan,nan,65536.0
2026-09-09T22:12:00.000+08:00,4.866286277770996,10.667102813720703,9.76416015625,0.09973208606243134,0.0,385.20001220703125,0.0,0.0,2594.199951171875,nan,nan,nan,65536.0
2026-09-09T22:13:00.000+08:00,5.045768737792969,10.710624694824219,9.8681640625,0.09484625607728958,0.0,385.20001220703125,0.0,0.0,2594.199951171875,nan,nan,nan,65536.0
2026-09-09T22:14:00.000+08:00,4.798996448516846,10.774524688720703,9.9306640625,0.08448679000139236,0.0,385.20001220703125,0.0,0.0,2594.199951171875,nan,nan,nan,65536.0
2026-09-09T22:15:00.000+08:00,4.693394660949707,10.79361343383789,9.8056640625,0.08333706855773926,0.0,385.3999938964844,0.0,0.0,2594.199951171875,nan,nan,nan,65536.0
2026-09-09T22:16:00.000+08:00,4.9759674072265625,10.781326293945312,9.861083984375,0.08808822929859161,0.0,385.29998779296875,0.0,0.0,2594.199951171875,nan,nan,nan,65536.0
2026-09-09T22:17:00.000+08:00,5.418125152587891,10.833545684814453,9.986328125,0.1079205572605133,0.0,385.29998779296875,0.0,0.0,2594.199951171875,nan,nan,nan,65536.0
2026-09-09T22:18:00.000+08:00,5.761140823364258,10.90838623046875,10.03515625,0.10234811156988144,0.0,385.6000061035156,0.0,0.0,2594.199951171875,nan,nan,nan,65536.0
2026-09-09T22:19:00.000+08:00,5.786358833312988,10.907905578613281,9.9794921875,0.1011432632803917,0.0,385.70001220703125,0.0,0.0,2594.199951171875,nan,nan,nan,65536.0
2026-09-09T22:20:00.000+08:00,5.717336177825928,10.974544525146484,10.041748046875,0.09461023658514023,0.0,386.0,0.0,0.0,2594.199951171875,nan,nan,nan,65536.0
2026-09-09T22:21:00.000+08:00,5.608311653137207,10.98227310180664,9.972412109375,0.09826835244894028,0.0,386.0,0.0,0.0,2594.199951171875,nan,nan,nan,65536.0
2026-09-09T22:22:00.000+08:00,5.3786234855651855,10.967098236083984,10.111328125,0.09536127001047134,0.0,385.3999938964844,0.0,0.0,2594.199951171875,nan,nan,nan,65536.0
2026-09-09T22:23:00.000+08:00,5.219037055969238,11.003459930419922,10.09765625,0.09718399494886398,0.0,385.20001220703125,0.0,0.0,2594.199951171875,nan,nan,nan,65536.0
2026-09-09T22:24:00.000+08:00,5.220816135406494,11.002857208251953,10.097412109375,0.09860095381736755,0.0,385.3999938964844,0.0,0.0,2594.199951171875,nan,nan,nan,65536.0
2026-09-09T22:25:00.000+08:00,5.201473712921143,11.073577880859375,10.111328125,0.08738121390342712,0.0,385.29998779296875,0.0,0.0,2594.199951171875,nan,nan,nan,65536.0
2026-09-09T22:26:00.000+08:00,4.916141986846924,11.085918426513672,10.16015625,0.09412312507629395,0.0,385.3999938964844,0.0,0.0,2594.199951171875,nan,nan,nan,65536.0
2026-09-09T22:27:00.000+08:00,4.960333824157715,11.184341430664062,10.159912109375,0.0954907014966011,0.0,385.20001220703125,0.0,0.0,2594.199951171875,nan,nan,nan,65536.0
2026-09-09T22:28:00.000+08:00,4.524054050445557,11.153003692626953,10.291748046875,0.08309900760650635,0.0,385.29998779296875,0.0,0.0,2594.199951171875,nan,nan,nan,65536.0
2026-09-09T22:29:00.000+08:00,5.046770095825195,11.207279205322266,10.284912109375,0.10169948637485504,0.0,385.5,0.0,0.0,2594.199951171875,nan,nan,nan,65536.0
2026-09-09T22:30:00.000+08:00,4.827205181121826,11.243034362792969,10.2431640625,0.07583033293485641,0.0,385.1000061035156,0.0,0.0,2594.199951171875,nan,nan,nan,65536.0
2026-09-09T22:31:00.000+08:00,5.201210021972656,11.306999206542969,10.4306640625,0.10351452231407166,0.0,386.0,0.0,0.0,2594.199951171875,nan,nan,nan,65536.0
2026-09-09T22:32:00.000+08:00,5.489907741546631,11.257171630859375,10.409912109375,0.1062767431139946,0.0,385.79998779296875,0.0,0.0,2594.199951171875,nan,nan,nan,65536.0
2026-09-09T22:33:00.000+08:00,4.770368576049805,11.3272705078125,10.39599609375,0.08297651261091232,0.0,386.20001220703125,0.0,0.0,2594.199951171875,nan,nan,nan,65536.0
2026-09-09T22:34:00.000+08:00,5.255052089691162,11.39816665649414,10.4794921875,0.09315844625234604,0.0,386.20001220703125,0.0,0.0,2594.199951171875,nan,nan,nan,65536.0
2026-09-09T22:35:00.000+08:00,5.310815811157227,11.418113708496094,10.541748046875,0.07982653379440308,0.0,385.8999938964844,0.0,0.0,2594.199951171875,nan,nan,nan,65536.0
2026-09-09T22:36:00.000+08:00,5.368931770324707,11.43856430053711,10.59765625,0.10231748968362808,0.0,386.20001220703125,0.0,0.0,2594.199951171875,nan,nan,nan,65536.0
2026-09-09T22:37:00.000+08:00,5.423052787780762,11.408744812011719,10.486328125,0.09481251984834671,0.0,386.79998779296875,0.0,0.0,2594.199951171875,nan,nan,nan,65536.0
2026-09-09T22:38:00.000+08:00,5.424374103546143,11.49264907836914,10.47265625,0.09674350172281265,0.0,386.3999938964844,0.0,0.0,2594.199951171875,nan,nan,nan,65536.0
2026-09-09T22:39:00.000+08:00,5.225572109222412,11.555133819580078,10.611328125,0.09021450579166412,0.0,386.6000061035156,0.0,0.0,2594.199951171875,nan,nan,nan,65536.0
2026-09-09T22:40:00.000+08:00,5.236425399780273,11.501213073730469,10.6669921875,0.10305491089820862,0.0,386.6000061035156,0.0,0.0,2594.199951171875,nan,nan,nan,65536.0
2026-09-09T22:41:00.000+08:00,4.839906692504883,11.539306640625,10.5625,0.09317457675933838,0.0,386.70001220703125,0.0,0.0,2594.199951171875,nan,nan,nan,65536.0
2026-09-09T22:42:00.000+08:00,5.267151355743408,11.590919494628906,10.59765625,0.09019839763641357,0.0,386.70001220703125,0.0,0.0,2594.199951171875,nan,nan,nan,65536.0
2026-09-09T22:43:00.000+08:00,5.121973037719727,11.644493103027344,10.701416015625,0.09926918894052505,0.0,386.5,0.0,0.0,2594.199951171875,nan,nan,nan,65536.0
2026-09-09T22:44:00.000+08:00,5.493452548980713,11.66610336303711,10.64599609375,0.09872476756572723,0.0,386.70001220703125,0.0,0.0,2594.199951171875,nan,nan,nan,65536.0
2026-09-09T22:45:00.000+08:00,4.572411060333252,11.628150939941406,10.708251953125,0.08419038355350494,0.0,386.79998779296875,0.0,0.0,2594.199951171875,nan,nan,nan,65536.0
2026-09-09T22:46:00.000+08:00,4.956628799438477,11.717369079589844,10.8056640625,0.09420160949230194,0.0,386.8999938964844,0.0,0.0,2594.199951171875,nan,nan,nan,65536.0
2026-09-09T22:47:00.000+08:00,5.352939605712891,11.736186981201172,10.798828125,0.0821504071354866,0.0,387.0,0.0,0.0,2594.199951171875,nan,nan,nan,65536.0
2026-09-09T22:48:00.000+08:00,5.1923909187316895,11.738273620605469,10.847412109375,0.10107020288705826,0.0,387.0,0.0,0.0,2594.199951171875,nan,nan,nan,65536.0
2026-09-09T22:49:00.000+08:00,5.685877799987793,11.761878967285156,10.847412109375,0.1035144180059433,0.0,387.20001220703125,0.0,0.0,2594.199951171875,nan,nan,nan,65536.0
2026-09-09T22:50:00.000+08:00,6.032444000244141,11.853706359863281,10.9931640625,0.10433295369148254,0.0,387.6000061035156,0.0,0.0,2594.199951171875,nan,nan,nan,65536.0
2026-09-09T22:51:00.000+08:00,5.769695281982422,11.813663482666016,10.923828125,0.10555392503738403,0.0,387.70001220703125,0.0,0.0,2594.199951171875,nan,nan,nan,65536.0
2026-09-09T22:52:00.000+08:00,5.388620853424072,11.82601547241211,10.97265625,0.08989175409078598,0.0,387.5,0.0,0.0,2594.199951171875,nan,nan,nan,65536.0
2026-09-09T22:53:00.000+08:00,5.572648048400879,11.906124114990234,10.9033203125,0.1035834476351738,0.0,387.29998779296875,0.0,0.0,2594.199951171875,nan,nan,nan,65536.0
2026-09-09T22:54:00.000+08:00,5.809704303741455,11.893619537353516,11.03515625,0.10010814666748047,0.0,387.20001220703125,0.0,0.0,2594.199951171875,nan,nan,nan,65536.0
2026-09-09T22:55:00.000+08:00,5.156587600708008,11.951141357421875,10.95849609375,0.10280012339353561,0.0,387.20001220703125,0.0,0.0,2594.199951171875,nan,nan,nan,65536.0
2026-09-09T22:56:00.000+08:00,6.038810729980469,11.986946105957031,10.944580078125,0.11293994635343552,0.0,387.1000061035156,0.0,0.0,2594.199951171875,nan,nan,nan,65536.0
2026-09-09T22:57:00.000+08:00,5.7265119552612305,11.943004608154297,11.09765625,0.1022552102804184,0.0,387.1000061035156,0.0,0.0,2594.199951171875,nan,nan,nan,65536.0
2026-09-09T22:58:00.000+08:00,4.776245594024658,12.020931243896484,11.166748046875,0.0807354599237442,0.0,387.3999938964844,0.0,0.0,2594.199951171875,nan,nan,nan,65536.0
2026-09-09T22:59:00.000+08:00,4.764247417449951,12.046772003173828,11.08349609375,0.0883605107665062,0.0,387.0,0.0,0.0,2594.199951171875,nan,nan,nan,65536.0
2026-09-09T23:00:00.000+08:00,5.449825286865234,12.153270721435547,11.208251953125,0.09178145974874496,0.0,387.3999938964844,0.0,0.0,2594.199951171875,nan,nan,nan,65536.0
2026-09-09T23:01:00.000+08:00,4.922812461853027,12.185970306396484,11.2158203125,0.08822926878929138,0.0,386.8999938964844,0.0,0.0,2594.199951171875,nan,nan,nan,65536.0
2026-09-09T23:02:00.000+08:00,5.081204414367676,12.129863739013672,11.16015625,0.08722678571939468,0.0,386.79998779296875,0.0,0.0,2594.199951171875,nan,nan,nan,65536.0
2026-09-09T23:03:00.000+08:00,5.140092372894287,12.23134994506836,11.284912109375,0.10499501973390579,0.0,386.70001220703125,0.0,0.0,2594.199951171875,nan,nan,nan,65536.0
2026-09-09T23:04:00.000+08:00,4.665284156799316,12.190391540527344,11.33349609375,0.09388701617717743,0.0,386.70001220703125,0.0,0.0,2594.199951171875,nan,nan,nan,65536.0
2026-09-09T23:05:00.000+08:00,5.068459987640381,12.234264373779297,11.3125,0.0931267961859703,0.0,386.5,0.0,0.0,2594.199951171875,nan,nan,nan,65536.0
2026-09-09T23:06:00.000+08:00,4.692150592803955,12.190040588378906,11.361083984375,0.0887908935546875,0.0,386.20001220703125,0.0,0.0,2594.199951171875,nan,nan,nan,65536.0
2026-09-09T23:07:00.000+08:00,5.819938659667969,12.288497924804688,11.361328125,0.09810666739940643,0.0,386.70001220703125,0.0,0.0,2594.199951171875,nan,nan,nan,65536.0
2026-09-09T23:08:00.000+08:00,4.630369663238525,12.297927856445312,11.409912109375,0.08206167072057724,0.0,386.8999938964844,0.0,0.0,2594.199951171875,nan,nan,nan,65536.0
2026-09-09T23:09:00.000+08:00,5.6217041015625,12.344947814941406,11.34765625,0.1082247793674469,0.0,386.3999938964844,0.0,0.0,2594.199951171875,nan,nan,nan,65536.0
2026-09-09T23:10:00.000+08:00,5.483453273773193,12.339588165283203,11.416748046875,0.09255696833133698,0.0,386.5,0.0,0.0,2594.199951171875,nan,nan,nan,65536.0
2026-09-09T23:11:00.000+08:00,5.275614261627197,12.428424835205078,11.451416015625,0.09389950335025787,0.0,386.29998779296875,0.0,0.0,2594.199951171875,nan,nan,nan,65536.0
2026-09-09T23:12:00.000+08:00,5.696196556091309,12.382659912109375,11.423583984375,0.10301461815834045,0.0,386.29998779296875,0.0,0.0,2594.199951171875,nan,nan,nan,65536.0
2026-09-09T23:13:00.000+08:00,6.095412731170654,12.485542297363281,11.4931640625,0.11720261722803116,0.0,386.0,0.0,0.0,2594.199951171875,nan,nan,nan,65536.0
2026-09-09T23:14:00.000+08:00,5.539575099945068,12.444000244140625,11.597412109375,0.10799628496170044,0.0,386.20001220703125,0.0,0.0,2594.199951171875,nan,nan,nan,65536.0
2026-09-09T23:15:00.000+08:00,5.405623435974121,12.527641296386719,11.5419921875,0.10431494563817978,0.0,385.8999938964844,0.0,0.0,2594.199951171875,nan,nan,nan,65536.0
2026-09-09T23:16:00.000+08:00,5.725161552429199,12.557479858398438,11.534912109375,0.1068100705742836,0.0,386.5,0.0,0.0,2594.199951171875,nan,nan,nan,65536.0
2026-09-09T23:17:00.000+08:00,5.331786632537842,12.540218353271484,11.5,0.11720292270183563,0.0,387.0,0.0,0.0,2594.199951171875,nan,nan,nan,65536.0
2026-09-09T23:18:00.000+08:00,5.881379127502441,12.518131256103516,11.666748046875,0.1079474538564682,0.0,386.6000061035156,0.0,0.0,2594.199951171875,nan,nan,nan,65536.0
2026-09-09T23:19:00.000+08:00,5.330671787261963,12.534690856933594,11.64599609375,0.09161055088043213,0.0,386.79998779296875,0.0,0.0,2594.199951171875,nan,nan,nan,65536.0
2026-09-09T23:20:00.000+08:00,5.66004753112793,12.61868667602539,11.58349609375,0.09784896671772003,0.0,386.8999938964844,0.0,0.0,2594.199951171875,nan,nan,nan,65536.0
2026-09-09T23:21:00.000+08:00,5.394765377044678,12.628612518310547,11.763916015625,0.10221365839242935,0.0,386.70001220703125,0.0,0.0,2594.199951171875,nan,nan,nan,65536.0
2026-09-09T23:22:00.000+08:00,5.576375484466553,12.656105041503906,11.625,0.11061893403530121,0.0,386.70001220703125,0.0,0.0,2594.199951171875,nan,nan,nan,65536.0
2026-09-09T23:23:00.000+08:00,5.178655624389648,12.66293716430664,11.673828125,0.08945275098085403,0.0,386.8999938964844,0.0,0.0,2594.199951171875,nan,nan,nan,65536.0
2026-09-09T23:24:00.000+08:00,5.205348014831543,12.749748229980469,11.78515625,0.09894629567861557,0.0,386.70001220703125,0.0,0.0,2594.199951171875,nan,nan,nan,65536.0
2026-09-09T23:25:00.000+08:00,4.897628307342529,12.6961669921875,11.763916015625,0.08949494361877441,0.0,387.20001220703125,0.0,0.0,2594.199951171875,nan,nan,nan,65536.0
2026-09-09T23:26:00.000+08:00,5.292459011077881,12.81094741821289,11.9306640625,0.09076116979122162,0.0,387.1000061035156,0.0,0.0,2594.199951171875,nan,nan,nan,65536.0
2026-09-09T23:27:00.000+08:00,5.275396347045898,12.788970947265625,11.84765625,0.0940844863653183,0.0,387.1000061035156,0.0,0.0,2594.199951171875,nan,nan,nan,65536.0
2026-09-09T23:28:00.000+08:00,5.1650214195251465,12.775802612304688,11.91015625,0.10143620520830154,0.0,387.1000061035156,0.0,0.0,2594.199951171875,nan,nan,nan,65536.0
2026-09-09T23:29:00.000+08:00,5.1745805740356445,12.822563171386719,11.9306640625,0.08917870372533798,0.0,386.6000061035156,0.0,0.0,2594.199951171875,nan,nan,nan,65536.0
2026-09-09T23:30:00.000+08:00,5.090764045715332,12.840866088867188,11.97265625,0.10121431946754456,0.0,386.6000061035156,0.0,0.0,2594.199951171875,nan,nan,nan,65536.0
2026-09-09T23:31:00.000+08:00,5.324888229370117,12.869586944580078,11.9169921875,0.09363715350627899,0.0,386.29998779296875,0.0,0.0,2594.199951171875,nan,nan,nan,65536.0
2026-09-09T23:32:00.000+08:00,5.648016929626465,12.930084228515625,11.972412109375,0.09781967848539352,0.0,386.6000061035156,0.0,0.0,2594.199951171875,nan,nan,nan,65536.0
2026-09-09T23:33:00.000+08:00,4.59962272644043,12.901344299316406,12.0556640625,0.08797888457775116,0.0,387.0,0.0,0.0,2594.199951171875,nan,nan,nan,65536.0
2026-09-09T23:34:00.000+08:00,5.267749309539795,12.977664947509766,11.916748046875,0.1049177348613739,0.0,387.0,0.0,0.0,2594.199951171875,nan,nan,nan,65536.0
2026-09-09T23:35:00.000+08:00,5.299134731292725,12.94443130493164,12.048828125,0.09058848023414612,0.0,387.1000061035156,0.0,0.0,2594.199951171875,nan,nan,nan,65536.0
2026-09-09T23:36:00.000+08:00,5.505030632019043,12.985214233398438,12.0908203125,0.1081690788269043,0.0,387.0,0.0,0.0,2594.199951171875,nan,nan,nan,65536.0
2026-09-09T23:37:00.000+08:00,4.989108085632324,13.012001037597656,12.034912109375,0.0989394411444664,0.0,385.20001220703125,0.0,0.0,2594.199951171875,nan,nan,nan,65536.0
2026-09-09T23:38:00.000+08:00,5.938431262969971,13.001514434814453,12.159912109375,0.11025266349315643,0.0,385.6000061035156,0.0,0.0,2594.199951171875,nan,nan,nan,65536.0
2026-09-09T23:39:00.000+08:00,5.300757884979248,13.119266510009766,12.13916015625,0.10357114672660828,0.0,386.0,0.0,0.0,2594.199951171875,nan,nan,nan,65536.0
2026-09-09T23:40:00.000+08:00,5.605335235595703,13.099254608154297,12.236083984375,0.09379798173904419,0.0,385.6000061035156,0.0,0.0,2594.199951171875,nan,nan,nan,65536.0
2026-09-09T23:41:00.000+08:00,6.02037239074707,13.123371124267578,12.263916015625,0.11699961870908737,0.0,385.3999938964844,0.0,0.0,2594.199951171875,nan,nan,nan,65536.0
2026-09-09T23:42:00.000+08:00,5.653824806213379,13.064014434814453,12.2431640625,0.10022936761379242,0.0,385.29998779296875,0.0,0.0,2594.199951171875,nan,nan,nan,65536.0
2026-09-09T23:43:00.000+08:00,6.564705848693848,13.160545349121094,12.1806640625,0.11793240904808044,0.0,384.8999938964844,0.0,0.0,2594.199951171875,nan,nan,nan,65536.0
2026-09-09T23:44:00.000+08:00,6.283545017242432,13.1573486328125,12.166748046875,0.10683195292949677,0.0,385.0,0.0,0.0,2594.199951171875,nan,nan,nan,65536.0
2026-09-09T23:45:00.000+08:00,6.239911079406738,13.158092498779297,12.159912109375,0.13843238353729248,0.0,385.0,0.0,0.0,2594.199951171875,nan,nan,nan,65536.0
2026-09-09T23:46:00.000+08:00,6.054974555969238,13.249900817871094,12.1875,0.11558961123228073,0.0,386.8999938964844,0.0,0.0,2594.199951171875,nan,nan,nan,65536.0
2026-09-09T23:47:00.000+08:00,5.890985012054443,13.222553253173828,12.2158203125,0.11608626693487167,0.0,387.0,0.0,0.0,2594.199951171875,nan,nan,nan,65536.0
2026-09-09T23:48:00.000+08:00,5.92498779296875,13.304935455322266,12.263916015625,0.11033089458942413,0.0,386.8999938964844,0.0,0.0,2594.199951171875,nan,nan,nan,65536.0
2026-09-09T23:49:00.000+08:00,5.655313014984131,13.255142211914062,12.4306640625,0.10154757648706436,0.0,387.0,0.0,0.0,2594.199951171875,nan,nan,nan,65536.0
2026-09-09T23:50:00.000+08:00,6.271815299987793,13.269447326660156,12.41015625,0.11312456429004669,0.0,386.8999938964844,0.0,0.0,2594.199951171875,nan,nan,nan,65536.0
2026-09-09T23:51:00.000+08:00,5.651209354400635,13.29071044921875,12.3544921875,0.10681367665529251,0.0,387.20001220703125,0.0,0.0,2594.199951171875,nan,nan,nan,65536.0
2026-09-09T23:52:00.000+08:00,5.844890117645264,13.366798400878906,12.382080078125,0.11106592416763306,0.0,387.29998779296875,0.0,0.0,2594.199951171875,nan,nan,nan,65536.0
2026-09-09T23:53:00.000+08:00,5.6874470710754395,13.314136505126953,12.4169921875,0.10540435463190079,0.0,387.20001220703125,0.0,0.0,2594.199951171875,nan,nan,nan,65536.0
2026-09-09T23:54:00.000+08:00,4.862705230712891,13.384624481201172,12.548828125,0.08897125720977783,0.0,387.0,0.0,0.0,2594.199951171875,nan,nan,nan,65536.0
2026-09-09T23:55:00.000+08:00,5.226942539215088,13.388954162597656,12.507080078125,0.08839497715234756,0.0,387.20001220703125,0.0,0.0,2594.199951171875,nan,nan,nan,65536.0
2026-09-09T23:56:00.000+08:00,4.818226337432861,13.40435791015625,12.4794921875,0.08951989561319351,0.0,387.1000061035156,0.0,0.0,2594.199951171875,nan,nan,nan,65536.0
2026-09-09T23:57:00.000+08:00,5.323787212371826,13.49020767211914,12.4794921875,0.09871992468833923,0.0,387.8999938964844,0.0,0.0,2594.199951171875,nan,nan,nan,65536.0
2026-09-09T23:58:00.000+08:00,4.504506587982178,13.497028350830078,12.52783203125,0.08776060491800308,0.0,387.5,0.0,0.0,2594.199951171875,nan,nan,nan,65536.0
2026-09-09T23:59:00.000+08:00,5.204397678375244,13.475982666015625,12.5556640625,0.10567869991064072,0.0,387.20001220703125,0.0,0.0,2594.199951171875,nan,nan,nan,65536.0
