timestamp,門診大樓_AH_3_2冰水流量,門診大樓_AH_3_2溫度1,門診大樓_AH_3_2溫度2,門診大樓_AH_3_2冷凍頓,門診大樓_AH_3_2冰水效率,門診大樓_AH_3_2電壓平均,門診大樓_AH_3_2電流平均,門診大樓_AH_3_2輸出功率,門診大樓_AH_3_2輸出功率千瓦時,門診大樓_AH_3_2_1 EC_FAN直流電壓,門診大樓_AH_3_2_1 EC_FAN直流電流,門診大樓_AH_3_2_1 EC_FAN有效功率,門診大樓_AH_3_2_1 EC_FAN輸出功率千瓦時,門診大樓_AH_3_2_2 EC_FAN直流電壓,門診大樓_AH_3_2_2 EC_FAN直流電流,門診大樓_AH_3_2_2 EC_FAN有效功率,門診大樓_AH_3_2_2 EC_FAN輸出功率千瓦時,門診大樓_AH_3_2_3 EC_FAN直流電壓,門診大樓_AH_3_2_3 EC_FAN直流電流,門診大樓_AH_3_2_3 EC_FAN有效功率,門診大樓_AH_3_2_3 EC_FAN輸出功率千瓦時
2026-09-09T00:00:00.000+08:00,308.5530090332031,8.987117767333984,12.083251953125,19.29630470275879,0.18666787445545197,386.29998779296875,6.1579999923706055,3.5959999561309814,1910.4000244140625,nan,nan,nan,65536.0,nan,nan,nan,65536.0,nan,nan,nan,65536.0
2026-09-09T00:01:00.000+08:00,315.5513610839844,8.967296600341797,11.423828125,19.51462173461914,0.18463079631328583,385.8999938964844,0.0,0.0,1910.4000244140625,nan,nan,nan,65536.0,nan,nan,nan,65536.0,nan,nan,nan,65536.0
2026-09-09T00:02:00.000+08:00,310.53289794921875,9.050769805908203,11.2431640625,19.357650756835938,0.1857146918773651,386.6000061035156,0.0,0.0,1910.4000244140625,nan,nan,nan,65536.0,nan,nan,nan,65536.0,nan,nan,nan,65536.0
2026-09-09T00:03:00.000+08:00,55.85152816772461,9.12424087524414,11.3681640625,2.7549145221710205,0.0,386.29998779296875,0.0,0.0,1910.4000244140625,nan,nan,nan,65536.0,nan,nan,nan,65536.0,nan,nan,nan,65536.0
2026-09-09T00:04:00.000+08:00,0.0,9.167301177978516,11.4375,0.0,nan,386.5,0.0,0.0,1910.4000244140625,nan,nan,nan,65536.0,nan,nan,nan,65536.0,nan,nan,nan,65536.0
2026-09-09T00:05:00.000+08:00,0.0,9.248764038085938,11.507080078125,0.0,nan,386.29998779296875,0.0,0.0,1910.4000244140625,nan,nan,nan,65536.0,nan,nan,nan,65536.0,nan,nan,nan,65536.0
2026-09-09T00:06:00.000+08:00,0.0,9.192020416259766,11.6533203125,0.0,nan,386.3999938964844,0.0,0.0,1910.4000244140625,nan,nan,nan,65536.0,nan,nan,nan,65536.0,nan,nan,nan,65536.0
2026-09-09T00:07:00.000+08:00,0.0,9.3037109375,11.659912109375,0.0,nan,386.3999938964844,0.0,0.0,1910.4000244140625,nan,nan,nan,65536.0,nan,nan,nan,65536.0,nan,nan,nan,65536.0
2026-09-09T00:08:00.000+08:00,0.0,9.257728576660156,11.7431640625,0.0,nan,386.29998779296875,0.0,0.0,1910.4000244140625,nan,nan,nan,65536.0,nan,nan,nan,65536.0,nan,nan,nan,65536.0
2026-09-09T00:09:00.000+08:00,0.0,9.29220962524414,11.7294921875,0.0,nan,386.20001220703125,0.0,0.0,1910.4000244140625,nan,nan,nan,65536.0,nan,nan,nan,65536.0,nan,nan,nan,65536.0
2026-09-09T00:10:00.000+08:00,0.0,9.353939056396484,11.8056640625,0.0,nan,386.20001220703125,0.0,0.0,1910.4000244140625,nan,nan,nan,65536.0,nan,nan,nan,65536.0,nan,nan,nan,65536.0
2026-09-09T00:11:00.000+08:00,0.0,9.28213882446289,11.75,0.0,nan,386.8999938964844,0.0,0.0,1910.4000244140625,nan,nan,nan,65536.0,nan,nan,nan,65536.0,nan,nan,nan,65536.0
2026-09-09T00:12:00.000+08:00,0.0,9.314109802246094,11.8544921875,0.0,nan,386.79998779296875,0.0,0.0,1910.4000244140625,nan,nan,nan,65536.0,nan,nan,nan,65536.0,nan,nan,nan,65536.0
2026-09-09T00:13:00.000+08:00,0.0,9.344985961914062,11.8681640625,0.0,nan,386.70001220703125,0.0,0.0,1910.4000244140625,nan,nan,nan,65536.0,nan,nan,nan,65536.0,nan,nan,nan,65536.0
2026-09-09T00:14:00.000+08:00,0.0,9.329544067382812,11.8125,0.0,nan,386.79998779296875,0.0,0.0,1910.4000244140625,nan,nan,nan,65536.0,nan,nan,nan,65536.0,nan,nan,nan,65536.0
2026-09-09T00:15:00.000+08:00,0.0,9.315475463867188,11.875,0.0,nan,386.79998779296875,0.0,0.0,1910.4000244140625,nan,nan,nan,65536.0,nan,nan,nan,65536.0,nan,nan,nan,65536.0
2026-09-09T00:16:00.000+08:00,0.0,9.429351806640625,11.819580078125,0.0,nan,386.70001220703125,0.0,0.0,1910.4000244140625,nan,nan,nan,65536.0,nan,nan,nan,65536.0,nan,nan,nan,65536.0
2026-09-09T00:17:00.000+08:00,0.0,9.332733154296875,11.875,0.0,nan,386.79998779296875,0.0,0.0,1910.4000244140625,nan,nan,nan,65536.0,nan,nan,nan,65536.0,nan,nan,nan,65536.0
2026-09-09T00:18:00.000+08:00,0.0,9.428955078125,11.888916015625,0.0,nan,386.79998779296875,0.0,0.0,1910.4000244140625,nan,nan,nan,65536.0,nan,nan,nan,65536.0,nan,nan,nan,65536.0
2026-09-09T00:19:00.000+08:00,0.0,9.37509536743164,11.9306640625,0.0,nan,386.8999938964844,0.0,0.0,1910.4000244140625,nan,nan,nan,65536.0,nan,nan,nan,65536.0,nan,nan,nan,65536.0
2026-09-09T00:20:00.000+08:00,0.0,9.38446044921875,11.9375,0.0,nan,386.29998779296875,0.0,0.0,1910.4000244140625,nan,nan,nan,65536.0,nan,nan,nan,65536.0,nan,nan,nan,65536.0
2026-09-09T00:21:00.000+08:00,0.0,9.384834289550781,11.9794921875,0.0,nan,386.6000061035156,0.0,0.0,1910.4000244140625,nan,nan,nan,65536.0,nan,nan,nan,65536.0,nan,nan,nan,65536.0
2026-09-09T00:22:00.000+08:00,0.0,9.470664978027344,11.96533203125,0.0,nan,386.5,0.0,0.0,1910.4000244140625,nan,nan,nan,65536.0,nan,nan,nan,65536.0,nan,nan,nan,65536.0
2026-09-09T00:23:00.000+08:00,0.0,9.499305725097656,11.986083984375,0.0,nan,386.70001220703125,0.0,0.0,1910.4000244140625,nan,nan,nan,65536.0,nan,nan,nan,65536.0,nan,nan,nan,65536.0
2026-09-09T00:24:00.000+08:00,0.0,9.495838165283203,11.9794921875,0.0,nan,387.0,0.0,0.0,1910.4000244140625,nan,nan,nan,65536.0,nan,nan,nan,65536.0,nan,nan,nan,65536.0
2026-09-09T00:25:00.000+08:00,0.0,9.451969146728516,12.007080078125,0.0,nan,386.3999938964844,0.0,0.0,1910.4000244140625,nan,nan,nan,65536.0,nan,nan,nan,65536.0,nan,nan,nan,65536.0
2026-09-09T00:26:00.000+08:00,0.0,9.47085952758789,12.020751953125,0.0,nan,386.79998779296875,0.0,0.0,1910.4000244140625,nan,nan,nan,65536.0,nan,nan,nan,65536.0,nan,nan,nan,65536.0
2026-09-09T00:27:00.000+08:00,0.0,9.501480102539062,12.111328125,0.0,nan,386.3999938964844,0.0,0.0,1910.4000244140625,nan,nan,nan,65536.0,nan,nan,nan,65536.0,nan,nan,nan,65536.0
2026-09-09T00:28:00.000+08:00,0.0,9.534961700439453,12.0556640625,0.0,nan,386.8999938964844,0.0,0.0,1910.4000244140625,nan,nan,nan,65536.0,nan,nan,nan,65536.0,nan,nan,nan,65536.0
2026-09-09T00:29:00.000+08:00,0.0,9.515190124511719,12.09033203125,0.0,nan,387.0,0.0,0.0,1910.4000244140625,nan,nan,nan,65536.0,nan,nan,nan,65536.0,nan,nan,nan,65536.0
2026-09-09T00:30:00.000+08:00,0.0,9.527027130126953,12.09033203125,0.0,nan,386.79998779296875,0.0,0.0,1910.4000244140625,nan,nan,nan,65536.0,nan,nan,nan,65536.0,nan,nan,nan,65536.0
2026-09-09T00:31:00.000+08:00,0.0,9.520484924316406,12.076416015625,0.0,nan,386.6000061035156,0.0,0.0,1910.4000244140625,nan,nan,nan,65536.0,nan,nan,nan,65536.0,nan,nan,nan,65536.0
2026-09-09T00:32:00.000+08:00,0.0,9.599517822265625,12.083251953125,0.0,nan,387.29998779296875,0.0,0.0,1910.4000244140625,nan,nan,nan,65536.0,nan,nan,nan,65536.0,nan,nan,nan,65536.0
2026-09-09T00:33:00.000+08:00,0.0,9.500083923339844,12.15283203125,0.0,nan,387.1000061035156,0.0,0.0,1910.4000244140625,nan,nan,nan,65536.0,nan,nan,nan,65536.0,nan,nan,nan,65536.0
2026-09-09T00:34:00.000+08:00,0.0,9.57443618774414,12.173828125,0.0,nan,386.8999938964844,0.0,0.0,1910.4000244140625,nan,nan,nan,65536.0,nan,nan,nan,65536.0,nan,nan,nan,65536.0
2026-09-09T00:35:00.000+08:00,0.0,9.588363647460938,12.132080078125,0.0,nan,386.79998779296875,0.0,0.0,1910.4000244140625,nan,nan,nan,65536.0,nan,nan,nan,65536.0,nan,nan,nan,65536.0
2026-09-09T00:36:00.000+08:00,0.0,9.581958770751953,12.132080078125,0.0,nan,386.8999938964844,0.0,0.0,1910.4000244140625,nan,nan,nan,65536.0,nan,nan,nan,65536.0,nan,nan,nan,65536.0
2026-09-09T00:37:00.000+08:00,0.0,9.579139709472656,12.15283203125,0.0,nan,387.5,0.0,0.0,1910.4000244140625,nan,nan,nan,65536.0,nan,nan,nan,65536.0,nan,nan,nan,65536.0
2026-09-09T00:38:00.000+08:00,0.0,9.60284423828125,12.166748046875,0.0,nan,386.6000061035156,0.0,0.0,1910.4000244140625,nan,nan,nan,65536.0,nan,nan,nan,65536.0,nan,nan,nan,65536.0
2026-09-09T00:39:00.000+08:00,0.0,9.677566528320312,12.14599609375,0.0,nan,386.8999938964844,0.0,0.0,1910.4000244140625,nan,nan,nan,65536.0,nan,nan,nan,65536.0,nan,nan,nan,65536.0
2026-09-09T00:40:00.000+08:00,0.0,9.64365005493164,12.222412109375,0.0,nan,386.79998779296875,0.0,0.0,1910.4000244140625,nan,nan,nan,65536.0,nan,nan,nan,65536.0,nan,nan,nan,65536.0
2026-09-09T00:41:00.000+08:00,0.0,9.730995178222656,12.229248046875,0.0,nan,386.8999938964844,0.0,0.0,1910.4000244140625,nan,nan,nan,65536.0,nan,nan,nan,65536.0,nan,nan,nan,65536.0
2026-09-09T00:42:00.000+08:00,0.0,9.722339630126953,12.21533203125,0.0,nan,386.79998779296875,0.0,0.0,1910.4000244140625,nan,nan,nan,65536.0,nan,nan,nan,65536.0,nan,nan,nan,65536.0
2026-09-09T00:43:00.000+08:00,0.0,9.739261627197266,12.2294921875,0.0,nan,387.1000061035156,0.0,0.0,1910.4000244140625,nan,nan,nan,65536.0,nan,nan,nan,65536.0,nan,nan,nan,65536.0
2026-09-09T00:44:00.000+08:00,0.0,9.702156066894531,12.291748046875,0.0,nan,387.1000061035156,0.0,0.0,1910.4000244140625,nan,nan,nan,65536.0,nan,nan,nan,65536.0,nan,nan,nan,65536.0
2026-09-09T00:45:00.000+08:00,0.0,9.708366394042969,12.257080078125,0.0,nan,387.0,0.0,0.0,1910.4000244140625,nan,nan,nan,65536.0,nan,nan,nan,65536.0,nan,nan,nan,65536.0
2026-09-09T00:46:00.000+08:00,0.0,9.707229614257812,12.298828125,0.0,nan,387.20001220703125,0.0,0.0,1910.4000244140625,nan,nan,nan,65536.0,nan,nan,nan,65536.0,nan,nan,nan,65536.0
2026-09-09T00:47:00.000+08:00,0.0,9.712696075439453,12.3056640625,0.0,nan,387.1000061035156,0.0,0.0,1910.4000244140625,nan,nan,nan,65536.0,nan,nan,nan,65536.0,nan,nan,nan,65536.0
2026-09-09T00:48:00.000+08:00,0.0,9.716651916503906,12.25,0.0,nan,387.1000061035156,0.0,0.0,1910.4000244140625,nan,nan,nan,65536.0,nan,nan,nan,65536.0,nan,nan,nan,65536.0
2026-09-09T00:49:00.000+08:00,0.0,9.81204605102539,12.3056640625,0.0,nan,387.29998779296875,0.0,0.0,1910.4000244140625,nan,nan,nan,65536.0,nan,nan,nan,65536.0,nan,nan,nan,65536.0
2026-09-09T00:50:00.000+08:00,0.0,9.798137664794922,12.291748046875,0.0,nan,387.0,0.0,0.0,1910.4000244140625,nan,nan,nan,65536.0,nan,nan,nan,65536.0,nan,nan,nan,65536.0
2026-09-09T00:51:00.000+08:00,0.0,9.767997741699219,12.347412109375,0.0,nan,387.0,0.0,0.0,1910.4000244140625,nan,nan,nan,65536.0,nan,nan,nan,65536.0,nan,nan,nan,65536.0
2026-09-09T00:52:00.000+08:00,0.0,9.78304672241211,12.361083984375,0.0,nan,386.70001220703125,0.0,0.0,1910.4000244140625,nan,nan,nan,65536.0,nan,nan,nan,65536.0,nan,nan,nan,65536.0
2026-09-09T00:53:00.000+08:00,0.0,9.85305404663086,12.333251953125,0.0,nan,386.8999938964844,0.0,0.0,1910.4000244140625,nan,nan,nan,65536.0,nan,nan,nan,65536.0,nan,nan,nan,65536.0
2026-09-09T00:54:00.000+08:00,0.0,9.822540283203125,12.4306640625,0.0,nan,387.1000061035156,0.0,0.0,1910.4000244140625,nan,nan,nan,65536.0,nan,nan,nan,65536.0,nan,nan,nan,65536.0
2026-09-09T00:55:00.000+08:00,0.0,9.858539581298828,12.361328125,0.0,nan,386.8999938964844,0.0,0.0,1910.4000244140625,nan,nan,nan,65536.0,nan,nan,nan,65536.0,nan,nan,nan,65536.0
2026-09-09T00:56:00.000+08:00,0.0,9.81539535522461,12.375,0.0,nan,386.8999938964844,0.0,0.0,1910.4000244140625,nan,nan,nan,65536.0,nan,nan,nan,65536.0,nan,nan,nan,65536.0
2026-09-09T00:57:00.000+08:00,0.0,9.850578308105469,12.4169921875,0.0,nan,387.6000061035156,0.0,0.0,1910.4000244140625,nan,nan,nan,65536.0,nan,nan,nan,65536.0,nan,nan,nan,65536.0
2026-09-09T00:58:00.000+08:00,0.0,9.853378295898438,12.375,0.0,nan,387.5,0.0,0.0,1910.4000244140625,nan,nan,nan,65536.0,nan,nan,nan,65536.0,nan,nan,nan,65536.0
2026-09-09T00:59:00.000+08:00,0.0,9.915878295898438,12.4306640625,0.0,nan,387.3999938964844,0.0,0.0,1910.4000244140625,nan,nan,nan,65536.0,nan,nan,nan,65536.0,nan,nan,nan,65536.0
2026-09-09T01:00:00.000+08:00,0.0,9.926185607910156,12.423828125,0.0,nan,387.5,0.0,0.0,1910.4000244140625,nan,nan,nan,65536.0,nan,nan,nan,65536.0,nan,nan,nan,65536.0
2026-09-09T01:01:00.000+08:00,0.0,9.87502670288086,12.4658203125,0.0,nan,387.29998779296875,0.0,0.0,1910.4000244140625,nan,nan,nan,65536.0,nan,nan,nan,65536.0,nan,nan,nan,65536.0
2026-09-09T01:02:00.000+08:00,0.0,9.934471130371094,12.4794921875,0.0,nan,387.5,0.0,0.0,1910.4000244140625,nan,nan,nan,65536.0,nan,nan,nan,65536.0,nan,nan,nan,65536.0
2026-09-09T01:03:00.000+08:00,0.0,9.952186584472656,12.4931640625,0.0,nan,387.0,0.0,0.0,1910.4000244140625,nan,nan,nan,65536.0,nan,nan,nan,65536.0,nan,nan,nan,65536.0
2026-09-09T01:04:00.000+08:00,0.0,9.98098373413086,12.4931640625,0.0,nan,387.6000061035156,0.0,0.0,1910.4000244140625,nan,nan,nan,65536.0,nan,nan,nan,65536.0,nan,nan,nan,65536.0
2026-09-09T01:05:00.000+08:00,0.0,9.990520477294922,12.486328125,0.0,nan,387.6000061035156,0.0,0.0,1910.4000244140625,nan,nan,nan,65536.0,nan,nan,nan,65536.0,nan,nan,nan,65536.0
2026-09-09T01:06:00.000+08:00,0.0,9.972320556640625,12.4931640625,0.0,nan,387.6000061035156,0.0,0.0,1910.4000244140625,nan,nan,nan,65536.0,nan,nan,nan,65536.0,nan,nan,nan,65536.0
2026-09-09T01:07:00.000+08:00,0.0,9.945755004882812,12.5556640625,0.0,nan,387.3999938964844,0.0,0.0,1910.4000244140625,nan,nan,nan,65536.0,nan,nan,nan,65536.0,nan,nan,nan,65536.0
2026-09-09T01:08:00.000+08:00,0.0,9.948554992675781,12.541748046875,0.0,nan,387.1000061035156,0.0,0.0,1910.4000244140625,nan,nan,nan,65536.0,nan,nan,nan,65536.0,nan,nan,nan,65536.0
2026-09-09T01:09:00.000+08:00,0.0,10.02212142944336,12.541748046875,0.0,nan,387.20001220703125,0.0,0.0,1910.4000244140625,nan,nan,nan,65536.0,nan,nan,nan,65536.0,nan,nan,nan,65536.0
2026-09-09T01:10:00.000+08:00,0.0,9.967540740966797,12.548828125,0.0,nan,387.1000061035156,0.0,0.0,1910.4000244140625,nan,nan,nan,65536.0,nan,nan,nan,65536.0,nan,nan,nan,65536.0
2026-09-09T01:11:00.000+08:00,0.0,10.050159454345703,12.5556640625,0.0,nan,387.29998779296875,0.0,0.0,1910.4000244140625,nan,nan,nan,65536.0,nan,nan,nan,65536.0,nan,nan,nan,65536.0
2026-09-09T01:12:00.000+08:00,0.0,10.001136779785156,12.5419921875,0.0,nan,387.1000061035156,0.0,0.0,1910.4000244140625,nan,nan,nan,65536.0,nan,nan,nan,65536.0,nan,nan,nan,65536.0
2026-09-09T01:13:00.000+08:00,0.0,10.078197479248047,12.6181640625,0.0,nan,387.29998779296875,0.0,0.0,1910.4000244140625,nan,nan,nan,65536.0,nan,nan,nan,65536.0,nan,nan,nan,65536.0
2026-09-09T01:14:00.000+08:00,0.0,10.073474884033203,12.6181640625,0.0,nan,387.3999938964844,0.0,0.0,1910.4000244140625,nan,nan,nan,65536.0,nan,nan,nan,65536.0,nan,nan,nan,65536.0
2026-09-09T01:15:00.000+08:00,0.0,10.084938049316406,12.5625,0.0,nan,386.8999938964844,0.0,0.0,1910.4000244140625,nan,nan,nan,65536.0,nan,nan,nan,65536.0,nan,nan,nan,65536.0
2026-09-09T01:16:00.000+08:00,0.0,10.107856750488281,12.597412109375,0.0,nan,387.1000061035156,0.0,0.0,1910.4000244140625,nan,nan,nan,65536.0,nan,nan,nan,65536.0,nan,nan,nan,65536.0
2026-09-09T01:17:00.000+08:00,0.0,10.085716247558594,12.576416015625,0.0,nan,387.20001220703125,0.0,0.0,1910.4000244140625,nan,nan,nan,65536.0,nan,nan,nan,65536.0,nan,nan,nan,65536.0
2026-09-09T01:18:00.000+08:00,0.0,10.109798431396484,12.6044921875,0.0,nan,388.0,0.0,0.0,1910.4000244140625,nan,nan,nan,65536.0,nan,nan,nan,65536.0,nan,nan,nan,65536.0
2026-09-09T01:19:00.000+08:00,0.0,10.178642272949219,12.6044921875,0.0,nan,387.5,0.0,0.0,1910.4000244140625,nan,nan,nan,65536.0,nan,nan,nan,65536.0,nan,nan,nan,65536.0
2026-09-09T01:20:00.000+08:00,0.0,10.140613555908203,12.65283203125,0.0,nan,387.0,0.0,0.0,1910.4000244140625,nan,nan,nan,65536.0,nan,nan,nan,65536.0,nan,nan,nan,65536.0
2026-09-09T01:21:00.000+08:00,0.0,10.141395568847656,12.66015625,0.0,nan,387.5,0.0,0.0,1910.4000244140625,nan,nan,nan,65536.0,nan,nan,nan,65536.0,nan,nan,nan,65536.0
2026-09-09T01:22:00.000+08:00,0.0,10.165496826171875,12.673828125,0.0,nan,387.20001220703125,0.0,0.0,1910.4000244140625,nan,nan,nan,65536.0,nan,nan,nan,65536.0,nan,nan,nan,65536.0
2026-09-09T01:23:00.000+08:00,0.0,10.246173858642578,12.72265625,0.0,nan,387.70001220703125,0.0,0.0,1910.4000244140625,nan,nan,nan,65536.0,nan,nan,nan,65536.0,nan,nan,nan,65536.0
2026-09-09T01:24:00.000+08:00,0.0,10.172218322753906,12.63916015625,0.0,nan,387.3999938964844,0.0,0.0,1910.4000244140625,nan,nan,nan,65536.0,nan,nan,nan,65536.0,nan,nan,nan,65536.0
2026-09-09T01:25:00.000+08:00,0.0,10.199859619140625,12.722412109375,0.0,nan,387.3999938964844,0.0,0.0,1910.4000244140625,nan,nan,nan,65536.0,nan,nan,nan,65536.0,nan,nan,nan,65536.0
2026-09-09T01:26:00.000+08:00,0.0,10.20220947265625,12.7294921875,0.0,nan,387.6000061035156,0.0,0.0,1910.4000244140625,nan,nan,nan,65536.0,nan,nan,nan,65536.0,nan,nan,nan,65536.0
2026-09-09T01:27:00.000+08:00,0.0,10.21053695678711,12.6875,0.0,nan,387.20001220703125,0.0,0.0,1910.4000244140625,nan,nan,nan,65536.0,nan,nan,nan,65536.0,nan,nan,nan,65536.0
2026-09-09T01:28:00.000+08:00,0.0,10.233848571777344,12.729248046875,0.0,nan,387.6000061035156,0.0,0.0,1910.4000244140625,nan,nan,nan,65536.0,nan,nan,nan,65536.0,nan,nan,nan,65536.0
2026-09-09T01:29:00.000+08:00,0.0,10.31094741821289,12.694580078125,0.0,nan,387.20001220703125,0.0,0.0,1910.4000244140625,nan,nan,nan,65536.0,nan,nan,nan,65536.0,nan,nan,nan,65536.0
2026-09-09T01:30:00.000+08:00,0.0,10.297527313232422,12.7431640625,0.0,nan,386.70001220703125,0.0,0.0,1910.4000244140625,nan,nan,nan,65536.0,nan,nan,nan,65536.0,nan,nan,nan,65536.0
2026-09-09T01:31:00.000+08:00,0.0,10.258316040039062,12.798583984375,0.0,nan,387.0,0.0,0.0,1910.4000244140625,nan,nan,nan,65536.0,nan,nan,nan,65536.0,nan,nan,nan,65536.0
2026-09-09T01:32:00.000+08:00,0.0,10.265022277832031,12.784912109375,0.0,nan,387.0,0.0,0.0,1910.4000244140625,nan,nan,nan,65536.0,nan,nan,nan,65536.0,nan,nan,nan,65536.0
2026-09-09T01:33:00.000+08:00,0.0,10.262275695800781,12.75,0.0,nan,387.0,0.0,0.0,1910.4000244140625,nan,nan,nan,65536.0,nan,nan,nan,65536.0,nan,nan,nan,65536.0
2026-09-09T01:34:00.000+08:00,0.0,10.353202819824219,12.791748046875,0.0,nan,387.20001220703125,0.0,0.0,1910.4000244140625,nan,nan,nan,65536.0,nan,nan,nan,65536.0,nan,nan,nan,65536.0
2026-09-09T01:35:00.000+08:00,0.0,10.372955322265625,12.75,0.0,nan,387.1000061035156,0.0,0.0,1910.4000244140625,nan,nan,nan,65536.0,nan,nan,nan,65536.0,nan,nan,nan,65536.0
2026-09-09T01:36:00.000+08:00,0.0,10.373348236083984,12.8056640625,0.0,nan,387.20001220703125,0.0,0.0,1910.4000244140625,nan,nan,nan,65536.0,nan,nan,nan,65536.0,nan,nan,nan,65536.0
2026-09-09T01:37:00.000+08:00,0.0,10.373733520507812,12.75,0.0,nan,387.29998779296875,0.0,0.0,1910.4000244140625,nan,nan,nan,65536.0,nan,nan,nan,65536.0,nan,nan,nan,65536.0
2026-09-09T01:38:00.000+08:00,0.0,10.318351745605469,12.8681640625,0.0,nan,387.20001220703125,0.0,0.0,1910.4000244140625,nan,nan,nan,65536.0,nan,nan,nan,65536.0,nan,nan,nan,65536.0
2026-09-09T01:39:00.000+08:00,0.0,10.414031982421875,12.847412109375,0.0,nan,387.29998779296875,0.0,0.0,1910.4000244140625,nan,nan,nan,65536.0,nan,nan,nan,65536.0,nan,nan,nan,65536.0
2026-09-09T01:40:00.000+08:00,0.0,10.40810775756836,12.826416015625,0.0,nan,387.3999938964844,0.0,0.0,1910.4000244140625,nan,nan,nan,65536.0,nan,nan,nan,65536.0,nan,nan,nan,65536.0
2026-09-09T01:41:00.000+08:00,0.0,10.42825698852539,12.8125,0.0,nan,387.6000061035156,0.0,0.0,1910.4000244140625,nan,nan,nan,65536.0,nan,nan,nan,65536.0,nan,nan,nan,65536.0
2026-09-09T01:42:00.000+08:00,0.0,10.423927307128906,12.8408203125,0.0,nan,387.5,0.0,0.0,1910.4000244140625,nan,nan,nan,65536.0,nan,nan,nan,65536.0,nan,nan,nan,65536.0
2026-09-09T01:43:00.000+08:00,0.0,10.375267028808594,12.847412109375,0.0,nan,387.6000061035156,0.0,0.0,1910.4000244140625,nan,nan,nan,65536.0,nan,nan,nan,65536.0,nan,nan,nan,65536.0
2026-09-09T01:44:00.000+08:00,0.0,10.389080047607422,12.909912109375,0.0,nan,387.5,0.0,0.0,1910.4000244140625,nan,nan,nan,65536.0,nan,nan,nan,65536.0,nan,nan,nan,65536.0
2026-09-09T01:45:00.000+08:00,0.0,10.460678100585938,12.91015625,0.0,nan,386.8999938964844,0.0,0.0,1910.4000244140625,nan,nan,nan,65536.0,nan,nan,nan,65536.0,nan,nan,nan,65536.0
2026-09-09T01:46:00.000+08:00,0.0,10.467376708984375,12.895751953125,0.0,nan,387.6000061035156,0.0,0.0,1910.4000244140625,nan,nan,nan,65536.0,nan,nan,nan,65536.0,nan,nan,nan,65536.0
2026-09-09T01:47:00.000+08:00,0.0,10.457523345947266,12.882080078125,0.0,nan,387.70001220703125,0.0,0.0,1910.4000244140625,nan,nan,nan,65536.0,nan,nan,nan,65536.0,nan,nan,nan,65536.0
2026-09-09T01:48:00.000+08:00,0.0,10.479629516601562,12.909912109375,0.0,nan,387.8999938964844,0.0,0.0,1910.4000244140625,nan,nan,nan,65536.0,nan,nan,nan,65536.0,nan,nan,nan,65536.0
2026-09-09T01:49:00.000+08:00,0.0,10.479629516601562,12.875,0.0,nan,387.70001220703125,0.0,0.0,1910.4000244140625,nan,nan,nan,65536.0,nan,nan,nan,65536.0,nan,nan,nan,65536.0
2026-09-09T01:50:00.000+08:00,0.0,10.522293090820312,12.972412109375,0.0,nan,387.79998779296875,0.0,0.0,1910.4000244140625,nan,nan,nan,65536.0,nan,nan,nan,65536.0,nan,nan,nan,65536.0
2026-09-09T01:51:00.000+08:00,0.0,10.52664566040039,12.972412109375,0.0,nan,387.6000061035156,0.0,0.0,1910.4000244140625,nan,nan,nan,65536.0,nan,nan,nan,65536.0,nan,nan,nan,65536.0
2026-09-09T01:52:00.000+08:00,0.0,10.518390655517578,12.944580078125,0.0,nan,387.6000061035156,0.0,0.0,1910.4000244140625,nan,nan,nan,65536.0,nan,nan,nan,65536.0,nan,nan,nan,65536.0
2026-09-09T01:53:00.000+08:00,0.0,10.529033660888672,12.9931640625,0.0,nan,387.3999938964844,0.0,0.0,1910.4000244140625,nan,nan,nan,65536.0,nan,nan,nan,65536.0,nan,nan,nan,65536.0
2026-09-09T01:54:00.000+08:00,0.0,10.552360534667969,12.9375,0.0,nan,387.29998779296875,0.0,0.0,1910.4000244140625,nan,nan,nan,65536.0,nan,nan,nan,65536.0,nan,nan,nan,65536.0
2026-09-09T01:55:00.000+08:00,0.0,10.564216613769531,13.0556640625,0.0,nan,386.8999938964844,0.0,0.0,1910.4000244140625,nan,nan,nan,65536.0,nan,nan,nan,65536.0,nan,nan,nan,65536.0
2026-09-09T01:56:00.000+08:00,0.0,10.576801300048828,13.0,0.0,nan,387.5,0.0,0.0,1910.4000244140625,nan,nan,nan,65536.0,nan,nan,nan,65536.0,nan,nan,nan,65536.0
2026-09-09T01:57:00.000+08:00,0.0,10.62356185913086,13.0,0.0,nan,388.0,0.0,0.0,1910.4000244140625,nan,nan,nan,65536.0,nan,nan,nan,65536.0,nan,nan,nan,65536.0
2026-09-09T01:58:00.000+08:00,0.0,10.59381103515625,13.020751953125,0.0,nan,387.79998779296875,0.0,0.0,1910.4000244140625,nan,nan,nan,65536.0,nan,nan,nan,65536.0,nan,nan,nan,65536.0
2026-09-09T01:59:00.000+08:00,0.0,10.58355712890625,13.0,0.0,nan,387.6000061035156,0.0,0.0,1910.4000244140625,nan,nan,nan,65536.0,nan,nan,nan,65536.0,nan,nan,nan,65536.0
2026-09-09T02:00:00.000+08:00,0.0,10.66387939453125,13.0556640625,0.0,nan,387.70001220703125,0.0,0.0,1910.4000244140625,nan,nan,nan,65536.0,nan,nan,nan,65536.0,nan,nan,nan,65536.0
2026-09-09T02:01:00.000+08:00,0.0,10.666622161865234,13.02099609375,0.0,nan,387.70001220703125,0.0,0.0,1910.4000244140625,nan,nan,nan,65536.0,nan,nan,nan,65536.0,nan,nan,nan,65536.0
2026-09-09T02:02:00.000+08:00,0.0,10.675678253173828,13.048828125,0.0,nan,388.0,0.0,0.0,1910.4000244140625,nan,nan,nan,65536.0,nan,nan,nan,65536.0,nan,nan,nan,65536.0
2026-09-09T02:03:00.000+08:00,0.0,10.675678253173828,13.0556640625,0.0,nan,388.1000061035156,0.0,0.0,1910.4000244140625,nan,nan,nan,65536.0,nan,nan,nan,65536.0,nan,nan,nan,65536.0
2026-09-09T02:04:00.000+08:00,0.0,10.685985565185547,13.0283203125,0.0,nan,388.0,0.0,0.0,1910.4000244140625,nan,nan,nan,65536.0,nan,nan,nan,65536.0,nan,nan,nan,65536.0
2026-09-09T02:05:00.000+08:00,0.0,10.658233642578125,13.09765625,0.0,nan,387.3999938964844,0.0,0.0,1910.4000244140625,nan,nan,nan,65536.0,nan,nan,nan,65536.0,nan,nan,nan,65536.0
2026-09-09T02:06:00.000+08:00,0.0,10.731788635253906,13.104248046875,0.0,nan,387.70001220703125,0.0,0.0,1910.4000244140625,nan,nan,nan,65536.0,nan,nan,nan,65536.0,nan,nan,nan,65536.0
2026-09-09T02:07:00.000+08:00,0.0,10.740097045898438,13.1044921875,0.0,nan,387.70001220703125,0.0,0.0,1910.4000244140625,nan,nan,nan,65536.0,nan,nan,nan,65536.0,nan,nan,nan,65536.0
2026-09-09T02:08:00.000+08:00,0.0,10.688240051269531,13.138916015625,0.0,nan,387.6000061035156,0.0,0.0,1910.4000244140625,nan,nan,nan,65536.0,nan,nan,nan,65536.0,nan,nan,nan,65536.0
2026-09-09T02:09:00.000+08:00,0.0,10.739688873291016,13.09765625,0.0,nan,387.3999938964844,0.0,0.0,1910.4000244140625,nan,nan,nan,65536.0,nan,nan,nan,65536.0,nan,nan,nan,65536.0
2026-09-09T02:10:00.000+08:00,0.0,10.751129150390625,13.138916015625,0.0,nan,387.5,0.0,0.0,1910.4000244140625,nan,nan,nan,65536.0,nan,nan,nan,65536.0,nan,nan,nan,65536.0
2026-09-09T02:11:00.000+08:00,0.0,10.787094116210938,13.159912109375,0.0,nan,387.79998779296875,0.0,0.0,1910.4000244140625,nan,nan,nan,65536.0,nan,nan,nan,65536.0,nan,nan,nan,65536.0
2026-09-09T02:12:00.000+08:00,0.0,10.79227066040039,13.16015625,0.0,nan,387.3999938964844,0.0,0.0,1910.4000244140625,nan,nan,nan,65536.0,nan,nan,nan,65536.0,nan,nan,nan,65536.0
2026-09-09T02:13:00.000+08:00,0.0,10.787094116210938,13.1806640625,0.0,nan,387.6000061035156,0.0,0.0,1910.4000244140625,nan,nan,nan,65536.0,nan,nan,nan,65536.0,nan,nan,nan,65536.0
2026-09-09T02:14:00.000+08:00,0.0,10.803714752197266,13.145751953125,0.0,nan,387.5,0.0,0.0,1910.4000244140625,nan,nan,nan,65536.0,nan,nan,nan,65536.0,nan,nan,nan,65536.0
2026-09-09T02:15:00.000+08:00,0.0,10.871387481689453,13.166748046875,0.0,nan,387.70001220703125,0.0,0.0,1910.4000244140625,nan,nan,nan,65536.0,nan,nan,nan,65536.0,nan,nan,nan,65536.0
2026-09-09T02:16:00.000+08:00,0.0,10.87411117553711,13.125,0.0,nan,387.29998779296875,0.0,0.0,1910.4000244140625,nan,nan,nan,65536.0,nan,nan,nan,65536.0,nan,nan,nan,65536.0
2026-09-09T02:17:00.000+08:00,0.0,10.844734191894531,13.20849609375,0.0,nan,388.0,0.0,0.0,1910.4000244140625,nan,nan,nan,65536.0,nan,nan,nan,65536.0,nan,nan,nan,65536.0
2026-09-09T02:18:00.000+08:00,0.0,10.851146697998047,13.201416015625,0.0,nan,387.70001220703125,0.0,0.0,1910.4000244140625,nan,nan,nan,65536.0,nan,nan,nan,65536.0,nan,nan,nan,65536.0
2026-09-09T02:19:00.000+08:00,0.0,10.876350402832031,13.298828125,0.0,nan,387.8999938964844,0.0,0.0,1910.4000244140625,nan,nan,nan,65536.0,nan,nan,nan,65536.0,nan,nan,nan,65536.0
2026-09-09T02:20:00.000+08:00,0.0,10.859455108642578,13.1875,0.0,nan,387.70001220703125,0.0,0.0,1910.4000244140625,nan,nan,nan,65536.0,nan,nan,nan,65536.0,nan,nan,nan,65536.0
2026-09-09T02:21:00.000+08:00,0.0,10.877567291259766,13.25,0.0,nan,387.29998779296875,0.0,0.0,1910.4000244140625,nan,nan,nan,65536.0,nan,nan,nan,65536.0,nan,nan,nan,65536.0
2026-09-09T02:22:00.000+08:00,0.0,10.876075744628906,13.257080078125,0.0,nan,387.29998779296875,0.0,0.0,1910.4000244140625,nan,nan,nan,65536.0,nan,nan,nan,65536.0,nan,nan,nan,65536.0
2026-09-09T02:23:00.000+08:00,0.0,10.875663757324219,13.25,0.0,nan,387.6000061035156,0.0,0.0,1910.4000244140625,nan,nan,nan,65536.0,nan,nan,nan,65536.0,nan,nan,nan,65536.0
2026-09-09T02:24:00.000+08:00,0.0,10.894184112548828,13.25,0.0,nan,387.3999938964844,0.0,0.0,1910.4000244140625,nan,nan,nan,65536.0,nan,nan,nan,65536.0,nan,nan,nan,65536.0
2026-09-09T02:25:00.000+08:00,0.0,10.983535766601562,13.257080078125,0.0,nan,387.20001220703125,0.0,0.0,1910.4000244140625,nan,nan,nan,65536.0,nan,nan,nan,65536.0,nan,nan,nan,65536.0
2026-09-09T02:26:00.000+08:00,0.0,10.982711791992188,13.291748046875,0.0,nan,387.5,0.0,0.0,1910.4000244140625,nan,nan,nan,65536.0,nan,nan,nan,65536.0,nan,nan,nan,65536.0
2026-09-09T02:27:00.000+08:00,0.0,10.983257293701172,13.28515625,0.0,nan,387.79998779296875,0.0,0.0,1910.4000244140625,nan,nan,nan,65536.0,nan,nan,nan,65536.0,nan,nan,nan,65536.0
2026-09-09T02:28:00.000+08:00,0.0,10.993080139160156,13.270751953125,0.0,nan,387.70001220703125,0.0,0.0,1910.4000244140625,nan,nan,nan,65536.0,nan,nan,nan,65536.0,nan,nan,nan,65536.0
2026-09-09T02:29:00.000+08:00,0.0,10.949100494384766,13.3125,0.0,nan,387.79998779296875,0.0,0.0,1910.4000244140625,nan,nan,nan,65536.0,nan,nan,nan,65536.0,nan,nan,nan,65536.0
2026-09-09T02:30:00.000+08:00,0.0,10.99216079711914,13.319580078125,0.0,nan,387.3999938964844,0.0,0.0,1910.4000244140625,nan,nan,nan,65536.0,nan,nan,nan,65536.0,nan,nan,nan,65536.0
2026-09-09T02:31:00.000+08:00,0.0,10.966541290283203,13.3125,0.0,nan,387.5,0.0,0.0,1910.4000244140625,nan,nan,nan,65536.0,nan,nan,nan,65536.0,nan,nan,nan,65536.0
2026-09-09T02:32:00.000+08:00,0.0,11.023460388183594,13.34765625,0.0,nan,387.5,0.0,0.0,1910.4000244140625,nan,nan,nan,65536.0,nan,nan,nan,65536.0,nan,nan,nan,65536.0
2026-09-09T02:33:00.000+08:00,0.0,11.050697326660156,13.354248046875,0.0,nan,388.0,0.0,0.0,1910.4000244140625,nan,nan,nan,65536.0,nan,nan,nan,65536.0,nan,nan,nan,65536.0
2026-09-09T02:34:00.000+08:00,0.0,11.021045684814453,13.409912109375,0.0,nan,388.0,0.0,0.0,1910.4000244140625,nan,nan,nan,65536.0,nan,nan,nan,65536.0,nan,nan,nan,65536.0
2026-09-09T02:35:00.000+08:00,0.0,11.018989562988281,13.416748046875,0.0,nan,387.8999938964844,0.0,0.0,1910.4000244140625,nan,nan,nan,65536.0,nan,nan,nan,65536.0,nan,nan,nan,65536.0
2026-09-09T02:36:00.000+08:00,0.0,11.019813537597656,13.382080078125,0.0,nan,387.79998779296875,0.0,0.0,1910.4000244140625,nan,nan,nan,65536.0,nan,nan,nan,65536.0,nan,nan,nan,65536.0
2026-09-09T02:37:00.000+08:00,0.0,11.016674041748047,13.4169921875,0.0,nan,388.0,0.0,0.0,1910.4000244140625,nan,nan,nan,65536.0,nan,nan,nan,65536.0,nan,nan,nan,65536.0
2026-09-09T02:38:00.000+08:00,0.0,11.105182647705078,13.4306640625,0.0,nan,387.5,0.0,0.0,1910.4000244140625,nan,nan,nan,65536.0,nan,nan,nan,65536.0,nan,nan,nan,65536.0
2026-09-09T02:39:00.000+08:00,0.0,11.091449737548828,13.423583984375,0.0,nan,387.70001220703125,0.0,0.0,1910.4000244140625,nan,nan,nan,65536.0,nan,nan,nan,65536.0,nan,nan,nan,65536.0
2026-09-09T02:40:00.000+08:00,0.0,11.069931030273438,13.4794921875,0.0,nan,388.0,0.0,0.0,1910.4000244140625,nan,nan,nan,65536.0,nan,nan,nan,65536.0,nan,nan,nan,65536.0
2026-09-09T02:41:00.000+08:00,0.0,11.078651428222656,13.47265625,0.0,nan,387.70001220703125,0.0,0.0,1910.4000244140625,nan,nan,nan,65536.0,nan,nan,nan,65536.0,nan,nan,nan,65536.0
2026-09-09T02:42:00.000+08:00,0.0,11.14718246459961,13.444580078125,0.0,nan,387.6000061035156,0.0,0.0,1910.4000244140625,nan,nan,nan,65536.0,nan,nan,nan,65536.0,nan,nan,nan,65536.0
2026-09-09T02:43:00.000+08:00,0.0,11.080314636230469,13.458251953125,0.0,nan,388.0,0.0,0.0,1910.4000244140625,nan,nan,nan,65536.0,nan,nan,nan,65536.0,nan,nan,nan,65536.0
2026-09-09T02:44:00.000+08:00,0.0,11.149482727050781,13.4658203125,0.0,nan,387.5,0.0,0.0,1910.4000244140625,nan,nan,nan,65536.0,nan,nan,nan,65536.0,nan,nan,nan,65536.0
2026-09-09T02:45:00.000+08:00,0.0,11.164863586425781,13.4931640625,0.0,nan,387.70001220703125,0.0,0.0,1910.4000244140625,nan,nan,nan,65536.0,nan,nan,nan,65536.0,nan,nan,nan,65536.0
2026-09-09T02:46:00.000+08:00,0.0,11.161334991455078,13.4794921875,0.0,nan,387.8999938964844,0.0,0.0,1910.4000244140625,nan,nan,nan,65536.0,nan,nan,nan,65536.0,nan,nan,nan,65536.0
2026-09-09T02:47:00.000+08:00,0.0,11.167572021484375,13.45849609375,0.0,nan,387.79998779296875,0.0,0.0,1910.4000244140625,nan,nan,nan,65536.0,nan,nan,nan,65536.0,nan,nan,nan,65536.0
2026-09-09T02:48:00.000+08:00,0.0,11.24359130859375,13.45849609375,0.0,nan,387.5,0.0,0.0,1910.4000244140625,nan,nan,nan,65536.0,nan,nan,nan,65536.0,nan,nan,nan,65536.0
2026-09-09T02:49:00.000+08:00,0.0,11.13479995727539,13.534912109375,0.0,nan,387.79998779296875,0.0,0.0,1910.4000244140625,nan,nan,nan,65536.0,nan,nan,nan,65536.0,nan,nan,nan,65536.0
2026-09-09T02:50:00.000+08:00,0.0,11.202510833740234,13.507080078125,0.0,nan,387.6000061035156,0.0,0.0,1910.4000244140625,nan,nan,nan,65536.0,nan,nan,nan,65536.0,nan,nan,nan,65536.0
2026-09-09T02:51:00.000+08:00,0.0,11.217464447021484,13.548583984375,0.0,nan,387.5,0.0,0.0,1910.4000244140625,nan,nan,nan,65536.0,nan,nan,nan,65536.0,nan,nan,nan,65536.0
2026-09-09T02:52:00.000+08:00,0.0,11.239513397216797,13.5,0.0,nan,387.3999938964844,0.0,0.0,1910.4000244140625,nan,nan,nan,65536.0,nan,nan,nan,65536.0,nan,nan,nan,65536.0
2026-09-09T02:53:00.000+08:00,0.0,11.247413635253906,13.58349609375,0.0,nan,387.8999938964844,0.0,0.0,1910.4000244140625,nan,nan,nan,65536.0,nan,nan,nan,65536.0,nan,nan,nan,65536.0
2026-09-09T02:54:00.000+08:00,0.0,11.30679702758789,13.541748046875,0.0,nan,387.6000061035156,0.0,0.0,1910.4000244140625,nan,nan,nan,65536.0,nan,nan,nan,65536.0,nan,nan,nan,65536.0
2026-09-09T02:55:00.000+08:00,0.0,11.31158447265625,13.5419921875,0.0,nan,387.6000061035156,0.0,0.0,1910.4000244140625,nan,nan,nan,65536.0,nan,nan,nan,65536.0,nan,nan,nan,65536.0
2026-09-09T02:56:00.000+08:00,0.0,11.27859878540039,13.611328125,0.0,nan,388.0,0.0,0.0,1910.4000244140625,nan,nan,nan,65536.0,nan,nan,nan,65536.0,nan,nan,nan,65536.0
2026-09-09T02:57:00.000+08:00,0.0,11.287773132324219,13.6181640625,0.0,nan,388.0,0.0,0.0,1910.4000244140625,nan,nan,nan,65536.0,nan,nan,nan,65536.0,nan,nan,nan,65536.0
2026-09-09T02:58:00.000+08:00,0.0,11.366477966308594,13.5625,0.0,nan,387.5,0.0,0.0,1910.4000244140625,nan,nan,nan,65536.0,nan,nan,nan,65536.0,nan,nan,nan,65536.0
2026-09-09T02:59:00.000+08:00,0.0,11.373966217041016,13.632080078125,0.0,nan,387.5,0.0,0.0,1910.4000244140625,nan,nan,nan,65536.0,nan,nan,nan,65536.0,nan,nan,nan,65536.0
2026-09-09T03:00:00.000+08:00,0.0,11.363967895507812,13.58349609375,0.0,nan,387.5,0.0,0.0,1910.4000244140625,nan,nan,nan,65536.0,nan,nan,nan,65536.0,nan,nan,nan,65536.0
2026-09-09T03:01:00.000+08:00,0.0,11.333492279052734,13.673828125,0.0,nan,387.6000061035156,0.0,0.0,1910.4000244140625,nan,nan,nan,65536.0,nan,nan,nan,65536.0,nan,nan,nan,65536.0
2026-09-09T03:02:00.000+08:00,0.0,11.34476089477539,13.6806640625,0.0,nan,387.8999938964844,0.0,0.0,1910.4000244140625,nan,nan,nan,65536.0,nan,nan,nan,65536.0,nan,nan,nan,65536.0
2026-09-09T03:03:00.000+08:00,0.0,11.329376220703125,13.673828125,0.0,nan,387.70001220703125,0.0,0.0,1910.4000244140625,nan,nan,nan,65536.0,nan,nan,nan,65536.0,nan,nan,nan,65536.0
2026-09-09T03:04:00.000+08:00,0.0,11.339115142822266,13.673828125,0.0,nan,387.3999938964844,0.0,0.0,1910.4000244140625,nan,nan,nan,65536.0,nan,nan,nan,65536.0,nan,nan,nan,65536.0
2026-09-09T03:05:00.000+08:00,0.0,11.416595458984375,13.6806640625,0.0,nan,387.70001220703125,0.0,0.0,1910.4000244140625,nan,nan,nan,65536.0,nan,nan,nan,65536.0,nan,nan,nan,65536.0
2026-09-09T03:06:00.000+08:00,0.0,11.378631591796875,13.72265625,0.0,nan,387.6000061035156,0.0,0.0,1910.4000244140625,nan,nan,nan,65536.0,nan,nan,nan,65536.0,nan,nan,nan,65536.0
2026-09-09T03:07:00.000+08:00,0.0,11.392742156982422,13.736328125,0.0,nan,387.6000061035156,0.0,0.0,1910.4000244140625,nan,nan,nan,65536.0,nan,nan,nan,65536.0,nan,nan,nan,65536.0
2026-09-09T03:08:00.000+08:00,0.0,11.379474639892578,13.72265625,0.0,nan,387.79998779296875,0.0,0.0,1910.4000244140625,nan,nan,nan,65536.0,nan,nan,nan,65536.0,nan,nan,nan,65536.0
2026-09-09T03:09:00.000+08:00,0.0,11.45694351196289,13.7294921875,0.0,nan,387.79998779296875,0.0,0.0,1910.4000244140625,nan,nan,nan,65536.0,nan,nan,nan,65536.0,nan,nan,nan,65536.0
2026-09-09T03:10:00.000+08:00,0.0,11.472740173339844,13.729248046875,0.0,nan,388.1000061035156,0.0,0.0,1910.4000244140625,nan,nan,nan,65536.0,nan,nan,nan,65536.0,nan,nan,nan,65536.0
2026-09-09T03:11:00.000+08:00,0.0,11.484603881835938,13.6875,0.0,nan,388.0,0.0,0.0,1910.4000244140625,nan,nan,nan,65536.0,nan,nan,nan,65536.0,nan,nan,nan,65536.0
2026-09-09T03:12:00.000+08:00,0.0,11.489402770996094,13.708251953125,0.0,nan,387.70001220703125,0.0,0.0,1910.4000244140625,nan,nan,nan,65536.0,nan,nan,nan,65536.0,nan,nan,nan,65536.0
2026-09-09T03:13:00.000+08:00,0.0,11.496028900146484,13.7158203125,0.0,nan,387.79998779296875,0.0,0.0,1910.4000244140625,nan,nan,nan,65536.0,nan,nan,nan,65536.0,nan,nan,nan,65536.0
2026-09-09T03:14:00.000+08:00,0.0,11.43960189819336,13.798828125,0.0,nan,387.5,0.0,0.0,1910.4000244140625,nan,nan,nan,65536.0,nan,nan,nan,65536.0,nan,nan,nan,65536.0
2026-09-09T03:15:00.000+08:00,0.0,11.523540496826172,13.798828125,0.0,nan,387.79998779296875,0.0,0.0,1910.4000244140625,nan,nan,nan,65536.0,nan,nan,nan,65536.0,nan,nan,nan,65536.0
2026-09-09T03:16:00.000+08:00,0.0,11.4638671875,13.757080078125,0.0,nan,388.20001220703125,0.0,0.0,1910.4000244140625,nan,nan,nan,65536.0,nan,nan,nan,65536.0,nan,nan,nan,65536.0
2026-09-09T03:17:00.000+08:00,0.0,11.550491333007812,13.7783203125,0.0,nan,388.0,0.0,0.0,1910.4000244140625,nan,nan,nan,65536.0,nan,nan,nan,65536.0,nan,nan,nan,65536.0
2026-09-09T03:18:00.000+08:00,0.0,11.533283233642578,13.763916015625,0.0,nan,388.20001220703125,0.0,0.0,1910.4000244140625,nan,nan,nan,65536.0,nan,nan,nan,65536.0,nan,nan,nan,65536.0
2026-09-09T03:19:00.000+08:00,0.0,11.511253356933594,13.798828125,0.0,nan,388.3999938964844,0.0,0.0,1910.4000244140625,nan,nan,nan,65536.0,nan,nan,nan,65536.0,nan,nan,nan,65536.0
2026-09-09T03:20:00.000+08:00,0.0,11.509868621826172,13.8544921875,0.0,nan,388.3999938964844,0.0,0.0,1910.4000244140625,nan,nan,nan,65536.0,nan,nan,nan,65536.0,nan,nan,nan,65536.0
2026-09-09T03:21:00.000+08:00,0.0,11.586891174316406,13.819580078125,0.0,nan,388.29998779296875,0.0,0.0,1910.4000244140625,nan,nan,nan,65536.0,nan,nan,nan,65536.0,nan,nan,nan,65536.0
2026-09-09T03:22:00.000+08:00,0.0,11.571956634521484,13.819580078125,0.0,nan,387.8999938964844,0.0,0.0,1910.4000244140625,nan,nan,nan,65536.0,nan,nan,nan,65536.0,nan,nan,nan,65536.0
2026-09-09T03:23:00.000+08:00,0.0,11.610172271728516,13.84765625,0.0,nan,388.29998779296875,0.0,0.0,1910.4000244140625,nan,nan,nan,65536.0,nan,nan,nan,65536.0,nan,nan,nan,65536.0
2026-09-09T03:24:00.000+08:00,0.0,11.608783721923828,13.8544921875,0.0,nan,388.1000061035156,0.0,0.0,1910.4000244140625,nan,nan,nan,65536.0,nan,nan,nan,65536.0,nan,nan,nan,65536.0
2026-09-09T03:25:00.000+08:00,0.0,11.634296417236328,13.882080078125,0.0,nan,388.29998779296875,0.0,0.0,1910.4000244140625,nan,nan,nan,65536.0,nan,nan,nan,65536.0,nan,nan,nan,65536.0
2026-09-09T03:26:00.000+08:00,0.0,11.631221771240234,13.923828125,0.0,nan,388.5,0.0,0.0,1910.4000244140625,nan,nan,nan,65536.0,nan,nan,nan,65536.0,nan,nan,nan,65536.0
2026-09-09T03:27:00.000+08:00,0.0,11.647449493408203,13.9306640625,0.0,nan,388.3999938964844,0.0,0.0,1910.4000244140625,nan,nan,nan,65536.0,nan,nan,nan,65536.0,nan,nan,nan,65536.0
2026-09-09T03:28:00.000+08:00,0.0,11.63559341430664,13.9033203125,0.0,nan,388.1000061035156,0.0,0.0,1910.4000244140625,nan,nan,nan,65536.0,nan,nan,nan,65536.0,nan,nan,nan,65536.0
2026-09-09T03:29:00.000+08:00,0.0,11.66324234008789,13.909912109375,0.0,nan,388.1000061035156,0.0,0.0,1910.4000244140625,nan,nan,nan,65536.0,nan,nan,nan,65536.0,nan,nan,nan,65536.0
2026-09-09T03:30:00.000+08:00,0.0,11.649150848388672,13.91015625,0.0,nan,388.0,0.0,0.0,1910.4000244140625,nan,nan,nan,65536.0,nan,nan,nan,65536.0,nan,nan,nan,65536.0
2026-09-09T03:31:00.000+08:00,0.0,11.685237884521484,13.916748046875,0.0,nan,387.8999938964844,0.0,0.0,1910.4000244140625,nan,nan,nan,65536.0,nan,nan,nan,65536.0,nan,nan,nan,65536.0
2026-09-09T03:32:00.000+08:00,0.0,11.71065902709961,13.972412109375,0.0,nan,388.1000061035156,0.0,0.0,1910.4000244140625,nan,nan,nan,65536.0,nan,nan,nan,65536.0,nan,nan,nan,65536.0
2026-09-09T03:33:00.000+08:00,0.0,11.692623138427734,13.972412109375,0.0,nan,388.1000061035156,0.0,0.0,1910.4000244140625,nan,nan,nan,65536.0,nan,nan,nan,65536.0,nan,nan,nan,65536.0
2026-09-09T03:34:00.000+08:00,0.0,11.69881820678711,13.979248046875,0.0,nan,387.8999938964844,0.0,0.0,1910.4000244140625,nan,nan,nan,65536.0,nan,nan,nan,65536.0,nan,nan,nan,65536.0
2026-09-09T03:35:00.000+08:00,0.0,11.8026123046875,13.944580078125,0.0,nan,388.0,0.0,0.0,1910.4000244140625,nan,nan,nan,65536.0,nan,nan,nan,65536.0,nan,nan,nan,65536.0
2026-09-09T03:36:00.000+08:00,0.0,11.78415298461914,13.9931640625,0.0,nan,387.8999938964844,0.0,0.0,1910.4000244140625,nan,nan,nan,65536.0,nan,nan,nan,65536.0,nan,nan,nan,65536.0
2026-09-09T03:37:00.000+08:00,0.0,11.797733306884766,13.944580078125,0.0,nan,387.70001220703125,0.0,0.0,1910.4000244140625,nan,nan,nan,65536.0,nan,nan,nan,65536.0,nan,nan,nan,65536.0
2026-09-09T03:38:00.000+08:00,0.0,11.806568145751953,13.979248046875,0.0,nan,387.70001220703125,0.0,0.0,1910.4000244140625,nan,nan,nan,65536.0,nan,nan,nan,65536.0,nan,nan,nan,65536.0
2026-09-09T03:39:00.000+08:00,0.0,11.785308837890625,14.048828125,0.0,nan,387.79998779296875,0.0,0.0,1910.4000244140625,nan,nan,nan,65536.0,nan,nan,nan,65536.0,nan,nan,nan,65536.0
2026-09-09T03:40:00.000+08:00,0.0,11.765117645263672,14.0556640625,0.0,nan,388.0,0.0,0.0,1910.4000244140625,nan,nan,nan,65536.0,nan,nan,nan,65536.0,nan,nan,nan,65536.0
2026-09-09T03:41:00.000+08:00,0.0,11.761592864990234,14.020751953125,0.0,nan,387.79998779296875,0.0,0.0,1910.4000244140625,nan,nan,nan,65536.0,nan,nan,nan,65536.0,nan,nan,nan,65536.0
2026-09-09T03:42:00.000+08:00,0.0,11.777412414550781,14.048828125,0.0,nan,388.0,0.0,0.0,1910.4000244140625,nan,nan,nan,65536.0,nan,nan,nan,65536.0,nan,nan,nan,65536.0
2026-09-09T03:43:00.000+08:00,0.0,11.79056167602539,14.0283203125,0.0,nan,387.79998779296875,0.0,0.0,1910.4000244140625,nan,nan,nan,65536.0,nan,nan,nan,65536.0,nan,nan,nan,65536.0
2026-09-09T03:44:00.000+08:00,0.0,11.815174102783203,14.034912109375,0.0,nan,388.1000061035156,0.0,0.0,1910.4000244140625,nan,nan,nan,65536.0,nan,nan,nan,65536.0,nan,nan,nan,65536.0
2026-09-09T03:45:00.000+08:00,0.0,11.827468872070312,14.097412109375,0.0,nan,387.5,0.0,0.0,1910.4000244140625,nan,nan,nan,65536.0,nan,nan,nan,65536.0,nan,nan,nan,65536.0
2026-09-09T03:46:00.000+08:00,0.0,11.8212890625,14.083251953125,0.0,nan,387.6000061035156,0.0,0.0,1910.4000244140625,nan,nan,nan,65536.0,nan,nan,nan,65536.0,nan,nan,nan,65536.0
2026-09-09T03:47:00.000+08:00,0.0,11.819999694824219,14.097412109375,0.0,nan,387.79998779296875,0.0,0.0,1910.4000244140625,nan,nan,nan,65536.0,nan,nan,nan,65536.0,nan,nan,nan,65536.0
2026-09-09T03:48:00.000+08:00,0.0,11.901824951171875,14.0625,0.0,nan,388.1000061035156,0.0,0.0,1910.4000244140625,nan,nan,nan,65536.0,nan,nan,nan,65536.0,nan,nan,nan,65536.0
2026-09-09T03:49:00.000+08:00,0.0,11.935165405273438,14.069580078125,0.0,nan,388.20001220703125,0.0,0.0,1910.4000244140625,nan,nan,nan,65536.0,nan,nan,nan,65536.0,nan,nan,nan,65536.0
2026-09-09T03:50:00.000+08:00,0.0,11.875316619873047,14.1669921875,0.0,nan,388.1000061035156,0.0,0.0,1910.4000244140625,nan,nan,nan,65536.0,nan,nan,nan,65536.0,nan,nan,nan,65536.0
2026-09-09T03:51:00.000+08:00,0.0,11.934734344482422,14.1806640625,0.0,nan,388.3999938964844,0.0,0.0,1910.4000244140625,nan,nan,nan,65536.0,nan,nan,nan,65536.0,nan,nan,nan,65536.0
2026-09-09T03:52:00.000+08:00,0.0,11.881450653076172,14.1533203125,0.0,nan,387.79998779296875,0.0,0.0,1910.4000244140625,nan,nan,nan,65536.0,nan,nan,nan,65536.0,nan,nan,nan,65536.0
2026-09-09T03:53:00.000+08:00,0.0,11.897724151611328,14.125,0.0,nan,387.8999938964844,0.0,0.0,1910.4000244140625,nan,nan,nan,65536.0,nan,nan,nan,65536.0,nan,nan,nan,65536.0
2026-09-09T03:54:00.000+08:00,0.0,11.968124389648438,14.1806640625,0.0,nan,388.0,0.0,0.0,1910.4000244140625,nan,nan,nan,65536.0,nan,nan,nan,65536.0,nan,nan,nan,65536.0
2026-09-09T03:55:00.000+08:00,0.0,11.965934753417969,14.173828125,0.0,nan,387.79998779296875,0.0,0.0,1910.4000244140625,nan,nan,nan,65536.0,nan,nan,nan,65536.0,nan,nan,nan,65536.0
2026-09-09T03:56:00.000+08:00,0.0,11.977340698242188,14.125,0.0,nan,388.1000061035156,0.0,0.0,1910.4000244140625,nan,nan,nan,65536.0,nan,nan,nan,65536.0,nan,nan,nan,65536.0
2026-09-09T03:57:00.000+08:00,0.0,11.938995361328125,14.1806640625,0.0,nan,387.5,0.0,0.0,1910.4000244140625,nan,nan,nan,65536.0,nan,nan,nan,65536.0,nan,nan,nan,65536.0
2026-09-09T03:58:00.000+08:00,0.0,12.00192642211914,14.20849609375,0.0,nan,388.29998779296875,0.0,0.0,1910.4000244140625,nan,nan,nan,65536.0,nan,nan,nan,65536.0,nan,nan,nan,65536.0
2026-09-09T03:59:00.000+08:00,0.0,11.990520477294922,14.138916015625,0.0,nan,388.20001220703125,0.0,0.0,1910.4000244140625,nan,nan,nan,65536.0,nan,nan,nan,65536.0,nan,nan,nan,65536.0
2026-09-09T04:00:00.000+08:00,0.0,11.970623016357422,14.194580078125,0.0,nan,387.79998779296875,0.0,0.0,1910.4000244140625,nan,nan,nan,65536.0,nan,nan,nan,65536.0,nan,nan,nan,65536.0
2026-09-09T04:01:00.000+08:00,0.0,12.026535034179688,14.2431640625,0.0,nan,388.0,0.0,0.0,1910.4000244140625,nan,nan,nan,65536.0,nan,nan,nan,65536.0,nan,nan,nan,65536.0
2026-09-09T04:02:00.000+08:00,0.0,12.04849624633789,14.1875,0.0,nan,387.5,0.0,0.0,1910.4000244140625,nan,nan,nan,65536.0,nan,nan,nan,65536.0,nan,nan,nan,65536.0
2026-09-09T04:03:00.000+08:00,0.0,12.037948608398438,14.222412109375,0.0,nan,387.70001220703125,0.0,0.0,1910.4000244140625,nan,nan,nan,65536.0,nan,nan,nan,65536.0,nan,nan,nan,65536.0
2026-09-09T04:04:00.000+08:00,0.0,12.056392669677734,14.22265625,0.0,nan,387.3999938964844,0.0,0.0,1910.4000244140625,nan,nan,nan,65536.0,nan,nan,nan,65536.0,nan,nan,nan,65536.0
2026-09-09T04:05:00.000+08:00,0.0,12.084060668945312,14.25,0.0,nan,387.79998779296875,0.0,0.0,1910.4000244140625,nan,nan,nan,65536.0,nan,nan,nan,65536.0,nan,nan,nan,65536.0
2026-09-09T04:06:00.000+08:00,0.0,12.074848175048828,14.257080078125,0.0,nan,387.79998779296875,0.0,0.0,1910.4000244140625,nan,nan,nan,65536.0,nan,nan,nan,65536.0,nan,nan,nan,65536.0
2026-09-09T04:07:00.000+08:00,0.0,12.081436157226562,14.263916015625,0.0,nan,387.5,0.0,0.0,1910.4000244140625,nan,nan,nan,65536.0,nan,nan,nan,65536.0,nan,nan,nan,65536.0
2026-09-09T04:08:00.000+08:00,0.0,12.082748413085938,14.28515625,0.0,nan,387.6000061035156,0.0,0.0,1910.4000244140625,nan,nan,nan,65536.0,nan,nan,nan,65536.0,nan,nan,nan,65536.0
2026-09-09T04:09:00.000+08:00,0.0,12.099864959716797,14.28515625,0.0,nan,387.8999938964844,0.0,0.0,1910.4000244140625,nan,nan,nan,65536.0,nan,nan,nan,65536.0,nan,nan,nan,65536.0
2026-09-09T04:10:00.000+08:00,0.0,12.177734375,14.284912109375,0.0,nan,387.8999938964844,0.0,0.0,1910.4000244140625,nan,nan,nan,65536.0,nan,nan,nan,65536.0,nan,nan,nan,65536.0
2026-09-09T04:11:00.000+08:00,0.0,12.113056182861328,14.298828125,0.0,nan,387.6000061035156,0.0,0.0,1910.4000244140625,nan,nan,nan,65536.0,nan,nan,nan,65536.0,nan,nan,nan,65536.0
2026-09-09T04:12:00.000+08:00,0.0,12.186084747314453,14.3056640625,0.0,nan,387.8999938964844,0.0,0.0,1910.4000244140625,nan,nan,nan,65536.0,nan,nan,nan,65536.0,nan,nan,nan,65536.0
2026-09-09T04:13:00.000+08:00,0.0,12.136333465576172,14.361328125,0.0,nan,388.0,0.0,0.0,1910.4000244140625,nan,nan,nan,65536.0,nan,nan,nan,65536.0,nan,nan,nan,65536.0
2026-09-09T04:14:00.000+08:00,0.0,12.16354751586914,14.319580078125,0.0,nan,388.1000061035156,0.0,0.0,1910.4000244140625,nan,nan,nan,65536.0,nan,nan,nan,65536.0,nan,nan,nan,65536.0
2026-09-09T04:15:00.000+08:00,0.0,12.161781311035156,14.3408203125,0.0,nan,387.70001220703125,0.0,0.0,1910.4000244140625,nan,nan,nan,65536.0,nan,nan,nan,65536.0,nan,nan,nan,65536.0
2026-09-09T04:16:00.000+08:00,0.0,12.165325164794922,14.3681640625,0.0,nan,387.79998779296875,0.0,0.0,1910.4000244140625,nan,nan,nan,65536.0,nan,nan,nan,65536.0,nan,nan,nan,65536.0
2026-09-09T04:17:00.000+08:00,0.0,12.243179321289062,14.319580078125,0.0,nan,387.79998779296875,0.0,0.0,1910.4000244140625,nan,nan,nan,65536.0,nan,nan,nan,65536.0,nan,nan,nan,65536.0
2026-09-09T04:18:00.000+08:00,0.0,12.240570068359375,14.3681640625,0.0,nan,388.3999938964844,0.0,0.0,1910.4000244140625,nan,nan,nan,65536.0,nan,nan,nan,65536.0,nan,nan,nan,65536.0
2026-09-09T04:19:00.000+08:00,0.0,12.199562072753906,14.409912109375,0.0,nan,388.5,0.0,0.0,1910.4000244140625,nan,nan,nan,65536.0,nan,nan,nan,65536.0,nan,nan,nan,65536.0
2026-09-09T04:20:00.000+08:00,0.0,12.218894958496094,14.375,0.0,nan,387.8999938964844,0.0,0.0,1910.4000244140625,nan,nan,nan,65536.0,nan,nan,nan,65536.0,nan,nan,nan,65536.0
2026-09-09T04:21:00.000+08:00,0.0,12.203067779541016,14.4306640625,0.0,nan,387.79998779296875,0.0,0.0,1910.4000244140625,nan,nan,nan,65536.0,nan,nan,nan,65536.0,nan,nan,nan,65536.0
2026-09-09T04:22:00.000+08:00,0.0,12.28006362915039,14.41015625,0.0,nan,387.6000061035156,0.0,0.0,1910.4000244140625,nan,nan,nan,65536.0,nan,nan,nan,65536.0,nan,nan,nan,65536.0
2026-09-09T04:23:00.000+08:00,0.0,12.25930404663086,14.479248046875,0.0,nan,387.3999938964844,0.0,0.0,1910.4000244140625,nan,nan,nan,65536.0,nan,nan,nan,65536.0,nan,nan,nan,65536.0
2026-09-09T04:24:00.000+08:00,0.0,12.25930404663086,14.472412109375,0.0,nan,387.70001220703125,0.0,0.0,1910.4000244140625,nan,nan,nan,65536.0,nan,nan,nan,65536.0,nan,nan,nan,65536.0
2026-09-09T04:25:00.000+08:00,0.0,12.276397705078125,14.4794921875,0.0,nan,388.20001220703125,0.0,0.0,1910.4000244140625,nan,nan,nan,65536.0,nan,nan,nan,65536.0,nan,nan,nan,65536.0
2026-09-09T04:26:00.000+08:00,0.0,12.258853912353516,14.47265625,0.0,nan,388.0,0.0,0.0,1910.4000244140625,nan,nan,nan,65536.0,nan,nan,nan,65536.0,nan,nan,nan,65536.0
2026-09-09T04:27:00.000+08:00,0.0,12.33626937866211,14.47265625,0.0,nan,387.8999938964844,0.0,0.0,1910.4000244140625,nan,nan,nan,65536.0,nan,nan,nan,65536.0,nan,nan,nan,65536.0
2026-09-09T04:28:00.000+08:00,0.0,12.288692474365234,14.4931640625,0.0,nan,387.8999938964844,0.0,0.0,1910.4000244140625,nan,nan,nan,65536.0,nan,nan,nan,65536.0,nan,nan,nan,65536.0
2026-09-09T04:29:00.000+08:00,0.0,12.36789321899414,14.4375,0.0,nan,388.0,0.0,0.0,1910.4000244140625,nan,nan,nan,65536.0,nan,nan,nan,65536.0,nan,nan,nan,65536.0
2026-09-09T04:30:00.000+08:00,0.0,12.320751190185547,14.548828125,0.0,nan,387.79998779296875,0.0,0.0,1910.4000244140625,nan,nan,nan,65536.0,nan,nan,nan,65536.0,nan,nan,nan,65536.0
2026-09-09T04:31:00.000+08:00,0.0,12.370132446289062,14.451416015625,0.0,nan,388.1000061035156,0.0,0.0,1910.4000244140625,nan,nan,nan,65536.0,nan,nan,nan,65536.0,nan,nan,nan,65536.0
2026-09-09T04:32:00.000+08:00,0.0,12.326042175292969,14.548828125,0.0,nan,388.20001220703125,0.0,0.0,1910.4000244140625,nan,nan,nan,65536.0,nan,nan,nan,65536.0,nan,nan,nan,65536.0
2026-09-09T04:33:00.000+08:00,0.0,12.373565673828125,14.5556640625,0.0,nan,387.8999938964844,0.0,0.0,1910.4000244140625,nan,nan,nan,65536.0,nan,nan,nan,65536.0,nan,nan,nan,65536.0
2026-09-09T04:34:00.000+08:00,0.0,12.39205551147461,14.5,0.0,nan,387.8999938964844,0.0,0.0,1910.4000244140625,nan,nan,nan,65536.0,nan,nan,nan,65536.0,nan,nan,nan,65536.0
2026-09-09T04:35:00.000+08:00,0.0,12.414424896240234,14.5556640625,0.0,nan,388.0,0.0,0.0,1910.4000244140625,nan,nan,nan,65536.0,nan,nan,nan,65536.0,nan,nan,nan,65536.0
2026-09-09T04:36:00.000+08:00,0.0,12.416679382324219,14.5,0.0,nan,388.0,0.0,0.0,1910.4000244140625,nan,nan,nan,65536.0,nan,nan,nan,65536.0,nan,nan,nan,65536.0
2026-09-09T04:37:00.000+08:00,0.0,12.424579620361328,14.5556640625,0.0,nan,388.3999938964844,0.0,0.0,1910.4000244140625,nan,nan,nan,65536.0,nan,nan,nan,65536.0,nan,nan,nan,65536.0
2026-09-09T04:38:00.000+08:00,0.0,12.429340362548828,14.548828125,0.0,nan,387.79998779296875,0.0,0.0,1910.4000244140625,nan,nan,nan,65536.0,nan,nan,nan,65536.0,nan,nan,nan,65536.0
2026-09-09T04:39:00.000+08:00,0.0,12.449539184570312,14.5908203125,0.0,nan,387.6000061035156,0.0,0.0,1910.4000244140625,nan,nan,nan,65536.0,nan,nan,nan,65536.0,nan,nan,nan,65536.0
2026-09-09T04:40:00.000+08:00,0.0,12.378780364990234,14.548583984375,0.0,nan,387.70001220703125,0.0,0.0,1910.4000244140625,nan,nan,nan,65536.0,nan,nan,nan,65536.0,nan,nan,nan,65536.0
2026-09-09T04:41:00.000+08:00,0.0,12.481613159179688,14.576416015625,0.0,nan,388.29998779296875,0.0,0.0,1910.4000244140625,nan,nan,nan,65536.0,nan,nan,nan,65536.0,nan,nan,nan,65536.0
2026-09-09T04:42:00.000+08:00,0.0,12.491321563720703,14.6044921875,0.0,nan,388.1000061035156,0.0,0.0,1910.4000244140625,nan,nan,nan,65536.0,nan,nan,nan,65536.0,nan,nan,nan,65536.0
2026-09-09T04:43:00.000+08:00,0.0,12.491321563720703,14.6044921875,0.0,nan,387.79998779296875,0.0,0.0,1910.4000244140625,nan,nan,nan,65536.0,nan,nan,nan,65536.0,nan,nan,nan,65536.0
2026-09-09T04:44:00.000+08:00,0.0,12.470203399658203,14.604248046875,0.0,nan,388.0,0.0,0.0,1910.4000244140625,nan,nan,nan,65536.0,nan,nan,nan,65536.0,nan,nan,nan,65536.0
2026-09-09T04:45:00.000+08:00,0.0,12.513690948486328,14.6669921875,0.0,nan,387.3999938964844,0.0,0.0,1910.4000244140625,nan,nan,nan,65536.0,nan,nan,nan,65536.0,nan,nan,nan,65536.0
2026-09-09T04:46:00.000+08:00,0.0,12.515495300292969,14.632080078125,0.0,nan,387.79998779296875,0.0,0.0,1910.4000244140625,nan,nan,nan,65536.0,nan,nan,nan,65536.0,nan,nan,nan,65536.0
2026-09-09T04:47:00.000+08:00,0.0,12.52994155883789,14.638916015625,0.0,nan,387.20001220703125,0.0,0.0,1910.4000244140625,nan,nan,nan,65536.0,nan,nan,nan,65536.0,nan,nan,nan,65536.0
2026-09-09T04:48:00.000+08:00,0.0,12.524627685546875,14.673828125,0.0,nan,388.1000061035156,0.0,0.0,1910.4000244140625,nan,nan,nan,65536.0,nan,nan,nan,65536.0,nan,nan,nan,65536.0
2026-09-09T04:49:00.000+08:00,0.0,12.52249526977539,14.6669921875,0.0,nan,387.79998779296875,0.0,0.0,1910.4000244140625,nan,nan,nan,65536.0,nan,nan,nan,65536.0,nan,nan,nan,65536.0
2026-09-09T04:50:00.000+08:00,0.0,12.527809143066406,14.6669921875,0.0,nan,388.3999938964844,0.0,0.0,1910.4000244140625,nan,nan,nan,65536.0,nan,nan,nan,65536.0,nan,nan,nan,65536.0
2026-09-09T04:51:00.000+08:00,0.0,12.540904998779297,14.645751953125,0.0,nan,387.70001220703125,0.0,0.0,1910.4000244140625,nan,nan,nan,65536.0,nan,nan,nan,65536.0,nan,nan,nan,65536.0
2026-09-09T04:52:00.000+08:00,0.0,12.578269958496094,14.722412109375,0.0,nan,387.70001220703125,0.0,0.0,1910.4000244140625,nan,nan,nan,65536.0,nan,nan,nan,65536.0,nan,nan,nan,65536.0
2026-09-09T04:53:00.000+08:00,0.0,12.579509735107422,14.7431640625,0.0,nan,387.79998779296875,0.0,0.0,1910.4000244140625,nan,nan,nan,65536.0,nan,nan,nan,65536.0,nan,nan,nan,65536.0
2026-09-09T04:54:00.000+08:00,0.0,12.58392333984375,14.7431640625,0.0,nan,388.0,0.0,0.0,1910.4000244140625,nan,nan,nan,65536.0,nan,nan,nan,65536.0,nan,nan,nan,65536.0
2026-09-09T04:55:00.000+08:00,0.0,12.57919692993164,14.736328125,0.0,nan,387.8999938964844,0.0,0.0,1910.4000244140625,nan,nan,nan,65536.0,nan,nan,nan,65536.0,nan,nan,nan,65536.0
2026-09-09T04:56:00.000+08:00,0.0,12.678024291992188,14.72265625,0.0,nan,388.20001220703125,0.0,0.0,1910.4000244140625,nan,nan,nan,65536.0,nan,nan,nan,65536.0,nan,nan,nan,65536.0
2026-09-09T04:57:00.000+08:00,0.0,12.678024291992188,14.72265625,0.0,nan,388.29998779296875,0.0,0.0,1910.4000244140625,nan,nan,nan,65536.0,nan,nan,nan,65536.0,nan,nan,nan,65536.0
2026-09-09T04:58:00.000+08:00,0.0,12.630878448486328,14.763916015625,0.0,nan,387.79998779296875,0.0,0.0,1910.4000244140625,nan,nan,nan,65536.0,nan,nan,nan,65536.0,nan,nan,nan,65536.0
2026-09-09T04:59:00.000+08:00,0.0,12.685478210449219,14.694580078125,0.0,nan,387.6000061035156,0.0,0.0,1910.4000244140625,nan,nan,nan,65536.0,nan,nan,nan,65536.0,nan,nan,nan,65536.0
2026-09-09T05:00:00.000+08:00,0.0,12.62875747680664,14.763916015625,0.0,nan,387.79998779296875,0.0,0.0,1910.4000244140625,nan,nan,nan,65536.0,nan,nan,nan,65536.0,nan,nan,nan,65536.0
2026-09-09T05:01:00.000+08:00,0.0,12.678947448730469,14.7294921875,0.0,nan,387.5,0.0,0.0,1910.4000244140625,nan,nan,nan,65536.0,nan,nan,nan,65536.0,nan,nan,nan,65536.0
2026-09-09T05:02:00.000+08:00,0.0,12.729866027832031,14.78515625,0.0,nan,387.70001220703125,0.0,0.0,1910.4000244140625,nan,nan,nan,65536.0,nan,nan,nan,65536.0,nan,nan,nan,65536.0
2026-09-09T05:03:00.000+08:00,0.0,12.71755599975586,14.791748046875,0.0,nan,387.0,0.0,0.0,1910.4000244140625,nan,nan,nan,65536.0,nan,nan,nan,65536.0,nan,nan,nan,65536.0
2026-09-09T05:04:00.000+08:00,0.0,12.734725952148438,14.757080078125,0.0,nan,387.0,0.0,0.0,1910.4000244140625,nan,nan,nan,65536.0,nan,nan,nan,65536.0,nan,nan,nan,65536.0
2026-09-09T05:05:00.000+08:00,0.0,12.740962982177734,14.7783203125,0.0,nan,386.6000061035156,0.0,0.0,1910.4000244140625,nan,nan,nan,65536.0,nan,nan,nan,65536.0,nan,nan,nan,65536.0
2026-09-09T05:06:00.000+08:00,0.0,12.74917984008789,14.8681640625,0.0,nan,387.0,0.0,0.0,1910.4000244140625,nan,nan,nan,65536.0,nan,nan,nan,65536.0,nan,nan,nan,65536.0
2026-09-09T05:07:00.000+08:00,0.0,12.777740478515625,14.833251953125,0.0,nan,387.20001220703125,0.0,0.0,1910.4000244140625,nan,nan,nan,65536.0,nan,nan,nan,65536.0,nan,nan,nan,65536.0
2026-09-09T05:08:00.000+08:00,0.0,12.693367004394531,14.8125,0.0,nan,387.1000061035156,0.0,0.0,1910.4000244140625,nan,nan,nan,65536.0,nan,nan,nan,65536.0,nan,nan,nan,65536.0
2026-09-09T05:09:00.000+08:00,0.0,12.761493682861328,14.8681640625,0.0,nan,386.70001220703125,0.0,0.0,1910.4000244140625,nan,nan,nan,65536.0,nan,nan,nan,65536.0,nan,nan,nan,65536.0
2026-09-09T05:10:00.000+08:00,0.0,12.766353607177734,14.861328125,0.0,nan,386.5,0.0,0.0,1910.4000244140625,nan,nan,nan,65536.0,nan,nan,nan,65536.0,nan,nan,nan,65536.0
2026-09-09T05:11:00.000+08:00,0.0,12.792644500732422,14.854248046875,0.0,nan,387.3999938964844,0.0,0.0,1910.4000244140625,nan,nan,nan,65536.0,nan,nan,nan,65536.0,nan,nan,nan,65536.0
2026-09-09T05:12:00.000+08:00,0.0,12.797508239746094,14.847412109375,0.0,nan,387.6000061035156,0.0,0.0,1910.4000244140625,nan,nan,nan,65536.0,nan,nan,nan,65536.0,nan,nan,nan,65536.0
2026-09-09T05:13:00.000+08:00,0.0,12.79842758178711,14.84765625,0.0,nan,387.20001220703125,0.0,0.0,1910.4000244140625,nan,nan,nan,65536.0,nan,nan,nan,65536.0,nan,nan,nan,65536.0
2026-09-09T05:14:00.000+08:00,0.0,12.8023681640625,14.826416015625,0.0,nan,387.0,0.0,0.0,1910.4000244140625,nan,nan,nan,65536.0,nan,nan,nan,65536.0,nan,nan,nan,65536.0
2026-09-09T05:15:00.000+08:00,0.0,12.8165283203125,14.882080078125,0.0,nan,386.8999938964844,0.0,0.0,1910.4000244140625,nan,nan,nan,65536.0,nan,nan,nan,65536.0,nan,nan,nan,65536.0
2026-09-09T05:16:00.000+08:00,0.0,12.819564819335938,14.909912109375,0.0,nan,386.8999938964844,0.0,0.0,1910.4000244140625,nan,nan,nan,65536.0,nan,nan,nan,65536.0,nan,nan,nan,65536.0
2026-09-09T05:17:00.000+08:00,0.0,12.833541870117188,14.9033203125,0.0,nan,387.29998779296875,0.0,0.0,1910.4000244140625,nan,nan,nan,65536.0,nan,nan,nan,65536.0,nan,nan,nan,65536.0
2026-09-09T05:18:00.000+08:00,0.0,12.841899871826172,14.888916015625,0.0,nan,387.6000061035156,0.0,0.0,1910.4000244140625,nan,nan,nan,65536.0,nan,nan,nan,65536.0,nan,nan,nan,65536.0
2026-09-09T05:19:00.000+08:00,0.0,12.886112213134766,14.9169921875,0.0,nan,387.29998779296875,0.0,0.0,1910.4000244140625,nan,nan,nan,65536.0,nan,nan,nan,65536.0,nan,nan,nan,65536.0
2026-09-09T05:20:00.000+08:00,0.0,12.872596740722656,14.916748046875,0.0,nan,387.1000061035156,0.0,0.0,1910.4000244140625,nan,nan,nan,65536.0,nan,nan,nan,65536.0,nan,nan,nan,65536.0
2026-09-09T05:21:00.000+08:00,0.0,12.883995056152344,14.9794921875,0.0,nan,387.6000061035156,0.0,0.0,1910.4000244140625,nan,nan,nan,65536.0,nan,nan,nan,65536.0,nan,nan,nan,65536.0
2026-09-09T05:22:00.000+08:00,0.0,12.935569763183594,14.9306640625,0.0,nan,387.29998779296875,0.0,0.0,1910.4000244140625,nan,nan,nan,65536.0,nan,nan,nan,65536.0,nan,nan,nan,65536.0
2026-09-09T05:23:00.000+08:00,0.0,12.88189697265625,14.986328125,0.0,nan,387.20001220703125,0.0,0.0,1910.4000244140625,nan,nan,nan,65536.0,nan,nan,nan,65536.0,nan,nan,nan,65536.0
2026-09-09T05:24:00.000+08:00,0.0,12.888870239257812,14.944580078125,0.0,nan,387.3999938964844,0.0,0.0,1910.4000244140625,nan,nan,nan,65536.0,nan,nan,nan,65536.0,nan,nan,nan,65536.0
2026-09-09T05:25:00.000+08:00,0.0,12.923515319824219,14.986328125,0.0,nan,387.79998779296875,0.0,0.0,1910.4000244140625,nan,nan,nan,65536.0,nan,nan,nan,65536.0,nan,nan,nan,65536.0
2026-09-09T05:26:00.000+08:00,0.0,12.928852081298828,14.9931640625,0.0,nan,387.79998779296875,0.0,0.0,1910.4000244140625,nan,nan,nan,65536.0,nan,nan,nan,65536.0,nan,nan,nan,65536.0
2026-09-09T05:27:00.000+08:00,0.0,12.987857818603516,14.97265625,0.0,nan,387.3999938964844,0.0,0.0,1910.4000244140625,nan,nan,nan,65536.0,nan,nan,nan,65536.0,nan,nan,nan,65536.0
2026-09-09T05:28:00.000+08:00,0.0,12.938140869140625,14.97265625,0.0,nan,387.6000061035156,0.0,0.0,1910.4000244140625,nan,nan,nan,65536.0,nan,nan,nan,65536.0,nan,nan,nan,65536.0
2026-09-09T05:29:00.000+08:00,0.0,12.940258026123047,15.048828125,0.0,nan,387.8999938964844,0.0,0.0,1910.4000244140625,nan,nan,nan,65536.0,nan,nan,nan,65536.0,nan,nan,nan,65536.0
2026-09-09T05:30:00.000+08:00,0.0,12.966537475585938,15.013916015625,0.0,nan,387.3999938964844,0.0,0.0,1910.4000244140625,nan,nan,nan,65536.0,nan,nan,nan,65536.0,nan,nan,nan,65536.0
2026-09-09T05:31:00.000+08:00,0.0,13.017169952392578,15.007080078125,0.0,nan,387.20001220703125,0.0,0.0,1910.4000244140625,nan,nan,nan,65536.0,nan,nan,nan,65536.0,nan,nan,nan,65536.0
2026-09-09T05:32:00.000+08:00,0.0,12.96234130859375,15.013916015625,0.0,nan,387.6000061035156,0.0,0.0,1910.4000244140625,nan,nan,nan,65536.0,nan,nan,nan,65536.0,nan,nan,nan,65536.0
2026-09-09T05:33:00.000+08:00,0.0,13.051815032958984,15.041748046875,0.0,nan,387.1000061035156,0.0,0.0,1910.4000244140625,nan,nan,nan,65536.0,nan,nan,nan,65536.0,nan,nan,nan,65536.0
2026-09-09T05:34:00.000+08:00,0.0,13.060188293457031,15.111328125,0.0,nan,387.5,0.0,0.0,1910.4000244140625,nan,nan,nan,65536.0,nan,nan,nan,65536.0,nan,nan,nan,65536.0
2026-09-09T05:35:00.000+08:00,0.0,13.04412841796875,15.041748046875,0.0,nan,386.6000061035156,0.0,0.0,1910.4000244140625,nan,nan,nan,65536.0,nan,nan,nan,65536.0,nan,nan,nan,65536.0
2026-09-09T05:36:00.000+08:00,0.0,13.060188293457031,15.076416015625,0.0,nan,386.3999938964844,0.0,0.0,1910.4000244140625,nan,nan,nan,65536.0,nan,nan,nan,65536.0,nan,nan,nan,65536.0
2026-09-09T05:37:00.000+08:00,0.0,13.014884948730469,15.1044921875,0.0,nan,386.3999938964844,0.0,0.0,1910.4000244140625,nan,nan,nan,65536.0,nan,nan,nan,65536.0,nan,nan,nan,65536.0
2026-09-09T05:38:00.000+08:00,0.0,13.033256530761719,15.083251953125,0.0,nan,386.79998779296875,0.0,0.0,1910.4000244140625,nan,nan,nan,65536.0,nan,nan,nan,65536.0,nan,nan,nan,65536.0
2026-09-09T05:39:00.000+08:00,0.0,13.112953186035156,15.111328125,0.0,nan,387.0,0.0,0.0,1910.4000244140625,nan,nan,nan,65536.0,nan,nan,nan,65536.0,nan,nan,nan,65536.0
2026-09-09T05:40:00.000+08:00,0.0,13.035114288330078,15.097412109375,0.0,nan,387.1000061035156,0.0,0.0,1910.4000244140625,nan,nan,nan,65536.0,nan,nan,nan,65536.0,nan,nan,nan,65536.0
2026-09-09T05:41:00.000+08:00,0.0,13.095756530761719,15.0625,0.0,nan,386.29998779296875,0.0,0.0,1910.4000244140625,nan,nan,nan,65536.0,nan,nan,nan,65536.0,nan,nan,nan,65536.0
2026-09-09T05:42:00.000+08:00,0.0,13.116912841796875,15.097412109375,0.0,nan,386.8999938964844,0.0,0.0,1910.4000244140625,nan,nan,nan,65536.0,nan,nan,nan,65536.0,nan,nan,nan,65536.0
2026-09-09T05:43:00.000+08:00,0.0,13.075569152832031,15.1669921875,0.0,nan,387.0,0.0,0.0,1910.4000244140625,nan,nan,nan,65536.0,nan,nan,nan,65536.0,nan,nan,nan,65536.0
2026-09-09T05:44:00.000+08:00,0.0,13.073699951171875,15.173828125,0.0,nan,386.79998779296875,0.0,0.0,1910.4000244140625,nan,nan,nan,65536.0,nan,nan,nan,65536.0,nan,nan,nan,65536.0
2026-09-09T05:45:00.000+08:00,0.0,13.16292953491211,15.166748046875,0.0,nan,386.3999938964844,0.0,0.0,1910.4000244140625,nan,nan,nan,65536.0,nan,nan,nan,65536.0,nan,nan,nan,65536.0
2026-09-09T05:46:00.000+08:00,0.0,13.076507568359375,15.145751953125,0.0,nan,386.6000061035156,0.0,0.0,1910.4000244140625,nan,nan,nan,65536.0,nan,nan,nan,65536.0,nan,nan,nan,65536.0
2026-09-09T05:47:00.000+08:00,0.0,13.148536682128906,15.138916015625,0.0,nan,386.3999938964844,0.0,0.0,1910.4000244140625,nan,nan,nan,65536.0,nan,nan,nan,65536.0,nan,nan,nan,65536.0
2026-09-09T05:48:00.000+08:00,0.0,13.159454345703125,15.1669921875,0.0,nan,386.70001220703125,0.0,0.0,1910.4000244140625,nan,nan,nan,65536.0,nan,nan,nan,65536.0,nan,nan,nan,65536.0
2026-09-09T05:49:00.000+08:00,0.0,13.145309448242188,15.236328125,0.0,nan,386.5,0.0,0.0,1910.4000244140625,nan,nan,nan,65536.0,nan,nan,nan,65536.0,nan,nan,nan,65536.0
2026-09-09T05:50:00.000+08:00,0.0,13.17525863647461,15.159912109375,0.0,nan,386.6000061035156,0.0,0.0,1910.4000244140625,nan,nan,nan,65536.0,nan,nan,nan,65536.0,nan,nan,nan,65536.0
2026-09-09T05:51:00.000+08:00,0.0,13.1771240234375,15.173828125,0.0,nan,386.5,0.0,0.0,1910.4000244140625,nan,nan,nan,65536.0,nan,nan,nan,65536.0,nan,nan,nan,65536.0
2026-09-09T05:52:00.000+08:00,0.0,13.200374603271484,15.208251953125,0.0,nan,386.3999938964844,0.0,0.0,1910.4000244140625,nan,nan,nan,65536.0,nan,nan,nan,65536.0,nan,nan,nan,65536.0
2026-09-09T05:53:00.000+08:00,0.0,13.128559112548828,15.229248046875,0.0,nan,386.3999938964844,0.0,0.0,1910.4000244140625,nan,nan,nan,65536.0,nan,nan,nan,65536.0,nan,nan,nan,65536.0
2026-09-09T05:54:00.000+08:00,0.0,13.218059539794922,15.2294921875,0.0,nan,386.0,0.0,0.0,1910.4000244140625,nan,nan,nan,65536.0,nan,nan,nan,65536.0,nan,nan,nan,65536.0
2026-09-09T05:55:00.000+08:00,0.0,13.235942840576172,15.229248046875,0.0,nan,386.5,0.0,0.0,1910.4000244140625,nan,nan,nan,65536.0,nan,nan,nan,65536.0,nan,nan,nan,65536.0
2026-09-09T05:56:00.000+08:00,0.0,13.236412048339844,15.2158203125,0.0,nan,386.70001220703125,0.0,0.0,1910.4000244140625,nan,nan,nan,65536.0,nan,nan,nan,65536.0,nan,nan,nan,65536.0
2026-09-09T05:57:00.000+08:00,0.0,13.24478530883789,15.236083984375,0.0,nan,386.70001220703125,0.0,0.0,1910.4000244140625,nan,nan,nan,65536.0,nan,nan,nan,65536.0,nan,nan,nan,65536.0
2026-09-09T05:58:00.000+08:00,0.0,13.259666442871094,15.201416015625,0.0,nan,386.6000061035156,0.0,0.0,1910.4000244140625,nan,nan,nan,65536.0,nan,nan,nan,65536.0,nan,nan,nan,65536.0
2026-09-09T05:59:00.000+08:00,0.0,13.27105712890625,15.3056640625,0.0,nan,386.6000061035156,0.0,0.0,1910.4000244140625,nan,nan,nan,65536.0,nan,nan,nan,65536.0,nan,nan,nan,65536.0
2026-09-09T06:00:00.000+08:00,0.0,13.267097473144531,15.25,0.0,nan,386.70001220703125,0.0,0.0,1910.4000244140625,nan,nan,nan,65536.0,nan,nan,nan,65536.0,nan,nan,nan,65536.0
2026-09-09T06:01:00.000+08:00,0.0,13.263137817382812,15.28515625,0.0,nan,386.6000061035156,0.0,0.0,1910.4000244140625,nan,nan,nan,65536.0,nan,nan,nan,65536.0,nan,nan,nan,65536.0
2026-09-09T06:02:00.000+08:00,0.0,13.284782409667969,15.298583984375,0.0,nan,386.0,0.0,0.0,1910.4000244140625,nan,nan,nan,65536.0,nan,nan,nan,65536.0,nan,nan,nan,65536.0
2026-09-09T06:03:00.000+08:00,0.0,13.366752624511719,15.257080078125,0.0,nan,386.20001220703125,0.0,0.0,1910.4000244140625,nan,nan,nan,65536.0,nan,nan,nan,65536.0,nan,nan,nan,65536.0
2026-09-09T06:04:00.000+08:00,0.0,13.31009292602539,15.263916015625,0.0,nan,386.1000061035156,0.0,0.0,1910.4000244140625,nan,nan,nan,65536.0,nan,nan,nan,65536.0,nan,nan,nan,65536.0
2026-09-09T06:05:00.000+08:00,0.0,13.321956634521484,15.319580078125,0.0,nan,386.20001220703125,0.0,0.0,1910.4000244140625,nan,nan,nan,65536.0,nan,nan,nan,65536.0,nan,nan,nan,65536.0
2026-09-09T06:06:00.000+08:00,0.0,13.364688873291016,15.25,0.0,nan,386.29998779296875,0.0,0.0,1910.4000244140625,nan,nan,nan,65536.0,nan,nan,nan,65536.0,nan,nan,nan,65536.0
2026-09-09T06:07:00.000+08:00,0.0,13.330799102783203,15.32666015625,0.0,nan,386.29998779296875,0.0,0.0,1910.4000244140625,nan,nan,nan,65536.0,nan,nan,nan,65536.0,nan,nan,nan,65536.0
2026-09-09T06:08:00.000+08:00,0.0,13.331283569335938,15.347412109375,0.0,nan,385.70001220703125,0.0,0.0,1910.4000244140625,nan,nan,nan,65536.0,nan,nan,nan,65536.0,nan,nan,nan,65536.0
2026-09-09T06:09:00.000+08:00,0.0,13.397727966308594,15.347412109375,0.0,nan,385.8999938964844,0.0,0.0,1910.4000244140625,nan,nan,nan,65536.0,nan,nan,nan,65536.0,nan,nan,nan,65536.0
2026-09-09T06:10:00.000+08:00,0.0,13.354988098144531,15.319580078125,0.0,nan,386.1000061035156,0.0,0.0,1910.4000244140625,nan,nan,nan,65536.0,nan,nan,nan,65536.0,nan,nan,nan,65536.0
2026-09-09T06:11:00.000+08:00,0.0,13.376815795898438,15.375,0.0,nan,386.20001220703125,0.0,0.0,1910.4000244140625,nan,nan,nan,65536.0,nan,nan,nan,65536.0,nan,nan,nan,65536.0
2026-09-09T06:12:00.000+08:00,0.0,13.377128601074219,15.395751953125,0.0,nan,386.0,0.0,0.0,1910.4000244140625,nan,nan,nan,65536.0,nan,nan,nan,65536.0,nan,nan,nan,65536.0
2026-09-09T06:13:00.000+08:00,0.0,13.376659393310547,15.423583984375,0.0,nan,386.1000061035156,0.0,0.0,1910.4000244140625,nan,nan,nan,65536.0,nan,nan,nan,65536.0,nan,nan,nan,65536.0
2026-09-09T06:14:00.000+08:00,0.0,13.43472671508789,15.423828125,0.0,nan,386.3999938964844,0.0,0.0,1910.4000244140625,nan,nan,nan,65536.0,nan,nan,nan,65536.0,nan,nan,nan,65536.0
2026-09-09T06:15:00.000+08:00,0.0,13.395954132080078,15.382080078125,0.0,nan,386.6000061035156,0.0,0.0,1910.4000244140625,nan,nan,nan,65536.0,nan,nan,nan,65536.0,nan,nan,nan,65536.0
2026-09-09T06:16:00.000+08:00,0.0,13.394989013671875,15.382080078125,0.0,nan,386.70001220703125,0.0,0.0,1910.4000244140625,nan,nan,nan,65536.0,nan,nan,nan,65536.0,nan,nan,nan,65536.0
2026-09-09T06:17:00.000+08:00,0.0,13.460983276367188,15.375,0.0,nan,386.5,0.0,0.0,1910.4000244140625,nan,nan,nan,65536.0,nan,nan,nan,65536.0,nan,nan,nan,65536.0
2026-09-09T06:18:00.000+08:00,0.0,13.439437866210938,15.41015625,0.0,nan,386.0,0.0,0.0,1910.4000244140625,nan,nan,nan,65536.0,nan,nan,nan,65536.0,nan,nan,nan,65536.0
2026-09-09T06:19:00.000+08:00,0.0,13.499561309814453,15.39599609375,0.0,nan,386.0,0.0,0.0,1910.4000244140625,nan,nan,nan,65536.0,nan,nan,nan,65536.0,nan,nan,nan,65536.0
2026-09-09T06:20:00.000+08:00,0.0,13.438968658447266,15.47265625,0.0,nan,385.6000061035156,0.0,0.0,1910.4000244140625,nan,nan,nan,65536.0,nan,nan,nan,65536.0,nan,nan,nan,65536.0
2026-09-09T06:21:00.000+08:00,0.0,13.44940185546875,15.4931640625,0.0,nan,386.0,0.0,0.0,1910.4000244140625,nan,nan,nan,65536.0,nan,nan,nan,65536.0,nan,nan,nan,65536.0
2026-09-09T06:22:00.000+08:00,0.0,13.49893569946289,15.4931640625,0.0,nan,385.79998779296875,0.0,0.0,1910.4000244140625,nan,nan,nan,65536.0,nan,nan,nan,65536.0,nan,nan,nan,65536.0
2026-09-09T06:23:00.000+08:00,0.0,13.46773910522461,15.4931640625,0.0,nan,385.79998779296875,0.0,0.0,1910.4000244140625,nan,nan,nan,65536.0,nan,nan,nan,65536.0,nan,nan,nan,65536.0
2026-09-09T06:24:00.000+08:00,0.0,13.448440551757812,15.451416015625,0.0,nan,386.0,0.0,0.0,1910.4000244140625,nan,nan,nan,65536.0,nan,nan,nan,65536.0,nan,nan,nan,65536.0
2026-09-09T06:25:00.000+08:00,0.0,13.535636901855469,15.45849609375,0.0,nan,385.79998779296875,0.0,0.0,1910.4000244140625,nan,nan,nan,65536.0,nan,nan,nan,65536.0,nan,nan,nan,65536.0
2026-09-09T06:26:00.000+08:00,0.0,13.53549575805664,15.458251953125,0.0,nan,385.70001220703125,0.0,0.0,1910.4000244140625,nan,nan,nan,65536.0,nan,nan,nan,65536.0,nan,nan,nan,65536.0
2026-09-09T06:27:00.000+08:00,0.0,13.550483703613281,15.486083984375,0.0,nan,385.6000061035156,0.0,0.0,1910.4000244140625,nan,nan,nan,65536.0,nan,nan,nan,65536.0,nan,nan,nan,65536.0
2026-09-09T06:28:00.000+08:00,0.0,13.543045043945312,15.4794921875,0.0,nan,386.0,0.0,0.0,1910.4000244140625,nan,nan,nan,65536.0,nan,nan,nan,65536.0,nan,nan,nan,65536.0
2026-09-09T06:29:00.000+08:00,0.0,13.57672119140625,15.5283203125,0.0,nan,385.8999938964844,0.0,0.0,1910.4000244140625,nan,nan,nan,65536.0,nan,nan,nan,65536.0,nan,nan,nan,65536.0
2026-09-09T06:30:00.000+08:00,0.0,13.501277923583984,15.444580078125,0.0,nan,385.8999938964844,0.0,0.0,1910.4000244140625,nan,nan,nan,65536.0,nan,nan,nan,65536.0,nan,nan,nan,65536.0
2026-09-09T06:31:00.000+08:00,0.0,13.50967025756836,15.5283203125,0.0,nan,385.6000061035156,0.0,0.0,1910.4000244140625,nan,nan,nan,65536.0,nan,nan,nan,65536.0,nan,nan,nan,65536.0
2026-09-09T06:32:00.000+08:00,0.0,13.596965789794922,15.513916015625,0.0,nan,386.0,0.0,0.0,1910.4000244140625,nan,nan,nan,65536.0,nan,nan,nan,65536.0,nan,nan,nan,65536.0
2026-09-09T06:33:00.000+08:00,0.0,13.597457885742188,15.53515625,0.0,nan,385.79998779296875,0.0,0.0,1910.4000244140625,nan,nan,nan,65536.0,nan,nan,nan,65536.0,nan,nan,nan,65536.0
2026-09-09T06:34:00.000+08:00,0.0,13.608829498291016,15.548828125,0.0,nan,386.20001220703125,0.0,0.0,1910.4000244140625,nan,nan,nan,65536.0,nan,nan,nan,65536.0,nan,nan,nan,65536.0
2026-09-09T06:35:00.000+08:00,0.0,13.617698669433594,15.5556640625,0.0,nan,386.70001220703125,0.0,0.0,1910.4000244140625,nan,nan,nan,65536.0,nan,nan,nan,65536.0,nan,nan,nan,65536.0
2026-09-09T06:36:00.000+08:00,0.0,13.574966430664062,15.576416015625,0.0,nan,386.29998779296875,0.0,0.0,1910.4000244140625,nan,nan,nan,65536.0,nan,nan,nan,65536.0,nan,nan,nan,65536.0
2026-09-09T06:37:00.000+08:00,0.0,13.650764465332031,15.569580078125,0.0,nan,386.3999938964844,0.0,0.0,1910.4000244140625,nan,nan,nan,65536.0,nan,nan,nan,65536.0,nan,nan,nan,65536.0
2026-09-09T06:38:00.000+08:00,0.0,13.640350341796875,15.59765625,0.0,nan,386.29998779296875,0.0,0.0,1910.4000244140625,nan,nan,nan,65536.0,nan,nan,nan,65536.0,nan,nan,nan,65536.0
2026-09-09T06:39:00.000+08:00,0.0,13.634956359863281,15.604248046875,0.0,nan,386.29998779296875,0.0,0.0,1910.4000244140625,nan,nan,nan,65536.0,nan,nan,nan,65536.0,nan,nan,nan,65536.0
2026-09-09T06:40:00.000+08:00,0.0,13.65029525756836,15.576416015625,0.0,nan,386.29998779296875,0.0,0.0,1910.4000244140625,nan,nan,nan,65536.0,nan,nan,nan,65536.0,nan,nan,nan,65536.0
2026-09-09T06:41:00.000+08:00,0.0,13.659629821777344,15.5625,0.0,nan,386.3999938964844,0.0,0.0,1910.4000244140625,nan,nan,nan,65536.0,nan,nan,nan,65536.0,nan,nan,nan,65536.0
2026-09-09T06:42:00.000+08:00,0.0,13.669082641601562,15.604248046875,0.0,nan,386.6000061035156,0.0,0.0,1910.4000244140625,nan,nan,nan,65536.0,nan,nan,nan,65536.0,nan,nan,nan,65536.0
2026-09-09T06:43:00.000+08:00,0.0,13.68191146850586,15.6044921875,0.0,nan,386.79998779296875,0.0,0.0,1910.4000244140625,nan,nan,nan,65536.0,nan,nan,nan,65536.0,nan,nan,nan,65536.0
2026-09-09T06:44:00.000+08:00,0.0,13.748374938964844,15.638916015625,0.0,nan,386.70001220703125,0.0,0.0,1910.4000244140625,nan,nan,nan,65536.0,nan,nan,nan,65536.0,nan,nan,nan,65536.0
2026-09-09T06:45:00.000+08:00,0.0,13.691364288330078,15.659912109375,0.0,nan,386.5,0.0,0.0,1910.4000244140625,nan,nan,nan,65536.0,nan,nan,nan,65536.0,nan,nan,nan,65536.0
2026-09-09T06:46:00.000+08:00,0.0,13.74692153930664,15.6669921875,0.0,nan,386.70001220703125,0.0,0.0,1910.4000244140625,nan,nan,nan,65536.0,nan,nan,nan,65536.0,nan,nan,nan,65536.0
2026-09-09T06:47:00.000+08:00,0.0,13.702644348144531,15.625,0.0,nan,386.6000061035156,0.0,0.0,1910.4000244140625,nan,nan,nan,65536.0,nan,nan,nan,65536.0,nan,nan,nan,65536.0
2026-09-09T06:48:00.000+08:00,0.0,13.708057403564453,15.666748046875,0.0,nan,386.5,0.0,0.0,1910.4000244140625,nan,nan,nan,65536.0,nan,nan,nan,65536.0,nan,nan,nan,65536.0
2026-09-09T06:49:00.000+08:00,0.0,13.71798324584961,15.6806640625,0.0,nan,386.1000061035156,0.0,0.0,1910.4000244140625,nan,nan,nan,65536.0,nan,nan,nan,65536.0,nan,nan,nan,65536.0
2026-09-09T06:50:00.000+08:00,0.0,13.739776611328125,15.625,0.0,nan,385.8999938964844,0.0,0.0,1910.4000244140625,nan,nan,nan,65536.0,nan,nan,nan,65536.0,nan,nan,nan,65536.0
2026-09-09T06:51:00.000+08:00,0.0,13.748172760009766,15.736083984375,0.0,nan,385.79998779296875,0.0,0.0,1910.4000244140625,nan,nan,nan,65536.0,nan,nan,nan,65536.0,nan,nan,nan,65536.0
2026-09-09T06:52:00.000+08:00,0.0,13.750579833984375,15.701416015625,0.0,nan,385.6000061035156,0.0,0.0,1910.4000244140625,nan,nan,nan,65536.0,nan,nan,nan,65536.0,nan,nan,nan,65536.0
2026-09-09T06:53:00.000+08:00,0.0,13.803234100341797,15.7431640625,0.0,nan,385.8999938964844,0.0,0.0,1910.4000244140625,nan,nan,nan,65536.0,nan,nan,nan,65536.0,nan,nan,nan,65536.0
2026-09-09T06:54:00.000+08:00,0.0,13.753562927246094,15.736328125,0.0,nan,385.8999938964844,0.0,0.0,1910.4000244140625,nan,nan,nan,65536.0,nan,nan,nan,65536.0,nan,nan,nan,65536.0
2026-09-09T06:55:00.000+08:00,0.0,13.775276184082031,15.729248046875,0.0,nan,385.3999938964844,0.0,0.0,1910.4000244140625,nan,nan,nan,65536.0,nan,nan,nan,65536.0,nan,nan,nan,65536.0
2026-09-09T06:56:00.000+08:00,0.0,13.852699279785156,15.7294921875,0.0,nan,385.79998779296875,0.0,0.0,1910.4000244140625,nan,nan,nan,65536.0,nan,nan,nan,65536.0,nan,nan,nan,65536.0
2026-09-09T06:57:00.000+08:00,0.0,13.863998413085938,15.736328125,0.0,nan,385.29998779296875,0.0,0.0,1910.4000244140625,nan,nan,nan,65536.0,nan,nan,nan,65536.0,nan,nan,nan,65536.0
2026-09-09T06:58:00.000+08:00,0.0,13.789161682128906,15.708251953125,0.0,nan,385.6000061035156,0.0,0.0,1910.4000244140625,nan,nan,nan,65536.0,nan,nan,nan,65536.0,nan,nan,nan,65536.0
2026-09-09T06:59:00.000+08:00,0.0,13.863037109375,15.708251953125,0.0,nan,385.20001220703125,0.0,0.0,1910.4000244140625,nan,nan,nan,65536.0,nan,nan,nan,65536.0,nan,nan,nan,65536.0
2026-09-09T07:00:00.000+08:00,0.0,13.819328308105469,15.8056640625,0.0,nan,385.0,0.0,0.0,1910.4000244140625,nan,nan,nan,65536.0,nan,nan,nan,65536.0,nan,nan,nan,65536.0
2026-09-09T07:01:00.000+08:00,0.0,13.828216552734375,15.791748046875,0.0,nan,385.20001220703125,6.039000034332275,3.4609999656677246,1910.5,nan,nan,nan,65536.0,nan,nan,nan,65536.0,nan,nan,nan,65536.0
2026-09-09T07:02:00.000+08:00,0.0,13.823287963867188,15.7919921875,0.0,nan,385.0,6.050000190734863,3.4609999656677246,1910.5,nan,nan,nan,65536.0,nan,nan,nan,65536.0,nan,nan,nan,65536.0
2026-09-09T07:03:00.000+08:00,0.0,13.852699279785156,15.826416015625,0.0, +inf,384.79998779296875,6.0370001792907715,3.4660000801086426,1910.5999755859375,nan,nan,nan,65536.0,nan,nan,nan,65536.0,nan,nan,nan,65536.0
2026-09-09T07:04:00.000+08:00,0.0,12.824673652648926,19.26416015625,0.0, +inf,384.79998779296875,6.072000026702881,3.4660000801086426,1910.5999755859375,nan,nan,nan,65536.0,nan,nan,nan,65536.0,nan,nan,nan,65536.0
2026-09-09T07:05:00.000+08:00,0.0,12.381627082824707,18.0,0.0, +inf,384.6000061035156,6.090000152587891,3.4830000400543213,1910.699951171875,nan,nan,nan,65536.0,nan,nan,nan,65536.0,nan,nan,nan,65536.0
2026-09-09T07:06:00.000+08:00,0.0,12.689294815063477,17.556640625,0.0, +inf,384.5,6.079999923706055,3.4809999465942383,1910.699951171875,nan,nan,nan,65536.0,nan,nan,nan,65536.0,nan,nan,nan,65536.0
2026-09-09T07:07:00.000+08:00,20.032413482666016,11.776786804199219,16.8056640625,2.24155330657959,1.5484797954559326,384.79998779296875,6.089000225067139,3.486999988555908,1910.800048828125,nan,nan,nan,65536.0,nan,nan,nan,65536.0,nan,nan,nan,65536.0
2026-09-09T07:08:00.000+08:00,123.50553894042969,10.665552139282227,16.19482421875,12.227470397949219,0.28485041856765747,384.79998779296875,6.111000061035156,3.493000030517578,1910.9000244140625,nan,nan,nan,65536.0,nan,nan,nan,65536.0,nan,nan,nan,65536.0
2026-09-09T07:09:00.000+08:00,129.69142150878906,10.80447769165039,15.7431640625,12.361814498901367,0.2824018895626068,384.3999938964844,6.1020002365112305,3.496999979019165,1910.9000244140625,nan,nan,nan,65536.0,nan,nan,nan,65536.0,nan,nan,nan,65536.0
2026-09-09T07:10:00.000+08:00,133.99169921875,10.525638580322266,15.770751953125,15.154738426208496,0.23048897087574005,385.0,6.105999946594238,3.507999897003174,1911.0,nan,nan,nan,65536.0,nan,nan,nan,65536.0,nan,nan,nan,65536.0
2026-09-09T07:11:00.000+08:00,135.7371063232422,10.071849822998047,15.6181640625,13.512567520141602,0.25953617691993713,384.79998779296875,6.131999969482422,3.515000104904175,1911.0,nan,nan,nan,65536.0,nan,nan,nan,65536.0,nan,nan,nan,65536.0
2026-09-09T07:12:00.000+08:00,152.92063903808594,9.923542022705078,15.291748046875,15.651637077331543,0.22355487942695618,384.70001220703125,6.125,3.51200008392334,1911.0999755859375,nan,nan,nan,65536.0,nan,nan,nan,65536.0,nan,nan,nan,65536.0
2026-09-09T07:13:00.000+08:00,154.62948608398438,9.984054565429688,15.132080078125,16.884960174560547,0.20924724638462067,385.20001220703125,6.114999771118164,3.5280001163482666,1911.199951171875,nan,nan,nan,65536.0,nan,nan,nan,65536.0,nan,nan,nan,65536.0
2026-09-09T07:14:00.000+08:00,158.77488708496094,9.999786376953125,15.111083984375,17.225872039794922,0.20405353605747223,385.29998779296875,6.129000186920166,3.5290000438690186,1911.199951171875,nan,nan,nan,65536.0,nan,nan,nan,65536.0,nan,nan,nan,65536.0
2026-09-09T07:15:00.000+08:00,173.78466796875,9.889968872070312,14.923828125,18.113121032714844,0.19422383606433868,385.0,6.125999927520752,3.5199999809265137,1911.300048828125,nan,nan,nan,65536.0,nan,nan,nan,65536.0,nan,nan,nan,65536.0
2026-09-09T07:16:00.000+08:00,182.99887084960938,9.814571380615234,14.78515625,18.597633361816406,0.18954025208950043,384.79998779296875,6.133999824523926,3.5299999713897705,1911.300048828125,nan,nan,nan,65536.0,nan,nan,nan,65536.0,nan,nan,nan,65536.0
2026-09-09T07:17:00.000+08:00,193.8979034423828,9.805248260498047,14.548583984375,19.254487991333008,0.1833338737487793,384.6000061035156,6.328999996185303,3.5280001163482666,1911.4000244140625,nan,nan,nan,65536.0,nan,nan,nan,65536.0,nan,nan,nan,65536.0
2026-09-09T07:18:00.000+08:00,207.99095153808594,9.780792236328125,14.486328125,20.575843811035156,0.17146319150924683,384.79998779296875,6.326000213623047,3.5320000648498535,1911.5,nan,nan,nan,65536.0,nan,nan,nan,65536.0,nan,nan,nan,65536.0
2026-09-09T07:19:00.000+08:00,217.4855194091797,9.759567260742188,14.319580078125,20.47995376586914,0.17246133089065552,385.5,6.14300012588501,3.5450000762939453,1911.5,nan,nan,nan,65536.0,nan,nan,nan,65536.0,nan,nan,nan,65536.0
2026-09-09T07:20:00.000+08:00,214.18490600585938,9.767749786376953,14.2294921875,19.960439682006836,0.1774008870124817,385.20001220703125,6.142000198364258,3.5320000648498535,1911.5999755859375,nan,nan,nan,65536.0,nan,nan,nan,65536.0,nan,nan,nan,65536.0
2026-09-09T07:21:00.000+08:00,230.10606384277344,9.801990509033203,14.0283203125,21.040950775146484,0.16867107152938843,385.5,6.1620001792907715,3.5510001182556152,1911.5999755859375,nan,nan,nan,65536.0,nan,nan,nan,65536.0,nan,nan,nan,65536.0
2026-09-09T07:22:00.000+08:00,235.0437774658203,9.826759338378906,14.020751953125,20.807592391967773,0.170322448015213,384.8999938964844,6.1519999504089355,3.5420000553131104,1911.699951171875,nan,nan,nan,65536.0,nan,nan,nan,65536.0,nan,nan,nan,65536.0
2026-09-09T07:23:00.000+08:00,250.3615264892578,9.812469482421875,13.923828125,21.622499465942383,0.16422708332538605,384.70001220703125,6.317999839782715,3.5439999103546143,1911.699951171875,nan,nan,nan,65536.0,nan,nan,nan,65536.0,nan,nan,nan,65536.0
2026-09-09T07:24:00.000+08:00,264.6040344238281,9.839454650878906,13.819580078125,22.31253433227539,0.15843112766742706,384.70001220703125,6.307000160217285,3.5339999198913574,1911.800048828125,nan,nan,nan,65536.0,nan,nan,nan,65536.0,nan,nan,nan,65536.0
2026-09-09T07:25:00.000+08:00,259.5691833496094,9.874122619628906,13.72265625,21.154714584350586,0.16714949905872345,384.70001220703125,6.318999767303467,3.5439999103546143,1911.9000244140625,nan,nan,nan,65536.0,nan,nan,nan,65536.0,nan,nan,nan,65536.0
2026-09-09T07:26:00.000+08:00,273.3153076171875,9.839553833007812,13.66015625,22.117712020874023,0.16018836200237274,384.8999938964844,6.348999977111816,3.553999900817871,1911.9000244140625,nan,nan,nan,65536.0,nan,nan,nan,65536.0,nan,nan,nan,65536.0
2026-09-09T07:27:00.000+08:00,285.6344909667969,9.892173767089844,13.6044921875,22.450897216796875,0.1579892337322235,384.79998779296875,6.341000080108643,3.558000087738037,1912.0,nan,nan,nan,65536.0,nan,nan,nan,65536.0,nan,nan,nan,65536.0
2026-09-09T07:28:00.000+08:00,288.40087890625,9.895519256591797,13.59033203125,21.93701171875,0.16214604675769806,384.6000061035156,6.3520002365112305,3.559000015258789,1912.0,nan,nan,nan,65536.0,nan,nan,nan,65536.0,nan,nan,nan,65536.0
2026-09-09T07:29:00.000+08:00,303.7458190917969,9.819812774658203,13.5556640625,22.27666664123535,0.15949423611164093,385.0,6.339000225067139,3.5490000247955322,1912.0999755859375,nan,nan,nan,65536.0,nan,nan,nan,65536.0,nan,nan,nan,65536.0
2026-09-09T07:30:00.000+08:00,303.4170227050781,9.71963882446289,13.298583984375,22.397254943847656,0.15868015587329865,384.70001220703125,6.335000038146973,3.555999994277954,1912.199951171875,nan,nan,nan,65536.0,nan,nan,nan,65536.0,nan,nan,nan,65536.0
2026-09-09T07:31:00.000+08:00,312.1762390136719,9.651790618896484,13.201416015625,22.881011962890625,0.15510676801204681,384.8999938964844,6.355999946594238,3.563999891281128,1912.199951171875,nan,nan,nan,65536.0,nan,nan,nan,65536.0,nan,nan,nan,65536.0
2026-09-09T07:32:00.000+08:00,324.57122802734375,9.696842193603516,13.201416015625,22.89811897277832,0.15560229122638702,384.8999938964844,6.363999843597412,3.565999984741211,1912.300048828125,nan,nan,nan,65536.0,nan,nan,nan,65536.0,nan,nan,nan,65536.0
2026-09-09T07:33:00.000+08:00,324.27264404296875,9.626129150390625,13.16015625,22.85938262939453,0.15542851388454437,384.8999938964844,6.355999946594238,3.556999921798706,1912.300048828125,nan,nan,nan,65536.0,nan,nan,nan,65536.0,nan,nan,nan,65536.0
2026-09-09T07:34:00.000+08:00,325.3385314941406,9.675678253173828,13.03515625,22.461267471313477,0.15818341076374054,385.0,6.343999862670898,3.562999963760376,1912.4000244140625,nan,nan,nan,65536.0,nan,nan,nan,65536.0,nan,nan,nan,65536.0
2026-09-09T07:35:00.000+08:00,336.2341613769531,9.674949645996094,12.9931640625,22.899330139160156,0.1556377410888672,385.1000061035156,6.355000019073486,3.562000036239624,1912.5,nan,nan,nan,65536.0,nan,nan,nan,65536.0,nan,nan,nan,65536.0
2026-09-09T07:36:00.000+08:00,357.1764221191406,9.658740997314453,12.95166015625,23.80712127685547,0.1493670642375946,384.6000061035156,6.3420000076293945,3.553999900817871,1912.5,nan,nan,nan,65536.0,nan,nan,nan,65536.0,nan,nan,nan,65536.0
2026-09-09T07:37:00.000+08:00,349.06964111328125,9.733512878417969,12.9375,22.796436309814453,0.15603315830230713,384.3999938964844,6.1620001792907715,3.549999952316284,1912.5999755859375,nan,nan,nan,65536.0,nan,nan,nan,65536.0,nan,nan,nan,65536.0
2026-09-09T07:38:00.000+08:00,358.00958251953125,9.671871185302734,12.909912109375,23.045406341552734,0.1549549698829651,384.70001220703125,6.172999858856201,3.5490000247955322,1912.5999755859375,nan,nan,nan,65536.0,nan,nan,nan,65536.0,nan,nan,nan,65536.0
2026-09-09T07:39:00.000+08:00,351.5693664550781,9.658893585205078,12.8125,22.829538345336914,0.15532508492469788,384.79998779296875,6.173999786376953,3.549999952316284,1912.699951171875,nan,nan,nan,65536.0,nan,nan,nan,65536.0,nan,nan,nan,65536.0
2026-09-09T07:40:00.000+08:00,367.79144287109375,9.607555389404297,12.757080078125,23.679275512695312,0.150004580616951,384.20001220703125,6.178999900817871,3.5490000247955322,1912.800048828125,nan,nan,nan,65536.0,nan,nan,nan,65536.0,nan,nan,nan,65536.0
2026-09-09T07:41:00.000+08:00,373.8634948730469,9.607246398925781,12.722412109375,23.445777893066406,0.15175440907478333,383.6000061035156,6.1529998779296875,3.5269999504089355,1912.800048828125,nan,nan,nan,65536.0,nan,nan,nan,65536.0,nan,nan,nan,65536.0
2026-09-09T07:42:00.000+08:00,367.780517578125,9.562923431396484,12.798828125,23.134004592895508,0.1535402089357376,383.8999938964844,6.173999786376953,3.5409998893737793,1912.9000244140625,nan,nan,nan,65536.0,nan,nan,nan,65536.0,nan,nan,nan,65536.0
2026-09-09T07:43:00.000+08:00,365.844482421875,9.510772705078125,12.71533203125,23.478248596191406,0.15030933916568756,384.0,6.192999839782715,3.549999952316284,1912.9000244140625,nan,nan,nan,65536.0,nan,nan,nan,65536.0,nan,nan,nan,65536.0
2026-09-09T07:44:00.000+08:00,369.4786071777344,9.513145446777344,12.694580078125,22.296600341796875,0.15876859426498413,384.0,6.190999984741211,3.5420000553131104,1913.0,509.765625,1.990625023841858,1.019193410873413,2659.0,509.765625,1.990625023841858,1.019193410873413,2659.0,509.765625,1.990625023841858,1.019193410873413,2659.0
2026-09-09T07:45:00.000+08:00,371.5196533203125,9.620475769042969,12.6181640625,23.30160140991211,0.15196380019187927,383.79998779296875,6.166999816894531,3.5360000133514404,1913.0,509.765625,1.990625023841858,1.0206738710403442,2659.0,509.765625,1.990625023841858,1.0206738710403442,2659.0,509.765625,1.990625023841858,1.0206738710403442,2659.0
2026-09-09T07:46:00.000+08:00,376.5186767578125,9.535446166992188,12.59765625,23.592512130737305,0.15047146379947662,383.29998779296875,6.1570000648498535,3.5309998989105225,1913.0999755859375,509.765625,1.990625023841858,1.0206738710403442,2659.0,509.765625,1.990625023841858,1.0206738710403442,2659.0,509.765625,1.990625023841858,1.0206738710403442,2659.0
2026-09-09T07:47:00.000+08:00,389.33038330078125,9.554428100585938,12.59765625,23.90232276916504,0.14806093275547028,384.0,6.178999900817871,3.5439999103546143,1913.199951171875,509.765625,1.990625023841858,1.0224233865737915,2659.0,509.765625,1.990625023841858,1.0224233865737915,2659.0,509.765625,1.990625023841858,1.0224233865737915,2659.0
2026-09-09T07:48:00.000+08:00,400.1959533691406,9.511760711669922,12.611328125,24.104503631591797,0.14632119238376617,383.79998779296875,6.176000118255615,3.5399999618530273,1913.199951171875,509.765625,1.990625023841858,1.0232309103012085,2659.0,509.765625,1.990625023841858,1.0232309103012085,2659.0,509.765625,1.990625023841858,1.0232309103012085,2659.0
2026-09-09T07:49:00.000+08:00,382.84259033203125,9.556900024414062,12.507080078125,23.25345230102539,0.1519344300031662,383.8999938964844,6.179999828338623,3.5439999103546143,1913.300048828125,509.765625,1.990625023841858,1.0218850374221802,2659.0,509.765625,1.990625023841858,1.0218850374221802,2659.0,509.765625,1.990625023841858,1.0218850374221802,2659.0
2026-09-09T07:50:00.000+08:00,382.43475341796875,9.60245132446289,12.534912109375,22.91806411743164,0.15459421277046204,384.3999938964844,6.182000160217285,3.5399999618530273,1913.300048828125,509.765625,1.990625023841858,1.0290179252624512,2659.0,509.765625,1.990625023841858,1.0290179252624512,2659.0,509.765625,1.990625023841858,1.0290179252624512,2659.0
2026-09-09T07:51:00.000+08:00,390.1602478027344,9.58889389038086,12.604248046875,23.24131965637207,0.1525730937719345,384.6000061035156,6.156000137329102,3.5510001182556152,1913.4000244140625,509.765625,1.990625023841858,1.0286141633987427,2659.0,509.765625,1.990625023841858,1.0286141633987427,2659.0,509.765625,1.990625023841858,1.0286141633987427,2659.0
2026-09-09T07:52:00.000+08:00,398.8529052734375,9.712715148925781,12.5908203125,23.61977767944336,0.15012842416763306,384.79998779296875,6.176000118255615,3.555000066757202,1913.5,513.28125,1.990625023841858,1.0352087020874023,2659.0,513.28125,1.990625023841858,1.0352087020874023,2659.0,513.28125,1.990625023841858,1.0352087020874023,2659.0
2026-09-09T07:53:00.000+08:00,367.2196044921875,9.722862243652344,12.666748046875,22.07442283630371,0.16063840687274933,384.3999938964844,6.1579999923706055,3.5329999923706055,1913.5,509.765625,1.990625023841858,1.031844139099121,2659.0,509.765625,1.990625023841858,1.031844139099121,2659.0,509.765625,1.990625023841858,1.031844139099121,2659.0
2026-09-09T07:54:00.000+08:00,400.09051513671875,9.72208023071289,12.666748046875,23.018442153930664,0.15426760911941528,384.5,6.229000091552734,3.5460000038146973,1913.5999755859375,509.765625,1.990625023841858,1.0286141633987427,2659.0,509.765625,1.990625023841858,1.0286141633987427,2659.0,509.765625,1.990625023841858,1.0286141633987427,2659.0
2026-09-09T07:55:00.000+08:00,371.57904052734375,9.841926574707031,12.6806640625,21.889163970947266,0.16190659999847412,384.0,6.14300012588501,3.5390000343322754,1913.5999755859375,509.765625,1.990625023841858,1.0304983854293823,2659.0,509.765625,1.990625023841858,1.0304983854293823,2659.0,509.765625,1.990625023841858,1.0304983854293823,2659.0
2026-09-09T07:56:00.000+08:00,386.9488220214844,9.998836517333984,12.7294921875,22.492443084716797,0.15774187445640564,383.79998779296875,6.335000038146973,3.5260000228881836,1913.699951171875,509.765625,1.990625023841858,1.0267300605773926,2659.0,509.765625,1.990625023841858,1.0267300605773926,2659.0,509.765625,1.990625023841858,1.0267300605773926,2659.0
2026-09-09T07:57:00.000+08:00,382.472412109375,9.957283020019531,12.798828125,21.901124954223633,0.1613159030675888,384.29998779296875,6.151000022888184,3.5480000972747803,1913.800048828125,509.765625,1.990625023841858,1.034670352935791,2659.0,509.765625,1.990625023841858,1.034670352935791,2659.0,509.765625,1.990625023841858,1.034670352935791,2659.0
2026-09-09T07:58:00.000+08:00,381.6241149902344,9.897602081298828,12.722412109375,21.072612762451172,0.16765838861465454,383.8999938964844,6.144000053405762,3.5369999408721924,1913.800048828125,509.765625,1.990625023841858,1.0252496004104614,2659.0,509.765625,1.990625023841858,1.0252496004104614,2659.0,509.765625,1.990625023841858,1.0252496004104614,2659.0
2026-09-09T07:59:00.000+08:00,395.2854919433594,9.827293395996094,12.6669921875,21.67124366760254,0.16376540064811707,383.79998779296875,6.146999835968018,3.5339999198913574,1913.9000244140625,509.765625,1.990625023841858,1.0321133136749268,2659.0,509.765625,1.990625023841858,1.0321133136749268,2659.0,509.765625,1.990625023841858,1.0321133136749268,2659.0
2026-09-09T08:00:00.000+08:00,396.0547180175781,9.84951400756836,12.569580078125,21.90478515625,0.16128896176815033,384.1000061035156,6.1620001792907715,3.5399999618530273,1913.9000244140625,509.765625,1.990625023841858,1.0337283611297607,2659.0,509.765625,1.990625023841858,1.0337283611297607,2659.0,509.765625,1.990625023841858,1.0337283611297607,2659.0
2026-09-09T08:01:00.000+08:00,404.34088134765625,9.819908142089844,12.583251953125,22.77986717224121,0.1553564816713333,383.1000061035156,6.142000198364258,3.5230000019073486,1914.0,509.765625,1.990625023841858,1.0303637981414795,2659.0,509.765625,1.990625023841858,1.0303637981414795,2659.0,509.765625,1.990625023841858,1.0303637981414795,2659.0
2026-09-09T08:02:00.000+08:00,415.130615234375,9.818363189697266,12.597412109375,22.46401023864746,0.15776346623897552,382.3999938964844,6.123000144958496,3.509000062942505,1914.0999755859375,509.765625,1.990625023841858,1.0265954732894897,2659.0,509.765625,1.990625023841858,1.0265954732894897,2659.0,509.765625,1.990625023841858,1.0265954732894897,2659.0
2026-09-09T08:03:00.000+08:00,397.2015075683594,9.752685546875,12.569580078125,21.34980583190918,0.16515372693538666,382.6000061035156,6.1020002365112305,3.50600004196167,1914.0999755859375,509.765625,1.990625023841858,1.031844139099121,2659.0,509.765625,1.990625023841858,1.031844139099121,2659.0,509.765625,1.990625023841858,1.031844139099121,2659.0
2026-09-09T08:04:00.000+08:00,408.6571044921875,9.801704406738281,12.534912109375,22.25614356994629,0.15775419771671295,382.70001220703125,6.140999794006348,3.5169999599456787,1914.199951171875,509.765625,1.990625023841858,1.0310367345809937,2659.0,509.765625,1.990625023841858,1.0310367345809937,2659.0,509.765625,1.990625023841858,1.0310367345809937,2659.0
2026-09-09T08:05:00.000+08:00,405.1941223144531,9.772907257080078,12.5556640625,21.737703323364258,0.16170060634613037,382.1000061035156,6.11299991607666,3.5,1914.199951171875,509.765625,1.990625023841858,1.027268409729004,2659.0,509.765625,1.990625023841858,1.027268409729004,2659.0,509.765625,1.990625023841858,1.027268409729004,2659.0
2026-09-09T08:06:00.000+08:00,402.37542724609375,9.883586883544922,12.569580078125,22.89301109313965,0.1536276638507843,382.6000061035156,6.146999835968018,3.5190000534057617,1914.300048828125,509.765625,1.990625023841858,1.0298254489898682,2659.0,509.765625,1.990625023841858,1.0298254489898682,2659.0,509.765625,1.990625023841858,1.0298254489898682,2659.0
2026-09-09T08:07:00.000+08:00,402.5398864746094,9.893871307373047,12.604248046875,22.282506942749023,0.15756754577159882,382.6000061035156,6.11299991607666,3.509000062942505,1914.300048828125,509.765625,1.990625023841858,1.032651662826538,2659.0,509.765625,1.990625023841858,1.032651662826538,2659.0,509.765625,1.990625023841858,1.032651662826538,2659.0
2026-09-09T08:08:00.000+08:00,412.05377197265625,9.91802978515625,12.5,21.957504272460938,0.16003639996051788,382.3999938964844,6.124000072479248,3.510999917984009,1914.4000244140625,509.765625,1.990625023841858,1.0282104015350342,2659.0,509.765625,1.990625023841858,1.0282104015350342,2659.0,509.765625,1.990625023841858,1.0282104015350342,2659.0
2026-09-09T08:09:00.000+08:00,415.91937255859375,9.891250610351562,12.548583984375,22.427677154541016,0.15650305151939392,382.0,6.111999988555908,3.496000051498413,1914.5,509.765625,1.990625023841858,1.024442195892334,2659.0,509.765625,1.990625023841858,1.024442195892334,2659.0,509.765625,1.990625023841858,1.024442195892334,2659.0
2026-09-09T08:10:00.000+08:00,406.9246826171875,9.932376861572266,12.4931640625,21.244585037231445,0.16531270742416382,382.29998779296875,6.111000061035156,3.50600004196167,1914.5,509.765625,1.990625023841858,1.024442195892334,2659.0,509.765625,1.990625023841858,1.024442195892334,2659.0,509.765625,1.990625023841858,1.024442195892334,2659.0
2026-09-09T08:11:00.000+08:00,420.41998291015625,9.82712173461914,12.541748046875,22.168231964111328,0.1577482670545578,381.79998779296875,6.13100004196167,3.496999979019165,1914.5999755859375,506.25,1.990625023841858,1.0240384340286255,2659.0,506.25,1.990625023841858,1.0240384340286255,2659.0,506.25,1.990625023841858,1.0240384340286255,2659.0
2026-09-09T08:12:00.000+08:00,408.500732421875,9.835018157958984,12.53515625,21.259557723999023,0.16477295756340027,382.29998779296875,6.125,3.509000062942505,1914.5999755859375,509.765625,1.990625023841858,1.0284795761108398,2659.0,509.765625,1.990625023841858,1.0284795761108398,2659.0,509.765625,1.990625023841858,1.0284795761108398,2659.0
2026-09-09T08:13:00.000+08:00,407.1023864746094,9.870735168457031,12.4931640625,21.17424201965332,0.16567298769950867,382.5,6.136000156402588,3.509000062942505,1914.699951171875,509.765625,1.990625023841858,1.0269992351531982,2659.0,509.765625,1.990625023841858,1.0269992351531982,2659.0,509.765625,1.990625023841858,1.0269992351531982,2659.0
2026-09-09T08:14:00.000+08:00,422.1458435058594,9.826812744140625,12.444580078125,22.641019821166992,0.15511667728424072,382.5,6.139999866485596,3.509000062942505,1914.800048828125,509.765625,1.990625023841858,1.0260571241378784,2659.0,509.765625,1.990625023841858,1.0260571241378784,2659.0,509.765625,1.990625023841858,1.0260571241378784,2659.0
2026-09-09T08:15:00.000+08:00,412.32977294921875,9.852909088134766,12.451416015625,22.41250228881836,0.15616284310817719,383.1000061035156,6.13700008392334,3.5230000019073486,1914.800048828125,509.765625,1.990625023841858,1.0323824882507324,2659.0,509.765625,1.990625023841858,1.0323824882507324,2659.0,509.765625,1.990625023841858,1.0323824882507324,2659.0
2026-09-09T08:16:00.000+08:00,415.845947265625,9.899223327636719,12.444580078125,21.740306854248047,0.1613132655620575,382.70001220703125,6.135000228881836,3.5199999809265137,1914.9000244140625,509.765625,1.990625023841858,1.0339975357055664,2659.0,509.765625,1.990625023841858,1.0339975357055664,2659.0,509.765625,1.990625023841858,1.0339975357055664,2659.0
2026-09-09T08:17:00.000+08:00,422.55633544921875,9.871402740478516,12.444580078125,21.685810089111328,0.1624564677476883,383.5,6.156000137329102,3.5369999408721924,1914.9000244140625,509.765625,1.990625023841858,1.0377658605575562,2659.0,509.765625,1.990625023841858,1.0377658605575562,2659.0,509.765625,1.990625023841858,1.0377658605575562,2659.0
2026-09-09T08:18:00.000+08:00,425.0300598144531,9.888530731201172,12.479248046875,21.46529769897461,0.16412538290023804,382.8999938964844,6.125999927520752,3.5169999599456787,1915.0,509.765625,1.990625023841858,1.0315749645233154,2659.0,509.765625,1.990625023841858,1.0315749645233154,2659.0,509.765625,1.990625023841858,1.0315749645233154,2659.0
2026-09-09T08:19:00.000+08:00,430.3078918457031,9.813804626464844,12.486328125,21.381855010986328,0.1647191047668457,383.1000061035156,6.140999794006348,3.5269999504089355,1915.0,509.765625,1.990625023841858,1.034401297569275,2659.0,509.765625,1.990625023841858,1.034401297569275,2659.0,509.765625,1.990625023841858,1.034401297569275,2659.0
2026-09-09T08:20:00.000+08:00,424.92010498046875,9.868099212646484,12.34033203125,21.95078468322754,0.16058650612831116,382.70001220703125,6.109000205993652,3.5139999389648438,1915.0999755859375,509.765625,1.990625023841858,1.0339975357055664,2659.0,509.765625,1.990625023841858,1.0339975357055664,2659.0,509.765625,1.990625023841858,1.0339975357055664,2659.0
2026-09-09T08:21:00.000+08:00,437.11968994140625,9.863765716552734,12.34765625,23.15660858154297,0.1526561975479126,382.29998779296875,6.135000228881836,3.515000104904175,1915.199951171875,509.765625,1.990625023841858,1.0348049402236938,2659.0,509.765625,1.990625023841858,1.0348049402236938,2659.0,509.765625,1.990625023841858,1.0348049402236938,2659.0
2026-09-09T08:22:00.000+08:00,439.6278991699219,9.85305404663086,12.354248046875,21.342679977416992,0.16450604796409607,382.79998779296875,6.119999885559082,3.5169999599456787,1915.199951171875,509.765625,1.990625023841858,1.032786250114441,2659.0,509.765625,1.990625023841858,1.032786250114441,2659.0,509.765625,1.990625023841858,1.032786250114441,2659.0
2026-09-09T08:23:00.000+08:00,438.9103088378906,9.872032165527344,12.34765625,21.830766677856445,0.16096548736095428,382.3999938964844,6.139999866485596,3.5199999809265137,1915.300048828125,509.765625,1.990625023841858,1.0282104015350342,2659.0,509.765625,1.990625023841858,1.0282104015350342,2659.0,509.765625,1.990625023841858,1.0282104015350342,2659.0
2026-09-09T08:24:00.000+08:00,430.7402648925781,9.872428894042969,12.347412109375,21.476985931396484,0.16417573392391205,382.70001220703125,6.125999927520752,3.51200008392334,1915.300048828125,509.765625,1.990625023841858,1.032651662826538,2659.0,509.765625,1.990625023841858,1.032651662826538,2659.0,509.765625,1.990625023841858,1.032651662826538,2659.0
2026-09-09T08:25:00.000+08:00,443.87799072265625,9.832870483398438,12.38916015625,21.838342666625977,0.16090965270996094,382.5,6.140999794006348,3.5160000324249268,1915.4000244140625,509.765625,1.990625023841858,1.0282104015350342,2659.0,509.765625,1.990625023841858,1.0282104015350342,2659.0,509.765625,1.990625023841858,1.0282104015350342,2659.0
2026-09-09T08:26:00.000+08:00,432.7641906738281,9.82571792602539,12.39599609375,22.083477020263672,0.1592140644788742,382.70001220703125,6.126999855041504,3.5209999084472656,1915.5,509.765625,1.990625023841858,1.0294216871261597,2659.0,509.765625,1.990625023841858,1.0294216871261597,2659.0,509.765625,1.990625023841858,1.0294216871261597,2659.0
2026-09-09T08:27:00.000+08:00,423.37109375,9.839996337890625,12.4306640625,21.544586181640625,0.1632428616285324,382.3999938964844,6.13700008392334,3.5179998874664307,1915.5,509.765625,1.990625023841858,1.032651662826538,2659.0,509.765625,1.990625023841858,1.032651662826538,2659.0,509.765625,1.990625023841858,1.032651662826538,2659.0
2026-09-09T08:28:00.000+08:00,418.8656921386719,9.837200164794922,12.416748046875,20.768688201904297,0.16938960552215576,382.20001220703125,6.132999897003174,3.5160000324249268,1915.5999755859375,509.765625,1.990625023841858,1.034670352935791,2659.0,509.765625,1.990625023841858,1.034670352935791,2659.0,509.765625,1.990625023841858,1.034670352935791,2659.0
2026-09-09T08:29:00.000+08:00,436.5733642578125,9.85451889038086,12.41015625,22.287338256835938,0.15784747898578644,382.0,6.126999855041504,3.50600004196167,1915.5999755859375,509.765625,1.990625023841858,1.0314403772354126,2659.0,509.765625,1.990625023841858,1.0314403772354126,2659.0,509.765625,1.990625023841858,1.0314403772354126,2659.0
2026-09-09T08:30:00.000+08:00,423.7098083496094,9.837959289550781,12.4306640625,21.833070755004883,0.16122332215309143,382.29998779296875,6.15500020980835,3.50600004196167,1915.699951171875,509.765625,1.990625023841858,1.0260571241378784,2659.0,509.765625,1.990625023841858,1.0260571241378784,2659.0,509.765625,1.990625023841858,1.0260571241378784,2659.0
2026-09-09T08:31:00.000+08:00,430.9224853515625,9.8494873046875,12.347412109375,21.18903923034668,0.16532132029533386,382.20001220703125,6.140999794006348,3.506999969482422,1915.699951171875,509.765625,1.990625023841858,1.0284795761108398,2659.0,509.765625,1.990625023841858,1.0284795761108398,2659.0,509.765625,1.990625023841858,1.0284795761108398,2659.0
2026-09-09T08:32:00.000+08:00,426.3423767089844,9.871288299560547,12.3681640625,21.35735321044922,0.1641589254140854,382.20001220703125,6.177999973297119,3.510999917984009,1915.800048828125,509.765625,1.990625023841858,1.0322479009628296,2659.0,509.765625,1.990625023841858,1.0322479009628296,2659.0,509.765625,1.990625023841858,1.0322479009628296,2659.0
2026-09-09T08:33:00.000+08:00,420.8058776855469,9.838394165039062,12.3125,20.69586181640625,0.1698407232761383,382.3999938964844,6.120999813079834,3.509000062942505,1915.9000244140625,509.765625,1.990625023841858,1.023634672164917,2659.0,509.765625,1.990625023841858,1.023634672164917,2659.0,509.765625,1.990625023841858,1.023634672164917,2659.0
2026-09-09T08:34:00.000+08:00,423.3769836425781,9.857009887695312,12.3681640625,20.669265747070312,0.16967220604419708,382.3999938964844,6.1579999923706055,3.5139999389648438,1915.9000244140625,509.765625,1.990625023841858,1.0298254489898682,2659.0,509.765625,1.990625023841858,1.0298254489898682,2659.0,509.765625,1.990625023841858,1.0298254489898682,2659.0
2026-09-09T08:35:00.000+08:00,412.7980651855469,9.849876403808594,12.3125,20.198732376098633,0.17397132515907288,382.1000061035156,6.13100004196167,3.505000114440918,1916.0,509.765625,1.990625023841858,1.0268646478652954,2659.0,509.765625,1.990625023841858,1.0268646478652954,2659.0,509.765625,1.990625023841858,1.0268646478652954,2659.0
2026-09-09T08:36:00.000+08:00,427.599853515625,9.828971862792969,12.333251953125,21.2133731842041,0.16536737978458405,382.20001220703125,6.135000228881836,3.500999927520752,1916.0,509.765625,1.990625023841858,1.02565336227417,2659.0,509.765625,1.990625023841858,1.02565336227417,2659.0,509.765625,1.990625023841858,1.02565336227417,2659.0
2026-09-09T08:37:00.000+08:00,410.4691162109375,9.863826751708984,12.270751953125,20.14339828491211,0.17405205965042114,382.1000061035156,6.13700008392334,3.503000020980835,1916.0999755859375,509.765625,1.990625023841858,1.0280758142471313,2659.0,509.765625,1.990625023841858,1.0280758142471313,2659.0,509.765625,1.990625023841858,1.0280758142471313,2659.0
2026-09-09T08:38:00.000+08:00,426.47088623046875,9.814319610595703,12.361083984375,21.101781845092773,0.1661471128463745,382.1000061035156,6.144999980926514,3.505000114440918,1916.199951171875,506.25,1.990625023841858,1.0222887992858887,2659.0,506.25,1.990625023841858,1.0222887992858887,2659.0,506.25,1.990625023841858,1.0222887992858887,2659.0
2026-09-09T08:39:00.000+08:00,438.1963806152344,9.834831237792969,12.3125,20.7363224029541,0.168785959482193,381.70001220703125,6.138999938964844,3.499000072479248,1916.199951171875,506.25,1.990625023841858,1.0235000848770142,2659.0,506.25,1.990625023841858,1.0235000848770142,2659.0,506.25,1.990625023841858,1.0235000848770142,2659.0
2026-09-09T08:40:00.000+08:00,429.7606201171875,9.837635040283203,12.354248046875,21.752702713012695,0.1611294001340866,381.29998779296875,6.131999969482422,3.490999937057495,1916.300048828125,506.25,1.990625023841858,1.0218850374221802,2659.0,506.25,1.990625023841858,1.0218850374221802,2659.0,506.25,1.990625023841858,1.0218850374221802,2659.0
2026-09-09T08:41:00.000+08:00,431.3604431152344,9.862476348876953,12.3681640625,21.389163970947266,0.16358749568462372,382.0,6.146999835968018,3.503999948501587,1916.300048828125,506.25,1.990625023841858,1.027268409729004,2660.0,506.25,1.990625023841858,1.027268409729004,2660.0,506.25,1.990625023841858,1.027268409729004,2660.0
2026-09-09T08:42:00.000+08:00,417.39434814453125,9.832168579101562,12.361328125,20.55916404724121,0.1697053462266922,382.3999938964844,6.136000156402588,3.507999897003174,1916.4000244140625,506.25,2.0289063453674316,1.0349395275115967,2660.0,506.25,2.0289063453674316,1.0349395275115967,2660.0,506.25,2.0289063453674316,1.0349395275115967,2660.0
2026-09-09T08:43:00.000+08:00,415.34521484375,9.832931518554688,12.34765625,20.602935791015625,0.1700243204832077,382.20001220703125,6.150000095367432,3.507999897003174,1916.5,506.25,1.990625023841858,1.026460886001587,2660.0,506.25,1.990625023841858,1.026460886001587,2660.0,506.25,1.990625023841858,1.026460886001587,2660.0
2026-09-09T08:44:00.000+08:00,421.5511169433594,9.820701599121094,12.361083984375,20.971683502197266,0.16703474521636963,382.20001220703125,6.13100004196167,3.500999927520752,1916.5,509.765625,1.990625023841858,1.0260571241378784,2660.0,509.765625,1.990625023841858,1.0260571241378784,2660.0,509.765625,1.990625023841858,1.0260571241378784,2660.0
2026-09-09T08:45:00.000+08:00,411.8907470703125,9.833694458007812,12.3544921875,20.328170776367188,0.17242082953453064,382.79998779296875,6.146999835968018,3.5169999599456787,1916.5999755859375,509.765625,1.990625023841858,1.0269992351531982,2660.0,509.765625,1.990625023841858,1.0269992351531982,2660.0,509.765625,1.990625023841858,1.0269992351531982,2660.0
2026-09-09T08:46:00.000+08:00,415.10211181640625,9.83087158203125,12.347412109375,20.919857025146484,0.16759197413921356,382.6000061035156,6.136000156402588,3.51200008392334,1916.5999755859375,509.765625,1.990625023841858,1.031844139099121,2660.0,509.765625,1.990625023841858,1.031844139099121,2660.0,509.765625,1.990625023841858,1.031844139099121,2660.0
2026-09-09T08:47:00.000+08:00,411.607177734375,9.813552856445312,12.263916015625,20.597299575805664,0.1707019805908203,382.3999938964844,6.138999938964844,3.5139999389648438,1916.699951171875,509.765625,1.990625023841858,1.0290179252624512,2660.0,509.765625,1.990625023841858,1.0290179252624512,2660.0,509.765625,1.990625023841858,1.0290179252624512,2660.0
2026-09-09T08:48:00.000+08:00,421.74249267578125,9.79343032836914,12.27099609375,21.056856155395508,0.16678652167320251,382.29998779296875,6.142000198364258,3.51200008392334,1916.699951171875,509.765625,1.990625023841858,1.0310367345809937,2660.0,509.765625,1.990625023841858,1.0310367345809937,2660.0,509.765625,1.990625023841858,1.0310367345809937,2660.0
2026-09-09T08:49:00.000+08:00,425.0180358886719,9.859130859375,12.284912109375,21.160598754882812,0.167589470744133,382.29998779296875,6.1519999504089355,3.503000020980835,1916.800048828125,509.765625,1.990625023841858,1.0284795761108398,2660.0,509.765625,1.990625023841858,1.0284795761108398,2660.0,509.765625,1.990625023841858,1.0284795761108398,2660.0
2026-09-09T08:50:00.000+08:00,421.6435241699219,9.792671203613281,12.25,20.8360538482666,0.1687459647655487,382.5,6.144000053405762,3.50600004196167,1916.9000244140625,509.765625,1.990625023841858,1.0278067588806152,2660.0,509.765625,1.990625023841858,1.0278067588806152,2660.0,509.765625,1.990625023841858,1.0278067588806152,2660.0
2026-09-09T08:51:00.000+08:00,424.58282470703125,9.825782775878906,12.361328125,20.38530921936035,0.17193754017353058,382.6000061035156,6.138000011444092,3.5179998874664307,1916.9000244140625,509.765625,1.990625023841858,1.0306329727172852,2660.0,509.765625,1.990625023841858,1.0306329727172852,2660.0,509.765625,1.990625023841858,1.0306329727172852,2660.0
2026-09-09T08:52:00.000+08:00,421.290771484375,9.85305404663086,12.34765625,21.005924224853516,0.16685768961906433,381.79998779296875,6.138000011444092,3.499000072479248,1917.0,509.765625,1.990625023841858,1.0268646478652954,2660.0,509.765625,1.990625023841858,1.0268646478652954,2660.0,509.765625,1.990625023841858,1.0268646478652954,2660.0
2026-09-09T08:53:00.000+08:00,418.93719482421875,9.865291595458984,12.354248046875,21.084848403930664,0.16665995121002197,381.8999938964844,6.131999969482422,3.50600004196167,1917.0,509.765625,1.990625023841858,1.0292870998382568,2660.0,509.765625,1.990625023841858,1.0292870998382568,2660.0,509.765625,1.990625023841858,1.0292870998382568,2660.0
2026-09-09T08:54:00.000+08:00,417.2828369140625,9.787750244140625,12.347412109375,21.076345443725586,0.16606295108795166,382.20001220703125,6.124000072479248,3.507999897003174,1917.0999755859375,509.765625,1.990625023841858,1.0282104015350342,2660.0,509.765625,1.990625023841858,1.0282104015350342,2660.0,509.765625,1.990625023841858,1.0282104015350342,2660.0
2026-09-09T08:55:00.000+08:00,417.9858093261719,9.789871215820312,12.25,20.727622985839844,0.16890503466129303,382.20001220703125,6.172999858856201,3.51200008392334,1917.199951171875,509.765625,1.990625023841858,1.0278067588806152,2660.0,509.765625,1.990625023841858,1.0278067588806152,2660.0,509.765625,1.990625023841858,1.0278067588806152,2660.0
2026-09-09T08:56:00.000+08:00,427.37884521484375,9.832168579101562,12.3681640625,20.930885314941406,0.16750366985797882,381.79998779296875,6.126999855041504,3.499000072479248,1917.199951171875,509.765625,1.990625023841858,1.0284795761108398,2660.0,509.765625,1.990625023841858,1.0284795761108398,2660.0,509.765625,1.990625023841858,1.0284795761108398,2660.0
2026-09-09T08:57:00.000+08:00,412.5036315917969,9.852283477783203,12.361328125,20.869953155517578,0.1682802140712738,382.0,6.146999835968018,3.5169999599456787,1917.300048828125,509.765625,1.990625023841858,1.027268409729004,2660.0,509.765625,1.990625023841858,1.027268409729004,2660.0,509.765625,1.990625023841858,1.027268409729004,2660.0
2026-09-09T08:58:00.000+08:00,421.1446838378906,9.80489730834961,12.3056640625,20.91094970703125,0.16790245473384857,381.70001220703125,6.1539998054504395,3.509999990463257,1917.300048828125,509.765625,1.990625023841858,1.02565336227417,2660.0,509.765625,1.990625023841858,1.02565336227417,2660.0,509.765625,1.990625023841858,1.02565336227417,2660.0
2026-09-09T08:59:00.000+08:00,428.6285705566406,9.77872085571289,12.3681640625,21.380714416503906,0.16407309472560883,381.5,6.151000022888184,3.50600004196167,1917.4000244140625,506.25,1.990625023841858,1.02471125125885,2660.0,506.25,1.990625023841858,1.02471125125885,2660.0,506.25,1.990625023841858,1.02471125125885,2660.0
2026-09-09T09:00:00.000+08:00,423.973876953125,9.786224365234375,12.361083984375,20.665063858032227,0.1693679690361023,381.6000061035156,6.138999938964844,3.497999906539917,1917.4000244140625,506.25,1.990625023841858,1.0222887992858887,2660.0,506.25,1.990625023841858,1.0222887992858887,2660.0,506.25,1.990625023841858,1.0222887992858887,2660.0
2026-09-09T09:01:00.000+08:00,421.1754150390625,9.738826751708984,12.298583984375,21.246238708496094,0.16501744091510773,381.3999938964844,6.13700008392334,3.494999885559082,1917.5,506.25,1.990625023841858,1.025518774986267,2660.0,506.25,1.990625023841858,1.025518774986267,2660.0,506.25,1.990625023841858,1.025518774986267,2660.0
2026-09-09T09:02:00.000+08:00,420.47235107421875,9.590991973876953,12.1669921875,21.55858612060547,0.1621163785457611,381.3999938964844,6.156000137329102,3.497999906539917,1917.5999755859375,506.25,1.990625023841858,1.0218850374221802,2660.0,506.25,1.990625023841858,1.0218850374221802,2660.0,506.25,1.990625023841858,1.0218850374221802,2660.0
2026-09-09T09:03:00.000+08:00,424.042724609375,9.559272766113281,12.034912109375,22.025400161743164,0.15858963131904602,382.1000061035156,6.1529998779296875,3.50600004196167,1917.5999755859375,509.765625,1.990625023841858,1.0292870998382568,2660.0,509.765625,1.990625023841858,1.0292870998382568,2660.0,509.765625,1.990625023841858,1.0292870998382568,2660.0
2026-09-09T09:04:00.000+08:00,420.296142578125,9.47637939453125,12.1181640625,22.096487045288086,0.15821519494056702,381.5,6.1479997634887695,3.496999979019165,1917.699951171875,506.25,1.990625023841858,1.0267300605773926,2660.0,506.25,1.990625023841858,1.0267300605773926,2660.0,506.25,1.990625023841858,1.0267300605773926,2660.0
2026-09-09T09:05:00.000+08:00,417.2780456542969,9.491069793701172,12.111328125,20.408376693725586,0.1717921942472458,381.29998779296875,6.181000232696533,3.505000114440918,1917.699951171875,506.25,1.990625023841858,1.0243076086044312,2660.0,506.25,1.990625023841858,1.0243076086044312,2660.0,506.25,1.990625023841858,1.0243076086044312,2660.0
2026-09-09T09:06:00.000+08:00,418.6071472167969,9.494640350341797,12.1044921875,22.183820724487305,0.15777264535427094,381.0,6.140999794006348,3.486999988555908,1917.800048828125,506.25,1.990625023841858,1.02471125125885,2660.0,506.25,1.990625023841858,1.02471125125885,2660.0,506.25,1.990625023841858,1.02471125125885,2660.0
2026-09-09T09:07:00.000+08:00,421.4474792480469,9.490699768066406,12.097412109375,21.786291122436523,0.16046787798404694,381.6000061035156,6.138999938964844,3.509000062942505,1917.9000244140625,509.765625,1.990625023841858,1.0280758142471313,2660.0,509.765625,1.990625023841858,1.0280758142471313,2660.0,509.765625,1.990625023841858,1.0280758142471313,2660.0
2026-09-09T09:08:00.000+08:00,412.7772521972656,9.529125213623047,12.0625,20.992334365844727,0.16615590453147888,381.79998779296875,6.144999980926514,3.503999948501587,1917.9000244140625,506.25,1.990625023841858,1.0313057899475098,2660.0,506.25,1.990625023841858,1.0313057899475098,2660.0,506.25,1.990625023841858,1.0313057899475098,2660.0
2026-09-09T09:09:00.000+08:00,415.0373840332031,9.576454162597656,12.22265625,21.44465446472168,0.16372378170490265,381.70001220703125,6.185999870300293,3.499000072479248,1918.0,509.765625,1.990625023841858,1.0280758142471313,2660.0,509.765625,1.990625023841858,1.0280758142471313,2660.0,509.765625,1.990625023841858,1.0280758142471313,2660.0
2026-09-09T09:10:00.000+08:00,415.4829406738281,9.618968963623047,12.236083984375,21.45855712890625,0.16329149901866913,381.79998779296875,6.172999858856201,3.5,1918.0,506.25,1.990625023841858,1.027268409729004,2660.0,506.25,1.990625023841858,1.027268409729004,2660.0,506.25,1.990625023841858,1.027268409729004,2660.0
2026-09-09T09:11:00.000+08:00,405.0494079589844,9.584285736083984,12.270751953125,21.237428665161133,0.1650388240814209,381.6000061035156,6.166999816894531,3.50600004196167,1918.0999755859375,506.25,1.990625023841858,1.026460886001587,2660.0,506.25,1.990625023841858,1.026460886001587,2660.0,506.25,1.990625023841858,1.026460886001587,2660.0
2026-09-09T09:12:00.000+08:00,403.7657470703125,9.594078063964844,12.25,20.583059310913086,0.16989699006080627,382.1000061035156,6.144999980926514,3.50600004196167,1918.0999755859375,509.765625,1.990625023841858,1.0314403772354126,2660.0,509.765625,1.990625023841858,1.0314403772354126,2660.0,509.765625,1.990625023841858,1.0314403772354126,2660.0
2026-09-09T09:13:00.000+08:00,412.26715087890625,9.524116516113281,12.201416015625,21.57957649230957,0.16219039261341095,382.29998779296875,6.13700008392334,3.503000020980835,1918.199951171875,509.765625,1.990625023841858,1.0302292108535767,2660.0,509.765625,1.990625023841858,1.0302292108535767,2660.0,509.765625,1.990625023841858,1.0302292108535767,2660.0
2026-09-09T09:14:00.000+08:00,408.1909484863281,9.520923614501953,12.22265625,21.535612106323242,0.1628001183271408,382.20001220703125,6.15500020980835,3.509999990463257,1918.300048828125,509.765625,1.990625023841858,1.0310367345809937,2660.0,509.765625,1.990625023841858,1.0310367345809937,2660.0,509.765625,1.990625023841858,1.0310367345809937,2660.0
2026-09-09T09:15:00.000+08:00,424.6448974609375,9.553817749023438,12.194580078125,22.123851776123047,0.15842629969120026,381.6000061035156,6.129000186920166,3.497999906539917,1918.300048828125,506.25,1.990625023841858,1.026460886001587,2660.0,506.25,1.990625023841858,1.026460886001587,2660.0,506.25,1.990625023841858,1.026460886001587,2660.0
2026-09-09T09:16:00.000+08:00,416.57403564453125,9.564926147460938,12.298828125,21.809587478637695,0.16093839704990387,381.79998779296875,6.150000095367432,3.499000072479248,1918.4000244140625,506.25,1.990625023841858,1.0240384340286255,2660.0,506.25,1.990625023841858,1.0240384340286255,2660.0,506.25,1.990625023841858,1.0240384340286255,2660.0
2026-09-09T09:17:00.000+08:00,421.7708435058594,9.543495178222656,12.236083984375,22.26691436767578,0.15718388557434082,381.8999938964844,6.150000095367432,3.503999948501587,1918.4000244140625,509.765625,1.990625023841858,1.0280758142471313,2660.0,509.765625,1.990625023841858,1.0280758142471313,2660.0,509.765625,1.990625023841858,1.0280758142471313,2660.0
2026-09-09T09:18:00.000+08:00,414.4139709472656,9.596199035644531,12.236328125,22.106800079345703,0.1581866294145584,381.79998779296875,6.144000053405762,3.492000102996826,1918.5,506.25,1.990625023841858,1.0235000848770142,2660.0,506.25,1.990625023841858,1.0235000848770142,2660.0,506.25,1.990625023841858,1.0235000848770142,2660.0
2026-09-09T09:19:00.000+08:00,416.3169860839844,9.519046783447266,12.1875,22.02398109436035,0.15946254134178162,381.6000061035156,6.133999824523926,3.500999927520752,1918.5999755859375,506.25,1.990625023841858,1.02471125125885,2660.0,506.25,1.990625023841858,1.02471125125885,2660.0,506.25,1.990625023841858,1.02471125125885,2660.0
2026-09-09T09:20:00.000+08:00,419.0542297363281,9.524116516113281,12.236328125,21.897727966308594,0.15951426327228546,381.70001220703125,6.13100004196167,3.50600004196167,1918.5999755859375,506.25,1.990625023841858,1.0230963230133057,2660.0,506.25,1.990625023841858,1.0230963230133057,2660.0,506.25,1.990625023841858,1.0230963230133057,2660.0
2026-09-09T09:21:00.000+08:00,421.8232727050781,9.517337799072266,12.222412109375,22.558652877807617,0.15479648113250732,381.6000061035156,6.14900016784668,3.496999979019165,1918.699951171875,506.25,1.990625023841858,1.0210776329040527,2660.0,506.25,1.990625023841858,1.0210776329040527,2660.0,506.25,1.990625023841858,1.0210776329040527,2660.0
2026-09-09T09:22:00.000+08:00,419.0874938964844,9.573627471923828,12.125,22.360231399536133,0.15576761960983276,381.70001220703125,6.158999919891357,3.496000051498413,1918.699951171875,506.25,1.990625023841858,1.0240384340286255,2660.0,506.25,1.990625023841858,1.0240384340286255,2660.0,506.25,1.990625023841858,1.0240384340286255,2660.0
2026-09-09T09:23:00.000+08:00,410.9300537109375,9.500041961669922,12.236083984375,20.99891471862793,0.1666276603937149,381.6000061035156,6.1539998054504395,3.500999927520752,1918.800048828125,506.25,1.990625023841858,1.0252496004104614,2660.0,506.25,1.990625023841858,1.0252496004104614,2660.0,506.25,1.990625023841858,1.0252496004104614,2660.0
2026-09-09T09:24:00.000+08:00,411.66888427734375,9.57833480834961,12.236328125,21.10596466064453,0.16578251123428345,381.6000061035156,6.144999980926514,3.499000072479248,1918.800048828125,506.25,1.990625023841858,1.0393807888031006,2660.0,506.25,1.990625023841858,1.0393807888031006,2660.0,506.25,1.990625023841858,1.0393807888031006,2660.0
2026-09-09T09:25:00.000+08:00,418.8360900878906,9.604923248291016,12.138916015625,22.67720603942871,0.1542959064245224,381.3999938964844,6.127999782562256,3.489000082015991,1918.9000244140625,506.25,2.0289063453674316,1.0353432893753052,2660.0,506.25,2.0289063453674316,1.0353432893753052,2660.0,506.25,2.0289063453674316,1.0353432893753052,2660.0
2026-09-09T09:26:00.000+08:00,414.8631591796875,9.612071990966797,12.1806640625,21.87899398803711,0.16010791063308716,381.70001220703125,6.151000022888184,3.496000051498413,1919.0,506.25,1.990625023841858,1.0235000848770142,2660.0,506.25,1.990625023841858,1.0235000848770142,2660.0,506.25,1.990625023841858,1.0235000848770142,2660.0
2026-09-09T09:27:00.000+08:00,420.826171875,9.653255462646484,12.2431640625,22.103967666625977,0.15807117521762848,381.70001220703125,6.160999774932861,3.500999927520752,1919.0,506.25,1.990625023841858,1.0252496004104614,2660.0,506.25,1.990625023841858,1.0252496004104614,2660.0,506.25,1.990625023841858,1.0252496004104614,2660.0
2026-09-09T09:28:00.000+08:00,413.9233093261719,9.614635467529297,12.1875,21.033416748046875,0.16649696230888367,381.8999938964844,6.125,3.5,1919.0999755859375,509.765625,1.990625023841858,1.024442195892334,2660.0,509.765625,1.990625023841858,1.024442195892334,2660.0,509.765625,1.990625023841858,1.024442195892334,2660.0
2026-09-09T09:29:00.000+08:00,422.3913879394531,9.671630859375,12.291748046875,21.510013580322266,0.16313332319259644,382.0,6.114999771118164,3.502000093460083,1919.0999755859375,506.25,1.990625023841858,1.026460886001587,2660.0,506.25,1.990625023841858,1.026460886001587,2660.0,506.25,1.990625023841858,1.026460886001587,2660.0
2026-09-09T09:30:00.000+08:00,400.03265380859375,9.64699935913086,12.270751953125,19.981794357299805,0.17545971274375916,382.1000061035156,6.145999908447266,3.513000011444092,1919.199951171875,509.765625,1.990625023841858,1.027268409729004,2660.0,509.765625,1.990625023841858,1.027268409729004,2660.0,509.765625,1.990625023841858,1.027268409729004,2660.0
2026-09-09T09:31:00.000+08:00,417.18389892578125,9.646041870117188,12.270751953125,21.394779205322266,0.16401198506355286,381.8999938964844,6.138000011444092,3.500999927520752,1919.300048828125,506.25,1.990625023841858,1.026460886001587,2660.0,506.25,1.990625023841858,1.026460886001587,2660.0,506.25,1.990625023841858,1.026460886001587,2660.0
2026-09-09T09:32:00.000+08:00,414.4085388183594,9.563240051269531,12.291748046875,22.44620132446289,0.15624023973941803,382.1000061035156,6.111999988555908,3.49399995803833,1919.300048828125,506.25,1.990625023841858,1.0235000848770142,2660.0,506.25,1.990625023841858,1.0235000848770142,2660.0,506.25,1.990625023841858,1.0235000848770142,2660.0
2026-09-09T09:33:00.000+08:00,416.27508544921875,9.671318054199219,12.229248046875,21.504070281982422,0.16294589638710022,381.70001220703125,6.142000198364258,3.5,1919.4000244140625,506.25,1.990625023841858,1.0240384340286255,2660.0,506.25,1.990625023841858,1.0240384340286255,2660.0,506.25,1.990625023841858,1.0240384340286255,2660.0
2026-09-09T09:34:00.000+08:00,404.4323425292969,9.612007141113281,12.2431640625,21.301223754882812,0.16416898369789124,381.6000061035156,6.127999782562256,3.496000051498413,1919.4000244140625,506.25,1.990625023841858,1.0240384340286255,2660.0,506.25,1.990625023841858,1.0240384340286255,2660.0,506.25,1.990625023841858,1.0240384340286255,2660.0
2026-09-09T09:35:00.000+08:00,414.8744201660156,9.589813232421875,12.21533203125,21.462738037109375,0.1630733162164688,381.8999938964844,6.127999782562256,3.507999897003174,1919.5,509.765625,1.990625023841858,1.0268646478652954,2660.0,509.765625,1.990625023841858,1.0268646478652954,2660.0,509.765625,1.990625023841858,1.0268646478652954,2660.0
2026-09-09T09:36:00.000+08:00,417.2184753417969,9.61745834350586,12.2431640625,21.28129005432129,0.16422875225543976,381.8999938964844,6.15500020980835,3.50600004196167,1919.5,509.765625,1.990625023841858,1.0268646478652954,2660.0,509.765625,1.990625023841858,1.0268646478652954,2660.0,509.765625,1.990625023841858,1.0268646478652954,2660.0
2026-09-09T09:37:00.000+08:00,413.14373779296875,9.58510971069336,12.236328125,21.242464065551758,0.16485847532749176,381.6000061035156,6.135000228881836,3.496999979019165,1919.5999755859375,506.25,1.990625023841858,1.0240384340286255,2660.0,506.25,1.990625023841858,1.0240384340286255,2660.0,506.25,1.990625023841858,1.0240384340286255,2660.0
2026-09-09T09:38:00.000+08:00,419.4898986816406,9.63759994506836,12.298828125,21.804826736450195,0.1610652506351471,381.79998779296875,6.1579999923706055,3.505000114440918,1919.699951171875,509.765625,1.990625023841858,1.0240384340286255,2660.0,509.765625,1.990625023841858,1.0240384340286255,2660.0,509.765625,1.990625023841858,1.0240384340286255,2660.0
2026-09-09T09:39:00.000+08:00,418.4684143066406,9.735260009765625,12.257080078125,21.861351013183594,0.16005414724349976,381.70001220703125,6.140999794006348,3.497999906539917,1919.699951171875,509.765625,1.990625023841858,1.02565336227417,2661.0,509.765625,1.990625023841858,1.02565336227417,2661.0,509.765625,1.990625023841858,1.02565336227417,2661.0
2026-09-09T09:40:00.000+08:00,408.2604675292969,9.783092498779297,12.2783203125,21.611896514892578,0.16250309348106384,381.70001220703125,6.156000137329102,3.505000114440918,1919.800048828125,506.25,1.990625023841858,1.0240384340286255,2661.0,506.25,1.990625023841858,1.0240384340286255,2661.0,506.25,1.990625023841858,1.0240384340286255,2661.0
2026-09-09T09:41:00.000+08:00,425.50469970703125,9.76723861694336,12.333251953125,21.565208435058594,0.1628548949956894,381.70001220703125,6.129000186920166,3.500999927520752,1919.800048828125,509.765625,1.990625023841858,1.0280758142471313,2661.0,509.765625,1.990625023841858,1.0280758142471313,2661.0,509.765625,1.990625023841858,1.0280758142471313,2661.0
2026-09-09T09:42:00.000+08:00,418.5822448730469,9.796409606933594,12.3544921875,20.86457061767578,0.16765262186527252,381.5,6.146999835968018,3.505000114440918,1919.9000244140625,506.25,1.990625023841858,1.0252496004104614,2661.0,506.25,1.990625023841858,1.0252496004104614,2661.0,506.25,1.990625023841858,1.0252496004104614,2661.0
2026-09-09T09:43:00.000+08:00,421.591064453125,9.767547607421875,12.382080078125,21.40971565246582,0.16403767466545105,382.0,6.150000095367432,3.51200008392334,1920.0,509.765625,1.990625023841858,1.0265954732894897,2661.0,509.765625,1.990625023841858,1.0265954732894897,2661.0,509.765625,1.990625023841858,1.0265954732894897,2661.0
2026-09-09T09:44:00.000+08:00,412.33447265625,9.859806060791016,12.3681640625,20.811429977416992,0.1684170663356781,381.5,6.1519999504089355,3.500999927520752,1920.0,506.25,1.990625023841858,1.02471125125885,2661.0,506.25,1.990625023841858,1.02471125125885,2661.0,506.25,1.990625023841858,1.02471125125885,2661.0
2026-09-09T09:45:00.000+08:00,415.1307373046875,9.824951171875,12.382080078125,21.315282821655273,0.16467058658599854,381.20001220703125,6.15500020980835,3.507999897003174,1920.0999755859375,506.25,1.990625023841858,1.025518774986267,2661.0,506.25,1.990625023841858,1.025518774986267,2661.0,506.25,1.990625023841858,1.025518774986267,2661.0
2026-09-09T09:46:00.000+08:00,416.7332763671875,9.859745025634766,12.375,20.20216178894043,0.17319928109645844,381.20001220703125,6.142000198364258,3.490999937057495,1920.0999755859375,506.25,1.990625023841858,1.0243076086044312,2661.0,506.25,1.990625023841858,1.0243076086044312,2661.0,506.25,1.990625023841858,1.0243076086044312,2661.0
2026-09-09T09:47:00.000+08:00,409.15087890625,9.813804626464844,12.458251953125,20.75269317626953,0.16879737377166748,381.20001220703125,6.125999927520752,3.493000030517578,1920.199951171875,506.25,1.990625023841858,1.0214812755584717,2661.0,506.25,1.990625023841858,1.0214812755584717,2661.0,506.25,1.990625023841858,1.0214812755584717,2661.0
2026-09-09T09:48:00.000+08:00,395.1694641113281,9.842292785644531,12.375,20.013566970825195,0.1744316667318344,381.1000061035156,6.151000022888184,3.492000102996826,1920.199951171875,506.25,1.990625023841858,1.025518774986267,2661.0,506.25,1.990625023841858,1.025518774986267,2661.0,506.25,1.990625023841858,1.025518774986267,2661.0
2026-09-09T09:49:00.000+08:00,401.8916931152344,9.821701049804688,12.4931640625,21.191347122192383,0.1644539088010788,381.6000061035156,6.15500020980835,3.503000020980835,1920.300048828125,506.25,1.990625023841858,1.02471125125885,2661.0,506.25,1.990625023841858,1.02471125125885,2661.0,506.25,1.990625023841858,1.02471125125885,2661.0
2026-09-09T09:50:00.000+08:00,406.7480163574219,9.831340789794922,12.409912109375,20.46531105041504,0.17063018679618835,381.70001220703125,6.1529998779296875,3.502000093460083,1920.4000244140625,509.765625,1.990625023841858,1.02565336227417,2661.0,509.765625,1.990625023841858,1.02565336227417,2661.0,509.765625,1.990625023841858,1.02565336227417,2661.0
2026-09-09T09:51:00.000+08:00,404.9466552734375,9.83770751953125,12.409912109375,20.305131912231445,0.1719762235879898,381.79998779296875,6.173999786376953,3.510999917984009,1920.4000244140625,509.765625,1.990625023841858,1.024442195892334,2661.0,509.765625,1.990625023841858,1.024442195892334,2661.0,509.765625,1.990625023841858,1.024442195892334,2661.0
2026-09-09T09:52:00.000+08:00,413.2605895996094,9.845855712890625,12.4169921875,21.19930076599121,0.16538280248641968,381.70001220703125,6.169000148773193,3.5,1920.5,506.25,1.990625023841858,1.0292870998382568,2661.0,506.25,1.990625023841858,1.0292870998382568,2661.0,506.25,1.990625023841858,1.0292870998382568,2661.0
2026-09-09T09:53:00.000+08:00,416.07598876953125,9.847892761230469,12.4033203125,21.34130096435547,0.16437610983848572,381.79998779296875,6.1570000648498535,3.497999906539917,1920.5,506.25,1.990625023841858,1.02471125125885,2661.0,506.25,1.990625023841858,1.02471125125885,2661.0,506.25,1.990625023841858,1.02471125125885,2661.0
2026-09-09T09:54:00.000+08:00,415.3778381347656,9.817825317382812,12.4306640625,21.085729598999023,0.16613130271434784,381.70001220703125,6.181000232696533,3.50600004196167,1920.5999755859375,506.25,1.990625023841858,1.0276721715927124,2661.0,506.25,1.990625023841858,1.0276721715927124,2661.0,506.25,1.990625023841858,1.0276721715927124,2661.0
2026-09-09T09:55:00.000+08:00,410.9203796386719,9.8494873046875,12.3125,21.08920669555664,0.16634100675582886,381.5,6.164999961853027,3.499000072479248,1920.699951171875,506.25,1.990625023841858,1.02471125125885,2661.0,506.25,1.990625023841858,1.02471125125885,2661.0,506.25,1.990625023841858,1.02471125125885,2661.0
2026-09-09T09:56:00.000+08:00,425.9218444824219,9.837261199951172,12.319580078125,20.856788635253906,0.1679069697856903,381.29998779296875,6.193999767303467,3.500999927520752,1920.699951171875,506.25,1.990625023841858,1.0235000848770142,2661.0,506.25,1.990625023841858,1.0235000848770142,2661.0,506.25,1.990625023841858,1.0235000848770142,2661.0
2026-09-09T09:57:00.000+08:00,422.668701171875,9.842353820800781,12.3544921875,21.034927368164062,0.16638992726802826,381.20001220703125,6.159999847412109,3.494999885559082,1920.800048828125,506.25,1.990625023841858,1.0260571241378784,2661.0,506.25,1.990625023841858,1.0260571241378784,2661.0,506.25,1.990625023841858,1.0260571241378784,2661.0
2026-09-09T09:58:00.000+08:00,432.1899719238281,9.847587585449219,12.3125,21.506221771240234,0.16269710659980774,381.1000061035156,6.179999828338623,3.493000030517578,1920.800048828125,506.25,1.990625023841858,1.0243076086044312,2661.0,506.25,1.990625023841858,1.0243076086044312,2661.0,506.25,1.990625023841858,1.0243076086044312,2661.0
2026-09-09T09:59:00.000+08:00,439.5628356933594,9.858280181884766,12.3125,21.57114601135254,0.16216105222702026,381.20001220703125,6.1579999923706055,3.494999885559082,1920.9000244140625,506.25,1.990625023841858,1.0222887992858887,2661.0,506.25,1.990625023841858,1.0222887992858887,2661.0,506.25,1.990625023841858,1.0222887992858887,2661.0
2026-09-09T10:00:00.000+08:00,435.34466552734375,9.864906311035156,12.3544921875,21.78455924987793,0.1600216031074524,381.3999938964844,6.15500020980835,3.493000030517578,1920.9000244140625,506.25,1.990625023841858,1.0243076086044312,2661.0,506.25,1.990625023841858,1.0243076086044312,2661.0,506.25,1.990625023841858,1.0243076086044312,2661.0
2026-09-09T10:01:00.000+08:00,429.1443786621094,9.869758605957031,12.3681640625,21.262975692749023,0.16469943523406982,381.3999938964844,6.164000034332275,3.49399995803833,1921.0,506.25,1.990625023841858,1.0222887992858887,2661.0,506.25,1.990625023841858,1.0222887992858887,2661.0,506.25,1.990625023841858,1.0222887992858887,2661.0
2026-09-09T10:02:00.000+08:00,441.57281494140625,9.832561492919922,12.3408203125,22.045045852661133,0.15835757553577423,381.20001220703125,6.170000076293945,3.493000030517578,1921.0999755859375,506.25,1.990625023841858,1.0198663473129272,2661.0,506.25,1.990625023841858,1.0198663473129272,2661.0,506.25,1.990625023841858,1.0198663473129272,2661.0
2026-09-09T10:03:00.000+08:00,435.28961181640625,9.76815414428711,12.333251953125,21.571277618408203,0.16174285113811493,381.29998779296875,6.166999816894531,3.499000072479248,1921.0999755859375,506.25,1.990625023841858,1.027268409729004,2661.0,506.25,1.990625023841858,1.027268409729004,2661.0,506.25,1.990625023841858,1.027268409729004,2661.0
2026-09-09T10:04:00.000+08:00,429.9299011230469,9.755386352539062,12.3544921875,21.061941146850586,0.16536937654018402,381.6000061035156,6.165999889373779,3.499000072479248,1921.199951171875,506.25,1.990625023841858,1.0182512998580933,2661.0,506.25,1.990625023841858,1.0182512998580933,2661.0,506.25,1.990625023841858,1.0182512998580933,2661.0
2026-09-09T10:05:00.000+08:00,427.5684509277344,9.777565002441406,12.361328125,21.83533477783203,0.16006165742874146,381.1000061035156,6.1519999504089355,3.492000102996826,1921.199951171875,506.25,1.990625023841858,1.0230963230133057,2661.0,506.25,1.990625023841858,1.0230963230133057,2661.0,506.25,1.990625023841858,1.0230963230133057,2661.0
2026-09-09T10:06:00.000+08:00,428.27899169921875,9.785537719726562,12.3056640625,21.72549057006836,0.16123917698860168,381.0,6.133999824523926,3.496000051498413,1921.300048828125,506.25,1.990625023841858,1.0222887992858887,2661.0,506.25,1.990625023841858,1.0222887992858887,2661.0,506.25,1.990625023841858,1.0222887992858887,2661.0
2026-09-09T10:07:00.000+08:00,436.63238525390625,9.756145477294922,12.3125,21.371551513671875,0.16330119967460632,381.1000061035156,6.160999774932861,3.499000072479248,1921.4000244140625,506.25,1.990625023841858,1.0206738710403442,2661.0,506.25,1.990625023841858,1.0206738710403442,2661.0,506.25,1.990625023841858,1.0206738710403442,2661.0
2026-09-09T10:08:00.000+08:00,443.5787353515625,9.856243133544922,12.361328125,21.896474838256836,0.15979741513729095,381.1000061035156,6.146999835968018,3.507999897003174,1921.4000244140625,506.25,1.990625023841858,1.0230963230133057,2661.0,506.25,1.990625023841858,1.0230963230133057,2661.0,506.25,1.990625023841858,1.0230963230133057,2661.0
2026-09-09T10:09:00.000+08:00,428.525146484375,9.794136047363281,12.347412109375,22.187938690185547,0.15760815143585205,381.70001220703125,6.163000106811523,3.502000093460083,1921.5,506.25,1.990625023841858,1.0240384340286255,2661.0,506.25,1.990625023841858,1.0240384340286255,2661.0,506.25,1.990625023841858,1.0240384340286255,2661.0
2026-09-09T10:10:00.000+08:00,431.65118408203125,9.790939331054688,12.3681640625,21.64289665222168,0.16125383973121643,381.70001220703125,6.1620001792907715,3.50600004196167,1921.5,506.25,1.990625023841858,1.0228271484375,2661.0,506.25,1.990625023841858,1.0228271484375,2661.0,506.25,1.990625023841858,1.0228271484375,2661.0
2026-09-09T10:11:00.000+08:00,419.5220031738281,9.812728881835938,12.382080078125,20.95631217956543,0.16701412200927734,381.29998779296875,6.145999908447266,3.493000030517578,1921.5999755859375,506.25,1.990625023841858,1.025518774986267,2661.0,506.25,1.990625023841858,1.025518774986267,2661.0,506.25,1.990625023841858,1.025518774986267,2661.0
2026-09-09T10:12:00.000+08:00,411.78973388671875,9.868099212646484,12.361083984375,21.016571044921875,0.16634492576122284,381.29998779296875,6.1539998054504395,3.496999979019165,1921.5999755859375,506.25,1.990625023841858,1.0206738710403442,2661.0,506.25,1.990625023841858,1.0206738710403442,2661.0,506.25,1.990625023841858,1.0206738710403442,2661.0
2026-09-09T10:13:00.000+08:00,410.484619140625,9.77872085571289,12.354248046875,21.705713272094727,0.16092537343502045,381.20001220703125,6.142000198364258,3.494999885559082,1921.699951171875,506.25,1.990625023841858,1.0226925611495972,2661.0,506.25,1.990625023841858,1.0226925611495972,2661.0,506.25,1.990625023841858,1.0226925611495972,2661.0
2026-09-09T10:14:00.000+08:00,415.916748046875,9.794509887695312,12.3681640625,20.346452713012695,0.17187270522117615,381.70001220703125,6.14900016784668,3.499000072479248,1921.800048828125,506.25,1.990625023841858,1.026460886001587,2661.0,506.25,1.990625023841858,1.026460886001587,2661.0,506.25,1.990625023841858,1.026460886001587,2661.0
2026-09-09T10:15:00.000+08:00,417.8489685058594,9.765338897705078,12.361328125,21.20108413696289,0.16485007107257843,381.5,6.138000011444092,3.499000072479248,1921.800048828125,506.25,1.990625023841858,1.0228271484375,2661.0,506.25,1.990625023841858,1.0228271484375,2661.0,506.25,1.990625023841858,1.0228271484375,2661.0
2026-09-09T10:16:00.000+08:00,424.9080505371094,9.761009216308594,12.34765625,21.291257858276367,0.1641518771648407,381.5,6.171999931335449,3.506999969482422,1921.9000244140625,506.25,1.990625023841858,1.026460886001587,2661.0,506.25,1.990625023841858,1.026460886001587,2661.0,506.25,1.990625023841858,1.026460886001587,2661.0
2026-09-09T10:17:00.000+08:00,420.7170715332031,9.827838897705078,12.3544921875,21.613739013671875,0.1618877649307251,380.8999938964844,6.138000011444092,3.484999895095825,1921.9000244140625,506.25,1.990625023841858,1.0210776329040527,2661.0,506.25,1.990625023841858,1.0210776329040527,2661.0,506.25,1.990625023841858,1.0210776329040527,2661.0
2026-09-09T10:18:00.000+08:00,421.3276062011719,9.868099212646484,12.326416015625,21.728912353515625,0.16135184466838837,381.3999938964844,6.160999774932861,3.499000072479248,1922.0,506.25,1.990625023841858,1.0230963230133057,2661.0,506.25,1.990625023841858,1.0230963230133057,2661.0,506.25,1.990625023841858,1.0230963230133057,2661.0
2026-09-09T10:19:00.000+08:00,418.46966552734375,9.830047607421875,12.423583984375,21.32306671142578,0.16329734027385712,381.29998779296875,6.1479997634887695,3.49399995803833,1922.0999755859375,506.25,1.990625023841858,1.0214812755584717,2661.0,506.25,1.990625023841858,1.0214812755584717,2661.0,506.25,1.990625023841858,1.0214812755584717,2661.0
2026-09-09T10:20:00.000+08:00,423.3157043457031,9.828907012939453,12.4169921875,20.857297897338867,0.16823847591876984,381.20001220703125,6.126999855041504,3.4839999675750732,1922.0999755859375,506.25,1.990625023841858,1.0230963230133057,2661.0,506.25,1.990625023841858,1.0230963230133057,2661.0,506.25,1.990625023841858,1.0230963230133057,2661.0
2026-09-09T10:21:00.000+08:00,413.66741943359375,9.813037872314453,12.4794921875,21.72037696838379,0.1608627736568451,381.8999938964844,6.144000053405762,3.505000114440918,1922.199951171875,509.765625,1.990625023841858,1.0292870998382568,2661.0,509.765625,1.990625023841858,1.0292870998382568,2661.0,509.765625,1.990625023841858,1.0292870998382568,2661.0
2026-09-09T10:22:00.000+08:00,418.85186767578125,9.808399200439453,12.347412109375,21.50837516784668,0.16216938197612762,381.29998779296875,6.129000186920166,3.489000082015991,1922.199951171875,506.25,1.990625023841858,1.0202701091766357,2661.0,506.25,1.990625023841858,1.0202701091766357,2661.0,506.25,1.990625023841858,1.0202701091766357,2661.0
2026-09-09T10:23:00.000+08:00,421.5027160644531,9.80520248413086,12.347412109375,21.433429718017578,0.16394950449466705,381.29998779296875,6.13700008392334,3.494999885559082,1922.300048828125,506.25,1.990625023841858,1.0226925611495972,2661.0,506.25,1.990625023841858,1.0226925611495972,2661.0,506.25,1.990625023841858,1.0226925611495972,2661.0
2026-09-09T10:24:00.000+08:00,426.79937744140625,9.762451171875,12.423828125,22.523473739624023,0.1547718644142151,381.0,6.144000053405762,3.4860000610351562,1922.300048828125,506.25,1.990625023841858,1.02471125125885,2661.0,506.25,1.990625023841858,1.02471125125885,2661.0,506.25,1.990625023841858,1.02471125125885,2661.0
2026-09-09T10:25:00.000+08:00,421.05731201171875,9.804462432861328,12.34765625,22.095073699951172,0.15790849924087524,381.70001220703125,6.138000011444092,3.500999927520752,1922.4000244140625,506.25,1.990625023841858,1.0198663473129272,2661.0,506.25,1.990625023841858,1.0198663473129272,2661.0,506.25,1.990625023841858,1.0198663473129272,2661.0
2026-09-09T10:26:00.000+08:00,437.10369873046875,9.840065002441406,12.361328125,22.944093704223633,0.15180377662181854,381.29998779296875,6.118000030517578,3.48799991607666,1922.5,506.25,1.990625023841858,1.0214812755584717,2661.0,506.25,1.990625023841858,1.0214812755584717,2661.0,506.25,1.990625023841858,1.0214812755584717,2661.0
2026-09-09T10:27:00.000+08:00,439.7613220214844,9.809162139892578,12.375,22.85436248779297,0.1528373509645462,381.0,6.129000186920166,3.490000009536743,1922.5,506.25,1.990625023841858,1.02471125125885,2661.0,506.25,1.990625023841858,1.02471125125885,2661.0,506.25,1.990625023841858,1.02471125125885,2661.0
2026-09-09T10:28:00.000+08:00,426.2818603515625,9.791313171386719,12.333251953125,21.716522216796875,0.16084527969360352,381.0,6.138999938964844,3.484999895095825,1922.5999755859375,506.25,1.990625023841858,1.0169055461883545,2661.0,506.25,1.990625023841858,1.0169055461883545,2661.0,506.25,1.990625023841858,1.0169055461883545,2661.0
2026-09-09T10:29:00.000+08:00,428.5472412109375,9.759872436523438,12.354248046875,21.779611587524414,0.16010387241840363,381.1000061035156,6.120999813079834,3.490000009536743,1922.5999755859375,506.25,1.990625023841858,1.0205392837524414,2661.0,506.25,1.990625023841858,1.0205392837524414,2661.0,506.25,1.990625023841858,1.0205392837524414,2661.0
2026-09-09T10:30:00.000+08:00,438.49615478515625,9.773094177246094,12.361328125,22.110328674316406,0.15588118135929108,381.5,6.140999794006348,3.492000102996826,1922.699951171875,506.25,1.990625023841858,1.0218850374221802,2661.0,506.25,1.990625023841858,1.0218850374221802,2661.0,506.25,1.990625023841858,1.0218850374221802,2661.0
2026-09-09T10:31:00.000+08:00,426.02099609375,9.824272155761719,12.3125,21.946487426757812,0.15884090960025787,381.3999938964844,6.158999919891357,3.503000020980835,1922.800048828125,506.25,1.990625023841858,1.0194625854492188,2661.0,506.25,1.990625023841858,1.0194625854492188,2661.0,506.25,1.990625023841858,1.0194625854492188,2661.0
2026-09-09T10:32:00.000+08:00,432.9687805175781,9.766471862792969,12.3125,21.38128662109375,0.16350747644901276,380.8999938964844,6.138999938964844,3.4800000190734863,1922.800048828125,506.25,1.990625023841858,1.0202701091766357,2661.0,506.25,1.990625023841858,1.0202701091766357,2661.0,506.25,1.990625023841858,1.0202701091766357,2661.0
2026-09-09T10:33:00.000+08:00,444.83355712890625,9.773994445800781,12.3408203125,22.267528533935547,0.1570897251367569,380.79998779296875,6.131999969482422,3.4790000915527344,1922.9000244140625,506.25,1.990625023841858,1.0197317600250244,2661.0,506.25,1.990625023841858,1.0197317600250244,2661.0,506.25,1.990625023841858,1.0197317600250244,2661.0
2026-09-09T10:34:00.000+08:00,433.040771484375,9.775520324707031,12.3544921875,22.424959182739258,0.15594232082366943,380.5,6.114999771118164,3.4709999561309814,1922.9000244140625,506.25,1.990625023841858,1.0179821252822876,2661.0,506.25,1.990625023841858,1.0179821252822876,2661.0,506.25,1.990625023841858,1.0179821252822876,2661.0
2026-09-09T10:35:00.000+08:00,431.6619567871094,9.804153442382812,12.3056640625,21.99900245666504,0.15787078440189362,380.20001220703125,6.10099983215332,3.4709999561309814,1923.0,506.25,1.990625023841858,1.0147521495819092,2661.0,506.25,1.990625023841858,1.0147521495819092,2661.0,506.25,1.990625023841858,1.0147521495819092,2661.0
2026-09-09T10:36:00.000+08:00,419.6986389160156,9.789783477783203,12.361328125,21.3140869140625,0.16313154995441437,380.6000061035156,6.119999885559082,3.4709999561309814,1923.0,506.25,1.990625023841858,1.017309308052063,2661.0,506.25,1.990625023841858,1.017309308052063,2661.0,506.25,1.990625023841858,1.017309308052063,2661.0
2026-09-09T10:37:00.000+08:00,436.496826171875,9.790878295898438,12.416748046875,21.344036102294922,0.16210617125034332,380.79998779296875,6.131999969482422,3.4769999980926514,1923.0999755859375,506.25,1.990625023841858,1.019327998161316,2662.0,506.25,1.990625023841858,1.019327998161316,2662.0,506.25,1.990625023841858,1.019327998161316,2662.0
2026-09-09T10:38:00.000+08:00,418.60009765625,9.84865951538086,12.416748046875,21.356548309326172,0.16285403072834015,380.5,6.127999782562256,3.4749999046325684,1923.199951171875,506.25,1.990625023841858,1.0197317600250244,2662.0,506.25,1.990625023841858,1.0197317600250244,2662.0,506.25,1.990625023841858,1.0197317600250244,2662.0
2026-09-09T10:39:00.000+08:00,420.416748046875,9.75571060180664,12.4306640625,22.00602912902832,0.15832024812698364,380.29998779296875,6.1020002365112305,3.4649999141693115,1923.199951171875,506.25,1.990625023841858,1.0124642848968506,2662.0,506.25,1.990625023841858,1.0124642848968506,2662.0,506.25,1.990625023841858,1.0124642848968506,2662.0
2026-09-09T10:40:00.000+08:00,437.3763427734375,9.823051452636719,12.423828125,21.892414093017578,0.15863941609859467,380.5,6.133999824523926,3.4739999771118164,1923.300048828125,506.25,1.990625023841858,1.0257879495620728,2662.0,506.25,1.990625023841858,1.0257879495620728,2662.0,506.25,1.990625023841858,1.0257879495620728,2662.0
2026-09-09T10:41:00.000+08:00,424.7766418457031,9.868797302246094,12.382080078125,22.4635066986084,0.15460631251335144,380.70001220703125,6.122000217437744,3.4809999465942383,1923.300048828125,506.25,1.990625023841858,1.016501784324646,2662.0,506.25,1.990625023841858,1.016501784324646,2662.0,506.25,1.990625023841858,1.016501784324646,2662.0
2026-09-09T10:42:00.000+08:00,430.7615966796875,9.832473754882812,12.409912109375,22.19184112548828,0.1566341519355774,380.70001220703125,6.13100004196167,3.4779999256134033,1923.4000244140625,506.25,1.990625023841858,1.0177130699157715,2662.0,506.25,1.990625023841858,1.0177130699157715,2662.0,506.25,1.990625023841858,1.0177130699157715,2662.0
2026-09-09T10:43:00.000+08:00,427.89739990234375,9.835277557373047,12.409912109375,22.554344177246094,0.15402798354625702,380.29998779296875,6.138999938964844,3.4749999046325684,1923.4000244140625,506.25,1.990625023841858,1.02094304561615,2662.0,506.25,1.990625023841858,1.02094304561615,2662.0,506.25,1.990625023841858,1.02094304561615,2662.0
2026-09-09T10:44:00.000+08:00,437.2477722167969,9.838550567626953,12.3681640625,22.226884841918945,0.1564771682024002,380.70001220703125,6.14300012588501,3.4830000400543213,1923.5,506.25,1.990625023841858,1.0189242362976074,2662.0,506.25,1.990625023841858,1.0189242362976074,2662.0,506.25,1.990625023841858,1.0189242362976074,2662.0
2026-09-09T10:45:00.000+08:00,429.43377685546875,9.842353820800781,12.3681640625,22.713788986206055,0.1530788242816925,380.6000061035156,6.13700008392334,3.4749999046325684,1923.5999755859375,506.25,1.990625023841858,1.017309308052063,2662.0,506.25,1.990625023841858,1.017309308052063,2662.0,506.25,1.990625023841858,1.017309308052063,2662.0
2026-09-09T10:46:00.000+08:00,429.43255615234375,9.717945098876953,12.257080078125,21.473896026611328,0.16233663260936737,380.6000061035156,6.109000205993652,3.4760000705718994,1923.5999755859375,506.25,1.990625023841858,1.014886736869812,2662.0,506.25,1.990625023841858,1.014886736869812,2662.0,506.25,1.990625023841858,1.014886736869812,2662.0
2026-09-09T10:47:00.000+08:00,432.38092041015625,9.514713287353516,12.2431640625,21.292530059814453,0.1633436679840088,380.29998779296875,6.116000175476074,3.4769999980926514,1923.699951171875,506.25,1.990625023841858,1.0167709589004517,2662.0,506.25,1.990625023841858,1.0167709589004517,2662.0,506.25,1.990625023841858,1.0167709589004517,2662.0
2026-09-09T10:48:00.000+08:00,433.5556945800781,9.456214904785156,12.1806640625,22.56821632385254,0.15402191877365112,380.20001220703125,6.0960001945495605,3.4579999446868896,1923.699951171875,506.25,1.990625023841858,1.0143485069274902,2662.0,506.25,1.990625023841858,1.0143485069274902,2662.0,506.25,1.990625023841858,1.0143485069274902,2662.0
2026-09-09T10:49:00.000+08:00,434.2962341308594,9.527259826660156,12.0625,22.821149826049805,0.15240249037742615,380.29998779296875,6.0960001945495605,3.4579999446868896,1923.800048828125,506.25,1.990625023841858,1.0147521495819092,2662.0,506.25,1.990625023841858,1.0147521495819092,2662.0,506.25,1.990625023841858,1.0147521495819092,2662.0
2026-09-09T10:50:00.000+08:00,440.8543395996094,9.525497436523438,12.1669921875,23.654895782470703,0.14639675617218018,380.3999938964844,6.118000030517578,3.4709999561309814,1923.9000244140625,506.25,2.0289063453674316,1.0296908617019653,2662.0,506.25,2.0289063453674316,1.0296908617019653,2662.0,506.25,2.0289063453674316,1.0296908617019653,2662.0
2026-09-09T10:51:00.000+08:00,434.0301513671875,9.511783599853516,12.1806640625,21.83270835876465,0.15866103768348694,380.20001220703125,6.125999927520752,3.4600000381469727,1923.9000244140625,506.25,1.990625023841858,1.0147521495819092,2662.0,506.25,1.990625023841858,1.0147521495819092,2662.0,506.25,1.990625023841858,1.0147521495819092,2662.0
2026-09-09T10:52:00.000+08:00,443.0251159667969,9.536018371582031,12.1669921875,23.127761840820312,0.1500793695449829,380.1000061035156,6.072000026702881,3.4539999961853027,1924.0,506.25,1.990625023841858,1.0127334594726562,2662.0,506.25,1.990625023841858,1.0127334594726562,2662.0,506.25,1.990625023841858,1.0127334594726562,2662.0
2026-09-09T10:53:00.000+08:00,430.10546875,9.599395751953125,12.1875,22.31266975402832,0.15506884455680847,380.0,6.098999977111816,3.4690001010894775,1924.0,506.25,1.990625023841858,1.0127334594726562,2662.0,506.25,1.990625023841858,1.0127334594726562,2662.0,506.25,1.990625023841858,1.0127334594726562,2662.0
2026-09-09T10:54:00.000+08:00,427.07073974609375,9.597339630126953,12.236083984375,22.378889083862305,0.15519091486930847,380.6000061035156,6.114999771118164,3.4760000705718994,1924.0999755859375,506.25,1.990625023841858,1.018520474433899,2662.0,506.25,1.990625023841858,1.018520474433899,2662.0,506.25,1.990625023841858,1.018520474433899,2662.0
2026-09-09T10:55:00.000+08:00,424.8703918457031,9.584735870361328,12.2431640625,22.155731201171875,0.1566186249256134,380.6000061035156,6.10699987411499,3.4779999256134033,1924.0999755859375,506.25,1.990625023841858,1.014886736869812,2662.0,506.25,1.990625023841858,1.014886736869812,2662.0,506.25,1.990625023841858,1.014886736869812,2662.0
2026-09-09T10:56:00.000+08:00,428.8116149902344,9.57571029663086,12.194580078125,22.557580947875977,0.1544491946697235,380.5,6.0929999351501465,3.4779999256134033,1924.199951171875,506.25,1.990625023841858,1.0155596733093262,2662.0,506.25,1.990625023841858,1.0155596733093262,2662.0,506.25,1.990625023841858,1.0155596733093262,2662.0
2026-09-09T10:57:00.000+08:00,432.0859069824219,9.609935760498047,12.21533203125,21.820493698120117,0.15916229784488678,380.5,6.099999904632568,3.4760000705718994,1924.300048828125,506.25,1.990625023841858,1.016501784324646,2662.0,506.25,1.990625023841858,1.016501784324646,2662.0,506.25,1.990625023841858,1.016501784324646,2662.0
2026-09-09T10:58:00.000+08:00,419.01416015625,9.563949584960938,12.291748046875,22.06349754333496,0.1579078733921051,380.70001220703125,6.138999938964844,3.484999895095825,1924.300048828125,506.25,1.990625023841858,1.0198663473129272,2662.0,506.25,1.990625023841858,1.0198663473129272,2662.0,506.25,1.990625023841858,1.0198663473129272,2662.0
2026-09-09T10:59:00.000+08:00,419.5895080566406,9.57989501953125,12.32666015625,21.4644775390625,0.1622215211391449,380.29998779296875,6.116000175476074,3.4719998836517334,1924.4000244140625,506.25,1.990625023841858,1.023634672164917,2662.0,506.25,1.990625023841858,1.023634672164917,2662.0,506.25,1.990625023841858,1.023634672164917,2662.0
2026-09-09T11:00:00.000+08:00,416.6564636230469,9.558479309082031,12.3056640625,22.250267028808594,0.1567172259092331,380.29998779296875,6.083000183105469,3.4570000171661377,1924.4000244140625,506.25,1.990625023841858,1.0151559114456177,2662.0,506.25,1.990625023841858,1.0151559114456177,2662.0,506.25,1.990625023841858,1.0151559114456177,2662.0
2026-09-09T11:01:00.000+08:00,408.0477600097656,9.622337341308594,12.236083984375,22.265670776367188,0.15602494776248932,380.1000061035156,6.11299991607666,3.4679999351501465,1924.5,506.25,1.990625023841858,1.0099072456359863,2662.0,506.25,1.990625023841858,1.0099072456359863,2662.0,506.25,1.990625023841858,1.0099072456359863,2662.0
2026-09-09T11:02:00.000+08:00,413.0867004394531,9.562171936035156,12.125,22.369977951049805,0.1546715795993805,380.29998779296875,6.110000133514404,3.4690001010894775,1924.5,506.25,1.990625023841858,1.0119259357452393,2662.0,506.25,1.990625023841858,1.0119259357452393,2662.0,506.25,1.990625023841858,1.0119259357452393,2662.0
2026-09-09T11:03:00.000+08:00,412.0771484375,9.53921127319336,12.1669921875,22.18421745300293,0.15610195696353912,380.0,6.074999809265137,3.4560000896453857,1924.5999755859375,506.25,1.990625023841858,1.0276721715927124,2662.0,506.25,1.990625023841858,1.0276721715927124,2662.0,506.25,1.990625023841858,1.0276721715927124,2662.0
2026-09-09T11:04:00.000+08:00,420.549072265625,9.578723907470703,12.2158203125,22.065380096435547,0.15716928243637085,380.29998779296875,6.103000164031982,3.4700000286102295,1924.699951171875,506.25,1.990625023841858,1.0131372213363647,2662.0,506.25,1.990625023841858,1.0131372213363647,2662.0,506.25,1.990625023841858,1.0131372213363647,2662.0
2026-09-09T11:05:00.000+08:00,431.02777099609375,9.641403198242188,12.2431640625,22.50680160522461,0.15350915491580963,379.79998779296875,6.059999942779541,3.4519999027252197,1924.699951171875,506.25,1.990625023841858,1.0081576108932495,2662.0,506.25,1.990625023841858,1.0081576108932495,2662.0,506.25,1.990625023841858,1.0081576108932495,2662.0
2026-09-09T11:06:00.000+08:00,423.7983093261719,9.517536163330078,12.229248046875,22.247793197631836,0.15538619458675385,379.8999938964844,6.079999923706055,3.447999954223633,1924.800048828125,506.25,1.990625023841858,1.0105801820755005,2662.0,506.25,1.990625023841858,1.0105801820755005,2662.0,506.25,1.990625023841858,1.0105801820755005,2662.0
2026-09-09T11:07:00.000+08:00,432.8731689453125,9.577590942382812,12.201416015625,22.875621795654297,0.150422140955925,379.5,6.061999797821045,3.447000026702881,1924.800048828125,506.25,1.990625023841858,1.009368896484375,2662.0,506.25,1.990625023841858,1.009368896484375,2662.0,506.25,1.990625023841858,1.009368896484375,2662.0
2026-09-09T11:08:00.000+08:00,431.6114501953125,9.58510971069336,12.194580078125,22.724105834960938,0.1517331302165985,379.8999938964844,6.085999965667725,3.453000068664551,1924.9000244140625,506.25,1.9523437023162842,1.008561372756958,2662.0,506.25,1.9523437023162842,1.008561372756958,2662.0,506.25,1.9523437023162842,1.008561372756958,2662.0
2026-09-09T11:09:00.000+08:00,428.28631591796875,9.567985534667969,12.222412109375,22.64499282836914,0.15235155820846558,379.79998779296875,6.066999912261963,3.4619998931884766,1924.9000244140625,506.25,1.990625023841858,1.009368896484375,2662.0,506.25,1.990625023841858,1.009368896484375,2662.0,506.25,1.990625023841858,1.009368896484375,2662.0
2026-09-09T11:10:00.000+08:00,426.3831787109375,9.60586166381836,12.159912109375,22.1402530670166,0.15609577298164368,380.1000061035156,6.083000183105469,3.4670000076293945,1925.0,506.25,1.990625023841858,1.010176420211792,2662.0,506.25,1.990625023841858,1.010176420211792,2662.0,506.25,1.990625023841858,1.010176420211792,2662.0
2026-09-09T11:11:00.000+08:00,422.7949523925781,9.683586120605469,12.138916015625,22.255090713500977,0.15542510151863098,380.0,6.072999954223633,3.4539999961853027,1925.0999755859375,506.25,1.990625023841858,1.0125988721847534,2662.0,506.25,1.990625023841858,1.0125988721847534,2662.0,506.25,1.990625023841858,1.0125988721847534,2662.0
2026-09-09T11:12:00.000+08:00,424.2334899902344,9.654373168945312,12.2431640625,21.349063873291016,0.1623021960258484,380.5,6.077000141143799,3.4590001106262207,1925.0999755859375,506.25,1.990625023841858,1.0159634351730347,2662.0,506.25,1.990625023841858,1.0159634351730347,2662.0,506.25,1.990625023841858,1.0159634351730347,2662.0
2026-09-09T11:13:00.000+08:00,427.560791015625,9.662654876708984,12.201416015625,21.690288543701172,0.1594722867012024,379.8999938964844,6.078999996185303,3.4489998817443848,1925.199951171875,506.25,1.990625023841858,1.012195110321045,2662.0,506.25,1.990625023841858,1.012195110321045,2662.0,506.25,1.990625023841858,1.012195110321045,2662.0
2026-09-09T11:14:00.000+08:00,432.07830810546875,9.682403564453125,12.22265625,21.94948387145996,0.158090278506279,380.20001220703125,6.056000232696533,3.4570000171661377,1925.199951171875,506.25,1.990625023841858,1.010176420211792,2662.0,506.25,1.990625023841858,1.010176420211792,2662.0,506.25,1.990625023841858,1.010176420211792,2662.0
2026-09-09T11:15:00.000+08:00,425.1492004394531,9.66434097290039,12.201416015625,21.385526657104492,0.16123054921627045,379.3999938964844,6.066999912261963,3.450000047683716,1925.300048828125,506.25,1.990625023841858,1.0089651346206665,2662.0,506.25,1.990625023841858,1.0089651346206665,2662.0,506.25,1.990625023841858,1.0089651346206665,2662.0
2026-09-09T11:16:00.000+08:00,425.7068176269531,9.668495178222656,12.201416015625,22.53399658203125,0.15345703065395355,380.1000061035156,6.076000213623047,3.453000068664551,1925.4000244140625,506.25,1.990625023841858,1.0125988721847534,2662.0,506.25,1.990625023841858,1.0125988721847534,2662.0,506.25,1.990625023841858,1.0125988721847534,2662.0
2026-09-09T11:17:00.000+08:00,433.7035827636719,9.65188217163086,12.298583984375,21.803905487060547,0.15754058957099915,380.29998779296875,6.074999809265137,3.4609999656677246,1925.4000244140625,506.25,1.990625023841858,1.0159634351730347,2662.0,506.25,1.990625023841858,1.0159634351730347,2662.0,506.25,1.990625023841858,1.0159634351730347,2662.0
2026-09-09T11:18:00.000+08:00,440.9027099609375,9.610305786132812,12.194580078125,21.97665023803711,0.15716680884361267,380.20001220703125,6.053999900817871,3.4539999961853027,1925.5,506.25,1.990625023841858,1.0131372213363647,2662.0,506.25,1.990625023841858,1.0131372213363647,2662.0,506.25,1.990625023841858,1.0131372213363647,2662.0
2026-09-09T11:19:00.000+08:00,441.62371826171875,9.653999328613281,12.236328125,22.83830451965332,0.15154364705085754,380.29998779296875,6.080999851226807,3.4730000495910645,1925.5,506.25,1.990625023841858,1.0115221738815308,2662.0,506.25,1.990625023841858,1.0115221738815308,2662.0,506.25,1.990625023841858,1.0115221738815308,2662.0
2026-09-09T11:20:00.000+08:00,436.89483642578125,9.62127685546875,12.125,22.764251708984375,0.15212447941303253,380.79998779296875,6.10099983215332,3.4790000915527344,1925.5999755859375,506.25,1.990625023841858,1.014886736869812,2662.0,506.25,1.990625023841858,1.014886736869812,2662.0,506.25,1.990625023841858,1.014886736869812,2662.0
2026-09-09T11:21:00.000+08:00,424.5080871582031,9.586112976074219,12.14599609375,21.293031692504883,0.16282321512699127,380.5,6.114999771118164,3.4760000705718994,1925.5999755859375,506.25,1.990625023841858,1.018520474433899,2662.0,506.25,1.990625023841858,1.018520474433899,2662.0,506.25,1.990625023841858,1.018520474433899,2662.0
2026-09-09T11:22:00.000+08:00,426.36199951171875,9.618522644042969,12.1181640625,21.477767944335938,0.16165553033351898,380.20001220703125,6.114999771118164,3.4690001010894775,1925.699951171875,506.25,1.990625023841858,1.0151559114456177,2662.0,506.25,1.990625023841858,1.0151559114456177,2662.0,506.25,1.990625023841858,1.0151559114456177,2662.0
2026-09-09T11:23:00.000+08:00,439.2117919921875,9.635074615478516,12.173583984375,22.609689712524414,0.1536509394645691,380.5,6.1020002365112305,3.4730000495910645,1925.800048828125,506.25,1.990625023841858,1.0167709589004517,2662.0,506.25,1.990625023841858,1.0167709589004517,2662.0,506.25,1.990625023841858,1.0167709589004517,2662.0
2026-09-09T11:24:00.000+08:00,431.3566589355469,9.568618774414062,12.132080078125,21.433835983276367,0.16198687255382538,380.1000061035156,6.081999778747559,3.4649999141693115,1925.800048828125,506.25,1.990625023841858,1.0155596733093262,2662.0,506.25,1.990625023841858,1.0155596733093262,2662.0,506.25,1.990625023841858,1.0155596733093262,2662.0
2026-09-09T11:25:00.000+08:00,431.307373046875,9.64975357055664,12.1669921875,21.61322021484375,0.16068868339061737,380.0,6.10099983215332,3.4779999256134033,1925.9000244140625,506.25,1.990625023841858,1.0143485069274902,2662.0,506.25,1.990625023841858,1.0143485069274902,2662.0,506.25,1.990625023841858,1.0143485069274902,2662.0
2026-09-09T11:26:00.000+08:00,426.7598876953125,9.697883605957031,12.2431640625,21.96601104736328,0.1579258143901825,381.20001220703125,6.11299991607666,3.494999885559082,1925.9000244140625,506.25,1.990625023841858,1.0181167125701904,2662.0,506.25,1.990625023841858,1.0181167125701904,2662.0,506.25,1.990625023841858,1.0181167125701904,2662.0
2026-09-09T11:27:00.000+08:00,433.27911376953125,9.798004150390625,12.222412109375,21.65699577331543,0.1597636193037033,380.8999938964844,6.099999904632568,3.484999895095825,1926.0,506.25,1.990625023841858,1.019327998161316,2662.0,506.25,1.990625023841858,1.019327998161316,2662.0,506.25,1.990625023841858,1.019327998161316,2662.0
2026-09-09T11:28:00.000+08:00,443.59295654296875,9.778999328613281,12.194580078125,22.19951820373535,0.15716557204723358,380.8999938964844,6.084000110626221,3.4760000705718994,1926.0,506.25,1.990625023841858,1.0205392837524414,2662.0,506.25,1.990625023841858,1.0205392837524414,2662.0,506.25,1.990625023841858,1.0205392837524414,2662.0
2026-09-09T11:29:00.000+08:00,443.5270690917969,9.719886779785156,12.229248046875,21.53254508972168,0.1616622656583786,380.79998779296875,6.085999965667725,3.4760000705718994,1926.0999755859375,506.25,1.990625023841858,1.0213466882705688,2662.0,506.25,1.990625023841858,1.0213466882705688,2662.0,506.25,1.990625023841858,1.0213466882705688,2662.0
2026-09-09T11:30:00.000+08:00,431.6239929199219,9.789104461669922,12.263916015625,20.91765594482422,0.16617541015148163,381.29998779296875,6.0970001220703125,3.490999937057495,1926.199951171875,506.25,1.990625023841858,1.018520474433899,2662.0,506.25,1.990625023841858,1.018520474433899,2662.0,506.25,1.990625023841858,1.018520474433899,2662.0
2026-09-09T11:31:00.000+08:00,450.8891906738281,9.799823760986328,12.298828125,22.028621673583984,0.15779469907283783,381.29998779296875,6.0920000076293945,3.489000082015991,1926.199951171875,506.25,1.990625023841858,1.0210776329040527,2662.0,506.25,1.990625023841858,1.0210776329040527,2662.0,506.25,1.990625023841858,1.0210776329040527,2662.0
2026-09-09T11:32:00.000+08:00,445.9788513183594,9.792671203613281,12.257080078125,22.478683471679688,0.15516923367977142,381.1000061035156,6.083000183105469,3.4779999256134033,1926.300048828125,506.25,1.990625023841858,1.0181167125701904,2662.0,506.25,1.990625023841858,1.0181167125701904,2662.0,506.25,1.990625023841858,1.0181167125701904,2662.0
2026-09-09T11:33:00.000+08:00,439.87799072265625,9.804153442382812,12.263916015625,21.756940841674805,0.1599949151277542,381.29998779296875,6.0980000495910645,3.4860000610351562,1926.300048828125,506.25,1.990625023841858,1.0181167125701904,2662.0,506.25,1.990625023841858,1.0181167125701904,2662.0,506.25,1.990625023841858,1.0181167125701904,2662.0
2026-09-09T11:34:00.000+08:00,436.83447265625,9.793060302734375,12.3056640625,21.34084129333496,0.16372361779212952,381.5,6.084000110626221,3.490000009536743,1926.4000244140625,506.25,1.990625023841858,1.0182512998580933,2662.0,506.25,1.990625023841858,1.0182512998580933,2662.0,506.25,1.990625023841858,1.0182512998580933,2662.0
2026-09-09T11:35:00.000+08:00,425.4726257324219,9.758201599121094,12.319580078125,20.876075744628906,0.16684170067310333,381.20001220703125,6.105000019073486,3.493000030517578,1926.5,506.25,1.990625023841858,1.0177130699157715,2662.0,506.25,1.990625023841858,1.0177130699157715,2662.0,506.25,1.990625023841858,1.0177130699157715,2662.0
2026-09-09T11:36:00.000+08:00,442.6937561035156,9.788650512695312,12.34765625,21.79060173034668,0.16039025783538818,381.20001220703125,6.0960001945495605,3.489000082015991,1926.5,506.25,1.990625023841858,1.02471125125885,2663.0,506.25,1.990625023841858,1.02471125125885,2663.0,506.25,1.990625023841858,1.02471125125885,2663.0
2026-09-09T11:37:00.000+08:00,428.86993408203125,9.793743133544922,12.3125,22.18761444091797,0.15684427320957184,381.1000061035156,6.085000038146973,3.4749999046325684,1926.5999755859375,506.25,1.990625023841858,1.018520474433899,2663.0,506.25,1.990625023841858,1.018520474433899,2663.0,506.25,1.990625023841858,1.018520474433899,2663.0
2026-09-09T11:38:00.000+08:00,431.9902038574219,9.794570922851562,12.298828125,21.97397804260254,0.15846015512943268,381.0,6.0960001945495605,3.4760000705718994,1926.5999755859375,506.25,1.990625023841858,1.020135521888733,2663.0,506.25,1.990625023841858,1.020135521888733,2663.0,506.25,1.990625023841858,1.020135521888733,2663.0
2026-09-09T11:39:00.000+08:00,434.584228515625,9.750679016113281,12.33349609375,21.619638442993164,0.1611497849225998,381.1000061035156,6.14900016784668,3.490999937057495,1926.699951171875,506.25,1.990625023841858,1.0189242362976074,2663.0,506.25,1.990625023841858,1.0189242362976074,2663.0,506.25,1.990625023841858,1.0189242362976074,2663.0
2026-09-09T11:40:00.000+08:00,436.11505126953125,9.773235321044922,12.361083984375,21.57857894897461,0.1611783504486084,381.5,6.117000102996826,3.489000082015991,1926.699951171875,506.25,1.990625023841858,1.0202701091766357,2663.0,506.25,1.990625023841858,1.0202701091766357,2663.0,506.25,1.990625023841858,1.0202701091766357,2663.0
2026-09-09T11:41:00.000+08:00,433.178955078125,9.784774780273438,12.291748046875,21.38202476501465,0.16326798498630524,381.5,6.114999771118164,3.484999895095825,1926.800048828125,506.25,1.990625023841858,1.0198663473129272,2663.0,506.25,1.990625023841858,1.0198663473129272,2663.0,506.25,1.990625023841858,1.0198663473129272,2663.0
2026-09-09T11:42:00.000+08:00,436.2336120605469,9.800628662109375,12.236083984375,21.82329559326172,0.16001249849796295,381.0,6.078999996185303,3.4760000705718994,1926.9000244140625,506.25,1.990625023841858,1.016501784324646,2663.0,506.25,1.990625023841858,1.016501784324646,2663.0,506.25,1.990625023841858,1.016501784324646,2663.0
2026-09-09T11:43:00.000+08:00,436.7865295410156,9.780445098876953,12.263916015625,21.74424171447754,0.16077820956707,380.79998779296875,6.059000015258789,3.4709999561309814,1926.9000244140625,506.25,1.990625023841858,1.014886736869812,2663.0,506.25,1.990625023841858,1.014886736869812,2663.0,506.25,1.990625023841858,1.014886736869812,2663.0
2026-09-09T11:44:00.000+08:00,422.9794006347656,9.803756713867188,12.298828125,20.283098220825195,0.17093050479888916,381.1000061035156,6.071000099182129,3.4749999046325684,1927.0,506.25,1.990625023841858,1.0189242362976074,2663.0,506.25,1.990625023841858,1.0189242362976074,2663.0,506.25,1.990625023841858,1.0189242362976074,2663.0
2026-09-09T11:45:00.000+08:00,434.91259765625,9.763519287109375,12.2783203125,21.334611892700195,0.16269338130950928,380.8999938964844,6.0970001220703125,3.4700000286102295,1927.0,506.25,1.990625023841858,1.016501784324646,2663.0,506.25,1.990625023841858,1.016501784324646,2663.0,506.25,1.990625023841858,1.016501784324646,2663.0
2026-09-09T11:46:00.000+08:00,437.5667724609375,9.869823455810547,12.263916015625,22.75925064086914,0.15268516540527344,380.8999938964844,6.083000183105469,3.4730000495910645,1927.0999755859375,506.25,1.990625023841858,1.018520474433899,2663.0,506.25,1.990625023841858,1.018520474433899,2663.0,506.25,1.990625023841858,1.018520474433899,2663.0
2026-09-09T11:47:00.000+08:00,441.64447021484375,9.772369384765625,12.270751953125,21.8571834564209,0.15916962921619415,381.20001220703125,6.072999954223633,3.4769999980926514,1927.0999755859375,506.25,1.990625023841858,1.0189242362976074,2663.0,506.25,1.990625023841858,1.0189242362976074,2663.0,506.25,1.990625023841858,1.0189242362976074,2663.0
2026-09-09T11:48:00.000+08:00,448.60968017578125,9.790107727050781,12.229248046875,21.719707489013672,0.1600850224494934,381.20001220703125,6.0980000495910645,3.4860000610351562,1927.199951171875,506.25,1.990625023841858,1.019327998161316,2663.0,506.25,1.990625023841858,1.019327998161316,2663.0,506.25,1.990625023841858,1.019327998161316,2663.0
2026-09-09T11:49:00.000+08:00,438.1695251464844,9.764656066894531,12.2919921875,21.782079696655273,0.15953481197357178,381.5,6.0960001945495605,3.486999988555908,1927.300048828125,506.25,1.990625023841858,1.0194625854492188,2663.0,506.25,1.990625023841858,1.0194625854492188,2663.0,506.25,1.990625023841858,1.0194625854492188,2663.0
2026-09-09T11:50:00.000+08:00,441.5661315917969,9.7879638671875,12.28515625,21.37745475769043,0.16246087849140167,381.70001220703125,6.089000225067139,3.49399995803833,1927.300048828125,506.25,2.0289063453674316,1.0372275114059448,2663.0,506.25,2.0289063453674316,1.0372275114059448,2663.0,506.25,2.0289063453674316,1.0372275114059448,2663.0
2026-09-09T11:51:00.000+08:00,446.488525390625,9.851604461669922,12.263916015625,22.080730438232422,0.1579657942056656,381.3999938964844,6.078000068664551,3.4790000915527344,1927.4000244140625,506.25,1.990625023841858,1.0222887992858887,2663.0,506.25,1.990625023841858,1.0222887992858887,2663.0,506.25,1.990625023841858,1.0222887992858887,2663.0
2026-09-09T11:52:00.000+08:00,438.26263427734375,9.785907745361328,12.298828125,21.846649169921875,0.15984144806861877,381.6000061035156,6.083000183105469,3.4830000400543213,1927.4000244140625,506.25,1.990625023841858,1.0198663473129272,2663.0,506.25,1.990625023841858,1.0198663473129272,2663.0,506.25,1.990625023841858,1.0198663473129272,2663.0
2026-09-09T11:53:00.000+08:00,437.38372802734375,9.844451904296875,12.263916015625,21.77579116821289,0.1602237969636917,381.8999938964844,6.09499979019165,3.48799991607666,1927.5,506.25,1.990625023841858,1.0243076086044312,2663.0,506.25,1.990625023841858,1.0243076086044312,2663.0,506.25,1.990625023841858,1.0243076086044312,2663.0
2026-09-09T11:54:00.000+08:00,434.900390625,9.825035095214844,12.34033203125,21.559988021850586,0.16154925525188446,381.29998779296875,6.0929999351501465,3.4860000610351562,1927.5999755859375,506.25,1.990625023841858,1.0205392837524414,2663.0,506.25,1.990625023841858,1.0205392837524414,2663.0,506.25,1.990625023841858,1.0205392837524414,2663.0
2026-09-09T11:55:00.000+08:00,430.649169921875,9.864593505859375,12.284912109375,21.249656677246094,0.16404971480369568,381.70001220703125,6.117000102996826,3.5,1927.5999755859375,506.25,1.990625023841858,1.0240384340286255,2663.0,506.25,1.990625023841858,1.0240384340286255,2663.0,506.25,1.990625023841858,1.0240384340286255,2663.0
2026-09-09T11:56:00.000+08:00,432.05657958984375,9.849334716796875,12.28515625,21.425710678100586,0.16146458685398102,381.79998779296875,6.11299991607666,3.496999979019165,1927.699951171875,506.25,1.990625023841858,1.0228271484375,2663.0,506.25,1.990625023841858,1.0228271484375,2663.0,506.25,1.990625023841858,1.0228271484375,2663.0
2026-09-09T11:57:00.000+08:00,444.56219482421875,9.857601165771484,12.284912109375,21.472869873046875,0.16276352107524872,382.0,6.098999977111816,3.5,1927.699951171875,509.765625,1.990625023841858,1.026460886001587,2663.0,509.765625,1.990625023841858,1.026460886001587,2663.0,509.765625,1.990625023841858,1.026460886001587,2663.0
2026-09-09T11:58:00.000+08:00,442.12640380859375,9.857601165771484,12.3056640625,21.22193145751953,0.16482947766780853,382.1000061035156,6.130000114440918,3.50600004196167,1927.800048828125,509.765625,1.990625023841858,1.0232309103012085,2663.0,509.765625,1.990625023841858,1.0232309103012085,2663.0,509.765625,1.990625023841858,1.0232309103012085,2663.0
2026-09-09T11:59:00.000+08:00,450.9801025390625,9.859500885009766,12.27099609375,21.68858528137207,0.1616518497467041,382.1000061035156,6.099999904632568,3.50600004196167,1927.800048828125,509.765625,1.990625023841858,1.024442195892334,2663.0,509.765625,1.990625023841858,1.024442195892334,2663.0,509.765625,1.990625023841858,1.024442195892334,2663.0
2026-09-09T12:00:00.000+08:00,451.5412902832031,9.870651245117188,12.2158203125,22.540761947631836,0.15531861782073975,382.3999938964844,6.10099983215332,3.509000062942505,1927.9000244140625,509.765625,1.990625023841858,1.0284795761108398,2663.0,509.765625,1.990625023841858,1.0284795761108398,2663.0,509.765625,1.990625023841858,1.0284795761108398,2663.0
2026-09-09T12:01:00.000+08:00,445.77923583984375,9.783092498779297,12.291748046875,21.515626907348633,0.16281189024448395,382.70001220703125,6.105000019073486,3.5160000324249268,1928.0,509.765625,1.990625023841858,1.0282104015350342,2663.0,509.765625,1.990625023841858,1.0282104015350342,2663.0,509.765625,1.990625023841858,1.0282104015350342,2663.0
2026-09-09T12:02:00.000+08:00,449.5187072753906,9.804153442382812,12.3056640625,21.041812896728516,0.1666206270456314,382.8999938964844,6.109000205993652,3.5169999599456787,1928.0,509.765625,1.990625023841858,1.0323824882507324,2663.0,509.765625,1.990625023841858,1.0323824882507324,2663.0,509.765625,1.990625023841858,1.0323824882507324,2663.0
2026-09-09T12:03:00.000+08:00,444.8011169433594,9.79055404663086,12.347412109375,21.93247413635254,0.16031023859977722,382.8999938964844,6.11299991607666,3.5169999599456787,1928.0999755859375,509.765625,2.0289063453674316,1.0408612489700317,2663.0,509.765625,2.0289063453674316,1.0408612489700317,2663.0,509.765625,2.0289063453674316,1.0408612489700317,2663.0
2026-09-09T12:04:00.000+08:00,443.7010192871094,9.869823455810547,12.291748046875,21.472009658813477,0.1637946367263794,382.79998779296875,6.104000091552734,3.5160000324249268,1928.0999755859375,509.765625,1.990625023841858,1.0257879495620728,2663.0,509.765625,1.990625023841858,1.0257879495620728,2663.0,509.765625,1.990625023841858,1.0257879495620728,2663.0
2026-09-09T12:05:00.000+08:00,429.708984375,9.823902130126953,12.34765625,21.257158279418945,0.16521494090557098,382.5,6.10099983215332,3.515000104904175,1928.199951171875,509.765625,1.990625023841858,1.0278067588806152,2663.0,509.765625,1.990625023841858,1.0278067588806152,2663.0,509.765625,1.990625023841858,1.0278067588806152,2663.0
2026-09-09T12:06:00.000+08:00,434.3246765136719,9.857990264892578,12.298828125,20.849885940551758,0.16877791285514832,382.79998779296875,6.1020002365112305,3.5169999599456787,1928.300048828125,509.765625,1.990625023841858,1.0274029970169067,2663.0,509.765625,1.990625023841858,1.0274029970169067,2663.0,509.765625,1.990625023841858,1.0274029970169067,2663.0
2026-09-09T12:07:00.000+08:00,429.3934020996094,9.828227996826172,12.3544921875,20.811569213867188,0.16870424151420593,383.0,6.124000072479248,3.5220000743865967,1928.300048828125,509.765625,1.990625023841858,1.0310367345809937,2663.0,509.765625,1.990625023841858,1.0310367345809937,2663.0,509.765625,1.990625023841858,1.0310367345809937,2663.0
2026-09-09T12:08:00.000+08:00,434.525390625,9.757816314697266,12.3544921875,20.971769332885742,0.16755859553813934,382.29998779296875,6.10099983215332,3.503000020980835,1928.4000244140625,509.765625,1.990625023841858,1.0294216871261597,2663.0,509.765625,1.990625023841858,1.0294216871261597,2663.0,509.765625,1.990625023841858,1.0294216871261597,2663.0
2026-09-09T12:09:00.000+08:00,433.06402587890625,9.871349334716797,12.298828125,21.821279525756836,0.16112712025642395,382.70001220703125,6.111000061035156,3.5199999809265137,1928.4000244140625,509.765625,1.990625023841858,1.0286141633987427,2663.0,509.765625,1.990625023841858,1.0286141633987427,2663.0,509.765625,1.990625023841858,1.0286141633987427,2663.0
2026-09-09T12:10:00.000+08:00,430.0215759277344,9.86892318725586,12.347412109375,21.550642013549805,0.1629185825586319,382.5,6.119999885559082,3.513000011444092,1928.5,509.765625,1.990625023841858,1.031844139099121,2663.0,509.765625,1.990625023841858,1.031844139099121,2663.0,509.765625,1.990625023841858,1.031844139099121,2663.0
2026-09-09T12:11:00.000+08:00,448.2137451171875,9.770431518554688,12.3125,21.513580322265625,0.16333869099617004,382.20001220703125,6.11899995803833,3.502000093460083,1928.5999755859375,509.765625,1.990625023841858,1.0260571241378784,2663.0,509.765625,1.990625023841858,1.0260571241378784,2663.0,509.765625,1.990625023841858,1.0260571241378784,2663.0
2026-09-09T12:12:00.000+08:00,438.5382080078125,9.855110168457031,12.326416015625,22.158653259277344,0.15880930423736572,382.6000061035156,6.11899995803833,3.510999917984009,1928.5999755859375,509.765625,1.990625023841858,1.024845838546753,2663.0,509.765625,1.990625023841858,1.024845838546753,2663.0,509.765625,1.990625023841858,1.024845838546753,2663.0
2026-09-09T12:13:00.000+08:00,438.376953125,9.779460906982422,12.3125,21.63604736328125,0.16204437613487244,382.6000061035156,6.140999794006348,3.51200008392334,1928.699951171875,509.765625,1.990625023841858,1.0302292108535767,2663.0,509.765625,1.990625023841858,1.0302292108535767,2663.0,509.765625,1.990625023841858,1.0302292108535767,2663.0
2026-09-09T12:14:00.000+08:00,423.1720886230469,9.762535095214844,12.3125,21.024843215942383,0.16689778864383698,382.6000061035156,6.120999813079834,3.50600004196167,1928.699951171875,509.765625,1.990625023841858,1.0282104015350342,2663.0,509.765625,1.990625023841858,1.0282104015350342,2663.0,509.765625,1.990625023841858,1.0282104015350342,2663.0
2026-09-09T12:15:00.000+08:00,437.6964111328125,9.828227996826172,12.361328125,21.699758529663086,0.16179904341697693,382.1000061035156,6.107999801635742,3.5,1928.800048828125,506.25,1.990625023841858,1.0280758142471313,2663.0,506.25,1.990625023841858,1.0280758142471313,2663.0,506.25,1.990625023841858,1.0280758142471313,2663.0
2026-09-09T12:16:00.000+08:00,443.5539855957031,9.815242767333984,12.3056640625,22.669151306152344,0.1549241989850998,382.1000061035156,6.118000030517578,3.497999906539917,1928.800048828125,509.765625,1.990625023841858,1.02565336227417,2663.0,509.765625,1.990625023841858,1.02565336227417,2663.0,509.765625,1.990625023841858,1.02565336227417,2663.0
2026-09-09T12:17:00.000+08:00,430.9278564453125,9.856304168701172,12.3056640625,21.563541412353516,0.16203275322914124,382.20001220703125,6.0929999351501465,3.500999927520752,1928.9000244140625,509.765625,2.0289063453674316,1.0349395275115967,2663.0,509.765625,2.0289063453674316,1.0349395275115967,2663.0,509.765625,2.0289063453674316,1.0349395275115967,2663.0
2026-09-09T12:18:00.000+08:00,447.6462707519531,9.860637664794922,12.298583984375,21.704912185668945,0.1615302562713623,382.8999938964844,6.125999927520752,3.5199999809265137,1929.0,509.765625,1.990625023841858,1.0323824882507324,2663.0,509.765625,1.990625023841858,1.0323824882507324,2663.0,509.765625,1.990625023841858,1.0323824882507324,2663.0
2026-09-09T12:19:00.000+08:00,438.48016357421875,9.870899200439453,12.361328125,20.843074798583984,0.16830530762672424,383.0,6.138000011444092,3.5220000743865967,1929.0,509.765625,1.990625023841858,1.0286141633987427,2663.0,509.765625,1.990625023841858,1.0286141633987427,2663.0,509.765625,1.990625023841858,1.0286141633987427,2663.0
2026-09-09T12:20:00.000+08:00,434.058349609375,9.839237213134766,12.423583984375,21.159290313720703,0.16616813838481903,382.70001220703125,6.122000217437744,3.509999990463257,1929.0999755859375,509.765625,1.990625023841858,1.0282104015350342,2663.0,509.765625,1.990625023841858,1.0282104015350342,2663.0,509.765625,1.990625023841858,1.0282104015350342,2663.0
2026-09-09T12:21:00.000+08:00,431.5210876464844,9.765647888183594,12.4306640625,21.30790138244629,0.16529080271720886,382.29998779296875,6.116000175476074,3.500999927520752,1929.0999755859375,509.765625,1.990625023841858,1.024442195892334,2663.0,509.765625,1.990625023841858,1.024442195892334,2663.0,509.765625,1.990625023841858,1.024442195892334,2663.0
2026-09-09T12:22:00.000+08:00,439.22113037109375,9.858474731445312,12.395751953125,22.437135696411133,0.15648165345191956,382.29998779296875,6.116000175476074,3.497999906539917,1929.199951171875,509.765625,1.990625023841858,1.024442195892334,2663.0,509.765625,1.990625023841858,1.024442195892334,2663.0,509.765625,1.990625023841858,1.024442195892334,2663.0
2026-09-09T12:23:00.000+08:00,449.8089599609375,9.839996337890625,12.38916015625,23.064239501953125,0.15175007283687592,382.8999938964844,6.13700008392334,3.509999990463257,1929.300048828125,509.765625,2.0289063453674316,1.0436874628067017,2663.0,509.765625,2.0289063453674316,1.0436874628067017,2663.0,509.765625,2.0289063453674316,1.0436874628067017,2663.0
2026-09-09T12:24:00.000+08:00,444.8249206542969,9.8641357421875,12.3681640625,22.631114959716797,0.1544775813817978,382.8999938964844,6.1020002365112305,3.50600004196167,1929.300048828125,509.765625,1.990625023841858,1.0282104015350342,2663.0,509.765625,1.990625023841858,1.0282104015350342,2663.0,509.765625,1.990625023841858,1.0282104015350342,2663.0
2026-09-09T12:25:00.000+08:00,443.0292053222656,9.866962432861328,12.3681640625,22.33621597290039,0.15692004561424255,382.6000061035156,6.151000022888184,3.5230000019073486,1929.4000244140625,509.765625,1.990625023841858,1.0261917114257812,2663.0,509.765625,1.990625023841858,1.0261917114257812,2663.0,509.765625,1.990625023841858,1.0261917114257812,2663.0
2026-09-09T12:26:00.000+08:00,453.2998046875,9.842571258544922,12.2783203125,22.55381965637207,0.155849426984787,382.70001220703125,6.14300012588501,3.510999917984009,1929.4000244140625,509.765625,1.990625023841858,1.0294216871261597,2663.0,509.765625,1.990625023841858,1.0294216871261597,2663.0,509.765625,1.990625023841858,1.0294216871261597,2663.0
2026-09-09T12:27:00.000+08:00,448.2756652832031,9.873470306396484,12.222412109375,22.055381774902344,0.15964357554912567,383.29998779296875,6.1620001792907715,3.5199999809265137,1929.5,509.765625,1.990625023841858,1.032786250114441,2663.0,509.765625,1.990625023841858,1.032786250114441,2663.0,509.765625,1.990625023841858,1.032786250114441,2663.0
2026-09-09T12:28:00.000+08:00,463.3578796386719,9.853290557861328,12.3056640625,22.58248519897461,0.1554744690656662,383.29998779296875,6.133999824523926,3.5169999599456787,1929.5,509.765625,1.990625023841858,1.0303637981414795,2663.0,509.765625,1.990625023841858,1.0303637981414795,2663.0,509.765625,1.990625023841858,1.0303637981414795,2663.0
2026-09-09T12:29:00.000+08:00,460.0014343261719,9.830718994140625,12.28515625,21.243770599365234,0.16560149192810059,383.20001220703125,6.14300012588501,3.5209999084472656,1929.5999755859375,509.765625,1.990625023841858,1.029152512550354,2663.0,509.765625,1.990625023841858,1.029152512550354,2663.0,509.765625,1.990625023841858,1.029152512550354,2663.0
2026-09-09T12:30:00.000+08:00,452.1925354003906,9.834674835205078,12.28515625,21.859804153442383,0.16148360073566437,383.20001220703125,6.103000164031982,3.5179998874664307,1929.699951171875,509.765625,1.990625023841858,1.034401297569275,2663.0,509.765625,1.990625023841858,1.034401297569275,2663.0,509.765625,1.990625023841858,1.034401297569275,2663.0
2026-09-09T12:31:00.000+08:00,467.15118408203125,9.874237060546875,12.2431640625,22.58710289001465,0.1556197702884674,382.79998779296875,6.09499979019165,3.513000011444092,1929.699951171875,509.765625,1.990625023841858,1.0294216871261597,2663.0,509.765625,1.990625023841858,1.0294216871261597,2663.0,509.765625,1.990625023841858,1.0294216871261597,2663.0
2026-09-09T12:32:00.000+08:00,451.45831298828125,9.819633483886719,12.298828125,22.08157730102539,0.15990705788135529,383.0,6.084000110626221,3.505000114440918,1929.800048828125,509.765625,2.0289063453674316,1.0372275114059448,2663.0,509.765625,2.0289063453674316,1.0372275114059448,2663.0,509.765625,2.0289063453674316,1.0372275114059448,2663.0
2026-09-09T12:33:00.000+08:00,432.8094787597656,9.842571258544922,12.291748046875,20.150409698486328,0.17443813383579254,382.79998779296875,6.0920000076293945,3.510999917984009,1929.800048828125,509.765625,1.990625023841858,1.0298254489898682,2663.0,509.765625,1.990625023841858,1.0298254489898682,2663.0,509.765625,1.990625023841858,1.0298254489898682,2663.0
2026-09-09T12:34:00.000+08:00,450.4645080566406,9.850624084472656,12.3681640625,21.459936141967773,0.16379359364509583,382.3999938964844,6.0929999351501465,3.507999897003174,1929.9000244140625,509.765625,1.990625023841858,1.027268409729004,2664.0,509.765625,1.990625023841858,1.027268409729004,2664.0,509.765625,1.990625023841858,1.027268409729004,2664.0
2026-09-09T12:35:00.000+08:00,454.03375244140625,9.699272155761719,12.3544921875,22.195138931274414,0.15841306746006012,382.79998779296875,6.111999988555908,3.5160000324249268,1930.0,509.765625,1.990625023841858,1.0282104015350342,2664.0,509.765625,1.990625023841858,1.0282104015350342,2664.0,509.765625,1.990625023841858,1.0282104015350342,2664.0
2026-09-09T12:36:00.000+08:00,459.2397766113281,9.68865966796875,12.236328125,22.71734619140625,0.15446345508098602,382.79998779296875,6.105999946594238,3.513000011444092,1930.0,509.765625,1.990625023841858,1.0298254489898682,2664.0,509.765625,1.990625023841858,1.0298254489898682,2664.0,509.765625,1.990625023841858,1.0298254489898682,2664.0
2026-09-09T12:37:00.000+08:00,450.731689453125,9.61751937866211,12.125,23.601720809936523,0.14909930527210236,382.8999938964844,6.131999969482422,3.5250000953674316,1930.0999755859375,509.765625,1.990625023841858,1.0303637981414795,2664.0,509.765625,1.990625023841858,1.0303637981414795,2664.0,509.765625,1.990625023841858,1.0303637981414795,2664.0
2026-09-09T12:38:00.000+08:00,443.9102783203125,9.493522644042969,12.0625,22.033830642700195,0.15970896184444427,383.0,6.126999855041504,3.5239999294281006,1930.0999755859375,509.765625,1.990625023841858,1.0303637981414795,2664.0,509.765625,1.990625023841858,1.0303637981414795,2664.0,509.765625,1.990625023841858,1.0303637981414795,2664.0
2026-09-09T12:39:00.000+08:00,435.1771545410156,9.44179916381836,12.111328125,21.518108367919922,0.1635831594467163,382.29998779296875,6.13100004196167,3.5190000534057617,1930.199951171875,509.765625,1.990625023841858,1.023634672164917,2664.0,509.765625,1.990625023841858,1.023634672164917,2664.0,509.765625,1.990625023841858,1.023634672164917,2664.0
2026-09-09T12:40:00.000+08:00,440.873779296875,9.48135757446289,12.041748046875,23.283540725708008,0.15096502006053925,382.5,6.120999813079834,3.5179998874664307,1930.199951171875,509.765625,1.990625023841858,1.0322479009628296,2664.0,509.765625,1.990625023841858,1.0322479009628296,2664.0,509.765625,1.990625023841858,1.0322479009628296,2664.0
2026-09-09T12:41:00.000+08:00,445.88238525390625,9.460121154785156,12.041748046875,23.4422550201416,0.14985759556293488,382.79998779296875,6.117000102996826,3.5190000534057617,1930.300048828125,509.765625,1.990625023841858,1.0294216871261597,2664.0,509.765625,1.990625023841858,1.0294216871261597,2664.0,509.765625,1.990625023841858,1.0294216871261597,2664.0
2026-09-09T12:42:00.000+08:00,445.15728759765625,9.48098373413086,12.034912109375,22.572280883789062,0.15536753833293915,383.0,6.13100004196167,3.5220000743865967,1930.4000244140625,509.765625,1.990625023841858,1.0286141633987427,2664.0,509.765625,1.990625023841858,1.0286141633987427,2664.0,509.765625,1.990625023841858,1.0286141633987427,2664.0
2026-09-09T12:43:00.000+08:00,444.9868469238281,9.501102447509766,12.1044921875,22.940858840942383,0.1533944308757782,382.8999938964844,6.122000217437744,3.515000104904175,1930.4000244140625,509.765625,1.990625023841858,1.0310367345809937,2664.0,509.765625,1.990625023841858,1.0310367345809937,2664.0,509.765625,1.990625023841858,1.0310367345809937,2664.0
2026-09-09T12:44:00.000+08:00,446.33526611328125,9.56365966796875,12.229248046875,22.23415756225586,0.15849487483501434,382.8999938964844,6.103000164031982,3.5190000534057617,1930.5,509.765625,1.990625023841858,1.0315749645233154,2664.0,509.765625,1.990625023841858,1.0315749645233154,2664.0,509.765625,1.990625023841858,1.0315749645233154,2664.0
2026-09-09T12:45:00.000+08:00,446.1700744628906,9.600898742675781,12.22265625,22.894201278686523,0.15357600152492523,382.6000061035156,6.116000175476074,3.51200008392334,1930.5,509.765625,1.990625023841858,1.0282104015350342,2664.0,509.765625,1.990625023841858,1.0282104015350342,2664.0,509.765625,1.990625023841858,1.0282104015350342,2664.0
2026-09-09T12:46:00.000+08:00,436.33294677734375,9.572883605957031,12.229248046875,22.540752410888672,0.15585105121135712,383.0,6.116000175476074,3.5190000534057617,1930.5999755859375,509.765625,1.990625023841858,1.0315749645233154,2664.0,509.765625,1.990625023841858,1.0315749645233154,2664.0,509.765625,1.990625023841858,1.0315749645233154,2664.0
2026-09-09T12:47:00.000+08:00,445.2972412109375,9.611309051513672,12.14599609375,23.16107177734375,0.15180644392967224,382.5,6.090000152587891,3.499000072479248,1930.699951171875,509.765625,1.990625023841858,1.0253841876983643,2664.0,509.765625,1.990625023841858,1.0253841876983643,2664.0,509.765625,1.990625023841858,1.0253841876983643,2664.0
2026-09-09T12:48:00.000+08:00,455.7174987792969,9.579338073730469,12.125,23.94891929626465,0.1472717821598053,382.8999938964844,6.13100004196167,3.5199999809265137,1930.699951171875,509.765625,1.990625023841858,1.0306329727172852,2664.0,509.765625,1.990625023841858,1.0306329727172852,2664.0,509.765625,1.990625023841858,1.0306329727172852,2664.0
2026-09-09T12:49:00.000+08:00,449.45977783203125,9.501419067382812,12.173828125,23.6721134185791,0.14810676872730255,383.20001220703125,6.116000175476074,3.5260000228881836,1930.800048828125,509.765625,1.990625023841858,1.0323824882507324,2664.0,509.765625,1.990625023841858,1.0323824882507324,2664.0,509.765625,1.990625023841858,1.0323824882507324,2664.0
2026-09-09T12:50:00.000+08:00,457.7454528808594,9.556022644042969,12.1181640625,23.009288787841797,0.1532859206199646,382.3999938964844,6.107999801635742,3.500999927520752,1930.800048828125,509.765625,1.990625023841858,1.024845838546753,2664.0,509.765625,1.990625023841858,1.024845838546753,2664.0,509.765625,1.990625023841858,1.024845838546753,2664.0
2026-09-09T12:51:00.000+08:00,445.3289794921875,9.543731689453125,12.125,22.562416076660156,0.155657097697258,382.5,6.138999938964844,3.51200008392334,1930.9000244140625,509.765625,2.0289063453674316,1.0387078523635864,2664.0,509.765625,2.0289063453674316,1.0387078523635864,2664.0,509.765625,2.0289063453674316,1.0387078523635864,2664.0
2026-09-09T12:52:00.000+08:00,436.5281677246094,9.559211730957031,12.111328125,22.272144317626953,0.15728166699409485,382.79998779296875,6.107999801635742,3.5160000324249268,1931.0,509.765625,1.990625023841858,1.0274029970169067,2664.0,509.765625,1.990625023841858,1.0274029970169067,2664.0,509.765625,1.990625023841858,1.0274029970169067,2664.0
2026-09-09T12:53:00.000+08:00,445.617919921875,9.5032958984375,12.138916015625,22.988773345947266,0.15250921249389648,382.79998779296875,6.1570000648498535,3.5179998874664307,1931.0,509.765625,1.990625023841858,1.0274029970169067,2664.0,509.765625,1.990625023841858,1.0274029970169067,2664.0,509.765625,1.990625023841858,1.0274029970169067,2664.0
2026-09-09T12:54:00.000+08:00,448.4228515625,9.55031967163086,12.1669921875,22.6599063873291,0.15511979162693024,382.70001220703125,6.138999938964844,3.515000104904175,1931.0999755859375,509.765625,1.990625023841858,1.0306329727172852,2664.0,509.765625,1.990625023841858,1.0306329727172852,2664.0,509.765625,1.990625023841858,1.0306329727172852,2664.0
2026-09-09T12:55:00.000+08:00,446.4568786621094,9.614128112792969,12.16015625,22.255828857421875,0.15784628689289093,382.79998779296875,6.13100004196167,3.5169999599456787,1931.0999755859375,509.765625,1.990625023841858,1.0323824882507324,2664.0,509.765625,1.990625023841858,1.0323824882507324,2664.0,509.765625,1.990625023841858,1.0323824882507324,2664.0
2026-09-09T12:56:00.000+08:00,442.2084045410156,9.524044036865234,12.1044921875,23.318279266357422,0.15095452964305878,382.70001220703125,6.130000114440918,3.5220000743865967,1931.199951171875,509.765625,1.990625023841858,1.0257879495620728,2664.0,509.765625,1.990625023841858,1.0257879495620728,2664.0,509.765625,1.990625023841858,1.0257879495620728,2664.0
2026-09-09T12:57:00.000+08:00,436.6182556152344,9.539897918701172,12.0419921875,22.44141387939453,0.1568974256515503,382.5,6.14300012588501,3.5139999389648438,1931.199951171875,509.765625,1.990625023841858,1.0290179252624512,2664.0,509.765625,1.990625023841858,1.0290179252624512,2664.0,509.765625,1.990625023841858,1.0290179252624512,2664.0
2026-09-09T12:58:00.000+08:00,448.2185363769531,9.5118408203125,12.0625,22.874910354614258,0.15361808240413666,382.3999938964844,6.127999782562256,3.503000020980835,1931.300048828125,509.765625,1.990625023841858,1.0310367345809937,2664.0,509.765625,1.990625023841858,1.0310367345809937,2664.0,509.765625,1.990625023841858,1.0310367345809937,2664.0
2026-09-09T12:59:00.000+08:00,433.8327941894531,9.550636291503906,12.041748046875,21.6551513671875,0.16227085888385773,381.6000061035156,6.083000183105469,3.4839999675750732,1931.4000244140625,506.25,1.990625023841858,1.0239038467407227,2664.0,506.25,1.990625023841858,1.0239038467407227,2664.0,506.25,1.990625023841858,1.0239038467407227,2664.0
2026-09-09T13:00:00.000+08:00,429.9229736328125,9.624988555908203,12.0908203125,22.174148559570312,0.15824733674526215,381.6000061035156,6.093999862670898,3.489000082015991,1931.4000244140625,506.25,1.990625023841858,1.0214812755584717,2664.0,506.25,1.990625023841858,1.0214812755584717,2664.0,506.25,1.990625023841858,1.0214812755584717,2664.0
2026-09-09T13:01:00.000+08:00,441.9198303222656,9.563980102539062,12.0,22.090599060058594,0.1581668257713318,381.79998779296875,6.074999809265137,3.490999937057495,1931.5,506.25,1.990625023841858,1.0329208374023438,2664.0,506.25,1.990625023841858,1.0329208374023438,2664.0,506.25,1.990625023841858,1.0329208374023438,2664.0
2026-09-09T13:02:00.000+08:00,430.4134216308594,9.60882568359375,12.048583984375,21.527667999267578,0.1619776040315628,381.5,6.056000232696533,3.4820001125335693,1931.5,506.25,1.990625023841858,1.0222887992858887,2664.0,506.25,1.990625023841858,1.0222887992858887,2664.0,506.25,1.990625023841858,1.0222887992858887,2664.0
2026-09-09T13:03:00.000+08:00,431.99957275390625,9.585865020751953,12.02099609375,21.563154220581055,0.16171103715896606,381.6000061035156,6.122000217437744,3.484999895095825,1931.5999755859375,506.25,1.990625023841858,1.0170401334762573,2664.0,506.25,1.990625023841858,1.0170401334762573,2664.0,506.25,1.990625023841858,1.0170401334762573,2664.0
2026-09-09T13:04:00.000+08:00,432.6729431152344,9.58260726928711,12.1181640625,21.167665481567383,0.16449616849422455,381.3999938964844,6.099999904632568,3.4800000190734863,1931.5999755859375,506.25,1.990625023841858,1.0226925611495972,2664.0,506.25,1.990625023841858,1.0226925611495972,2664.0,506.25,1.990625023841858,1.0226925611495972,2664.0
2026-09-09T13:05:00.000+08:00,438.5406188964844,9.601612091064453,12.1181640625,21.188526153564453,0.1649477630853653,381.0,6.111999988555908,3.4709999561309814,1931.699951171875,506.25,1.990625023841858,1.0217504501342773,2664.0,506.25,1.990625023841858,1.0217504501342773,2664.0,506.25,1.990625023841858,1.0217504501342773,2664.0
2026-09-09T13:06:00.000+08:00,440.515869140625,9.60500717163086,12.0556640625,22.22713851928711,0.1569252908229828,381.5,6.122000217437744,3.490999937057495,1931.800048828125,506.25,1.990625023841858,1.0222887992858887,2664.0,506.25,1.990625023841858,1.0222887992858887,2664.0,506.25,1.990625023841858,1.0222887992858887,2664.0
2026-09-09T13:07:00.000+08:00,444.34613037109375,9.608158111572266,12.09033203125,22.104734420776367,0.15702518820762634,381.29998779296875,6.107999801635742,3.484999895095825,1931.800048828125,506.25,1.990625023841858,1.0239038467407227,2664.0,506.25,1.990625023841858,1.0239038467407227,2664.0,506.25,1.990625023841858,1.0239038467407227,2664.0
2026-09-09T13:08:00.000+08:00,425.75848388671875,9.595890045166016,12.1806640625,21.006303787231445,0.1660453975200653,381.1000061035156,6.129000186920166,3.493000030517578,1931.9000244140625,506.25,1.990625023841858,1.0190588235855103,2664.0,506.25,1.990625023841858,1.0190588235855103,2664.0,506.25,1.990625023841858,1.0190588235855103,2664.0
2026-09-09T13:09:00.000+08:00,436.5680847167969,9.620048522949219,12.013916015625,21.493505477905273,0.16204895079135895,381.0,6.117000102996826,3.4769999980926514,1931.9000244140625,506.25,1.990625023841858,1.018520474433899,2664.0,506.25,1.990625023841858,1.018520474433899,2664.0,506.25,1.990625023841858,1.018520474433899,2664.0
2026-09-09T13:10:00.000+08:00,432.07733154296875,9.59017562866211,12.0,21.94093132019043,0.15901786088943481,381.1000061035156,6.111999988555908,3.4830000400543213,1932.0,506.25,1.990625023841858,1.0198663473129272,2664.0,506.25,1.990625023841858,1.0198663473129272,2664.0,506.25,1.990625023841858,1.0198663473129272,2664.0
2026-09-09T13:11:00.000+08:00,436.28265380859375,9.603477478027344,12.083251953125,22.035831451416016,0.15824227035045624,381.0,6.0879998207092285,3.484999895095825,1932.0999755859375,506.25,1.990625023841858,1.0177130699157715,2664.0,506.25,1.990625023841858,1.0177130699157715,2664.0,506.25,1.990625023841858,1.0177130699157715,2664.0
2026-09-09T13:12:00.000+08:00,438.66387939453125,9.595890045166016,12.132080078125,21.2138729095459,0.1644207090139389,381.20001220703125,6.120999813079834,3.490999937057495,1932.0999755859375,506.25,1.990625023841858,1.0202701091766357,2664.0,506.25,1.990625023841858,1.0202701091766357,2664.0,506.25,1.990625023841858,1.0202701091766357,2664.0
2026-09-09T13:13:00.000+08:00,436.6855773925781,9.580036163330078,12.194580078125,21.726852416992188,0.16387608647346497,380.6000061035156,6.103000164031982,3.4769999980926514,1932.199951171875,506.25,1.990625023841858,1.0152904987335205,2664.0,506.25,1.990625023841858,1.0152904987335205,2664.0,506.25,1.990625023841858,1.0152904987335205,2664.0
2026-09-09T13:14:00.000+08:00,429.1636047363281,9.604156494140625,12.16015625,22.049715042114258,0.1580972820520401,380.79998779296875,6.104000091552734,3.4779999256134033,1932.199951171875,506.25,1.990625023841858,1.0181167125701904,2664.0,506.25,1.990625023841858,1.0181167125701904,2664.0,506.25,1.990625023841858,1.0181167125701904,2664.0
2026-09-09T13:15:00.000+08:00,445.4052429199219,9.737117767333984,12.1044921875,22.662460327148438,0.15316078066825867,381.6000061035156,6.0980000495910645,3.5,1932.300048828125,506.25,1.990625023841858,1.0325170755386353,2664.0,506.25,1.990625023841858,1.0325170755386353,2664.0,506.25,1.990625023841858,1.0325170755386353,2664.0
2026-09-09T13:16:00.000+08:00,440.3848571777344,9.767906188964844,12.222412109375,22.315624237060547,0.1558997482061386,382.20001220703125,6.103000164031982,3.50600004196167,1932.300048828125,509.765625,1.990625023841858,1.024845838546753,2664.0,509.765625,1.990625023841858,1.024845838546753,2664.0,509.765625,1.990625023841858,1.024845838546753,2664.0
2026-09-09T13:17:00.000+08:00,440.0472717285156,9.803756713867188,12.2919921875,20.250438690185547,0.17288513481616974,382.5,6.111000061035156,3.513000011444092,1932.4000244140625,509.765625,1.990625023841858,1.0245766639709473,2664.0,509.765625,1.990625023841858,1.0245766639709473,2664.0,509.765625,1.990625023841858,1.0245766639709473,2664.0
2026-09-09T13:18:00.000+08:00,440.19122314453125,9.773235321044922,12.361328125,21.49720001220703,0.16271886229515076,382.1000061035156,6.127999782562256,3.505000114440918,1932.5,509.765625,1.990625023841858,1.0253841876983643,2664.0,509.765625,1.990625023841858,1.0253841876983643,2664.0,509.765625,1.990625023841858,1.0253841876983643,2664.0
2026-09-09T13:19:00.000+08:00,442.2101745605469,9.791927337646484,12.298583984375,21.52584457397461,0.1633385419845581,382.20001220703125,6.119999885559082,3.499000072479248,1932.5,509.765625,1.990625023841858,1.0260571241378784,2664.0,509.765625,1.990625023841858,1.0260571241378784,2664.0,509.765625,1.990625023841858,1.0260571241378784,2664.0
2026-09-09T13:20:00.000+08:00,442.7683410644531,9.75149154663086,12.284912109375,22.657081604003906,0.1543005406856537,382.29998779296875,6.125,3.509000062942505,1932.5999755859375,509.765625,1.990625023841858,1.0290179252624512,2664.0,509.765625,1.990625023841858,1.0290179252624512,2664.0,509.765625,1.990625023841858,1.0290179252624512,2664.0
2026-09-09T13:21:00.000+08:00,440.47979736328125,9.808090209960938,12.2919921875,22.69780158996582,0.15402372181415558,382.70001220703125,6.103000164031982,3.50600004196167,1932.5999755859375,509.765625,1.990625023841858,1.0257879495620728,2664.0,509.765625,1.990625023841858,1.0257879495620728,2664.0,509.765625,1.990625023841858,1.0257879495620728,2664.0
2026-09-09T13:22:00.000+08:00,445.1482238769531,9.812419891357422,12.319580078125,22.032608032226562,0.15953627228736877,382.3999938964844,6.125999927520752,3.51200008392334,1932.699951171875,509.765625,1.990625023841858,1.0282104015350342,2664.0,509.765625,1.990625023841858,1.0282104015350342,2664.0,509.765625,1.990625023841858,1.0282104015350342,2664.0
2026-09-09T13:23:00.000+08:00,434.9469299316406,9.789413452148438,12.3544921875,22.422075271606445,0.15627455711364746,382.3999938964844,6.125999927520752,3.503000020980835,1932.800048828125,509.765625,1.990625023841858,1.0260571241378784,2664.0,509.765625,1.990625023841858,1.0260571241378784,2664.0,509.765625,1.990625023841858,1.0260571241378784,2664.0
2026-09-09T13:24:00.000+08:00,439.3714904785156,9.772552490234375,12.263916015625,21.600929260253906,0.16235412657260895,382.70001220703125,6.119999885559082,3.509999990463257,1932.800048828125,509.765625,1.990625023841858,1.0269992351531982,2664.0,509.765625,1.990625023841858,1.0269992351531982,2664.0,509.765625,1.990625023841858,1.0269992351531982,2664.0
2026-09-09T13:25:00.000+08:00,438.0389099121094,9.78558349609375,12.222412109375,22.42833137512207,0.1560526192188263,382.5,6.125999927520752,3.5139999389648438,1932.9000244140625,509.765625,1.990625023841858,1.0294216871261597,2664.0,509.765625,1.990625023841858,1.0294216871261597,2664.0,509.765625,1.990625023841858,1.0294216871261597,2664.0
2026-09-09T13:26:00.000+08:00,428.1007080078125,9.756759643554688,12.28515625,21.42489242553711,0.16438822448253632,382.5,6.114999771118164,3.5139999389648438,1932.9000244140625,509.765625,1.990625023841858,1.0253841876983643,2664.0,509.765625,1.990625023841858,1.0253841876983643,2664.0,509.765625,1.990625023841858,1.0253841876983643,2664.0
2026-09-09T13:27:00.000+08:00,430.34539794921875,9.863128662109375,12.229248046875,20.621335983276367,0.17035754024982452,382.70001220703125,6.119999885559082,3.509999990463257,1933.0,509.765625,1.990625023841858,1.0282104015350342,2664.0,509.765625,1.990625023841858,1.0282104015350342,2664.0,509.765625,1.990625023841858,1.0282104015350342,2664.0
2026-09-09T13:28:00.000+08:00,441.69598388671875,9.8436279296875,12.3125,21.8124942779541,0.16105447709560394,382.5,6.111999988555908,3.500999927520752,1933.0999755859375,509.765625,1.990625023841858,1.0278067588806152,2664.0,509.765625,1.990625023841858,1.0278067588806152,2664.0,509.765625,1.990625023841858,1.0278067588806152,2664.0
2026-09-09T13:29:00.000+08:00,434.1519470214844,9.811965942382812,12.34765625,20.387332916259766,0.17182238399982452,382.0,6.0879998207092285,3.496000051498413,1933.0999755859375,509.765625,2.0289063453674316,1.0411304235458374,2664.0,509.765625,2.0289063453674316,1.0411304235458374,2664.0,509.765625,2.0289063453674316,1.0411304235458374,2664.0
2026-09-09T13:30:00.000+08:00,430.19708251953125,9.769294738769531,12.354248046875,21.61260986328125,0.16263653337955475,382.3999938964844,6.103000164031982,3.509000062942505,1933.199951171875,509.765625,1.990625023841858,1.0240384340286255,2664.0,509.765625,1.990625023841858,1.0240384340286255,2664.0,509.765625,1.990625023841858,1.0240384340286255,2664.0
2026-09-09T13:31:00.000+08:00,431.0360107421875,9.801017761230469,12.236328125,21.795692443847656,0.16067394614219666,382.5,6.109000205993652,3.513000011444092,1933.199951171875,509.765625,1.990625023841858,1.023634672164917,2664.0,509.765625,1.990625023841858,1.023634672164917,2664.0,509.765625,1.990625023841858,1.023634672164917,2664.0
2026-09-09T13:32:00.000+08:00,417.42333984375,9.781272888183594,12.22265625,21.33063316345215,0.16431766748428345,382.6000061035156,6.10099983215332,3.507999897003174,1933.300048828125,509.765625,1.990625023841858,1.0306329727172852,2665.0,509.765625,1.990625023841858,1.0306329727172852,2665.0,509.765625,1.990625023841858,1.0306329727172852,2665.0
2026-09-09T13:33:00.000+08:00,432.65447998046875,9.808910369873047,12.2431640625,20.75497055053711,0.1692124754190445,382.79998779296875,6.118000030517578,3.5139999389648438,1933.300048828125,509.765625,1.990625023841858,1.0286141633987427,2665.0,509.765625,1.990625023841858,1.0286141633987427,2665.0,509.765625,1.990625023841858,1.0286141633987427,2665.0
2026-09-09T13:34:00.000+08:00,434.29638671875,9.76865005493164,12.222412109375,21.077869415283203,0.16647793352603912,382.6000061035156,6.109000205993652,3.5139999389648438,1933.4000244140625,509.765625,1.990625023841858,1.0302292108535767,2665.0,509.765625,1.990625023841858,1.0302292108535767,2665.0,509.765625,1.990625023841858,1.0302292108535767,2665.0
2026-09-09T13:35:00.000+08:00,444.5379638671875,9.772235870361328,12.201416015625,21.01380729675293,0.16689027845859528,382.3999938964844,6.113999843597412,3.506999969482422,1933.5,509.765625,1.990625023841858,1.0284795761108398,2665.0,509.765625,1.990625023841858,1.0284795761108398,2665.0,509.765625,1.990625023841858,1.0284795761108398,2665.0
2026-09-09T13:36:00.000+08:00,436.8094177246094,9.795860290527344,12.291748046875,21.48039436340332,0.16340482234954834,382.1000061035156,6.113999843597412,3.51200008392334,1933.5,509.765625,1.990625023841858,1.02565336227417,2665.0,509.765625,1.990625023841858,1.02565336227417,2665.0,509.765625,1.990625023841858,1.02565336227417,2665.0
2026-09-09T13:37:00.000+08:00,440.8850402832031,9.751052856445312,12.34765625,21.045085906982422,0.16649968922138214,382.5,6.116000175476074,3.509000062942505,1933.5999755859375,509.765625,1.990625023841858,1.0245766639709473,2665.0,509.765625,1.990625023841858,1.0245766639709473,2665.0,509.765625,1.990625023841858,1.0245766639709473,2665.0
2026-09-09T13:38:00.000+08:00,431.98138427734375,9.795101165771484,12.27783203125,21.169404983520508,0.1649550348520279,382.5,6.11299991607666,3.507999897003174,1933.5999755859375,509.765625,1.990625023841858,1.0294216871261597,2665.0,509.765625,1.990625023841858,1.0294216871261597,2665.0,509.765625,1.990625023841858,1.0294216871261597,2665.0
2026-09-09T13:39:00.000+08:00,423.04498291015625,9.801326751708984,12.3056640625,21.836597442626953,0.16078512370586395,382.3999938964844,6.107999801635742,3.503000020980835,1933.699951171875,509.765625,2.0289063453674316,1.039919137954712,2665.0,509.765625,2.0289063453674316,1.039919137954712,2665.0,509.765625,2.0289063453674316,1.039919137954712,2665.0
2026-09-09T13:40:00.000+08:00,421.7296142578125,9.752521514892578,12.409912109375,21.081750869750977,0.16663701832294464,382.29998779296875,6.131999969482422,3.503000020980835,1933.800048828125,509.765625,1.990625023841858,1.0253841876983643,2665.0,509.765625,1.990625023841858,1.0253841876983643,2665.0,509.765625,1.990625023841858,1.0253841876983643,2665.0
2026-09-09T13:41:00.000+08:00,427.409423828125,9.79770278930664,12.326416015625,20.76494026184082,0.1690349280834198,382.20001220703125,6.130000114440918,3.509000062942505,1933.800048828125,509.765625,1.990625023841858,1.0240384340286255,2665.0,509.765625,1.990625023841858,1.0240384340286255,2665.0,509.765625,1.990625023841858,1.0240384340286255,2665.0
2026-09-09T13:42:00.000+08:00,422.58111572265625,9.782657623291016,12.33349609375,22.075054168701172,0.15864060819149017,382.29998779296875,6.117000102996826,3.502000093460083,1933.9000244140625,509.765625,1.990625023841858,1.0314403772354126,2665.0,509.765625,1.990625023841858,1.0314403772354126,2665.0,509.765625,1.990625023841858,1.0314403772354126,2665.0
2026-09-09T13:43:00.000+08:00,422.6614685058594,9.780757904052734,12.354248046875,21.452396392822266,0.1636180728673935,382.6000061035156,6.136000156402588,3.5250000953674316,1933.9000244140625,509.765625,1.990625023841858,1.0253841876983643,2665.0,509.765625,1.990625023841858,1.0253841876983643,2665.0,509.765625,1.990625023841858,1.0253841876983643,2665.0
2026-09-09T13:44:00.000+08:00,422.3517150878906,9.786087036132812,12.361083984375,21.600858688354492,0.1624935418367386,381.5,6.107999801635742,3.490000009536743,1934.0,506.25,1.990625023841858,1.0230963230133057,2665.0,506.25,1.990625023841858,1.0230963230133057,2665.0,506.25,1.990625023841858,1.0230963230133057,2665.0
2026-09-09T13:45:00.000+08:00,424.84765625,9.862236022949219,12.347412109375,21.699024200439453,0.16263404488563538,381.6000061035156,6.113999843597412,3.5,1934.0,506.25,1.990625023841858,1.0222887992858887,2665.0,506.25,1.990625023841858,1.0222887992858887,2665.0,506.25,1.990625023841858,1.0222887992858887,2665.0
2026-09-09T13:46:00.000+08:00,428.0738220214844,9.809532165527344,12.3125,21.82261848449707,0.16020075976848602,382.3999938964844,6.145999908447266,3.513000011444092,1934.0999755859375,509.765625,1.990625023841858,1.0282104015350342,2665.0,509.765625,1.990625023841858,1.0282104015350342,2665.0,509.765625,1.990625023841858,1.0282104015350342,2665.0
2026-09-09T13:47:00.000+08:00,425.56298828125,9.770118713378906,12.284912109375,21.340307235717773,0.16377457976341248,382.20001220703125,6.13700008392334,3.509999990463257,1934.199951171875,509.765625,1.990625023841858,1.0265954732894897,2665.0,509.765625,1.990625023841858,1.0265954732894897,2665.0,509.765625,1.990625023841858,1.0265954732894897,2665.0
2026-09-09T13:48:00.000+08:00,434.15948486328125,9.759010314941406,12.2919921875,23.02446937561035,0.1526636779308319,382.3999938964844,6.125,3.5139999389648438,1934.199951171875,509.765625,1.990625023841858,1.0269992351531982,2665.0,509.765625,1.990625023841858,1.0269992351531982,2665.0,509.765625,1.990625023841858,1.0269992351531982,2665.0
2026-09-09T13:49:00.000+08:00,437.8963623046875,9.784774780273438,12.2919921875,20.856157302856445,0.16815178096294403,382.5,6.139999866485596,3.5169999599456787,1934.300048828125,509.765625,1.990625023841858,1.0310367345809937,2665.0,509.765625,1.990625023841858,1.0310367345809937,2665.0,509.765625,1.990625023841858,1.0310367345809937,2665.0
2026-09-09T13:50:00.000+08:00,441.3420104980469,9.765338897705078,12.3544921875,22.08346176147461,0.15880662202835083,382.3999938964844,6.138000011444092,3.5179998874664307,1934.300048828125,509.765625,1.990625023841858,1.0269992351531982,2665.0,509.765625,1.990625023841858,1.0269992351531982,2665.0,509.765625,1.990625023841858,1.0269992351531982,2665.0
2026-09-09T13:51:00.000+08:00,434.6928405761719,9.81539535522461,12.388916015625,21.633628845214844,0.1622011810541153,382.3999938964844,6.130000114440918,3.5139999389648438,1934.4000244140625,509.765625,2.0289063453674316,1.0432837009429932,2665.0,509.765625,2.0289063453674316,1.0432837009429932,2665.0,509.765625,2.0289063453674316,1.0432837009429932,2665.0
2026-09-09T13:52:00.000+08:00,446.6938171386719,9.879554748535156,12.423828125,23.03974723815918,0.15247564017772675,382.5,6.144999980926514,3.5179998874664307,1934.5,509.765625,1.990625023841858,1.0298254489898682,2665.0,509.765625,1.990625023841858,1.0298254489898682,2665.0,509.765625,1.990625023841858,1.0298254489898682,2665.0
2026-09-09T13:53:00.000+08:00,437.90521240234375,9.814765930175781,12.409912109375,22.592676162719727,0.1554928719997406,382.20001220703125,6.138000011444092,3.5169999599456787,1934.5,509.765625,1.990625023841858,1.0282104015350342,2665.0,509.765625,1.990625023841858,1.0282104015350342,2665.0,509.765625,1.990625023841858,1.0282104015350342,2665.0
2026-09-09T13:54:00.000+08:00,447.8249206542969,9.832103729248047,12.409912109375,22.324636459350586,0.15753896534442902,382.5,6.145999908447266,3.5199999809265137,1934.5999755859375,509.765625,1.990625023841858,1.0274029970169067,2665.0,509.765625,1.990625023841858,1.0274029970169067,2665.0,509.765625,1.990625023841858,1.0274029970169067,2665.0
2026-09-09T13:55:00.000+08:00,443.6656494140625,9.85586929321289,12.3408203125,22.548160552978516,0.15575550496578217,382.5,6.122000217437744,3.5139999389648438,1934.5999755859375,509.765625,1.990625023841858,1.0298254489898682,2665.0,509.765625,1.990625023841858,1.0298254489898682,2665.0,509.765625,1.990625023841858,1.0298254489898682,2665.0
2026-09-09T13:56:00.000+08:00,449.249755859375,9.834461212158203,12.347412109375,23.140975952148438,0.15198148787021637,382.29998779296875,6.126999855041504,3.5139999389648438,1934.699951171875,509.765625,1.990625023841858,1.0294216871261597,2665.0,509.765625,1.990625023841858,1.0294216871261597,2665.0,509.765625,1.990625023841858,1.0294216871261597,2665.0
2026-09-09T13:57:00.000+08:00,437.0378112792969,9.853290557861328,12.28515625,21.308931350708008,0.1651889532804489,382.1000061035156,6.123000144958496,3.507999897003174,1934.699951171875,509.765625,1.990625023841858,1.0290179252624512,2665.0,509.765625,1.990625023841858,1.0290179252624512,2665.0,509.765625,1.990625023841858,1.0290179252624512,2665.0
2026-09-09T13:58:00.000+08:00,442.67913818359375,9.78213119506836,12.28515625,22.026498794555664,0.15926271677017212,382.20001220703125,6.117000102996826,3.509999990463257,1934.800048828125,509.765625,1.990625023841858,1.0294216871261597,2665.0,509.765625,1.990625023841858,1.0294216871261597,2665.0,509.765625,1.990625023841858,1.0294216871261597,2665.0
2026-09-09T13:59:00.000+08:00,445.864013671875,9.782718658447266,12.298828125,21.426511764526367,0.16390909254550934,382.5,6.116000175476074,3.510999917984009,1934.9000244140625,509.765625,1.990625023841858,1.0286141633987427,2665.0,509.765625,1.990625023841858,1.0286141633987427,2665.0,509.765625,1.990625023841858,1.0286141633987427,2665.0
2026-09-09T14:00:00.000+08:00,453.0305480957031,9.795860290527344,12.2919921875,22.17953109741211,0.15838928520679474,382.3999938964844,6.119999885559082,3.506999969482422,1934.9000244140625,509.765625,1.990625023841858,1.0286141633987427,2665.0,509.765625,1.990625023841858,1.0286141633987427,2665.0,509.765625,1.990625023841858,1.0286141633987427,2665.0
2026-09-09T14:01:00.000+08:00,438.1973571777344,9.800956726074219,12.3056640625,21.252038955688477,0.16530179977416992,383.20001220703125,6.139999866485596,3.5260000228881836,1935.0,509.765625,1.990625023841858,1.0365545749664307,2665.0,509.765625,1.990625023841858,1.0365545749664307,2665.0,509.765625,1.990625023841858,1.0365545749664307,2665.0
2026-09-09T14:02:00.000+08:00,442.1978454589844,9.776111602783203,12.28515625,21.75775718688965,0.1619192659854889,382.5,6.135000228881836,3.5160000324249268,1935.0,509.765625,1.990625023841858,1.0298254489898682,2665.0,509.765625,1.990625023841858,1.0298254489898682,2665.0,509.765625,1.990625023841858,1.0298254489898682,2665.0
2026-09-09T14:03:00.000+08:00,445.91363525390625,9.793106079101562,12.201416015625,22.230199813842773,0.15910789370536804,382.3999938964844,6.117000102996826,3.503999948501587,1935.0999755859375,509.765625,1.990625023841858,1.0282104015350342,2665.0,509.765625,1.990625023841858,1.0282104015350342,2665.0,509.765625,1.990625023841858,1.0282104015350342,2665.0
2026-09-09T14:04:00.000+08:00,450.6812438964844,9.755687713623047,12.222412109375,22.3278865814209,0.15747123956680298,382.6000061035156,6.131999969482422,3.5199999809265137,1935.199951171875,509.765625,1.990625023841858,1.0310367345809937,2665.0,509.765625,1.990625023841858,1.0310367345809937,2665.0,509.765625,1.990625023841858,1.0310367345809937,2665.0
2026-09-09T14:05:00.000+08:00,446.7264099121094,9.80495834350586,12.2294921875,21.715696334838867,0.16172634065151215,382.3999938964844,6.127999782562256,3.509000062942505,1935.199951171875,509.765625,1.990625023841858,1.0265954732894897,2665.0,509.765625,1.990625023841858,1.0265954732894897,2665.0,509.765625,1.990625023841858,1.0265954732894897,2665.0
2026-09-09T14:06:00.000+08:00,444.0163879394531,9.762203216552734,12.28515625,21.68400764465332,0.16223938763141632,382.8999938964844,6.136000156402588,3.5239999294281006,1935.300048828125,509.765625,1.990625023841858,1.0286141633987427,2665.0,509.765625,1.990625023841858,1.0286141633987427,2665.0,509.765625,1.990625023841858,1.0286141633987427,2665.0
2026-09-09T14:07:00.000+08:00,437.9546203613281,9.752799987792969,12.284912109375,21.161771774291992,0.16567610204219818,382.79998779296875,6.125,3.5169999599456787,1935.300048828125,509.765625,1.990625023841858,1.0298254489898682,2665.0,509.765625,1.990625023841858,1.0298254489898682,2665.0,509.765625,1.990625023841858,1.0298254489898682,2665.0
2026-09-09T14:08:00.000+08:00,434.293701171875,9.790939331054688,12.326416015625,21.809280395507812,0.16116991639137268,382.79998779296875,6.125999927520752,3.5179998874664307,1935.4000244140625,509.765625,1.990625023841858,1.032786250114441,2665.0,509.765625,1.990625023841858,1.032786250114441,2665.0,509.765625,1.990625023841858,1.032786250114441,2665.0
2026-09-09T14:09:00.000+08:00,440.97735595703125,9.761402130126953,12.347412109375,20.905303955078125,0.16823482513427734,382.79998779296875,6.138999938964844,3.5250000953674316,1935.5,509.765625,1.990625023841858,1.0274029970169067,2665.0,509.765625,1.990625023841858,1.0274029970169067,2665.0,509.765625,1.990625023841858,1.0274029970169067,2665.0
2026-09-09T14:10:00.000+08:00,435.56689453125,9.786613464355469,12.326416015625,22.102867126464844,0.15916486084461212,383.5,6.136000156402588,3.5360000133514404,1935.5,509.765625,1.990625023841858,1.0345358848571777,2665.0,509.765625,1.990625023841858,1.0345358848571777,2665.0,509.765625,1.990625023841858,1.0345358848571777,2665.0
2026-09-09T14:11:00.000+08:00,425.7301940917969,9.764965057373047,12.361328125,21.73188591003418,0.1616978794336319,383.5,6.145999908447266,3.5369999408721924,1935.5999755859375,509.765625,1.990625023841858,1.0365545749664307,2665.0,509.765625,1.990625023841858,1.0365545749664307,2665.0,509.765625,1.990625023841858,1.0365545749664307,2665.0
2026-09-09T14:12:00.000+08:00,419.79168701171875,9.776290893554688,12.3681640625,21.164108276367188,0.1668863147497177,383.5,6.1539998054504395,3.5380001068115234,1935.5999755859375,509.765625,1.990625023841858,1.0345358848571777,2665.0,509.765625,1.990625023841858,1.0345358848571777,2665.0,509.765625,1.990625023841858,1.0345358848571777,2665.0
2026-09-09T14:13:00.000+08:00,445.5711364746094,9.81149673461914,12.2919921875,22.92251968383789,0.1536044031381607,383.3999938964844,6.126999855041504,3.5250000953674316,1935.699951171875,509.765625,2.0289063453674316,1.0377658605575562,2665.0,509.765625,2.0289063453674316,1.0377658605575562,2665.0,509.765625,2.0289063453674316,1.0377658605575562,2665.0
2026-09-09T14:14:00.000+08:00,437.7099914550781,9.811653137207031,12.284912109375,22.228052139282227,0.15903328359127045,383.5,6.15500020980835,3.5369999408721924,1935.699951171875,509.765625,2.0289063453674316,1.0479941368103027,2665.0,509.765625,2.0289063453674316,1.0479941368103027,2665.0,509.765625,2.0289063453674316,1.0479941368103027,2665.0
2026-09-09T14:15:00.000+08:00,426.8157958984375,9.780757904052734,12.361083984375,21.237632751464844,0.16588477790355682,383.79998779296875,6.177000045776367,3.5339999198913574,1935.800048828125,509.765625,2.0289063453674316,1.039919137954712,2665.0,509.765625,2.0289063453674316,1.039919137954712,2665.0,509.765625,2.0289063453674316,1.039919137954712,2665.0
2026-09-09T14:16:00.000+08:00,433.81988525390625,9.75424575805664,12.34765625,21.374292373657227,0.16501130163669586,383.6000061035156,6.158999919891357,3.5339999198913574,1935.9000244140625,509.765625,2.0289063453674316,1.038169503211975,2665.0,509.765625,2.0289063453674316,1.038169503211975,2665.0,509.765625,2.0289063453674316,1.038169503211975,2665.0
2026-09-09T14:17:00.000+08:00,444.56683349609375,9.780384063720703,12.3125,22.46562385559082,0.15779665112495422,383.5,6.184999942779541,3.5339999198913574,1935.9000244140625,509.765625,1.990625023841858,1.0345358848571777,2665.0,509.765625,1.990625023841858,1.0345358848571777,2665.0,509.765625,1.990625023841858,1.0345358848571777,2665.0
2026-09-09T14:18:00.000+08:00,439.15118408203125,9.800254821777344,12.236328125,22.5971622467041,0.15634706616401672,383.70001220703125,6.160999774932861,3.5369999408721924,1936.0,509.765625,1.990625023841858,1.0333245992660522,2665.0,509.765625,1.990625023841858,1.0333245992660522,2665.0,509.765625,1.990625023841858,1.0333245992660522,2665.0
2026-09-09T14:19:00.000+08:00,434.6615905761719,9.753604888916016,12.1875,21.95691680908203,0.16076938807964325,383.6000061035156,6.170000076293945,3.5409998893737793,1936.0,509.765625,1.990625023841858,1.0374966859817505,2665.0,509.765625,1.990625023841858,1.0374966859817505,2665.0,509.765625,1.990625023841858,1.0374966859817505,2665.0
2026-09-09T14:20:00.000+08:00,443.37420654296875,9.809837341308594,12.208251953125,22.316638946533203,0.1585364192724228,383.70001220703125,6.146999835968018,3.5380001068115234,1936.0999755859375,509.765625,2.0289063453674316,1.0471866130828857,2665.0,509.765625,2.0289063453674316,1.0471866130828857,2665.0,509.765625,2.0289063453674316,1.0471866130828857,2665.0
2026-09-09T14:21:00.000+08:00,426.99652099609375,9.795551300048828,12.1875,20.689743041992188,0.17071260511875153,383.70001220703125,6.1579999923706055,3.5339999198913574,1936.199951171875,509.765625,1.990625023841858,1.0349395275115967,2665.0,509.765625,1.990625023841858,1.0349395275115967,2665.0,509.765625,1.990625023841858,1.0349395275115967,2665.0
2026-09-09T14:22:00.000+08:00,425.3824462890625,9.775863647460938,12.159912109375,20.47985076904297,0.17280398309230804,383.20001220703125,6.14900016784668,3.5350000858306885,1936.199951171875,509.765625,1.990625023841858,1.030767560005188,2665.0,509.765625,1.990625023841858,1.030767560005188,2665.0,509.765625,1.990625023841858,1.030767560005188,2665.0
2026-09-09T14:23:00.000+08:00,437.0515441894531,9.806644439697266,12.1875,21.127960205078125,0.1675504893064499,383.70001220703125,6.159999847412109,3.5399999618530273,1936.300048828125,509.765625,2.0289063453674316,1.0521661043167114,2665.0,509.765625,2.0289063453674316,1.0521661043167114,2665.0,509.765625,2.0289063453674316,1.0521661043167114,2665.0
2026-09-09T14:24:00.000+08:00,440.9979553222656,9.810596466064453,12.194580078125,21.382423400878906,0.16494856774806976,383.5,6.166999816894531,3.5460000038146973,1936.300048828125,509.765625,1.990625023841858,1.0337283611297607,2665.0,509.765625,1.990625023841858,1.0337283611297607,2665.0,509.765625,1.990625023841858,1.0337283611297607,2665.0
2026-09-09T14:25:00.000+08:00,424.5384826660156,9.769729614257812,12.263916015625,20.265478134155273,0.17502671480178833,383.29998779296875,6.196000099182129,3.5450000762939453,1936.4000244140625,509.765625,1.990625023841858,1.0369583368301392,2665.0,509.765625,1.990625023841858,1.0369583368301392,2665.0,509.765625,1.990625023841858,1.0369583368301392,2665.0
2026-09-09T14:26:00.000+08:00,440.1880187988281,9.650802612304688,12.1875,21.169570922851562,0.16707943379878998,383.1000061035156,6.175000190734863,3.5299999713897705,1936.5,509.765625,1.990625023841858,1.0345358848571777,2665.0,509.765625,1.990625023841858,1.0345358848571777,2665.0,509.765625,1.990625023841858,1.0345358848571777,2665.0
2026-09-09T14:27:00.000+08:00,435.7278747558594,9.560726165771484,12.0625,21.782594680786133,0.16237735748291016,383.5,6.158999919891357,3.5329999923706055,1936.5,509.765625,2.0289063453674316,1.0387078523635864,2665.0,509.765625,2.0289063453674316,1.0387078523635864,2665.0,509.765625,2.0289063453674316,1.0387078523635864,2665.0
2026-09-09T14:28:00.000+08:00,429.5309143066406,9.467369079589844,12.0908203125,21.526832580566406,0.16453883051872253,383.0,6.1579999923706055,3.5299999713897705,1936.5999755859375,509.765625,1.990625023841858,1.0329208374023438,2665.0,509.765625,1.990625023841858,1.0329208374023438,2665.0,509.765625,1.990625023841858,1.0329208374023438,2665.0
2026-09-09T14:29:00.000+08:00,437.7397766113281,9.46554946899414,12.048828125,22.17741584777832,0.1591709405183792,383.3999938964844,6.165999889373779,3.5380001068115234,1936.5999755859375,509.765625,2.0289063453674316,1.0369583368301392,2665.0,509.765625,2.0289063453674316,1.0369583368301392,2665.0,509.765625,2.0289063453674316,1.0369583368301392,2665.0
2026-09-09T14:30:00.000+08:00,447.753173828125,9.452289581298828,11.986328125,23.546306610107422,0.15008723735809326,383.6000061035156,6.151000022888184,3.5329999923706055,1936.699951171875,509.765625,2.0289063453674316,1.039111614227295,2666.0,509.765625,2.0289063453674316,1.039111614227295,2666.0,509.765625,2.0289063453674316,1.039111614227295,2666.0
2026-09-09T14:31:00.000+08:00,445.8016662597656,9.494979858398438,11.95849609375,22.850126266479492,0.1548350304365158,383.6000061035156,6.142000198364258,3.5439999103546143,1936.699951171875,509.765625,2.0289063453674316,1.040726661682129,2666.0,509.765625,2.0289063453674316,1.040726661682129,2666.0,509.765625,2.0289063453674316,1.040726661682129,2666.0
2026-09-09T14:32:00.000+08:00,447.9513244628906,9.460186004638672,11.9375,22.515851974487305,0.1571781486272812,383.29998779296875,6.126999855041504,3.5199999809265137,1936.800048828125,509.765625,1.990625023841858,1.0349395275115967,2666.0,509.765625,1.990625023841858,1.0349395275115967,2666.0,509.765625,1.990625023841858,1.0349395275115967,2666.0
2026-09-09T14:33:00.000+08:00,443.36285400390625,9.532001495361328,12.0556640625,21.776857376098633,0.16269564628601074,383.79998779296875,6.13100004196167,3.5360000133514404,1936.9000244140625,509.765625,1.990625023841858,1.034670352935791,2666.0,509.765625,1.990625023841858,1.034670352935791,2666.0,509.765625,1.990625023841858,1.034670352935791,2666.0
2026-09-09T14:34:00.000+08:00,433.0205383300781,9.55206298828125,12.111328125,22.234506607055664,0.15889716148376465,384.0,6.151000022888184,3.5480000972747803,1936.9000244140625,509.765625,1.990625023841858,1.034670352935791,2666.0,509.765625,1.990625023841858,1.034670352935791,2666.0,509.765625,1.990625023841858,1.034670352935791,2666.0
2026-09-09T14:35:00.000+08:00,427.5375061035156,9.518760681152344,12.076416015625,21.73020362854004,0.16304495930671692,383.79998779296875,6.14300012588501,3.5429999828338623,1937.0,509.765625,2.0289063453674316,1.0395153760910034,2666.0,509.765625,2.0289063453674316,1.0395153760910034,2666.0,509.765625,2.0289063453674316,1.0395153760910034,2666.0
2026-09-09T14:36:00.000+08:00,446.4146423339844,9.570320129394531,12.1806640625,21.89488983154297,0.16190992295742035,383.70001220703125,6.142000198364258,3.5380001068115234,1937.0,509.765625,2.0289063453674316,1.039111614227295,2666.0,509.765625,2.0289063453674316,1.039111614227295,2666.0,509.765625,2.0289063453674316,1.039111614227295,2666.0
2026-09-09T14:37:00.000+08:00,436.95123291015625,9.54598617553711,12.1806640625,22.028724670410156,0.16060848534107208,383.79998779296875,6.144000053405762,3.5420000553131104,1937.0999755859375,509.765625,1.990625023841858,1.0366891622543335,2666.0,509.765625,1.990625023841858,1.0366891622543335,2666.0,509.765625,1.990625023841858,1.0366891622543335,2666.0
2026-09-09T14:38:00.000+08:00,432.1306457519531,9.509639739990234,12.222412109375,21.049816131591797,0.16798245906829834,384.3999938964844,6.158999919891357,3.555000066757202,1937.199951171875,509.765625,2.0289063453674316,1.0408612489700317,2666.0,509.765625,2.0289063453674316,1.0408612489700317,2666.0,509.765625,2.0289063453674316,1.0408612489700317,2666.0
2026-09-09T14:39:00.000+08:00,421.5284118652344,9.508941650390625,12.166748046875,21.545734405517578,0.1639767736196518,384.0,6.140999794006348,3.5339999198913574,1937.199951171875,509.765625,1.990625023841858,1.0366891622543335,2666.0,509.765625,1.990625023841858,1.0366891622543335,2666.0,509.765625,1.990625023841858,1.0366891622543335,2666.0
2026-09-09T14:40:00.000+08:00,422.0201416015625,9.50253677368164,12.14599609375,22.464921951293945,0.15722288191318512,383.70001220703125,6.150000095367432,3.5420000553131104,1937.300048828125,509.765625,1.990625023841858,1.037900447845459,2666.0,509.765625,1.990625023841858,1.037900447845459,2666.0,509.765625,1.990625023841858,1.037900447845459,2666.0
2026-09-09T14:41:00.000+08:00,423.266357421875,9.533390045166016,12.145751953125,22.320110321044922,0.15860135853290558,383.79998779296875,6.1479997634887695,3.5399999618530273,1937.300048828125,509.765625,2.0289063453674316,1.039111614227295,2666.0,509.765625,2.0289063453674316,1.039111614227295,2666.0,509.765625,2.0289063453674316,1.039111614227295,2666.0
2026-09-09T14:42:00.000+08:00,419.6598205566406,9.556766510009766,12.097412109375,22.296525955200195,0.15890368819236755,383.8999938964844,6.130000114440918,3.5360000133514404,1937.4000244140625,509.765625,2.0289063453674316,1.0419378280639648,2666.0,509.765625,2.0289063453674316,1.0419378280639648,2666.0,509.765625,2.0289063453674316,1.0419378280639648,2666.0
2026-09-09T14:43:00.000+08:00,420.1273193359375,9.476985931396484,12.111083984375,21.69200325012207,0.1634242832660675,383.70001220703125,6.156000137329102,3.5380001068115234,1937.5,509.765625,2.0289063453674316,1.037900447845459,2666.0,509.765625,2.0289063453674316,1.037900447845459,2666.0,509.765625,2.0289063453674316,1.037900447845459,2666.0
2026-09-09T14:44:00.000+08:00,425.7293395996094,9.484508514404297,12.1181640625,21.847490310668945,0.1622154265642166,383.79998779296875,6.123000144958496,3.5320000648498535,1937.5,509.765625,1.990625023841858,1.035477876663208,2666.0,509.765625,1.990625023841858,1.035477876663208,2666.0,509.765625,1.990625023841858,1.035477876663208,2666.0
2026-09-09T14:45:00.000+08:00,424.9233703613281,9.443618774414062,12.1806640625,22.024282455444336,0.1606408655643463,383.70001220703125,6.1529998779296875,3.5380001068115234,1937.5999755859375,509.765625,2.0289063453674316,1.0393807888031006,2666.0,509.765625,2.0289063453674316,1.0393807888031006,2666.0,509.765625,2.0289063453674316,1.0393807888031006,2666.0
2026-09-09T14:46:00.000+08:00,423.7142333984375,9.500358581542969,12.0419921875,21.31684112548828,0.16606588661670685,384.0,6.1620001792907715,3.5490000247955322,1937.5999755859375,509.765625,2.0289063453674316,1.040726661682129,2666.0,509.765625,2.0289063453674316,1.040726661682129,2666.0,509.765625,2.0289063453674316,1.040726661682129,2666.0
2026-09-09T14:47:00.000+08:00,424.03900146484375,9.562488555908203,12.034912109375,22.09494972229004,0.1599913239479065,384.0,6.1519999504089355,3.5439999103546143,1937.699951171875,509.765625,2.0289063453674316,1.0419378280639648,2666.0,509.765625,2.0289063453674316,1.0419378280639648,2666.0,509.765625,2.0289063453674316,1.0419378280639648,2666.0
2026-09-09T14:48:00.000+08:00,431.1672058105469,9.456489562988281,12.076416015625,21.872262954711914,0.16226030886173248,383.8999938964844,6.1529998779296875,3.5360000133514404,1937.699951171875,509.765625,1.990625023841858,1.0395153760910034,2666.0,509.765625,1.990625023841858,1.0395153760910034,2666.0,509.765625,1.990625023841858,1.0395153760910034,2666.0
2026-09-09T14:49:00.000+08:00,429.8497314453125,9.567131042480469,12.13916015625,21.209625244140625,0.16695250570774078,383.8999938964844,6.156000137329102,3.546999931335449,1937.800048828125,509.765625,2.0289063453674316,1.0403228998184204,2666.0,509.765625,2.0289063453674316,1.0403228998184204,2666.0,509.765625,2.0289063453674316,1.0403228998184204,2666.0
2026-09-09T14:50:00.000+08:00,425.6914978027344,9.572944641113281,12.145751953125,22.128536224365234,0.15992924571037292,383.79998779296875,6.135000228881836,3.5320000648498535,1937.9000244140625,509.765625,1.990625023841858,1.037092924118042,2666.0,509.765625,1.990625023841858,1.037092924118042,2666.0,509.765625,1.990625023841858,1.037092924118042,2666.0
2026-09-09T14:51:00.000+08:00,437.3808898925781,9.584037780761719,12.125,21.5704345703125,0.16341812908649445,383.8999938964844,6.1529998779296875,3.5360000133514404,1937.9000244140625,509.765625,1.990625023841858,1.037092924118042,2666.0,509.765625,1.990625023841858,1.037092924118042,2666.0,509.765625,1.990625023841858,1.037092924118042,2666.0
2026-09-09T14:52:00.000+08:00,435.6276550292969,9.604923248291016,12.125,22.326072692871094,0.15864859521389008,383.8999938964844,6.178999900817871,3.562000036239624,1938.0,509.765625,2.0289063453674316,1.0432837009429932,2666.0,509.765625,2.0289063453674316,1.0432837009429932,2666.0,509.765625,2.0289063453674316,1.0432837009429932,2666.0
2026-09-09T14:53:00.000+08:00,431.07647705078125,9.600963592529297,12.132080078125,22.004173278808594,0.16083312034606934,384.1000061035156,6.1519999504089355,3.5429999828338623,1938.0,509.765625,1.990625023841858,1.0374966859817505,2666.0,509.765625,1.990625023841858,1.0374966859817505,2666.0,509.765625,1.990625023841858,1.0374966859817505,2666.0
2026-09-09T14:54:00.000+08:00,436.5057678222656,9.59908676147461,12.138916015625,22.178363800048828,0.16047170758247375,384.29998779296875,6.15500020980835,3.5439999103546143,1938.0999755859375,509.765625,2.0289063453674316,1.058895230293274,2666.0,509.765625,2.0289063453674316,1.058895230293274,2666.0,509.765625,2.0289063453674316,1.058895230293274,2666.0
2026-09-09T14:55:00.000+08:00,429.54376220703125,9.573318481445312,12.132080078125,21.602935791015625,0.1637740433216095,384.20001220703125,6.159999847412109,3.5399999618530273,1938.199951171875,509.765625,2.0289063453674316,1.0510895252227783,2666.0,509.765625,2.0289063453674316,1.0510895252227783,2666.0,509.765625,2.0289063453674316,1.0510895252227783,2666.0
2026-09-09T14:56:00.000+08:00,436.9104309082031,9.604434967041016,12.104248046875,22.16185188293457,0.16009491682052612,384.0,6.171999931335449,3.5429999828338623,1938.199951171875,509.765625,2.0289063453674316,1.0419378280639648,2666.0,509.765625,2.0289063453674316,1.0419378280639648,2666.0,509.765625,2.0289063453674316,1.0419378280639648,2666.0
2026-09-09T14:57:00.000+08:00,426.6936950683594,9.624988555908203,12.048583984375,22.03481674194336,0.1608363687992096,384.29998779296875,6.193999767303467,3.552999973297119,1938.300048828125,509.765625,2.0289063453674316,1.0440912246704102,2666.0,509.765625,2.0289063453674316,1.0440912246704102,2666.0,509.765625,2.0289063453674316,1.0440912246704102,2666.0
2026-09-09T14:58:00.000+08:00,433.1343688964844,9.590873718261719,12.104248046875,21.568296432495117,0.16399070620536804,384.20001220703125,6.185999870300293,3.5510001182556152,1938.300048828125,509.765625,1.990625023841858,1.0380349159240723,2666.0,509.765625,1.990625023841858,1.0380349159240723,2666.0,509.765625,1.990625023841858,1.0380349159240723,2666.0
2026-09-09T14:59:00.000+08:00,433.0505065917969,9.592369079589844,12.104248046875,20.771804809570312,0.17104916274547577,384.5,6.210000038146973,3.556999921798706,1938.4000244140625,513.28125,2.0289063453674316,1.060510277748108,2666.0,513.28125,2.0289063453674316,1.060510277748108,2666.0,513.28125,2.0289063453674316,1.060510277748108,2666.0
2026-09-09T15:00:00.000+08:00,431.8325500488281,9.598026275634766,12.1181640625,21.553936004638672,0.1647031009197235,384.3999938964844,6.190000057220459,3.561000108718872,1938.5,509.765625,2.0289063453674316,1.0446295738220215,2666.0,509.765625,2.0289063453674316,1.0446295738220215,2666.0,509.765625,2.0289063453674316,1.0446295738220215,2666.0
2026-09-09T15:01:00.000+08:00,423.41522216796875,9.592212677001953,12.1181640625,21.026573181152344,0.16921444237232208,383.6000061035156,6.185999870300293,3.5380001068115234,1938.5,509.765625,1.990625023841858,1.0374966859817505,2666.0,509.765625,1.990625023841858,1.0374966859817505,2666.0,509.765625,1.990625023841858,1.0374966859817505,2666.0
2026-09-09T15:02:00.000+08:00,421.807373046875,9.633941650390625,12.1806640625,20.68535041809082,0.17210248112678528,384.1000061035156,6.192999839782715,3.555000066757202,1938.5999755859375,509.765625,1.990625023841858,1.0380349159240723,2666.0,509.765625,1.990625023841858,1.0380349159240723,2666.0,509.765625,1.990625023841858,1.0380349159240723,2666.0
2026-09-09T15:03:00.000+08:00,434.3291320800781,9.690361022949219,12.222412109375,21.618125915527344,0.1634739339351654,383.79998779296875,6.179999828338623,3.5480000972747803,1938.5999755859375,509.765625,2.0289063453674316,1.040726661682129,2666.0,509.765625,2.0289063453674316,1.040726661682129,2666.0,509.765625,2.0289063453674316,1.040726661682129,2666.0
2026-09-09T15:04:00.000+08:00,431.46014404296875,9.759685516357422,12.1806640625,20.866313934326172,0.1705619841814041,383.79998779296875,6.173999786376953,3.5360000133514404,1938.699951171875,509.765625,2.0289063453674316,1.039111614227295,2666.0,509.765625,2.0289063453674316,1.039111614227295,2666.0,509.765625,2.0289063453674316,1.039111614227295,2666.0
2026-09-09T15:05:00.000+08:00,438.9456481933594,9.745338439941406,12.1806640625,20.94384002685547,0.16902343928813934,383.6000061035156,6.168000221252441,3.5299999713897705,1938.800048828125,509.765625,2.0289063453674316,1.0403228998184204,2666.0,509.765625,2.0289063453674316,1.0403228998184204,2666.0,509.765625,2.0289063453674316,1.0403228998184204,2666.0
2026-09-09T15:06:00.000+08:00,428.82659912109375,9.71603775024414,12.1181640625,20.219375610351562,0.1750795841217041,384.1000061035156,6.208000183105469,3.555000066757202,1938.800048828125,509.765625,2.0289063453674316,1.0408612489700317,2666.0,509.765625,2.0289063453674316,1.0408612489700317,2666.0,509.765625,2.0289063453674316,1.0408612489700317,2666.0
2026-09-09T15:07:00.000+08:00,446.01904296875,9.76364517211914,12.145751953125,21.077911376953125,0.16771110892295837,384.1000061035156,6.205999851226807,3.553999900817871,1938.9000244140625,509.765625,2.0289063453674316,1.0446295738220215,2666.0,509.765625,2.0289063453674316,1.0446295738220215,2666.0,509.765625,2.0289063453674316,1.0446295738220215,2666.0
2026-09-09T15:08:00.000+08:00,440.8859558105469,9.764759063720703,12.159912109375,20.72521209716797,0.17128896713256836,383.5,6.191999912261963,3.5409998893737793,1938.9000244140625,509.765625,1.990625023841858,1.0349395275115967,2666.0,509.765625,1.990625023841858,1.0349395275115967,2666.0,509.765625,1.990625023841858,1.0349395275115967,2666.0
2026-09-09T15:09:00.000+08:00,432.4914245605469,9.711856842041016,12.1669921875,20.3431396484375,0.17470262944698334,383.5,6.193999767303467,3.5439999103546143,1939.0,509.765625,2.0289063453674316,1.0374966859817505,2666.0,509.765625,2.0289063453674316,1.0374966859817505,2666.0,509.765625,2.0289063453674316,1.0374966859817505,2666.0
2026-09-09T15:10:00.000+08:00,440.68341064453125,9.811405181884766,12.16015625,20.587709426879883,0.17146152257919312,383.3999938964844,6.171000003814697,3.5360000133514404,1939.0,509.765625,1.990625023841858,1.0393807888031006,2666.0,509.765625,1.990625023841858,1.0393807888031006,2666.0,509.765625,1.990625023841858,1.0393807888031006,2666.0
2026-09-09T15:11:00.000+08:00,434.0521240234375,9.752861022949219,12.20166015625,21.16289710998535,0.16694311797618866,383.3999938964844,6.195000171661377,3.5360000133514404,1939.0999755859375,509.765625,1.990625023841858,1.0369583368301392,2666.0,509.765625,1.990625023841858,1.0369583368301392,2666.0,509.765625,1.990625023841858,1.0369583368301392,2666.0
2026-09-09T15:12:00.000+08:00,438.7036437988281,9.776569366455078,12.22265625,20.1940860748291,0.17510077357292175,383.5,6.178999900817871,3.5409998893737793,1939.199951171875,509.765625,1.990625023841858,1.0361508131027222,2666.0,509.765625,1.990625023841858,1.0361508131027222,2666.0,509.765625,1.990625023841858,1.0361508131027222,2666.0
2026-09-09T15:13:00.000+08:00,434.53070068359375,9.808586120605469,12.1669921875,21.12778663635254,0.1671258807182312,384.20001220703125,6.171000003814697,3.553999900817871,1939.199951171875,509.765625,2.0289063453674316,1.0432837009429932,2666.0,509.765625,2.0289063453674316,1.0432837009429932,2666.0,509.765625,2.0289063453674316,1.0432837009429932,2666.0
2026-09-09T15:14:00.000+08:00,439.49444580078125,9.80501937866211,12.1806640625,21.5429744720459,0.16385851800441742,384.29998779296875,6.166999816894531,3.555000066757202,1939.300048828125,513.28125,1.990625023841858,1.0400537252426147,2666.0,513.28125,1.990625023841858,1.0400537252426147,2666.0,513.28125,1.990625023841858,1.0400537252426147,2666.0
2026-09-09T15:15:00.000+08:00,431.0634460449219,9.760818481445312,12.166748046875,19.99903678894043,0.17785856127738953,384.20001220703125,6.164000034332275,3.552999973297119,1939.300048828125,509.765625,2.0289063453674316,1.046244502067566,2666.0,509.765625,2.0289063453674316,1.046244502067566,2666.0,509.765625,2.0289063453674316,1.046244502067566,2666.0
2026-09-09T15:16:00.000+08:00,434.340576171875,9.766838073730469,12.173828125,20.957490921020508,0.16981995105743408,384.29998779296875,6.175000190734863,3.559000015258789,1939.4000244140625,513.28125,2.0289063453674316,1.0486669540405273,2666.0,513.28125,2.0289063453674316,1.0486669540405273,2666.0,513.28125,2.0289063453674316,1.0486669540405273,2666.0
2026-09-09T15:17:00.000+08:00,434.5290222167969,9.797008514404297,12.069580078125,20.395896911621094,0.17454490065574646,384.0,6.197000026702881,3.562000036239624,1939.5,509.765625,1.990625023841858,1.0404574871063232,2666.0,509.765625,1.990625023841858,1.0404574871063232,2666.0,509.765625,1.990625023841858,1.0404574871063232,2666.0
2026-09-09T15:18:00.000+08:00,433.0062561035156,9.773983001708984,12.125,20.679359436035156,0.1721523404121399,384.20001220703125,6.229000091552734,3.555999994277954,1939.5,509.765625,2.0289063453674316,1.0432837009429932,2666.0,509.765625,2.0289063453674316,1.0432837009429932,2666.0,509.765625,2.0289063453674316,1.0432837009429932,2666.0
2026-09-09T15:19:00.000+08:00,428.0313720703125,9.808094024658203,12.09765625,19.633466720581055,0.18086464703083038,384.20001220703125,6.245999813079834,3.559000015258789,1939.5999755859375,509.765625,2.0289063453674316,1.0420724153518677,2666.0,509.765625,2.0289063453674316,1.0420724153518677,2666.0,509.765625,2.0289063453674316,1.0420724153518677,2666.0
2026-09-09T15:20:00.000+08:00,441.0216064453125,9.787765502929688,12.111328125,20.503067016601562,0.17392519116401672,384.20001220703125,6.24399995803833,3.563999891281128,1939.5999755859375,509.765625,1.990625023841858,1.0380349159240723,2666.0,509.765625,1.990625023841858,1.0380349159240723,2666.0,509.765625,1.990625023841858,1.0380349159240723,2666.0
2026-09-09T15:21:00.000+08:00,446.6704406738281,9.749614715576172,12.0,20.326114654541016,0.17475056648254395,384.20001220703125,6.164000034332275,3.5490000247955322,1939.699951171875,509.765625,1.990625023841858,1.0396499633789062,2666.0,509.765625,1.990625023841858,1.0396499633789062,2666.0,509.765625,1.990625023841858,1.0396499633789062,2666.0
2026-09-09T15:22:00.000+08:00,437.4557800292969,9.692913055419922,12.111083984375,20.161277770996094,0.17647691071033478,384.20001220703125,6.2170000076293945,3.553999900817871,1939.800048828125,509.765625,2.0289063453674316,1.0428799390792847,2666.0,509.765625,2.0289063453674316,1.0428799390792847,2666.0,509.765625,2.0289063453674316,1.0428799390792847,2666.0
2026-09-09T15:23:00.000+08:00,443.2492980957031,9.779434204101562,12.125,21.234163284301758,0.16737179458141327,384.0,6.223999977111816,3.553999900817871,1939.800048828125,509.765625,2.0289063453674316,1.0428799390792847,2666.0,509.765625,2.0289063453674316,1.0428799390792847,2666.0,509.765625,2.0289063453674316,1.0428799390792847,2666.0
2026-09-09T15:24:00.000+08:00,441.27227783203125,9.752906799316406,12.1806640625,19.89647102355957,0.17877542972564697,383.8999938964844,6.21999979019165,3.5460000038146973,1939.9000244140625,509.765625,1.990625023841858,1.0387078523635864,2666.0,509.765625,1.990625023841858,1.0387078523635864,2666.0,509.765625,1.990625023841858,1.0387078523635864,2666.0
2026-09-09T15:25:00.000+08:00,438.99920654296875,9.766838073730469,12.125,20.700679779052734,0.1715402454137802,384.0,6.236000061035156,3.556999921798706,1939.9000244140625,509.765625,2.0289063453674316,1.0424761772155762,2666.0,509.765625,2.0289063453674316,1.0424761772155762,2666.0,509.765625,2.0289063453674316,1.0424761772155762,2666.0
2026-09-09T15:26:00.000+08:00,431.31744384765625,9.76193618774414,12.16015625,20.6637020111084,0.1712181121110916,384.20001220703125,6.2170000076293945,3.5510001182556152,1940.0,509.765625,1.990625023841858,1.0380349159240723,2666.0,509.765625,1.990625023841858,1.0380349159240723,2666.0,509.765625,1.990625023841858,1.0380349159240723,2666.0
2026-09-09T15:27:00.000+08:00,441.9283447265625,9.811466217041016,12.069580078125,20.969120025634766,0.16924887895584106,384.1000061035156,6.232999801635742,3.5490000247955322,1940.0999755859375,509.765625,2.0289063453674316,1.0404574871063232,2667.0,509.765625,2.0289063453674316,1.0404574871063232,2667.0,509.765625,2.0289063453674316,1.0404574871063232,2667.0
2026-09-09T15:28:00.000+08:00,431.31231689453125,9.703433990478516,12.1181640625,20.544822692871094,0.172500878572464,384.1000061035156,6.224999904632568,3.5510001182556152,1940.0999755859375,509.765625,2.0289063453674316,1.0440912246704102,2667.0,509.765625,2.0289063453674316,1.0440912246704102,2667.0,509.765625,2.0289063453674316,1.0440912246704102,2667.0
2026-09-09T15:29:00.000+08:00,443.06939697265625,9.777027130126953,12.1181640625,21.12745475769043,0.16798047721385956,384.1000061035156,6.183000087738037,3.555000066757202,1940.199951171875,509.765625,2.0289063453674316,1.0392462015151978,2667.0,509.765625,2.0289063453674316,1.0392462015151978,2667.0,509.765625,2.0289063453674316,1.0392462015151978,2667.0
2026-09-09T15:30:00.000+08:00,446.40069580078125,9.721324920654297,12.111083984375,21.303165435791016,0.16650107502937317,384.20001220703125,6.190000057220459,3.5490000247955322,1940.199951171875,509.765625,2.0289063453674316,1.0416686534881592,2667.0,509.765625,2.0289063453674316,1.0416686534881592,2667.0,509.765625,2.0289063453674316,1.0416686534881592,2667.0
2026-09-09T15:31:00.000+08:00,434.2662048339844,9.77197265625,12.1181640625,20.040081024169922,0.17709510028362274,384.1000061035156,6.163000106811523,3.549999952316284,1940.300048828125,509.765625,1.990625023841858,1.0372275114059448,2667.0,509.765625,1.990625023841858,1.0372275114059448,2667.0,509.765625,1.990625023841858,1.0372275114059448,2667.0
2026-09-09T15:32:00.000+08:00,444.11505126953125,9.748638153076172,12.034912109375,20.525165557861328,0.17315329611301422,384.1000061035156,6.182000160217285,3.5450000762939453,1940.4000244140625,509.765625,2.0289063453674316,1.0404574871063232,2667.0,509.765625,2.0289063453674316,1.0404574871063232,2667.0,509.765625,2.0289063453674316,1.0404574871063232,2667.0
2026-09-09T15:33:00.000+08:00,440.8912658691406,9.716251373291016,12.1181640625,20.138578414916992,0.17617927491664886,384.29998779296875,6.182000160217285,3.552999973297119,1940.4000244140625,509.765625,2.0289063453674316,1.0408612489700317,2667.0,509.765625,2.0289063453674316,1.0408612489700317,2667.0,509.765625,2.0289063453674316,1.0408612489700317,2667.0
2026-09-09T15:34:00.000+08:00,434.39459228515625,9.706863403320312,12.0908203125,20.465635299682617,0.1731194704771042,384.20001220703125,6.1620001792907715,3.549999952316284,1940.5,509.765625,2.0289063453674316,1.047052025794983,2667.0,509.765625,2.0289063453674316,1.047052025794983,2667.0,509.765625,2.0289063453674316,1.047052025794983,2667.0
2026-09-09T15:35:00.000+08:00,421.2673034667969,9.68795394897461,12.166748046875,19.853992462158203,0.17875497043132782,383.8999938964844,6.164000034332275,3.552000045776367,1940.5,509.765625,1.990625023841858,1.0368237495422363,2667.0,509.765625,1.990625023841858,1.0368237495422363,2667.0,509.765625,1.990625023841858,1.0368237495422363,2667.0
2026-09-09T15:36:00.000+08:00,430.81793212890625,9.689289093017578,12.125,19.735294342041016,0.18008345365524292,384.20001220703125,6.189000129699707,3.556999921798706,1940.5999755859375,509.765625,2.0289063453674316,1.0408612489700317,2667.0,509.765625,2.0289063453674316,1.0408612489700317,2667.0,509.765625,2.0289063453674316,1.0408612489700317,2667.0
2026-09-09T15:37:00.000+08:00,427.4755859375,9.714527130126953,12.083251953125,20.46405029296875,0.17318175733089447,384.20001220703125,6.177000045776367,3.5460000038146973,1940.5999755859375,509.765625,2.0289063453674316,1.0518969297409058,2667.0,509.765625,2.0289063453674316,1.0518969297409058,2667.0,509.765625,2.0289063453674316,1.0518969297409058,2667.0
2026-09-09T15:38:00.000+08:00,441.5414123535156,9.68966293334961,12.159912109375,21.729534149169922,0.16341812908649445,384.20001220703125,6.14900016784668,3.5420000553131104,1940.699951171875,509.765625,2.0289063453674316,1.0396499633789062,2667.0,509.765625,2.0289063453674316,1.0396499633789062,2667.0,509.765625,2.0289063453674316,1.0396499633789062,2667.0
2026-09-09T15:39:00.000+08:00,442.9403381347656,9.783390045166016,12.132080078125,21.128206253051758,0.16816382110118866,384.20001220703125,6.1539998054504395,3.5460000038146973,1940.800048828125,509.765625,2.0289063453674316,1.0420724153518677,2667.0,509.765625,2.0289063453674316,1.0420724153518677,2667.0,509.765625,2.0289063453674316,1.0420724153518677,2667.0
2026-09-09T15:40:00.000+08:00,435.1528625488281,9.715248107910156,12.1669921875,21.237478256225586,0.16692188382148743,384.29998779296875,6.177999973297119,3.555999994277954,1940.800048828125,509.765625,2.0289063453674316,1.0458407402038574,2667.0,509.765625,2.0289063453674316,1.0458407402038574,2667.0,509.765625,2.0289063453674316,1.0458407402038574,2667.0
2026-09-09T15:41:00.000+08:00,425.3942565917969,9.740066528320312,12.132080078125,19.724328994750977,0.18013286590576172,384.5,6.156000137329102,3.555999994277954,1940.9000244140625,513.28125,2.0289063453674316,1.0438220500946045,2667.0,513.28125,2.0289063453674316,1.0438220500946045,2667.0,513.28125,2.0289063453674316,1.0438220500946045,2667.0
2026-09-09T15:42:00.000+08:00,413.1716613769531,9.714855194091797,12.132080078125,19.816572189331055,0.17919345200061798,384.6000061035156,6.151000022888184,3.5510001182556152,1940.9000244140625,513.28125,2.0289063453674316,1.0498782396316528,2667.0,513.28125,2.0289063453674316,1.0498782396316528,2667.0,513.28125,2.0289063453674316,1.0498782396316528,2667.0
2026-09-09T15:43:00.000+08:00,427.3590087890625,9.798065185546875,12.125,19.844669342041016,0.17899012565612793,384.6000061035156,6.170000076293945,3.559999942779541,1941.0,513.28125,2.0289063453674316,1.044225811958313,2667.0,513.28125,2.0289063453674316,1.044225811958313,2667.0,513.28125,2.0289063453674316,1.044225811958313,2667.0
2026-09-09T15:44:00.000+08:00,433.7326354980469,9.702323913574219,12.07666015625,21.06964683532715,0.16834643483161926,384.70001220703125,6.189000129699707,3.566999912261963,1941.0999755859375,513.28125,2.0289063453674316,1.043418288230896,2667.0,513.28125,2.0289063453674316,1.043418288230896,2667.0,513.28125,2.0289063453674316,1.043418288230896,2667.0
2026-09-09T15:45:00.000+08:00,427.525390625,9.771598815917969,12.076416015625,19.819843292236328,0.1793152391910553,384.70001220703125,6.166999816894531,3.565000057220459,1941.0999755859375,513.28125,2.0289063453674316,1.0544540882110596,2667.0,513.28125,2.0289063453674316,1.0544540882110596,2667.0,513.28125,2.0289063453674316,1.0544540882110596,2667.0
2026-09-09T15:46:00.000+08:00,453.3082275390625,9.727771759033203,12.0556640625,20.758207321166992,0.17140208184719086,384.6000061035156,6.171000003814697,3.556999921798706,1941.199951171875,513.28125,1.990625023841858,1.0422070026397705,2667.0,513.28125,1.990625023841858,1.0422070026397705,2667.0,513.28125,1.990625023841858,1.0422070026397705,2667.0
2026-09-09T15:47:00.000+08:00,431.8764953613281,9.802494049072266,12.02783203125,19.559776306152344,0.18210843205451965,384.5,6.172999858856201,3.559999942779541,1941.199951171875,513.28125,2.0289063453674316,1.0466482639312744,2667.0,513.28125,2.0289063453674316,1.0466482639312744,2667.0,513.28125,2.0289063453674316,1.0466482639312744,2667.0
2026-09-09T15:48:00.000+08:00,445.39837646484375,9.770854949951172,12.097412109375,20.287342071533203,0.17577463388442993,384.6000061035156,6.186999797821045,3.565999984741211,1941.300048828125,513.28125,2.0289063453674316,1.0446295738220215,2667.0,513.28125,2.0289063453674316,1.0446295738220215,2667.0,513.28125,2.0289063453674316,1.0446295738220215,2667.0
2026-09-09T15:49:00.000+08:00,435.9071960449219,9.717369079589844,12.111328125,19.160987854003906,0.18574199080467224,384.6000061035156,6.177999973297119,3.562999963760376,1941.4000244140625,513.28125,2.0289063453674316,1.041803240776062,2667.0,513.28125,2.0289063453674316,1.041803240776062,2667.0,513.28125,2.0289063453674316,1.041803240776062,2667.0
2026-09-09T15:50:00.000+08:00,432.79437255859375,9.787765502929688,12.097412109375,20.02064323425293,0.1778164803981781,384.6000061035156,6.163000106811523,3.558000087738037,1941.4000244140625,513.28125,2.0289063453674316,1.0446295738220215,2667.0,513.28125,2.0289063453674316,1.0446295738220215,2667.0,513.28125,2.0289063453674316,1.0446295738220215,2667.0
2026-09-09T15:51:00.000+08:00,431.8214416503906,9.6983642578125,12.083251953125,20.16301155090332,0.17651133239269257,384.70001220703125,6.206999778747559,3.562999963760376,1941.5,513.28125,2.0289063453674316,1.0504165887832642,2667.0,513.28125,2.0289063453674316,1.0504165887832642,2667.0,513.28125,2.0289063453674316,1.0504165887832642,2667.0
2026-09-09T15:52:00.000+08:00,428.4040222167969,9.77383041381836,12.097412109375,19.304323196411133,0.1845700591802597,384.8999938964844,6.191999912261963,3.563999891281128,1941.5,513.28125,2.0289063453674316,1.0446295738220215,2667.0,513.28125,2.0289063453674316,1.0446295738220215,2667.0,513.28125,2.0289063453674316,1.0446295738220215,2667.0
2026-09-09T15:53:00.000+08:00,430.3949890136719,9.70700454711914,12.069580078125,20.317075729370117,0.17551739513874054,384.70001220703125,6.195000171661377,3.563999891281128,1941.5999755859375,513.28125,2.0289063453674316,1.0483977794647217,2667.0,513.28125,2.0289063453674316,1.0483977794647217,2667.0,513.28125,2.0289063453674316,1.0483977794647217,2667.0
2026-09-09T15:54:00.000+08:00,420.33721923828125,9.704021453857422,12.069580078125,19.322599411010742,0.18439547717571259,384.70001220703125,6.191999912261963,3.559000015258789,1941.699951171875,513.28125,1.990625023841858,1.0430145263671875,2667.0,513.28125,1.990625023841858,1.0430145263671875,2667.0,513.28125,1.990625023841858,1.0430145263671875,2667.0
2026-09-09T15:55:00.000+08:00,442.7149658203125,9.719070434570312,12.0625,20.59311866760254,0.17292183637619019,384.79998779296875,6.191999912261963,3.562999963760376,1941.699951171875,513.28125,2.0289063453674316,1.0483977794647217,2667.0,513.28125,2.0289063453674316,1.0483977794647217,2667.0,513.28125,2.0289063453674316,1.0483977794647217,2667.0
2026-09-09T15:56:00.000+08:00,435.86688232421875,9.705886840820312,12.1181640625,20.75959587097168,0.17129428684711456,384.79998779296875,6.183000087738037,3.556999921798706,1941.800048828125,513.28125,2.0289063453674316,1.045436978340149,2667.0,513.28125,2.0289063453674316,1.045436978340149,2667.0,513.28125,2.0289063453674316,1.045436978340149,2667.0
2026-09-09T15:57:00.000+08:00,440.923828125,9.704021453857422,12.104248046875,20.69889259338379,0.17189325392246246,384.70001220703125,6.171000003814697,3.559999942779541,1941.800048828125,513.28125,2.0289063453674316,1.0438220500946045,2667.0,513.28125,2.0289063453674316,1.0438220500946045,2667.0,513.28125,2.0289063453674316,1.0438220500946045,2667.0
2026-09-09T15:58:00.000+08:00,425.52154541015625,9.713783264160156,12.0625,19.371479034423828,0.18418832123279572,384.5,6.202000141143799,3.556999921798706,1941.9000244140625,513.28125,2.0289063453674316,1.0438220500946045,2667.0,513.28125,2.0289063453674316,1.0438220500946045,2667.0,513.28125,2.0289063453674316,1.0438220500946045,2667.0
2026-09-09T15:59:00.000+08:00,443.6351623535156,9.7830810546875,12.1181640625,20.094980239868164,0.17686007916927338,384.70001220703125,6.198999881744385,3.552999973297119,1941.9000244140625,513.28125,2.0289063453674316,1.0400537252426147,2667.0,513.28125,2.0289063453674316,1.0400537252426147,2667.0,513.28125,2.0289063453674316,1.0400537252426147,2667.0
2026-09-09T16:00:00.000+08:00,436.2483215332031,9.705886840820312,12.1181640625,20.093446731567383,0.17672428488731384,384.79998779296875,6.184000015258789,3.556999921798706,1942.0,513.28125,2.0289063453674316,1.054050326347351,2667.0,513.28125,2.0289063453674316,1.054050326347351,2667.0,513.28125,2.0289063453674316,1.054050326347351,2667.0
2026-09-09T16:01:00.000+08:00,439.6619873046875,9.783454895019531,12.08349609375,20.880950927734375,0.17053821682929993,384.6000061035156,6.170000076293945,3.555999994277954,1942.0999755859375,513.28125,2.0289063453674316,1.0528390407562256,2667.0,513.28125,2.0289063453674316,1.0528390407562256,2667.0,513.28125,2.0289063453674316,1.0528390407562256,2667.0
2026-09-09T16:02:00.000+08:00,432.3262023925781,9.745384216308594,12.083251953125,20.609838485717773,0.1724904328584671,384.70001220703125,6.168000221252441,3.555999994277954,1942.0999755859375,513.28125,2.0289063453674316,1.044225811958313,2667.0,513.28125,2.0289063453674316,1.044225811958313,2667.0,513.28125,2.0289063453674316,1.044225811958313,2667.0
2026-09-09T16:03:00.000+08:00,437.6307678222656,9.76797103881836,12.1806640625,20.77139663696289,0.171293243765831,384.6000061035156,6.171000003814697,3.556999921798706,1942.199951171875,513.28125,2.0289063453674316,1.046244502067566,2667.0,513.28125,2.0289063453674316,1.046244502067566,2667.0,513.28125,2.0289063453674316,1.046244502067566,2667.0
2026-09-09T16:04:00.000+08:00,428.00439453125,9.775123596191406,12.1669921875,19.971208572387695,0.17825661599636078,384.6000061035156,6.168000221252441,3.553999900817871,1942.199951171875,509.765625,2.0289063453674316,1.0413994789123535,2667.0,509.765625,2.0289063453674316,1.0413994789123535,2667.0,509.765625,2.0289063453674316,1.0413994789123535,2667.0
2026-09-09T16:05:00.000+08:00,449.47589111328125,9.707706451416016,12.173828125,21.632404327392578,0.1638282984495163,384.29998779296875,6.164999961853027,3.549999952316284,1942.300048828125,509.765625,2.0289063453674316,1.0412650108337402,2667.0,509.765625,2.0289063453674316,1.0412650108337402,2667.0,509.765625,2.0289063453674316,1.0412650108337402,2667.0
2026-09-09T16:06:00.000+08:00,437.0339660644531,9.767642974853516,12.097412109375,20.531435012817383,0.1728081852197647,384.3999938964844,6.160999774932861,3.5420000553131104,1942.4000244140625,509.765625,2.0289063453674316,1.0432837009429932,2667.0,509.765625,2.0289063453674316,1.0432837009429932,2667.0,509.765625,2.0289063453674316,1.0432837009429932,2667.0
2026-09-09T16:07:00.000+08:00,429.8590393066406,9.741443634033203,12.0625,20.853723526000977,0.17013747990131378,384.3999938964844,6.177000045776367,3.553999900817871,1942.4000244140625,509.765625,1.990625023841858,1.0384386777877808,2667.0,509.765625,1.990625023841858,1.0384386777877808,2667.0,509.765625,1.990625023841858,1.0384386777877808,2667.0
2026-09-09T16:08:00.000+08:00,430.43048095703125,9.713409423828125,12.07666015625,19.951980590820312,0.1779773235321045,384.29998779296875,6.173999786376953,3.5480000972747803,1942.5,509.765625,1.990625023841858,1.0392462015151978,2667.0,509.765625,1.990625023841858,1.0392462015151978,2667.0,509.765625,1.990625023841858,1.0392462015151978,2667.0
2026-09-09T16:09:00.000+08:00,432.2012023925781,9.704765319824219,12.083251953125,20.01188087463379,0.17724470794200897,384.29998779296875,6.178999900817871,3.553999900817871,1942.5,509.765625,2.0289063453674316,1.0440912246704102,2667.0,509.765625,2.0289063453674316,1.0440912246704102,2667.0,509.765625,2.0289063453674316,1.0440912246704102,2667.0
2026-09-09T16:10:00.000+08:00,419.3323669433594,9.59771728515625,12.007080078125,19.64727210998535,0.1809411495923996,384.29998779296875,6.164999961853027,3.5439999103546143,1942.5999755859375,509.765625,2.0289063453674316,1.0523006916046143,2667.0,509.765625,2.0289063453674316,1.0523006916046143,2667.0,509.765625,2.0289063453674316,1.0523006916046143,2667.0
2026-09-09T16:11:00.000+08:00,418.94635009765625,9.460594177246094,11.9169921875,19.981000900268555,0.1775686889886856,384.20001220703125,6.182000160217285,3.5510001182556152,1942.699951171875,509.765625,2.0289063453674316,1.0428799390792847,2667.0,509.765625,2.0289063453674316,1.0428799390792847,2667.0,509.765625,2.0289063453674316,1.0428799390792847,2667.0
2026-09-09T16:12:00.000+08:00,433.5621643066406,9.389453887939453,11.89599609375,20.67643928527832,0.17174138128757477,384.29998779296875,6.172999858856201,3.558000087738037,1942.699951171875,509.765625,2.0289063453674316,1.0446295738220215,2667.0,509.765625,2.0289063453674316,1.0446295738220215,2667.0,509.765625,2.0289063453674316,1.0446295738220215,2667.0
2026-09-09T16:13:00.000+08:00,429.3749694824219,9.392749786376953,11.9169921875,20.770769119262695,0.1709614098072052,383.70001220703125,6.173999786376953,3.546999931335449,1942.800048828125,509.765625,2.0289063453674316,1.0432837009429932,2667.0,509.765625,2.0289063453674316,1.0432837009429932,2667.0,509.765625,2.0289063453674316,1.0432837009429932,2667.0
2026-09-09T16:14:00.000+08:00,432.9237060546875,9.418567657470703,11.895751953125,20.71070671081543,0.1716020703315735,384.5,6.21999979019165,3.555000066757202,1942.800048828125,513.28125,2.0289063453674316,1.0438220500946045,2667.0,513.28125,2.0289063453674316,1.0438220500946045,2667.0,513.28125,2.0289063453674316,1.0438220500946045,2667.0
2026-09-09T16:15:00.000+08:00,427.4393310546875,9.44832992553711,11.944580078125,21.356107711791992,0.16547958552837372,384.6000061035156,6.23199987411499,3.556999921798706,1942.9000244140625,513.28125,2.0289063453674316,1.045436978340149,2667.0,513.28125,2.0289063453674316,1.045436978340149,2667.0,513.28125,2.0289063453674316,1.045436978340149,2667.0
2026-09-09T16:16:00.000+08:00,423.68157958984375,9.482872009277344,11.951416015625,20.876766204833984,0.17085978388786316,384.20001220703125,6.1539998054504395,3.5490000247955322,1943.0,509.765625,2.0289063453674316,1.0408612489700317,2667.0,509.765625,2.0289063453674316,1.0408612489700317,2667.0,509.765625,2.0289063453674316,1.0408612489700317,2667.0
2026-09-09T16:17:00.000+08:00,414.4668884277344,9.552539825439453,11.979248046875,19.650663375854492,0.1813679337501526,384.1000061035156,6.142000198364258,3.5429999828338623,1943.0,509.765625,2.0289063453674316,1.0416686534881592,2667.0,509.765625,2.0289063453674316,1.0416686534881592,2667.0,509.765625,2.0289063453674316,1.0416686534881592,2667.0
2026-09-09T16:18:00.000+08:00,419.9705505371094,9.618583679199219,12.013916015625,20.773788452148438,0.1708402931690216,384.3999938964844,6.145999908447266,3.552000045776367,1943.0999755859375,509.765625,1.990625023841858,1.0348049402236938,2667.0,509.765625,1.990625023841858,1.0348049402236938,2667.0,509.765625,1.990625023841858,1.0348049402236938,2667.0
2026-09-09T16:19:00.000+08:00,422.2680969238281,9.60598373413086,12.013916015625,20.481021881103516,0.1732335388660431,384.29998779296875,6.165999889373779,3.546999931335449,1943.0999755859375,509.765625,2.0289063453674316,1.0446295738220215,2667.0,509.765625,2.0289063453674316,1.0446295738220215,2667.0,509.765625,2.0289063453674316,1.0446295738220215,2667.0
2026-09-09T16:20:00.000+08:00,413.92919921875,9.533493041992188,12.048828125,19.561288833618164,0.18153201043605804,384.29998779296875,6.179999828338623,3.5510001182556152,1943.199951171875,509.765625,2.0289063453674316,1.0392462015151978,2667.0,509.765625,2.0289063453674316,1.0392462015151978,2667.0,509.765625,2.0289063453674316,1.0392462015151978,2667.0
2026-09-09T16:21:00.000+08:00,410.7887878417969,9.560436248779297,11.9931640625,19.48277473449707,0.18277683854103088,384.3999938964844,6.14300012588501,3.546999931335449,1943.300048828125,509.765625,2.0289063453674316,1.0446295738220215,2667.0,509.765625,2.0289063453674316,1.0446295738220215,2667.0,509.765625,2.0289063453674316,1.0446295738220215,2667.0
2026-09-09T16:22:00.000+08:00,426.9420471191406,9.577598571777344,12.0556640625,20.890750885009766,0.16950084269046783,384.20001220703125,6.150000095367432,3.5429999828338623,1943.300048828125,509.765625,2.0289063453674316,1.0424761772155762,2667.0,509.765625,2.0289063453674316,1.0424761772155762,2667.0,509.765625,2.0289063453674316,1.0424761772155762,2667.0
2026-09-09T16:23:00.000+08:00,423.9513854980469,9.508674621582031,12.03515625,20.9432315826416,0.16850312054157257,384.29998779296875,6.1579999923706055,3.5510001182556152,1943.4000244140625,509.765625,1.990625023841858,1.0380349159240723,2667.0,509.765625,1.990625023841858,1.0380349159240723,2667.0,509.765625,1.990625023841858,1.0380349159240723,2667.0
2026-09-09T16:24:00.000+08:00,421.1229553222656,9.525222778320312,12.03515625,20.5438289642334,0.17265525460243225,384.20001220703125,6.1519999504089355,3.5450000762939453,1943.4000244140625,509.765625,2.0289063453674316,1.0412650108337402,2668.0,509.765625,2.0289063453674316,1.0412650108337402,2668.0,509.765625,2.0289063453674316,1.0412650108337402,2668.0
2026-09-09T16:25:00.000+08:00,430.559326171875,9.602397918701172,12.048828125,21.749624252319336,0.16294534504413605,384.1000061035156,6.14900016784668,3.5439999103546143,1943.5,509.765625,2.0289063453674316,1.0436874628067017,2668.0,509.765625,2.0289063453674316,1.0436874628067017,2668.0,509.765625,2.0289063453674316,1.0436874628067017,2668.0
2026-09-09T16:26:00.000+08:00,436.49005126953125,9.600349426269531,11.986328125,21.131309509277344,0.1677132248878479,383.8999938964844,6.129000186920166,3.5369999408721924,1943.5,509.765625,1.990625023841858,1.039111614227295,2668.0,509.765625,1.990625023841858,1.039111614227295,2668.0,509.765625,1.990625023841858,1.039111614227295,2668.0
2026-09-09T16:27:00.000+08:00,430.19140625,9.512672424316406,11.986083984375,21.455284118652344,0.16522735357284546,383.79998779296875,6.133999824523926,3.5309998989105225,1943.5999755859375,509.765625,1.990625023841858,1.035477876663208,2668.0,509.765625,1.990625023841858,1.035477876663208,2668.0,509.765625,1.990625023841858,1.035477876663208,2668.0
2026-09-09T16:28:00.000+08:00,427.8094787597656,9.58591079711914,11.9375,20.813777923583984,0.17017574608325958,384.20001220703125,6.1519999504089355,3.5429999828338623,1943.699951171875,509.765625,2.0289063453674316,1.0404574871063232,2668.0,509.765625,2.0289063453674316,1.0404574871063232,2668.0,509.765625,2.0289063453674316,1.0404574871063232,2668.0
2026-09-09T16:29:00.000+08:00,429.6188659667969,9.60281753540039,11.979248046875,20.662675857543945,0.17127500474452972,384.3999938964844,6.15500020980835,3.555000066757202,1943.699951171875,513.28125,1.990625023841858,1.0364199876785278,2668.0,513.28125,1.990625023841858,1.0364199876785278,2668.0,513.28125,1.990625023841858,1.0364199876785278,2668.0
2026-09-09T16:30:00.000+08:00,442.8186950683594,9.547855377197266,11.986083984375,21.06804084777832,0.16835926473140717,384.6000061035156,6.15500020980835,3.555999994277954,1943.800048828125,513.28125,1.990625023841858,1.042610764503479,2668.0,513.28125,1.990625023841858,1.042610764503479,2668.0,513.28125,1.990625023841858,1.042610764503479,2668.0
2026-09-09T16:31:00.000+08:00,433.54901123046875,9.599231719970703,11.9658203125,20.654481887817383,0.17168186604976654,384.6000061035156,6.14300012588501,3.552999973297119,1943.800048828125,513.28125,2.0289063453674316,1.042610764503479,2668.0,513.28125,2.0289063453674316,1.042610764503479,2668.0,513.28125,2.0289063453674316,1.042610764503479,2668.0
2026-09-09T16:32:00.000+08:00,431.1025695800781,9.620094299316406,11.979248046875,20.52811050415039,0.17366430163383484,384.3999938964844,6.14300012588501,3.553999900817871,1943.9000244140625,509.765625,2.0289063453674316,1.0408612489700317,2668.0,509.765625,2.0289063453674316,1.0408612489700317,2668.0,509.765625,2.0289063453674316,1.0408612489700317,2668.0
2026-09-09T16:33:00.000+08:00,432.58392333984375,9.68075180053711,11.9375,21.866729736328125,0.16239282488822937,384.1000061035156,6.132999897003174,3.5399999618530273,1944.0,509.765625,1.990625023841858,1.038304090499878,2668.0,509.765625,1.990625023841858,1.038304090499878,2668.0,509.765625,1.990625023841858,1.038304090499878,2668.0
2026-09-09T16:34:00.000+08:00,438.5701599121094,9.598506927490234,11.97265625,19.829439163208008,0.18208160996437073,384.1000061035156,6.159999847412109,3.5460000038146973,1944.0,509.765625,2.0289063453674316,1.0432837009429932,2668.0,509.765625,2.0289063453674316,1.0432837009429932,2668.0,509.765625,2.0289063453674316,1.0432837009429932,2668.0
2026-09-09T16:35:00.000+08:00,441.2794494628906,9.543567657470703,11.888916015625,20.14682388305664,0.17566044628620148,384.20001220703125,6.126999855041504,3.5350000858306885,1944.0999755859375,509.765625,2.0289063453674316,1.0424761772155762,2668.0,509.765625,2.0289063453674316,1.0424761772155762,2668.0,509.765625,2.0289063453674316,1.0424761772155762,2668.0
2026-09-09T16:36:00.000+08:00,440.2550964355469,9.505874633789062,11.9375,20.867033004760742,0.16998104751110077,383.79998779296875,6.1529998779296875,3.5280001163482666,1944.0999755859375,509.765625,2.0289063453674316,1.040726661682129,2668.0,509.765625,2.0289063453674316,1.040726661682129,2668.0,509.765625,2.0289063453674316,1.040726661682129,2668.0
2026-09-09T16:37:00.000+08:00,436.8802185058594,9.582344055175781,11.9375,21.48394012451172,0.16477423906326294,384.1000061035156,6.144999980926514,3.549999952316284,1944.199951171875,509.765625,1.990625023841858,1.037092924118042,2668.0,509.765625,1.990625023841858,1.037092924118042,2668.0,509.765625,1.990625023841858,1.037092924118042,2668.0
2026-09-09T16:38:00.000+08:00,436.682373046875,9.665687561035156,11.986328125,21.012676239013672,0.1683269590139389,384.3999938964844,6.150000095367432,3.5429999828338623,1944.300048828125,509.765625,2.0289063453674316,1.0428799390792847,2668.0,509.765625,2.0289063453674316,1.0428799390792847,2668.0,509.765625,2.0289063453674316,1.0428799390792847,2668.0
2026-09-09T16:39:00.000+08:00,436.7049560546875,9.564064025878906,11.9375,20.458698272705078,0.17298266291618347,384.29998779296875,6.1479997634887695,3.5510001182556152,1944.300048828125,509.765625,2.0289063453674316,1.046109914779663,2668.0,509.765625,2.0289063453674316,1.046109914779663,2668.0,509.765625,2.0289063453674316,1.046109914779663,2668.0
2026-09-09T16:40:00.000+08:00,433.4460754394531,9.641258239746094,11.972412109375,19.571842193603516,0.18107646703720093,384.20001220703125,6.146999835968018,3.5380001068115234,1944.4000244140625,509.765625,1.990625023841858,1.0358816385269165,2668.0,509.765625,1.990625023841858,1.0358816385269165,2668.0,509.765625,1.990625023841858,1.0358816385269165,2668.0
2026-09-09T16:41:00.000+08:00,432.8009338378906,9.57550048828125,12.013916015625,20.604625701904297,0.1721457988023758,384.5,6.15500020980835,3.556999921798706,1944.4000244140625,509.765625,2.0289063453674316,1.0408612489700317,2668.0,509.765625,2.0289063453674316,1.0408612489700317,2668.0,509.765625,2.0289063453674316,1.0408612489700317,2668.0
2026-09-09T16:42:00.000+08:00,441.864990234375,9.598087310791016,12.0283203125,21.168249130249023,0.1677512377500534,384.5,6.163000106811523,3.5450000762939453,1944.5,509.765625,2.0289063453674316,1.0416686534881592,2668.0,509.765625,2.0289063453674316,1.0416686534881592,2668.0,509.765625,2.0289063453674316,1.0416686534881592,2668.0
2026-09-09T16:43:00.000+08:00,437.572021484375,9.578338623046875,12.048583984375,21.470136642456055,0.1652062088251114,384.20001220703125,6.1539998054504395,3.5409998893737793,1944.5999755859375,509.765625,1.990625023841858,1.037092924118042,2668.0,509.765625,1.990625023841858,1.037092924118042,2668.0,509.765625,1.990625023841858,1.037092924118042,2668.0
2026-09-09T16:44:00.000+08:00,424.0928039550781,9.598506927490234,11.979248046875,20.32146453857422,0.17474134266376495,384.29998779296875,6.1519999504089355,3.5439999103546143,1944.5999755859375,509.765625,2.0289063453674316,1.0424761772155762,2668.0,509.765625,2.0289063453674316,1.0424761772155762,2668.0,509.765625,2.0289063453674316,1.0424761772155762,2668.0
2026-09-09T16:45:00.000+08:00,431.92218017578125,9.590240478515625,11.9931640625,20.886436462402344,0.16963161528110504,384.20001220703125,6.1519999504089355,3.5439999103546143,1944.699951171875,509.765625,1.990625023841858,1.0374966859817505,2668.0,509.765625,1.990625023841858,1.0374966859817505,2668.0,509.765625,1.990625023841858,1.0374966859817505,2668.0
2026-09-09T16:46:00.000+08:00,430.7364196777344,9.617881774902344,11.944580078125,20.49346160888672,0.17342115938663483,384.5,6.1519999504089355,3.5510001182556152,1944.699951171875,509.765625,1.990625023841858,1.0404574871063232,2668.0,509.765625,1.990625023841858,1.0404574871063232,2668.0,509.765625,1.990625023841858,1.0404574871063232,2668.0
2026-09-09T16:47:00.000+08:00,442.8754577636719,9.661731719970703,11.9375,20.8067684173584,0.17061756551265717,384.6000061035156,6.1529998779296875,3.553999900817871,1944.800048828125,513.28125,2.0289063453674316,1.0446295738220215,2668.0,513.28125,2.0289063453674316,1.0446295738220215,2668.0,513.28125,2.0289063453674316,1.0446295738220215,2668.0
2026-09-09T16:48:00.000+08:00,440.3306579589844,9.718391418457031,12.0556640625,20.35249900817871,0.17413094639778137,383.8999938964844,6.14900016784668,3.5390000343322754,1944.800048828125,509.765625,2.0289063453674316,1.0432837009429932,2668.0,509.765625,2.0289063453674316,1.0432837009429932,2668.0,509.765625,2.0289063453674316,1.0432837009429932,2668.0
2026-09-09T16:49:00.000+08:00,432.27899169921875,9.708393096923828,12.041748046875,19.783540725708008,0.17934098839759827,384.6000061035156,6.160999774932861,3.561000108718872,1944.9000244140625,513.28125,2.0289063453674316,1.0531082153320312,2668.0,513.28125,2.0289063453674316,1.0531082153320312,2668.0,513.28125,2.0289063453674316,1.0531082153320312,2668.0
2026-09-09T16:50:00.000+08:00,437.195068359375,9.745464324951172,11.951416015625,20.264516830444336,0.17459088563919067,384.6000061035156,6.1620001792907715,3.562000036239624,1945.0,513.28125,2.0289063453674316,1.0413994789123535,2668.0,513.28125,2.0289063453674316,1.0413994789123535,2668.0,513.28125,2.0289063453674316,1.0413994789123535,2668.0
2026-09-09T16:51:00.000+08:00,439.96405029296875,9.705554962158203,12.013916015625,20.191564559936523,0.1759645640850067,384.3999938964844,6.203999996185303,3.571000099182129,1945.0,513.28125,2.0289063453674316,1.0400537252426147,2668.0,513.28125,2.0289063453674316,1.0400537252426147,2668.0,513.28125,2.0289063453674316,1.0400537252426147,2668.0
2026-09-09T16:52:00.000+08:00,439.0489807128906,9.716663360595703,12.041748046875,19.558557510375977,0.18171074986457825,384.6000061035156,6.1579999923706055,3.558000087738037,1945.0999755859375,513.28125,2.0289063453674316,1.042610764503479,2668.0,513.28125,2.0289063453674316,1.042610764503479,2668.0,513.28125,2.0289063453674316,1.042610764503479,2668.0
2026-09-09T16:53:00.000+08:00,446.10418701171875,9.694408416748047,12.1044921875,20.428619384765625,0.1741674244403839,384.8999938964844,6.163000106811523,3.559999942779541,1945.0999755859375,513.28125,1.990625023841858,1.0409958362579346,2668.0,513.28125,1.990625023841858,1.0409958362579346,2668.0,513.28125,1.990625023841858,1.0409958362579346,2668.0
2026-09-09T16:54:00.000+08:00,438.0718078613281,9.7618408203125,12.111083984375,19.705812454223633,0.18040363490581512,384.8999938964844,6.199999809265137,3.568000078201294,1945.199951171875,513.28125,2.0289063453674316,1.042610764503479,2668.0,513.28125,2.0289063453674316,1.042610764503479,2668.0,513.28125,2.0289063453674316,1.042610764503479,2668.0
2026-09-09T16:55:00.000+08:00,429.63018798828125,9.794914245605469,12.1181640625,20.52615737915039,0.17353467643260956,384.70001220703125,6.199999809265137,3.562000036239624,1945.300048828125,513.28125,2.0289063453674316,1.0466482639312744,2668.0,513.28125,2.0289063453674316,1.0466482639312744,2668.0,513.28125,2.0289063453674316,1.0466482639312744,2668.0
2026-09-09T16:56:00.000+08:00,427.081298828125,9.803569793701172,12.1181640625,19.71857261657715,0.18064187467098236,384.8999938964844,6.208000183105469,3.571000099182129,1945.300048828125,513.28125,2.0289063453674316,1.0463790893554688,2668.0,513.28125,2.0289063453674316,1.0463790893554688,2668.0,513.28125,2.0289063453674316,1.0463790893554688,2668.0
2026-09-09T16:57:00.000+08:00,437.04656982421875,9.761192321777344,12.173828125,20.099912643432617,0.17746345698833466,384.8999938964844,6.177999973297119,3.568000078201294,1945.4000244140625,513.28125,2.0289063453674316,1.0475903749465942,2668.0,513.28125,2.0289063453674316,1.0475903749465942,2668.0,513.28125,2.0289063453674316,1.0475903749465942,2668.0
2026-09-09T16:58:00.000+08:00,438.7197570800781,9.783390045166016,12.1669921875,19.85353660583496,0.17956498265266418,384.8999938964844,6.190999984741211,3.571000099182129,1945.4000244140625,513.28125,2.0289063453674316,1.0488015413284302,2668.0,513.28125,2.0289063453674316,1.0488015413284302,2668.0,513.28125,2.0289063453674316,1.0488015413284302,2668.0
2026-09-09T16:59:00.000+08:00,433.5538024902344,9.795612335205078,12.138916015625,20.695892333984375,0.17225639522075653,385.1000061035156,6.185999870300293,3.5739998817443848,1945.5,513.28125,2.0289063453674316,1.0492053031921387,2668.0,513.28125,2.0289063453674316,1.0492053031921387,2668.0,513.28125,2.0289063453674316,1.0492053031921387,2668.0
2026-09-09T17:00:00.000+08:00,433.35223388671875,9.764389038085938,12.132080078125,20.543296813964844,0.17300046980381012,385.20001220703125,6.195000171661377,3.5739998817443848,1945.5999755859375,513.28125,2.0289063453674316,1.0509549379348755,2668.0,513.28125,2.0289063453674316,1.0509549379348755,2668.0,513.28125,2.0289063453674316,1.0509549379348755,2668.0
2026-09-09T17:01:00.000+08:00,428.3289794921875,9.846324920654297,12.1181640625,20.300012588500977,0.176108255982399,385.29998779296875,6.203000068664551,3.5789999961853027,1945.5999755859375,513.28125,2.0289063453674316,1.0501474142074585,2668.0,513.28125,2.0289063453674316,1.0501474142074585,2668.0,513.28125,2.0289063453674316,1.0501474142074585,2668.0
2026-09-09T17:02:00.000+08:00,437.83343505859375,9.767265319824219,12.0625,20.37953758239746,0.17561732232570648,385.70001220703125,6.216000080108643,3.5910000801086426,1945.699951171875,513.28125,2.0289063453674316,1.0498782396316528,2668.0,513.28125,2.0289063453674316,1.0498782396316528,2668.0,513.28125,2.0289063453674316,1.0498782396316528,2668.0
2026-09-09T17:03:00.000+08:00,438.8572692871094,9.79534912109375,12.0283203125,19.296310424804688,0.18547587096691132,385.70001220703125,6.201000213623047,3.5850000381469727,1945.699951171875,513.28125,2.0289063453674316,1.0535119771957397,2668.0,513.28125,2.0289063453674316,1.0535119771957397,2668.0,513.28125,2.0289063453674316,1.0535119771957397,2668.0
2026-09-09T17:04:00.000+08:00,459.59625244140625,9.77164077758789,12.048583984375,20.33025550842285,0.17623978853225708,385.3999938964844,6.210000038146973,3.569999933242798,1945.800048828125,513.28125,2.0289063453674316,1.0459753274917603,2668.0,513.28125,2.0289063453674316,1.0459753274917603,2668.0,513.28125,2.0289063453674316,1.0459753274917603,2668.0
2026-09-09T17:05:00.000+08:00,459.4248352050781,9.790641784667969,12.048583984375,20.107637405395508,0.1779920756816864,385.29998779296875,6.198999881744385,3.572999954223633,1945.9000244140625,513.28125,2.0289063453674316,1.0509549379348755,2668.0,513.28125,2.0289063453674316,1.0509549379348755,2668.0,513.28125,2.0289063453674316,1.0509549379348755,2668.0
2026-09-09T17:06:00.000+08:00,448.4345397949219,9.767265319824219,12.09033203125,20.118806838989258,0.1776447296142578,385.5,6.201000213623047,3.578000068664551,1945.9000244140625,513.28125,2.0289063453674316,1.04974365234375,2668.0,513.28125,2.0289063453674316,1.04974365234375,2668.0,513.28125,2.0289063453674316,1.04974365234375,2668.0
2026-09-09T17:07:00.000+08:00,453.6096496582031,9.756534576416016,12.069580078125,20.202804565429688,0.17705462872982025,385.0,6.185999870300293,3.566999912261963,1946.0,513.28125,2.0289063453674316,1.0467828512191772,2668.0,513.28125,2.0289063453674316,1.0467828512191772,2668.0,513.28125,2.0289063453674316,1.0467828512191772,2668.0
2026-09-09T17:08:00.000+08:00,452.55499267578125,9.776283264160156,12.104248046875,20.969139099121094,0.17058402299880981,385.20001220703125,6.190000057220459,3.571000099182129,1946.0,513.28125,2.0289063453674316,1.0455715656280518,2668.0,513.28125,2.0289063453674316,1.0455715656280518,2668.0,513.28125,2.0289063453674316,1.0455715656280518,2668.0
2026-09-09T17:09:00.000+08:00,437.3647766113281,9.86307144165039,12.0625,20.416383743286133,0.17481058835983276,385.3999938964844,6.193999767303467,3.575000047683716,1946.0999755859375,513.28125,2.0289063453674316,1.053377389907837,2668.0,513.28125,2.0289063453674316,1.053377389907837,2668.0,513.28125,2.0289063453674316,1.053377389907837,2668.0
2026-09-09T17:10:00.000+08:00,442.4785461425781,9.766521453857422,12.097412109375,20.563400268554688,0.1736094206571579,385.29998779296875,6.177999973297119,3.568000078201294,1946.199951171875,513.28125,2.0289063453674316,1.0509549379348755,2668.0,513.28125,2.0289063453674316,1.0509549379348755,2668.0,513.28125,2.0289063453674316,1.0509549379348755,2668.0
2026-09-09T17:11:00.000+08:00,447.48895263671875,9.852359771728516,12.1181640625,19.945985794067383,0.178933247923851,385.29998779296875,6.201000213623047,3.5769999027252197,1946.199951171875,513.28125,2.0289063453674316,1.0459753274917603,2668.0,513.28125,2.0289063453674316,1.0459753274917603,2668.0,513.28125,2.0289063453674316,1.0459753274917603,2668.0
2026-09-09T17:12:00.000+08:00,440.55035400390625,9.8455810546875,12.111083984375,20.442346572875977,0.17453965544700623,385.20001220703125,6.173999786376953,3.5769999027252197,1946.300048828125,513.28125,2.0289063453674316,1.0467828512191772,2668.0,513.28125,2.0289063453674316,1.0467828512191772,2668.0,513.28125,2.0289063453674316,1.0467828512191772,2668.0
2026-09-09T17:13:00.000+08:00,438.0268859863281,9.78878402709961,12.0,20.006649017333984,0.17849066853523254,385.20001220703125,6.173999786376953,3.572999954223633,1946.300048828125,513.28125,2.0289063453674316,1.04974365234375,2668.0,513.28125,2.0289063453674316,1.04974365234375,2668.0,513.28125,2.0289063453674316,1.04974365234375,2668.0
2026-09-09T17:14:00.000+08:00,447.20330810546875,9.764114379882812,12.013916015625,20.326669692993164,0.1755821257829666,385.5,6.190000057220459,3.575000047683716,1946.4000244140625,513.28125,2.0289063453674316,1.0465136766433716,2668.0,513.28125,2.0289063453674316,1.0465136766433716,2668.0,513.28125,2.0289063453674316,1.0465136766433716,2668.0
2026-09-09T17:15:00.000+08:00,459.73199462890625,9.759044647216797,12.034912109375,20.438562393188477,0.17452304065227509,385.5,6.168000221252441,3.575000047683716,1946.5,513.28125,2.0289063453674316,1.05256986618042,2668.0,513.28125,2.0289063453674316,1.05256986618042,2668.0,513.28125,2.0289063453674316,1.05256986618042,2668.0
2026-09-09T17:16:00.000+08:00,458.17462158203125,9.757881164550781,12.1044921875,20.9138126373291,0.1710352897644043,385.6000061035156,6.197000026702881,3.5820000171661377,1946.5,513.28125,2.0289063453674316,1.048936128616333,2668.0,513.28125,2.0289063453674316,1.048936128616333,2668.0,513.28125,2.0289063453674316,1.048936128616333,2668.0
2026-09-09T17:17:00.000+08:00,465.6353454589844,9.789527893066406,12.0419921875,20.87285614013672,0.17146670818328857,385.29998779296875,6.190000057220459,3.572999954223633,1946.5999755859375,513.28125,2.0289063453674316,1.0521661043167114,2668.0,513.28125,2.0289063453674316,1.0521661043167114,2668.0,513.28125,2.0289063453674316,1.0521661043167114,2668.0
2026-09-09T17:18:00.000+08:00,449.94696044921875,9.76015853881836,12.0,19.878217697143555,0.1797947883605957,385.6000061035156,6.188000202178955,3.569000005722046,1946.5999755859375,513.28125,2.0289063453674316,1.051358699798584,2668.0,513.28125,2.0289063453674316,1.051358699798584,2668.0,513.28125,2.0289063453674316,1.051358699798584,2668.0
2026-09-09T17:19:00.000+08:00,450.4563903808594,9.789897918701172,12.048828125,20.237234115600586,0.17655575275421143,385.29998779296875,6.1570000648498535,3.565999984741211,1946.699951171875,513.28125,2.0289063453674316,1.0479941368103027,2668.0,513.28125,2.0289063453674316,1.0479941368103027,2668.0,513.28125,2.0289063453674316,1.0479941368103027,2668.0
2026-09-09T17:20:00.000+08:00,455.0867919921875,9.768424987792969,12.048828125,20.54876708984375,0.17363572120666504,385.3999938964844,6.177999973297119,3.575000047683716,1946.800048828125,513.28125,2.0289063453674316,1.0479941368103027,2668.0,513.28125,2.0289063453674316,1.0479941368103027,2668.0,513.28125,2.0289063453674316,1.0479941368103027,2668.0
2026-09-09T17:21:00.000+08:00,441.4355163574219,9.773735046386719,12.03515625,19.444656372070312,0.18364942073822021,385.29998779296875,6.166999816894531,3.572999954223633,1946.800048828125,513.28125,2.0289063453674316,1.051762342453003,2668.0,513.28125,2.0289063453674316,1.051762342453003,2668.0,513.28125,2.0289063453674316,1.051762342453003,2668.0
2026-09-09T17:22:00.000+08:00,449.8515930175781,9.774852752685547,12.048583984375,20.33212661743164,0.17563337087631226,385.0,6.177000045776367,3.569999933242798,1946.9000244140625,513.28125,2.0289063453674316,1.0439566373825073,2669.0,513.28125,2.0289063453674316,1.0439566373825073,2669.0,513.28125,2.0289063453674316,1.0439566373825073,2669.0
2026-09-09T17:23:00.000+08:00,449.19720458984375,9.77126693725586,12.048828125,20.20582389831543,0.1766817271709442,385.20001220703125,6.172999858856201,3.5769999027252197,1946.9000244140625,513.28125,2.0289063453674316,1.0467828512191772,2669.0,513.28125,2.0289063453674316,1.0467828512191772,2669.0,513.28125,2.0289063453674316,1.0467828512191772,2669.0
2026-09-09T17:24:00.000+08:00,453.3448486328125,9.806495666503906,11.944580078125,20.554967880249023,0.17319414019584656,385.20001220703125,6.156000137329102,3.572000026702881,1947.0,513.28125,2.0289063453674316,1.0574148893356323,2669.0,513.28125,2.0289063453674316,1.0574148893356323,2669.0,513.28125,2.0289063453674316,1.0574148893356323,2669.0
2026-09-09T17:25:00.000+08:00,451.2702941894531,9.795013427734375,11.9931640625,19.769079208374023,0.17987686395645142,385.0,6.170000076293945,3.578000068664551,1947.0,513.28125,2.0289063453674316,1.0451678037643433,2669.0,513.28125,2.0289063453674316,1.0451678037643433,2669.0,513.28125,2.0289063453674316,1.0451678037643433,2669.0
2026-09-09T17:26:00.000+08:00,451.9195861816406,9.759784698486328,12.0419921875,19.505104064941406,0.1830802708864212,385.0,6.15500020980835,3.569000005722046,1947.0999755859375,513.28125,2.0289063453674316,1.0488015413284302,2669.0,513.28125,2.0289063453674316,1.0488015413284302,2669.0,513.28125,2.0289063453674316,1.0488015413284302,2669.0
2026-09-09T17:27:00.000+08:00,452.6969299316406,9.810806274414062,11.951416015625,20.443700790405273,0.1745280921459198,384.79998779296875,6.1570000648498535,3.561000108718872,1947.199951171875,513.28125,1.990625023841858,1.0409958362579346,2669.0,513.28125,1.990625023841858,1.0409958362579346,2669.0,513.28125,1.990625023841858,1.0409958362579346,2669.0
2026-09-09T17:28:00.000+08:00,458.3164367675781,9.810066223144531,11.944580078125,20.715167999267578,0.17233748733997345,384.6000061035156,6.145999908447266,3.552000045776367,1947.199951171875,513.28125,2.0289063453674316,1.0450332164764404,2669.0,513.28125,2.0289063453674316,1.0450332164764404,2669.0,513.28125,2.0289063453674316,1.0450332164764404,2669.0
2026-09-09T17:29:00.000+08:00,441.79193115234375,9.77410888671875,12.048828125,19.733749389648438,0.1807563304901123,384.79998779296875,6.1529998779296875,3.558000087738037,1947.300048828125,513.28125,2.0289063453674316,1.0483977794647217,2669.0,513.28125,2.0289063453674316,1.0483977794647217,2669.0,513.28125,2.0289063453674316,1.0483977794647217,2669.0
2026-09-09T17:30:00.000+08:00,434.5736389160156,9.772994995117188,12.034912109375,18.909622192382812,0.17943932116031647,385.0,6.14900016784668,3.565000057220459,1947.300048828125,513.28125,2.0289063453674316,1.043418288230896,2669.0,513.28125,2.0289063453674316,1.043418288230896,2669.0,513.28125,2.0289063453674316,1.043418288230896,2669.0
2026-09-09T17:31:00.000+08:00,445.9687194824219,9.783866882324219,12.034912109375,20.30275535583496,0.17524714767932892,384.70001220703125,6.138999938964844,3.559999942779541,1947.4000244140625,513.28125,1.990625023841858,1.0422070026397705,2669.0,513.28125,1.990625023841858,1.0422070026397705,2669.0,513.28125,1.990625023841858,1.0422070026397705,2669.0
2026-09-09T17:32:00.000+08:00,450.60858154296875,9.78023910522461,12.083251953125,20.436735153198242,0.17429398000240326,384.6000061035156,6.1570000648498535,3.561000108718872,1947.5,513.28125,2.0289063453674316,1.046244502067566,2669.0,513.28125,2.0289063453674316,1.046244502067566,2669.0,513.28125,2.0289063453674316,1.046244502067566,2669.0
2026-09-09T17:33:00.000+08:00,437.6202392578125,9.766521453857422,12.104248046875,19.80411148071289,0.1800636202096939,385.0,6.179999828338623,3.5739998817443848,1947.5,513.28125,2.0289063453674316,1.0431491136550903,2669.0,513.28125,2.0289063453674316,1.0431491136550903,2669.0,513.28125,2.0289063453674316,1.0431491136550903,2669.0
2026-09-09T17:34:00.000+08:00,429.0340270996094,9.78274917602539,12.020751953125,19.632080078125,0.18128491938114166,384.79998779296875,6.170000076293945,3.568000078201294,1947.5999755859375,513.28125,1.990625023841858,1.0409958362579346,2669.0,513.28125,1.990625023841858,1.0409958362579346,2669.0,513.28125,1.990625023841858,1.0409958362579346,2669.0
2026-09-09T17:35:00.000+08:00,438.238037109375,9.770893096923828,12.0556640625,20.441492080688477,0.17469370365142822,385.1000061035156,6.178999900817871,3.569999933242798,1947.5999755859375,513.28125,2.0289063453674316,1.0463790893554688,2669.0,513.28125,2.0289063453674316,1.0463790893554688,2669.0,513.28125,2.0289063453674316,1.0463790893554688,2669.0
2026-09-09T17:36:00.000+08:00,450.5705261230469,9.771312713623047,11.9375,20.022262573242188,0.17830152809619904,385.0,6.168000221252441,3.572000026702881,1947.699951171875,513.28125,2.0289063453674316,1.0463790893554688,2669.0,513.28125,2.0289063453674316,1.0463790893554688,2669.0,513.28125,2.0289063453674316,1.0463790893554688,2669.0
2026-09-09T17:37:00.000+08:00,436.552734375,9.776248931884766,11.97265625,18.798444747924805,0.19001571834087372,384.8999938964844,6.159999847412109,3.556999921798706,1947.800048828125,513.28125,2.0289063453674316,1.0459753274917603,2669.0,513.28125,2.0289063453674316,1.0459753274917603,2669.0,513.28125,2.0289063453674316,1.0459753274917603,2669.0
2026-09-09T17:38:00.000+08:00,458.3374938964844,9.769844055175781,11.9375,19.858980178833008,0.1794654130935669,385.1000061035156,6.1570000648498535,3.563999891281128,1947.800048828125,513.28125,2.0289063453674316,1.0467828512191772,2669.0,513.28125,2.0289063453674316,1.0467828512191772,2669.0,513.28125,2.0289063453674316,1.0467828512191772,2669.0
2026-09-09T17:39:00.000+08:00,466.025634765625,9.805381774902344,11.9931640625,20.607254028320312,0.1729973405599594,384.3999938964844,6.144000053405762,3.5399999618530273,1947.9000244140625,509.765625,1.990625023841858,1.0372275114059448,2669.0,509.765625,1.990625023841858,1.0372275114059448,2669.0,509.765625,1.990625023841858,1.0372275114059448,2669.0
2026-09-09T17:40:00.000+08:00,461.5223693847656,9.782794952392578,11.97265625,20.376699447631836,0.175298273563385,384.5,6.1479997634887695,3.5490000247955322,1947.9000244140625,509.765625,2.0289063453674316,1.0420724153518677,2669.0,509.765625,2.0289063453674316,1.0420724153518677,2669.0,509.765625,2.0289063453674316,1.0420724153518677,2669.0
2026-09-09T17:41:00.000+08:00,462.9576416015625,9.805049896240234,11.923828125,20.158641815185547,0.17625194787979126,384.5,6.158999919891357,3.5460000038146973,1948.0,509.765625,2.0289063453674316,1.0486669540405273,2669.0,509.765625,2.0289063453674316,1.0486669540405273,2669.0,509.765625,2.0289063453674316,1.0486669540405273,2669.0
2026-09-09T17:42:00.000+08:00,447.5536193847656,9.770195007324219,11.986328125,19.08818244934082,0.18645043671131134,384.20001220703125,6.1570000648498535,3.5429999828338623,1948.0999755859375,509.765625,1.990625023841858,1.0350741147994995,2669.0,509.765625,1.990625023841858,1.0350741147994995,2669.0,509.765625,1.990625023841858,1.0350741147994995,2669.0
2026-09-09T17:43:00.000+08:00,467.0052185058594,9.80859375,11.972412109375,20.637527465820312,0.17235592007637024,384.29998779296875,6.160999774932861,3.555999994277954,1948.0999755859375,509.765625,2.0289063453674316,1.0424761772155762,2669.0,509.765625,2.0289063453674316,1.0424761772155762,2669.0,509.765625,2.0289063453674316,1.0424761772155762,2669.0
2026-09-09T17:44:00.000+08:00,454.55126953125,9.781326293945312,11.944580078125,19.88343048095703,0.1790938526391983,384.0,6.138000011444092,3.5429999828338623,1948.199951171875,509.765625,2.0289063453674316,1.0400537252426147,2669.0,509.765625,2.0289063453674316,1.0400537252426147,2669.0,509.765625,2.0289063453674316,1.0400537252426147,2669.0
2026-09-09T17:45:00.000+08:00,454.5108642578125,9.793159484863281,11.979248046875,20.705018997192383,0.17150430381298065,384.1000061035156,6.144999980926514,3.5429999828338623,1948.199951171875,509.765625,1.990625023841858,1.0395153760910034,2669.0,509.765625,1.990625023841858,1.0395153760910034,2669.0,509.765625,1.990625023841858,1.0395153760910034,2669.0
2026-09-09T17:46:00.000+08:00,446.03216552734375,9.777740478515625,11.9931640625,19.087064743041992,0.18630418181419373,383.79998779296875,6.132999897003174,3.5409998893737793,1948.300048828125,509.765625,1.990625023841858,1.039111614227295,2669.0,509.765625,1.990625023841858,1.039111614227295,2669.0,509.765625,1.990625023841858,1.039111614227295,2669.0
2026-09-09T17:47:00.000+08:00,456.61077880859375,9.757617950439453,11.9794921875,19.811603546142578,0.17954124510288239,384.0,6.142000198364258,3.5380001068115234,1948.4000244140625,509.765625,1.990625023841858,1.0374966859817505,2669.0,509.765625,1.990625023841858,1.0374966859817505,2669.0,509.765625,1.990625023841858,1.0374966859817505,2669.0
2026-09-09T17:48:00.000+08:00,449.2962341308594,9.598899841308594,11.916748046875,19.57602310180664,0.18119104206562042,384.0,6.1570000648498535,3.5429999828338623,1948.4000244140625,509.765625,1.990625023841858,1.038304090499878,2669.0,509.765625,1.990625023841858,1.038304090499878,2669.0,509.765625,1.990625023841858,1.038304090499878,2669.0
2026-09-09T17:49:00.000+08:00,460.2023010253906,9.538932800292969,11.819580078125,20.126895904541016,0.1760827898979187,384.1000061035156,6.1570000648498535,3.5510001182556152,1948.5,509.765625,1.990625023841858,1.036285400390625,2669.0,509.765625,1.990625023841858,1.036285400390625,2669.0,509.765625,1.990625023841858,1.036285400390625,2669.0
2026-09-09T17:50:00.000+08:00,452.9035339355469,9.379779815673828,11.826416015625,19.89098358154297,0.1782214492559433,383.79998779296875,6.151000022888184,3.5339999198913574,1948.5,509.765625,2.0289063453674316,1.0415340662002563,2669.0,509.765625,2.0289063453674316,1.0415340662002563,2669.0,509.765625,2.0289063453674316,1.0415340662002563,2669.0
2026-09-09T17:51:00.000+08:00,449.9042053222656,9.473514556884766,11.8125,20.677345275878906,0.17134694755077362,384.0,6.15500020980835,3.5420000553131104,1948.5999755859375,509.765625,2.0289063453674316,1.0395153760910034,2669.0,509.765625,2.0289063453674316,1.0395153760910034,2669.0,509.765625,2.0289063453674316,1.0395153760910034,2669.0
2026-09-09T17:52:00.000+08:00,448.41754150390625,9.382678985595703,11.8408203125,20.80848503112793,0.17026707530021667,383.79998779296875,6.158999919891357,3.5429999828338623,1948.5999755859375,509.765625,1.990625023841858,1.0366891622543335,2669.0,509.765625,1.990625023841858,1.0366891622543335,2669.0,509.765625,1.990625023841858,1.0366891622543335,2669.0
2026-09-09T17:53:00.000+08:00,440.7666320800781,9.460269927978516,11.8408203125,20.630430221557617,0.1714942455291748,384.1000061035156,6.163000106811523,3.5450000762939453,1948.699951171875,509.765625,2.0289063453674316,1.0424761772155762,2669.0,509.765625,2.0289063453674316,1.0424761772155762,2669.0,509.765625,2.0289063453674316,1.0424761772155762,2669.0
2026-09-09T17:54:00.000+08:00,438.0237121582031,9.420402526855469,11.7919921875,21.513484954833984,0.1642225831747055,384.1000061035156,6.178999900817871,3.549999952316284,1948.800048828125,509.765625,2.0289063453674316,1.0424761772155762,2669.0,509.765625,2.0289063453674316,1.0424761772155762,2669.0,509.765625,2.0289063453674316,1.0424761772155762,2669.0
2026-09-09T17:55:00.000+08:00,445.21856689453125,9.477527618408203,11.84765625,20.778249740600586,0.17080360651016235,384.20001220703125,6.1539998054504395,3.5460000038146973,1948.800048828125,509.765625,2.0289063453674316,1.0424761772155762,2669.0,509.765625,2.0289063453674316,1.0424761772155762,2669.0,509.765625,2.0289063453674316,1.0424761772155762,2669.0
2026-09-09T17:56:00.000+08:00,427.7456970214844,9.464160919189453,11.888916015625,20.037193298339844,0.17692098021507263,384.3999938964844,6.177000045776367,3.5490000247955322,1948.9000244140625,509.765625,2.0289063453674316,1.0482631921768188,2669.0,509.765625,2.0289063453674316,1.0482631921768188,2669.0,509.765625,2.0289063453674316,1.0482631921768188,2669.0
2026-09-09T17:57:00.000+08:00,436.8017883300781,9.49294662475586,11.84765625,20.469812393188477,0.17342610657215118,384.3999938964844,6.15500020980835,3.5420000553131104,1948.9000244140625,509.765625,1.990625023841858,1.0396499633789062,2669.0,509.765625,1.990625023841858,1.0396499633789062,2669.0,509.765625,1.990625023841858,1.0396499633789062,2669.0
2026-09-09T17:58:00.000+08:00,428.3320617675781,9.43759536743164,11.9169921875,20.74576759338379,0.17083002626895905,384.29998779296875,6.171999931335449,3.549999952316284,1949.0,509.765625,2.0289063453674316,1.0416686534881592,2669.0,509.765625,2.0289063453674316,1.0416686534881592,2669.0,509.765625,2.0289063453674316,1.0416686534881592,2669.0
2026-09-09T17:59:00.000+08:00,425.61419677734375,9.487495422363281,11.9306640625,19.985828399658203,0.1777259260416031,384.3999938964844,6.183000087738037,3.558000087738037,1949.0999755859375,509.765625,1.990625023841858,1.0368237495422363,2669.0,509.765625,1.990625023841858,1.0368237495422363,2669.0,509.765625,1.990625023841858,1.0368237495422363,2669.0
2026-09-09T18:00:00.000+08:00,409.0302429199219,9.478561401367188,11.9375,20.31085968017578,0.1747833490371704,384.3999938964844,6.188000202178955,3.558000087738037,1949.0999755859375,509.765625,1.990625023841858,1.0372275114059448,2669.0,509.765625,1.990625023841858,1.0372275114059448,2669.0,509.765625,1.990625023841858,1.0372275114059448,2669.0
2026-09-09T18:01:00.000+08:00,401.8204040527344,9.437904357910156,12.03515625,19.380563735961914,0.18327639997005463,384.20001220703125,6.179999828338623,3.552000045776367,1949.199951171875,509.765625,2.0289063453674316,1.0458407402038574,2669.0,509.765625,2.0289063453674316,1.0458407402038574,2669.0,509.765625,2.0289063453674316,1.0458407402038574,2669.0
2026-09-09T18:02:00.000+08:00,403.96636962890625,9.38730239868164,11.986083984375,19.966243743896484,0.17820076644420624,384.29998779296875,6.198999881744385,3.556999921798706,1949.199951171875,509.765625,2.0289063453674316,1.0404574871063232,2669.0,509.765625,2.0289063453674316,1.0404574871063232,2669.0,509.765625,2.0289063453674316,1.0404574871063232,2669.0
2026-09-09T18:03:00.000+08:00,396.2997741699219,9.48214340209961,11.944580078125,20.213350296020508,0.17582440376281738,384.1000061035156,6.196000099182129,3.552000045776367,1949.300048828125,509.765625,2.067187547683716,1.0583568811416626,2669.0,509.765625,2.067187547683716,1.0583568811416626,2669.0,509.765625,2.067187547683716,1.0583568811416626,2669.0
2026-09-09T18:04:00.000+08:00,403.515869140625,9.454483032226562,11.986328125,20.015810012817383,0.17735978960990906,383.5,6.190000057220459,3.5309998989105225,1949.4000244140625,509.765625,2.0289063453674316,1.0387078523635864,2669.0,509.765625,2.0289063453674316,1.0387078523635864,2669.0,509.765625,2.0289063453674316,1.0387078523635864,2669.0
2026-09-09T18:05:00.000+08:00,400.44561767578125,9.44580078125,12.034912109375,20.04800796508789,0.17702507972717285,383.3999938964844,6.186999797821045,3.5369999408721924,1949.4000244140625,509.765625,1.990625023841858,1.0321133136749268,2669.0,509.765625,1.990625023841858,1.0321133136749268,2669.0,509.765625,1.990625023841858,1.0321133136749268,2669.0
2026-09-09T18:06:00.000+08:00,406.76513671875,9.481029510498047,11.9658203125,20.42300796508789,0.17245255410671234,384.0,6.184000015258789,3.546999931335449,1949.5,509.765625,1.990625023841858,1.0387078523635864,2669.0,509.765625,1.990625023841858,1.0387078523635864,2669.0,509.765625,1.990625023841858,1.0387078523635864,2669.0
2026-09-09T18:07:00.000+08:00,408.1677551269531,9.415641784667969,12.041748046875,20.606502532958984,0.17135368287563324,383.70001220703125,6.159999847412109,3.5409998893737793,1949.5,509.765625,1.990625023841858,1.0309021472930908,2669.0,509.765625,1.990625023841858,1.0309021472930908,2669.0,509.765625,1.990625023841858,1.0309021472930908,2669.0
2026-09-09T18:08:00.000+08:00,390.96307373046875,9.433338165283203,11.979248046875,19.348169326782227,0.18332484364509583,383.79998779296875,6.193999767303467,3.5510001182556152,1949.5999755859375,509.765625,1.990625023841858,1.038304090499878,2669.0,509.765625,1.990625023841858,1.038304090499878,2669.0,509.765625,1.990625023841858,1.038304090499878,2669.0
2026-09-09T18:09:00.000+08:00,394.3699035644531,9.477188110351562,11.986083984375,19.58721351623535,0.1804238259792328,384.0,6.186999797821045,3.5460000038146973,1949.699951171875,509.765625,2.0289063453674316,1.0416686534881592,2669.0,509.765625,2.0289063453674316,1.0416686534881592,2669.0,509.765625,2.0289063453674316,1.0416686534881592,2669.0
2026-09-09T18:10:00.000+08:00,395.38916015625,9.45522689819336,11.979248046875,20.135480880737305,0.1760077178478241,383.8999938964844,6.1570000648498535,3.5420000553131104,1949.699951171875,509.765625,1.990625023841858,1.037092924118042,2669.0,509.765625,1.990625023841858,1.037092924118042,2669.0,509.765625,1.990625023841858,1.037092924118042,2669.0
2026-09-09T18:11:00.000+08:00,402.01806640625,9.472763061523438,11.986083984375,20.066118240356445,0.17676562070846558,384.20001220703125,6.175000190734863,3.549999952316284,1949.800048828125,509.765625,2.0289063453674316,1.045302391052246,2669.0,509.765625,2.0289063453674316,1.045302391052246,2669.0,509.765625,2.0289063453674316,1.045302391052246,2669.0
2026-09-09T18:12:00.000+08:00,413.29345703125,9.441230773925781,12.0556640625,20.791481018066406,0.17074300348758698,383.79998779296875,6.191999912261963,3.5420000553131104,1949.800048828125,509.765625,1.990625023841858,1.0337283611297607,2669.0,509.765625,1.990625023841858,1.0337283611297607,2669.0,509.765625,1.990625023841858,1.0337283611297607,2669.0
2026-09-09T18:13:00.000+08:00,392.0163879394531,9.507137298583984,12.09765625,19.22945213317871,0.18445664644241333,383.70001220703125,6.179999828338623,3.5429999828338623,1949.9000244140625,509.765625,1.990625023841858,1.038304090499878,2669.0,509.765625,1.990625023841858,1.038304090499878,2669.0,509.765625,1.990625023841858,1.038304090499878,2669.0
2026-09-09T18:14:00.000+08:00,396.63665771484375,9.549659729003906,12.034912109375,18.975845336914062,0.18671105802059174,383.79998779296875,6.158999919891357,3.5360000133514404,1950.0,509.765625,2.0289063453674316,1.0415340662002563,2669.0,509.765625,2.0289063453674316,1.0415340662002563,2669.0,509.765625,2.0289063453674316,1.0415340662002563,2669.0
2026-09-09T18:15:00.000+08:00,404.1466979980469,9.531631469726562,12.041748046875,19.94857406616211,0.17750641703605652,382.8999938964844,6.158999919891357,3.515000104904175,1950.0,509.765625,1.990625023841858,1.0315749645233154,2669.0,509.765625,1.990625023841858,1.0315749645233154,2669.0,509.765625,1.990625023841858,1.0315749645233154,2669.0
2026-09-09T18:16:00.000+08:00,408.3143005371094,9.554359436035156,12.0,20.208833694458008,0.17536884546279907,383.70001220703125,6.164999961853027,3.5450000762939453,1950.0999755859375,509.765625,1.990625023841858,1.0333245992660522,2669.0,509.765625,1.990625023841858,1.0333245992660522,2669.0,509.765625,1.990625023841858,1.0333245992660522,2669.0
2026-09-09T18:17:00.000+08:00,397.12548828125,9.528419494628906,12.0419921875,19.86237144470215,0.17706848680973053,383.8999938964844,6.165999889373779,3.5490000247955322,1950.0999755859375,509.765625,1.990625023841858,1.0395153760910034,2669.0,509.765625,1.990625023841858,1.0395153760910034,2669.0,509.765625,1.990625023841858,1.0395153760910034,2669.0
2026-09-09T18:18:00.000+08:00,400.7732849121094,9.442230224609375,12.048828125,19.54991912841797,0.18040995299816132,383.8999938964844,6.171000003814697,3.5510001182556152,1950.199951171875,509.765625,1.990625023841858,1.0387078523635864,2669.0,509.765625,1.990625023841858,1.0387078523635864,2669.0,509.765625,1.990625023841858,1.0387078523635864,2669.0
2026-09-09T18:19:00.000+08:00,407.9625549316406,9.463096618652344,12.034912109375,20.412975311279297,0.17405596375465393,383.29998779296875,6.1529998779296875,3.5280001163482666,1950.199951171875,509.765625,1.990625023841858,1.0345358848571777,2670.0,509.765625,1.990625023841858,1.0345358848571777,2670.0,509.765625,1.990625023841858,1.0345358848571777,2670.0
2026-09-09T18:20:00.000+08:00,400.2129821777344,9.534961700439453,12.034912109375,20.301774978637695,0.1747630536556244,384.1000061035156,6.160999774932861,3.5490000247955322,1950.300048828125,509.765625,2.0289063453674316,1.0387078523635864,2670.0,509.765625,2.0289063453674316,1.0387078523635864,2670.0,509.765625,2.0289063453674316,1.0387078523635864,2670.0
2026-09-09T18:21:00.000+08:00,397.095703125,9.533119201660156,12.048828125,20.23390007019043,0.17421258985996246,384.3999938964844,6.1620001792907715,3.556999921798706,1950.4000244140625,509.765625,2.0289063453674316,1.0432837009429932,2670.0,509.765625,2.0289063453674316,1.0432837009429932,2670.0,509.765625,2.0289063453674316,1.0432837009429932,2670.0
2026-09-09T18:22:00.000+08:00,401.4855651855469,9.554733276367188,12.0283203125,19.613046646118164,0.18003322184085846,384.29998779296875,6.1529998779296875,3.5490000247955322,1950.4000244140625,509.765625,1.990625023841858,1.0380349159240723,2670.0,509.765625,1.990625023841858,1.0380349159240723,2670.0,509.765625,1.990625023841858,1.0380349159240723,2670.0
2026-09-09T18:23:00.000+08:00,390.0402526855469,9.438602447509766,12.097412109375,19.115217208862305,0.18639600276947021,384.0,6.177999973297119,3.5480000972747803,1950.5,509.765625,2.0289063453674316,1.039111614227295,2670.0,509.765625,2.0289063453674316,1.039111614227295,2670.0,509.765625,2.0289063453674316,1.039111614227295,2670.0
2026-09-09T18:24:00.000+08:00,392.5274353027344,9.519737243652344,12.104248046875,19.16690444946289,0.18453682959079742,384.20001220703125,6.1539998054504395,3.5429999828338623,1950.5,509.765625,2.0289063453674316,1.0387078523635864,2670.0,509.765625,2.0289063453674316,1.0387078523635864,2670.0,509.765625,2.0289063453674316,1.0387078523635864,2670.0
2026-09-09T18:25:00.000+08:00,396.1759338378906,9.5521240234375,12.0556640625,19.90717315673828,0.17767463624477386,383.8999938964844,6.159999847412109,3.5369999408721924,1950.5999755859375,509.765625,2.0289063453674316,1.0395153760910034,2670.0,509.765625,2.0289063453674316,1.0395153760910034,2670.0,509.765625,2.0289063453674316,1.0395153760910034,2670.0
2026-09-09T18:26:00.000+08:00,391.058837890625,9.687210083007812,12.0625,20.726757049560547,0.17146918177604675,384.20001220703125,6.190000057220459,3.5460000038146973,1950.699951171875,509.765625,1.990625023841858,1.0412650108337402,2670.0,509.765625,1.990625023841858,1.0412650108337402,2670.0,509.765625,1.990625023841858,1.0412650108337402,2670.0
2026-09-09T18:27:00.000+08:00,396.9398193359375,9.74459457397461,12.145751953125,20.48652458190918,0.17269888520240784,384.20001220703125,6.178999900817871,3.5380001068115234,1950.699951171875,509.765625,2.0289063453674316,1.046109914779663,2670.0,509.765625,2.0289063453674316,1.046109914779663,2670.0,509.765625,2.0289063453674316,1.046109914779663,2670.0
2026-09-09T18:28:00.000+08:00,390.7352294921875,9.654434204101562,12.166748046875,19.698909759521484,0.1792992651462555,384.0,6.164999961853027,3.5439999103546143,1950.800048828125,509.765625,1.990625023841858,1.037092924118042,2670.0,509.765625,1.990625023841858,1.037092924118042,2670.0,509.765625,1.990625023841858,1.037092924118042,2670.0
2026-09-09T18:29:00.000+08:00,396.67071533203125,9.657276153564453,12.16015625,19.813955307006836,0.17876289784908295,383.79998779296875,6.151000022888184,3.5420000553131104,1950.800048828125,509.765625,1.990625023841858,1.037900447845459,2670.0,509.765625,1.990625023841858,1.037900447845459,2670.0,509.765625,1.990625023841858,1.037900447845459,2670.0
2026-09-09T18:30:00.000+08:00,389.07940673828125,9.648048400878906,12.173828125,19.46818733215332,0.1818864792585373,383.8999938964844,6.14900016784668,3.5360000133514404,1950.9000244140625,509.765625,1.990625023841858,1.035477876663208,2670.0,509.765625,1.990625023841858,1.035477876663208,2670.0,509.765625,1.990625023841858,1.035477876663208,2670.0
2026-09-09T18:31:00.000+08:00,399.88922119140625,9.659133911132812,12.1669921875,20.078052520751953,0.17666056752204895,383.8999938964844,6.159999847412109,3.5409998893737793,1951.0,509.765625,1.990625023841858,1.037900447845459,2670.0,509.765625,1.990625023841858,1.037900447845459,2670.0,509.765625,1.990625023841858,1.037900447845459,2670.0
2026-09-09T18:32:00.000+08:00,394.94970703125,9.629741668701172,12.222412109375,19.37327766418457,0.18288075923919678,383.8999938964844,6.166999816894531,3.5380001068115234,1951.0,509.765625,1.990625023841858,1.034266710281372,2670.0,509.765625,1.990625023841858,1.034266710281372,2670.0,509.765625,1.990625023841858,1.034266710281372,2670.0
2026-09-09T18:33:00.000+08:00,387.792236328125,9.676807403564453,12.1669921875,19.32744026184082,0.1829005777835846,384.20001220703125,6.150000095367432,3.5369999408721924,1951.0999755859375,509.765625,1.990625023841858,1.038304090499878,2670.0,509.765625,1.990625023841858,1.038304090499878,2670.0,509.765625,1.990625023841858,1.038304090499878,2670.0
2026-09-09T18:34:00.000+08:00,396.0596618652344,9.749275207519531,12.125,19.636545181274414,0.1804288923740387,383.79998779296875,6.107999801635742,3.5280001163482666,1951.0999755859375,509.765625,2.0289063453674316,1.038169503211975,2670.0,509.765625,2.0289063453674316,1.038169503211975,2670.0,509.765625,2.0289063453674316,1.038169503211975,2670.0
2026-09-09T18:35:00.000+08:00,392.4405517578125,9.746784210205078,12.2431640625,19.420486450195312,0.1825391948223114,383.79998779296875,6.132999897003174,3.5320000648498535,1951.199951171875,509.765625,1.990625023841858,1.0366891622543335,2670.0,509.765625,1.990625023841858,1.0366891622543335,2670.0,509.765625,1.990625023841858,1.0366891622543335,2670.0
2026-09-09T18:36:00.000+08:00,402.4973449707031,9.7464599609375,12.125,19.907649993896484,0.17767038941383362,384.1000061035156,6.144999980926514,3.5369999408721924,1951.300048828125,509.765625,2.0289063453674316,1.037900447845459,2670.0,509.765625,2.0289063453674316,1.037900447845459,2670.0,509.765625,2.0289063453674316,1.037900447845459,2670.0
2026-09-09T18:37:00.000+08:00,398.76171875,9.738933563232422,12.166748046875,19.728347778320312,0.1793358474969864,384.0,6.1529998779296875,3.5329999923706055,1951.300048828125,509.765625,2.0289063453674316,1.037900447845459,2670.0,509.765625,2.0289063453674316,1.037900447845459,2670.0,509.765625,2.0289063453674316,1.037900447845459,2670.0
2026-09-09T18:38:00.000+08:00,406.4062805175781,9.720890045166016,12.132080078125,20.348237991333008,0.17367596924304962,384.20001220703125,6.135000228881836,3.5380001068115234,1951.4000244140625,509.765625,2.0289063453674316,1.038304090499878,2670.0,509.765625,2.0289063453674316,1.038304090499878,2670.0,509.765625,2.0289063453674316,1.038304090499878,2670.0
2026-09-09T18:39:00.000+08:00,423.76837158203125,9.721633911132812,12.125,21.086288452148438,0.1672176718711853,384.20001220703125,6.151000022888184,3.5409998893737793,1951.4000244140625,509.765625,1.990625023841858,1.037092924118042,2670.0,509.765625,1.990625023841858,1.037092924118042,2670.0,509.765625,1.990625023841858,1.037092924118042,2670.0
2026-09-09T18:40:00.000+08:00,406.31890869140625,9.70547103881836,12.159912109375,19.46446418762207,0.18212676048278809,383.8999938964844,6.125999927520752,3.5299999713897705,1951.5,509.765625,2.0289063453674316,1.0403228998184204,2670.0,509.765625,2.0289063453674316,1.0403228998184204,2670.0,509.765625,2.0289063453674316,1.0403228998184204,2670.0
2026-09-09T18:41:00.000+08:00,414.14404296875,9.691165924072266,12.173583984375,20.268573760986328,0.17495064437389374,383.8999938964844,6.13100004196167,3.5369999408721924,1951.5,509.765625,2.0289063453674316,1.0387078523635864,2670.0,509.765625,2.0289063453674316,1.0387078523635864,2670.0,509.765625,2.0289063453674316,1.0387078523635864,2670.0
2026-09-09T18:42:00.000+08:00,418.49517822265625,9.689987182617188,12.208251953125,20.463783264160156,0.17293967306613922,384.29998779296875,6.124000072479248,3.5420000553131104,1951.5999755859375,509.765625,1.990625023841858,1.038304090499878,2670.0,509.765625,1.990625023841858,1.038304090499878,2670.0,509.765625,1.990625023841858,1.038304090499878,2670.0
2026-09-09T18:43:00.000+08:00,410.81182861328125,9.723518371582031,12.1533203125,19.590301513671875,0.18008911609649658,384.3999938964844,6.114999771118164,3.5420000553131104,1951.699951171875,509.765625,1.990625023841858,1.0380349159240723,2670.0,509.765625,1.990625023841858,1.0380349159240723,2670.0,509.765625,1.990625023841858,1.0380349159240723,2670.0
2026-09-09T18:44:00.000+08:00,406.0673828125,9.69976806640625,12.1875,20.141883850097656,0.1759517639875412,384.20001220703125,6.150000095367432,3.5510001182556152,1951.699951171875,509.765625,1.990625023841858,1.0358816385269165,2670.0,509.765625,1.990625023841858,1.0358816385269165,2670.0,509.765625,1.990625023841858,1.0358816385269165,2670.0
2026-09-09T18:45:00.000+08:00,407.4552307128906,9.691104888916016,12.2431640625,19.835777282714844,0.1790703684091568,383.8999938964844,6.131999969482422,3.5369999408721924,1951.800048828125,509.765625,1.990625023841858,1.037900447845459,2670.0,509.765625,1.990625023841858,1.037900447845459,2670.0,509.765625,1.990625023841858,1.037900447845459,2670.0
2026-09-09T18:46:00.000+08:00,411.7042236328125,9.714069366455078,12.229248046875,20.41534423828125,0.1729581356048584,383.8999938964844,6.142000198364258,3.5320000648498535,1951.800048828125,509.765625,1.990625023841858,1.0337283611297607,2670.0,509.765625,1.990625023841858,1.0337283611297607,2670.0,509.765625,1.990625023841858,1.0337283611297607,2670.0
2026-09-09T18:47:00.000+08:00,416.4498291015625,9.718006134033203,12.229248046875,20.114505767822266,0.1756443828344345,383.8999938964844,6.125999927520752,3.5339999198913574,1951.9000244140625,509.765625,2.0289063453674316,1.0387078523635864,2670.0,509.765625,2.0289063453674316,1.0387078523635864,2670.0,509.765625,2.0289063453674316,1.0387078523635864,2670.0
2026-09-09T18:48:00.000+08:00,410.21014404296875,9.725898742675781,12.222412109375,20.398820877075195,0.17324529588222504,383.70001220703125,6.118000030517578,3.5250000953674316,1952.0,509.765625,2.0289063453674316,1.039919137954712,2670.0,509.765625,2.0289063453674316,1.039919137954712,2670.0,509.765625,2.0289063453674316,1.039919137954712,2670.0
2026-09-09T18:49:00.000+08:00,409.4078063964844,9.714855194091797,12.132080078125,20.360998153686523,0.17381270229816437,384.0,6.140999794006348,3.5439999103546143,1952.0,509.765625,2.0289063453674316,1.0439566373825073,2670.0,509.765625,2.0289063453674316,1.0439566373825073,2670.0,509.765625,2.0289063453674316,1.0439566373825073,2670.0
2026-09-09T18:50:00.000+08:00,416.7150573730469,9.721633911132812,12.159912109375,20.793418884277344,0.1695728749036789,384.3999938964844,6.14900016784668,3.5450000762939453,1952.0999755859375,509.765625,1.990625023841858,1.0368237495422363,2670.0,509.765625,1.990625023841858,1.0368237495422363,2670.0,509.765625,1.990625023841858,1.0368237495422363,2670.0
2026-09-09T18:51:00.000+08:00,399.9482727050781,9.672496795654297,12.145751953125,19.35326385498047,0.18234650790691376,383.8999938964844,6.181000232696533,3.5369999408721924,1952.0999755859375,509.765625,1.990625023841858,1.0317095518112183,2670.0,509.765625,1.990625023841858,1.0317095518112183,2670.0,509.765625,1.990625023841858,1.0317095518112183,2670.0
2026-09-09T18:52:00.000+08:00,411.4305419921875,9.72308349609375,12.2294921875,20.6514892578125,0.1719488501548767,384.29998779296875,6.185999870300293,3.549999952316284,1952.199951171875,509.765625,2.0289063453674316,1.0412650108337402,2670.0,509.765625,2.0289063453674316,1.0412650108337402,2670.0,509.765625,2.0289063453674316,1.0412650108337402,2670.0
2026-09-09T18:53:00.000+08:00,395.5647888183594,9.69144058227539,12.291748046875,19.5289249420166,0.18132078647613525,384.20001220703125,6.168000221252441,3.5439999103546143,1952.300048828125,509.765625,1.990625023841858,1.0395153760910034,2670.0,509.765625,1.990625023841858,1.0395153760910034,2670.0,509.765625,1.990625023841858,1.0395153760910034,2670.0
2026-09-09T18:54:00.000+08:00,409.1050109863281,9.732109069824219,12.236083984375,20.106306076049805,0.17631284892559052,384.29998779296875,6.179999828338623,3.5429999828338623,1952.300048828125,509.765625,2.0289063453674316,1.0424761772155762,2670.0,509.765625,2.0289063453674316,1.0424761772155762,2670.0,509.765625,2.0289063453674316,1.0424761772155762,2670.0
2026-09-09T18:55:00.000+08:00,405.1458740234375,9.689926147460938,12.298828125,19.72077751159668,0.17960752546787262,384.3999938964844,6.183000087738037,3.555999994277954,1952.4000244140625,509.765625,2.0289063453674316,1.0424761772155762,2670.0,509.765625,2.0289063453674316,1.0424761772155762,2670.0,509.765625,2.0289063453674316,1.0424761772155762,2670.0
2026-09-09T18:56:00.000+08:00,401.7568054199219,9.70880126953125,12.236328125,19.99335479736328,0.1775589883327484,384.20001220703125,6.181000232696533,3.546999931335449,1952.4000244140625,509.765625,2.0289063453674316,1.0424761772155762,2670.0,509.765625,2.0289063453674316,1.0424761772155762,2670.0,509.765625,2.0289063453674316,1.0424761772155762,2670.0
2026-09-09T18:57:00.000+08:00,415.47491455078125,9.744007110595703,12.173828125,20.505029678344727,0.17254303395748138,383.8999938964844,6.1539998054504395,3.5360000133514404,1952.5,509.765625,1.990625023841858,1.034266710281372,2670.0,509.765625,1.990625023841858,1.034266710281372,2670.0,509.765625,1.990625023841858,1.034266710281372,2670.0
2026-09-09T18:58:00.000+08:00,398.30072021484375,9.739307403564453,12.1669921875,19.940261840820312,0.17763055860996246,384.29998779296875,6.171000003814697,3.553999900817871,1952.5,509.765625,2.0289063453674316,1.0428799390792847,2670.0,509.765625,2.0289063453674316,1.0428799390792847,2670.0,509.765625,2.0289063453674316,1.0428799390792847,2670.0
2026-09-09T18:59:00.000+08:00,408.5193786621094,9.660835266113281,12.138916015625,19.675098419189453,0.17992286384105682,384.70001220703125,6.190000057220459,3.555000066757202,1952.5999755859375,513.28125,2.0289063453674316,1.0450332164764404,2670.0,513.28125,2.0289063453674316,1.0450332164764404,2670.0,513.28125,2.0289063453674316,1.0450332164764404,2670.0
2026-09-09T19:00:00.000+08:00,400.0726318359375,9.673656463623047,12.097412109375,19.142864227294922,0.18461187183856964,384.6000061035156,6.182000160217285,3.556999921798706,1952.699951171875,509.765625,2.0289063453674316,1.0384386777877808,2670.0,509.765625,2.0289063453674316,1.0384386777877808,2670.0,509.765625,2.0289063453674316,1.0384386777877808,2670.0
2026-09-09T19:01:00.000+08:00,409.5455017089844,9.646167755126953,12.13916015625,19.95272445678711,0.17787045240402222,384.8999938964844,6.172999858856201,3.555000066757202,1952.699951171875,513.28125,2.0289063453674316,1.0430145263671875,2670.0,513.28125,2.0289063453674316,1.0430145263671875,2670.0,513.28125,2.0289063453674316,1.0430145263671875,2670.0
2026-09-09T19:02:00.000+08:00,409.717529296875,9.721324920654297,12.1181640625,19.45730209350586,0.18306751549243927,384.8999938964844,6.183000087738037,3.562000036239624,1952.800048828125,513.28125,2.0289063453674316,1.043418288230896,2670.0,513.28125,2.0289063453674316,1.043418288230896,2670.0,513.28125,2.0289063453674316,1.043418288230896,2670.0
2026-09-09T19:03:00.000+08:00,411.0193176269531,9.650497436523438,12.1806640625,20.15792465209961,0.17645666003227234,385.0,6.169000148773193,3.556999921798706,1952.800048828125,513.28125,2.0289063453674316,1.0471866130828857,2670.0,513.28125,2.0289063453674316,1.0471866130828857,2670.0,513.28125,2.0289063453674316,1.0471866130828857,2670.0
2026-09-09T19:04:00.000+08:00,405.9931945800781,9.699653625488281,12.138916015625,19.790782928466797,0.18018488585948944,385.20001220703125,6.181000232696533,3.568000078201294,1952.9000244140625,513.28125,2.0289063453674316,1.0463790893554688,2670.0,513.28125,2.0289063453674316,1.0463790893554688,2670.0,513.28125,2.0289063453674316,1.0463790893554688,2670.0
2026-09-09T19:05:00.000+08:00,414.7515563964844,9.650497436523438,12.1533203125,20.830554962158203,0.17095080018043518,385.29998779296875,6.177000045776367,3.565999984741211,1953.0,513.28125,2.0289063453674316,1.0488015413284302,2670.0,513.28125,2.0289063453674316,1.0488015413284302,2670.0,513.28125,2.0289063453674316,1.0488015413284302,2670.0
2026-09-09T19:06:00.000+08:00,414.20062255859375,9.682464599609375,12.132080078125,20.27334976196289,0.17604392766952515,385.20001220703125,6.211999893188477,3.572999954223633,1953.0,513.28125,2.0289063453674316,1.0479941368103027,2670.0,513.28125,2.0289063453674316,1.0479941368103027,2670.0,513.28125,2.0289063453674316,1.0479941368103027,2670.0
2026-09-09T19:07:00.000+08:00,407.4064636230469,9.686031341552734,12.132080078125,20.37451171875,0.17502260208129883,385.29998779296875,6.191999912261963,3.562000036239624,1953.0999755859375,513.28125,2.0289063453674316,1.0479941368103027,2670.0,513.28125,2.0289063453674316,1.0479941368103027,2670.0,513.28125,2.0289063453674316,1.0479941368103027,2670.0
2026-09-09T19:08:00.000+08:00,403.6059265136719,9.676063537597656,12.16015625,19.973478317260742,0.17843662202358246,385.0,6.191999912261963,3.565000057220459,1953.0999755859375,513.28125,2.0289063453674316,1.0463790893554688,2670.0,513.28125,2.0289063453674316,1.0463790893554688,2670.0,513.28125,2.0289063453674316,1.0463790893554688,2670.0
2026-09-09T19:09:00.000+08:00,400.8321838378906,9.73348617553711,12.1806640625,19.558557510375977,0.18237541615962982,385.20001220703125,6.169000148773193,3.563999891281128,1953.199951171875,513.28125,2.0289063453674316,1.0463790893554688,2670.0,513.28125,2.0289063453674316,1.0463790893554688,2670.0,513.28125,2.0289063453674316,1.0463790893554688,2670.0
2026-09-09T19:10:00.000+08:00,413.08135986328125,9.67739486694336,12.138916015625,20.547916412353516,0.17354558408260345,385.1000061035156,6.165999889373779,3.562999963760376,1953.300048828125,513.28125,2.0289063453674316,1.0471866130828857,2670.0,513.28125,2.0289063453674316,1.0471866130828857,2670.0,513.28125,2.0289063453674316,1.0471866130828857,2670.0
2026-09-09T19:11:00.000+08:00,401.224365234375,9.732742309570312,12.1806640625,19.40662956237793,0.18385468423366547,385.1000061035156,6.189000129699707,3.569999933242798,1953.300048828125,513.28125,2.0289063453674316,1.0463790893554688,2670.0,513.28125,2.0289063453674316,1.0463790893554688,2670.0,513.28125,2.0289063453674316,1.0463790893554688,2670.0
2026-09-09T19:12:00.000+08:00,414.37408447265625,9.691482543945312,12.2294921875,19.872894287109375,0.17949071526527405,384.6000061035156,6.165999889373779,3.562999963760376,1953.4000244140625,513.28125,2.0289063453674316,1.0474557876586914,2670.0,513.28125,2.0289063453674316,1.0474557876586914,2670.0,513.28125,2.0289063453674316,1.0474557876586914,2670.0
2026-09-09T19:13:00.000+08:00,414.0555114746094,9.641639709472656,12.125,20.237852096557617,0.17600680887699127,384.8999938964844,6.170000076293945,3.563999891281128,1953.4000244140625,513.28125,2.0289063453674316,1.046244502067566,2670.0,513.28125,2.0289063453674316,1.046244502067566,2670.0,513.28125,2.0289063453674316,1.046244502067566,2670.0
2026-09-09T19:14:00.000+08:00,411.2843322753906,9.707328796386719,12.173583984375,20.241897583007812,0.17547762393951416,385.0,6.1539998054504395,3.565000057220459,1953.5,513.28125,1.990625023841858,1.0422070026397705,2670.0,513.28125,1.990625023841858,1.0422070026397705,2670.0,513.28125,1.990625023841858,1.0422070026397705,2670.0
2026-09-09T19:15:00.000+08:00,412.4927673339844,9.59930419921875,12.069580078125,20.11017608642578,0.17702481150627136,384.79998779296875,6.150000095367432,3.556999921798706,1953.5999755859375,513.28125,2.0289063453674316,1.045436978340149,2670.0,513.28125,2.0289063453674316,1.045436978340149,2670.0,513.28125,2.0289063453674316,1.045436978340149,2670.0
2026-09-09T19:16:00.000+08:00,403.67474365234375,9.458393096923828,12.0419921875,19.716323852539062,0.18101751804351807,384.79998779296875,6.164999961853027,3.562000036239624,1953.5999755859375,513.28125,2.067187547683716,1.065893530845642,2671.0,513.28125,2.067187547683716,1.065893530845642,2671.0,513.28125,2.067187547683716,1.065893530845642,2671.0
2026-09-09T19:17:00.000+08:00,406.4400329589844,9.382316589355469,12.0556640625,20.663461685180664,0.17247836291790009,384.8999938964844,6.1620001792907715,3.563999891281128,1953.699951171875,513.28125,2.0289063453674316,1.0564727783203125,2671.0,513.28125,2.0289063453674316,1.0564727783203125,2671.0,513.28125,2.0289063453674316,1.0564727783203125,2671.0
2026-09-09T19:18:00.000+08:00,412.9889221191406,9.36392593383789,11.944580078125,20.9381103515625,0.1699771285057068,384.8999938964844,6.1529998779296875,3.561000108718872,1953.699951171875,513.28125,2.0289063453674316,1.045436978340149,2671.0,513.28125,2.0289063453674316,1.045436978340149,2671.0,513.28125,2.0289063453674316,1.045436978340149,2671.0
2026-09-09T19:19:00.000+08:00,409.025146484375,9.325172424316406,11.986328125,21.61113929748535,0.16459104418754578,384.79998779296875,6.1479997634887695,3.559999942779541,1953.800048828125,513.28125,2.0289063453674316,1.041803240776062,2671.0,513.28125,2.0289063453674316,1.041803240776062,2671.0,513.28125,2.0289063453674316,1.041803240776062,2671.0
2026-09-09T19:20:00.000+08:00,405.17706298828125,9.337024688720703,11.9375,21.974214553833008,0.16173501312732697,385.0,6.1519999504089355,3.563999891281128,1953.9000244140625,513.28125,2.0289063453674316,1.0471866130828857,2671.0,513.28125,2.0289063453674316,1.0471866130828857,2671.0,513.28125,2.0289063453674316,1.0471866130828857,2671.0
2026-09-09T19:21:00.000+08:00,413.6626892089844,9.332344055175781,11.95849609375,21.811582565307617,0.16339942812919617,384.8999938964844,6.151000022888184,3.563999891281128,1953.9000244140625,513.28125,2.0289063453674316,1.041803240776062,2671.0,513.28125,2.0289063453674316,1.041803240776062,2671.0,513.28125,2.0289063453674316,1.041803240776062,2671.0
2026-09-09T19:22:00.000+08:00,411.2267150878906,9.3690185546875,11.923828125,21.78893280029297,0.163706973195076,385.1000061035156,6.140999794006348,3.558000087738037,1954.0,513.28125,2.0289063453674316,1.0500128269195557,2671.0,513.28125,2.0289063453674316,1.0500128269195557,2671.0,513.28125,2.0289063453674316,1.0500128269195557,2671.0
2026-09-09T19:23:00.000+08:00,393.0121154785156,9.418903350830078,11.951416015625,20.580175399780273,0.1729334145784378,384.70001220703125,6.210000038146973,3.562000036239624,1954.0,513.28125,1.990625023841858,1.0409958362579346,2671.0,513.28125,1.990625023841858,1.0409958362579346,2671.0,513.28125,1.990625023841858,1.0409958362579346,2671.0
2026-09-09T19:24:00.000+08:00,412.1973876953125,9.49472427368164,11.9931640625,21.50469970703125,0.16605672240257263,384.8999938964844,6.189000129699707,3.556999921798706,1954.0999755859375,513.28125,2.0289063453674316,1.057684063911438,2671.0,513.28125,2.0289063453674316,1.057684063911438,2671.0,513.28125,2.0289063453674316,1.057684063911438,2671.0
2026-09-09T19:25:00.000+08:00,417.81256103515625,9.388370513916016,12.0419921875,21.08333396911621,0.1688063144683838,384.8999938964844,6.192999839782715,3.5810000896453857,1954.0999755859375,513.28125,2.0289063453674316,1.0582222938537598,2671.0,513.28125,2.0289063453674316,1.0582222938537598,2671.0,513.28125,2.0289063453674316,1.0582222938537598,2671.0
2026-09-09T19:26:00.000+08:00,407.6418762207031,9.45522689819336,11.9794921875,21.610929489135742,0.16500909626483917,385.0,6.203999996185303,3.5739998817443848,1954.199951171875,513.28125,2.0289063453674316,1.0422070026397705,2671.0,513.28125,2.0289063453674316,1.0422070026397705,2671.0,513.28125,2.0289063453674316,1.0422070026397705,2671.0
2026-09-09T19:27:00.000+08:00,406.1141052246094,9.381832122802734,12.0283203125,20.957469940185547,0.1701541244983673,385.20001220703125,6.193999767303467,3.571000099182129,1954.300048828125,513.28125,2.0289063453674316,1.0479941368103027,2671.0,513.28125,2.0289063453674316,1.0479941368103027,2671.0,513.28125,2.0289063453674316,1.0479941368103027,2671.0
2026-09-09T19:28:00.000+08:00,410.7611389160156,9.392356872558594,11.979248046875,20.338546752929688,0.17562709748744965,384.6000061035156,6.163000106811523,3.556999921798706,1954.300048828125,509.765625,2.0289063453674316,1.0446295738220215,2671.0,509.765625,2.0289063453674316,1.0446295738220215,2671.0,509.765625,2.0289063453674316,1.0446295738220215,2671.0
2026-09-09T19:29:00.000+08:00,414.3720397949219,9.375446319580078,11.979248046875,20.163436889648438,0.1769043654203415,384.6000061035156,6.193999767303467,3.553999900817871,1954.4000244140625,509.765625,2.0289063453674316,1.0450332164764404,2671.0,509.765625,2.0289063453674316,1.0450332164764404,2671.0,509.765625,2.0289063453674316,1.0450332164764404,2671.0
2026-09-09T19:30:00.000+08:00,418.25299072265625,9.43585205078125,11.875,21.153995513916016,0.16772246360778809,384.29998779296875,6.177999973297119,3.5510001182556152,1954.4000244140625,509.765625,1.990625023841858,1.0380349159240723,2671.0,509.765625,1.990625023841858,1.0380349159240723,2671.0,509.765625,1.990625023841858,1.0380349159240723,2671.0
2026-09-09T19:31:00.000+08:00,421.61248779296875,9.410301208496094,11.909912109375,21.504079818725586,0.16545698046684265,384.3999938964844,6.166999816894531,3.5460000038146973,1954.5,509.765625,2.0289063453674316,1.0404574871063232,2671.0,509.765625,2.0289063453674316,1.0404574871063232,2671.0,509.765625,2.0289063453674316,1.0404574871063232,2671.0
2026-09-09T19:32:00.000+08:00,412.7271728515625,9.415687561035156,11.986328125,21.216360092163086,0.16770078241825104,384.79998779296875,6.177000045776367,3.562000036239624,1954.5999755859375,513.28125,2.0289063453674316,1.0528390407562256,2671.0,513.28125,2.0289063453674316,1.0528390407562256,2671.0,513.28125,2.0289063453674316,1.0528390407562256,2671.0
2026-09-09T19:33:00.000+08:00,416.2201232910156,9.40420913696289,11.972412109375,20.540075302124023,0.17288155853748322,385.0,6.184000015258789,3.565000057220459,1954.5999755859375,513.28125,2.0289063453674316,1.0471866130828857,2671.0,513.28125,2.0289063453674316,1.0471866130828857,2671.0,513.28125,2.0289063453674316,1.0471866130828857,2671.0
2026-09-09T19:34:00.000+08:00,417.7896728515625,9.379779815673828,11.9375,21.279184341430664,0.16715866327285767,384.70001220703125,6.1529998779296875,3.556999921798706,1954.699951171875,509.765625,2.0289063453674316,1.047052025794983,2671.0,509.765625,2.0289063453674316,1.047052025794983,2671.0,509.765625,2.0289063453674316,1.047052025794983,2671.0
2026-09-09T19:35:00.000+08:00,410.7757263183594,9.4124755859375,11.986328125,21.04273223876953,0.16965477168560028,384.79998779296875,6.158999919891357,3.562999963760376,1954.699951171875,513.28125,2.0289063453674316,1.046244502067566,2671.0,513.28125,2.0289063453674316,1.046244502067566,2671.0,513.28125,2.0289063453674316,1.046244502067566,2671.0
2026-09-09T19:36:00.000+08:00,409.926513671875,9.390838623046875,12.048828125,20.3527889251709,0.17471806704998016,385.0,6.193999767303467,3.5810000896453857,1954.800048828125,513.28125,2.0289063453674316,1.0483977794647217,2671.0,513.28125,2.0289063453674316,1.0483977794647217,2671.0,513.28125,2.0289063453674316,1.0483977794647217,2671.0
2026-09-09T19:37:00.000+08:00,401.3153991699219,9.42605209350586,11.986328125,20.374889373779297,0.17497026920318604,385.1000061035156,6.169000148773193,3.565999984741211,1954.9000244140625,513.28125,2.0289063453674316,1.043418288230896,2671.0,513.28125,2.0289063453674316,1.043418288230896,2671.0,513.28125,2.0289063453674316,1.043418288230896,2671.0
2026-09-09T19:38:00.000+08:00,398.4712219238281,9.424957275390625,11.972412109375,19.79335594177246,0.18041406571865082,385.0,6.177999973297119,3.568000078201294,1954.9000244140625,513.28125,2.0289063453674316,1.0446295738220215,2671.0,513.28125,2.0289063453674316,1.0446295738220215,2671.0,513.28125,2.0289063453674316,1.0446295738220215,2671.0
2026-09-09T19:39:00.000+08:00,401.68865966796875,9.410633087158203,11.986328125,21.14373207092285,0.16832411289215088,385.0,6.14900016784668,3.565000057220459,1955.0,513.28125,2.0289063453674316,1.0430145263671875,2671.0,513.28125,2.0289063453674316,1.0430145263671875,2671.0,513.28125,2.0289063453674316,1.0430145263671875,2671.0
2026-09-09T19:40:00.000+08:00,392.5992736816406,9.434337615966797,11.97265625,19.94609832763672,0.17883196473121643,385.1000061035156,6.122000217437744,3.565000057220459,1955.0,513.28125,1.990625023841858,1.039784550666809,2671.0,513.28125,1.990625023841858,1.039784550666809,2671.0,513.28125,1.990625023841858,1.039784550666809,2671.0
2026-09-09T19:41:00.000+08:00,402.66326904296875,9.46987533569336,12.02783203125,20.598264694213867,0.1725873500108719,384.8999938964844,6.135000228881836,3.556999921798706,1955.0999755859375,513.28125,2.0289063453674316,1.0430145263671875,2671.0,513.28125,2.0289063453674316,1.0430145263671875,2671.0,513.28125,2.0289063453674316,1.0430145263671875,2671.0
2026-09-09T19:42:00.000+08:00,398.7967529296875,9.474185943603516,12.0,20.671104431152344,0.1721726953983307,385.29998779296875,6.124000072479248,3.569999933242798,1955.199951171875,513.28125,2.0289063453674316,1.0451678037643433,2671.0,513.28125,2.0289063453674316,1.0451678037643433,2671.0,513.28125,2.0289063453674316,1.0451678037643433,2671.0
2026-09-09T19:43:00.000+08:00,403.659423828125,9.495048522949219,12.007080078125,20.31831169128418,0.17506375908851624,385.29998779296875,6.126999855041504,3.569000005722046,1955.199951171875,513.28125,2.0289063453674316,1.0475903749465942,2671.0,513.28125,2.0289063453674316,1.0475903749465942,2671.0,513.28125,2.0289063453674316,1.0475903749465942,2671.0
2026-09-09T19:44:00.000+08:00,403.3213195800781,9.447990417480469,12.083251953125,20.717737197875977,0.17173689603805542,385.29998779296875,6.133999824523926,3.566999912261963,1955.300048828125,513.28125,2.0289063453674316,1.0475903749465942,2671.0,513.28125,2.0289063453674316,1.0475903749465942,2671.0,513.28125,2.0289063453674316,1.0475903749465942,2671.0
2026-09-09T19:45:00.000+08:00,402.3870544433594,9.471324920654297,12.0625,20.477935791015625,0.17418748140335083,385.1000061035156,6.116000175476074,3.559000015258789,1955.300048828125,513.28125,2.0289063453674316,1.043418288230896,2671.0,513.28125,2.0289063453674316,1.043418288230896,2671.0,513.28125,2.0289063453674316,1.043418288230896,2671.0
2026-09-09T19:46:00.000+08:00,395.1725158691406,9.4588623046875,12.1181640625,20.658939361572266,0.17270973324775696,385.1000061035156,6.122000217437744,3.558000087738037,1955.4000244140625,513.28125,2.0289063453674316,1.0478595495224,2671.0,513.28125,2.0289063453674316,1.0478595495224,2671.0,513.28125,2.0289063453674316,1.0478595495224,2671.0
2026-09-09T19:47:00.000+08:00,386.4371032714844,9.475265502929688,12.1044921875,19.8920841217041,0.17936784029006958,385.29998779296875,6.110000133514404,3.561000108718872,1955.5,513.28125,2.0289063453674316,1.0488015413284302,2671.0,513.28125,2.0289063453674316,1.0488015413284302,2671.0,513.28125,2.0289063453674316,1.0488015413284302,2671.0
2026-09-09T19:48:00.000+08:00,402.54571533203125,9.556766510009766,12.1181640625,21.21714973449707,0.16764739155769348,385.1000061035156,6.124000072479248,3.568000078201294,1955.5,513.28125,2.0289063453674316,1.0483977794647217,2671.0,513.28125,2.0289063453674316,1.0483977794647217,2671.0,513.28125,2.0289063453674316,1.0483977794647217,2671.0
2026-09-09T19:49:00.000+08:00,393.8744201660156,9.4810791015625,12.09765625,20.302907943725586,0.17583687603473663,384.79998779296875,6.164999961853027,3.563999891281128,1955.5999755859375,513.28125,1.990625023841858,1.0380349159240723,2671.0,513.28125,1.990625023841858,1.0380349159240723,2671.0,513.28125,1.990625023841858,1.0380349159240723,2671.0
2026-09-09T19:50:00.000+08:00,398.3576354980469,9.48092269897461,12.104248046875,20.66131019592285,0.1725447177886963,385.0,6.1570000648498535,3.563999891281128,1955.5999755859375,513.28125,1.990625023841858,1.0450332164764404,2671.0,513.28125,1.990625023841858,1.0450332164764404,2671.0,513.28125,1.990625023841858,1.0450332164764404,2671.0
2026-09-09T19:51:00.000+08:00,395.6565856933594,9.451950073242188,12.09765625,20.645822525024414,0.17233510315418243,385.1000061035156,6.14900016784668,3.562999963760376,1955.699951171875,513.28125,2.0289063453674316,1.0474557876586914,2671.0,513.28125,2.0289063453674316,1.0474557876586914,2671.0,513.28125,2.0289063453674316,1.0474557876586914,2671.0
2026-09-09T19:52:00.000+08:00,399.5795593261719,9.463783264160156,12.097412109375,20.68491554260254,0.1722511202096939,384.70001220703125,6.120999813079834,3.553999900817871,1955.800048828125,509.765625,2.0289063453674316,1.0440912246704102,2671.0,509.765625,2.0289063453674316,1.0440912246704102,2671.0,509.765625,2.0289063453674316,1.0440912246704102,2671.0
2026-09-09T19:53:00.000+08:00,396.14935302734375,9.449108123779297,12.069580078125,20.248044967651367,0.175621896982193,384.5,6.13100004196167,3.546999931335449,1955.800048828125,509.765625,2.0289063453674316,1.0400537252426147,2671.0,509.765625,2.0289063453674316,1.0400537252426147,2671.0,509.765625,2.0289063453674316,1.0400537252426147,2671.0
2026-09-09T19:54:00.000+08:00,399.8453674316406,9.518016815185547,12.069580078125,20.64501953125,0.17205119132995605,384.70001220703125,6.125999927520752,3.5429999828338623,1955.9000244140625,509.765625,2.0289063453674316,1.0458407402038574,2671.0,509.765625,2.0289063453674316,1.0458407402038574,2671.0,509.765625,2.0289063453674316,1.0458407402038574,2671.0
2026-09-09T19:55:00.000+08:00,403.5655517578125,9.460216522216797,12.111083984375,20.393461227416992,0.17358504235744476,384.5,6.14300012588501,3.555000066757202,1955.9000244140625,509.765625,1.990625023841858,1.0404574871063232,2671.0,509.765625,1.990625023841858,1.0404574871063232,2671.0,509.765625,1.990625023841858,1.0404574871063232,2671.0
2026-09-09T19:56:00.000+08:00,401.5179443359375,9.461917877197266,12.1181640625,20.844762802124023,0.170114666223526,384.6000061035156,6.118000030517578,3.5439999103546143,1956.0,509.765625,2.0289063453674316,1.0412650108337402,2671.0,509.765625,2.0289063453674316,1.0412650108337402,2671.0,509.765625,2.0289063453674316,1.0412650108337402,2671.0
2026-09-09T19:57:00.000+08:00,397.3252258300781,9.548500061035156,12.0625,21.010889053344727,0.16900759935379028,384.20001220703125,6.13100004196167,3.5439999103546143,1956.0999755859375,509.765625,1.990625023841858,1.037092924118042,2671.0,509.765625,1.990625023841858,1.037092924118042,2671.0,509.765625,1.990625023841858,1.037092924118042,2671.0
2026-09-09T19:58:00.000+08:00,387.1283874511719,9.533824920654297,12.097412109375,20.427398681640625,0.1738351583480835,384.3999938964844,6.133999824523926,3.5490000247955322,1956.0999755859375,509.765625,1.990625023841858,1.0358816385269165,2671.0,509.765625,1.990625023841858,1.0358816385269165,2671.0,509.765625,1.990625023841858,1.0358816385269165,2671.0
2026-09-09T19:59:00.000+08:00,402.0370788574219,9.631492614746094,12.125,20.51797103881836,0.17306779325008392,384.29998779296875,6.1519999504089355,3.561000108718872,1956.199951171875,509.765625,2.0289063453674316,1.0395153760910034,2671.0,509.765625,2.0289063453674316,1.0395153760910034,2671.0,509.765625,2.0289063453674316,1.0395153760910034,2671.0
2026-09-09T20:00:00.000+08:00,393.6221923828125,9.655193328857422,12.1806640625,20.19207763671875,0.17556391656398773,384.5,6.126999855041504,3.5510001182556152,1956.199951171875,509.765625,1.990625023841858,1.037092924118042,2671.0,509.765625,1.990625023841858,1.037092924118042,2671.0,509.765625,1.990625023841858,1.037092924118042,2671.0
2026-09-09T20:01:00.000+08:00,400.69366455078125,9.630374908447266,12.15283203125,20.204391479492188,0.17624880373477936,384.29998779296875,6.122000217437744,3.5439999103546143,1956.300048828125,509.765625,2.0289063453674316,1.0403228998184204,2671.0,509.765625,2.0289063453674316,1.0403228998184204,2671.0,509.765625,2.0289063453674316,1.0403228998184204,2671.0
2026-09-09T20:02:00.000+08:00,395.2739562988281,9.637683868408203,12.1806640625,19.229393005371094,0.18450920283794403,384.29998779296875,6.139999866485596,3.5490000247955322,1956.300048828125,509.765625,1.990625023841858,1.038304090499878,2671.0,509.765625,1.990625023841858,1.038304090499878,2671.0,509.765625,1.990625023841858,1.038304090499878,2671.0
2026-09-09T20:03:00.000+08:00,415.11572265625,9.641639709472656,12.16015625,19.73785400390625,0.1797054558992386,384.20001220703125,6.136000156402588,3.5399999618530273,1956.4000244140625,509.765625,1.990625023841858,1.035477876663208,2671.0,509.765625,1.990625023841858,1.035477876663208,2671.0,509.765625,1.990625023841858,1.035477876663208,2671.0
2026-09-09T20:04:00.000+08:00,406.08721923828125,9.716560363769531,12.166748046875,20.210086822509766,0.17516005039215088,384.3999938964844,6.1570000648498535,3.546999931335449,1956.5,509.765625,1.990625023841858,1.038304090499878,2671.0,509.765625,1.990625023841858,1.038304090499878,2671.0,509.765625,1.990625023841858,1.038304090499878,2671.0
2026-09-09T20:05:00.000+08:00,416.4012756347656,9.698257446289062,12.222412109375,20.813596725463867,0.17017722129821777,384.70001220703125,6.133999824523926,3.556999921798706,1956.5,509.765625,2.0289063453674316,1.0420724153518677,2671.0,509.765625,2.0289063453674316,1.0420724153518677,2671.0,509.765625,2.0289063453674316,1.0420724153518677,2671.0
2026-09-09T20:06:00.000+08:00,406.0600891113281,9.652355194091797,12.132080078125,20.199546813964844,0.17402830719947815,385.0,6.1529998779296875,3.565000057220459,1956.5999755859375,513.28125,2.0289063453674316,1.0413994789123535,2671.0,513.28125,2.0289063453674316,1.0413994789123535,2671.0,513.28125,2.0289063453674316,1.0413994789123535,2671.0
2026-09-09T20:07:00.000+08:00,404.4256591796875,9.714481353759766,12.1806640625,20.289323806762695,0.1749688684940338,384.79998779296875,6.132999897003174,3.561000108718872,1956.5999755859375,509.765625,2.0289063453674316,1.0458407402038574,2671.0,509.765625,2.0289063453674316,1.0458407402038574,2671.0,509.765625,2.0289063453674316,1.0458407402038574,2671.0
2026-09-09T20:08:00.000+08:00,415.96337890625,9.65987777709961,12.132080078125,20.54279899597168,0.17280994355678558,385.20001220703125,6.1539998054504395,3.569999933242798,1956.699951171875,513.28125,2.0289063453674316,1.0504165887832642,2671.0,513.28125,2.0289063453674316,1.0504165887832642,2671.0,513.28125,2.0289063453674316,1.0504165887832642,2671.0
2026-09-09T20:09:00.000+08:00,405.7789611816406,9.690406799316406,12.125,20.022693634033203,0.17754854261875153,384.70001220703125,6.127999782562256,3.553999900817871,1956.800048828125,509.765625,1.990625023841858,1.0374966859817505,2671.0,509.765625,1.990625023841858,1.0374966859817505,2671.0,509.765625,1.990625023841858,1.0374966859817505,2671.0
2026-09-09T20:10:00.000+08:00,405.2806091308594,9.694316864013672,12.1875,19.62644386291504,0.18118411302566528,385.0,6.132999897003174,3.563999891281128,1956.800048828125,509.765625,2.0289063453674316,1.0458407402038574,2671.0,509.765625,2.0289063453674316,1.0458407402038574,2671.0,509.765625,2.0289063453674316,1.0458407402038574,2671.0
2026-09-09T20:11:00.000+08:00,404.2615661621094,9.733856201171875,12.173828125,20.322917938232422,0.17487645149230957,384.79998779296875,6.126999855041504,3.556999921798706,1956.9000244140625,509.765625,2.0289063453674316,1.047052025794983,2671.0,509.765625,2.0289063453674316,1.047052025794983,2671.0,509.765625,2.0289063453674316,1.047052025794983,2671.0
2026-09-09T20:12:00.000+08:00,398.6523132324219,9.653121948242188,12.1669921875,19.214153289794922,0.1854882836341858,384.8999938964844,6.111000061035156,3.559999942779541,1956.9000244140625,509.765625,1.990625023841858,1.0384386777877808,2671.0,509.765625,1.990625023841858,1.0384386777877808,2671.0,509.765625,1.990625023841858,1.0384386777877808,2671.0
2026-09-09T20:13:00.000+08:00,416.88934326171875,9.671356201171875,12.132080078125,20.33382797241211,0.17468427121639252,384.8999938964844,6.125,3.552000045776367,1957.0,509.765625,2.0289063453674316,1.0408612489700317,2672.0,509.765625,2.0289063453674316,1.0408612489700317,2672.0,509.765625,2.0289063453674316,1.0408612489700317,2672.0
2026-09-09T20:14:00.000+08:00,413.90545654296875,9.742149353027344,12.16015625,20.551347732543945,0.17278672754764557,385.0,6.178999900817871,3.562999963760376,1957.0999755859375,509.765625,1.990625023841858,1.0384386777877808,2672.0,509.765625,1.990625023841858,1.0384386777877808,2672.0,509.765625,1.990625023841858,1.0384386777877808,2672.0
2026-09-09T20:15:00.000+08:00,411.36376953125,9.707290649414062,12.222412109375,19.54852867126465,0.18165050446987152,385.0,6.160999774932861,3.562000036239624,1957.0999755859375,509.765625,2.0289063453674316,1.0408612489700317,2672.0,509.765625,2.0289063453674316,1.0408612489700317,2672.0,509.765625,2.0289063453674316,1.0408612489700317,2672.0
2026-09-09T20:16:00.000+08:00,405.0638732910156,9.726669311523438,12.194580078125,20.03054428100586,0.177678644657135,384.8999938964844,6.15500020980835,3.555999994277954,1957.199951171875,509.765625,2.0289063453674316,1.0482631921768188,2672.0,509.765625,2.0289063453674316,1.0482631921768188,2672.0,509.765625,2.0289063453674316,1.0482631921768188,2672.0
2026-09-09T20:17:00.000+08:00,405.8982238769531,9.74063491821289,12.194580078125,19.849655151367188,0.1790963113307953,384.8999938964844,6.1529998779296875,3.552000045776367,1957.199951171875,509.765625,2.0289063453674316,1.0420724153518677,2672.0,509.765625,2.0289063453674316,1.0420724153518677,2672.0,509.765625,2.0289063453674316,1.0420724153518677,2672.0
2026-09-09T20:18:00.000+08:00,413.8377380371094,9.729923248291016,12.125,20.17618179321289,0.17629697918891907,384.79998779296875,6.1570000648498535,3.559000015258789,1957.300048828125,509.765625,2.0289063453674316,1.0416686534881592,2672.0,509.765625,2.0289063453674316,1.0416686534881592,2672.0,509.765625,2.0289063453674316,1.0416686534881592,2672.0
2026-09-09T20:19:00.000+08:00,412.65496826171875,9.72671127319336,12.1533203125,19.790008544921875,0.17983821034431458,384.8999938964844,6.126999855041504,3.558000087738037,1957.300048828125,509.765625,2.0289063453674316,1.0420724153518677,2672.0,509.765625,2.0289063453674316,1.0420724153518677,2672.0,509.765625,2.0289063453674316,1.0420724153518677,2672.0
2026-09-09T20:20:00.000+08:00,418.7612609863281,9.738754272460938,12.138916015625,19.96894073486328,0.17837701737880707,385.0,6.1519999504089355,3.555999994277954,1957.4000244140625,509.765625,2.0289063453674316,1.047052025794983,2672.0,509.765625,2.0289063453674316,1.047052025794983,2672.0,509.765625,2.0289063453674316,1.047052025794983,2672.0
2026-09-09T20:21:00.000+08:00,423.340576171875,9.733856201171875,12.1669921875,20.751150131225586,0.1716049462556839,384.79998779296875,6.11299991607666,3.552999973297119,1957.5,509.765625,2.0289063453674316,1.0404574871063232,2672.0,509.765625,2.0289063453674316,1.0404574871063232,2672.0,509.765625,2.0289063453674316,1.0404574871063232,2672.0
2026-09-09T20:22:00.000+08:00,405.12481689453125,9.654060363769531,12.173828125,20.277606964111328,0.17566175758838654,385.1000061035156,6.1620001792907715,3.555000066757202,1957.5,513.28125,1.990625023841858,1.0400537252426147,2672.0,513.28125,1.990625023841858,1.0400537252426147,2672.0,513.28125,1.990625023841858,1.0400537252426147,2672.0
2026-09-09T20:23:00.000+08:00,420.5555114746094,9.696182250976562,12.201416015625,19.899038314819336,0.1786518543958664,385.3999938964844,6.1519999504089355,3.568000078201294,1957.5999755859375,513.28125,2.0289063453674316,1.0446295738220215,2672.0,513.28125,2.0289063453674316,1.0446295738220215,2672.0,513.28125,2.0289063453674316,1.0446295738220215,2672.0
2026-09-09T20:24:00.000+08:00,419.12567138671875,9.740066528320312,12.132080078125,20.95488166809082,0.16993653774261475,384.79998779296875,6.13700008392334,3.555999994277954,1957.5999755859375,509.765625,2.0289063453674316,1.0420724153518677,2672.0,509.765625,2.0289063453674316,1.0420724153518677,2672.0,509.765625,2.0289063453674316,1.0420724153518677,2672.0
2026-09-09T20:25:00.000+08:00,416.2276306152344,9.744773864746094,12.125,20.52781105041504,0.17308226227760315,385.29998779296875,6.165999889373779,3.572000026702881,1957.699951171875,513.28125,2.0289063453674316,1.0483977794647217,2672.0,513.28125,2.0289063453674316,1.0483977794647217,2672.0,513.28125,2.0289063453674316,1.0483977794647217,2672.0
2026-09-09T20:26:00.000+08:00,412.19024658203125,9.724784851074219,12.236083984375,19.977996826171875,0.17814598977565765,385.0,6.146999835968018,3.566999912261963,1957.800048828125,513.28125,2.0289063453674316,1.045436978340149,2672.0,513.28125,2.0289063453674316,1.045436978340149,2672.0,513.28125,2.0289063453674316,1.045436978340149,2672.0
2026-09-09T20:27:00.000+08:00,412.9676208496094,9.7464599609375,12.16015625,19.97763442993164,0.178549662232399,385.5,6.145999908447266,3.569999933242798,1957.800048828125,513.28125,2.0289063453674316,1.0451678037643433,2672.0,513.28125,2.0289063453674316,1.0451678037643433,2672.0,513.28125,2.0289063453674316,1.0451678037643433,2672.0
2026-09-09T20:28:00.000+08:00,402.4192199707031,9.716320037841797,12.22265625,19.799680709838867,0.18020492792129517,384.8999938964844,6.126999855041504,3.562999963760376,1957.9000244140625,513.28125,1.990625023841858,1.0396499633789062,2672.0,513.28125,1.990625023841858,1.0396499633789062,2672.0,513.28125,1.990625023841858,1.0396499633789062,2672.0
2026-09-09T20:29:00.000+08:00,408.07745361328125,9.71010971069336,12.22265625,19.758859634399414,0.18062783777713776,384.8999938964844,6.136000156402588,3.559999942779541,1957.9000244140625,509.765625,2.067187547683716,1.0592989921569824,2672.0,509.765625,2.067187547683716,1.0592989921569824,2672.0,509.765625,2.067187547683716,1.0592989921569824,2672.0
2026-09-09T20:30:00.000+08:00,411.9957580566406,9.733856201171875,12.1669921875,20.323684692382812,0.17472225427627563,385.0,6.13100004196167,3.563999891281128,1958.0,513.28125,2.0289063453674316,1.0478595495224,2672.0,513.28125,2.0289063453674316,1.0478595495224,2672.0,513.28125,2.0289063453674316,1.0478595495224,2672.0
2026-09-09T20:31:00.000+08:00,410.574462890625,9.74063491821289,12.1806640625,20.537853240966797,0.17319239675998688,385.20001220703125,6.133999824523926,3.563999891281128,1958.0999755859375,513.28125,2.0289063453674316,1.0483977794647217,2672.0,513.28125,2.0289063453674316,1.0483977794647217,2672.0,513.28125,2.0289063453674316,1.0483977794647217,2672.0
2026-09-09T20:32:00.000+08:00,413.5698547363281,9.706958770751953,12.132080078125,19.965669631958008,0.17880693078041077,384.8999938964844,6.11899995803833,3.563999891281128,1958.0999755859375,513.28125,2.0289063453674316,1.0450332164764404,2672.0,513.28125,2.0289063453674316,1.0450332164764404,2672.0,513.28125,2.0289063453674316,1.0450332164764404,2672.0
2026-09-09T20:33:00.000+08:00,401.8230895996094,9.66634750366211,12.1044921875,19.297178268432617,0.1847420334815979,385.1000061035156,6.123000144958496,3.562999963760376,1958.199951171875,513.28125,2.0289063453674316,1.0466482639312744,2672.0,513.28125,2.0289063453674316,1.0466482639312744,2672.0,513.28125,2.0289063453674316,1.0466482639312744,2672.0
2026-09-09T20:34:00.000+08:00,405.2383728027344,9.735626220703125,12.1181640625,19.8956298828125,0.17943640053272247,385.1000061035156,6.1519999504089355,3.569000005722046,1958.199951171875,513.28125,2.0289063453674316,1.044225811958313,2672.0,513.28125,2.0289063453674316,1.044225811958313,2672.0,513.28125,2.0289063453674316,1.044225811958313,2672.0
2026-09-09T20:35:00.000+08:00,414.77093505859375,9.750297546386719,12.16015625,20.061481475830078,0.17745450139045715,384.70001220703125,6.13700008392334,3.558000087738037,1958.300048828125,513.28125,2.0289063453674316,1.046244502067566,2672.0,513.28125,2.0289063453674316,1.046244502067566,2672.0,513.28125,2.0289063453674316,1.046244502067566,2672.0
2026-09-09T20:36:00.000+08:00,422.4552917480469,9.693927764892578,12.222412109375,20.528152465820312,0.17390751838684082,384.8999938964844,6.13700008392334,3.562000036239624,1958.4000244140625,513.28125,2.0289063453674316,1.041803240776062,2672.0,513.28125,2.0289063453674316,1.041803240776062,2672.0,513.28125,2.0289063453674316,1.041803240776062,2672.0
2026-09-09T20:37:00.000+08:00,417.0422668457031,9.695476531982422,12.16015625,19.40761947631836,0.1835876852273941,385.20001220703125,6.126999855041504,3.569999933242798,1958.4000244140625,513.28125,2.0289063453674316,1.045436978340149,2672.0,513.28125,2.0289063453674316,1.045436978340149,2672.0,513.28125,2.0289063453674316,1.045436978340149,2672.0
2026-09-09T20:38:00.000+08:00,414.1747741699219,9.713363647460938,12.1533203125,19.926721572875977,0.17875495553016663,385.1000061035156,6.11299991607666,3.562999963760376,1958.5,513.28125,2.0289063453674316,1.0446295738220215,2672.0,513.28125,2.0289063453674316,1.0446295738220215,2672.0,513.28125,2.0289063453674316,1.0446295738220215,2672.0
2026-09-09T20:39:00.000+08:00,419.0935363769531,9.768714904785156,12.125,20.396991729736328,0.1749277561903,385.6000061035156,6.126999855041504,3.578000068664551,1958.5,513.28125,2.0289063453674316,1.050551176071167,2672.0,513.28125,2.0289063453674316,1.050551176071167,2672.0,513.28125,2.0289063453674316,1.050551176071167,2672.0
2026-09-09T20:40:00.000+08:00,408.687744140625,9.749710083007812,12.111328125,19.851945877075195,0.17937788367271423,385.5,6.129000186920166,3.578000068664551,1958.5999755859375,513.28125,2.0289063453674316,1.0459753274917603,2672.0,513.28125,2.0289063453674316,1.0459753274917603,2672.0,513.28125,2.0289063453674316,1.0459753274917603,2672.0
2026-09-09T20:41:00.000+08:00,422.162353515625,9.688919067382812,12.097412109375,20.762765884399414,0.17227955162525177,385.79998779296875,6.146999835968018,3.5869998931884766,1958.699951171875,513.28125,2.0289063453674316,1.047724962234497,2672.0,513.28125,2.0289063453674316,1.047724962234497,2672.0,513.28125,2.0289063453674316,1.047724962234497,2672.0
2026-09-09T20:42:00.000+08:00,417.8760070800781,9.743896484375,12.097412109375,19.59554672241211,0.18254147469997406,385.5,6.14300012588501,3.5799999237060547,1958.699951171875,513.28125,2.0289063453674316,1.0521661043167114,2672.0,513.28125,2.0289063453674316,1.0521661043167114,2672.0,513.28125,2.0289063453674316,1.0521661043167114,2672.0
2026-09-09T20:43:00.000+08:00,424.8359069824219,9.6925048828125,12.125,20.446046829223633,0.17460589110851288,385.20001220703125,6.144999980926514,3.575000047683716,1958.800048828125,513.28125,2.0289063453674316,1.0422070026397705,2672.0,513.28125,2.0289063453674316,1.0422070026397705,2672.0,513.28125,2.0289063453674316,1.0422070026397705,2672.0
2026-09-09T20:44:00.000+08:00,437.7929992675781,9.641307830810547,12.1044921875,20.202335357666016,0.17730623483657837,385.8999938964844,6.13700008392334,3.5769999027252197,1958.800048828125,513.28125,2.0289063453674316,1.053377389907837,2672.0,513.28125,2.0289063453674316,1.053377389907837,2672.0,513.28125,2.0289063453674316,1.053377389907837,2672.0
2026-09-09T20:45:00.000+08:00,431.3528747558594,9.653751373291016,12.1181640625,19.834400177001953,0.17968781292438507,385.5,6.144999980926514,3.575000047683716,1958.9000244140625,513.28125,2.0289063453674316,1.0471866130828857,2672.0,513.28125,2.0289063453674316,1.0471866130828857,2672.0,513.28125,2.0289063453674316,1.0471866130828857,2672.0
2026-09-09T20:46:00.000+08:00,411.6287841796875,9.706214904785156,12.159912109375,19.71904945373535,0.1812460571527481,385.6000061035156,6.120999813079834,3.5810000896453857,1959.0,513.28125,2.0289063453674316,1.0492053031921387,2672.0,513.28125,2.0289063453674316,1.0492053031921387,2672.0,513.28125,2.0289063453674316,1.0492053031921387,2672.0
2026-09-09T20:47:00.000+08:00,422.8358154296875,9.716560363769531,12.125,20.75649070739746,0.17276522517204285,385.5,6.125,3.565999984741211,1959.0,513.28125,2.0289063453674316,1.04974365234375,2672.0,513.28125,2.0289063453674316,1.04974365234375,2672.0,513.28125,2.0289063453674316,1.04974365234375,2672.0
2026-09-09T20:48:00.000+08:00,425.4837951660156,9.717323303222656,12.173583984375,21.3742733001709,0.16739749908447266,385.5,6.184999942779541,3.572000026702881,1959.0999755859375,513.28125,2.0289063453674316,1.0492053031921387,2672.0,513.28125,2.0289063453674316,1.0492053031921387,2672.0,513.28125,2.0289063453674316,1.0492053031921387,2672.0
2026-09-09T20:49:00.000+08:00,418.8820495605469,9.702259063720703,12.173828125,20.066898345947266,0.17825375497341156,385.3999938964844,6.138000011444092,3.5799999237060547,1959.0999755859375,513.28125,2.0289063453674316,1.0451678037643433,2672.0,513.28125,2.0289063453674316,1.0451678037643433,2672.0,513.28125,2.0289063453674316,1.0451678037643433,2672.0
2026-09-09T20:50:00.000+08:00,416.0788879394531,9.746124267578125,12.069580078125,20.405118942260742,0.17471104860305786,385.20001220703125,6.179999828338623,3.572999954223633,1959.199951171875,513.28125,2.0289063453674316,1.042610764503479,2672.0,513.28125,2.0289063453674316,1.042610764503479,2672.0,513.28125,2.0289063453674316,1.042610764503479,2672.0
2026-09-09T20:51:00.000+08:00,413.88201904296875,9.701515197753906,12.166748046875,20.101564407348633,0.17759811878204346,385.3999938964844,6.1519999504089355,3.569000005722046,1959.300048828125,513.28125,2.0289063453674316,1.0459753274917603,2672.0,513.28125,2.0289063453674316,1.0459753274917603,2672.0,513.28125,2.0289063453674316,1.0459753274917603,2672.0
2026-09-09T20:52:00.000+08:00,419.4692077636719,9.653751373291016,12.1181640625,19.3139705657959,0.18494383990764618,385.29998779296875,6.160999774932861,3.565000057220459,1959.300048828125,513.28125,2.0289063453674316,1.0488015413284302,2672.0,513.28125,2.0289063453674316,1.0488015413284302,2672.0,513.28125,2.0289063453674316,1.0488015413284302,2672.0
2026-09-09T20:53:00.000+08:00,417.2501525878906,9.665977478027344,12.076416015625,20.086811065673828,0.17797748744487762,385.6000061035156,6.165999889373779,3.5769999027252197,1959.4000244140625,513.28125,2.0289063453674316,1.0455715656280518,2672.0,513.28125,2.0289063453674316,1.0455715656280518,2672.0,513.28125,2.0289063453674316,1.0455715656280518,2672.0
2026-09-09T20:54:00.000+08:00,420.1853332519531,9.72922134399414,12.097412109375,19.6108455657959,0.181889146566391,385.5,6.1570000648498535,3.5840001106262207,1959.4000244140625,513.28125,2.0289063453674316,1.0492053031921387,2672.0,513.28125,2.0289063453674316,1.0492053031921387,2672.0,513.28125,2.0289063453674316,1.0492053031921387,2672.0
2026-09-09T20:55:00.000+08:00,410.4903869628906,9.684608459472656,12.1181640625,19.937644958496094,0.17940935492515564,385.6000061035156,6.160999774932861,3.578000068664551,1959.5,513.28125,2.0289063453674316,1.0485323667526245,2672.0,513.28125,2.0289063453674316,1.0485323667526245,2672.0,513.28125,2.0289063453674316,1.0485323667526245,2672.0
2026-09-09T20:56:00.000+08:00,418.62811279296875,9.668167114257812,12.166748046875,20.3824520111084,0.17524878680706024,385.70001220703125,6.14300012588501,3.5789999961853027,1959.5999755859375,513.28125,2.0289063453674316,1.0509549379348755,2672.0,513.28125,2.0289063453674316,1.0509549379348755,2672.0,513.28125,2.0289063453674316,1.0509549379348755,2672.0
2026-09-09T20:57:00.000+08:00,417.3165588378906,9.632232666015625,12.173583984375,20.04316520690918,0.17856460809707642,385.70001220703125,6.15500020980835,3.572000026702881,1959.5999755859375,513.28125,2.0289063453674316,1.0459753274917603,2672.0,513.28125,2.0289063453674316,1.0459753274917603,2672.0,513.28125,2.0289063453674316,1.0459753274917603,2672.0
2026-09-09T20:58:00.000+08:00,413.63836669921875,9.742149353027344,12.166748046875,20.24629783630371,0.1766742765903473,385.6000061035156,6.139999866485596,3.5739998817443848,1959.699951171875,513.28125,2.0289063453674316,1.0467828512191772,2672.0,513.28125,2.0289063453674316,1.0467828512191772,2672.0,513.28125,2.0289063453674316,1.0467828512191772,2672.0
2026-09-09T20:59:00.000+08:00,417.076171875,9.625083923339844,12.1533203125,20.69312286376953,0.17285935580730438,385.6000061035156,6.164000034332275,3.566999912261963,1959.699951171875,513.28125,2.0289063453674316,1.0492053031921387,2672.0,513.28125,2.0289063453674316,1.0492053031921387,2672.0,513.28125,2.0289063453674316,1.0492053031921387,2672.0
2026-09-09T21:00:00.000+08:00,409.57659912109375,9.610294342041016,12.0556640625,19.84877586364746,0.1801118552684784,385.70001220703125,6.165999889373779,3.5810000896453857,1959.800048828125,513.28125,2.0289063453674316,1.0509549379348755,2672.0,513.28125,2.0289063453674316,1.0509549379348755,2672.0,513.28125,2.0289063453674316,1.0509549379348755,2672.0
2026-09-09T21:01:00.000+08:00,411.6290588378906,9.442672729492188,11.9169921875,20.495115280151367,0.17452938854694366,385.70001220703125,6.169000148773193,3.5820000171661377,1959.9000244140625,513.28125,2.0289063453674316,1.0521661043167114,2672.0,513.28125,2.0289063453674316,1.0521661043167114,2672.0,513.28125,2.0289063453674316,1.0521661043167114,2672.0
2026-09-09T21:02:00.000+08:00,414.66326904296875,9.328166961669922,11.59765625,20.955551147460938,0.17055146396160126,385.79998779296875,6.150000095367432,3.5840001106262207,1959.9000244140625,513.28125,2.0289063453674316,1.04974365234375,2672.0,513.28125,2.0289063453674316,1.04974365234375,2672.0,513.28125,2.0289063453674316,1.04974365234375,2672.0
2026-09-09T21:03:00.000+08:00,496.606201171875,9.443428039550781,11.736328125,25.046579360961914,0.14305347204208374,385.8999938964844,6.160999774932861,3.5820000171661377,1960.0,513.28125,2.0289063453674316,1.045302391052246,2672.0,513.28125,2.0289063453674316,1.045302391052246,2672.0,513.28125,2.0289063453674316,1.045302391052246,2672.0
2026-09-09T21:04:00.000+08:00,495.30242919921875,10.997798919677734,13.22265625,22.38458824157715,0.1628272831439972,385.0,6.107999801635742,3.5460000038146973,1960.0,513.28125,2.0289063453674316,1.0451678037643433,2672.0,513.28125,2.0289063453674316,1.0451678037643433,2672.0,513.28125,2.0289063453674316,1.0451678037643433,2672.0
2026-09-09T21:05:00.000+08:00,337.4681396484375,11.081649780273438,13.6806640625,15.859548568725586,0.22566846013069153,385.0,6.131999969482422,3.552999973297119,1960.0999755859375,513.28125,1.990625023841858,1.0393807888031006,2672.0,513.28125,1.990625023841858,1.0393807888031006,2672.0,513.28125,1.990625023841858,1.0393807888031006,2672.0
2026-09-09T21:06:00.000+08:00,301.489013671875,11.060466766357422,13.604248046875,13.461334228515625,0.2649068832397461,385.29998779296875,6.109000205993652,3.552000045776367,1960.0999755859375,513.28125,2.0289063453674316,1.043418288230896,2672.0,513.28125,2.0289063453674316,1.043418288230896,2672.0,513.28125,2.0289063453674316,1.043418288230896,2672.0
2026-09-09T21:07:00.000+08:00,294.0546875,10.574596405029297,13.5556640625,15.190569877624512,0.23363178968429565,385.29998779296875,6.138000011444092,3.562000036239624,1960.199951171875,513.28125,2.0289063453674316,1.043418288230896,2672.0,513.28125,2.0289063453674316,1.043418288230896,2672.0,513.28125,2.0289063453674316,1.043418288230896,2672.0
2026-09-09T21:08:00.000+08:00,297.4603271484375,9.71072006225586,13.138916015625,15.612537384033203,0.22789376974105835,385.0,6.116000175476074,3.562000036239624,1960.300048828125,513.28125,2.0289063453674316,1.0466482639312744,2672.0,513.28125,2.0289063453674316,1.0466482639312744,2672.0,513.28125,2.0289063453674316,1.0466482639312744,2672.0
2026-09-09T21:09:00.000+08:00,290.849365234375,9.236343383789062,12.5908203125,16.89372444152832,0.21084752678871155,385.3999938964844,6.142000198364258,3.578000068664551,1960.300048828125,513.28125,2.0289063453674316,1.0512241125106812,2672.0,513.28125,2.0289063453674316,1.0512241125106812,2672.0,513.28125,2.0289063453674316,1.0512241125106812,2672.0
2026-09-09T21:10:00.000+08:00,296.0257263183594,9.167659759521484,12.5419921875,20.46700668334961,0.17413391172885895,385.20001220703125,6.125999927520752,3.566999912261963,1960.4000244140625,513.28125,2.0289063453674316,1.045436978340149,2673.0,513.28125,2.0289063453674316,1.045436978340149,2673.0,513.28125,2.0289063453674316,1.045436978340149,2673.0
2026-09-09T21:11:00.000+08:00,293.8135681152344,9.161781311035156,12.507080078125,20.230464935302734,0.176763117313385,385.29998779296875,6.14900016784668,3.572000026702881,1960.4000244140625,513.28125,2.0289063453674316,1.0508203506469727,2673.0,513.28125,2.0289063453674316,1.0508203506469727,2673.0,513.28125,2.0289063453674316,1.0508203506469727,2673.0
2026-09-09T21:12:00.000+08:00,294.3236999511719,9.22976303100586,12.5419921875,19.266319274902344,0.18529745936393738,385.29998779296875,6.1519999504089355,3.572000026702881,1960.5,513.28125,2.0289063453674316,1.0459753274917603,2673.0,513.28125,2.0289063453674316,1.0459753274917603,2673.0,513.28125,2.0289063453674316,1.0459753274917603,2673.0
2026-09-09T21:13:00.000+08:00,288.6992492675781,9.272438049316406,12.569580078125,19.36180305480957,0.18407376110553741,385.20001220703125,6.144000053405762,3.566999912261963,1960.5999755859375,513.28125,2.0289063453674316,1.0471866130828857,2673.0,513.28125,2.0289063453674316,1.0471866130828857,2673.0,513.28125,2.0289063453674316,1.0471866130828857,2673.0
2026-09-09T21:14:00.000+08:00,288.83392333984375,9.39249038696289,12.7294921875,19.107601165771484,0.18662729859352112,385.1000061035156,6.138000011444092,3.569999933242798,1960.5999755859375,513.28125,2.0289063453674316,1.040592074394226,2673.0,513.28125,2.0289063453674316,1.040592074394226,2673.0,513.28125,2.0289063453674316,1.040592074394226,2673.0
2026-09-09T21:15:00.000+08:00,288.82562255859375,9.47671890258789,12.7294921875,18.568185806274414,0.1914026439189911,385.29998779296875,6.120999813079834,3.566999912261963,1960.699951171875,513.28125,2.0289063453674316,1.0459753274917603,2673.0,513.28125,2.0289063453674316,1.0459753274917603,2673.0,513.28125,2.0289063453674316,1.0459753274917603,2673.0
2026-09-09T21:16:00.000+08:00,289.6344299316406,9.479995727539062,12.666748046875,19.22886848449707,0.18529431521892548,385.3999938964844,6.14300012588501,3.569000005722046,1960.699951171875,513.28125,2.0289063453674316,1.0483977794647217,2673.0,513.28125,2.0289063453674316,1.0483977794647217,2673.0,513.28125,2.0289063453674316,1.0483977794647217,2673.0
2026-09-09T21:17:00.000+08:00,297.63482666015625,9.544746398925781,12.722412109375,19.246614456176758,0.1852273941040039,385.3999938964844,6.125,3.569999933242798,1960.800048828125,513.28125,2.0289063453674316,1.0488015413284302,2673.0,513.28125,2.0289063453674316,1.0488015413284302,2673.0,513.28125,2.0289063453674316,1.0488015413284302,2673.0
2026-09-09T21:18:00.000+08:00,297.6814270019531,9.553028106689453,12.722412109375,18.724225997924805,0.19055525958538055,385.3999938964844,6.140999794006348,3.571000099182129,1960.9000244140625,513.28125,2.0289063453674316,1.0463790893554688,2673.0,513.28125,2.0289063453674316,1.0463790893554688,2673.0,513.28125,2.0289063453674316,1.0463790893554688,2673.0
2026-09-09T21:19:00.000+08:00,290.48358154296875,9.528064727783203,12.75,18.482219696044922,0.1929963082075119,385.1000061035156,6.127999782562256,3.565000057220459,1960.9000244140625,513.28125,2.0289063453674316,1.0564727783203125,2673.0,513.28125,2.0289063453674316,1.0564727783203125,2673.0,513.28125,2.0289063453674316,1.0564727783203125,2673.0
2026-09-09T21:20:00.000+08:00,294.9971008300781,9.469608306884766,12.6875,18.73456382751465,0.19055688381195068,385.8999938964844,6.129000186920166,3.575000047683716,1961.0,513.28125,2.0289063453674316,1.0485323667526245,2673.0,513.28125,2.0289063453674316,1.0485323667526245,2673.0,513.28125,2.0289063453674316,1.0485323667526245,2673.0
2026-09-09T21:21:00.000+08:00,297.4486999511719,9.592548370361328,12.7783203125,19.281675338745117,0.1847349852323532,385.79998779296875,6.14300012588501,3.5739998817443848,1961.0,513.28125,2.0289063453674316,1.0471866130828857,2673.0,513.28125,2.0289063453674316,1.0471866130828857,2673.0,513.28125,2.0289063453674316,1.0471866130828857,2673.0
2026-09-09T21:22:00.000+08:00,299.68804931640625,9.56488037109375,12.72265625,19.345565795898438,0.1851070076227188,385.70001220703125,6.13700008392334,3.5739998817443848,1961.0999755859375,513.28125,2.0289063453674316,1.0455715656280518,2673.0,513.28125,2.0289063453674316,1.0455715656280518,2673.0,513.28125,2.0289063453674316,1.0455715656280518,2673.0
2026-09-09T21:23:00.000+08:00,293.5364685058594,9.544746398925781,12.708251953125,18.852354049682617,0.18936626613140106,385.6000061035156,6.120999813079834,3.575000047683716,1961.199951171875,513.28125,2.0289063453674316,1.0463790893554688,2673.0,513.28125,2.0289063453674316,1.0463790893554688,2673.0,513.28125,2.0289063453674316,1.0463790893554688,2673.0
2026-09-09T21:24:00.000+08:00,298.8562927246094,9.532108306884766,12.70849609375,19.035001754760742,0.1877593696117401,385.79998779296875,6.129000186920166,3.5810000896453857,1961.199951171875,513.28125,2.0289063453674316,1.0447640419006348,2673.0,513.28125,2.0289063453674316,1.0447640419006348,2673.0,513.28125,2.0289063453674316,1.0447640419006348,2673.0
2026-09-09T21:25:00.000+08:00,299.67401123046875,9.574077606201172,12.7431640625,19.17488670349121,0.18654608726501465,385.5,6.123000144958496,3.566999912261963,1961.300048828125,513.28125,2.0289063453674316,1.0451678037643433,2673.0,513.28125,2.0289063453674316,1.0451678037643433,2673.0,513.28125,2.0289063453674316,1.0451678037643433,2673.0
2026-09-09T21:26:00.000+08:00,298.0577087402344,9.5242919921875,12.65283203125,18.85909080505371,0.1901470273733139,385.79998779296875,6.13100004196167,3.5810000896453857,1961.300048828125,513.28125,2.0289063453674316,1.0485323667526245,2673.0,513.28125,2.0289063453674316,1.0485323667526245,2673.0,513.28125,2.0289063453674316,1.0485323667526245,2673.0
2026-09-09T21:27:00.000+08:00,294.2456359863281,9.5567626953125,12.597412109375,18.257366180419922,0.19586613774299622,385.6000061035156,6.138999938964844,3.5769999027252197,1961.4000244140625,513.28125,2.0289063453674316,1.0500128269195557,2673.0,513.28125,2.0289063453674316,1.0500128269195557,2673.0,513.28125,2.0289063453674316,1.0500128269195557,2673.0
2026-09-09T21:28:00.000+08:00,301.0519714355469,9.47768783569336,12.5625,18.739978790283203,0.19092871248722076,385.5,6.123000144958496,3.5739998817443848,1961.5,513.28125,2.0289063453674316,1.0439566373825073,2673.0,513.28125,2.0289063453674316,1.0439566373825073,2673.0,513.28125,2.0289063453674316,1.0439566373825073,2673.0
2026-09-09T21:29:00.000+08:00,305.8102111816406,9.484798431396484,12.569580078125,19.264461517333984,0.18541914224624634,385.6000061035156,6.125999927520752,3.5739998817443848,1961.5,513.28125,2.0289063453674316,1.050551176071167,2673.0,513.28125,2.0289063453674316,1.050551176071167,2673.0,513.28125,2.0289063453674316,1.050551176071167,2673.0
2026-09-09T21:30:00.000+08:00,304.7101135253906,9.557209014892578,12.597412109375,19.478858947753906,0.18358364701271057,385.6000061035156,6.126999855041504,3.5769999027252197,1961.5999755859375,513.28125,2.0289063453674316,1.0443603992462158,2673.0,513.28125,2.0289063453674316,1.0443603992462158,2673.0,513.28125,2.0289063453674316,1.0443603992462158,2673.0
2026-09-09T21:31:00.000+08:00,301.14208984375,9.550865173339844,12.59765625,18.553010940551758,0.19258329272270203,385.6000061035156,6.09499979019165,3.566999912261963,1961.5999755859375,513.28125,2.0289063453674316,1.0451678037643433,2673.0,513.28125,2.0289063453674316,1.0451678037643433,2673.0,513.28125,2.0289063453674316,1.0451678037643433,2673.0
2026-09-09T21:32:00.000+08:00,307.27197265625,9.51800537109375,12.638916015625,18.608068466186523,0.1920672059059143,385.6000061035156,6.122000217437744,3.575000047683716,1961.699951171875,513.28125,2.0289063453674316,1.0529736280441284,2673.0,513.28125,2.0289063453674316,1.0529736280441284,2673.0,513.28125,2.0289063453674316,1.0529736280441284,2673.0
2026-09-09T21:33:00.000+08:00,317.2450256347656,9.525157928466797,12.59033203125,19.12596893310547,0.18712776899337769,385.79998779296875,6.120999813079834,3.571000099182129,1961.800048828125,513.28125,2.0289063453674316,1.0463790893554688,2673.0,513.28125,2.0289063453674316,1.0463790893554688,2673.0,513.28125,2.0289063453674316,1.0463790893554688,2673.0
2026-09-09T21:34:00.000+08:00,316.1293029785156,9.448474884033203,12.6044921875,19.800283432006836,0.18019944429397583,385.79998779296875,6.129000186920166,3.5789999961853027,1961.800048828125,513.28125,2.0289063453674316,1.0485323667526245,2673.0,513.28125,2.0289063453674316,1.0485323667526245,2673.0,513.28125,2.0289063453674316,1.0485323667526245,2673.0
2026-09-09T21:35:00.000+08:00,320.1444396972656,9.490833282470703,12.541748046875,19.55088233947754,0.18270274996757507,385.6000061035156,6.133999824523926,3.572999954223633,1961.9000244140625,513.28125,2.0289063453674316,1.0475903749465942,2673.0,513.28125,2.0289063453674316,1.0475903749465942,2673.0,513.28125,2.0289063453674316,1.0475903749465942,2673.0
2026-09-09T21:36:00.000+08:00,313.94183349609375,9.471866607666016,12.5,19.38728141784668,0.18486346304416656,385.8999938964844,6.13100004196167,3.5789999961853027,1961.9000244140625,513.28125,2.0289063453674316,1.0485323667526245,2673.0,513.28125,2.0289063453674316,1.0485323667526245,2673.0,513.28125,2.0289063453674316,1.0485323667526245,2673.0
2026-09-09T21:37:00.000+08:00,318.21282958984375,9.451644897460938,12.5625,19.147682189941406,0.18681111931800842,385.79998779296875,6.122000217437744,3.5769999027252197,1962.0,513.28125,2.0289063453674316,1.0529736280441284,2673.0,513.28125,2.0289063453674316,1.0529736280441284,2673.0,513.28125,2.0289063453674316,1.0529736280441284,2673.0
2026-09-09T21:38:00.000+08:00,319.99871826171875,9.483718872070312,12.548583984375,19.41322898864746,0.18394672870635986,385.70001220703125,6.131999969482422,3.578000068664551,1962.0999755859375,513.28125,2.0289063453674316,1.051762342453003,2673.0,513.28125,2.0289063453674316,1.051762342453003,2673.0,513.28125,2.0289063453674316,1.051762342453003,2673.0
2026-09-09T21:39:00.000+08:00,324.5178527832031,9.543811798095703,12.520751953125,20.29559898376465,0.1763436496257782,385.70001220703125,6.116000175476074,3.575000047683716,1962.0999755859375,513.28125,2.0289063453674316,1.050551176071167,2673.0,513.28125,2.0289063453674316,1.050551176071167,2673.0,513.28125,2.0289063453674316,1.050551176071167,2673.0
2026-09-09T21:40:00.000+08:00,318.5973205566406,9.465129852294922,12.52099609375,19.07491683959961,0.1801488995552063,385.70001220703125,6.105999946594238,3.568000078201294,1962.199951171875,513.28125,2.0289063453674316,1.053377389907837,2673.0,513.28125,2.0289063453674316,1.053377389907837,2673.0,513.28125,2.0289063453674316,1.053377389907837,2673.0
2026-09-09T21:41:00.000+08:00,317.7041015625,9.561622619628906,12.5556640625,19.44133758544922,0.18368077278137207,385.79998779296875,6.11299991607666,3.569999933242798,1962.199951171875,513.28125,2.0289063453674316,1.0521661043167114,2673.0,513.28125,2.0289063453674316,1.0521661043167114,2673.0,513.28125,2.0289063453674316,1.0521661043167114,2673.0
2026-09-09T21:42:00.000+08:00,309.6795349121094,9.489990234375,12.507080078125,18.391992568969727,0.19421495497226715,385.70001220703125,6.11899995803833,3.575000047683716,1962.300048828125,513.28125,2.0289063453674316,1.0455715656280518,2673.0,513.28125,2.0289063453674316,1.0455715656280518,2673.0,513.28125,2.0289063453674316,1.0455715656280518,2673.0
2026-09-09T21:43:00.000+08:00,314.89532470703125,9.44451904296875,12.597412109375,19.67518424987793,0.1817517876625061,385.70001220703125,6.110000133514404,3.5799999237060547,1962.300048828125,513.28125,2.0289063453674316,1.0501474142074585,2673.0,513.28125,2.0289063453674316,1.0501474142074585,2673.0,513.28125,2.0289063453674316,1.0501474142074585,2673.0
2026-09-09T21:44:00.000+08:00,308.33941650390625,9.486503601074219,12.548828125,19.109336853027344,0.18718597292900085,385.79998779296875,6.122000217437744,3.5889999866485596,1962.4000244140625,513.28125,2.0289063453674316,1.0509549379348755,2673.0,513.28125,2.0289063453674316,1.0509549379348755,2673.0,513.28125,2.0289063453674316,1.0509549379348755,2673.0
2026-09-09T21:45:00.000+08:00,315.1344909667969,9.452495574951172,12.5,19.756412506103516,0.18120698630809784,385.29998779296875,6.11899995803833,3.565000057220459,1962.5,513.28125,2.0289063453674316,1.0483977794647217,2673.0,513.28125,2.0289063453674316,1.0483977794647217,2673.0,513.28125,2.0289063453674316,1.0483977794647217,2673.0
2026-09-09T21:46:00.000+08:00,309.64471435546875,9.43353271484375,12.472412109375,18.728769302368164,0.19141674041748047,385.20001220703125,6.124000072479248,3.566999912261963,1962.5,513.28125,2.0289063453674316,1.0471866130828857,2673.0,513.28125,2.0289063453674316,1.0471866130828857,2673.0,513.28125,2.0289063453674316,1.0471866130828857,2673.0
2026-09-09T21:47:00.000+08:00,312.3240051269531,9.409061431884766,12.4931640625,19.129606246948242,0.18641263246536255,385.1000061035156,6.126999855041504,3.569000005722046,1962.5999755859375,513.28125,2.0289063453674316,1.0430145263671875,2673.0,513.28125,2.0289063453674316,1.0430145263671875,2673.0,513.28125,2.0289063453674316,1.0430145263671875,2673.0
2026-09-09T21:48:00.000+08:00,319.6939697265625,9.417407989501953,12.375,19.175249099731445,0.18617749214172363,385.0,6.113999843597412,3.561000108718872,1962.5999755859375,509.765625,1.990625023841858,1.0420724153518677,2673.0,509.765625,1.990625023841858,1.0420724153518677,2673.0,509.765625,1.990625023841858,1.0420724153518677,2673.0
2026-09-09T21:49:00.000+08:00,317.539794921875,9.441814422607422,12.541748046875,19.124921798706055,0.18614456057548523,385.20001220703125,6.13100004196167,3.569999933242798,1962.699951171875,513.28125,2.0289063453674316,1.0446295738220215,2673.0,513.28125,2.0289063453674316,1.0446295738220215,2673.0,513.28125,2.0289063453674316,1.0446295738220215,2673.0
2026-09-09T21:50:00.000+08:00,318.3763122558594,9.39324951171875,12.47265625,18.831676483154297,0.18930870294570923,385.3999938964844,6.133999824523926,3.569000005722046,1962.800048828125,513.28125,2.0289063453674316,1.0500128269195557,2673.0,513.28125,2.0289063453674316,1.0500128269195557,2673.0,513.28125,2.0289063453674316,1.0500128269195557,2673.0
2026-09-09T21:51:00.000+08:00,322.6065368652344,9.470012664794922,12.4375,19.292686462402344,0.18519972264766693,385.5,6.123000144958496,3.572000026702881,1962.800048828125,513.28125,2.0289063453674316,1.0463790893554688,2673.0,513.28125,2.0289063453674316,1.0463790893554688,2673.0,513.28125,2.0289063453674316,1.0463790893554688,2673.0
2026-09-09T21:52:00.000+08:00,328.24053955078125,9.47543716430664,12.5419921875,19.509864807128906,0.18308685719966888,385.70001220703125,6.122000217437744,3.5739998817443848,1962.9000244140625,513.28125,2.0289063453674316,1.0463790893554688,2673.0,513.28125,2.0289063453674316,1.0463790893554688,2673.0,513.28125,2.0289063453674316,1.0463790893554688,2673.0
2026-09-09T21:53:00.000+08:00,316.2767639160156,9.45962142944336,12.548583984375,18.788999557495117,0.19021768867969513,385.6000061035156,6.124000072479248,3.575000047683716,1962.9000244140625,513.28125,2.0289063453674316,1.0439566373825073,2673.0,513.28125,2.0289063453674316,1.0439566373825073,2673.0,513.28125,2.0289063453674316,1.0439566373825073,2673.0
2026-09-09T21:54:00.000+08:00,313.7131652832031,9.462799072265625,12.548828125,19.06578826904297,0.18708902597427368,385.5,6.127999782562256,3.572000026702881,1963.0,513.28125,2.0289063453674316,1.0451678037643433,2673.0,513.28125,2.0289063453674316,1.0451678037643433,2673.0,513.28125,2.0289063453674316,1.0451678037643433,2673.0
2026-09-09T21:55:00.000+08:00,315.9087829589844,9.393852233886719,12.513916015625,19.27657699584961,0.1854582279920578,385.6000061035156,6.123000144958496,3.5739998817443848,1963.0999755859375,513.28125,2.0289063453674316,1.0455715656280518,2673.0,513.28125,2.0289063453674316,1.0455715656280518,2673.0,513.28125,2.0289063453674316,1.0455715656280518,2673.0
2026-09-09T21:56:00.000+08:00,316.2040100097656,9.455196380615234,12.53515625,19.202953338623047,0.18601305782794952,385.70001220703125,6.1579999923706055,3.578000068664551,1963.0999755859375,513.28125,2.0289063453674316,1.0488015413284302,2673.0,513.28125,2.0289063453674316,1.0488015413284302,2673.0,513.28125,2.0289063453674316,1.0488015413284302,2673.0
2026-09-09T21:57:00.000+08:00,310.6595153808594,9.452884674072266,12.5,19.00096893310547,0.18835881352424622,386.1000061035156,6.15500020980835,3.5850000381469727,1963.199951171875,513.28125,2.0289063453674316,1.0543195009231567,2673.0,513.28125,2.0289063453674316,1.0543195009231567,2673.0,513.28125,2.0289063453674316,1.0543195009231567,2673.0
2026-09-09T21:58:00.000+08:00,316.21490478515625,9.49283218383789,12.4931640625,19.43689727783203,0.18367129564285278,386.1000061035156,6.144000053405762,3.5789999961853027,1963.199951171875,513.28125,2.0289063453674316,1.05256986618042,2673.0,513.28125,2.0289063453674316,1.05256986618042,2673.0,513.28125,2.0289063453674316,1.05256986618042,2673.0
2026-09-09T21:59:00.000+08:00,311.3338928222656,9.412506103515625,12.4931640625,18.4338321685791,0.1947506070137024,386.0,6.144999980926514,3.5859999656677246,1963.300048828125,513.28125,2.0289063453674316,1.0493398904800415,2673.0,513.28125,2.0289063453674316,1.0493398904800415,2673.0,513.28125,2.0289063453674316,1.0493398904800415,2673.0
2026-09-09T22:00:00.000+08:00,316.1224060058594,9.475887298583984,12.479248046875,18.810693740844727,0.19090203940868378,385.79998779296875,6.1519999504089355,3.5799999237060547,1963.4000244140625,513.28125,2.0289063453674316,1.0485323667526245,2673.0,513.28125,2.0289063453674316,1.0485323667526245,2673.0,513.28125,2.0289063453674316,1.0485323667526245,2673.0
2026-09-09T22:01:00.000+08:00,323.1243591308594,9.475887298583984,12.444580078125,19.711708068847656,0.1821252703666687,385.70001220703125,6.142000198364258,3.5759999752044678,1963.4000244140625,nan,nan,nan,65536.0,nan,nan,nan,65536.0,nan,nan,nan,65536.0
2026-09-09T22:02:00.000+08:00,314.73272705078125,9.466896057128906,12.423828125,18.425064086914062,0.1943548172712326,385.29998779296875,6.145999908447266,3.568000078201294,1963.5,nan,nan,nan,65536.0,nan,nan,nan,65536.0,nan,nan,nan,65536.0
2026-09-09T22:03:00.000+08:00,323.66912841796875,9.528266906738281,12.375,19.244741439819336,0.18576502799987793,385.20001220703125,6.15500020980835,3.572000026702881,1963.5,nan,nan,nan,65536.0,nan,nan,nan,65536.0,nan,nan,nan,65536.0
2026-09-09T22:04:00.000+08:00,327.5819396972656,9.51824951171875,12.444580078125,18.562610626220703,0.1917833685874939,385.3999938964844,6.129000186920166,3.568000078201294,1963.5999755859375,nan,nan,nan,65536.0,nan,nan,nan,65536.0,nan,nan,nan,65536.0
2026-09-09T22:05:00.000+08:00,338.90008544921875,9.60445785522461,12.451416015625,19.379411697387695,0.18431931734085083,385.3999938964844,6.132999897003174,3.5739998817443848,1963.699951171875,nan,nan,nan,65536.0,nan,nan,nan,65536.0,nan,nan,nan,65536.0
2026-09-09T22:06:00.000+08:00,330.708984375,9.508319854736328,12.444580078125,19.62904930114746,0.18279030919075012,385.20001220703125,6.11899995803833,3.562000036239624,1963.699951171875,nan,nan,nan,65536.0,nan,nan,nan,65536.0,nan,nan,nan,65536.0
2026-09-09T22:07:00.000+08:00,323.6235656738281,9.618721008300781,12.472412109375,18.19121742248535,0.19608362019062042,385.20001220703125,6.120999813079834,3.569999933242798,1963.800048828125,nan,nan,nan,65536.0,nan,nan,nan,65536.0,nan,nan,nan,65536.0
2026-09-09T22:08:00.000+08:00,327.4747009277344,9.568073272705078,12.5,19.161808013916016,0.18641580641269684,385.20001220703125,6.127999782562256,3.572999954223633,1963.800048828125,nan,nan,nan,65536.0,nan,nan,nan,65536.0,nan,nan,nan,65536.0
2026-09-09T22:09:00.000+08:00,330.7414855957031,9.592147827148438,12.541748046875,18.7528133392334,0.18994483351707458,384.8999938964844,6.120999813079834,3.565000057220459,1963.9000244140625,nan,nan,nan,65536.0,nan,nan,nan,65536.0,nan,nan,nan,65536.0
2026-09-09T22:10:00.000+08:00,332.4850769042969,9.533210754394531,12.548828125,18.618793487548828,0.1917954534292221,385.0,6.144999980926514,3.568000078201294,1964.0,nan,nan,nan,65536.0,nan,nan,nan,65536.0,nan,nan,nan,65536.0
2026-09-09T22:11:00.000+08:00,327.76043701171875,9.561702728271484,12.507080078125,19.222808837890625,0.18566486239433289,384.8999938964844,6.10699987411499,3.556999921798706,1964.0,nan,nan,nan,65536.0,nan,nan,nan,65536.0,nan,nan,nan,65536.0
2026-09-09T22:12:00.000+08:00,335.6029968261719,9.455379486083984,12.444580078125,20.197038650512695,0.17680808901786804,384.79998779296875,6.129000186920166,3.563999891281128,1964.0999755859375,nan,nan,nan,65536.0,nan,nan,nan,65536.0,nan,nan,nan,65536.0
2026-09-09T22:13:00.000+08:00,324.44598388671875,9.455379486083984,12.4375,18.89885902404785,0.18847699463367462,385.1000061035156,6.118000030517578,3.571000099182129,1964.0999755859375,nan,nan,nan,65536.0,nan,nan,nan,65536.0,nan,nan,nan,65536.0
2026-09-09T22:14:00.000+08:00,332.55682373046875,9.47397232055664,12.47265625,20.033300399780273,0.17795370519161224,385.20001220703125,6.125,3.561000108718872,1964.199951171875,nan,nan,nan,65536.0,nan,nan,nan,65536.0,nan,nan,nan,65536.0
2026-09-09T22:15:00.000+08:00,336.1978454589844,9.4747314453125,12.486328125,19.876413345336914,0.17875458300113678,385.3999938964844,6.120999813079834,3.568000078201294,1964.300048828125,nan,nan,nan,65536.0,nan,nan,nan,65536.0,nan,nan,nan,65536.0
2026-09-09T22:16:00.000+08:00,328.9459228515625,9.483409881591797,12.458251953125,19.48133087158203,0.1828417032957077,385.20001220703125,6.123000144958496,3.565999984741211,1964.300048828125,nan,nan,nan,65536.0,nan,nan,nan,65536.0,nan,nan,nan,65536.0
2026-09-09T22:17:00.000+08:00,317.8826904296875,9.468761444091797,12.4931640625,18.801179885864258,0.18998809158802032,385.20001220703125,6.118000030517578,3.563999891281128,1964.4000244140625,nan,nan,nan,65536.0,nan,nan,nan,65536.0,nan,nan,nan,65536.0
2026-09-09T22:18:00.000+08:00,318.92572021484375,9.492073059082031,12.472412109375,18.931737899780273,0.18846657872200012,385.5,6.123000144958496,3.563999891281128,1964.4000244140625,nan,nan,nan,65536.0,nan,nan,nan,65536.0,nan,nan,nan,65536.0
2026-09-09T22:19:00.000+08:00,330.7573547363281,9.484176635742188,12.444580078125,19.435976028442383,0.18352563679218292,385.6000061035156,6.163000106811523,3.5739998817443848,1964.5,nan,nan,nan,65536.0,nan,nan,nan,65536.0,nan,nan,nan,65536.0
2026-09-09T22:20:00.000+08:00,331.651611328125,9.447010040283203,12.5,19.384628295898438,0.184424489736557,385.79998779296875,6.179999828338623,3.5889999866485596,1964.5999755859375,nan,nan,nan,65536.0,nan,nan,nan,65536.0,nan,nan,nan,65536.0
2026-09-09T22:21:00.000+08:00,324.51934814453125,9.44989013671875,12.451416015625,19.296449661254883,0.18531906604766846,385.79998779296875,6.165999889373779,3.5840001106262207,1964.5999755859375,nan,nan,nan,65536.0,nan,nan,nan,65536.0,nan,nan,nan,65536.0
2026-09-09T22:22:00.000+08:00,324.01092529296875,9.460865020751953,12.4375,19.910531997680664,0.17955322563648224,385.29998779296875,6.159999847412109,3.571000099182129,1964.699951171875,nan,nan,nan,65536.0,nan,nan,nan,65536.0,nan,nan,nan,65536.0
2026-09-09T22:23:00.000+08:00,328.5491638183594,9.487041473388672,12.409912109375,19.470367431640625,0.1838691532611847,385.1000061035156,6.172999858856201,3.566999912261963,1964.699951171875,nan,nan,nan,65536.0,nan,nan,nan,65536.0,nan,nan,nan,65536.0
2026-09-09T22:24:00.000+08:00,324.0859375,9.447856903076172,12.472412109375,19.23744010925293,0.18604347109794617,385.20001220703125,6.166999816894531,3.572000026702881,1964.800048828125,nan,nan,nan,65536.0,nan,nan,nan,65536.0,nan,nan,nan,65536.0
2026-09-09T22:25:00.000+08:00,339.2277526855469,9.477619171142578,12.4306640625,20.0861759185791,0.17733590304851532,385.0,6.175000190734863,3.5769999027252197,1964.9000244140625,nan,nan,nan,65536.0,nan,nan,nan,65536.0,nan,nan,nan,65536.0
2026-09-09T22:26:00.000+08:00,334.12542724609375,9.488685607910156,12.4169921875,19.834941864013672,0.17973332107067108,385.20001220703125,6.1620001792907715,3.572000026702881,1964.9000244140625,nan,nan,nan,65536.0,nan,nan,nan,65536.0,nan,nan,nan,65536.0
2026-09-09T22:27:00.000+08:00,335.91815185546875,9.441490173339844,12.47265625,19.732269287109375,0.18286551535129547,385.29998779296875,6.172999858856201,3.575000047683716,1965.0,nan,nan,nan,65536.0,nan,nan,nan,65536.0,nan,nan,nan,65536.0
2026-09-09T22:28:00.000+08:00,328.0086975097656,9.515445709228516,12.46533203125,19.593902587890625,0.18184229731559753,385.3999938964844,6.142000198364258,3.565000057220459,1965.0,nan,nan,nan,65536.0,nan,nan,nan,65536.0,nan,nan,nan,65536.0
2026-09-09T22:29:00.000+08:00,327.1827697753906,9.439960479736328,12.45849609375,19.066495895385742,0.18734432756900787,385.1000061035156,6.150000095367432,3.572999954223633,1965.0999755859375,nan,nan,nan,65536.0,nan,nan,nan,65536.0,nan,nan,nan,65536.0
2026-09-09T22:30:00.000+08:00,332.99029541015625,9.485118865966797,12.388916015625,19.424285888671875,0.1837390661239624,385.29998779296875,6.171000003814697,3.575000047683716,1965.0999755859375,nan,nan,nan,65536.0,nan,nan,nan,65536.0,nan,nan,nan,65536.0
2026-09-09T22:31:00.000+08:00,323.9276123046875,9.40606689453125,12.416748046875,19.50320053100586,0.18309815227985382,385.8999938964844,6.171999931335449,3.5859999656677246,1965.199951171875,nan,nan,nan,65536.0,nan,nan,nan,65536.0,nan,nan,nan,65536.0
2026-09-09T22:32:00.000+08:00,335.6090087890625,9.408699035644531,12.229248046875,19.295997619628906,0.18501245975494385,385.70001220703125,6.171999931335449,3.5769999027252197,1965.300048828125,nan,nan,nan,65536.0,nan,nan,nan,65536.0,nan,nan,nan,65536.0
2026-09-09T22:33:00.000+08:00,351.0220947265625,9.413833618164062,12.1533203125,20.565082550048828,0.17422735691070557,386.1000061035156,6.181000232696533,3.5869998931884766,1965.300048828125,nan,nan,nan,65536.0,nan,nan,nan,65536.0,nan,nan,nan,65536.0
2026-09-09T22:34:00.000+08:00,367.26336669921875,9.326454162597656,12.2431640625,20.52667236328125,0.17469953000545502,385.8999938964844,6.181000232696533,3.5869998931884766,1965.4000244140625,nan,nan,nan,65536.0,nan,nan,nan,65536.0,nan,nan,nan,65536.0
2026-09-09T22:35:00.000+08:00,366.9600830078125,9.316165924072266,12.145751953125,20.2578067779541,0.17711690068244934,385.8999938964844,6.172999858856201,3.5829999446868896,1965.4000244140625,nan,nan,nan,65536.0,nan,nan,nan,65536.0,nan,nan,nan,65536.0
2026-09-09T22:36:00.000+08:00,374.5066223144531,9.412715911865234,12.173583984375,21.486371994018555,0.1666172295808792,386.29998779296875,6.159999847412109,3.5910000801086426,1965.5,nan,nan,nan,65536.0,nan,nan,nan,65536.0,nan,nan,nan,65536.0
2026-09-09T22:37:00.000+08:00,366.37799072265625,9.388580322265625,12.21533203125,20.39388656616211,0.17014069855213165,386.3999938964844,6.183000087738037,3.5969998836517334,1965.5999755859375,nan,nan,nan,65536.0,nan,nan,nan,65536.0,nan,nan,nan,65536.0
2026-09-09T22:38:00.000+08:00,366.6017761230469,9.323318481445312,12.132080078125,20.362695693969727,0.17664654552936554,386.29998779296875,6.179999828338623,3.5920000076293945,1965.5999755859375,nan,nan,nan,65536.0,nan,nan,nan,65536.0,nan,nan,nan,65536.0
2026-09-09T22:39:00.000+08:00,369.66668701171875,9.340248107910156,12.138916015625,20.625545501708984,0.17400752007961273,386.6000061035156,6.188000202178955,3.5950000286102295,1965.699951171875,nan,nan,nan,65536.0,nan,nan,nan,65536.0,nan,nan,nan,65536.0
2026-09-09T22:40:00.000+08:00,359.2438049316406,9.321571350097656,12.208251953125,20.11817741394043,0.17844559252262115,386.6000061035156,6.184999942779541,3.6010000705718994,1965.699951171875,nan,nan,nan,65536.0,nan,nan,nan,65536.0,nan,nan,nan,65536.0
2026-09-09T22:41:00.000+08:00,357.12225341796875,9.398357391357422,12.229248046875,19.987041473388672,0.18021675944328308,386.6000061035156,6.164000034332275,3.6059999465942383,1965.800048828125,nan,nan,nan,65536.0,nan,nan,nan,65536.0,nan,nan,nan,65536.0
2026-09-09T22:42:00.000+08:00,364.6653137207031,9.413028717041016,12.1875,20.30975914001465,0.1766638457775116,386.20001220703125,6.171000003814697,3.5959999561309814,1965.9000244140625,nan,nan,nan,65536.0,nan,nan,nan,65536.0,nan,nan,nan,65536.0
2026-09-09T22:43:00.000+08:00,355.7485656738281,9.405567169189453,12.138916015625,19.778709411621094,0.18241837620735168,386.6000061035156,6.179999828338623,3.6029999256134033,1965.9000244140625,nan,nan,nan,65536.0,nan,nan,nan,65536.0,nan,nan,nan,65536.0
2026-09-09T22:44:00.000+08:00,363.72393798828125,9.282432556152344,12.145751953125,20.065475463867188,0.17976149916648865,386.5,6.176000118255615,3.6050000190734863,1966.0,nan,nan,nan,65536.0,nan,nan,nan,65536.0,nan,nan,nan,65536.0
2026-09-09T22:45:00.000+08:00,363.2731018066406,9.283824920654297,12.1181640625,19.713077545166016,0.18251843750476837,386.5,6.177999973297119,3.6040000915527344,1966.0,nan,nan,nan,65536.0,nan,nan,nan,65536.0,nan,nan,nan,65536.0
2026-09-09T22:46:00.000+08:00,359.4158935546875,9.359626770019531,12.16015625,19.850284576416016,0.18140797317028046,386.70001220703125,6.176000118255615,3.6089999675750732,1966.0999755859375,nan,nan,nan,65536.0,nan,nan,nan,65536.0,nan,nan,nan,65536.0
2026-09-09T22:47:00.000+08:00,342.802978515625,9.253982543945312,12.2431640625,19.465517044067383,0.18535339832305908,386.79998779296875,6.178999900817871,3.6040000915527344,1966.199951171875,nan,nan,nan,65536.0,nan,nan,nan,65536.0,nan,nan,nan,65536.0
2026-09-09T22:48:00.000+08:00,352.2562255859375,9.165233612060547,12.09765625,19.522262573242188,0.18512198328971863,387.1000061035156,6.183000087738037,3.615000009536743,1966.199951171875,nan,nan,nan,65536.0,nan,nan,nan,65536.0,nan,nan,nan,65536.0
2026-09-09T22:49:00.000+08:00,349.56689453125,9.22884750366211,12.097412109375,19.753658294677734,0.18280157446861267,387.0,6.185999870300293,3.6089999675750732,1966.300048828125,nan,nan,nan,65536.0,nan,nan,nan,65536.0,nan,nan,nan,65536.0
2026-09-09T22:50:00.000+08:00,338.7715148925781,9.26626968383789,12.1669921875,19.778263092041016,0.18191687762737274,387.3999938964844,6.190999984741211,3.615999937057495,1966.300048828125,nan,nan,nan,65536.0,nan,nan,nan,65536.0,nan,nan,nan,65536.0
2026-09-09T22:51:00.000+08:00,352.8365783691406,9.258255004882812,12.097412109375,20.274755477905273,0.17815257608890533,387.5,6.199999809265137,3.621999979019165,1966.4000244140625,nan,nan,nan,65536.0,nan,nan,nan,65536.0,nan,nan,nan,65536.0
2026-09-09T22:52:00.000+08:00,357.4250183105469,9.299243927001953,12.0908203125,20.354429244995117,0.177602618932724,387.3999938964844,6.203999996185303,3.621999979019165,1966.5,nan,nan,nan,65536.0,nan,nan,nan,65536.0,nan,nan,nan,65536.0
2026-09-09T22:53:00.000+08:00,358.2938232421875,9.27197265625,12.0625,20.000598907470703,0.18119457364082336,387.29998779296875,6.203000068664551,3.61899995803833,1966.5,nan,nan,nan,65536.0,nan,nan,nan,65536.0,nan,nan,nan,65536.0
2026-09-09T22:54:00.000+08:00,364.2512512207031,9.27383041381836,12.076416015625,20.19698715209961,0.17933368682861328,387.29998779296875,6.204999923706055,3.61299991607666,1966.5999755859375,nan,nan,nan,65536.0,nan,nan,nan,65536.0,nan,nan,nan,65536.0
2026-09-09T22:55:00.000+08:00,360.3463439941406,9.290977478027344,12.076416015625,19.996776580810547,0.18092916905879974,387.29998779296875,6.216000080108643,3.622999906539917,1966.699951171875,nan,nan,nan,65536.0,nan,nan,nan,65536.0,nan,nan,nan,65536.0
2026-09-09T22:56:00.000+08:00,353.8908386230469,9.303569793701172,12.0625,19.6494140625,0.18463654816150665,387.1000061035156,6.210000038146973,3.61899995803833,1966.699951171875,nan,nan,nan,65536.0,nan,nan,nan,65536.0,nan,nan,nan,65536.0
2026-09-09T22:57:00.000+08:00,363.2354736328125,9.244678497314453,12.0,19.94879150390625,0.18151475489139557,387.1000061035156,6.206999778747559,3.614000082015991,1966.800048828125,nan,nan,nan,65536.0,nan,nan,nan,65536.0,nan,nan,nan,65536.0
2026-09-09T22:58:00.000+08:00,362.45343017578125,9.247520446777344,12.041748046875,20.14618682861328,0.17963697016239166,387.20001220703125,6.197999954223633,3.609999895095825,1966.800048828125,nan,nan,nan,65536.0,nan,nan,nan,65536.0,nan,nan,nan,65536.0
2026-09-09T22:59:00.000+08:00,352.865234375,9.201614379882812,12.0,20.424789428710938,0.1773335337638855,387.1000061035156,6.203999996185303,3.6110000610351562,1966.9000244140625,nan,nan,nan,65536.0,nan,nan,nan,65536.0,nan,nan,nan,65536.0
2026-09-09T23:00:00.000+08:00,358.8375244140625,9.201244354248047,12.0,20.049144744873047,0.18025706708431244,387.29998779296875,6.206999778747559,3.61899995803833,1966.9000244140625,nan,nan,nan,65536.0,nan,nan,nan,65536.0,nan,nan,nan,65536.0
2026-09-09T23:01:00.000+08:00,355.7931213378906,9.169273376464844,11.9931640625,20.034482955932617,0.17993976175785065,386.79998779296875,6.164000034332275,3.6050000190734863,1967.0,nan,nan,nan,65536.0,nan,nan,nan,65536.0,nan,nan,nan,65536.0
2026-09-09T23:02:00.000+08:00,350.65826416015625,9.220706939697266,11.8681640625,19.79547691345215,0.18221333622932434,386.79998779296875,6.179999828338623,3.5989999771118164,1967.0999755859375,nan,nan,nan,65536.0,nan,nan,nan,65536.0,nan,nan,nan,65536.0
2026-09-09T23:03:00.000+08:00,348.9964294433594,9.20626449584961,11.875,18.65380859375,0.19352616369724274,386.70001220703125,6.198999881744385,3.6070001125335693,1967.0999755859375,nan,nan,nan,65536.0,nan,nan,nan,65536.0,nan,nan,nan,65536.0
2026-09-09T23:04:00.000+08:00,360.7077331542969,9.17578125,11.8681640625,18.844593048095703,0.19103623926639557,386.6000061035156,6.184000015258789,3.6029999256134033,1967.199951171875,nan,nan,nan,65536.0,nan,nan,nan,65536.0,nan,nan,nan,65536.0
2026-09-09T23:05:00.000+08:00,371.4456787109375,9.073417663574219,11.8544921875,20.430112838745117,0.1766510009765625,386.6000061035156,6.193999767303467,3.615999937057495,1967.300048828125,nan,nan,nan,65536.0,nan,nan,nan,65536.0,nan,nan,nan,65536.0
2026-09-09T23:06:00.000+08:00,368.7071838378906,9.080940246582031,11.847412109375,19.265024185180664,0.18712668120861053,386.20001220703125,6.183000087738037,3.5929999351501465,1967.300048828125,nan,nan,nan,65536.0,nan,nan,nan,65536.0,nan,nan,nan,65536.0
2026-09-09T23:07:00.000+08:00,368.97747802734375,9.076629638671875,11.854248046875,20.315444946289062,0.1774512082338333,386.6000061035156,6.203999996185303,3.5999999046325684,1967.4000244140625,nan,nan,nan,65536.0,nan,nan,nan,65536.0,nan,nan,nan,65536.0
2026-09-09T23:08:00.000+08:00,358.45013427734375,9.038558959960938,11.861328125,19.651363372802734,0.18298983573913574,386.79998779296875,6.193999767303467,3.6080000400543213,1967.4000244140625,nan,nan,nan,65536.0,nan,nan,nan,65536.0,nan,nan,nan,65536.0
2026-09-09T23:09:00.000+08:00,353.8017578125,9.106468200683594,11.8681640625,19.29281234741211,0.1868571639060974,386.29998779296875,6.168000221252441,3.5959999561309814,1967.5,nan,nan,nan,65536.0,nan,nan,nan,65536.0,nan,nan,nan,65536.0
2026-09-09T23:10:00.000+08:00,362.2969665527344,9.087047576904297,11.923828125,20.178237915039062,0.1790047287940979,386.29998779296875,6.189000129699707,3.5959999561309814,1967.5,nan,nan,nan,65536.0,nan,nan,nan,65536.0,nan,nan,nan,65536.0
2026-09-09T23:11:00.000+08:00,337.0246276855469,9.039257049560547,11.89599609375,18.765586853027344,0.1916273683309555,386.1000061035156,6.189000129699707,3.5929999351501465,1967.5999755859375,nan,nan,nan,65536.0,nan,nan,nan,65536.0,nan,nan,nan,65536.0
2026-09-09T23:12:00.000+08:00,338.8829040527344,9.024898529052734,11.944580078125,19.670576095581055,0.18235358595848083,386.0,6.190999984741211,3.5940001010894775,1967.699951171875,nan,nan,nan,65536.0,nan,nan,nan,65536.0,nan,nan,nan,65536.0
2026-09-09T23:13:00.000+08:00,341.0032958984375,8.937946319580078,11.972412109375,19.321048736572266,0.18673934042453766,386.0,6.179999828338623,3.5899999141693115,1967.699951171875,nan,nan,nan,65536.0,nan,nan,nan,65536.0,nan,nan,nan,65536.0
2026-09-09T23:14:00.000+08:00,331.40264892578125,8.98291015625,11.9306640625,18.785032272338867,0.19110959768295288,386.0,6.188000202178955,3.5940001010894775,1967.800048828125,nan,nan,nan,65536.0,nan,nan,nan,65536.0,nan,nan,nan,65536.0
2026-09-09T23:15:00.000+08:00,336.5045166015625,8.939414978027344,11.923828125,20.31924819946289,0.1764829158782959,385.79998779296875,6.189000129699707,3.5880000591278076,1967.9000244140625,nan,nan,nan,65536.0,nan,nan,nan,65536.0,nan,nan,nan,65536.0
2026-09-09T23:16:00.000+08:00,335.0879821777344,8.99972152709961,11.923828125,19.491485595703125,0.18433690071105957,386.3999938964844,6.195000171661377,3.5959999561309814,1967.9000244140625,nan,nan,nan,65536.0,nan,nan,nan,65536.0,nan,nan,nan,65536.0
2026-09-09T23:17:00.000+08:00,325.1461181640625,8.977481842041016,11.9306640625,19.03337860107422,0.18809060752391815,386.8999938964844,6.195000171661377,3.6089999675750732,1968.0,nan,nan,nan,65536.0,nan,nan,nan,65536.0,nan,nan,nan,65536.0
2026-09-09T23:18:00.000+08:00,326.54840087890625,8.946586608886719,11.9375,19.073572158813477,0.1884806752204895,387.0,6.184999942779541,3.6080000400543213,1968.0,nan,nan,nan,65536.0,nan,nan,nan,65536.0,nan,nan,nan,65536.0
2026-09-09T23:19:00.000+08:00,332.69744873046875,8.94696044921875,11.986328125,19.764978408813477,0.182747483253479,386.6000061035156,6.203999996185303,3.614000082015991,1968.0999755859375,nan,nan,nan,65536.0,nan,nan,nan,65536.0,nan,nan,nan,65536.0
2026-09-09T23:20:00.000+08:00,324.8338928222656,8.941490173339844,12.0556640625,18.80936622619629,0.19192567467689514,386.6000061035156,6.184000015258789,3.6089999675750732,1968.0999755859375,nan,nan,nan,65536.0,nan,nan,nan,65536.0,nan,nan,nan,65536.0
2026-09-09T23:21:00.000+08:00,325.1045837402344,8.88800048828125,12.020751953125,19.559694290161133,0.18456321954727173,386.6000061035156,6.172999858856201,3.6059999465942383,1968.199951171875,nan,nan,nan,65536.0,nan,nan,nan,65536.0,nan,nan,nan,65536.0
2026-09-09T23:22:00.000+08:00,325.5054931640625,8.938232421875,12.083251953125,19.836196899414062,0.18229301273822784,386.70001220703125,6.173999786376953,3.5980000495910645,1968.300048828125,nan,nan,nan,65536.0,nan,nan,nan,65536.0,nan,nan,nan,65536.0
2026-09-09T23:23:00.000+08:00,318.35272216796875,8.875499725341797,12.097412109375,19.295516967773438,0.18683095276355743,386.79998779296875,6.188000202178955,3.611999988555908,1968.300048828125,nan,nan,nan,65536.0,nan,nan,nan,65536.0,nan,nan,nan,65536.0
2026-09-09T23:24:00.000+08:00,312.3464050292969,8.961174011230469,12.076416015625,18.786788940429688,0.1911981850862503,386.6000061035156,6.195000171661377,3.6029999256134033,1968.4000244140625,nan,nan,nan,65536.0,nan,nan,nan,65536.0,nan,nan,nan,65536.0
2026-09-09T23:25:00.000+08:00,311.6703796386719,8.90277099609375,12.076416015625,19.20485496520996,0.18781709671020508,387.20001220703125,6.211999893188477,3.615000009536743,1968.5,nan,nan,nan,65536.0,nan,nan,nan,65536.0,nan,nan,nan,65536.0
2026-09-09T23:26:00.000+08:00,307.38824462890625,8.891151428222656,12.097412109375,18.956209182739258,0.19028066098690033,387.1000061035156,6.223999977111816,3.614000082015991,1968.5,nan,nan,nan,65536.0,nan,nan,nan,65536.0,nan,nan,nan,65536.0
2026-09-09T23:27:00.000+08:00,300.22723388671875,8.889823913574219,12.0625,19.096506118774414,0.18898743391036987,387.0,6.204999923706055,3.6089999675750732,1968.5999755859375,nan,nan,nan,65536.0,nan,nan,nan,65536.0,nan,nan,nan,65536.0
2026-09-09T23:28:00.000+08:00,303.5216979980469,8.93325424194336,12.097412109375,19.323610305786133,0.1870768517255783,387.0,6.209000110626221,3.6050000190734863,1968.5999755859375,nan,nan,nan,65536.0,nan,nan,nan,65536.0,nan,nan,nan,65536.0
2026-09-09T23:29:00.000+08:00,309.29095458984375,8.936836242675781,12.138916015625,19.397186279296875,0.18616102635860443,386.5,6.363999843597412,3.5980000495910645,1968.699951171875,nan,nan,nan,65536.0,nan,nan,nan,65536.0,nan,nan,nan,65536.0
2026-09-09T23:30:00.000+08:00,309.5363464355469,8.89297103881836,12.138916015625,19.290771484375,0.18729162216186523,386.70001220703125,6.369999885559082,3.6070001125335693,1968.800048828125,nan,nan,nan,65536.0,nan,nan,nan,65536.0,nan,nan,nan,65536.0
2026-09-09T23:31:00.000+08:00,299.4356689453125,8.87582778930664,12.173828125,18.727596282958984,0.19255006313323975,386.3999938964844,6.35699987411499,3.5950000286102295,1968.800048828125,nan,nan,nan,65536.0,nan,nan,nan,65536.0,nan,nan,nan,65536.0
2026-09-09T23:32:00.000+08:00,296.517578125,8.87722396850586,12.041748046875,19.105310440063477,0.1885339617729187,386.5,6.376999855041504,3.6050000190734863,1968.9000244140625,nan,nan,nan,65536.0,nan,nan,nan,65536.0,nan,nan,nan,65536.0
2026-09-09T23:33:00.000+08:00,306.90521240234375,8.883255004882812,12.076416015625,19.738906860351562,0.18202629685401917,386.8999938964844,6.215000152587891,3.6059999465942383,1968.9000244140625,nan,nan,nan,65536.0,nan,nan,nan,65536.0,nan,nan,nan,65536.0
2026-09-09T23:34:00.000+08:00,308.54949951171875,8.874385833740234,12.069580078125,19.238332748413086,0.18717838823795319,386.70001220703125,6.215000152587891,3.6019999980926514,1969.0,nan,nan,nan,65536.0,nan,nan,nan,65536.0,nan,nan,nan,65536.0
2026-09-09T23:35:00.000+08:00,302.7236328125,9.00082778930664,12.14599609375,19.224111557006836,0.18788905441761017,387.0,6.208000183105469,3.6019999980926514,1969.0999755859375,nan,nan,nan,65536.0,nan,nan,nan,65536.0,nan,nan,nan,65536.0
2026-09-09T23:36:00.000+08:00,300.1628112792969,9.009445190429688,12.2431640625,19.14164161682129,0.188123881816864,386.8999938964844,6.196000099182129,3.6040000915527344,1969.0999755859375,nan,nan,nan,65536.0,nan,nan,nan,65536.0,nan,nan,nan,65536.0
2026-09-09T23:37:00.000+08:00,307.42852783203125,8.910682678222656,12.097412109375,18.61066246032715,0.1936524212360382,385.29998779296875,6.185999870300293,3.569999933242798,1969.199951171875,nan,nan,nan,65536.0,nan,nan,nan,65536.0,nan,nan,nan,65536.0
2026-09-09T23:38:00.000+08:00,314.6484680175781,9.033390045166016,12.173828125,19.347566604614258,0.1863800287246704,385.6000061035156,6.189000129699707,3.572000026702881,1969.199951171875,nan,nan,nan,65536.0,nan,nan,nan,65536.0,nan,nan,nan,65536.0
2026-09-09T23:39:00.000+08:00,309.6438293457031,9.038833618164062,12.173583984375,18.957759857177734,0.1903706043958664,385.79998779296875,6.193999767303467,3.5799999237060547,1969.300048828125,nan,nan,nan,65536.0,nan,nan,nan,65536.0,nan,nan,nan,65536.0
2026-09-09T23:40:00.000+08:00,307.2575378417969,9.106365203857422,12.222412109375,19.052799224853516,0.1877414435148239,385.5,6.176000118255615,3.569000005722046,1969.4000244140625,nan,nan,nan,65536.0,nan,nan,nan,65536.0,nan,nan,nan,65536.0
2026-09-09T23:41:00.000+08:00,306.8826599121094,9.032386779785156,12.2431640625,19.08952522277832,0.18722309172153473,385.29998779296875,6.177999973297119,3.566999912261963,1969.4000244140625,nan,nan,nan,65536.0,nan,nan,nan,65536.0,nan,nan,nan,65536.0
2026-09-09T23:42:00.000+08:00,305.8182067871094,9.10678482055664,12.145751953125,18.85015106201172,0.18922924995422363,385.0,6.196000099182129,3.565999984741211,1969.5,nan,nan,nan,65536.0,nan,nan,nan,65536.0,nan,nan,nan,65536.0
2026-09-09T23:43:00.000+08:00,308.7238464355469,9.079513549804688,12.138916015625,19.735393524169922,0.18089327216148376,384.79998779296875,6.190999984741211,3.568000078201294,1969.5,nan,nan,nan,65536.0,nan,nan,nan,65536.0,nan,nan,nan,65536.0
2026-09-09T23:44:00.000+08:00,305.8227233886719,9.109821319580078,12.173828125,18.78017807006836,0.19009403884410858,385.0,6.183000087738037,3.569000005722046,1969.5999755859375,nan,nan,nan,65536.0,nan,nan,nan,65536.0,nan,nan,nan,65536.0
2026-09-09T23:45:00.000+08:00,318.3117980957031,9.034133911132812,12.173828125,19.518686294555664,0.18433083593845367,384.8999938964844,6.178999900817871,3.565999984741211,1969.5999755859375,nan,nan,nan,65536.0,nan,nan,nan,65536.0,nan,nan,nan,65536.0
2026-09-09T23:46:00.000+08:00,301.265625,8.930057525634766,12.09033203125,18.41297721862793,0.19399361312389374,386.70001220703125,6.215000152587891,3.6110000610351562,1969.699951171875,nan,nan,nan,65536.0,nan,nan,nan,65536.0,nan,nan,nan,65536.0
2026-09-09T23:47:00.000+08:00,306.6474304199219,8.9921875,12.104248046875,18.77050018310547,0.19024531543254852,386.79998779296875,6.223999977111816,3.6019999980926514,1969.800048828125,nan,nan,nan,65536.0,nan,nan,nan,65536.0,nan,nan,nan,65536.0
2026-09-09T23:48:00.000+08:00,302.8402099609375,9.028865814208984,12.132080078125,19.60733413696289,0.18385976552963257,386.8999938964844,6.2179999351501465,3.6110000610351562,1969.800048828125,nan,nan,nan,65536.0,nan,nan,nan,65536.0,nan,nan,nan,65536.0
2026-09-09T23:49:00.000+08:00,304.9685363769531,9.066482543945312,12.236083984375,18.62609100341797,0.1937604695558548,386.8999938964844,6.2179999351501465,3.61299991607666,1969.9000244140625,nan,nan,nan,65536.0,nan,nan,nan,65536.0,nan,nan,nan,65536.0
2026-09-09T23:50:00.000+08:00,304.7728271484375,9.121845245361328,12.159912109375,18.571208953857422,0.1943330615758896,386.79998779296875,6.215000152587891,3.609999895095825,1969.9000244140625,nan,nan,nan,65536.0,nan,nan,nan,65536.0,nan,nan,nan,65536.0
2026-09-09T23:51:00.000+08:00,302.46173095703125,9.113189697265625,12.132080078125,18.778398513793945,0.19266818463802338,387.29998779296875,6.211999893188477,3.614000082015991,1970.0,nan,nan,nan,65536.0,nan,nan,nan,65536.0,nan,nan,nan,65536.0
2026-09-09T23:52:00.000+08:00,308.8995361328125,9.134071350097656,12.194580078125,18.773897171020508,0.19255457818508148,387.20001220703125,6.209000110626221,3.609999895095825,1970.0999755859375,nan,nan,nan,65536.0,nan,nan,nan,65536.0,nan,nan,nan,65536.0
2026-09-09T23:53:00.000+08:00,307.70330810546875,9.123706817626953,12.132080078125,18.679372787475586,0.19347544014453888,387.0,6.2179999351501465,3.609999895095825,1970.0999755859375,nan,nan,nan,65536.0,nan,nan,nan,65536.0,nan,nan,nan,65536.0
2026-09-09T23:54:00.000+08:00,309.39617919921875,9.028446197509766,12.2158203125,19.003061294555664,0.19064466655254364,386.79998779296875,6.203999996185303,3.61299991607666,1970.199951171875,nan,nan,nan,65536.0,nan,nan,nan,65536.0,nan,nan,nan,65536.0
2026-09-09T23:55:00.000+08:00,303.14306640625,8.95547103881836,12.15283203125,18.527631759643555,0.19468219578266144,387.0,6.218999862670898,3.61299991607666,1970.199951171875,nan,nan,nan,65536.0,nan,nan,nan,65536.0,nan,nan,nan,65536.0
2026-09-09T23:56:00.000+08:00,313.3133850097656,9.082290649414062,12.2158203125,19.993711471557617,0.18050676584243774,387.0,6.215000152587891,3.6080000400543213,1970.300048828125,nan,nan,nan,65536.0,nan,nan,nan,65536.0,nan,nan,nan,65536.0
2026-09-09T23:57:00.000+08:00,305.16864013671875,9.120281219482422,12.22265625,18.687671661376953,0.19338952004909515,387.79998779296875,6.2179999351501465,3.621999979019165,1970.4000244140625,nan,nan,nan,65536.0,nan,nan,nan,65536.0,nan,nan,nan,65536.0
2026-09-09T23:58:00.000+08:00,295.9256286621094,8.961246490478516,12.2431640625,18.39090347290039,0.1960751861333847,387.3999938964844,6.22599983215332,3.617000102996826,1970.4000244140625,nan,nan,nan,65536.0,nan,nan,nan,65536.0,nan,nan,nan,65536.0
2026-09-09T23:59:00.000+08:00,304.87640380859375,9.04034423828125,12.1806640625,18.742372512817383,0.19330531358718872,387.1000061035156,6.199999809265137,3.6089999675750732,1970.5,nan,nan,nan,65536.0,nan,nan,nan,65536.0,nan,nan,nan,65536.0
