timestamp,門診大樓_AH_2_2冰水流量,門診大樓_AH_2_2溫度1,門診大樓_AH_2_2溫度2,門診大樓_AH_2_2冷凍頓,門診大樓_AH_2_2冰水效率,門診大樓_AH_2_2電壓平均,門診大樓_AH_2_2電流平均,門診大樓_AH_2_2輸出功率,門診大樓_AH_2_2輸出功率千瓦時,門診大樓_AH_2_2_1 EC_FAN直流電壓,門診大樓_AH_2_2_1 EC_FAN直流電流,門診大樓_AH_2_2_1 EC_FAN有效功率,門診大樓_AH_2_2_1 EC_FAN輸出功率千瓦時,門診大樓_AH_2_2_2 EC_FAN直流電壓,門診大樓_AH_2_2_2 EC_FAN直流電流,門診大樓_AH_2_2_2 EC_FAN有效功率,門診大樓_AH_2_2_2 EC_FAN輸出功率千瓦時
2026-09-11T00:00:00.000+08:00,0.0,11.659080505371094,10.611328125,0.0,nan,382.6000061035156,0.0,0.0,1271.9000244140625,nan,nan,nan,65536.0,nan,nan,nan,65536.0
2026-09-11T00:01:00.000+08:00,0.0,11.655437469482422,10.5625,0.0,nan,382.79998779296875,0.0,0.0,1271.9000244140625,nan,nan,nan,65536.0,nan,nan,nan,65536.0
2026-09-11T00:02:00.000+08:00,0.0,11.666675567626953,10.611328125,0.0,nan,382.8999938964844,0.0,0.0,1271.9000244140625,nan,nan,nan,65536.0,nan,nan,nan,65536.0
2026-09-11T00:03:00.000+08:00,0.0,11.632965087890625,10.6806640625,0.0,nan,382.79998779296875,0.0,0.0,1271.9000244140625,nan,nan,nan,65536.0,nan,nan,nan,65536.0
2026-09-11T00:04:00.000+08:00,0.0,11.63494873046875,10.6533203125,0.0,nan,382.79998779296875,0.0,0.0,1271.9000244140625,nan,nan,nan,65536.0,nan,nan,nan,65536.0
2026-09-11T00:05:00.000+08:00,0.0,11.714012145996094,10.64599609375,0.0,nan,382.70001220703125,0.0,0.0,1271.9000244140625,nan,nan,nan,65536.0,nan,nan,nan,65536.0
2026-09-11T00:06:00.000+08:00,0.0,11.730541229248047,10.6669921875,0.0,nan,382.8999938964844,0.0,0.0,1271.9000244140625,nan,nan,nan,65536.0,nan,nan,nan,65536.0
2026-09-11T00:07:00.000+08:00,0.0,11.726898193359375,10.6806640625,0.0,nan,382.3999938964844,0.0,0.0,1271.9000244140625,nan,nan,nan,65536.0,nan,nan,nan,65536.0
2026-09-11T00:08:00.000+08:00,0.0,11.72723388671875,10.66015625,0.0,nan,382.70001220703125,0.0,0.0,1271.9000244140625,nan,nan,nan,65536.0,nan,nan,nan,65536.0
2026-09-11T00:09:00.000+08:00,0.0,11.726570129394531,10.659912109375,0.0,nan,382.29998779296875,0.0,0.0,1271.9000244140625,nan,nan,nan,65536.0,nan,nan,nan,65536.0
2026-09-11T00:10:00.000+08:00,0.0,11.696186065673828,10.7431640625,0.0,nan,383.0,0.0,0.0,1271.9000244140625,nan,nan,nan,65536.0,nan,nan,nan,65536.0
2026-09-11T00:11:00.000+08:00,0.0,11.754711151123047,10.7431640625,0.0,nan,382.3999938964844,0.0,0.0,1271.9000244140625,nan,nan,nan,65536.0,nan,nan,nan,65536.0
2026-09-11T00:12:00.000+08:00,0.0,11.768280029296875,10.6875,0.0,nan,382.6000061035156,0.0,0.0,1271.9000244140625,nan,nan,nan,65536.0,nan,nan,nan,65536.0
2026-09-11T00:13:00.000+08:00,0.0,11.806999206542969,10.722412109375,0.0,nan,382.6000061035156,0.0,0.0,1271.9000244140625,nan,nan,nan,65536.0,nan,nan,nan,65536.0
2026-09-11T00:14:00.000+08:00,0.0,11.802021026611328,10.7294921875,0.0,nan,382.5,0.0,0.0,1271.9000244140625,nan,nan,nan,65536.0,nan,nan,nan,65536.0
2026-09-11T00:15:00.000+08:00,0.0,11.7874755859375,10.7431640625,0.0,nan,382.3999938964844,0.0,0.0,1271.9000244140625,nan,nan,nan,65536.0,nan,nan,nan,65536.0
2026-09-11T00:16:00.000+08:00,0.0,11.801361083984375,10.694580078125,0.0,nan,382.70001220703125,0.0,0.0,1271.9000244140625,nan,nan,nan,65536.0,nan,nan,nan,65536.0
2026-09-11T00:17:00.000+08:00,0.0,11.764686584472656,10.784912109375,0.0,nan,382.1000061035156,0.0,0.0,1271.9000244140625,nan,nan,nan,65536.0,nan,nan,nan,65536.0
2026-09-11T00:18:00.000+08:00,0.0,11.826858520507812,10.798828125,0.0,nan,383.20001220703125,0.0,0.0,1271.9000244140625,nan,nan,nan,65536.0,nan,nan,nan,65536.0
2026-09-11T00:19:00.000+08:00,0.0,11.82387924194336,10.757080078125,0.0,nan,382.3999938964844,0.0,0.0,1271.9000244140625,nan,nan,nan,65536.0,nan,nan,nan,65536.0
2026-09-11T00:20:00.000+08:00,0.0,11.862926483154297,10.798583984375,0.0,nan,383.0,0.0,0.0,1271.9000244140625,nan,nan,nan,65536.0,nan,nan,nan,65536.0
2026-09-11T00:21:00.000+08:00,0.0,11.850337982177734,10.798828125,0.0,nan,382.8999938964844,0.0,0.0,1271.9000244140625,nan,nan,nan,65536.0,nan,nan,nan,65536.0
2026-09-11T00:22:00.000+08:00,0.0,11.867568969726562,10.784912109375,0.0,nan,382.70001220703125,0.0,0.0,1271.9000244140625,nan,nan,nan,65536.0,nan,nan,nan,65536.0
2026-09-11T00:23:00.000+08:00,0.0,11.826557159423828,10.819580078125,0.0,nan,383.1000061035156,0.0,0.0,1271.9000244140625,nan,nan,nan,65536.0,nan,nan,nan,65536.0
2026-09-11T00:24:00.000+08:00,0.0,11.82162094116211,10.8681640625,0.0,nan,383.1000061035156,0.0,0.0,1271.9000244140625,nan,nan,nan,65536.0,nan,nan,nan,65536.0
2026-09-11T00:25:00.000+08:00,0.0,11.82162094116211,10.847412109375,0.0,nan,383.29998779296875,0.0,0.0,1271.9000244140625,nan,nan,nan,65536.0,nan,nan,nan,65536.0
2026-09-11T00:26:00.000+08:00,0.0,11.882453918457031,10.84765625,0.0,nan,383.0,0.0,0.0,1271.9000244140625,nan,nan,nan,65536.0,nan,nan,nan,65536.0
2026-09-11T00:27:00.000+08:00,0.0,11.905933380126953,10.8125,0.0,nan,383.6000061035156,0.0,0.0,1271.9000244140625,nan,nan,nan,65536.0,nan,nan,nan,65536.0
2026-09-11T00:28:00.000+08:00,0.0,11.923774719238281,10.8544921875,0.0,nan,383.3999938964844,0.0,0.0,1271.9000244140625,nan,nan,nan,65536.0,nan,nan,nan,65536.0
2026-09-11T00:29:00.000+08:00,0.0,11.915904998779297,10.861328125,0.0,nan,383.20001220703125,0.0,0.0,1271.9000244140625,nan,nan,nan,65536.0,nan,nan,nan,65536.0
2026-09-11T00:30:00.000+08:00,0.0,11.921150207519531,10.8125,0.0,nan,383.5,0.0,0.0,1271.9000244140625,nan,nan,nan,65536.0,nan,nan,nan,65536.0
2026-09-11T00:31:00.000+08:00,0.0,11.998592376708984,10.84765625,0.0,nan,383.6000061035156,0.0,0.0,1271.9000244140625,nan,nan,nan,65536.0,nan,nan,nan,65536.0
2026-09-11T00:32:00.000+08:00,0.0,11.975730895996094,10.875,0.0,nan,383.20001220703125,0.0,0.0,1271.9000244140625,nan,nan,nan,65536.0,nan,nan,nan,65536.0
2026-09-11T00:33:00.000+08:00,0.0,11.96551513671875,10.923828125,0.0,nan,383.20001220703125,0.0,0.0,1271.9000244140625,nan,nan,nan,65536.0,nan,nan,nan,65536.0
2026-09-11T00:34:00.000+08:00,0.0,11.976734161376953,10.875,0.0,nan,383.20001220703125,0.0,0.0,1271.9000244140625,nan,nan,nan,65536.0,nan,nan,nan,65536.0
2026-09-11T00:35:00.000+08:00,0.0,11.989322662353516,10.909912109375,0.0,nan,383.0,0.0,0.0,1271.9000244140625,nan,nan,nan,65536.0,nan,nan,nan,65536.0
2026-09-11T00:36:00.000+08:00,0.0,12.021442413330078,10.972412109375,0.0,nan,383.1000061035156,0.0,0.0,1271.9000244140625,nan,nan,nan,65536.0,nan,nan,nan,65536.0
2026-09-11T00:37:00.000+08:00,0.0,12.024402618408203,10.972412109375,0.0,nan,383.6000061035156,0.0,0.0,1271.9000244140625,nan,nan,nan,65536.0,nan,nan,nan,65536.0
2026-09-11T00:38:00.000+08:00,0.0,12.031314849853516,10.986328125,0.0,nan,383.3999938964844,0.0,0.0,1271.9000244140625,nan,nan,nan,65536.0,nan,nan,nan,65536.0
2026-09-11T00:39:00.000+08:00,0.0,12.029727935791016,10.9794921875,0.0,nan,382.8999938964844,0.0,0.0,1271.9000244140625,nan,nan,nan,65536.0,nan,nan,nan,65536.0
2026-09-11T00:40:00.000+08:00,0.0,12.056167602539062,10.9931640625,0.0,nan,383.6000061035156,0.0,0.0,1271.9000244140625,nan,nan,nan,65536.0,nan,nan,nan,65536.0
2026-09-11T00:41:00.000+08:00,0.0,12.047199249267578,10.986083984375,0.0,nan,383.70001220703125,0.0,0.0,1271.9000244140625,nan,nan,nan,65536.0,nan,nan,nan,65536.0
2026-09-11T00:42:00.000+08:00,0.0,12.113319396972656,10.944580078125,0.0,nan,383.5,0.0,0.0,1271.9000244140625,nan,nan,nan,65536.0,nan,nan,nan,65536.0
2026-09-11T00:43:00.000+08:00,0.0,12.073070526123047,11.007080078125,0.0,nan,383.6000061035156,0.0,0.0,1271.9000244140625,nan,nan,nan,65536.0,nan,nan,nan,65536.0
2026-09-11T00:44:00.000+08:00,0.0,12.111068725585938,10.986328125,0.0,nan,383.70001220703125,0.0,0.0,1271.9000244140625,nan,nan,nan,65536.0,nan,nan,nan,65536.0
2026-09-11T00:45:00.000+08:00,0.0,12.095531463623047,11.03515625,0.0,nan,383.6000061035156,0.0,0.0,1271.9000244140625,nan,nan,nan,65536.0,nan,nan,nan,65536.0
2026-09-11T00:46:00.000+08:00,0.0,12.07965087890625,11.048828125,0.0,nan,383.79998779296875,0.0,0.0,1271.9000244140625,nan,nan,nan,65536.0,nan,nan,nan,65536.0
2026-09-11T00:47:00.000+08:00,0.0,12.0899658203125,11.0,0.0,nan,383.1000061035156,0.0,0.0,1271.9000244140625,nan,nan,nan,65536.0,nan,nan,nan,65536.0
2026-09-11T00:48:00.000+08:00,0.0,12.089302062988281,11.0419921875,0.0,nan,383.6000061035156,0.0,0.0,1271.9000244140625,nan,nan,nan,65536.0,nan,nan,nan,65536.0
2026-09-11T00:49:00.000+08:00,0.0,12.171638488769531,11.048828125,0.0,nan,383.6000061035156,0.0,0.0,1271.9000244140625,nan,nan,nan,65536.0,nan,nan,nan,65536.0
2026-09-11T00:50:00.000+08:00,0.0,12.132644653320312,11.076416015625,0.0,nan,383.3999938964844,0.0,0.0,1271.9000244140625,nan,nan,nan,65536.0,nan,nan,nan,65536.0
2026-09-11T00:51:00.000+08:00,0.0,12.124008178710938,11.048828125,0.0,nan,383.79998779296875,0.0,0.0,1271.9000244140625,nan,nan,nan,65536.0,nan,nan,nan,65536.0
2026-09-11T00:52:00.000+08:00,0.0,12.156455993652344,11.083251953125,0.0,nan,383.6000061035156,0.0,0.0,1271.9000244140625,nan,nan,nan,65536.0,nan,nan,nan,65536.0
2026-09-11T00:53:00.000+08:00,0.0,12.16666030883789,11.111328125,0.0,nan,383.6000061035156,0.0,0.0,1271.9000244140625,nan,nan,nan,65536.0,nan,nan,nan,65536.0
2026-09-11T00:54:00.000+08:00,0.0,12.155769348144531,11.0908203125,0.0,nan,384.29998779296875,0.0,0.0,1271.9000244140625,nan,nan,nan,65536.0,nan,nan,nan,65536.0
2026-09-11T00:55:00.000+08:00,0.0,12.237442016601562,11.0625,0.0,nan,383.6000061035156,0.0,0.0,1271.9000244140625,nan,nan,nan,65536.0,nan,nan,nan,65536.0
2026-09-11T00:56:00.000+08:00,0.0,12.239498138427734,11.104248046875,0.0,nan,384.0,0.0,0.0,1271.9000244140625,nan,nan,nan,65536.0,nan,nan,nan,65536.0
2026-09-11T00:57:00.000+08:00,0.0,12.17667007446289,11.0625,0.0,nan,383.70001220703125,0.0,0.0,1271.9000244140625,nan,nan,nan,65536.0,nan,nan,nan,65536.0
2026-09-11T00:58:00.000+08:00,nan,12.189613342285156,11.1181640625,nan,nan,383.70001220703125,0.0,0.0,1271.9000244140625,nan,nan,nan,65536.0,nan,nan,nan,65536.0
2026-09-11T00:59:00.000+08:00,0.0,12.191513061523438,11.16015625,0.0,nan,383.5,0.0,0.0,1271.9000244140625,nan,nan,nan,65536.0,nan,nan,nan,65536.0
2026-09-11T01:00:00.000+08:00,0.0,12.201187133789062,11.15283203125,0.0,nan,383.79998779296875,0.0,0.0,1271.9000244140625,nan,nan,nan,65536.0,nan,nan,nan,65536.0
2026-09-11T01:01:00.000+08:00,0.0,12.288711547851562,11.132080078125,0.0,nan,383.8999938964844,0.0,0.0,1271.9000244140625,nan,nan,nan,65536.0,nan,nan,nan,65536.0
2026-09-11T01:02:00.000+08:00,0.0,12.30996322631836,11.236328125,0.0,nan,383.6000061035156,0.0,0.0,1271.9000244140625,nan,nan,nan,65536.0,nan,nan,nan,65536.0
2026-09-11T01:03:00.000+08:00,0.0,12.237613677978516,11.132080078125,0.0,nan,383.70001220703125,0.0,0.0,1271.9000244140625,nan,nan,nan,65536.0,nan,nan,nan,65536.0
2026-09-11T01:04:00.000+08:00,0.0,12.305126190185547,11.229248046875,0.0,nan,383.79998779296875,0.0,0.0,1271.9000244140625,nan,nan,nan,65536.0,nan,nan,nan,65536.0
2026-09-11T01:05:00.000+08:00,0.0,12.309257507324219,11.173828125,0.0,nan,383.8999938964844,0.0,0.0,1271.9000244140625,nan,nan,nan,65536.0,nan,nan,nan,65536.0
2026-09-11T01:06:00.000+08:00,0.0,12.267650604248047,11.194580078125,0.0,nan,383.8999938964844,0.0,0.0,1271.9000244140625,nan,nan,nan,65536.0,nan,nan,nan,65536.0
2026-09-11T01:07:00.000+08:00,0.0,12.334815979003906,11.22265625,0.0,nan,384.1000061035156,0.0,0.0,1271.9000244140625,nan,nan,nan,65536.0,nan,nan,nan,65536.0
2026-09-11T01:08:00.000+08:00,0.0,12.35690689086914,11.236328125,0.0,nan,384.0,0.0,0.0,1271.9000244140625,nan,nan,nan,65536.0,nan,nan,nan,65536.0
2026-09-11T01:09:00.000+08:00,0.0,12.36227035522461,11.2158203125,0.0,nan,383.79998779296875,0.0,0.0,1271.9000244140625,nan,nan,nan,65536.0,nan,nan,nan,65536.0
2026-09-11T01:10:00.000+08:00,0.0,12.32583999633789,11.25,0.0,nan,384.0,0.0,0.0,1271.9000244140625,nan,nan,nan,65536.0,nan,nan,nan,65536.0
2026-09-11T01:11:00.000+08:00,0.0,12.37314224243164,11.2431640625,0.0,nan,383.79998779296875,0.0,0.0,1271.9000244140625,nan,nan,nan,65536.0,nan,nan,nan,65536.0
2026-09-11T01:12:00.000+08:00,0.0,12.374198913574219,11.236328125,0.0,nan,383.79998779296875,0.0,0.0,1271.9000244140625,nan,nan,nan,65536.0,nan,nan,nan,65536.0
2026-09-11T01:13:00.000+08:00,0.0,12.334476470947266,11.3056640625,0.0,nan,384.3999938964844,0.0,0.0,1271.9000244140625,nan,nan,nan,65536.0,nan,nan,nan,65536.0
2026-09-11T01:14:00.000+08:00,0.0,12.403732299804688,11.298828125,0.0,nan,384.5,0.0,0.0,1271.9000244140625,nan,nan,nan,65536.0,nan,nan,nan,65536.0
2026-09-11T01:15:00.000+08:00,0.0,12.411449432373047,11.25,0.0,nan,384.29998779296875,0.0,0.0,1271.9000244140625,nan,nan,nan,65536.0,nan,nan,nan,65536.0
2026-09-11T01:16:00.000+08:00,0.0,12.425472259521484,11.298828125,0.0,nan,384.1000061035156,0.0,0.0,1271.9000244140625,nan,nan,nan,65536.0,nan,nan,nan,65536.0
2026-09-11T01:17:00.000+08:00,0.0,12.411449432373047,11.27783203125,0.0,nan,384.29998779296875,0.0,0.0,1271.9000244140625,nan,nan,nan,65536.0,nan,nan,nan,65536.0
2026-09-11T01:18:00.000+08:00,0.0,12.381416320800781,11.326416015625,0.0,nan,383.29998779296875,0.0,0.0,1271.9000244140625,nan,nan,nan,65536.0,nan,nan,nan,65536.0
2026-09-11T01:19:00.000+08:00,0.0,12.45431900024414,11.3544921875,0.0,nan,383.8999938964844,0.0,0.0,1271.9000244140625,nan,nan,nan,65536.0,nan,nan,nan,65536.0
2026-09-11T01:20:00.000+08:00,0.0,12.459796905517578,11.361328125,0.0,nan,383.8999938964844,0.0,0.0,1271.9000244140625,nan,nan,nan,65536.0,nan,nan,nan,65536.0
2026-09-11T01:21:00.000+08:00,0.0,12.467750549316406,11.354248046875,0.0,nan,383.8999938964844,0.0,0.0,1271.9000244140625,nan,nan,nan,65536.0,nan,nan,nan,65536.0
2026-09-11T01:22:00.000+08:00,0.0,12.48537826538086,11.33349609375,0.0,nan,384.29998779296875,0.0,0.0,1271.9000244140625,nan,nan,nan,65536.0,nan,nan,nan,65536.0
2026-09-11T01:23:00.000+08:00,0.0,12.46914291381836,11.361328125,0.0,nan,384.1000061035156,0.0,0.0,1271.9000244140625,nan,nan,nan,65536.0,nan,nan,nan,65536.0
2026-09-11T01:24:00.000+08:00,0.0,12.493682861328125,11.34765625,0.0,nan,383.8999938964844,0.0,0.0,1271.9000244140625,nan,nan,nan,65536.0,nan,nan,nan,65536.0
2026-09-11T01:25:00.000+08:00,0.0,12.50057601928711,11.375,0.0,nan,383.8999938964844,0.0,0.0,1271.9000244140625,nan,nan,nan,65536.0,nan,nan,nan,65536.0
2026-09-11T01:26:00.000+08:00,0.0,12.516105651855469,11.41015625,0.0,nan,383.79998779296875,0.0,0.0,1271.9000244140625,nan,nan,nan,65536.0,nan,nan,nan,65536.0
2026-09-11T01:27:00.000+08:00,0.0,12.532695770263672,11.423828125,0.0,nan,384.20001220703125,0.0,0.0,1271.9000244140625,nan,nan,nan,65536.0,nan,nan,nan,65536.0
2026-09-11T01:28:00.000+08:00,0.0,12.52871322631836,11.375,0.0,nan,384.1000061035156,0.0,0.0,1271.9000244140625,nan,nan,nan,65536.0,nan,nan,nan,65536.0
2026-09-11T01:29:00.000+08:00,0.0,12.559776306152344,11.375,0.0,nan,384.6000061035156,0.0,0.0,1271.9000244140625,nan,nan,nan,65536.0,nan,nan,nan,65536.0
2026-09-11T01:30:00.000+08:00,0.0,12.537376403808594,11.423828125,0.0,nan,384.3999938964844,0.0,0.0,1271.9000244140625,nan,nan,nan,65536.0,nan,nan,nan,65536.0
2026-09-11T01:31:00.000+08:00,0.0,12.574954986572266,11.4931640625,0.0,nan,384.29998779296875,0.0,0.0,1271.9000244140625,nan,nan,nan,65536.0,nan,nan,nan,65536.0
2026-09-11T01:32:00.000+08:00,0.0,12.574954986572266,11.486328125,0.0,nan,384.29998779296875,0.0,0.0,1271.9000244140625,nan,nan,nan,65536.0,nan,nan,nan,65536.0
2026-09-11T01:33:00.000+08:00,0.0,12.577796936035156,11.4794921875,0.0,nan,384.1000061035156,0.0,0.0,1271.9000244140625,nan,nan,nan,65536.0,nan,nan,nan,65536.0
2026-09-11T01:34:00.000+08:00,0.0,12.606365203857422,11.486328125,0.0,nan,384.0,0.0,0.0,1271.9000244140625,nan,nan,nan,65536.0,nan,nan,nan,65536.0
2026-09-11T01:35:00.000+08:00,0.0,12.580696105957031,11.4794921875,0.0,nan,384.0,0.0,0.0,1271.9000244140625,nan,nan,nan,65536.0,nan,nan,nan,65536.0
2026-09-11T01:36:00.000+08:00,0.0,12.61175537109375,11.4931640625,0.0,nan,384.20001220703125,0.0,0.0,1271.9000244140625,nan,nan,nan,65536.0,nan,nan,nan,65536.0
2026-09-11T01:37:00.000+08:00,0.0,12.619354248046875,11.444580078125,0.0,nan,384.1000061035156,0.0,0.0,1271.9000244140625,nan,nan,nan,65536.0,nan,nan,nan,65536.0
2026-09-11T01:38:00.000+08:00,0.0,12.625816345214844,11.444580078125,0.0,nan,384.3999938964844,0.0,0.0,1271.9000244140625,nan,nan,nan,65536.0,nan,nan,nan,65536.0
2026-09-11T01:39:00.000+08:00,0.0,12.625091552734375,11.47265625,0.0,nan,384.70001220703125,0.0,0.0,1271.9000244140625,nan,nan,nan,65536.0,nan,nan,nan,65536.0
2026-09-11T01:40:00.000+08:00,0.0,12.640678405761719,11.52099609375,0.0,nan,384.79998779296875,0.0,0.0,1271.9000244140625,nan,nan,nan,65536.0,nan,nan,nan,65536.0
2026-09-11T01:41:00.000+08:00,0.0,12.728073120117188,11.5556640625,0.0,nan,384.3999938964844,0.0,0.0,1271.9000244140625,nan,nan,nan,65536.0,nan,nan,nan,65536.0
2026-09-11T01:42:00.000+08:00,0.0,12.657264709472656,11.5,0.0,nan,384.5,0.0,0.0,1271.9000244140625,nan,nan,nan,65536.0,nan,nan,nan,65536.0
2026-09-11T01:43:00.000+08:00,0.0,12.730209350585938,11.53515625,0.0,nan,384.6000061035156,0.0,0.0,1271.9000244140625,nan,nan,nan,65536.0,nan,nan,nan,65536.0
2026-09-11T01:44:00.000+08:00,0.0,12.706008911132812,11.611328125,0.0,nan,384.1000061035156,0.0,0.0,1271.9000244140625,nan,nan,nan,65536.0,nan,nan,nan,65536.0
2026-09-11T01:45:00.000+08:00,0.0,12.701683044433594,11.604248046875,0.0,nan,384.20001220703125,0.0,0.0,1271.9000244140625,nan,nan,nan,65536.0,nan,nan,nan,65536.0
2026-09-11T01:46:00.000+08:00,0.0,12.69515609741211,11.5625,0.0,nan,384.20001220703125,0.0,0.0,1271.9000244140625,nan,nan,nan,65536.0,nan,nan,nan,65536.0
2026-09-11T01:47:00.000+08:00,0.0,12.706008911132812,11.5625,0.0,nan,384.29998779296875,0.0,0.0,1271.9000244140625,nan,nan,nan,65536.0,nan,nan,nan,65536.0
2026-09-11T01:48:00.000+08:00,0.0,12.707794189453125,11.611328125,0.0,nan,384.0,0.0,0.0,1271.9000244140625,nan,nan,nan,65536.0,nan,nan,nan,65536.0
2026-09-11T01:49:00.000+08:00,0.0,12.715744018554688,11.597412109375,0.0,nan,384.20001220703125,0.0,0.0,1271.9000244140625,nan,nan,nan,65536.0,nan,nan,nan,65536.0
2026-09-11T01:50:00.000+08:00,0.0,12.78945541381836,11.59765625,0.0,nan,384.79998779296875,0.0,0.0,1271.9000244140625,nan,nan,nan,65536.0,nan,nan,nan,65536.0
2026-09-11T01:51:00.000+08:00,0.0,12.789081573486328,11.6181640625,0.0,nan,384.29998779296875,0.0,0.0,1271.9000244140625,nan,nan,nan,65536.0,nan,nan,nan,65536.0
2026-09-11T01:52:00.000+08:00,0.0,12.793781280517578,11.611328125,0.0,nan,384.3999938964844,0.0,0.0,1271.9000244140625,nan,nan,nan,65536.0,nan,nan,nan,65536.0
2026-09-11T01:53:00.000+08:00,0.0,12.793407440185547,11.6044921875,0.0,nan,384.29998779296875,0.0,0.0,1271.9000244140625,nan,nan,nan,65536.0,nan,nan,nan,65536.0
2026-09-11T01:54:00.000+08:00,0.0,12.793781280517578,11.5908203125,0.0,nan,384.5,0.0,0.0,1271.9000244140625,nan,nan,nan,65536.0,nan,nan,nan,65536.0
2026-09-11T01:55:00.000+08:00,0.0,12.7630615234375,11.6533203125,0.0,nan,384.8999938964844,0.0,0.0,1271.9000244140625,nan,nan,nan,65536.0,nan,nan,nan,65536.0
2026-09-11T01:56:00.000+08:00,0.0,12.84542465209961,11.66015625,0.0,nan,384.20001220703125,0.0,0.0,1271.9000244140625,nan,nan,nan,65536.0,nan,nan,nan,65536.0
2026-09-11T01:57:00.000+08:00,nan,12.849380493164062,11.659912109375,nan,nan,384.5,0.0,0.0,1271.9000244140625,nan,nan,nan,65536.0,nan,nan,nan,65536.0
2026-09-11T01:58:00.000+08:00,0.0,12.839645385742188,11.638916015625,0.0,nan,384.70001220703125,0.0,0.0,1271.9000244140625,nan,nan,nan,65536.0,nan,nan,nan,65536.0
2026-09-11T01:59:00.000+08:00,0.0,12.867443084716797,11.673828125,0.0,nan,384.20001220703125,0.0,0.0,1271.9000244140625,nan,nan,nan,65536.0,nan,nan,nan,65536.0
2026-09-11T02:00:00.000+08:00,0.0,12.817955017089844,11.722412109375,0.0,nan,384.20001220703125,0.0,0.0,1271.9000244140625,nan,nan,nan,65536.0,nan,nan,nan,65536.0
2026-09-11T02:01:00.000+08:00,0.0,12.841800689697266,11.7431640625,0.0,nan,384.1000061035156,0.0,0.0,1271.9000244140625,nan,nan,nan,65536.0,nan,nan,nan,65536.0
2026-09-11T02:02:00.000+08:00,0.0,12.83059310913086,11.7431640625,0.0,nan,383.8999938964844,0.0,0.0,1271.9000244140625,nan,nan,nan,65536.0,nan,nan,nan,65536.0
2026-09-11T02:03:00.000+08:00,0.0,12.930644989013672,11.694580078125,0.0,nan,383.79998779296875,0.0,0.0,1271.9000244140625,nan,nan,nan,65536.0,nan,nan,nan,65536.0
2026-09-11T02:04:00.000+08:00,0.0,12.9111328125,11.72265625,0.0,nan,383.8999938964844,0.0,0.0,1271.9000244140625,nan,nan,nan,65536.0,nan,nan,nan,65536.0
2026-09-11T02:05:00.000+08:00,0.0,12.916934967041016,11.6875,0.0,nan,384.1000061035156,0.0,0.0,1271.9000244140625,nan,nan,nan,65536.0,nan,nan,nan,65536.0
2026-09-11T02:06:00.000+08:00,0.0,12.927764892578125,11.72265625,0.0,nan,384.3999938964844,0.0,0.0,1271.9000244140625,nan,nan,nan,65536.0,nan,nan,nan,65536.0
2026-09-11T02:07:00.000+08:00,0.0,12.943656921386719,11.78515625,0.0,nan,383.79998779296875,0.0,0.0,1271.9000244140625,nan,nan,nan,65536.0,nan,nan,nan,65536.0
2026-09-11T02:08:00.000+08:00,0.0,12.944385528564453,11.791748046875,0.0,nan,383.70001220703125,0.0,0.0,1271.9000244140625,nan,nan,nan,65536.0,nan,nan,nan,65536.0
2026-09-11T02:09:00.000+08:00,0.0,12.94040298461914,11.798583984375,0.0,nan,384.1000061035156,0.0,0.0,1271.9000244140625,nan,nan,nan,65536.0,nan,nan,nan,65536.0
2026-09-11T02:10:00.000+08:00,0.0,12.951595306396484,11.7783203125,0.0,nan,384.3999938964844,0.0,0.0,1271.9000244140625,nan,nan,nan,65536.0,nan,nan,nan,65536.0
2026-09-11T02:11:00.000+08:00,0.0,12.994556427001953,11.8056640625,0.0,nan,384.79998779296875,0.0,0.0,1271.9000244140625,nan,nan,nan,65536.0,nan,nan,nan,65536.0
2026-09-11T02:12:00.000+08:00,0.0,13.05636978149414,11.75,0.0,nan,384.29998779296875,0.0,0.0,1271.9000244140625,nan,nan,nan,65536.0,nan,nan,nan,65536.0
2026-09-11T02:13:00.000+08:00,0.0,12.97616195678711,11.77783203125,0.0,nan,384.3999938964844,0.0,0.0,1271.9000244140625,nan,nan,nan,65536.0,nan,nan,nan,65536.0
2026-09-11T02:14:00.000+08:00,0.0,13.007560729980469,11.8125,0.0,nan,384.8999938964844,0.0,0.0,1271.9000244140625,nan,nan,nan,65536.0,nan,nan,nan,65536.0
2026-09-11T02:15:00.000+08:00,0.0,12.943302154541016,11.83349609375,0.0,nan,384.6000061035156,0.0,0.0,1271.9000244140625,nan,nan,nan,65536.0,nan,nan,nan,65536.0
2026-09-11T02:16:00.000+08:00,0.0,13.016242980957031,11.8681640625,0.0,nan,384.1000061035156,0.0,0.0,1271.9000244140625,nan,nan,nan,65536.0,nan,nan,nan,65536.0
2026-09-11T02:17:00.000+08:00,0.0,13.058525085449219,11.78515625,0.0,nan,384.70001220703125,0.0,0.0,1271.9000244140625,nan,nan,nan,65536.0,nan,nan,nan,65536.0
2026-09-11T02:18:00.000+08:00,0.0,13.113025665283203,11.861328125,0.0,nan,384.20001220703125,0.0,0.0,1271.9000244140625,nan,nan,nan,65536.0,nan,nan,nan,65536.0
2026-09-11T02:19:00.000+08:00,0.0,13.105094909667969,11.8544921875,0.0,nan,384.1000061035156,0.0,0.0,1271.9000244140625,nan,nan,nan,65536.0,nan,nan,nan,65536.0
2026-09-11T02:20:00.000+08:00,0.0,13.124217987060547,11.847412109375,0.0,nan,384.29998779296875,0.0,0.0,1271.9000244140625,nan,nan,nan,65536.0,nan,nan,nan,65536.0
2026-09-11T02:21:00.000+08:00,0.0,13.119510650634766,11.8125,0.0,nan,384.1000061035156,0.0,0.0,1271.9000244140625,nan,nan,nan,65536.0,nan,nan,nan,65536.0
2026-09-11T02:22:00.000+08:00,0.0,13.067161560058594,11.91015625,0.0,nan,384.20001220703125,0.0,0.0,1271.9000244140625,nan,nan,nan,65536.0,nan,nan,nan,65536.0
2026-09-11T02:23:00.000+08:00,0.0,13.07509994506836,11.9306640625,0.0,nan,384.3999938964844,0.0,0.0,1271.9000244140625,nan,nan,nan,65536.0,nan,nan,nan,65536.0
2026-09-11T02:24:00.000+08:00,0.0,13.084148406982422,11.9169921875,0.0,nan,384.70001220703125,0.0,0.0,1271.9000244140625,nan,nan,nan,65536.0,nan,nan,nan,65536.0
2026-09-11T02:25:00.000+08:00,0.0,13.095333099365234,11.875,0.0,nan,384.29998779296875,0.0,0.0,1271.9000244140625,nan,nan,nan,65536.0,nan,nan,nan,65536.0
2026-09-11T02:26:00.000+08:00,0.0,13.152114868164062,11.89599609375,0.0,nan,384.20001220703125,0.0,0.0,1271.9000244140625,nan,nan,nan,65536.0,nan,nan,nan,65536.0
2026-09-11T02:27:00.000+08:00,0.0,13.172977447509766,11.91015625,0.0,nan,384.29998779296875,0.0,0.0,1271.9000244140625,nan,nan,nan,65536.0,nan,nan,nan,65536.0
2026-09-11T02:28:00.000+08:00,0.0,13.180187225341797,11.9306640625,0.0,nan,384.29998779296875,0.0,0.0,1271.9000244140625,nan,nan,nan,65536.0,nan,nan,nan,65536.0
2026-09-11T02:29:00.000+08:00,0.0,13.187397003173828,11.875,0.0,nan,384.29998779296875,0.0,0.0,1271.9000244140625,nan,nan,nan,65536.0,nan,nan,nan,65536.0
2026-09-11T02:30:00.000+08:00,0.0,13.134323120117188,11.986328125,0.0,nan,384.0,0.0,0.0,1271.9000244140625,nan,nan,nan,65536.0,nan,nan,nan,65536.0
2026-09-11T02:31:00.000+08:00,0.0,13.134693145751953,11.9794921875,0.0,nan,384.29998779296875,0.0,0.0,1271.9000244140625,nan,nan,nan,65536.0,nan,nan,nan,65536.0
2026-09-11T02:32:00.000+08:00,0.0,13.209476470947266,11.9658203125,0.0,nan,384.20001220703125,0.0,0.0,1271.9000244140625,nan,nan,nan,65536.0,nan,nan,nan,65536.0
2026-09-11T02:33:00.000+08:00,0.0,13.206615447998047,11.9794921875,0.0,nan,384.5,0.0,0.0,1271.9000244140625,nan,nan,nan,65536.0,nan,nan,nan,65536.0
2026-09-11T02:34:00.000+08:00,0.0,13.223152160644531,11.9375,0.0,nan,384.79998779296875,0.0,0.0,1271.9000244140625,nan,nan,nan,65536.0,nan,nan,nan,65536.0
2026-09-11T02:35:00.000+08:00,0.0,13.245979309082031,11.9794921875,0.0,nan,384.8999938964844,0.0,0.0,1271.9000244140625,nan,nan,nan,65536.0,nan,nan,nan,65536.0
2026-09-11T02:36:00.000+08:00,0.0,13.249580383300781,11.9375,0.0,nan,385.0,0.0,0.0,1271.9000244140625,nan,nan,nan,65536.0,nan,nan,nan,65536.0
2026-09-11T02:37:00.000+08:00,0.0,13.190315246582031,12.0283203125,0.0,nan,385.29998779296875,0.0,0.0,1271.9000244140625,nan,nan,nan,65536.0,nan,nan,nan,65536.0
2026-09-11T02:38:00.000+08:00,0.0,13.266468048095703,12.0419921875,0.0,nan,385.1000061035156,0.0,0.0,1271.9000244140625,nan,nan,nan,65536.0,nan,nan,nan,65536.0
2026-09-11T02:39:00.000+08:00,0.0,13.28347396850586,12.0556640625,0.0,nan,385.0,0.0,0.0,1271.9000244140625,nan,nan,nan,65536.0,nan,nan,nan,65536.0
2026-09-11T02:40:00.000+08:00,0.0,13.262611389160156,12.048828125,0.0,nan,385.0,0.0,0.0,1271.9000244140625,nan,nan,nan,65536.0,nan,nan,nan,65536.0
2026-09-11T02:41:00.000+08:00,0.0,13.292526245117188,12.03515625,0.0,nan,384.5,0.0,0.0,1271.9000244140625,nan,nan,nan,65536.0,nan,nan,nan,65536.0
2026-09-11T02:42:00.000+08:00,0.0,13.30804443359375,12.0283203125,0.0,nan,384.79998779296875,0.0,0.0,1271.9000244140625,nan,nan,nan,65536.0,nan,nan,nan,65536.0
2026-09-11T02:43:00.000+08:00,0.0,13.256710052490234,12.1044921875,0.0,nan,384.70001220703125,0.0,0.0,1271.9000244140625,nan,nan,nan,65536.0,nan,nan,nan,65536.0
2026-09-11T02:44:00.000+08:00,0.0,13.326183319091797,12.0908203125,0.0,nan,384.70001220703125,0.0,0.0,1271.9000244140625,nan,nan,nan,65536.0,nan,nan,nan,65536.0
2026-09-11T02:45:00.000+08:00,0.0,13.335472106933594,12.09765625,0.0,nan,384.70001220703125,0.0,0.0,1271.9000244140625,nan,nan,nan,65536.0,nan,nan,nan,65536.0
2026-09-11T02:46:00.000+08:00,0.0,13.341327667236328,12.069580078125,0.0,nan,384.6000061035156,0.0,0.0,1271.9000244140625,nan,nan,nan,65536.0,nan,nan,nan,65536.0
2026-09-11T02:47:00.000+08:00,0.0,13.340194702148438,12.08349609375,0.0,nan,384.6000061035156,0.0,0.0,1271.9000244140625,nan,nan,nan,65536.0,nan,nan,nan,65536.0
2026-09-11T02:48:00.000+08:00,0.0,13.374065399169922,12.1181640625,0.0,nan,384.6000061035156,0.0,0.0,1271.9000244140625,nan,nan,nan,65536.0,nan,nan,nan,65536.0
2026-09-11T02:49:00.000+08:00,0.0,13.36801528930664,12.0908203125,0.0,nan,384.6000061035156,0.0,0.0,1271.9000244140625,nan,nan,nan,65536.0,nan,nan,nan,65536.0
2026-09-11T02:50:00.000+08:00,0.0,13.435977935791016,12.1044921875,0.0,nan,384.29998779296875,0.0,0.0,1271.9000244140625,nan,nan,nan,65536.0,nan,nan,nan,65536.0
2026-09-11T02:51:00.000+08:00,0.0,13.377452850341797,12.069580078125,0.0,nan,385.0,0.0,0.0,1271.9000244140625,nan,nan,nan,65536.0,nan,nan,nan,65536.0
2026-09-11T02:52:00.000+08:00,0.0,13.409076690673828,12.159912109375,0.0,nan,384.29998779296875,0.0,0.0,1271.9000244140625,nan,nan,nan,65536.0,nan,nan,nan,65536.0
2026-09-11T02:53:00.000+08:00,0.0,13.400161743164062,12.1533203125,0.0,nan,384.79998779296875,0.0,0.0,1271.9000244140625,nan,nan,nan,65536.0,nan,nan,nan,65536.0
2026-09-11T02:54:00.000+08:00,0.0,13.417011260986328,12.166748046875,0.0,nan,384.79998779296875,0.0,0.0,1271.9000244140625,nan,nan,nan,65536.0,nan,nan,nan,65536.0
2026-09-11T02:55:00.000+08:00,0.0,13.40811538696289,12.138916015625,0.0,nan,384.5,0.0,0.0,1271.9000244140625,nan,nan,nan,65536.0,nan,nan,nan,65536.0
2026-09-11T02:56:00.000+08:00,nan,13.393714904785156,12.1806640625,nan,nan,384.5,0.0,0.0,1271.9000244140625,nan,nan,nan,65536.0,nan,nan,nan,65536.0
2026-09-11T02:57:00.000+08:00,0.0,13.476104736328125,12.145751953125,0.0,nan,384.79998779296875,0.0,0.0,1271.9000244140625,nan,nan,nan,65536.0,nan,nan,nan,65536.0
2026-09-11T02:58:00.000+08:00,0.0,13.494831085205078,12.1806640625,0.0,nan,384.6000061035156,0.0,0.0,1271.9000244140625,nan,nan,nan,65536.0,nan,nan,nan,65536.0
2026-09-11T02:59:00.000+08:00,0.0,13.442729949951172,12.22265625,0.0,nan,384.8999938964844,0.0,0.0,1271.9000244140625,nan,nan,nan,65536.0,nan,nan,nan,65536.0
2026-09-11T03:00:00.000+08:00,0.0,13.498790740966797,12.222412109375,0.0,nan,385.0,0.0,0.0,1271.9000244140625,nan,nan,nan,65536.0,nan,nan,nan,65536.0
2026-09-11T03:01:00.000+08:00,0.0,13.453880310058594,12.22265625,0.0,nan,384.6000061035156,0.0,0.0,1271.9000244140625,nan,nan,nan,65536.0,nan,nan,nan,65536.0
2026-09-11T03:02:00.000+08:00,0.0,13.531723022460938,12.2431640625,0.0,nan,384.70001220703125,0.0,0.0,1271.9000244140625,nan,nan,nan,65536.0,nan,nan,nan,65536.0
2026-09-11T03:03:00.000+08:00,0.0,13.50421142578125,12.298828125,0.0,nan,384.5,0.0,0.0,1271.9000244140625,nan,nan,nan,65536.0,nan,nan,nan,65536.0
2026-09-11T03:04:00.000+08:00,0.0,13.532096862792969,12.236328125,0.0,nan,383.8999938964844,0.0,0.0,1271.9000244140625,nan,nan,nan,65536.0,nan,nan,nan,65536.0
2026-09-11T03:05:00.000+08:00,0.0,13.545707702636719,12.2294921875,0.0,nan,384.29998779296875,0.0,0.0,1271.9000244140625,nan,nan,nan,65536.0,nan,nan,nan,65536.0
2026-09-11T03:06:00.000+08:00,0.0,13.51498794555664,12.28515625,0.0,nan,384.3999938964844,0.0,0.0,1271.9000244140625,nan,nan,nan,65536.0,nan,nan,nan,65536.0
2026-09-11T03:07:00.000+08:00,0.0,13.526897430419922,12.2919921875,0.0,nan,384.3999938964844,0.0,0.0,1271.9000244140625,nan,nan,nan,65536.0,nan,nan,nan,65536.0
2026-09-11T03:08:00.000+08:00,0.0,13.515750885009766,12.257080078125,0.0,nan,384.79998779296875,0.0,0.0,1271.9000244140625,nan,nan,nan,65536.0,nan,nan,nan,65536.0
2026-09-11T03:09:00.000+08:00,0.0,13.520866394042969,12.3056640625,0.0,nan,385.0,0.0,0.0,1271.9000244140625,nan,nan,nan,65536.0,nan,nan,nan,65536.0
2026-09-11T03:10:00.000+08:00,0.0,13.590164184570312,12.2919921875,0.0,nan,384.70001220703125,0.0,0.0,1271.9000244140625,nan,nan,nan,65536.0,nan,nan,nan,65536.0
2026-09-11T03:11:00.000+08:00,0.0,13.606048583984375,12.291748046875,0.0,nan,384.29998779296875,0.0,0.0,1271.9000244140625,nan,nan,nan,65536.0,nan,nan,nan,65536.0
2026-09-11T03:12:00.000+08:00,0.0,13.615318298339844,12.291748046875,0.0,nan,384.1000061035156,0.0,0.0,1271.9000244140625,nan,nan,nan,65536.0,nan,nan,nan,65536.0
2026-09-11T03:13:00.000+08:00,0.0,13.594532012939453,12.28515625,0.0,nan,384.29998779296875,0.0,0.0,1271.9000244140625,nan,nan,nan,65536.0,nan,nan,nan,65536.0
2026-09-11T03:14:00.000+08:00,0.0,13.646175384521484,12.347412109375,0.0,nan,384.20001220703125,0.0,0.0,1271.9000244140625,nan,nan,nan,65536.0,nan,nan,nan,65536.0
2026-09-11T03:15:00.000+08:00,0.0,13.676563262939453,12.3681640625,0.0,nan,384.70001220703125,0.0,0.0,1271.9000244140625,nan,nan,nan,65536.0,nan,nan,nan,65536.0
2026-09-11T03:16:00.000+08:00,0.0,13.63937759399414,12.3681640625,0.0,nan,384.3999938964844,0.0,0.0,1271.9000244140625,nan,nan,nan,65536.0,nan,nan,nan,65536.0
2026-09-11T03:17:00.000+08:00,0.0,13.645648956298828,12.319580078125,0.0,nan,384.3999938964844,0.0,0.0,1271.9000244140625,nan,nan,nan,65536.0,nan,nan,nan,65536.0
2026-09-11T03:18:00.000+08:00,0.0,13.734947204589844,12.319580078125,0.0,nan,384.70001220703125,0.0,0.0,1271.9000244140625,nan,nan,nan,65536.0,nan,nan,nan,65536.0
2026-09-11T03:19:00.000+08:00,0.0,13.629051208496094,12.4169921875,0.0,nan,384.29998779296875,0.0,0.0,1271.9000244140625,nan,nan,nan,65536.0,nan,nan,nan,65536.0
2026-09-11T03:20:00.000+08:00,0.0,13.68436050415039,12.3544921875,0.0,nan,384.70001220703125,0.0,0.0,1271.9000244140625,nan,nan,nan,65536.0,nan,nan,nan,65536.0
2026-09-11T03:21:00.000+08:00,0.0,13.691020965576172,12.319580078125,0.0,nan,384.79998779296875,0.0,0.0,1271.9000244140625,nan,nan,nan,65536.0,nan,nan,nan,65536.0
2026-09-11T03:22:00.000+08:00,0.0,13.716922760009766,12.409912109375,0.0,nan,384.6000061035156,0.0,0.0,1271.9000244140625,nan,nan,nan,65536.0,nan,nan,nan,65536.0
2026-09-11T03:23:00.000+08:00,0.0,13.72934341430664,12.41015625,0.0,nan,384.8999938964844,0.0,0.0,1271.9000244140625,nan,nan,nan,65536.0,nan,nan,nan,65536.0
2026-09-11T03:24:00.000+08:00,0.0,13.708202362060547,12.4169921875,0.0,nan,384.79998779296875,0.0,0.0,1271.9000244140625,nan,nan,nan,65536.0,nan,nan,nan,65536.0
2026-09-11T03:25:00.000+08:00,0.0,13.729988098144531,12.423828125,0.0,nan,384.8999938964844,0.0,0.0,1271.9000244140625,nan,nan,nan,65536.0,nan,nan,nan,65536.0
2026-09-11T03:26:00.000+08:00,0.0,13.692485809326172,12.47265625,0.0,nan,384.79998779296875,0.0,0.0,1271.9000244140625,nan,nan,nan,65536.0,nan,nan,nan,65536.0
2026-09-11T03:27:00.000+08:00,0.0,13.691703796386719,12.472412109375,0.0,nan,385.1000061035156,0.0,0.0,1271.9000244140625,nan,nan,nan,65536.0,nan,nan,nan,65536.0
2026-09-11T03:28:00.000+08:00,0.0,13.755477905273438,12.472412109375,0.0,nan,385.0,0.0,0.0,1271.9000244140625,nan,nan,nan,65536.0,nan,nan,nan,65536.0
2026-09-11T03:29:00.000+08:00,0.0,13.75112533569336,12.444580078125,0.0,nan,385.0,0.0,0.0,1271.9000244140625,nan,nan,nan,65536.0,nan,nan,nan,65536.0
2026-09-11T03:30:00.000+08:00,0.0,13.811195373535156,12.472412109375,0.0,nan,384.79998779296875,0.0,0.0,1271.9000244140625,nan,nan,nan,65536.0,nan,nan,nan,65536.0
2026-09-11T03:31:00.000+08:00,0.0,13.782417297363281,12.4931640625,0.0,nan,385.20001220703125,0.0,0.0,1271.9000244140625,nan,nan,nan,65536.0,nan,nan,nan,65536.0
2026-09-11T03:32:00.000+08:00,0.0,13.794815063476562,12.444580078125,0.0,nan,384.70001220703125,0.0,0.0,1271.9000244140625,nan,nan,nan,65536.0,nan,nan,nan,65536.0
2026-09-11T03:33:00.000+08:00,0.0,13.777652740478516,12.486328125,0.0,nan,384.6000061035156,0.0,0.0,1271.9000244140625,nan,nan,nan,65536.0,nan,nan,nan,65536.0
2026-09-11T03:34:00.000+08:00,0.0,13.807903289794922,12.4658203125,0.0,nan,384.8999938964844,0.0,0.0,1271.9000244140625,nan,nan,nan,65536.0,nan,nan,nan,65536.0
2026-09-11T03:35:00.000+08:00,0.0,13.826595306396484,12.5556640625,0.0,nan,385.20001220703125,0.0,0.0,1271.9000244140625,nan,nan,nan,65536.0,nan,nan,nan,65536.0
2026-09-11T03:36:00.000+08:00,0.0,13.821365356445312,12.53515625,0.0,nan,384.8999938964844,0.0,0.0,1271.9000244140625,nan,nan,nan,65536.0,nan,nan,nan,65536.0
2026-09-11T03:37:00.000+08:00,0.0,13.837345123291016,12.5283203125,0.0,nan,385.0,0.0,0.0,1271.9000244140625,nan,nan,nan,65536.0,nan,nan,nan,65536.0
2026-09-11T03:38:00.000+08:00,0.0,13.826103210449219,12.5419921875,0.0,nan,384.3999938964844,0.0,0.0,1271.9000244140625,nan,nan,nan,65536.0,nan,nan,nan,65536.0
2026-09-11T03:39:00.000+08:00,0.0,13.834842681884766,12.534912109375,0.0,nan,384.20001220703125,0.0,0.0,1271.9000244140625,nan,nan,nan,65536.0,nan,nan,nan,65536.0
2026-09-11T03:40:00.000+08:00,0.0,13.914482116699219,12.507080078125,0.0,nan,384.3999938964844,0.0,0.0,1271.9000244140625,nan,nan,nan,65536.0,nan,nan,nan,65536.0
2026-09-11T03:41:00.000+08:00,0.0,13.851982116699219,12.507080078125,0.0,nan,384.3999938964844,0.0,0.0,1271.9000244140625,nan,nan,nan,65536.0,nan,nan,nan,65536.0
2026-09-11T03:42:00.000+08:00,0.0,13.926002502441406,12.5556640625,0.0,nan,384.6000061035156,0.0,0.0,1271.9000244140625,nan,nan,nan,65536.0,nan,nan,nan,65536.0
2026-09-11T03:43:00.000+08:00,0.0,13.887348175048828,12.569580078125,0.0,nan,384.6000061035156,0.0,0.0,1271.9000244140625,nan,nan,nan,65536.0,nan,nan,nan,65536.0
2026-09-11T03:44:00.000+08:00,0.0,13.876197814941406,12.6044921875,0.0,nan,384.70001220703125,0.0,0.0,1271.9000244140625,nan,nan,nan,65536.0,nan,nan,nan,65536.0
2026-09-11T03:45:00.000+08:00,0.0,13.885330200195312,12.5,0.0,nan,384.8999938964844,0.0,0.0,1271.9000244140625,nan,nan,nan,65536.0,nan,nan,nan,65536.0
2026-09-11T03:46:00.000+08:00,0.0,13.876197814941406,12.5625,0.0,nan,384.6000061035156,0.0,0.0,1271.9000244140625,nan,nan,nan,65536.0,nan,nan,nan,65536.0
2026-09-11T03:47:00.000+08:00,0.0,13.907135009765625,12.59765625,0.0,nan,384.20001220703125,0.0,0.0,1271.9000244140625,nan,nan,nan,65536.0,nan,nan,nan,65536.0
2026-09-11T03:48:00.000+08:00,0.0,13.982013702392578,12.6044921875,0.0,nan,384.70001220703125,0.0,0.0,1271.9000244140625,nan,nan,nan,65536.0,nan,nan,nan,65536.0
2026-09-11T03:49:00.000+08:00,0.0,13.98122787475586,12.569580078125,0.0,nan,384.70001220703125,0.0,0.0,1271.9000244140625,nan,nan,nan,65536.0,nan,nan,nan,65536.0
2026-09-11T03:50:00.000+08:00,0.0,13.951683044433594,12.66015625,0.0,nan,384.3999938964844,0.0,0.0,1271.9000244140625,nan,nan,nan,65536.0,nan,nan,nan,65536.0
2026-09-11T03:51:00.000+08:00,0.0,13.997119903564453,12.6044921875,0.0,nan,385.1000061035156,0.0,0.0,1271.9000244140625,nan,nan,nan,65536.0,nan,nan,nan,65536.0
2026-09-11T03:52:00.000+08:00,0.0,13.999862670898438,12.673828125,0.0,nan,385.0,0.0,0.0,1271.9000244140625,nan,nan,nan,65536.0,nan,nan,nan,65536.0
2026-09-11T03:53:00.000+08:00,0.0,13.942962646484375,12.6806640625,0.0,nan,385.29998779296875,0.0,0.0,1271.9000244140625,nan,nan,nan,65536.0,nan,nan,nan,65536.0
2026-09-11T03:54:00.000+08:00,0.0,13.957225799560547,12.645751953125,0.0,nan,385.0,0.0,0.0,1271.9000244140625,nan,nan,nan,65536.0,nan,nan,nan,65536.0
2026-09-11T03:55:00.000+08:00,nan,14.041221618652344,12.6669921875,nan,nan,384.70001220703125,0.0,0.0,1271.9000244140625,nan,nan,nan,65536.0,nan,nan,nan,65536.0
2026-09-11T03:56:00.000+08:00,0.0,14.035614013671875,12.66015625,0.0,nan,384.70001220703125,0.0,0.0,1271.9000244140625,nan,nan,nan,65536.0,nan,nan,nan,65536.0
2026-09-11T03:57:00.000+08:00,0.0,14.05117416381836,12.666748046875,0.0,nan,384.29998779296875,0.0,0.0,1271.9000244140625,nan,nan,nan,65536.0,nan,nan,nan,65536.0
2026-09-11T03:58:00.000+08:00,0.0,14.043567657470703,12.673828125,0.0,nan,385.1000061035156,0.0,0.0,1271.9000244140625,nan,nan,nan,65536.0,nan,nan,nan,65536.0
2026-09-11T03:59:00.000+08:00,0.0,14.000541687011719,12.729248046875,0.0,nan,384.79998779296875,0.0,0.0,1271.9000244140625,nan,nan,nan,65536.0,nan,nan,nan,65536.0
2026-09-11T04:00:00.000+08:00,0.0,14.010108947753906,12.6875,0.0,nan,384.5,0.0,0.0,1271.9000244140625,nan,nan,nan,65536.0,nan,nan,nan,65536.0
2026-09-11T04:01:00.000+08:00,0.0,14.008480072021484,12.736083984375,0.0,nan,384.79998779296875,0.0,0.0,1271.9000244140625,nan,nan,nan,65536.0,nan,nan,nan,65536.0
2026-09-11T04:02:00.000+08:00,0.0,14.104385375976562,12.72265625,0.0,nan,384.79998779296875,0.0,0.0,1271.9000244140625,nan,nan,nan,65536.0,nan,nan,nan,65536.0
2026-09-11T04:03:00.000+08:00,0.0,14.118293762207031,12.736328125,0.0,nan,385.1000061035156,0.0,0.0,1271.9000244140625,nan,nan,nan,65536.0,nan,nan,nan,65536.0
2026-09-11T04:04:00.000+08:00,0.0,14.099193572998047,12.701416015625,0.0,nan,385.1000061035156,0.0,0.0,1271.9000244140625,nan,nan,nan,65536.0,nan,nan,nan,65536.0
2026-09-11T04:05:00.000+08:00,0.0,14.106346130371094,12.7158203125,0.0,nan,385.1000061035156,0.0,0.0,1271.9000244140625,nan,nan,nan,65536.0,nan,nan,nan,65536.0
2026-09-11T04:06:00.000+08:00,0.0,14.121051788330078,12.757080078125,0.0,nan,384.8999938964844,0.0,0.0,1271.9000244140625,nan,nan,nan,65536.0,nan,nan,nan,65536.0
2026-09-11T04:07:00.000+08:00,0.0,14.13772964477539,12.757080078125,0.0,nan,384.8999938964844,0.0,0.0,1271.9000244140625,nan,nan,nan,65536.0,nan,nan,nan,65536.0
2026-09-11T04:08:00.000+08:00,0.0,14.151248931884766,12.798828125,0.0,nan,384.6000061035156,0.0,0.0,1271.9000244140625,nan,nan,nan,65536.0,nan,nan,nan,65536.0
2026-09-11T04:09:00.000+08:00,0.0,14.152050018310547,12.791748046875,0.0,nan,385.0,0.0,0.0,1271.9000244140625,nan,nan,nan,65536.0,nan,nan,nan,65536.0
2026-09-11T04:10:00.000+08:00,0.0,14.145683288574219,12.798828125,0.0,nan,385.0,0.0,0.0,1271.9000244140625,nan,nan,nan,65536.0,nan,nan,nan,65536.0
2026-09-11T04:11:00.000+08:00,0.0,14.161178588867188,12.77099609375,0.0,nan,385.6000061035156,0.0,0.0,1271.9000244140625,nan,nan,nan,65536.0,nan,nan,nan,65536.0
2026-09-11T04:12:00.000+08:00,0.0,14.185802459716797,12.798828125,0.0,nan,385.20001220703125,0.0,0.0,1271.9000244140625,nan,nan,nan,65536.0,nan,nan,nan,65536.0
2026-09-11T04:13:00.000+08:00,0.0,14.19891357421875,12.8408203125,0.0,nan,384.79998779296875,0.0,0.0,1271.9000244140625,nan,nan,nan,65536.0,nan,nan,nan,65536.0
2026-09-11T04:14:00.000+08:00,0.0,14.196540832519531,12.8681640625,0.0,nan,384.8999938964844,0.0,0.0,1271.9000244140625,nan,nan,nan,65536.0,nan,nan,nan,65536.0
2026-09-11T04:15:00.000+08:00,0.0,14.137611389160156,12.8681640625,0.0,nan,384.5,0.0,0.0,1271.9000244140625,nan,nan,nan,65536.0,nan,nan,nan,65536.0
2026-09-11T04:16:00.000+08:00,0.0,14.192169189453125,12.847412109375,0.0,nan,385.0,0.0,0.0,1271.9000244140625,nan,nan,nan,65536.0,nan,nan,nan,65536.0
2026-09-11T04:17:00.000+08:00,0.0,14.200111389160156,12.847412109375,0.0,nan,384.70001220703125,0.0,0.0,1271.9000244140625,nan,nan,nan,65536.0,nan,nan,nan,65536.0
2026-09-11T04:18:00.000+08:00,0.0,14.22674560546875,12.847412109375,0.0,nan,384.6000061035156,0.0,0.0,1271.9000244140625,nan,nan,nan,65536.0,nan,nan,nan,65536.0
2026-09-11T04:19:00.000+08:00,0.0,14.20648193359375,12.8544921875,0.0,nan,384.5,0.0,0.0,1271.9000244140625,nan,nan,nan,65536.0,nan,nan,nan,65536.0
2026-09-11T04:20:00.000+08:00,0.0,14.194053649902344,12.9306640625,0.0,nan,384.70001220703125,0.0,0.0,1271.9000244140625,nan,nan,nan,65536.0,nan,nan,nan,65536.0
2026-09-11T04:21:00.000+08:00,0.0,14.190467834472656,12.875,0.0,nan,385.1000061035156,0.0,0.0,1271.9000244140625,nan,nan,nan,65536.0,nan,nan,nan,65536.0
2026-09-11T04:22:00.000+08:00,0.0,14.24383544921875,12.8681640625,0.0,nan,385.1000061035156,0.0,0.0,1271.9000244140625,nan,nan,nan,65536.0,nan,nan,nan,65536.0
2026-09-11T04:23:00.000+08:00,0.0,14.268077850341797,12.91015625,0.0,nan,385.29998779296875,0.0,0.0,1271.9000244140625,nan,nan,nan,65536.0,nan,nan,nan,65536.0
2026-09-11T04:24:00.000+08:00,0.0,14.253768920898438,12.847412109375,0.0,nan,385.0,0.0,0.0,1271.9000244140625,nan,nan,nan,65536.0,nan,nan,nan,65536.0
2026-09-11T04:25:00.000+08:00,0.0,14.285545349121094,12.888916015625,0.0,nan,385.1000061035156,0.0,0.0,1271.9000244140625,nan,nan,nan,65536.0,nan,nan,nan,65536.0
2026-09-11T04:26:00.000+08:00,0.0,14.28717041015625,12.9169921875,0.0,nan,385.1000061035156,0.0,0.0,1271.9000244140625,nan,nan,nan,65536.0,nan,nan,nan,65536.0
2026-09-11T04:27:00.000+08:00,0.0,14.295085906982422,12.90283203125,0.0,nan,385.20001220703125,0.0,0.0,1271.9000244140625,nan,nan,nan,65536.0,nan,nan,nan,65536.0
2026-09-11T04:28:00.000+08:00,0.0,14.30025863647461,12.909912109375,0.0,nan,384.6000061035156,0.0,0.0,1271.9000244140625,nan,nan,nan,65536.0,nan,nan,nan,65536.0
2026-09-11T04:29:00.000+08:00,0.0,14.319332122802734,12.9794921875,0.0,nan,384.70001220703125,0.0,0.0,1271.9000244140625,nan,nan,nan,65536.0,nan,nan,nan,65536.0
2026-09-11T04:30:00.000+08:00,0.0,14.332050323486328,12.9375,0.0,nan,384.8999938964844,0.0,0.0,1271.9000244140625,nan,nan,nan,65536.0,nan,nan,nan,65536.0
2026-09-11T04:31:00.000+08:00,0.0,14.356670379638672,12.958251953125,0.0,nan,385.1000061035156,0.0,0.0,1271.9000244140625,nan,nan,nan,65536.0,nan,nan,nan,65536.0
2026-09-11T04:32:00.000+08:00,0.0,14.346752166748047,12.9931640625,0.0,nan,384.5,0.0,0.0,1271.9000244140625,nan,nan,nan,65536.0,nan,nan,nan,65536.0
2026-09-11T04:33:00.000+08:00,0.0,14.325679779052734,12.9794921875,0.0,nan,385.0,0.0,0.0,1271.9000244140625,nan,nan,nan,65536.0,nan,nan,nan,65536.0
2026-09-11T04:34:00.000+08:00,0.0,14.351924896240234,12.97265625,0.0,nan,385.0,0.0,0.0,1271.9000244140625,nan,nan,nan,65536.0,nan,nan,nan,65536.0
2026-09-11T04:35:00.000+08:00,0.0,14.315650939941406,12.986328125,0.0,nan,385.29998779296875,0.0,0.0,1271.9000244140625,nan,nan,nan,65536.0,nan,nan,nan,65536.0
2026-09-11T04:36:00.000+08:00,0.0,14.367820739746094,13.0419921875,0.0,nan,385.6000061035156,0.0,0.0,1271.9000244140625,nan,nan,nan,65536.0,nan,nan,nan,65536.0
2026-09-11T04:37:00.000+08:00,0.0,14.386497497558594,13.0419921875,0.0,nan,385.0,0.0,0.0,1271.9000244140625,nan,nan,nan,65536.0,nan,nan,nan,65536.0
2026-09-11T04:38:00.000+08:00,0.0,14.426753997802734,12.9375,0.0,nan,384.70001220703125,0.0,0.0,1271.9000244140625,nan,nan,nan,65536.0,nan,nan,nan,65536.0
2026-09-11T04:39:00.000+08:00,0.0,14.391277313232422,13.0,0.0,nan,384.5,0.0,0.0,1271.9000244140625,nan,nan,nan,65536.0,nan,nan,nan,65536.0
2026-09-11T04:40:00.000+08:00,0.0,14.395240783691406,13.0283203125,0.0,nan,384.3999938964844,0.0,0.0,1271.9000244140625,nan,nan,nan,65536.0,nan,nan,nan,65536.0
2026-09-11T04:41:00.000+08:00,0.0,14.406352996826172,13.0283203125,0.0,nan,384.5,0.0,0.0,1271.9000244140625,nan,nan,nan,65536.0,nan,nan,nan,65536.0
2026-09-11T04:42:00.000+08:00,0.0,14.407173156738281,13.0283203125,0.0,nan,384.70001220703125,0.0,0.0,1271.9000244140625,nan,nan,nan,65536.0,nan,nan,nan,65536.0
2026-09-11T04:43:00.000+08:00,0.0,14.40521240234375,13.03515625,0.0,nan,384.79998779296875,0.0,0.0,1271.9000244140625,nan,nan,nan,65536.0,nan,nan,nan,65536.0
2026-09-11T04:44:00.000+08:00,0.0,14.440902709960938,13.048583984375,0.0,nan,384.20001220703125,0.0,0.0,1271.9000244140625,nan,nan,nan,65536.0,nan,nan,nan,65536.0
2026-09-11T04:45:00.000+08:00,0.0,14.404411315917969,13.0419921875,0.0,nan,384.3999938964844,0.0,0.0,1271.9000244140625,nan,nan,nan,65536.0,nan,nan,nan,65536.0
2026-09-11T04:46:00.000+08:00,0.0,14.44723129272461,13.0908203125,0.0,nan,384.6000061035156,0.0,0.0,1271.9000244140625,nan,nan,nan,65536.0,nan,nan,nan,65536.0
2026-09-11T04:47:00.000+08:00,0.0,14.463207244873047,13.0625,0.0,nan,384.20001220703125,0.0,0.0,1271.9000244140625,nan,nan,nan,65536.0,nan,nan,nan,65536.0
2026-09-11T04:48:00.000+08:00,0.0,14.4747314453125,13.09765625,0.0,nan,383.6000061035156,0.0,0.0,1271.9000244140625,nan,nan,nan,65536.0,nan,nan,nan,65536.0
2026-09-11T04:49:00.000+08:00,0.0,14.451290130615234,13.1181640625,0.0,nan,383.8999938964844,0.0,0.0,1271.9000244140625,nan,nan,nan,65536.0,nan,nan,nan,65536.0
2026-09-11T04:50:00.000+08:00,0.0,14.544776916503906,13.097412109375,0.0,nan,384.1000061035156,0.0,0.0,1271.9000244140625,nan,nan,nan,65536.0,nan,nan,nan,65536.0
2026-09-11T04:51:00.000+08:00,0.0,14.536823272705078,13.111083984375,0.0,nan,384.8999938964844,0.0,0.0,1271.9000244140625,nan,nan,nan,65536.0,nan,nan,nan,65536.0
2026-09-11T04:52:00.000+08:00,0.0,14.470340728759766,13.076416015625,0.0,nan,385.5,0.0,0.0,1271.9000244140625,nan,nan,nan,65536.0,nan,nan,nan,65536.0
2026-09-11T04:53:00.000+08:00,0.0,14.55191421508789,13.0908203125,0.0,nan,385.29998779296875,0.0,0.0,1271.9000244140625,nan,nan,nan,65536.0,nan,nan,nan,65536.0
2026-09-11T04:54:00.000+08:00,nan,14.510086059570312,13.125,nan,nan,385.20001220703125,0.0,0.0,1271.9000244140625,nan,nan,nan,65536.0,nan,nan,nan,65536.0
2026-09-11T04:55:00.000+08:00,0.0,14.503368377685547,13.1533203125,0.0,nan,385.0,0.0,0.0,1271.9000244140625,nan,nan,nan,65536.0,nan,nan,nan,65536.0
2026-09-11T04:56:00.000+08:00,0.0,14.599594116210938,13.1669921875,0.0,nan,384.8999938964844,0.0,0.0,1271.9000244140625,nan,nan,nan,65536.0,nan,nan,nan,65536.0
2026-09-11T04:57:00.000+08:00,0.0,14.59847640991211,13.166748046875,0.0,nan,384.8999938964844,0.0,0.0,1271.9000244140625,nan,nan,nan,65536.0,nan,nan,nan,65536.0
2026-09-11T04:58:00.000+08:00,0.0,14.596122741699219,13.125,0.0,nan,384.70001220703125,0.0,0.0,1271.9000244140625,nan,nan,nan,65536.0,nan,nan,nan,65536.0
2026-09-11T04:59:00.000+08:00,0.0,14.622310638427734,13.15283203125,0.0,nan,384.3999938964844,0.0,0.0,1271.9000244140625,nan,nan,nan,65536.0,nan,nan,nan,65536.0
2026-09-11T05:00:00.000+08:00,0.0,14.600807189941406,13.125,0.0,nan,384.1000061035156,0.0,0.0,1271.9000244140625,nan,nan,nan,65536.0,nan,nan,nan,65536.0
2026-09-11T05:01:00.000+08:00,0.0,14.566535949707031,13.236328125,0.0,nan,384.1000061035156,0.0,0.0,1271.9000244140625,nan,nan,nan,65536.0,nan,nan,nan,65536.0
2026-09-11T05:02:00.000+08:00,0.0,14.617942810058594,13.1875,0.0,nan,384.0,0.0,0.0,1271.9000244140625,nan,nan,nan,65536.0,nan,nan,nan,65536.0
2026-09-11T05:03:00.000+08:00,0.0,14.570510864257812,13.22265625,0.0,nan,383.0,0.0,0.0,1271.9000244140625,nan,nan,nan,65536.0,nan,nan,nan,65536.0
2026-09-11T05:04:00.000+08:00,0.0,14.667129516601562,13.2158203125,0.0,nan,383.1000061035156,0.0,0.0,1271.9000244140625,nan,nan,nan,65536.0,nan,nan,nan,65536.0
2026-09-11T05:05:00.000+08:00,0.0,14.668781280517578,13.22265625,0.0,nan,383.20001220703125,0.0,0.0,1271.9000244140625,nan,nan,nan,65536.0,nan,nan,nan,65536.0
2026-09-11T05:06:00.000+08:00,0.0,14.65206527709961,13.236083984375,0.0,nan,384.3999938964844,0.0,0.0,1271.9000244140625,nan,nan,nan,65536.0,nan,nan,nan,65536.0
2026-09-11T05:07:00.000+08:00,0.0,14.675914764404297,13.222412109375,0.0,nan,384.20001220703125,0.0,0.0,1271.9000244140625,nan,nan,nan,65536.0,nan,nan,nan,65536.0
2026-09-11T05:08:00.000+08:00,0.0,14.683853149414062,13.2158203125,0.0,nan,384.1000061035156,0.0,0.0,1271.9000244140625,nan,nan,nan,65536.0,nan,nan,nan,65536.0
2026-09-11T05:09:00.000+08:00,0.0,14.67715072631836,13.2431640625,0.0,nan,383.70001220703125,0.0,0.0,1271.9000244140625,nan,nan,nan,65536.0,nan,nan,nan,65536.0
2026-09-11T05:10:00.000+08:00,0.0,14.639305114746094,13.291748046875,0.0,nan,383.29998779296875,0.0,0.0,1271.9000244140625,nan,nan,nan,65536.0,nan,nan,nan,65536.0
2026-09-11T05:11:00.000+08:00,0.0,14.626976013183594,13.2919921875,0.0,nan,384.1000061035156,0.0,0.0,1271.9000244140625,nan,nan,nan,65536.0,nan,nan,nan,65536.0
2026-09-11T05:12:00.000+08:00,0.0,14.681926727294922,13.222412109375,0.0,nan,384.3999938964844,0.0,0.0,1271.9000244140625,nan,nan,nan,65536.0,nan,nan,nan,65536.0
2026-09-11T05:13:00.000+08:00,0.0,14.724418640136719,13.28515625,0.0,nan,384.20001220703125,0.0,0.0,1271.9000244140625,nan,nan,nan,65536.0,nan,nan,nan,65536.0
2026-09-11T05:14:00.000+08:00,0.0,14.703315734863281,13.25,0.0,nan,384.1000061035156,0.0,0.0,1271.9000244140625,nan,nan,nan,65536.0,nan,nan,nan,65536.0
2026-09-11T05:15:00.000+08:00,0.0,14.748527526855469,13.354248046875,0.0,nan,382.8999938964844,0.0,0.0,1271.9000244140625,nan,nan,nan,65536.0,nan,nan,nan,65536.0
2026-09-11T05:16:00.000+08:00,0.0,14.740726470947266,13.298828125,0.0,nan,383.70001220703125,0.0,0.0,1271.9000244140625,nan,nan,nan,65536.0,nan,nan,nan,65536.0
2026-09-11T05:17:00.000+08:00,0.0,14.747451782226562,13.27783203125,0.0,nan,383.0,0.0,0.0,1271.9000244140625,nan,nan,nan,65536.0,nan,nan,nan,65536.0
2026-09-11T05:18:00.000+08:00,0.0,14.774028778076172,13.34765625,0.0,nan,383.1000061035156,0.0,0.0,1271.9000244140625,nan,nan,nan,65536.0,nan,nan,nan,65536.0
2026-09-11T05:19:00.000+08:00,0.0,14.740314483642578,13.2919921875,0.0,nan,383.1000061035156,0.0,0.0,1271.9000244140625,nan,nan,nan,65536.0,nan,nan,nan,65536.0
2026-09-11T05:20:00.000+08:00,0.0,14.776496887207031,13.3544921875,0.0,nan,383.29998779296875,0.0,0.0,1271.9000244140625,nan,nan,nan,65536.0,nan,nan,nan,65536.0
2026-09-11T05:21:00.000+08:00,0.0,14.771282196044922,13.319580078125,0.0,nan,383.29998779296875,0.0,0.0,1271.9000244140625,nan,nan,nan,65536.0,nan,nan,nan,65536.0
2026-09-11T05:22:00.000+08:00,0.0,14.804149627685547,13.3681640625,0.0,nan,383.5,0.0,0.0,1271.9000244140625,nan,nan,nan,65536.0,nan,nan,nan,65536.0
2026-09-11T05:23:00.000+08:00,0.0,14.797855377197266,13.3681640625,0.0,nan,383.8999938964844,0.0,0.0,1271.9000244140625,nan,nan,nan,65536.0,nan,nan,nan,65536.0
2026-09-11T05:24:00.000+08:00,0.0,14.794723510742188,13.32666015625,0.0,nan,383.5,0.0,0.0,1271.9000244140625,nan,nan,nan,65536.0,nan,nan,nan,65536.0
2026-09-11T05:25:00.000+08:00,0.0,14.80953598022461,13.347412109375,0.0,nan,383.0,0.0,0.0,1271.9000244140625,nan,nan,nan,65536.0,nan,nan,nan,65536.0
2026-09-11T05:26:00.000+08:00,0.0,14.758956909179688,13.395751953125,0.0,nan,382.8999938964844,0.0,0.0,1271.9000244140625,nan,nan,nan,65536.0,nan,nan,nan,65536.0
2026-09-11T05:27:00.000+08:00,0.0,14.751251220703125,13.4033203125,0.0,nan,383.3999938964844,0.0,0.0,1271.9000244140625,nan,nan,nan,65536.0,nan,nan,nan,65536.0
2026-09-11T05:28:00.000+08:00,0.0,14.846382141113281,13.382080078125,0.0,nan,383.20001220703125,0.0,0.0,1271.9000244140625,nan,nan,nan,65536.0,nan,nan,nan,65536.0
2026-09-11T05:29:00.000+08:00,0.0,14.850128173828125,13.4306640625,0.0,nan,383.5,0.0,0.0,1271.9000244140625,nan,nan,nan,65536.0,nan,nan,nan,65536.0
2026-09-11T05:30:00.000+08:00,0.0,14.845722198486328,13.423828125,0.0,nan,383.20001220703125,0.0,0.0,1271.9000244140625,nan,nan,nan,65536.0,nan,nan,nan,65536.0
2026-09-11T05:31:00.000+08:00,0.0,14.851188659667969,13.4306640625,0.0,nan,383.6000061035156,0.0,0.0,1271.9000244140625,nan,nan,nan,65536.0,nan,nan,nan,65536.0
2026-09-11T05:32:00.000+08:00,0.0,14.824459075927734,13.458251953125,0.0,nan,383.8999938964844,0.0,0.0,1271.9000244140625,nan,nan,nan,65536.0,nan,nan,nan,65536.0
2026-09-11T05:33:00.000+08:00,0.0,14.864360809326172,13.4306640625,0.0,nan,383.6000061035156,0.0,0.0,1271.9000244140625,nan,nan,nan,65536.0,nan,nan,nan,65536.0
2026-09-11T05:34:00.000+08:00,0.0,14.886116027832031,13.47265625,0.0,nan,383.8999938964844,0.0,0.0,1271.9000244140625,nan,nan,nan,65536.0,nan,nan,nan,65536.0
2026-09-11T05:35:00.000+08:00,0.0,14.92917251586914,13.423828125,0.0,nan,383.8999938964844,0.0,0.0,1271.9000244140625,nan,nan,nan,65536.0,nan,nan,nan,65536.0
2026-09-11T05:36:00.000+08:00,0.0,14.917076110839844,13.4375,0.0,nan,383.20001220703125,0.0,0.0,1271.9000244140625,nan,nan,nan,65536.0,nan,nan,nan,65536.0
2026-09-11T05:37:00.000+08:00,0.0,14.913944244384766,13.486083984375,0.0,nan,382.70001220703125,0.0,0.0,1271.9000244140625,nan,nan,nan,65536.0,nan,nan,nan,65536.0
2026-09-11T05:38:00.000+08:00,0.0,14.913101196289062,13.479248046875,0.0,nan,383.20001220703125,0.0,0.0,1271.9000244140625,nan,nan,nan,65536.0,nan,nan,nan,65536.0
2026-09-11T05:39:00.000+08:00,0.0,14.925861358642578,13.451416015625,0.0,nan,382.6000061035156,0.0,0.0,1271.9000244140625,nan,nan,nan,65536.0,nan,nan,nan,65536.0
2026-09-11T05:40:00.000+08:00,0.0,14.929840087890625,13.47265625,0.0,nan,382.6000061035156,0.0,0.0,1271.9000244140625,nan,nan,nan,65536.0,nan,nan,nan,65536.0
2026-09-11T05:41:00.000+08:00,0.0,14.930248260498047,13.4794921875,0.0,nan,383.6000061035156,0.0,0.0,1271.9000244140625,nan,nan,nan,65536.0,nan,nan,nan,65536.0
2026-09-11T05:42:00.000+08:00,0.0,14.965587615966797,13.5419921875,0.0,nan,383.8999938964844,0.0,0.0,1271.9000244140625,nan,nan,nan,65536.0,nan,nan,nan,65536.0
2026-09-11T05:43:00.000+08:00,0.0,14.995670318603516,13.4931640625,0.0,nan,382.6000061035156,0.0,0.0,1271.9000244140625,nan,nan,nan,65536.0,nan,nan,nan,65536.0
2026-09-11T05:44:00.000+08:00,0.0,14.895561218261719,13.52099609375,0.0,nan,383.20001220703125,0.0,0.0,1271.9000244140625,nan,nan,nan,65536.0,nan,nan,nan,65536.0
2026-09-11T05:45:00.000+08:00,0.0,14.961845397949219,13.52099609375,0.0,nan,383.8999938964844,0.0,0.0,1271.9000244140625,nan,nan,nan,65536.0,nan,nan,nan,65536.0
2026-09-11T05:46:00.000+08:00,0.0,14.991317749023438,13.548828125,0.0,nan,383.6000061035156,0.0,0.0,1271.9000244140625,nan,nan,nan,65536.0,nan,nan,nan,65536.0
2026-09-11T05:47:00.000+08:00,0.0,14.984855651855469,13.507080078125,0.0,nan,383.79998779296875,0.0,0.0,1271.9000244140625,nan,nan,nan,65536.0,nan,nan,nan,65536.0
2026-09-11T05:48:00.000+08:00,0.0,14.994670867919922,13.5,0.0,nan,383.70001220703125,0.0,0.0,1271.9000244140625,nan,nan,nan,65536.0,nan,nan,nan,65536.0
2026-09-11T05:49:00.000+08:00,0.0,14.991127014160156,13.5283203125,0.0,nan,383.6000061035156,0.0,0.0,1271.9000244140625,nan,nan,nan,65536.0,nan,nan,nan,65536.0
2026-09-11T05:50:00.000+08:00,0.0,15.00931167602539,13.6181640625,0.0,nan,383.6000061035156,0.0,0.0,1271.9000244140625,nan,nan,nan,65536.0,nan,nan,nan,65536.0
2026-09-11T05:51:00.000+08:00,0.0,15.013702392578125,13.597412109375,0.0,nan,383.70001220703125,0.0,0.0,1271.9000244140625,nan,nan,nan,65536.0,nan,nan,nan,65536.0
2026-09-11T05:52:00.000+08:00,0.0,15.027305603027344,13.6044921875,0.0,nan,383.70001220703125,0.0,0.0,1271.9000244140625,nan,nan,nan,65536.0,nan,nan,nan,65536.0
2026-09-11T05:53:00.000+08:00,nan,15.012859344482422,13.597412109375,nan,nan,383.79998779296875,0.0,0.0,1271.9000244140625,nan,nan,nan,65536.0,nan,nan,nan,65536.0
2026-09-11T05:54:00.000+08:00,0.0,15.026046752929688,13.6181640625,0.0,nan,383.3999938964844,0.0,0.0,1271.9000244140625,nan,nan,nan,65536.0,nan,nan,nan,65536.0
2026-09-11T05:55:00.000+08:00,0.0,15.036102294921875,13.611328125,0.0,nan,383.5,0.0,0.0,1271.9000244140625,nan,nan,nan,65536.0,nan,nan,nan,65536.0
2026-09-11T05:56:00.000+08:00,0.0,15.057411193847656,13.59765625,0.0,nan,383.3999938964844,0.0,0.0,1271.9000244140625,nan,nan,nan,65536.0,nan,nan,nan,65536.0
2026-09-11T05:57:00.000+08:00,0.0,15.001411437988281,13.597412109375,0.0,nan,383.0,0.0,0.0,1271.9000244140625,nan,nan,nan,65536.0,nan,nan,nan,65536.0
2026-09-11T05:58:00.000+08:00,0.0,15.12118148803711,13.59765625,0.0,nan,382.79998779296875,0.0,0.0,1271.9000244140625,nan,nan,nan,65536.0,nan,nan,nan,65536.0
2026-09-11T05:59:00.000+08:00,0.0,15.059520721435547,13.59765625,0.0,nan,382.3999938964844,0.0,0.0,1271.9000244140625,nan,nan,nan,65536.0,nan,nan,nan,65536.0
2026-09-11T06:00:00.000+08:00,0.0,15.082687377929688,13.645751953125,0.0,nan,382.70001220703125,0.0,0.0,1271.9000244140625,nan,nan,nan,65536.0,nan,nan,nan,65536.0
2026-09-11T06:01:00.000+08:00,0.0,15.119911193847656,13.625,0.0,nan,382.3999938964844,0.0,0.0,1271.9000244140625,nan,nan,nan,65536.0,nan,nan,nan,65536.0
2026-09-11T06:02:00.000+08:00,0.0,15.089214324951172,13.666748046875,0.0,nan,382.0,0.0,0.0,1271.9000244140625,nan,nan,nan,65536.0,nan,nan,nan,65536.0
2026-09-11T06:03:00.000+08:00,0.0,15.092765808105469,13.673828125,0.0,nan,382.29998779296875,0.0,0.0,1271.9000244140625,nan,nan,nan,65536.0,nan,nan,nan,65536.0
2026-09-11T06:04:00.000+08:00,0.0,15.122852325439453,13.7158203125,0.0,nan,382.1000061035156,0.0,0.0,1271.9000244140625,nan,nan,nan,65536.0,nan,nan,nan,65536.0
2026-09-11T06:05:00.000+08:00,0.0,15.132919311523438,13.72265625,0.0,nan,382.1000061035156,0.0,0.0,1271.9000244140625,nan,nan,nan,65536.0,nan,nan,nan,65536.0
2026-09-11T06:06:00.000+08:00,0.0,15.12228012084961,13.736328125,0.0,nan,382.20001220703125,0.0,0.0,1271.9000244140625,nan,nan,nan,65536.0,nan,nan,nan,65536.0
2026-09-11T06:07:00.000+08:00,0.0,15.127262115478516,13.6669921875,0.0,nan,382.0,0.0,0.0,1271.9000244140625,nan,nan,nan,65536.0,nan,nan,nan,65536.0
2026-09-11T06:08:00.000+08:00,0.0,15.134628295898438,13.722412109375,0.0,nan,382.1000061035156,0.0,0.0,1271.9000244140625,nan,nan,nan,65536.0,nan,nan,nan,65536.0
2026-09-11T06:09:00.000+08:00,0.0,15.137313842773438,13.722412109375,0.0,nan,382.29998779296875,0.0,0.0,1271.9000244140625,nan,nan,nan,65536.0,nan,nan,nan,65536.0
2026-09-11T06:10:00.000+08:00,0.0,15.157615661621094,13.736328125,0.0,nan,382.0,0.0,0.0,1271.9000244140625,nan,nan,nan,65536.0,nan,nan,nan,65536.0
2026-09-11T06:11:00.000+08:00,0.0,15.156341552734375,13.708251953125,0.0,nan,383.0,0.0,0.0,1271.9000244140625,nan,nan,nan,65536.0,nan,nan,nan,65536.0
2026-09-11T06:12:00.000+08:00,0.0,15.171669006347656,13.7431640625,0.0,nan,382.8999938964844,0.0,0.0,1271.9000244140625,nan,nan,nan,65536.0,nan,nan,nan,65536.0
2026-09-11T06:13:00.000+08:00,0.0,15.173946380615234,13.6875,0.0,nan,382.70001220703125,0.0,0.0,1271.9000244140625,nan,nan,nan,65536.0,nan,nan,nan,65536.0
2026-09-11T06:14:00.000+08:00,0.0,15.172237396240234,13.72265625,0.0,nan,382.79998779296875,0.0,0.0,1271.9000244140625,nan,nan,nan,65536.0,nan,nan,nan,65536.0
2026-09-11T06:15:00.000+08:00,0.0,15.195655822753906,13.798583984375,0.0,nan,382.3999938964844,0.0,0.0,1271.9000244140625,nan,nan,nan,65536.0,nan,nan,nan,65536.0
2026-09-11T06:16:00.000+08:00,0.0,15.245246887207031,13.708251953125,0.0,nan,382.3999938964844,0.0,0.0,1271.9000244140625,nan,nan,nan,65536.0,nan,nan,nan,65536.0
2026-09-11T06:17:00.000+08:00,0.0,15.218082427978516,13.7919921875,0.0,nan,382.5,0.0,0.0,1271.9000244140625,nan,nan,nan,65536.0,nan,nan,nan,65536.0
2026-09-11T06:18:00.000+08:00,0.0,15.223468780517578,13.798583984375,0.0,nan,382.3999938964844,0.0,0.0,1271.9000244140625,nan,nan,nan,65536.0,nan,nan,nan,65536.0
2026-09-11T06:19:00.000+08:00,0.0,15.223468780517578,13.798828125,0.0,nan,382.5,0.0,0.0,1271.9000244140625,nan,nan,nan,65536.0,nan,nan,nan,65536.0
2026-09-11T06:20:00.000+08:00,0.0,15.233135223388672,13.8056640625,0.0,nan,382.8999938964844,0.0,0.0,1271.9000244140625,nan,nan,nan,65536.0,nan,nan,nan,65536.0
2026-09-11T06:21:00.000+08:00,0.0,15.218940734863281,13.78515625,0.0,nan,382.70001220703125,0.0,0.0,1271.9000244140625,nan,nan,nan,65536.0,nan,nan,nan,65536.0
2026-09-11T06:22:00.000+08:00,0.0,15.252571105957031,13.8125,0.0,nan,382.3999938964844,0.0,0.0,1271.9000244140625,nan,nan,nan,65536.0,nan,nan,nan,65536.0
2026-09-11T06:23:00.000+08:00,0.0,15.250438690185547,13.84765625,0.0,nan,382.70001220703125,0.0,0.0,1271.9000244140625,nan,nan,nan,65536.0,nan,nan,nan,65536.0
2026-09-11T06:24:00.000+08:00,0.0,15.26846694946289,13.861328125,0.0,nan,382.70001220703125,0.0,0.0,1271.9000244140625,nan,nan,nan,65536.0,nan,nan,nan,65536.0
2026-09-11T06:25:00.000+08:00,0.0,15.272331237792969,13.8681640625,0.0,nan,383.20001220703125,0.0,0.0,1271.9000244140625,nan,nan,nan,65536.0,nan,nan,nan,65536.0
2026-09-11T06:26:00.000+08:00,0.0,15.25115966796875,13.8681640625,0.0,nan,382.70001220703125,0.0,0.0,1271.9000244140625,nan,nan,nan,65536.0,nan,nan,nan,65536.0
2026-09-11T06:27:00.000+08:00,0.0,15.290599822998047,13.84765625,0.0,nan,383.1000061035156,0.0,0.0,1271.9000244140625,nan,nan,nan,65536.0,nan,nan,nan,65536.0
2026-09-11T06:28:00.000+08:00,0.0,15.298530578613281,13.8681640625,0.0,nan,382.8999938964844,0.0,0.0,1271.9000244140625,nan,nan,nan,65536.0,nan,nan,nan,65536.0
2026-09-11T06:29:00.000+08:00,0.0,15.315723419189453,13.888916015625,0.0,nan,382.8999938964844,0.0,0.0,1271.9000244140625,nan,nan,nan,65536.0,nan,nan,nan,65536.0
2026-09-11T06:30:00.000+08:00,0.0,15.36587142944336,13.861328125,0.0,nan,383.1000061035156,0.0,0.0,1271.9000244140625,nan,nan,nan,65536.0,nan,nan,nan,65536.0
2026-09-11T06:31:00.000+08:00,0.0,15.362327575683594,13.847412109375,0.0,nan,382.79998779296875,0.0,0.0,1271.9000244140625,nan,nan,nan,65536.0,nan,nan,nan,65536.0
2026-09-11T06:32:00.000+08:00,0.0,15.328067779541016,13.9169921875,0.0,nan,382.8999938964844,0.0,0.0,1271.9000244140625,nan,nan,nan,65536.0,nan,nan,nan,65536.0
2026-09-11T06:33:00.000+08:00,0.0,15.320995330810547,13.90283203125,0.0,nan,382.79998779296875,0.0,0.0,1271.9000244140625,nan,nan,nan,65536.0,nan,nan,nan,65536.0
2026-09-11T06:34:00.000+08:00,0.0,15.330753326416016,13.875,0.0,nan,382.70001220703125,0.0,0.0,1271.9000244140625,nan,nan,nan,65536.0,nan,nan,nan,65536.0
2026-09-11T06:35:00.000+08:00,0.0,15.346649169921875,13.916748046875,0.0,nan,381.8999938964844,0.0,0.0,1271.9000244140625,nan,nan,nan,65536.0,nan,nan,nan,65536.0
2026-09-11T06:36:00.000+08:00,0.0,15.34579086303711,13.923828125,0.0,nan,381.6000061035156,0.0,0.0,1271.9000244140625,nan,nan,nan,65536.0,nan,nan,nan,65536.0
2026-09-11T06:37:00.000+08:00,0.0,15.432140350341797,13.923828125,0.0,nan,382.20001220703125,0.0,0.0,1271.9000244140625,nan,nan,nan,65536.0,nan,nan,nan,65536.0
2026-09-11T06:38:00.000+08:00,0.0,15.409584045410156,13.923828125,0.0,nan,381.70001220703125,0.0,0.0,1271.9000244140625,nan,nan,nan,65536.0,nan,nan,nan,65536.0
2026-09-11T06:39:00.000+08:00,0.0,15.378437042236328,13.9375,0.0,nan,381.79998779296875,0.0,0.0,1271.9000244140625,nan,nan,nan,65536.0,nan,nan,nan,65536.0
2026-09-11T06:40:00.000+08:00,0.0,15.430747985839844,13.923828125,0.0,nan,382.0,0.0,0.0,1271.9000244140625,nan,nan,nan,65536.0,nan,nan,nan,65536.0
2026-09-11T06:41:00.000+08:00,0.0,15.427196502685547,13.895751953125,0.0,nan,381.79998779296875,0.0,0.0,1271.9000244140625,nan,nan,nan,65536.0,nan,nan,nan,65536.0
2026-09-11T06:42:00.000+08:00,0.0,15.392608642578125,13.9658203125,0.0,nan,382.29998779296875,0.0,0.0,1271.9000244140625,nan,nan,nan,65536.0,nan,nan,nan,65536.0
2026-09-11T06:43:00.000+08:00,0.0,15.401859283447266,13.951416015625,0.0,nan,382.3999938964844,0.0,0.0,1271.9000244140625,nan,nan,nan,65536.0,nan,nan,nan,65536.0
2026-09-11T06:44:00.000+08:00,0.0,15.401348114013672,13.97265625,0.0,nan,382.1000061035156,0.0,0.0,1271.9000244140625,nan,nan,nan,65536.0,nan,nan,nan,65536.0
2026-09-11T06:45:00.000+08:00,0.0,15.385887145996094,13.9794921875,0.0,nan,382.20001220703125,0.0,0.0,1271.9000244140625,nan,nan,nan,65536.0,nan,nan,nan,65536.0
2026-09-11T06:46:00.000+08:00,0.0,15.485954284667969,13.9931640625,0.0,nan,381.3999938964844,0.0,0.0,1271.9000244140625,nan,nan,nan,65536.0,nan,nan,nan,65536.0
2026-09-11T06:47:00.000+08:00,0.0,15.424755096435547,13.9931640625,0.0,nan,381.70001220703125,0.0,0.0,1271.9000244140625,nan,nan,nan,65536.0,nan,nan,nan,65536.0
2026-09-11T06:48:00.000+08:00,0.0,15.446861267089844,14.034912109375,0.0,nan,382.1000061035156,0.0,0.0,1271.9000244140625,nan,nan,nan,65536.0,nan,nan,nan,65536.0
2026-09-11T06:49:00.000+08:00,0.0,15.441158294677734,14.048828125,0.0,nan,382.1000061035156,0.0,0.0,1271.9000244140625,nan,nan,nan,65536.0,nan,nan,nan,65536.0
2026-09-11T06:50:00.000+08:00,0.0,15.465442657470703,14.0,0.0,nan,382.1000061035156,0.0,0.0,1271.9000244140625,nan,nan,nan,65536.0,nan,nan,nan,65536.0
2026-09-11T06:51:00.000+08:00,0.0,15.455245971679688,14.020751953125,0.0,nan,382.0,0.0,0.0,1271.9000244140625,nan,nan,nan,65536.0,nan,nan,nan,65536.0
2026-09-11T06:52:00.000+08:00,nan,15.48709487915039,14.0556640625,nan,nan,381.5,0.0,0.0,1271.9000244140625,nan,nan,nan,65536.0,nan,nan,nan,65536.0
2026-09-11T06:53:00.000+08:00,0.0,15.471141815185547,14.0556640625,0.0,nan,381.8999938964844,0.0,0.0,1271.9000244140625,nan,nan,nan,65536.0,nan,nan,nan,65536.0
2026-09-11T06:54:00.000+08:00,0.0,15.539852142333984,14.0556640625,0.0,nan,382.20001220703125,0.0,0.0,1271.9000244140625,nan,nan,nan,65536.0,nan,nan,nan,65536.0
2026-09-11T06:55:00.000+08:00,0.0,15.505126953125,14.097412109375,0.0,nan,382.1000061035156,0.0,0.0,1271.9000244140625,nan,nan,nan,65536.0,nan,nan,nan,65536.0
2026-09-11T06:56:00.000+08:00,0.0,15.440433502197266,14.048828125,0.0,nan,381.8999938964844,0.0,0.0,1271.9000244140625,nan,nan,nan,65536.0,nan,nan,nan,65536.0
2026-09-11T06:57:00.000+08:00,0.0,15.516651153564453,14.09765625,0.0,nan,381.79998779296875,0.0,0.0,1271.9000244140625,nan,nan,nan,65536.0,nan,nan,nan,65536.0
2026-09-11T06:58:00.000+08:00,0.0,15.50424575805664,14.097412109375,0.0,nan,381.79998779296875,0.0,0.0,1271.9000244140625,nan,nan,nan,65536.0,nan,nan,nan,65536.0
2026-09-11T06:59:00.000+08:00,0.0,15.528526306152344,14.1181640625,0.0,nan,381.8999938964844,0.0,0.0,1271.9000244140625,nan,nan,nan,65536.0,nan,nan,nan,65536.0
2026-09-11T07:00:00.000+08:00,0.0,15.525863647460938,14.0625,0.0,nan,381.79998779296875,0.0,0.0,1271.9000244140625,nan,nan,nan,65536.0,nan,nan,nan,65536.0
2026-09-11T07:01:00.000+08:00,0.0,15.984832763671875,14.173828125,0.0,nan,381.6000061035156,3.680000066757202,1.9670000076293945,1271.9000244140625,nan,nan,nan,65536.0,nan,nan,nan,65536.0
2026-09-11T07:02:00.000+08:00,0.0,17.14685821533203,14.47265625,0.0, +inf,381.29998779296875,3.6630001068115234,1.940999984741211,1272.0,nan,nan,nan,65536.0,nan,nan,nan,65536.0
2026-09-11T07:03:00.000+08:00,0.0,17.94367218017578,14.416748046875,0.0, +inf,381.0,3.6740000247955322,1.9630000591278076,1272.0,509.765625,1.837499976158142,0.9471917748451233,1502.0,509.765625,2.0289063453674316,1.0440912246704102,1519.0
2026-09-11T07:04:00.000+08:00,246.22372436523438,12.30422592163086,9.6669921875,17.41278076171875,0.11284814029932022,380.8999938964844,3.7019999027252197,1.9739999771118164,1272.0,509.765625,1.8757812976837158,0.9574200510978699,1503.0,509.765625,2.067187547683716,1.0582222938537598,1519.0
2026-09-11T07:05:00.000+08:00,364.76092529296875,12.813594818115234,10.78515625,19.35131072998047,0.10154350847005844,381.5,3.6029999256134033,1.9730000495910645,1272.0999755859375,509.765625,1.8757812976837158,0.9696670770645142,1503.0,509.765625,2.067187547683716,1.0556652545928955,1519.0
2026-09-11T07:06:00.000+08:00,369.1823425292969,13.167182922363281,11.16015625,15.257762908935547,0.12891797721385956,381.79998779296875,3.5950000286102295,1.9839999675750732,1272.0999755859375,509.765625,1.837499976158142,0.9528442621231079,1503.0,509.765625,2.067187547683716,1.061317801475525,1519.0
2026-09-11T07:07:00.000+08:00,378.0784912109375,13.283889770507812,11.2294921875,14.719756126403809,0.1339016705751419,381.79998779296875,3.7019999027252197,1.9830000400543213,1272.0999755859375,509.765625,1.837499976158142,0.9590350389480591,1503.0,509.765625,2.067187547683716,1.057684063911438,1519.0
2026-09-11T07:08:00.000+08:00,372.83203125,12.702659606933594,10.486328125,15.367822647094727,0.1290358453989029,381.79998779296875,3.7179999351501465,1.9919999837875366,1272.199951171875,509.765625,1.8757812976837158,0.9658987522125244,1503.0,509.765625,2.067187547683716,1.0654897689819336,1519.0
2026-09-11T07:09:00.000+08:00,368.1322937011719,12.253616333007812,10.104248046875,16.32758903503418,0.12126714736223221,381.79998779296875,3.7049999237060547,1.9819999933242798,1272.199951171875,509.765625,1.8757812976837158,0.9614574909210205,1503.0,509.765625,2.067187547683716,1.0601065158843994,1519.0
2026-09-11T07:10:00.000+08:00,376.11712646484375,12.188690185546875,10.09765625,17.271984100341797,0.11486809700727463,381.79998779296875,3.7249999046325684,1.9889999628067017,1272.199951171875,509.765625,1.8757812976837158,0.962668776512146,1503.0,509.765625,2.067187547683716,1.0642786026000977,1519.0
2026-09-11T07:11:00.000+08:00,373.0340881347656,12.272216796875,10.09765625,16.417516708374023,0.12127290666103363,382.1000061035156,3.7160000801086426,1.9839999675750732,1272.300048828125,509.765625,1.8757812976837158,0.9614574909210205,1503.0,509.765625,2.067187547683716,1.0634710788726807,1519.0
2026-09-11T07:12:00.000+08:00,373.0319519042969,12.275562286376953,10.09765625,16.025590896606445,0.12367719411849976,382.5,3.7249999046325684,2.002000093460083,1272.300048828125,509.765625,1.8757812976837158,0.9638800024986267,1503.0,509.765625,2.067187547683716,1.0728918313980103,1519.0
2026-09-11T07:13:00.000+08:00,370.4158020019531,12.24249267578125,9.9375,15.427837371826172,0.12995988130569458,381.5,3.7130000591278076,1.9910000562667847,1272.300048828125,509.765625,1.8757812976837158,0.9654949903488159,1503.0,509.765625,2.067187547683716,1.0609140396118164,1519.0
2026-09-11T07:14:00.000+08:00,377.4554748535156,12.081676483154297,9.909912109375,16.233911514282227,0.12227491289377213,381.20001220703125,3.6989998817443848,1.9780000448226929,1272.4000244140625,509.765625,1.8757812976837158,0.9586312770843506,1503.0,509.765625,2.067187547683716,1.064816951751709,1519.0
2026-09-11T07:15:00.000+08:00,374.30206298828125,12.017562866210938,9.84765625,16.017940521240234,0.12317438423633575,381.20001220703125,3.622999906539917,1.9889999628067017,1272.4000244140625,509.765625,1.8757812976837158,0.9606500267982483,1503.0,509.765625,2.067187547683716,1.0669702291488647,1519.0
2026-09-11T07:16:00.000+08:00,370.06854248046875,11.950981140136719,9.7783203125,15.861419677734375,0.12508338689804077,381.29998779296875,3.609999895095825,1.9789999723434448,1272.4000244140625,509.765625,1.837499976158142,0.9570162892341614,1503.0,509.765625,2.067187547683716,1.0657589435577393,1519.0
2026-09-11T07:17:00.000+08:00,378.886474609375,11.934497833251953,9.736328125,16.395109176635742,0.12101169675588608,381.29998779296875,3.621000051498413,1.9850000143051147,1272.5,509.765625,1.8757812976837158,0.9602462649345398,1503.0,509.765625,2.067187547683716,1.061586856842041,1519.0
2026-09-11T07:18:00.000+08:00,381.9532470703125,11.813056945800781,9.729248046875,17.427791595458984,0.11343950033187866,381.3999938964844,3.6070001125335693,1.9789999723434448,1272.5,509.765625,1.837499976158142,0.9558050632476807,1503.0,509.765625,2.067187547683716,1.0633364915847778,1519.0
2026-09-11T07:19:00.000+08:00,377.8263244628906,11.87862777709961,9.722412109375,17.27286148071289,0.11480436474084854,381.70001220703125,3.635999917984009,1.9859999418258667,1272.5,509.765625,1.837499976158142,0.9594388008117676,1503.0,509.765625,2.067187547683716,1.0683159828186035,1519.0
2026-09-11T07:20:00.000+08:00,378.4215087890625,11.863361358642578,9.659912109375,16.53630256652832,0.12034129351377487,381.3999938964844,3.6050000190734863,1.9839999675750732,1272.5999755859375,509.765625,1.837499976158142,0.9578238129615784,1503.0,509.765625,2.067187547683716,1.0715460777282715,1519.0
2026-09-11T07:21:00.000+08:00,369.9217224121094,11.8753662109375,9.8056640625,16.233613967895508,0.12147633731365204,381.70001220703125,3.61299991607666,1.9910000562667847,1272.5999755859375,509.765625,1.837499976158142,0.9558050632476807,1503.0,509.765625,2.067187547683716,1.066701054573059,1519.0
2026-09-11T07:22:00.000+08:00,367.1316833496094,11.879631042480469,9.798828125,15.845388412475586,0.1250206083059311,381.6000061035156,3.627000093460083,1.9910000562667847,1272.5999755859375,509.765625,1.837499976158142,0.9566125273704529,1503.0,509.765625,2.067187547683716,1.071142315864563,1519.0
2026-09-11T07:23:00.000+08:00,364.6081237792969,11.91220474243164,9.6875,15.851356506347656,0.1254151314496994,381.79998779296875,3.625,1.9930000305175781,1272.699951171875,509.765625,1.837499976158142,0.9570162892341614,1503.0,509.765625,2.067187547683716,1.073968529701233,1519.0
2026-09-11T07:24:00.000+08:00,364.64776611328125,11.940589904785156,9.798828125,15.727280616760254,0.12595947086811066,382.1000061035156,3.621999979019165,1.9910000562667847,1272.699951171875,509.765625,1.837499976158142,0.9606500267982483,1503.0,509.765625,2.067187547683716,1.0732955932617188,1519.0
2026-09-11T07:25:00.000+08:00,357.7441711425781,11.94244384765625,9.7919921875,14.901390075683594,0.13361169397830963,382.0,3.615000009536743,1.9850000143051147,1272.699951171875,509.765625,1.837499976158142,0.9558050632476807,1503.0,509.765625,2.067187547683716,1.0732955932617188,1519.0
2026-09-11T07:26:00.000+08:00,357.97540283203125,11.905570983886719,9.75,15.270403861999512,0.12979355454444885,382.0,3.61899995803833,1.9900000095367432,1272.800048828125,509.765625,1.8757812976837158,0.9582275152206421,1503.0,509.765625,2.067187547683716,1.0736993551254272,1519.0
2026-09-11T07:27:00.000+08:00,363.378173828125,11.9168701171875,9.8056640625,15.890570640563965,0.12567201256752014,381.79998779296875,3.621000051498413,1.9850000143051147,1272.800048828125,509.765625,1.837499976158142,0.9558050632476807,1503.0,509.765625,2.067187547683716,1.0745068788528442,1519.0
2026-09-11T07:28:00.000+08:00,361.44769287109375,11.911991119384766,9.798828125,15.223548889160156,0.1308499127626419,382.1000061035156,3.61299991607666,1.9910000562667847,1272.800048828125,509.765625,1.837499976158142,0.9520367383956909,1503.0,509.765625,2.067187547683716,1.0745068788528442,1519.0
2026-09-11T07:29:00.000+08:00,364.3531494140625,11.893356323242188,9.78515625,15.383398056030273,0.12942524254322052,382.1000061035156,3.6080000400543213,1.9850000143051147,1272.9000244140625,509.765625,1.8757812976837158,0.9622650146484375,1503.0,509.765625,2.10546875,1.0773330926895142,1519.0
2026-09-11T07:30:00.000+08:00,364.7183837890625,11.90224838256836,9.757080078125,15.30904769897461,0.13011913001537323,383.0,3.631999969482422,2.009000062942505,1272.9000244140625,509.765625,1.8757812976837158,0.961861252784729,1503.0,509.765625,2.10546875,1.0804284811019897,1519.0
2026-09-11T07:31:00.000+08:00,364.2540588378906,11.890636444091797,9.7919921875,15.202657699584961,0.1320163905620575,382.5,3.630000114440918,2.007999897003174,1272.9000244140625,509.765625,1.837499976158142,0.9570162892341614,1503.0,509.765625,2.10546875,1.078275203704834,1519.0
2026-09-11T07:32:00.000+08:00,359.61395263671875,11.818641662597656,9.798828125,15.800212860107422,0.12626412510871887,382.70001220703125,3.5889999866485596,1.9919999837875366,1273.0,509.765625,1.8757812976837158,0.9660333395004272,1503.0,509.765625,2.10546875,1.0808322429656982,1519.0
2026-09-11T07:33:00.000+08:00,358.9749755859375,11.875663757324219,9.784912109375,14.774068832397461,0.13530462980270386,383.3999938964844,3.624000072479248,2.01200008392334,1273.0,509.765625,1.8757812976837158,0.963610827922821,1503.0,509.765625,2.067187547683716,1.0813705921173096,1519.0
2026-09-11T07:34:00.000+08:00,353.3817138671875,11.919525146484375,9.6875,14.541677474975586,0.1377420276403427,383.20001220703125,3.6070001125335693,2.007999897003174,1273.0,509.765625,1.8757812976837158,0.9630725383758545,1503.0,509.765625,2.10546875,1.080966830253601,1519.0
2026-09-11T07:35:00.000+08:00,362.4893798828125,11.8255615234375,9.722412109375,15.670185089111328,0.12807761132717133,383.29998779296875,3.630000114440918,2.0160000324249268,1273.0999755859375,509.765625,1.8757812976837158,0.9660333395004272,1503.0,509.765625,2.10546875,1.0851387977600098,1519.0
2026-09-11T07:36:00.000+08:00,356.22802734375,11.856437683105469,9.736328125,15.491910934448242,0.1292932778596878,383.1000061035156,3.622999906539917,2.009000062942505,1273.0999755859375,509.765625,1.8757812976837158,0.9656295776367188,1503.0,509.765625,2.10546875,1.0797555446624756,1519.0
2026-09-11T07:37:00.000+08:00,353.0572204589844,11.919525146484375,9.694580078125,14.84300708770752,0.13487833738327026,382.8999938964844,3.6010000705718994,1.996000051498413,1273.0999755859375,509.765625,1.837499976158142,0.9602462649345398,1503.0,509.765625,2.10546875,1.0836584568023682,1519.0
2026-09-11T07:38:00.000+08:00,351.0773010253906,11.833511352539062,9.70849609375,15.007927894592285,0.1335294246673584,382.70001220703125,3.5999999046325684,2.000999927520752,1273.199951171875,509.765625,1.837499976158142,0.9586312770843506,1503.0,509.765625,2.10546875,1.078275203704834,1519.0
2026-09-11T07:39:00.000+08:00,354.0749816894531,11.880138397216797,9.7431640625,14.846345901489258,0.13558891415596008,382.5,3.6059999465942383,2.0,1273.199951171875,509.765625,1.8757812976837158,0.9606500267982483,1503.0,509.765625,2.10546875,1.0815051794052124,1519.0
2026-09-11T07:40:00.000+08:00,345.7174987792969,11.83707046508789,9.6806640625,15.124101638793945,0.13223925232887268,382.29998779296875,3.6070001125335693,1.9980000257492065,1273.199951171875,509.765625,1.837499976158142,0.9558050632476807,1503.0,509.765625,2.10546875,1.0749106407165527,1519.0
2026-09-11T07:41:00.000+08:00,346.0113830566406,11.846878051757812,9.673828125,14.870904922485352,0.13442356884479523,381.79998779296875,3.6089999675750732,1.996999979019165,1273.300048828125,509.765625,1.837499976158142,0.9516329765319824,1503.0,509.765625,2.067187547683716,1.070334792137146,1519.0
2026-09-11T07:42:00.000+08:00,352.3504333496094,11.860889434814453,9.673828125,14.771075248718262,0.13479046523571014,381.1000061035156,3.687999963760376,1.9850000143051147,1273.300048828125,509.765625,1.837499976158142,0.9544592499732971,1503.0,509.765625,2.067187547683716,1.0716805458068848,1519.0
2026-09-11T07:43:00.000+08:00,352.92523193359375,11.871288299560547,9.6875,14.673791885375977,0.13554778695106506,381.1000061035156,3.6600000858306885,1.9800000190734863,1273.300048828125,509.765625,1.837499976158142,0.9512292742729187,1503.0,509.765625,2.067187547683716,1.0712769031524658,1519.0
2026-09-11T07:44:00.000+08:00,345.94390869140625,11.858779907226562,9.673828125,15.155661582946777,0.13044629991054535,381.3999938964844,3.6989998817443848,1.9889999628067017,1273.4000244140625,509.765625,1.837499976158142,0.9566125273704529,1503.0,509.765625,2.067187547683716,1.0734301805496216,1519.0
2026-09-11T07:45:00.000+08:00,350.2440185546875,11.844993591308594,9.6806640625,14.527505874633789,0.1366373598575592,381.3999938964844,3.697999954223633,1.9900000095367432,1273.4000244140625,509.765625,1.8757812976837158,0.9610537886619568,1503.0,509.765625,2.067187547683716,1.0728918313980103,1519.0
2026-09-11T07:46:00.000+08:00,352.67083740234375,11.77822494506836,9.673828125,14.717000007629395,0.1347421258687973,382.1000061035156,3.7139999866485596,1.9900000095367432,1273.4000244140625,509.765625,1.837499976158142,0.9566125273704529,1503.0,509.765625,2.067187547683716,1.073968529701233,1519.0
2026-09-11T07:47:00.000+08:00,352.2526550292969,11.808677673339844,9.611083984375,14.569174766540527,0.1368643045425415,382.3999938964844,3.5959999561309814,2.002000093460083,1273.5,509.765625,1.8757812976837158,0.9610537886619568,1503.0,509.765625,2.10546875,1.080293893814087,1519.0
2026-09-11T07:48:00.000+08:00,349.6759948730469,11.844097137451172,9.6806640625,14.535811424255371,0.13752242922782898,382.5,3.628000020980835,2.003999948501587,1273.5,509.765625,1.8757812976837158,0.9656295776367188,1503.0,509.765625,2.10546875,1.0808322429656982,1519.0
2026-09-11T07:49:00.000+08:00,349.55828857421875,11.86642837524414,9.659912109375,14.54644775390625,0.1378343403339386,382.70001220703125,3.6110000610351562,2.002000093460083,1273.5,509.765625,1.837499976158142,0.9582275152206421,1503.0,509.765625,2.10546875,1.0790826082229614,1519.0
2026-09-11T07:50:00.000+08:00,347.4112243652344,11.886978149414062,9.784912109375,15.424964904785156,0.13011375069618225,382.3999938964844,3.6010000705718994,1.9980000257492065,1273.5999755859375,509.765625,1.837499976158142,0.9594388008117676,1503.0,509.765625,2.10546875,1.0813705921173096,1519.0
2026-09-11T07:51:00.000+08:00,nan,11.905155181884766,9.722412109375,nan,nan,382.20001220703125,3.5959999561309814,1.9919999837875366,1273.5999755859375,509.765625,1.837499976158142,0.9516329765319824,1503.0,509.765625,2.067187547683716,1.0735647678375244,1519.0
2026-09-11T07:52:00.000+08:00,327.8204650878906,12.024482727050781,9.763916015625,14.057743549346924,0.14188452810049057,381.70001220703125,3.5959999561309814,1.996999979019165,1273.5999755859375,509.765625,1.8757812976837158,0.9578238129615784,1503.0,509.765625,2.10546875,1.0762563943862915,1519.0
2026-09-11T07:53:00.000+08:00,326.28521728515625,12.037601470947266,9.7919921875,14.224556922912598,0.13996921479701996,381.70001220703125,3.684000015258789,1.9859999418258667,1273.699951171875,509.765625,1.8757812976837158,0.9634762406349182,1503.0,509.765625,2.067187547683716,1.0710077285766602,1520.0
2026-09-11T07:54:00.000+08:00,317.3494873046875,12.169940948486328,9.78515625,13.85753059387207,0.14353206753730774,382.5,3.621000051498413,2.00600004196167,1273.699951171875,509.765625,1.8757812976837158,0.9646875262260437,1503.0,509.765625,2.10546875,1.0769293308258057,1520.0
2026-09-11T07:55:00.000+08:00,305.36199951171875,12.23019027709961,9.882080078125,13.975747108459473,0.14324815571308136,383.8999938964844,3.5989999771118164,2.007999897003174,1273.699951171875,513.28125,1.8757812976837158,0.9664371013641357,1503.0,513.28125,2.10546875,1.0843313932418823,1520.0
2026-09-11T07:56:00.000+08:00,305.618408203125,12.215232849121094,9.91015625,13.575714111328125,0.14710091054439545,383.8999938964844,3.617000102996826,2.0199999809265137,1273.800048828125,513.28125,1.8757812976837158,0.9722241163253784,1503.0,513.28125,2.10546875,1.087292194366455,1520.0
2026-09-11T07:57:00.000+08:00,305.13848876953125,12.26102066040039,9.9931640625,14.3034029006958,0.14108531177043915,383.20001220703125,3.6059999465942383,2.0139999389648438,1273.800048828125,509.765625,1.8757812976837158,0.9734353423118591,1503.0,509.765625,2.10546875,1.0841968059539795,1520.0
2026-09-11T07:58:00.000+08:00,295.134033203125,12.21368408203125,9.9306640625,13.585304260253906,0.14839564263820648,383.1000061035156,3.6470000743865967,2.013000011444092,1273.800048828125,509.765625,1.8757812976837158,0.9754540920257568,1503.0,509.765625,2.10546875,1.0841968059539795,1520.0
2026-09-11T07:59:00.000+08:00,297.1728210449219,12.23895263671875,9.84765625,13.81979751586914,0.14638419449329376,382.6000061035156,3.617000102996826,2.007999897003174,1273.9000244140625,509.765625,1.8757812976837158,0.9737045168876648,1503.0,509.765625,2.10546875,1.080293893814087,1520.0
2026-09-11T08:00:00.000+08:00,296.6056213378906,12.240772247314453,9.861083984375,13.38497257232666,0.15016840398311615,382.79998779296875,3.621999979019165,2.009999990463257,1273.9000244140625,509.765625,1.9140625,0.9798953533172607,1503.0,509.765625,2.10546875,1.080293893814087,1520.0
2026-09-11T08:01:00.000+08:00,300.4068603515625,12.127727508544922,9.694580078125,14.188313484191895,0.14166589081287384,382.29998779296875,3.6019999980926514,2.005000114440918,1273.9000244140625,509.765625,1.8757812976837158,0.9708783030509949,1503.0,509.765625,2.10546875,1.0769293308258057,1520.0
2026-09-11T08:02:00.000+08:00,297.4031066894531,12.039710998535156,9.6181640625,14.54702091217041,0.14136457443237305,382.79998779296875,3.634000062942505,2.01200008392334,1274.0,509.765625,1.8757812976837158,0.9712820649147034,1503.0,509.765625,2.10546875,1.0815051794052124,1520.0
2026-09-11T08:03:00.000+08:00,298.17669677734375,12.039710998535156,9.611328125,14.436697959899902,0.13929778337478638,382.3999938964844,3.631999969482422,2.009000062942505,1274.0,509.765625,1.8757812976837158,0.9668408036231995,1503.0,509.765625,2.10546875,1.0781406164169312,1520.0
2026-09-11T08:04:00.000+08:00,297.58355712890625,12.049854278564453,9.6181640625,14.394984245300293,0.13942356407642365,384.29998779296875,3.6459999084472656,2.0369999408721924,1274.0,513.28125,1.9140625,0.9856823682785034,1503.0,513.28125,2.10546875,1.0952324867248535,1520.0
2026-09-11T08:05:00.000+08:00,297.83837890625,12.060855865478516,9.604248046875,14.418604850769043,0.14113709330558777,384.8999938964844,3.6429998874664307,2.052000045776367,1274.0999755859375,513.28125,1.9140625,0.9882394671440125,1503.0,513.28125,2.10546875,1.100885033607483,1520.0
2026-09-11T08:06:00.000+08:00,297.0144958496094,12.042804718017578,9.604248046875,14.483545303344727,0.14140184223651886,385.79998779296875,3.6489999294281006,2.061000108718872,1274.0999755859375,513.28125,1.9140625,0.9920077323913574,1504.0,513.28125,2.143749952316284,1.1069412231445312,1520.0
2026-09-11T08:07:00.000+08:00,293.6104431152344,12.117919921875,9.66015625,14.095321655273438,0.14586399495601654,386.29998779296875,3.6549999713897705,2.056999921798706,1274.0999755859375,513.28125,1.9140625,0.9986022710800171,1504.0,513.28125,2.10546875,1.10357666015625,1520.0
2026-09-11T08:08:00.000+08:00,289.4787292480469,12.088092803955078,9.722412109375,13.754204750061035,0.1492634415626526,385.79998779296875,3.6559998989105225,2.055000066757202,1274.199951171875,513.28125,1.9140625,0.9920077323913574,1504.0,513.28125,2.10546875,1.1026345491409302,1520.0
2026-09-11T08:09:00.000+08:00,296.89141845703125,12.129341125488281,9.757080078125,13.867945671081543,0.14839977025985718,385.3999938964844,3.6689999103546143,2.0490000247955322,1274.199951171875,513.28125,1.9140625,0.9890469312667847,1504.0,513.28125,2.10546875,1.0977896451950073,1520.0
2026-09-11T08:10:00.000+08:00,293.5066833496094,12.149173736572266,9.791748046875,13.776820182800293,0.14974427223205566,385.79998779296875,3.6589999198913574,2.0490000247955322,1274.199951171875,513.28125,1.9140625,0.9952377080917358,1504.0,513.28125,2.10546875,1.1014233827590942,1520.0
2026-09-11T08:11:00.000+08:00,296.6114196777344,12.171154022216797,9.798583984375,13.862611770629883,0.14809618890285492,385.8999938964844,3.6730000972747803,2.0510001182556152,1274.300048828125,513.28125,1.9140625,0.9944302439689636,1504.0,513.28125,2.10546875,1.1039804220199585,1520.0
2026-09-11T08:12:00.000+08:00,285.945068359375,12.287185668945312,9.9306640625,13.564838409423828,0.15142089128494263,385.70001220703125,3.6530001163482666,2.055999994277954,1274.300048828125,513.28125,1.9140625,0.9886431694030762,1504.0,513.28125,2.10546875,1.1014233827590942,1520.0
2026-09-11T08:13:00.000+08:00,288.634521484375,12.430137634277344,10.0556640625,13.394309043884277,0.15334871411323547,385.79998779296875,3.6679999828338623,2.055999994277954,1274.300048828125,513.28125,1.9140625,0.9928152561187744,1504.0,513.28125,2.10546875,1.0990008115768433,1520.0
2026-09-11T08:14:00.000+08:00,290.337158203125,12.31875228881836,10.048583984375,13.238890647888184,0.15499788522720337,385.6000061035156,3.6500000953674316,2.0490000247955322,1274.4000244140625,513.28125,1.9140625,0.9936227202415466,1504.0,513.28125,2.10546875,1.1046533584594727,1520.0
2026-09-11T08:15:00.000+08:00,289.1169738769531,12.36404037475586,9.923583984375,13.556549072265625,0.15114465355873108,385.6000061035156,3.6449999809265137,2.0429999828338623,1274.4000244140625,513.28125,1.9140625,0.987835705280304,1504.0,513.28125,2.10546875,1.0963091850280762,1520.0
2026-09-11T08:16:00.000+08:00,292.74090576171875,12.308773040771484,9.8125,13.691642761230469,0.1496533304452896,385.79998779296875,3.6549999713897705,2.0490000247955322,1274.4000244140625,513.28125,1.9140625,0.9894506931304932,1504.0,513.28125,2.10546875,1.1039804220199585,1520.0
2026-09-11T08:17:00.000+08:00,284.2597961425781,12.22549819946289,9.819580078125,13.490313529968262,0.15247978270053864,385.70001220703125,3.635999917984009,2.0490000247955322,1274.5,513.28125,1.9140625,0.9932190179824829,1504.0,513.28125,2.10546875,1.099269986152649,1520.0
2026-09-11T08:18:00.000+08:00,287.1170349121094,12.188262939453125,9.861328125,13.573473930358887,0.15117721259593964,385.5,3.671999931335449,2.0480000972747803,1274.5,513.28125,1.9140625,0.9948340058326721,1504.0,513.28125,2.10546875,1.1004812717437744,1520.0
2026-09-11T08:19:00.000+08:00,288.5586853027344,12.101207733154297,9.7431640625,13.602707862854004,0.15077880024909973,385.70001220703125,3.6530001163482666,2.055000066757202,1274.5,513.28125,1.9140625,0.9972564578056335,1504.0,513.28125,2.10546875,1.1002120971679688,1520.0
2026-09-11T08:20:00.000+08:00,294.58306884765625,12.11160659790039,9.6875,14.515771865844727,0.1412256956100464,385.79998779296875,3.6640000343322754,2.062999963760376,1274.5999755859375,513.28125,1.9140625,0.9969872832298279,1504.0,513.28125,2.143749952316284,1.1081525087356567,1520.0
2026-09-11T08:21:00.000+08:00,289.79010009765625,12.170127868652344,9.729248046875,13.52845287322998,0.15190206468105316,385.5,3.6700000762939453,2.052000045776367,1274.5999755859375,513.28125,1.9140625,0.9964489936828613,1504.0,513.28125,2.143749952316284,1.1042495965957642,1520.0
2026-09-11T08:22:00.000+08:00,281.53961181640625,12.20309829711914,9.8056640625,13.357491493225098,0.15362165868282318,385.3999938964844,3.6710000038146973,2.049999952316284,1274.5999755859375,513.28125,1.9140625,0.9924114942550659,1504.0,513.28125,2.10546875,1.1042495965957642,1520.0
2026-09-11T08:23:00.000+08:00,282.8810119628906,12.131752014160156,9.7158203125,13.205418586730957,0.1554664820432663,385.5,3.6679999828338623,2.056999921798706,1274.699951171875,513.28125,1.9140625,0.9924114942550659,1504.0,513.28125,2.10546875,1.1004812717437744,1520.0
2026-09-11T08:24:00.000+08:00,282.9140930175781,12.131141662597656,9.798828125,13.11893367767334,0.15725363790988922,385.79998779296875,3.681999921798706,2.056999921798706,1274.699951171875,513.28125,1.9140625,0.9862207174301147,1504.0,513.28125,2.10546875,1.1039804220199585,1520.0
2026-09-11T08:25:00.000+08:00,286.7657165527344,12.163745880126953,9.736328125,13.522223472595215,0.15115857124328613,385.70001220703125,3.678999900817871,2.059000015258789,1274.800048828125,513.28125,1.9140625,0.9952377080917358,1504.0,513.28125,2.143749952316284,1.1088253259658813,1520.0
2026-09-11T08:26:00.000+08:00,275.23681640625,12.16189193725586,9.694580078125,13.546181678771973,0.15214620530605316,385.8999938964844,3.681999921798706,2.055999994277954,1274.800048828125,513.28125,1.9140625,0.9952377080917358,1504.0,513.28125,2.10546875,1.1046533584594727,1520.0
2026-09-11T08:27:00.000+08:00,281.3980407714844,12.087486267089844,9.7294921875,13.60682487487793,0.15080668032169342,385.5,3.6640000343322754,2.053999900817871,1274.800048828125,513.28125,1.9140625,0.9924114942550659,1504.0,513.28125,2.10546875,1.1030383110046387,1520.0
2026-09-11T08:28:00.000+08:00,281.486328125,12.080440521240234,9.736328125,13.554976463317871,0.15153105556964874,385.20001220703125,3.684999942779541,2.052999973297119,1274.9000244140625,513.28125,1.9140625,0.9854131937026978,1504.0,513.28125,2.10546875,1.100077509880066,1520.0
2026-09-11T08:29:00.000+08:00,280.1383361816406,12.156410217285156,9.722412109375,13.02702808380127,0.15797924995422363,385.1000061035156,3.703000068664551,2.053999900817871,1274.9000244140625,513.28125,1.9140625,1.000217318534851,1504.0,513.28125,2.10546875,1.0971167087554932,1520.0
2026-09-11T08:30:00.000+08:00,278.4998779296875,12.111186981201172,9.6806640625,13.29841136932373,0.15407855808734894,385.20001220703125,3.677999973297119,2.0460000038146973,1274.9000244140625,513.28125,1.9140625,0.9960452318191528,1504.0,513.28125,2.10546875,1.0995391607284546,1520.0
2026-09-11T08:31:00.000+08:00,280.99078369140625,12.159183502197266,9.722412109375,13.664993286132812,0.14935974776744843,384.6000061035156,3.6619999408721924,2.0450000762939453,1275.0,513.28125,1.9140625,0.9984676837921143,1504.0,513.28125,2.10546875,1.093752145767212,1520.0
2026-09-11T08:32:00.000+08:00,277.1085205078125,12.129840850830078,9.659912109375,13.123434066772461,0.15613292157649994,385.1000061035156,3.688999891281128,2.052999973297119,1275.0,513.28125,1.9140625,0.9858169555664062,1504.0,513.28125,2.10546875,1.101557970046997,1520.0
2026-09-11T08:33:00.000+08:00,283.605224609375,12.12496566772461,9.673828125,13.92331314086914,0.14694777131080627,384.70001220703125,3.6740000247955322,2.0399999618530273,1275.0,513.28125,1.9140625,0.9882394671440125,1504.0,513.28125,2.10546875,1.0979242324829102,1520.0
2026-09-11T08:34:00.000+08:00,281.713134765625,12.109676361083984,9.673583984375,13.687222480773926,0.14962860941886902,384.8999938964844,3.678999900817871,2.046999931335449,1275.0999755859375,513.28125,1.9140625,0.9886431694030762,1504.0,513.28125,2.10546875,1.0967129468917847,1520.0
2026-09-11T08:35:00.000+08:00,279.8393249511719,12.112041473388672,9.6181640625,13.619331359863281,0.15088845789432526,384.6000061035156,3.6670000553131104,2.046999931335449,1275.0999755859375,513.28125,1.9140625,0.9902581572532654,1504.0,513.28125,2.10546875,1.0961745977401733,1520.0
2026-09-11T08:36:00.000+08:00,279.1520690917969,12.053508758544922,9.5908203125,13.634268760681152,0.1507231593132019,385.1000061035156,3.684000015258789,2.0429999828338623,1275.0999755859375,513.28125,1.9140625,0.9928152561187744,1504.0,513.28125,2.10546875,1.0976550579071045,1520.0
2026-09-11T08:37:00.000+08:00,274.1476745605469,12.087486267089844,9.7294921875,13.159337043762207,0.15601089596748352,384.8999938964844,3.677999973297119,2.052000045776367,1275.199951171875,513.28125,1.9140625,0.9890469312667847,1504.0,513.28125,2.10546875,1.0985970497131348,1520.0
2026-09-11T08:38:00.000+08:00,275.29876708984375,12.139698028564453,9.7919921875,12.952420234680176,0.15742231905460358,384.6000061035156,3.6640000343322754,2.0420000553131104,1275.199951171875,513.28125,1.9140625,0.9894506931304932,1504.0,513.28125,2.10546875,1.1003466844558716,1520.0
2026-09-11T08:39:00.000+08:00,274.9933166503906,12.162792205810547,9.6875,12.881872177124023,0.15875022113323212,384.79998779296875,3.681999921798706,2.0450000762939453,1275.199951171875,513.28125,1.9140625,0.9860861301422119,1504.0,513.28125,2.10546875,1.0985970497131348,1520.0
2026-09-11T08:40:00.000+08:00,269.5570068359375,12.153129577636719,9.7919921875,13.285860061645508,0.15332089364528656,384.29998779296875,3.6570000648498535,2.0339999198913574,1275.300048828125,513.28125,1.8757812976837158,0.9844711422920227,1504.0,513.28125,2.10546875,1.0990008115768433,1520.0
2026-09-11T08:41:00.000+08:00,268.90667724609375,12.144989013671875,9.861328125,13.208990097045898,0.1537589132785797,384.5,3.6459999084472656,2.0299999713897705,1275.300048828125,513.28125,1.9140625,0.9906619191169739,1504.0,513.28125,2.10546875,1.0952324867248535,1520.0
2026-09-11T08:42:00.000+08:00,272.4740905761719,12.248611450195312,9.784912109375,12.775349617004395,0.15983907878398895,384.79998779296875,3.6640000343322754,2.0360000133514404,1275.300048828125,513.28125,1.9140625,0.9886431694030762,1504.0,513.28125,2.10546875,1.0932137966156006,1520.0
2026-09-11T08:43:00.000+08:00,273.9439392089844,12.138591766357422,9.854248046875,13.072362899780273,0.156283900141716,384.79998779296875,3.683000087738037,2.0450000762939453,1275.4000244140625,513.28125,1.8757812976837158,0.9820486307144165,1504.0,513.28125,2.10546875,1.0953670740127563,1520.0
2026-09-11T08:44:00.000+08:00,276.32568359375,12.13003158569336,9.861083984375,13.149877548217773,0.15566684305667877,384.8999938964844,3.681999921798706,2.0399999618530273,1275.4000244140625,513.28125,1.9140625,0.9894506931304932,1504.0,513.28125,2.10546875,1.099135398864746,1520.0
2026-09-11T08:45:00.000+08:00,269.28814697265625,12.166259765625,9.7919921875,12.685730934143066,0.16057410836219788,385.1000061035156,3.6530001163482666,2.049999952316284,1275.4000244140625,513.28125,1.8757812976837158,0.983259916305542,1504.0,513.28125,2.10546875,1.100077509880066,1520.0
2026-09-11T08:46:00.000+08:00,273.5999450683594,12.12759017944336,9.784912109375,13.017845153808594,0.15640069544315338,385.5,3.6449999809265137,2.0409998893737793,1275.5,513.28125,1.8757812976837158,0.9862207174301147,1504.0,513.28125,2.10546875,1.1004812717437744,1520.0
2026-09-11T08:47:00.000+08:00,273.15435791015625,12.186111450195312,9.78515625,12.326601028442383,0.166225865483284,385.20001220703125,3.6630001068115234,2.0510001182556152,1275.5,513.28125,1.9140625,0.9932190179824829,1504.0,513.28125,2.10546875,1.1039804220199585,1520.0
2026-09-11T08:48:00.000+08:00,269.3583984375,12.134323120117188,9.819580078125,12.402803421020508,0.16439831256866455,386.0,3.6410000324249268,2.0490000247955322,1275.5,513.28125,1.8757812976837158,0.9828561544418335,1504.0,513.28125,2.10546875,1.1069412231445312,1521.0
2026-09-11T08:49:00.000+08:00,275.1183776855469,12.232845306396484,9.819580078125,13.033141136169434,0.15752151608467102,385.79998779296875,3.6419999599456787,2.0450000762939453,1275.5999755859375,513.28125,1.9140625,0.9907965064048767,1504.0,513.28125,2.10546875,1.105191707611084,1521.0
2026-09-11T08:50:00.000+08:00,nan,12.183368682861328,9.78515625,nan,nan,385.6000061035156,3.6659998893737793,2.053999900817871,1275.5999755859375,513.28125,1.8757812976837158,0.9862207174301147,1504.0,513.28125,2.10546875,1.10075044631958,1521.0
2026-09-11T08:51:00.000+08:00,273.0386962890625,12.144073486328125,9.8681640625,12.817442893981934,0.16050280630588531,385.70001220703125,3.6619999408721924,2.0510001182556152,1275.5999755859375,513.28125,1.9140625,0.9846057295799255,1504.0,513.28125,2.10546875,1.1039804220199585,1521.0
2026-09-11T08:52:00.000+08:00,273.9150695800781,12.16778564453125,9.763916015625,12.854790687561035,0.15916244685649872,385.8999938964844,3.6480000019073486,2.052000045776367,1275.699951171875,513.28125,1.9140625,0.9899890422821045,1504.0,513.28125,2.10546875,1.1073449850082397,1521.0
2026-09-11T08:53:00.000+08:00,274.5196838378906,12.178474426269531,9.8056640625,12.373835563659668,0.16631868481636047,385.79998779296875,3.677000045776367,2.058000087738037,1275.699951171875,513.28125,1.8757812976837158,0.9833944439888,1504.0,513.28125,2.10546875,1.10357666015625,1521.0
2026-09-11T08:54:00.000+08:00,276.9603271484375,12.098594665527344,9.7568359375,13.370210647583008,0.153774693608284,385.79998779296875,3.7139999866485596,2.066999912261963,1275.699951171875,516.796875,1.9140625,0.9920077323913574,1504.0,516.796875,2.10546875,1.1053261756896973,1521.0
2026-09-11T08:55:00.000+08:00,278.3216552734375,12.178791046142578,9.8056640625,12.694668769836426,0.1622728407382965,386.20001220703125,3.690000057220459,2.0510001182556152,1275.800048828125,516.796875,1.9140625,0.9986022710800171,1504.0,516.796875,2.143749952316284,1.1088253259658813,1521.0
2026-09-11T08:56:00.000+08:00,280.3202819824219,12.162097930908203,9.84765625,12.871291160583496,0.16051225364208221,385.1000061035156,3.688999891281128,2.0390000343322754,1275.800048828125,513.28125,1.9140625,0.9902581572532654,1504.0,513.28125,2.10546875,1.1026345491409302,1521.0
2026-09-11T08:57:00.000+08:00,275.1636047363281,12.14804458618164,9.8125,12.460841178894043,0.16491663455963135,384.70001220703125,3.6649999618530273,2.0380001068115234,1275.800048828125,513.28125,1.8757812976837158,0.983259916305542,1504.0,513.28125,2.10546875,1.1016925573349,1521.0
2026-09-11T08:58:00.000+08:00,284.80133056640625,12.178581237792969,9.84765625,12.902180671691895,0.1581903100013733,384.3999938964844,3.6570000648498535,2.0320000648498535,1275.9000244140625,513.28125,1.8757812976837158,0.9804336428642273,1504.0,513.28125,2.10546875,1.092002511024475,1521.0
2026-09-11T08:59:00.000+08:00,276.2630920410156,12.179191589355469,9.861328125,12.688407897949219,0.16022498905658722,384.79998779296875,3.671999931335449,2.0380001068115234,1275.9000244140625,513.28125,1.8757812976837158,0.9804336428642273,1504.0,513.28125,2.10546875,1.0995391607284546,1521.0
2026-09-11T09:00:00.000+08:00,273.7715148925781,12.186222076416016,9.84765625,11.981219291687012,0.17068378627300262,385.1000061035156,3.6459999084472656,2.0369999408721924,1275.9000244140625,513.28125,1.8757812976837158,0.983259916305542,1504.0,513.28125,2.10546875,1.1004812717437744,1521.0
2026-09-11T09:01:00.000+08:00,277.2683410644531,12.176139831542969,9.8125,12.743621826171875,0.16015854477882385,385.29998779296875,3.6670000553131104,2.0420000553131104,1276.0,513.28125,1.8757812976837158,0.9808374047279358,1504.0,513.28125,2.10546875,1.1016925573349,1521.0
2026-09-11T09:02:00.000+08:00,285.30712890625,12.142333984375,9.875,12.583881378173828,0.16155587136745453,385.70001220703125,3.630000114440918,2.0350000858306885,1276.0,513.28125,1.8757812976837158,0.9812411665916443,1504.0,513.28125,2.10546875,1.10075044631958,1521.0
2026-09-11T09:03:00.000+08:00,279.8694763183594,12.115371704101562,9.7783203125,12.779459953308105,0.16033540666103363,385.29998779296875,3.6429998874664307,2.0399999618530273,1276.0,513.28125,1.8757812976837158,0.9772036671638489,1504.0,513.28125,2.10546875,1.1014233827590942,1521.0
2026-09-11T09:04:00.000+08:00,275.2972106933594,12.070297241210938,9.8408203125,12.4179048538208,0.1641983985900879,385.5,3.624000072479248,2.0439999103546143,1276.0999755859375,513.28125,1.8757812976837158,0.9718203544616699,1504.0,513.28125,2.10546875,1.0977896451950073,1521.0
2026-09-11T09:05:00.000+08:00,277.68304443359375,12.018966674804688,9.798828125,12.66606616973877,0.16066551208496094,385.29998779296875,3.617000102996826,2.0299999713897705,1276.0999755859375,513.28125,1.8757812976837158,0.9722241163253784,1504.0,513.28125,2.10546875,1.1034420728683472,1521.0
2026-09-11T09:06:00.000+08:00,277.5539245605469,12.057453155517578,9.75,12.619715690612793,0.1612556129693985,385.5,3.615999937057495,2.0380001068115234,1276.0999755859375,513.28125,1.837499976158142,0.9684557914733887,1505.0,513.28125,2.10546875,1.1069412231445312,1521.0
2026-09-11T09:07:00.000+08:00,279.0978698730469,12.044940948486328,9.75,12.713553428649902,0.15920017659664154,385.5,3.621000051498413,2.0339999198913574,1276.199951171875,513.28125,1.8757812976837158,0.9710128903388977,1505.0,513.28125,2.10546875,1.1031728982925415,1521.0
2026-09-11T09:08:00.000+08:00,278.87933349609375,12.101123809814453,9.819580078125,12.296048164367676,0.16517502069473267,385.1000061035156,3.617000102996826,2.0269999504089355,1276.199951171875,513.28125,1.8757812976837158,0.9738391041755676,1505.0,513.28125,2.10546875,1.0942904949188232,1521.0
2026-09-11T09:09:00.000+08:00,283.1524353027344,12.112720489501953,9.861328125,12.654661178588867,0.15962497889995575,384.8999938964844,3.619999885559082,2.0269999504089355,1276.300048828125,513.28125,1.837499976158142,0.9623996019363403,1505.0,513.28125,2.10546875,1.0971167087554932,1521.0
2026-09-11T09:10:00.000+08:00,276.6702575683594,12.088306427001953,9.847412109375,12.358272552490234,0.16401968896389008,384.79998779296875,3.614000082015991,2.0250000953674316,1276.300048828125,513.28125,1.8757812976837158,0.9632070660591125,1505.0,513.28125,2.10546875,1.0959054231643677,1521.0
2026-09-11T09:11:00.000+08:00,285.2842712402344,12.03647232055664,9.861328125,12.823091506958008,0.15776225924491882,385.5,3.6419999599456787,2.0369999408721924,1276.300048828125,513.28125,1.837499976158142,0.9664371013641357,1505.0,513.28125,2.10546875,1.0998083353042603,1521.0
2026-09-11T09:12:00.000+08:00,284.8584289550781,12.025806427001953,9.847412109375,12.196808815002441,0.16692891716957092,385.5,3.6480000019073486,2.0409998893737793,1276.4000244140625,513.28125,1.8757812976837158,0.9726278781890869,1505.0,513.28125,2.10546875,1.1022307872772217,1521.0
2026-09-11T09:13:00.000+08:00,286.45428466796875,12.062034606933594,9.77099609375,12.240184783935547,0.16592887043952942,385.5,3.6530001163482666,2.0439999103546143,1276.4000244140625,513.28125,1.8757812976837158,0.9850094318389893,1505.0,513.28125,2.10546875,1.0977896451950073,1521.0
2026-09-11T09:14:00.000+08:00,283.79248046875,12.058982849121094,9.791748046875,12.770795822143555,0.1596611589193344,385.29998779296875,3.638000011444092,2.0380001068115234,1276.4000244140625,513.28125,1.8757812976837158,0.9854131937026978,1505.0,513.28125,2.10546875,1.097251296043396,1521.0
2026-09-11T09:15:00.000+08:00,284.7933349609375,12.00534439086914,9.8125,13.080643653869629,0.15580272674560547,385.5,3.6540000438690186,2.0420000553131104,1276.5,513.28125,1.8757812976837158,0.9854131937026978,1505.0,513.28125,2.10546875,1.0990008115768433,1521.0
2026-09-11T09:16:00.000+08:00,290.6828308105469,12.013591766357422,9.84765625,12.453189849853516,0.1635725498199463,385.3999938964844,3.6559998989105225,2.0420000553131104,1276.5,513.28125,1.8757812976837158,0.9800298810005188,1505.0,513.28125,2.10546875,1.104384183883667,1521.0
2026-09-11T09:17:00.000+08:00,279.7684020996094,12.064189910888672,9.8544921875,11.944268226623535,0.17087693512439728,385.5,3.6630001068115234,2.0460000038146973,1276.5,513.28125,1.8757812976837158,0.9772036671638489,1505.0,513.28125,2.10546875,1.1002120971679688,1521.0
2026-09-11T09:18:00.000+08:00,275.4337158203125,12.02935791015625,9.798828125,12.10022258758545,0.1689225137233734,385.29998779296875,3.6389999389648438,2.0369999408721924,1276.5999755859375,513.28125,1.8757812976837158,0.9804336428642273,1505.0,513.28125,2.10546875,1.1034420728683472,1521.0
2026-09-11T09:19:00.000+08:00,279.07598876953125,12.06814193725586,9.861083984375,12.622721672058105,0.16216787695884705,385.1000061035156,3.6449999809265137,2.0360000133514404,1276.5999755859375,513.28125,1.8757812976837158,0.9792224168777466,1505.0,513.28125,2.10546875,1.098058819770813,1521.0
2026-09-11T09:20:00.000+08:00,276.95758056640625,12.06905746459961,9.8125,12.616059303283691,0.16177794337272644,385.79998779296875,3.674999952316284,2.059000015258789,1276.5999755859375,513.28125,1.8757812976837158,0.9763962030410767,1505.0,513.28125,2.10546875,1.1023653745651245,1521.0
2026-09-11T09:21:00.000+08:00,276.7016906738281,12.066905975341797,9.8544921875,12.296643257141113,0.16744406521320343,385.5,3.6449999809265137,2.0460000038146973,1276.699951171875,513.28125,1.8757812976837158,0.9808374047279358,1505.0,513.28125,2.10546875,1.1039804220199585,1521.0
2026-09-11T09:22:00.000+08:00,276.6520080566406,12.115684509277344,9.770751953125,12.19315242767334,0.1683731973171234,385.6000061035156,3.638000011444092,2.0390000343322754,1276.699951171875,513.28125,1.8757812976837158,0.9833944439888,1505.0,513.28125,2.10546875,1.10075044631958,1521.0
2026-09-11T09:23:00.000+08:00,277.9957275390625,12.108951568603516,9.78515625,12.766702651977539,0.16033898293972015,385.8999938964844,3.6549999713897705,2.055999994277954,1276.699951171875,516.796875,1.8757812976837158,0.981644868850708,1505.0,516.796875,2.10546875,1.1049225330352783,1521.0
2026-09-11T09:24:00.000+08:00,276.8604736328125,12.11874008178711,9.75,12.202717781066895,0.16742172837257385,385.79998779296875,3.6600000858306885,2.055999994277954,1276.800048828125,516.796875,1.8757812976837158,0.9866244792938232,1505.0,513.28125,2.10546875,1.1023653745651245,1521.0
2026-09-11T09:25:00.000+08:00,272.9588317871094,12.120555877685547,9.77783203125,12.593667984008789,0.1620655655860901,386.1000061035156,3.640000104904175,2.0439999103546143,1276.800048828125,516.796875,1.9140625,0.9936227202415466,1505.0,516.796875,2.10546875,1.1029037237167358,1521.0
2026-09-11T09:26:00.000+08:00,275.7956237792969,12.096126556396484,9.791748046875,12.857397079467773,0.1599857211112976,386.20001220703125,3.6760001182556152,2.058000087738037,1276.800048828125,516.796875,1.8757812976837158,0.9862207174301147,1505.0,516.796875,2.143749952316284,1.1116516590118408,1521.0
2026-09-11T09:27:00.000+08:00,283.0384826660156,12.059810638427734,9.72265625,13.127893447875977,0.15745100378990173,386.29998779296875,3.674999952316284,2.056999921798706,1276.9000244140625,516.796875,1.9140625,0.9903927445411682,1505.0,516.796875,2.143749952316284,1.1038458347320557,1521.0
2026-09-11T09:28:00.000+08:00,275.3863525390625,12.061321258544922,9.736083984375,12.115463256835938,0.16961795091629028,386.20001220703125,3.6740000247955322,2.058000087738037,1276.9000244140625,516.796875,1.8757812976837158,0.9850094318389893,1505.0,516.796875,2.10546875,1.1020961999893188,1521.0
2026-09-11T09:29:00.000+08:00,274.9291687011719,12.06192398071289,9.7431640625,12.937508583068848,0.15837670862674713,386.29998779296875,3.700000047683716,2.062000036239624,1276.9000244140625,516.796875,1.8757812976837158,0.9829907417297363,1505.0,516.796875,2.10546875,1.1088253259658813,1521.0
2026-09-11T09:30:00.000+08:00,272.0295715332031,12.088489532470703,9.798583984375,12.152182579040527,0.16902314126491547,386.29998779296875,3.6689999103546143,2.058000087738037,1277.0,516.796875,1.8757812976837158,0.988777756690979,1505.0,516.796875,2.10546875,1.1082870960235596,1521.0
2026-09-11T09:31:00.000+08:00,274.1980895996094,12.064689636230469,9.8056640625,12.470455169677734,0.16503006219863892,386.6000061035156,3.691999912261963,2.0739998817443848,1277.0,516.796875,1.8757812976837158,0.9858169555664062,1505.0,516.796875,2.143749952316284,1.1104403734207153,1521.0
2026-09-11T09:32:00.000+08:00,274.3899230957031,12.112319946289062,9.784912109375,12.38339614868164,0.16667479276657104,386.29998779296875,3.6579999923706055,2.0480000972747803,1277.0,516.796875,1.9140625,0.9916040301322937,1505.0,516.796875,2.143749952316284,1.1100366115570068,1521.0
2026-09-11T09:33:00.000+08:00,276.2030029296875,12.013481140136719,9.75,12.426714897155762,0.16601330041885376,386.0,3.6589999198913574,2.046999931335449,1277.0999755859375,513.28125,1.8757812976837158,0.9891815185546875,1505.0,516.796875,2.10546875,1.1041150093078613,1521.0
2026-09-11T09:34:00.000+08:00,280.03814697265625,12.099807739257812,9.7919921875,12.768912315368652,0.16070279479026794,386.0,3.6730000972747803,2.052000045776367,1277.0999755859375,516.796875,1.8757812976837158,0.984201967716217,1505.0,513.28125,2.143749952316284,1.1103057861328125,1521.0
2026-09-11T09:35:00.000+08:00,274.5871887207031,12.12026596069336,9.7919921875,12.585332870483398,0.1630469411611557,386.1000061035156,3.697999954223633,2.059000015258789,1277.0999755859375,516.796875,1.8757812976837158,0.987028181552887,1505.0,516.796875,2.143749952316284,1.1065374612808228,1521.0
2026-09-11T09:36:00.000+08:00,277.7919006347656,12.107440948486328,9.784912109375,12.84659481048584,0.15980888903141022,386.1000061035156,3.6689999103546143,2.0439999103546143,1277.199951171875,516.796875,1.8757812976837158,0.9874319434165955,1505.0,516.796875,2.143749952316284,1.110709547996521,1521.0
2026-09-11T09:37:00.000+08:00,277.91461181640625,12.082111358642578,9.763916015625,12.699872016906738,0.1618126481771469,386.1000061035156,3.6710000038146973,2.052000045776367,1277.199951171875,516.796875,1.8757812976837158,0.9846057295799255,1505.0,516.796875,2.143749952316284,1.1094982624053955,1521.0
2026-09-11T09:38:00.000+08:00,278.2919006347656,12.02630615234375,9.8056640625,13.011918067932129,0.1581626981496811,386.3999938964844,3.6540000438690186,2.055999994277954,1277.199951171875,516.796875,1.8757812976837158,0.987835705280304,1505.0,516.796875,2.10546875,1.1088253259658813,1521.0
2026-09-11T09:39:00.000+08:00,279.8788146972656,12.112022399902344,9.78515625,12.3825044631958,0.16700983047485352,386.1000061035156,3.6470000743865967,2.0510001182556152,1277.300048828125,516.796875,1.8757812976837158,0.9804336428642273,1505.0,516.796875,2.10546875,1.1029037237167358,1521.0
2026-09-11T09:40:00.000+08:00,283.1673278808594,12.098552703857422,9.798828125,12.639015197753906,0.16235440969467163,385.8999938964844,3.6659998893737793,2.0510001182556152,1277.300048828125,513.28125,1.8757812976837158,0.981644868850708,1505.0,513.28125,2.10546875,1.10357666015625,1521.0
2026-09-11T09:41:00.000+08:00,279.3604431152344,12.041259765625,9.757080078125,12.447741508483887,0.16452783346176147,385.70001220703125,3.6410000324249268,2.0350000858306885,1277.300048828125,513.28125,1.8757812976837158,0.9738391041755676,1505.0,513.28125,2.10546875,1.104384183883667,1521.0
2026-09-11T09:42:00.000+08:00,278.8555908203125,12.03885269165039,9.78515625,12.705894470214844,0.1603979915380478,386.1000061035156,3.634000062942505,2.0439999103546143,1277.4000244140625,516.796875,1.8757812976837158,0.9796261787414551,1505.0,516.796875,2.10546875,1.1029037237167358,1522.0
2026-09-11T09:43:00.000+08:00,276.52239990234375,11.998355865478516,9.6044921875,12.14528751373291,0.1682133823633194,386.5,3.6710000038146973,2.052000045776367,1277.4000244140625,516.796875,1.8757812976837158,0.9800298810005188,1505.0,516.796875,2.10546875,1.1042495965957642,1522.0
2026-09-11T09:44:00.000+08:00,278.281982421875,11.814579010009766,9.5556640625,13.183198928833008,0.15519753098487854,386.1000061035156,3.6510000228881836,2.046999931335449,1277.4000244140625,516.796875,1.8757812976837158,0.9767999053001404,1505.0,516.796875,2.10546875,1.1045187711715698,1522.0
2026-09-11T09:45:00.000+08:00,278.1579284667969,11.852367401123047,9.444580078125,13.19957447052002,0.15477772057056427,386.0,3.6500000953674316,2.0369999408721924,1277.5,516.796875,1.8757812976837158,0.9776074290275574,1505.0,516.796875,2.143749952316284,1.1094982624053955,1522.0
2026-09-11T09:46:00.000+08:00,276.84033203125,11.849006652832031,9.4794921875,12.639276504516602,0.16266752779483795,385.70001220703125,3.6389999389648438,2.0429999828338623,1277.5,513.28125,1.8757812976837158,0.9788186550140381,1505.0,513.28125,2.10546875,1.0994045734405518,1522.0
2026-09-11T09:47:00.000+08:00,274.337646484375,11.84591293334961,9.4375,12.857304573059082,0.15920910239219666,385.70001220703125,3.640000104904175,2.0369999408721924,1277.5,516.796875,1.8757812976837158,0.9702053666114807,1505.0,513.28125,2.10546875,1.104384183883667,1522.0
2026-09-11T09:48:00.000+08:00,276.8918151855469,11.849296569824219,9.444580078125,12.573431968688965,0.1623263955116272,385.3999938964844,3.630000114440918,2.0280001163482666,1277.5999755859375,513.28125,1.8757812976837158,0.9738391041755676,1505.0,513.28125,2.10546875,1.0981934070587158,1522.0
2026-09-11T09:49:00.000+08:00,nan,11.814579010009766,9.548828125,nan,nan,385.70001220703125,3.6610000133514404,2.0420000553131104,1277.5999755859375,513.28125,1.837499976158142,0.9628033638000488,1505.0,513.28125,2.143749952316284,1.1085562705993652,1522.0
2026-09-11T09:50:00.000+08:00,273.88722229003906,11.845157623291016,9.513916015625,13.035348415374756,0.15615647286176682,385.70001220703125,3.640000104904175,2.0350000858306885,1277.699951171875,513.28125,1.8757812976837158,0.9758578538894653,1505.0,513.28125,2.10546875,1.1031728982925415,1522.0
2026-09-11T09:51:00.000+08:00,281.17327880859375,11.814868927001953,9.548828125,12.731693267822266,0.15991589426994324,386.0,3.6619999408721924,2.0490000247955322,1277.699951171875,513.28125,1.8757812976837158,0.9734353423118591,1505.0,513.28125,2.10546875,1.1041150093078613,1522.0
2026-09-11T09:52:00.000+08:00,281.12945556640625,11.912216186523438,9.5419921875,13.239895820617676,0.15400423109531403,385.1000061035156,3.632999897003174,2.0250000953674316,1277.699951171875,513.28125,1.8757812976837158,0.9718203544616699,1505.0,513.28125,2.10546875,1.0960400104522705,1522.0
2026-09-11T09:53:00.000+08:00,277.2770690917969,11.835014343261719,9.548828125,12.547568321228027,0.16226251423358917,385.1000061035156,3.6570000648498535,2.0309998989105225,1277.800048828125,513.28125,1.8757812976837158,0.967244565486908,1505.0,513.28125,2.10546875,1.0963091850280762,1522.0
2026-09-11T09:54:00.000+08:00,279.8543395996094,11.833545684814453,9.5556640625,12.85976791381836,0.15684574842453003,384.8999938964844,3.6440000534057617,2.0260000228881836,1277.800048828125,513.28125,1.8757812976837158,0.9746466279029846,1505.0,513.28125,2.10546875,1.100077509880066,1522.0
2026-09-11T09:55:00.000+08:00,275.243896484375,11.842964172363281,9.548828125,12.748740196228027,0.15923142433166504,385.1000061035156,3.6689999103546143,2.0339999198913574,1277.800048828125,513.28125,1.837499976158142,0.9648220539093018,1505.0,513.28125,2.10546875,1.0984625816345215,1522.0
2026-09-11T09:56:00.000+08:00,276.7613830566406,11.865596771240234,9.5556640625,12.538392066955566,0.16158370673656464,384.8999938964844,3.6389999389648438,2.0299999713897705,1277.9000244140625,513.28125,1.8757812976837158,0.9730316400527954,1505.0,513.28125,2.10546875,1.0914642810821533,1522.0
2026-09-11T09:57:00.000+08:00,272.1637878417969,11.817794799804688,9.604248046875,11.898355484008789,0.17153631150722504,384.70001220703125,3.6470000743865967,2.0169999599456787,1277.9000244140625,513.28125,1.837499976158142,0.9660333395004272,1505.0,513.28125,2.10546875,1.0976550579071045,1522.0
2026-09-11T09:58:00.000+08:00,281.68438720703125,11.910560607910156,9.6181640625,12.671921730041504,0.1597232073545456,384.8999938964844,3.6640000343322754,2.0250000953674316,1277.9000244140625,513.28125,1.837499976158142,0.9640145897865295,1505.0,513.28125,2.10546875,1.098058819770813,1522.0
2026-09-11T09:59:00.000+08:00,271.1368713378906,11.936626434326172,9.548828125,12.354194641113281,0.16241532564163208,385.3999938964844,3.6540000438690186,2.0320000648498535,1278.0,513.28125,1.8757812976837158,0.9726278781890869,1505.0,513.28125,2.10546875,1.0914642810821533,1522.0
2026-09-11T10:00:00.000+08:00,279.655029296875,11.893688201904297,9.6181640625,12.77445125579834,0.1587543785572052,385.1000061035156,3.6730000972747803,2.0269999504089355,1278.0,513.28125,1.8757812976837158,0.9710128903388977,1505.0,513.28125,2.10546875,1.1016925573349,1522.0
2026-09-11T10:01:00.000+08:00,273.4312744140625,11.897048950195312,9.604248046875,13.204130172729492,0.15366403758525848,385.3999938964844,3.687999963760376,2.0299999713897705,1278.0,513.28125,1.8757812976837158,0.9710128903388977,1505.0,513.28125,2.10546875,1.105595350265503,1522.0
2026-09-11T10:02:00.000+08:00,269.6700439453125,11.931774139404297,9.5,12.208696365356445,0.16668446362018585,385.1000061035156,3.694999933242798,2.0290000438690186,1278.0999755859375,513.28125,1.8757812976837158,0.9702053666114807,1505.0,513.28125,2.10546875,1.1031728982925415,1522.0
2026-09-11T10:03:00.000+08:00,270.7991943359375,11.96323013305664,9.5625,12.904671669006348,0.15746235847473145,385.1000061035156,3.6640000343322754,2.0250000953674316,1278.0999755859375,513.28125,1.837499976158142,0.9656295776367188,1505.0,513.28125,2.10546875,1.1026345491409302,1522.0
2026-09-11T10:04:00.000+08:00,271.1512451171875,11.909858703613281,9.5908203125,13.069316864013672,0.15532563626766205,385.20001220703125,3.6630001068115234,2.0369999408721924,1278.0999755859375,513.28125,1.8757812976837158,0.9706091284751892,1505.0,513.28125,2.10546875,1.1014233827590942,1522.0
2026-09-11T10:05:00.000+08:00,268.7686462402344,11.991622924804688,9.576416015625,12.328697204589844,0.1650620549917221,384.8999938964844,3.6510000228881836,2.0169999599456787,1278.199951171875,513.28125,1.837499976158142,0.9640145897865295,1505.0,513.28125,2.10546875,1.099269986152649,1522.0
2026-09-11T10:06:00.000+08:00,270.8951721191406,11.920875549316406,9.576416015625,12.358826637268066,0.1641741693019867,384.8999938964844,3.6649999618530273,2.0260000228881836,1278.199951171875,513.28125,1.8757812976837158,0.9668408036231995,1505.0,513.28125,2.10546875,1.1010196208953857,1522.0
2026-09-11T10:07:00.000+08:00,273.6514892578125,11.951728820800781,9.638916015625,12.673781394958496,0.15962086617946625,384.8999938964844,3.6689999103546143,2.0280001163482666,1278.199951171875,513.28125,1.8757812976837158,0.9780111908912659,1506.0,513.28125,2.10546875,1.1016925573349,1522.0
2026-09-11T10:08:00.000+08:00,275.1167907714844,11.934562683105469,9.611328125,12.996582984924316,0.15588712692260742,385.1000061035156,3.684999942779541,2.0309998989105225,1278.300048828125,513.28125,1.8757812976837158,0.9692633152008057,1506.0,513.28125,2.10546875,1.1016925573349,1522.0
2026-09-11T10:09:00.000+08:00,278.8746337890625,11.93426513671875,9.604248046875,12.790664672851562,0.15792767703533173,385.0,3.688999891281128,2.0299999713897705,1278.300048828125,513.28125,1.8757812976837158,0.9692633152008057,1506.0,513.28125,2.10546875,1.1022307872772217,1522.0
2026-09-11T10:10:00.000+08:00,276.8651428222656,11.912925720214844,9.59765625,12.87955379486084,0.1571483016014099,385.5,3.6689999103546143,2.0329999923706055,1278.300048828125,513.28125,1.8757812976837158,0.9726278781890869,1506.0,513.28125,2.10546875,1.101961612701416,1522.0
2026-09-11T10:11:00.000+08:00,271.06671142578125,11.93765640258789,9.659912109375,12.482755661010742,0.16310501098632812,385.3999938964844,3.6689999103546143,2.0350000858306885,1278.4000244140625,513.28125,1.8757812976837158,0.9750503301620483,1506.0,513.28125,2.10546875,1.1011542081832886,1522.0
2026-09-11T10:12:00.000+08:00,275.4611511230469,11.990718841552734,9.6181640625,12.217037200927734,0.1658339947462082,385.29998779296875,3.6689999103546143,2.0280001163482666,1278.4000244140625,513.28125,1.8757812976837158,0.9692633152008057,1506.0,513.28125,2.10546875,1.0969821214675903,1522.0
2026-09-11T10:13:00.000+08:00,274.55194091796875,11.989723205566406,9.611083984375,12.485986709594727,0.16274245083332062,384.6000061035156,3.6440000534057617,2.015000104904175,1278.4000244140625,513.28125,1.8757812976837158,0.9692633152008057,1506.0,513.28125,2.10546875,1.0995391607284546,1522.0
2026-09-11T10:14:00.000+08:00,271.3117370605469,11.938243865966797,9.6044921875,12.95265007019043,0.1560298502445221,385.3999938964844,3.674999952316284,2.0239999294281006,1278.5,513.28125,1.8757812976837158,0.9710128903388977,1506.0,513.28125,2.10546875,1.0915988683700562,1522.0
2026-09-11T10:15:00.000+08:00,271.4510192871094,11.965141296386719,9.632080078125,12.281293869018555,0.16529203951358795,385.29998779296875,3.671999931335449,2.0269999504089355,1278.5,513.28125,1.8757812976837158,0.9758578538894653,1506.0,513.28125,2.10546875,1.0998083353042603,1522.0
2026-09-11T10:16:00.000+08:00,273.7279357910156,11.942214965820312,9.6806640625,12.543380737304688,0.16215723752975464,385.1000061035156,3.681999921798706,2.0350000858306885,1278.5,513.28125,1.837499976158142,0.9668408036231995,1506.0,513.28125,2.10546875,1.0984625816345215,1522.0
2026-09-11T10:17:00.000+08:00,273.9593505859375,12.062156677246094,9.65283203125,12.566862106323242,0.1607402116060257,385.1000061035156,3.6630001068115234,2.0290000438690186,1278.5999755859375,513.28125,1.8757812976837158,0.9796261787414551,1506.0,513.28125,2.10546875,1.0976550579071045,1522.0
2026-09-11T10:18:00.000+08:00,267.4294128417969,11.984260559082031,9.5625,12.460528373718262,0.15916943550109863,385.29998779296875,3.6710000038146973,2.0329999923706055,1278.5999755859375,513.28125,1.837499976158142,0.9656295776367188,1506.0,513.28125,2.10546875,1.1010196208953857,1522.0
2026-09-11T10:19:00.000+08:00,273.8477783203125,11.982479095458984,9.5908203125,12.462316513061523,0.16240961849689484,384.79998779296875,3.6540000438690186,2.0179998874664307,1278.5999755859375,513.28125,1.837499976158142,0.9632070660591125,1506.0,513.28125,2.10546875,1.0950980186462402,1522.0
2026-09-11T10:20:00.000+08:00,274.7406311035156,11.998645782470703,9.611083984375,12.969372749328613,0.1555202454328537,384.6000061035156,3.6500000953674316,2.0169999599456787,1278.699951171875,513.28125,1.837499976158142,0.9640145897865295,1506.0,513.28125,2.10546875,1.0905221700668335,1522.0
2026-09-11T10:21:00.000+08:00,274.249267578125,11.995277404785156,9.57666015625,12.936545372009277,0.15606948733329773,384.8999938964844,3.6570000648498535,2.0209999084472656,1278.699951171875,513.28125,1.837499976158142,0.9594388008117676,1506.0,513.28125,2.10546875,1.0995391607284546,1522.0
2026-09-11T10:22:00.000+08:00,274.2525329589844,11.954540252685547,9.7431640625,13.196439743041992,0.15345047414302826,384.6000061035156,3.6559998989105225,2.0239999294281006,1278.699951171875,513.28125,1.837499976158142,0.9598425030708313,1506.0,513.28125,2.10546875,1.0905221700668335,1522.0
2026-09-11T10:23:00.000+08:00,267.6746826171875,12.115577697753906,9.72265625,11.738773345947266,0.1725052446126938,384.70001220703125,3.6559998989105225,2.0239999294281006,1278.800048828125,513.28125,1.837499976158142,0.963610827922821,1506.0,513.28125,2.10546875,1.0914642810821533,1522.0
2026-09-11T10:24:00.000+08:00,271.7146911621094,12.092781066894531,9.763916015625,12.732339859008789,0.15825842320919037,384.5,3.6579999923706055,2.0169999599456787,1278.800048828125,513.28125,1.8757812976837158,0.9676483273506165,1506.0,513.28125,2.10546875,1.0867538452148438,1522.0
2026-09-11T10:25:00.000+08:00,266.8497619628906,12.114761352539062,9.798583984375,12.363455772399902,0.16322296857833862,384.79998779296875,3.6559998989105225,2.0230000019073486,1278.800048828125,513.28125,1.837499976158142,0.9623996019363403,1506.0,513.28125,2.10546875,1.0976550579071045,1522.0
2026-09-11T10:26:00.000+08:00,264.6904296875,12.048919677734375,9.8056640625,12.11341667175293,0.16683979332447052,384.5,3.6410000324249268,2.0199999809265137,1278.9000244140625,513.28125,1.837499976158142,0.9632070660591125,1506.0,513.28125,2.10546875,1.0953670740127563,1522.0
2026-09-11T10:27:00.000+08:00,276.7967529296875,12.050006866455078,9.736083984375,12.870339393615723,0.15718311071395874,384.79998779296875,3.6630001068115234,2.0260000228881836,1278.9000244140625,513.28125,1.8757812976837158,0.9656295776367188,1506.0,513.28125,2.10546875,1.0938867330551147,1522.0
2026-09-11T10:28:00.000+08:00,273.5947265625,12.044525146484375,9.701416015625,12.332765579223633,0.163953498005867,384.5,3.6389999389648438,2.0190000534057617,1278.9000244140625,513.28125,1.837499976158142,0.9610537886619568,1506.0,513.28125,2.10546875,1.0973858833312988,1522.0
2026-09-11T10:29:00.000+08:00,272.36016845703125,12.000663757324219,9.75,11.859053611755371,0.17041832208633423,384.1000061035156,3.640000104904175,2.0169999599456787,1279.0,513.28125,1.837499976158142,0.964418351650238,1506.0,513.28125,2.10546875,1.0990008115768433,1522.0
2026-09-11T10:30:00.000+08:00,276.02313232421875,12.016849517822266,9.798583984375,12.675862312316895,0.15920020639896393,383.8999938964844,3.621999979019165,2.006999969482422,1279.0,513.28125,1.837499976158142,0.9578238129615784,1506.0,513.28125,2.10546875,1.088099718093872,1522.0
2026-09-11T10:31:00.000+08:00,269.67919921875,12.0382080078125,9.75,11.77267074584961,0.17056451737880707,384.29998779296875,3.6589999198913574,2.0160000324249268,1279.0,513.28125,1.837499976158142,0.9586312770843506,1506.0,513.28125,2.10546875,1.0899838209152222,1522.0
2026-09-11T10:32:00.000+08:00,276.5848693847656,12.005847930908203,9.78515625,12.652316093444824,0.15981262922286987,384.70001220703125,3.635999917984009,2.0169999599456787,1279.0999755859375,513.28125,1.8757812976837158,0.9684557914733887,1506.0,513.28125,2.10546875,1.091733455657959,1522.0
2026-09-11T10:33:00.000+08:00,270.9857177734375,12.006752014160156,9.8056640625,12.248899459838867,0.16564753651618958,384.0,3.6630001068115234,2.0239999294281006,1279.0999755859375,513.28125,1.8757812976837158,0.9742428660392761,1506.0,513.28125,2.10546875,1.0952324867248535,1522.0
2026-09-11T10:34:00.000+08:00,273.9940490722656,12.047679901123047,9.798828125,12.264017105102539,0.16576950252056122,384.6000061035156,3.6429998874664307,2.0220000743865967,1279.0999755859375,513.28125,1.8757812976837158,0.981644868850708,1506.0,513.28125,2.10546875,1.0949634313583374,1522.0
2026-09-11T10:35:00.000+08:00,271.3388977050781,12.002479553222656,9.763916015625,12.504080772399902,0.16202710568904877,384.1000061035156,3.6540000438690186,2.0239999294281006,1279.199951171875,513.28125,1.8757812976837158,0.9722241163253784,1506.0,513.28125,2.10546875,1.0925408601760864,1522.0
2026-09-11T10:36:00.000+08:00,276.2254943847656,12.079120635986328,9.8125,12.169147491455078,0.1663222461938858,384.5,3.6600000858306885,2.0239999294281006,1279.199951171875,513.28125,1.8757812976837158,0.9706091284751892,1506.0,513.28125,2.10546875,1.093752145767212,1523.0
2026-09-11T10:37:00.000+08:00,272.1959533691406,12.073036193847656,9.8125,12.012084007263184,0.16957923769950867,384.5,3.674999952316284,2.0299999713897705,1279.199951171875,513.28125,1.8757812976837158,0.9742428660392761,1506.0,513.28125,2.10546875,1.0949634313583374,1523.0
2026-09-11T10:38:00.000+08:00,271.8766174316406,12.073036193847656,9.854248046875,12.552339553833008,0.16108550131320953,384.1000061035156,3.638000011444092,2.0190000534057617,1279.300048828125,513.28125,1.8757812976837158,0.9710128903388977,1506.0,513.28125,2.10546875,1.0850043296813965,1523.0
2026-09-11T10:39:00.000+08:00,273.8534240722656,12.091564178466797,9.791748046875,12.01318073272705,0.16789890825748444,383.8999938964844,3.6530001163482666,2.0199999809265137,1279.300048828125,513.28125,1.8757812976837158,0.9704745411872864,1506.0,513.28125,2.10546875,1.0942904949188232,1523.0
2026-09-11T10:40:00.000+08:00,282.616455078125,12.115264892578125,9.7294921875,13.164084434509277,0.15329588949680328,384.79998779296875,3.6549999713897705,2.0290000438690186,1279.300048828125,513.28125,1.8757812976837158,0.9812411665916443,1506.0,513.28125,2.10546875,1.0959054231643677,1523.0
2026-09-11T10:41:00.000+08:00,276.3565368652344,12.042076110839844,9.72265625,12.762479782104492,0.15898165106773376,384.8999938964844,3.6710000038146973,2.0320000648498535,1279.4000244140625,513.28125,1.8757812976837158,0.9722241163253784,1506.0,513.28125,2.10546875,1.0976550579071045,1523.0
2026-09-11T10:42:00.000+08:00,269.2964782714844,12.025989532470703,9.75,12.265671730041504,0.165828675031662,384.5,3.6470000743865967,2.0179998874664307,1279.4000244140625,513.28125,1.8757812976837158,0.9726278781890869,1506.0,513.28125,2.10546875,1.0932137966156006,1523.0
2026-09-11T10:43:00.000+08:00,275.7952880859375,12.027084350585938,9.7158203125,12.986489295959473,0.1560082882642746,384.1000061035156,3.6579999923706055,2.0290000438690186,1279.4000244140625,513.28125,1.8757812976837158,0.9714166522026062,1506.0,513.28125,2.10546875,1.0960400104522705,1523.0
2026-09-11T10:44:00.000+08:00,280.41455078125,12.068641662597656,9.7919921875,13.100042343139648,0.15450331568717957,384.1000061035156,3.677999973297119,2.0299999713897705,1279.5,513.28125,1.9140625,0.9894506931304932,1506.0,513.28125,2.10546875,1.092810034751892,1523.0
2026-09-11T10:45:00.000+08:00,277.3445739746094,12.06588363647461,9.78515625,12.304158210754395,0.16587887704372406,384.3999938964844,3.7009999752044678,2.0409998893737793,1279.5,513.28125,1.9140625,0.9898544549942017,1506.0,513.28125,2.10546875,1.0981934070587158,1523.0
2026-09-11T10:46:00.000+08:00,277.0538024902344,12.140117645263672,9.84765625,13.086053848266602,0.15589115023612976,383.79998779296875,3.6740000247955322,2.0350000858306885,1279.5,513.28125,1.9140625,0.9856823682785034,1506.0,513.28125,2.10546875,1.092810034751892,1523.0
2026-09-11T10:47:00.000+08:00,274.8208312988281,12.227031707763672,9.819580078125,12.58014965057373,0.16128583252429962,384.0,3.671999931335449,2.0280001163482666,1279.5999755859375,513.28125,1.8757812976837158,0.9828561544418335,1506.0,513.28125,2.10546875,1.093617558479309,1523.0
2026-09-11T10:48:00.000+08:00,nan,12.18011474609375,9.826416015625,nan,nan,383.8999938964844,3.7019999027252197,2.0409998893737793,1279.5999755859375,513.28125,1.8757812976837158,0.9852786064147949,1506.0,513.28125,2.10546875,1.0898492336273193,1523.0
2026-09-11T10:49:00.000+08:00,275.2808074951172,12.171871185302734,9.84765625,12.932005882263184,0.15757638216018677,383.8999938964844,3.680999994277954,2.0350000858306885,1279.5999755859375,513.28125,1.8757812976837158,0.9790878295898438,1506.0,513.28125,2.10546875,1.0910605192184448,1523.0
2026-09-11T10:50:00.000+08:00,274.83514404296875,12.125747680664062,9.819580078125,12.593098640441895,0.1616758555173874,384.3999938964844,3.677000045776367,2.0429999828338623,1279.699951171875,513.28125,1.9140625,0.9938918948173523,1506.0,513.28125,2.10546875,1.099942922592163,1523.0
2026-09-11T10:51:00.000+08:00,270.84423828125,12.063163757324219,9.75,12.209766387939453,0.1671612709760666,384.79998779296875,3.694000005722046,2.056999921798706,1279.699951171875,513.28125,1.9140625,0.9932190179824829,1506.0,513.28125,2.10546875,1.1042495965957642,1523.0
2026-09-11T10:52:00.000+08:00,272.3763732910156,12.081172943115234,9.8056640625,12.913448333740234,0.1586717814207077,384.0,3.671999931335449,2.0339999198913574,1279.699951171875,513.28125,1.9140625,0.9852786064147949,1506.0,513.28125,2.10546875,1.0910605192184448,1523.0
2026-09-11T10:53:00.000+08:00,275.27679443359375,12.147937774658203,9.763916015625,12.471738815307617,0.1638103574514389,383.3999938964844,3.6659998893737793,2.0339999198913574,1279.800048828125,513.28125,1.8757812976837158,0.9790878295898438,1506.0,513.28125,2.10546875,1.0879651308059692,1523.0
2026-09-11T10:54:00.000+08:00,276.6859130859375,12.114761352539062,9.77783203125,12.713523864746094,0.15975114703178406,384.29998779296875,3.7070000171661377,2.046999931335449,1279.800048828125,513.28125,1.9140625,0.9840673804283142,1506.0,513.28125,2.10546875,1.0961745977401733,1523.0
2026-09-11T10:55:00.000+08:00,276.60821533203125,12.12911605834961,9.8125,12.620264053344727,0.16093164682388306,384.0,3.6710000038146973,2.0429999828338623,1279.800048828125,513.28125,1.8757812976837158,0.982452392578125,1506.0,513.28125,2.10546875,1.094425082206726,1523.0
2026-09-11T10:56:00.000+08:00,271.58868408203125,12.243534088134766,9.861328125,12.238473892211914,0.16758625209331512,384.1000061035156,3.681999921798706,2.0439999103546143,1279.9000244140625,513.28125,1.9140625,0.9902581572532654,1506.0,513.28125,2.10546875,1.092002511024475,1523.0
2026-09-11T10:57:00.000+08:00,271.2781982421875,12.227340698242188,9.8681640625,12.364741325378418,0.1657940149307251,384.79998779296875,3.678999900817871,2.0439999103546143,1279.9000244140625,513.28125,1.9140625,0.9910656809806824,1506.0,513.28125,2.10546875,1.0934829711914062,1523.0
2026-09-11T10:58:00.000+08:00,276.9188232421875,12.156600952148438,9.8681640625,12.938831329345703,0.15797407925128937,384.70001220703125,3.6710000038146973,2.0380001068115234,1280.0,513.28125,1.8757812976837158,0.9730316400527954,1506.0,513.28125,2.10546875,1.100885033607483,1523.0
2026-09-11T10:59:00.000+08:00,273.4184875488281,12.185909271240234,9.854248046875,12.54973030090332,0.1627923548221588,384.79998779296875,3.6600000858306885,2.0369999408721924,1280.0,513.28125,1.8757812976837158,0.9788186550140381,1506.0,513.28125,2.10546875,1.0946942567825317,1523.0
2026-09-11T11:00:00.000+08:00,275.95477294921875,12.107128143310547,9.770751953125,12.736363410949707,0.16032834351062775,384.1000061035156,3.6659998893737793,2.0309998989105225,1280.0,513.28125,1.8757812976837158,0.9828561544418335,1506.0,513.28125,2.10546875,1.0949634313583374,1523.0
2026-09-11T11:01:00.000+08:00,272.1893310546875,12.094623565673828,9.78515625,12.693291664123535,0.16032090783119202,384.1000061035156,3.6689999103546143,2.0360000133514404,1280.0999755859375,513.28125,1.8757812976837158,0.9820486307144165,1506.0,513.28125,2.10546875,1.0895800590515137,1523.0
2026-09-11T11:02:00.000+08:00,278.8592834472656,12.081466674804688,9.7919921875,12.766152381896973,0.15964089334011078,384.0,3.6760001182556152,2.0269999504089355,1280.0999755859375,513.28125,1.8757812976837158,0.9836636185646057,1506.0,513.28125,2.10546875,1.0907913446426392,1523.0
2026-09-11T11:03:00.000+08:00,275.8997497558594,12.062515258789062,9.78515625,12.512575149536133,0.16167734563350677,384.5,3.6549999713897705,2.0269999504089355,1280.0999755859375,513.28125,1.8757812976837158,0.9734353423118591,1506.0,513.28125,2.10546875,1.092002511024475,1523.0
2026-09-11T11:04:00.000+08:00,279.9007873535156,12.092174530029297,9.784912109375,12.708309173583984,0.15942324697971344,383.8999938964844,3.6459999084472656,2.0209999084472656,1280.199951171875,513.28125,1.8757812976837158,0.9664371013641357,1506.0,513.28125,2.10546875,1.0907913446426392,1523.0
2026-09-11T11:05:00.000+08:00,276.0545349121094,12.035152435302734,9.7919921875,12.742576599121094,0.15907301008701324,384.1000061035156,3.6429998874664307,2.015000104904175,1280.199951171875,513.28125,1.837499976158142,0.9598425030708313,1506.0,513.28125,2.10546875,1.0907913446426392,1523.0
2026-09-11T11:06:00.000+08:00,271.6579895019531,12.058368682861328,9.78515625,12.343047142028809,0.16357387602329254,384.0,3.634999990463257,2.0190000534057617,1280.199951171875,513.28125,1.837499976158142,0.9628033638000488,1506.0,513.28125,2.10546875,1.0898492336273193,1523.0
2026-09-11T11:07:00.000+08:00,276.5566711425781,12.110584259033203,9.854248046875,12.01257610321045,0.16790735721588135,383.6000061035156,3.6410000324249268,2.007999897003174,1280.300048828125,513.28125,1.837499976158142,0.9598425030708313,1506.0,513.28125,2.10546875,1.0889071226119995,1523.0
2026-09-11T11:08:00.000+08:00,278.00042724609375,12.100811004638672,9.847412109375,12.335212707519531,0.16246172785758972,384.0,3.634000062942505,2.010999917984009,1280.300048828125,513.28125,1.837499976158142,0.9570162892341614,1507.0,513.28125,2.10546875,1.0906567573547363,1523.0
2026-09-11T11:09:00.000+08:00,274.4318542480469,12.096233367919922,9.8544921875,12.102986335754395,0.16657045483589172,384.5,3.621999979019165,2.0209999084472656,1280.300048828125,513.28125,1.837499976158142,0.961861252784729,1507.0,513.28125,2.10546875,1.0925408601760864,1523.0
2026-09-11T11:10:00.000+08:00,274.8710021972656,12.074851989746094,9.8681640625,12.1676664352417,0.1661781221628189,384.0,3.630000114440918,2.0139999389648438,1280.4000244140625,513.28125,1.837499976158142,0.9610537886619568,1507.0,513.28125,2.10546875,1.0890417098999023,1523.0
2026-09-11T11:11:00.000+08:00,275.1746826171875,12.182853698730469,9.8544921875,12.180859565734863,0.1654234677553177,384.29998779296875,3.621000051498413,2.0230000019073486,1280.4000244140625,513.28125,1.837499976158142,0.9656295776367188,1507.0,513.28125,2.10546875,1.0932137966156006,1523.0
2026-09-11T11:12:00.000+08:00,278.2117004394531,12.094703674316406,9.8125,12.06441879272461,0.16743451356887817,384.0,3.611999988555908,2.009000062942505,1280.4000244140625,513.28125,1.8757812976837158,0.9652258157730103,1507.0,513.28125,2.10546875,1.092002511024475,1523.0
2026-09-11T11:13:00.000+08:00,270.0973205566406,12.154762268066406,9.8544921875,12.458210945129395,0.16190126538276672,384.20001220703125,3.621999979019165,2.010999917984009,1280.5,513.28125,1.837499976158142,0.9586312770843506,1507.0,513.28125,2.10546875,1.0903875827789307,1523.0
2026-09-11T11:14:00.000+08:00,270.19879150390625,12.13155746459961,9.8681640625,11.931985855102539,0.16904142498970032,384.79998779296875,3.625999927520752,2.0250000953674316,1280.5,513.28125,1.837499976158142,0.9660333395004272,1507.0,513.28125,2.10546875,1.093752145767212,1523.0
2026-09-11T11:15:00.000+08:00,271.747314453125,12.067131042480469,9.8056640625,12.480900764465332,0.16120630502700806,384.5,3.6449999809265137,2.0290000438690186,1280.5,513.28125,1.8757812976837158,0.9656295776367188,1507.0,513.28125,2.10546875,1.1003466844558716,1523.0
2026-09-11T11:16:00.000+08:00,269.04315185546875,12.000663757324219,9.75,12.209903717041016,0.16470235586166382,384.3999938964844,3.6389999389648438,2.0230000019073486,1280.5999755859375,513.28125,1.837499976158142,0.9590350389480591,1507.0,513.28125,2.10546875,1.0941559076309204,1523.0
2026-09-11T11:17:00.000+08:00,270.135986328125,12.048309326171875,9.791748046875,12.295933723449707,0.16444461047649384,384.3999938964844,3.6480000019073486,2.0260000228881836,1280.5999755859375,513.28125,1.8757812976837158,0.9692633152008057,1507.0,513.28125,2.10546875,1.092944622039795,1523.0
2026-09-11T11:18:00.000+08:00,270.1012268066406,12.012580871582031,9.770751953125,11.832002639770508,0.17030084133148193,384.79998779296875,3.635999917984009,2.0199999809265137,1280.5999755859375,513.28125,1.8757812976837158,0.9692633152008057,1507.0,513.28125,2.10546875,1.0976550579071045,1523.0
2026-09-11T11:19:00.000+08:00,273.1545715332031,12.110809326171875,9.798828125,12.168347358703613,0.1663331836462021,384.3999938964844,3.627000093460083,2.010999917984009,1280.699951171875,513.28125,1.837499976158142,0.9632070660591125,1507.0,513.28125,2.10546875,1.0961745977401733,1523.0
2026-09-11T11:20:00.000+08:00,279.57666015625,12.058982849121094,9.757080078125,12.775315284729004,0.15897846221923828,384.3999938964844,3.640000104904175,2.0220000743865967,1280.699951171875,513.28125,1.8757812976837158,0.9632070660591125,1507.0,513.28125,2.10546875,1.0925408601760864,1523.0
2026-09-11T11:21:00.000+08:00,275.0868835449219,12.065803527832031,9.882080078125,12.28905200958252,0.1640484631061554,384.70001220703125,3.6440000534057617,2.0220000743865967,1280.699951171875,513.28125,1.8757812976837158,0.964418351650238,1507.0,513.28125,2.10546875,1.0925408601760864,1523.0
2026-09-11T11:22:00.000+08:00,277.84344482421875,12.121585845947266,9.8125,11.89463996887207,0.16974031925201416,384.70001220703125,3.6519999504089355,2.0250000953674316,1280.800048828125,513.28125,1.837499976158142,0.9623996019363403,1507.0,513.28125,2.10546875,1.0915988683700562,1523.0
2026-09-11T11:23:00.000+08:00,273.7048034667969,12.104476928710938,9.8125,11.711142539978027,0.17222914099693298,384.6000061035156,3.63700008392334,2.009999990463257,1280.800048828125,513.28125,1.837499976158142,0.9656295776367188,1507.0,513.28125,2.10546875,1.0925408601760864,1523.0
2026-09-11T11:24:00.000+08:00,273.83746337890625,12.071800231933594,9.8681640625,11.859748840332031,0.1693965047597885,384.8999938964844,3.6470000743865967,2.0239999294281006,1280.800048828125,513.28125,1.837499976158142,0.9656295776367188,1507.0,513.28125,2.10546875,1.0983279943466187,1523.0
2026-09-11T11:25:00.000+08:00,270.4888610839844,12.186511993408203,9.91015625,12.04482650756836,0.16737477481365204,384.70001220703125,3.6530001163482666,2.0160000324249268,1280.9000244140625,513.28125,1.8757812976837158,0.9664371013641357,1507.0,513.28125,2.10546875,1.093752145767212,1523.0
2026-09-11T11:26:00.000+08:00,272.89593505859375,12.082176208496094,9.8125,12.600289344787598,0.16023442149162292,384.70001220703125,3.6559998989105225,2.0139999389648438,1280.9000244140625,513.28125,1.8757812976837158,0.9706091284751892,1507.0,513.28125,2.10546875,1.0934829711914062,1523.0
2026-09-11T11:27:00.000+08:00,274.14434814453125,12.053077697753906,9.736083984375,12.130125045776367,0.16693975031375885,384.8999938964844,3.6540000438690186,2.0230000019073486,1280.9000244140625,513.28125,1.8757812976837158,0.9742428660392761,1507.0,513.28125,2.10546875,1.0946942567825317,1523.0
2026-09-11T11:28:00.000+08:00,269.5636901855469,11.975425720214844,9.6181640625,12.201577186584473,0.1658802032470703,384.3999938964844,3.6649999618530273,2.0209999084472656,1281.0,513.28125,1.837499976158142,0.9632070660591125,1507.0,513.28125,2.10546875,1.0883688926696777,1523.0
2026-09-11T11:29:00.000+08:00,277.9444274902344,11.845325469970703,9.479248046875,13.129697799682617,0.1540781855583191,385.20001220703125,3.6740000247955322,2.0290000438690186,1281.0,513.28125,1.8757812976837158,0.9726278781890869,1507.0,513.28125,2.10546875,1.0942904949188232,1523.0
2026-09-11T11:30:00.000+08:00,275.67364501953125,11.800464630126953,9.4794921875,13.026519775390625,0.15575917065143585,384.20001220703125,3.6410000324249268,2.010999917984009,1281.0,513.28125,1.837499976158142,0.9541900753974915,1507.0,513.28125,2.10546875,1.0940213203430176,1524.0
2026-09-11T11:31:00.000+08:00,281.8164367675781,11.849716186523438,9.5556640625,13.144332885742188,0.15459133684635162,384.29998779296875,3.628000020980835,2.010999917984009,1281.0999755859375,513.28125,1.837499976158142,0.9586312770843506,1507.0,513.28125,2.10546875,1.0898492336273193,1524.0
2026-09-11T11:32:00.000+08:00,278.6639404296875,11.839576721191406,9.5,12.690771102905273,0.15830402076244354,385.29998779296875,3.6440000534057617,2.0260000228881836,1281.0999755859375,513.28125,1.837499976158142,0.9660333395004272,1507.0,513.28125,2.10546875,1.0976550579071045,1524.0
2026-09-11T11:33:00.000+08:00,278.282470703125,11.919849395751953,9.5419921875,12.619877815246582,0.16022342443466187,385.5,3.6519999504089355,2.0309998989105225,1281.0999755859375,513.28125,1.8757812976837158,0.9702053666114807,1507.0,513.28125,2.10546875,1.101961612701416,1524.0
2026-09-11T11:34:00.000+08:00,277.5069274902344,11.822357177734375,9.611328125,13.016257286071777,0.1561124622821808,385.5,3.6689999103546143,2.0339999198913574,1281.199951171875,513.28125,1.8757812976837158,0.9750503301620483,1507.0,513.28125,2.10546875,1.1002120971679688,1524.0
2026-09-11T11:35:00.000+08:00,279.4670104980469,11.980724334716797,9.6533203125,12.84964656829834,0.15759187936782837,384.5,3.6549999713897705,2.0139999389648438,1281.199951171875,513.28125,1.837499976158142,0.9623996019363403,1507.0,513.28125,2.10546875,1.0961745977401733,1524.0
2026-09-11T11:36:00.000+08:00,271.4547424316406,11.969409942626953,9.673583984375,12.535285949707031,0.1612248718738556,384.70001220703125,3.6630001068115234,2.0199999809265137,1281.199951171875,513.28125,1.837499976158142,0.9614574909210205,1507.0,513.28125,2.10546875,1.0905221700668335,1524.0
2026-09-11T11:37:00.000+08:00,275.7518005371094,11.977043151855469,9.6669921875,13.124549865722656,0.15391004085540771,385.0,3.6710000038146973,2.0280001163482666,1281.300048828125,513.28125,1.8757812976837158,0.968052089214325,1507.0,513.28125,2.10546875,1.0938867330551147,1524.0
2026-09-11T11:38:00.000+08:00,271.04534912109375,11.96731185913086,9.6533203125,12.41208267211914,0.1631474792957306,385.0,3.683000087738037,2.0429999828338623,1281.300048828125,513.28125,1.8757812976837158,0.9804336428642273,1507.0,513.28125,2.10546875,1.1012887954711914,1524.0
2026-09-11T11:39:00.000+08:00,280.7236328125,11.998542785644531,9.59765625,12.682967185974121,0.15989950299263,384.8999938964844,3.681999921798706,2.0480000972747803,1281.300048828125,513.28125,1.8757812976837158,0.9828561544418335,1507.0,513.28125,2.10546875,1.0983279943466187,1524.0
2026-09-11T11:40:00.000+08:00,281.87200927734375,11.91280746459961,9.53515625,13.023526191711426,0.15694674849510193,385.0,3.687000036239624,2.0510001182556152,1281.4000244140625,513.28125,1.9140625,0.9840673804283142,1507.0,513.28125,2.10546875,1.0988662242889404,1524.0
2026-09-11T11:41:00.000+08:00,281.0296936035156,11.88851547241211,9.5625,13.193676948547363,0.15439213812351227,384.70001220703125,3.6710000038146973,2.0460000038146973,1281.4000244140625,513.28125,1.9140625,0.9890469312667847,1507.0,513.28125,2.10546875,1.0934829711914062,1524.0
2026-09-11T11:42:00.000+08:00,285.1950378417969,11.900897979736328,9.507080078125,13.358966827392578,0.15315556526184082,384.79998779296875,3.684000015258789,2.0510001182556152,1281.4000244140625,513.28125,1.9140625,0.9944302439689636,1507.0,513.28125,2.10546875,1.0988662242889404,1524.0
2026-09-11T11:43:00.000+08:00,278.0413818359375,11.900897979736328,9.5,13.078573226928711,0.1568213850259781,385.0,3.6760001182556152,2.0460000038146973,1281.5,513.28125,1.8757812976837158,0.9792224168777466,1507.0,513.28125,2.10546875,1.0959054231643677,1524.0
2026-09-11T11:44:00.000+08:00,277.8457336425781,11.860031127929688,9.541748046875,13.236661911010742,0.15464623272418976,385.0,3.6730000972747803,2.0320000648498535,1281.5,513.28125,1.8757812976837158,0.9820486307144165,1507.0,513.28125,2.10546875,1.1012887954711914,1524.0
2026-09-11T11:45:00.000+08:00,284.3297119140625,11.849716186523438,9.53515625,13.297687530517578,0.15363574028015137,384.79998779296875,3.6740000247955322,2.0339999198913574,1281.5,513.28125,1.8757812976837158,0.9840673804283142,1507.0,513.28125,2.10546875,1.0950980186462402,1524.0
2026-09-11T11:46:00.000+08:00,283.6859130859375,11.854862213134766,9.5556640625,13.032398223876953,0.15699335932731628,385.0,3.6700000762939453,2.0329999923706055,1281.5999755859375,513.28125,1.9140625,0.9866244792938232,1507.0,513.28125,2.10546875,1.0950980186462402,1524.0
2026-09-11T11:47:00.000+08:00,nan,11.854572296142578,9.5556640625,nan,nan,384.5,3.6649999618530273,2.0309998989105225,1281.5999755859375,513.28125,1.8757812976837158,0.9784148931503296,1507.0,513.28125,2.10546875,1.0973858833312988,1524.0
2026-09-11T11:48:00.000+08:00,287.8006134033203,11.821643829345703,9.53515625,13.235663414001465,0.1538984179496765,385.5,3.6689999103546143,2.0420000553131104,1281.5999755859375,513.28125,1.8757812976837158,0.9836636185646057,1507.0,513.28125,2.10546875,1.1014233827590942,1524.0
2026-09-11T11:49:00.000+08:00,283.1708068847656,11.822944641113281,9.576416015625,12.974143981933594,0.1584690362215042,385.5,3.680000066757202,2.052000045776367,1281.699951171875,513.28125,1.8757812976837158,0.9858169555664062,1507.0,513.28125,2.10546875,1.10075044631958,1524.0
2026-09-11T11:50:00.000+08:00,281.4088134765625,11.831188201904297,9.583251953125,12.568512916564941,0.16302645206451416,385.70001220703125,3.6730000972747803,2.049999952316284,1281.699951171875,513.28125,1.8757812976837158,0.981644868850708,1507.0,513.28125,2.10546875,1.1061336994171143,1524.0
2026-09-11T11:51:00.000+08:00,285.9218444824219,11.926029205322266,9.6806640625,12.856793403625488,0.15905988216400146,385.8999938964844,3.674999952316284,2.055000066757202,1281.699951171875,516.796875,1.9140625,0.9907965064048767,1507.0,516.796875,2.143749952316284,1.1065374612808228,1524.0
2026-09-11T11:52:00.000+08:00,288.21429443359375,11.854991912841797,9.5625,13.055095672607422,0.1575630009174347,386.29998779296875,3.684999942779541,2.055999994277954,1281.800048828125,516.796875,1.8757812976837158,0.9854131937026978,1507.0,516.796875,2.143749952316284,1.1116516590118408,1524.0
2026-09-11T11:53:00.000+08:00,287.59991455078125,11.819873809814453,9.59765625,12.835860252380371,0.16064369678497314,386.20001220703125,3.697000026702881,2.065000057220459,1281.800048828125,516.796875,1.9140625,0.9936227202415466,1507.0,516.796875,2.10546875,1.1054607629776,1524.0
2026-09-11T11:54:00.000+08:00,289.5177001953125,11.839408874511719,9.6181640625,12.830272674560547,0.16071365773677826,386.29998779296875,3.6740000247955322,2.052000045776367,1281.800048828125,516.796875,1.9140625,0.9953722953796387,1507.0,516.796875,2.10546875,1.108017921447754,1524.0
2026-09-11T11:55:00.000+08:00,283.35076904296875,11.830894470214844,9.611328125,12.630046844482422,0.16254888474941254,386.3999938964844,3.684999942779541,2.062999963760376,1281.9000244140625,516.796875,1.8757812976837158,0.9837982058525085,1507.0,516.796875,2.10546875,1.1050571203231812,1524.0
2026-09-11T11:56:00.000+08:00,287.3346252441406,11.839820861816406,9.583251953125,12.648950576782227,0.1623850166797638,386.29998779296875,3.6670000553131104,2.0490000247955322,1281.9000244140625,516.796875,1.8757812976837158,0.9742428660392761,1507.0,516.796875,2.10546875,1.1054607629776,1524.0
2026-09-11T11:57:00.000+08:00,286.71990966796875,11.811626434326172,9.541748046875,12.468764305114746,0.1636088341474533,386.5,3.6600000858306885,2.0439999103546143,1281.9000244140625,516.796875,1.8757812976837158,0.9792224168777466,1507.0,516.796875,2.10546875,1.10640287399292,1524.0
2026-09-11T11:58:00.000+08:00,281.8642578125,11.752498626708984,9.6181640625,11.972904205322266,0.17138700187206268,386.79998779296875,3.6489999294281006,2.0420000553131104,1282.0,516.796875,1.8757812976837158,0.9858169555664062,1507.0,516.796875,2.10546875,1.1049225330352783,1524.0
2026-09-11T11:59:00.000+08:00,280.8657531738281,11.808555603027344,9.548828125,12.559563636779785,0.16354070603847504,386.70001220703125,3.6710000038146973,2.059999942779541,1282.0,516.796875,1.8757812976837158,0.9833944439888,1507.0,516.796875,2.143749952316284,1.1119208335876465,1524.0
2026-09-11T12:00:00.000+08:00,278.6884765625,11.833675384521484,9.611328125,12.697668075561523,0.1623920202255249,386.79998779296875,3.6630001068115234,2.052999973297119,1282.0999755859375,516.796875,1.8757812976837158,0.9738391041755676,1507.0,516.796875,2.143749952316284,1.1131319999694824,1524.0
2026-09-11T12:01:00.000+08:00,279.23870849609375,11.784439086914062,9.548828125,12.383605003356934,0.16634897887706757,386.79998779296875,3.6610000133514404,2.055999994277954,1282.0999755859375,516.796875,1.8757812976837158,0.9796261787414551,1507.0,516.796875,2.143749952316284,1.1123244762420654,1524.0
2026-09-11T12:02:00.000+08:00,279.4795837402344,11.75161361694336,9.6181640625,12.445816040039062,0.16567817330360413,386.5,3.6710000038146973,2.0510001182556152,1282.0999755859375,516.796875,1.8757812976837158,0.9780111908912659,1507.0,516.796875,2.143749952316284,1.1116516590118408,1524.0
2026-09-11T12:03:00.000+08:00,282.8292236328125,11.80221176147461,9.5,13.260821342468262,0.15376122295856476,386.5,3.693000078201294,2.052999973297119,1282.199951171875,516.796875,1.9140625,0.987835705280304,1507.0,516.796875,2.10546875,1.1109787225723267,1524.0
2026-09-11T12:04:00.000+08:00,280.9931945800781,11.872932434082031,9.611328125,12.766010284423828,0.16128766536712646,386.79998779296875,3.680999994277954,2.063999891281128,1282.199951171875,516.796875,1.9140625,0.9912002682685852,1507.0,516.796875,2.143749952316284,1.113401174545288,1524.0
2026-09-11T12:05:00.000+08:00,278.7864074707031,11.954540252685547,9.6875,12.569807052612305,0.16388477385044098,386.5,3.677999973297119,2.055000066757202,1282.199951171875,516.796875,1.9140625,0.9920077323913574,1507.0,516.796875,2.10546875,1.1054607629776,1524.0
2026-09-11T12:06:00.000+08:00,279.43499755859375,11.887771606445312,9.6875,12.676753997802734,0.1619499772787094,386.5,3.6579999923706055,2.0339999198913574,1282.300048828125,516.796875,1.837499976158142,0.9722241163253784,1507.0,516.796875,2.10546875,1.1054607629776,1524.0
2026-09-11T12:07:00.000+08:00,279.1840515136719,11.980167388916016,9.701416015625,12.54295825958252,0.16192352771759033,386.8999938964844,3.6610000133514404,2.0429999828338623,1282.300048828125,516.796875,1.8757812976837158,0.9734353423118591,1507.0,516.796875,2.10546875,1.1109787225723267,1524.0
2026-09-11T12:08:00.000+08:00,277.09649658203125,11.994529724121094,9.72265625,12.398962020874023,0.16493315994739532,387.0,3.6689999103546143,2.046999931335449,1282.300048828125,516.796875,1.8757812976837158,0.9714166522026062,1507.0,516.796875,2.143749952316284,1.1139395236968994,1524.0
2026-09-11T12:09:00.000+08:00,279.3701477050781,11.968910217285156,9.72265625,12.48090648651123,0.16449126601219177,387.3999938964844,3.6710000038146973,2.058000087738037,1282.4000244140625,516.796875,1.8757812976837158,0.9854131937026978,1508.0,516.796875,2.143749952316284,1.1158236265182495,1524.0
2026-09-11T12:10:00.000+08:00,275.9324645996094,11.997310638427734,9.722412109375,12.069503784179688,0.17117522656917572,387.70001220703125,3.6500000953674316,2.052000045776367,1282.4000244140625,516.796875,1.8757812976837158,0.9833944439888,1508.0,516.796875,2.143749952316284,1.1163619756698608,1524.0
2026-09-11T12:11:00.000+08:00,274.3991394042969,11.998210906982422,9.7919921875,12.5241060256958,0.1650417298078537,387.0,3.6640000343322754,2.0510001182556152,1282.4000244140625,516.796875,1.8757812976837158,0.9759924411773682,1508.0,516.796875,2.10546875,1.1123244762420654,1524.0
2026-09-11T12:12:00.000+08:00,270.42388916015625,11.99942398071289,9.6875,12.376911163330078,0.165227010846138,386.8999938964844,3.6760001182556152,2.055000066757202,1282.5,516.796875,1.8757812976837158,0.9730316400527954,1508.0,516.796875,2.143749952316284,1.10640287399292,1524.0
2026-09-11T12:13:00.000+08:00,270.69134521484375,11.996997833251953,9.791748046875,12.356246948242188,0.16647449135780334,386.70001220703125,3.681999921798706,2.053999900817871,1282.5,516.796875,1.837499976158142,0.9726278781890869,1508.0,516.796875,2.10546875,1.10640287399292,1524.0
2026-09-11T12:14:00.000+08:00,269.2509765625,11.988758087158203,9.71533203125,11.650084495544434,0.17536354064941406,386.79998779296875,3.6480000019073486,2.0439999103546143,1282.5,516.796875,1.8757812976837158,0.9738391041755676,1508.0,516.796875,2.143749952316284,1.1084216833114624,1524.0
2026-09-11T12:15:00.000+08:00,274.30096435546875,11.959224700927734,9.8056640625,11.652588844299316,0.17506839334964752,386.79998779296875,3.625999927520752,2.0350000858306885,1282.5999755859375,516.796875,1.8757812976837158,0.9746466279029846,1508.0,516.796875,2.10546875,1.107210397720337,1524.0
2026-09-11T12:16:00.000+08:00,272.3094787597656,11.947612762451172,9.770751953125,11.582703590393066,0.17655636370182037,386.70001220703125,3.6530001163482666,2.0399999618530273,1282.5999755859375,516.796875,1.8757812976837158,0.9788186550140381,1508.0,516.796875,2.10546875,1.1047879457473755,1524.0
2026-09-11T12:17:00.000+08:00,272.4268493652344,11.939979553222656,9.75,11.688712120056152,0.17478400468826294,387.5,3.6459999084472656,2.0409998893737793,1282.5999755859375,516.796875,1.8757812976837158,0.9784148931503296,1508.0,516.796875,2.143749952316284,1.110709547996521,1524.0
2026-09-11T12:18:00.000+08:00,273.55206298828125,11.943347930908203,9.798583984375,11.79566764831543,0.17319917678833008,386.5,3.687000036239624,2.0429999828338623,1282.699951171875,516.796875,1.8757812976837158,0.9714166522026062,1508.0,516.796875,2.143749952316284,1.1100366115570068,1524.0
2026-09-11T12:19:00.000+08:00,274.4590759277344,11.95556640625,9.798828125,11.676630973815918,0.17487920820713043,387.20001220703125,3.681999921798706,2.056999921798706,1282.699951171875,516.796875,1.8757812976837158,0.9833944439888,1508.0,516.796875,2.143749952316284,1.1119208335876465,1524.0
2026-09-11T12:20:00.000+08:00,278.09588623046875,11.958324432373047,9.784912109375,11.825483322143555,0.17276249825954437,386.6000061035156,3.63700008392334,2.0409998893737793,1282.699951171875,516.796875,1.8757812976837158,0.9767999053001404,1508.0,516.796875,2.143749952316284,1.1100366115570068,1524.0
2026-09-11T12:21:00.000+08:00,277.48956298828125,11.98720932006836,9.701416015625,12.102559089660645,0.16847677528858185,386.79998779296875,3.6440000534057617,2.0429999828338623,1282.800048828125,516.796875,1.8757812976837158,0.9772036671638489,1508.0,516.796875,2.10546875,1.1030383110046387,1524.0
2026-09-11T12:22:00.000+08:00,275.8850402832031,11.91585922241211,9.6875,12.417337417602539,0.16428641974925995,386.79998779296875,3.628000020980835,2.0490000247955322,1282.800048828125,516.796875,1.8757812976837158,0.9726278781890869,1508.0,516.796875,2.10546875,1.1034420728683472,1524.0
2026-09-11T12:23:00.000+08:00,278.8842468261719,11.883899688720703,9.798828125,12.117815017700195,0.1687598079442978,386.8999938964844,3.6510000228881836,2.0360000133514404,1282.800048828125,516.796875,1.8757812976837158,0.9767999053001404,1508.0,516.796875,2.143749952316284,1.1089599132537842,1524.0
2026-09-11T12:24:00.000+08:00,281.97027587890625,11.876266479492188,9.78515625,12.250198364257812,0.1665279120206833,387.0,3.6640000343322754,2.0490000247955322,1282.9000244140625,516.796875,1.8757812976837158,0.9730316400527954,1508.0,516.796875,2.143749952316284,1.112593650817871,1525.0
2026-09-11T12:25:00.000+08:00,279.5898132324219,11.84878158569336,9.7294921875,12.240440368652344,0.1671508401632309,387.1000061035156,3.6530001163482666,2.0429999828338623,1282.9000244140625,516.796875,1.837499976158142,0.9684557914733887,1508.0,516.796875,2.10546875,1.1093636751174927,1525.0
2026-09-11T12:26:00.000+08:00,283.84564208984375,11.8463134765625,9.7431640625,12.519291877746582,0.1631881445646286,387.3999938964844,3.6410000324249268,2.0339999198913574,1282.9000244140625,516.796875,1.837499976158142,0.968052089214325,1508.0,516.796875,2.10546875,1.109094500541687,1525.0
2026-09-11T12:27:00.000+08:00,278.0766906738281,11.876876831054688,9.7919921875,11.797958374023438,0.17172463238239288,386.8999938964844,3.6429998874664307,2.0329999923706055,1283.0,516.796875,1.837499976158142,0.9630725383758545,1508.0,516.796875,2.10546875,1.105191707611084,1525.0
2026-09-11T12:28:00.000+08:00,278.3349914550781,11.84085464477539,9.729248046875,11.496371269226074,0.17675143480300903,387.0,3.635999917984009,2.0339999198913574,1283.0,516.796875,1.837499976158142,0.9710128903388977,1508.0,516.796875,2.10546875,1.102769136428833,1525.0
2026-09-11T12:29:00.000+08:00,278.9251403808594,11.875663757324219,9.8056640625,11.901849746704102,0.17022563517093658,387.1000061035156,3.6389999389648438,2.0399999618530273,1283.0,516.796875,1.837499976158142,0.9722241163253784,1508.0,516.796875,2.10546875,1.1089599132537842,1525.0
2026-09-11T12:30:00.000+08:00,278.4994812011719,11.875076293945312,9.7919921875,12.205375671386719,0.1668117493391037,387.29998779296875,3.625,2.0260000228881836,1283.0999755859375,516.796875,1.8757812976837158,0.9710128903388977,1508.0,516.796875,2.10546875,1.1077487468719482,1525.0
2026-09-11T12:31:00.000+08:00,273.9742736816406,11.904857635498047,9.7158203125,11.912620544433594,0.1718345731496811,386.6000061035156,3.634000062942505,2.0339999198913574,1283.0999755859375,516.796875,1.837499976158142,0.9660333395004272,1508.0,516.796875,2.10546875,1.1030383110046387,1525.0
2026-09-11T12:32:00.000+08:00,271.1858825683594,11.86129379272461,9.722412109375,11.761883735656738,0.17148613929748535,387.0,3.615000009536743,2.0390000343322754,1283.0999755859375,516.796875,1.837499976158142,0.967244565486908,1508.0,516.796875,2.10546875,1.1022307872772217,1525.0
2026-09-11T12:33:00.000+08:00,279.5271301269531,11.922893524169922,9.7294921875,11.910187721252441,0.16968666017055511,387.1000061035156,3.632999897003174,2.0299999713897705,1283.199951171875,516.796875,1.837499976158142,0.9634762406349182,1508.0,516.796875,2.10546875,1.105191707611084,1525.0
2026-09-11T12:34:00.000+08:00,276.79595947265625,11.915569305419922,9.72265625,11.7722806930542,0.17252391576766968,387.29998779296875,3.625,2.0339999198913574,1283.199951171875,516.796875,1.837499976158142,0.9676483273506165,1508.0,516.796875,2.10546875,1.1086907386779785,1525.0
2026-09-11T12:35:00.000+08:00,279.3633117675781,11.860706329345703,9.7294921875,11.585848808288574,0.1747821867465973,387.3999938964844,3.6429998874664307,2.0299999713897705,1283.199951171875,516.796875,1.837499976158142,0.9676483273506165,1508.0,516.796875,2.10546875,1.1061336994171143,1525.0
2026-09-11T12:36:00.000+08:00,279.2485046386719,11.853069305419922,9.708251953125,11.730792999267578,0.17356029152870178,387.5,3.618000030517578,2.0320000648498535,1283.300048828125,516.796875,1.837499976158142,0.9688595533370972,1508.0,516.796875,2.10546875,1.1023653745651245,1525.0
2026-09-11T12:37:00.000+08:00,277.9422912597656,11.84145736694336,9.722412109375,11.602250099182129,0.17462129890918732,387.5,3.615999937057495,2.0280001163482666,1283.300048828125,516.796875,1.837499976158142,0.968052089214325,1508.0,516.796875,2.10546875,1.1116516590118408,1525.0
2026-09-11T12:38:00.000+08:00,282.19464111328125,11.821605682373047,9.729248046875,11.461276054382324,0.17799066007137299,387.6000061035156,3.632999897003174,2.052999973297119,1283.300048828125,516.796875,1.837499976158142,0.968052089214325,1508.0,516.796875,2.10546875,1.1053261756896973,1525.0
2026-09-11T12:39:00.000+08:00,278.9231872558594,11.84878158569336,9.72265625,11.898408889770508,0.1732800453901291,387.1000061035156,3.624000072479248,2.0299999713897705,1283.4000244140625,516.796875,1.837499976158142,0.9648220539093018,1508.0,516.796875,2.10546875,1.1002120971679688,1525.0
2026-09-11T12:40:00.000+08:00,277.56494140625,11.916156768798828,9.7431640625,11.902674674987793,0.170465886592865,387.20001220703125,3.635999917984009,2.0460000038146973,1283.4000244140625,516.796875,1.8757812976837158,0.9792224168777466,1508.0,516.796875,2.10546875,1.1077487468719482,1525.0
2026-09-11T12:41:00.000+08:00,276.43280029296875,11.910377502441406,9.729248046875,11.734573364257812,0.17358960211277008,387.29998779296875,3.6549999713897705,2.059000015258789,1283.4000244140625,516.796875,1.8757812976837158,0.9808374047279358,1508.0,516.796875,2.143749952316284,1.114343285560608,1525.0
2026-09-11T12:42:00.000+08:00,274.514404296875,11.923206329345703,9.7431640625,11.784263610839844,0.1737910807132721,387.79998779296875,3.6579999923706055,2.066999912261963,1283.5,516.796875,1.8757812976837158,0.9829907417297363,1508.0,516.796875,2.10546875,1.1120553016662598,1525.0
2026-09-11T12:43:00.000+08:00,273.22125244140625,11.993942260742188,9.6875,12.020397186279297,0.17087621986865997,387.3999938964844,3.621000051498413,2.0420000553131104,1283.5,516.796875,1.8757812976837158,0.9784148931503296,1508.0,516.796875,2.10546875,1.1031728982925415,1525.0
2026-09-11T12:44:00.000+08:00,275.50067138671875,11.985095977783203,9.736328125,12.02071475982666,0.1711212694644928,387.3999938964844,3.617000102996826,2.0399999618530273,1283.5,516.796875,1.8757812976837158,0.9846057295799255,1508.0,516.796875,2.143749952316284,1.1123244762420654,1525.0
2026-09-11T12:45:00.000+08:00,275.29010009765625,11.979873657226562,9.7431640625,12.331487655639648,0.1657545268535614,387.5,3.6440000534057617,2.058000087738037,1283.5999755859375,516.796875,1.8757812976837158,0.9837982058525085,1508.0,516.796875,2.10546875,1.1073449850082397,1525.0
2026-09-11T12:46:00.000+08:00,nan,11.96645736694336,9.7431640625,nan,nan,387.5,3.6459999084472656,2.059999942779541,1283.5999755859375,516.796875,1.8757812976837158,0.9804336428642273,1508.0,516.796875,2.143749952316284,1.1128628253936768,1525.0
2026-09-11T12:47:00.000+08:00,277.7673645019531,11.907913208007812,9.694580078125,12.277312278747559,0.1672200858592987,387.79998779296875,3.6470000743865967,2.059999942779541,1283.5999755859375,516.796875,1.8757812976837158,0.9891815185546875,1508.0,516.796875,2.143749952316284,1.1144778728485107,1525.0
2026-09-11T12:48:00.000+08:00,274.2892150878906,11.982940673828125,9.729248046875,12.149718284606934,0.16930434107780457,388.1000061035156,3.6500000953674316,2.065999984741211,1283.699951171875,516.796875,1.8757812976837158,0.991334855556488,1508.0,516.796875,2.143749952316284,1.1226873397827148,1525.0
2026-09-11T12:49:00.000+08:00,271.97784423828125,11.938766479492188,9.7783203125,11.764017105102539,0.17613032460212708,387.70001220703125,3.619999885559082,2.0480000972747803,1283.699951171875,516.796875,1.8757812976837158,0.9833944439888,1508.0,516.796875,2.10546875,1.1096328496932983,1525.0
2026-09-11T12:50:00.000+08:00,273.0611267089844,11.931129455566406,9.72265625,11.87045669555664,0.17412976920604706,387.6000061035156,3.638000011444092,2.059000015258789,1283.800048828125,516.796875,1.8757812976837158,0.988777756690979,1508.0,516.796875,2.143749952316284,1.1160928010940552,1525.0
2026-09-11T12:51:00.000+08:00,280.5180969238281,11.992088317871094,9.722412109375,12.091225624084473,0.17070229351520538,387.20001220703125,3.631999969482422,2.0510001182556152,1283.800048828125,516.796875,1.8757812976837158,0.9763962030410767,1508.0,516.796875,2.10546875,1.101557970046997,1525.0
2026-09-11T12:52:00.000+08:00,278.4565124511719,11.913745880126953,9.736328125,12.114235877990723,0.16988277435302734,388.29998779296875,3.6540000438690186,2.065999984741211,1283.800048828125,516.796875,1.9140625,0.9957760572433472,1508.0,516.796875,2.143749952316284,1.113535761833191,1525.0
2026-09-11T12:53:00.000+08:00,274.3433532714844,11.990264892578125,9.722412109375,12.237167358398438,0.16825789213180542,387.70001220703125,3.6530001163482666,2.056999921798706,1283.9000244140625,516.796875,1.8757812976837158,0.988777756690979,1508.0,516.796875,2.10546875,1.1103057861328125,1525.0
2026-09-11T12:54:00.000+08:00,275.47137451171875,11.946399688720703,9.798828125,12.604591369628906,0.162877157330513,387.8999938964844,3.621000051498413,2.0480000972747803,1283.9000244140625,516.796875,1.8757812976837158,0.984201967716217,1508.0,516.796875,2.10546875,1.1082870960235596,1525.0
2026-09-11T12:55:00.000+08:00,273.21539306640625,11.94088363647461,9.757080078125,11.823500633239746,0.17406012117862701,388.3999938964844,3.6619999408721924,2.0739998817443848,1283.9000244140625,516.796875,1.8757812976837158,0.991334855556488,1508.0,516.796875,2.143749952316284,1.1226873397827148,1525.0
2026-09-11T12:56:00.000+08:00,268.83197021484375,11.943347930908203,9.757080078125,11.702479362487793,0.17697104811668396,387.5,3.63700008392334,2.052000045776367,1284.0,516.796875,1.8757812976837158,0.9858169555664062,1508.0,516.796875,2.143749952316284,1.113535761833191,1525.0
2026-09-11T12:57:00.000+08:00,274.325927734375,11.98660659790039,9.736328125,11.986193656921387,0.17136383056640625,387.6000061035156,3.628000020980835,2.0369999408721924,1284.0,516.796875,1.8757812976837158,0.9714166522026062,1508.0,516.796875,2.10546875,1.1029037237167358,1525.0
2026-09-11T12:58:00.000+08:00,272.79461669921875,11.943347930908203,9.757080078125,12.445483207702637,0.16351313889026642,387.79998779296875,3.6559998989105225,2.0429999828338623,1284.0,516.796875,1.837499976158142,0.9664371013641357,1508.0,516.796875,2.143749952316284,1.1174386739730835,1525.0
2026-09-11T12:59:00.000+08:00,275.56817626953125,11.945209503173828,9.7919921875,11.686440467834473,0.17507469654083252,386.79998779296875,3.621000051498413,2.0309998989105225,1284.0999755859375,516.796875,1.837499976158142,0.9660333395004272,1508.0,516.796875,2.10546875,1.1068066358566284,1525.0
2026-09-11T13:00:00.000+08:00,272.367431640625,11.950080871582031,9.8056640625,12.232377052307129,0.16578951478004456,387.20001220703125,3.63700008392334,2.0339999198913574,1284.0999755859375,516.796875,1.837499976158142,0.967244565486908,1508.0,516.796875,2.10546875,1.1031728982925415,1525.0
2026-09-11T13:01:00.000+08:00,272.3148193359375,11.946399688720703,9.798828125,11.895580291748047,0.1716603934764862,386.3999938964844,3.5859999656677246,2.0199999809265137,1284.0999755859375,516.796875,1.837499976158142,0.9570162892341614,1508.0,513.28125,2.10546875,1.0969821214675903,1525.0
2026-09-11T13:02:00.000+08:00,270.9613952636719,11.885723114013672,9.78515625,11.664247512817383,0.17240718007087708,385.79998779296875,3.5739998817443848,2.00600004196167,1284.199951171875,516.796875,1.837499976158142,0.9632070660591125,1508.0,516.796875,2.10546875,1.1029037237167358,1525.0
2026-09-11T13:03:00.000+08:00,274.4612731933594,11.959541320800781,9.8056640625,12.251194953918457,0.1645553857088089,387.1000061035156,3.63700008392334,2.0339999198913574,1284.199951171875,516.796875,1.837499976158142,0.968052089214325,1508.0,516.796875,2.10546875,1.1077487468719482,1525.0
2026-09-11T13:04:00.000+08:00,272.2411804199219,11.96685791015625,9.8056640625,12.206927299499512,0.16687247157096863,387.29998779296875,3.6419999599456787,2.0390000343322754,1284.199951171875,516.796875,1.837499976158142,0.9692633152008057,1508.0,516.796875,2.10546875,1.10075044631958,1525.0
2026-09-11T13:05:00.000+08:00,262.1168518066406,11.954959869384766,9.7919921875,11.275853157043457,0.18038545548915863,386.3999938964844,3.6429998874664307,2.0239999294281006,1284.300048828125,516.796875,1.837499976158142,0.9602462649345398,1508.0,516.796875,2.10546875,1.1058645248413086,1525.0
2026-09-11T13:06:00.000+08:00,272.8091735839844,11.952198028564453,9.8056640625,11.627290725708008,0.1750192642211914,385.8999938964844,3.5850000381469727,2.0160000324249268,1284.300048828125,513.28125,1.837499976158142,0.9562088251113892,1508.0,513.28125,2.10546875,1.0965783596038818,1525.0
2026-09-11T13:07:00.000+08:00,269.437255859375,11.943058013916016,9.798828125,11.584647178649902,0.17428238689899445,385.79998779296875,3.5889999866485596,2.0139999389648438,1284.300048828125,513.28125,1.837499976158142,0.9582275152206421,1508.0,513.28125,2.10546875,1.0965783596038818,1525.0
2026-09-11T13:08:00.000+08:00,272.2592468261719,11.945209503173828,9.8056640625,11.542795181274414,0.1742212325334549,386.0,3.5980000495910645,2.005000114440918,1284.4000244140625,513.28125,1.837499976158142,0.9610537886619568,1508.0,513.28125,2.10546875,1.1002120971679688,1525.0
2026-09-11T13:09:00.000+08:00,272.4262390136719,11.9384765625,9.78515625,11.523564338684082,0.17451196908950806,385.79998779296875,3.5910000801086426,2.015000104904175,1284.4000244140625,513.28125,1.837499976158142,0.9528442621231079,1508.0,513.28125,2.10546875,1.0924062728881836,1525.0
2026-09-11T13:10:00.000+08:00,271.9977722167969,11.985095977783203,9.7294921875,11.654573440551758,0.17237867414951324,385.79998779296875,3.5959999561309814,2.0179998874664307,1284.4000244140625,513.28125,1.837499976158142,0.9574200510978699,1508.0,513.28125,2.10546875,1.0990008115768433,1525.0
2026-09-11T13:11:00.000+08:00,271.3829650878906,11.822944641113281,9.576416015625,12.224685668945312,0.16442140936851501,385.1000061035156,3.5899999141693115,2.000999927520752,1284.5,513.28125,1.837499976158142,0.9524405002593994,1509.0,513.28125,2.10546875,1.092137098312378,1525.0
2026-09-11T13:12:00.000+08:00,276.6804504394531,11.789867401123047,9.4931640625,12.556797981262207,0.15911699831485748,385.70001220703125,3.578000068664551,2.003999948501587,1284.5,513.28125,1.837499976158142,0.9558050632476807,1509.0,513.28125,2.10546875,1.0960400104522705,1525.0
2026-09-11T13:13:00.000+08:00,274.28070068359375,11.72061538696289,9.451416015625,12.621274948120117,0.15917567908763885,386.3999938964844,3.621999979019165,2.0250000953674316,1284.5,516.796875,1.837499976158142,0.9578238129615784,1509.0,516.796875,2.10546875,1.1020961999893188,1525.0
2026-09-11T13:14:00.000+08:00,271.1833190917969,11.700763702392578,9.4931640625,11.852126121520996,0.17018042504787445,386.3999938964844,3.6070001125335693,2.0199999809265137,1284.5999755859375,516.796875,1.837499976158142,0.9614574909210205,1509.0,516.796875,2.10546875,1.1016925573349,1525.0
2026-09-11T13:15:00.000+08:00,271.79180908203125,11.703861236572266,9.451416015625,12.01671314239502,0.16834886372089386,386.1000061035156,3.5969998836517334,2.0190000534057617,1284.5999755859375,513.28125,1.837499976158142,0.9628033638000488,1509.0,513.28125,2.10546875,1.0969821214675903,1525.0
2026-09-11T13:16:00.000+08:00,271.86663818359375,11.71237564086914,9.47265625,12.790717124938965,0.15714521706104279,385.8999938964844,3.5899999141693115,2.01200008392334,1284.5999755859375,513.28125,1.837499976158142,0.9562088251113892,1509.0,513.28125,2.10546875,1.0965783596038818,1525.0
2026-09-11T13:17:00.000+08:00,268.0976257324219,11.791046142578125,9.451416015625,12.320419311523438,0.16371195018291473,386.1000061035156,3.6019999980926514,2.0190000534057617,1284.699951171875,516.796875,1.837499976158142,0.9610537886619568,1509.0,516.796875,2.10546875,1.1003466844558716,1525.0
2026-09-11T13:18:00.000+08:00,260.620849609375,11.818260192871094,9.507080078125,11.938024520874023,0.16862086951732635,386.29998779296875,3.6059999465942383,2.0209999084472656,1284.699951171875,516.796875,1.837499976158142,0.963610827922821,1509.0,516.796875,2.10546875,1.093752145767212,1526.0
2026-09-11T13:19:00.000+08:00,259.7987060546875,11.887805938720703,9.513916015625,11.799174308776855,0.17128317058086395,385.70001220703125,3.6080000400543213,2.0220000743865967,1284.699951171875,513.28125,1.837499976158142,0.9540554881095886,1509.0,513.28125,2.10546875,1.0940213203430176,1526.0
2026-09-11T13:20:00.000+08:00,255.145263671875,11.924285888671875,9.486328125,11.566144943237305,0.17438827455043793,385.8999938964844,3.5969998836517334,2.0160000324249268,1284.800048828125,516.796875,1.837499976158142,0.9566125273704529,1509.0,513.28125,2.10546875,1.1014233827590942,1526.0
2026-09-11T13:21:00.000+08:00,254.15293884277344,11.88839340209961,9.5283203125,11.763270378112793,0.1709558665752411,385.70001220703125,3.6010000705718994,2.0199999809265137,1284.800048828125,513.28125,1.837499976158142,0.9528442621231079,1509.0,513.28125,2.10546875,1.093617558479309,1526.0
2026-09-11T13:22:00.000+08:00,247.77113342285156,11.87649154663086,9.513916015625,12.005796432495117,0.1670859456062317,385.8999938964844,3.5880000591278076,2.0160000324249268,1284.800048828125,513.28125,1.837499976158142,0.9598425030708313,1509.0,513.28125,2.10546875,1.0940213203430176,1526.0
2026-09-11T13:23:00.000+08:00,247.23483276367188,11.912971496582031,9.451416015625,11.505553245544434,0.17452441155910492,386.20001220703125,3.61299991607666,2.0280001163482666,1284.9000244140625,513.28125,1.837499976158142,0.9632070660591125,1509.0,513.28125,2.10546875,1.1049225330352783,1526.0
2026-09-11T13:24:00.000+08:00,247.33583068847656,11.995166778564453,9.4658203125,12.333390235900879,0.16443166136741638,386.1000061035156,3.615000009536743,2.0369999408721924,1284.9000244140625,513.28125,1.8757812976837158,0.9750503301620483,1509.0,513.28125,2.10546875,1.0981934070587158,1526.0
2026-09-11T13:25:00.000+08:00,244.30438232421875,11.986785888671875,9.47265625,12.05280876159668,0.1683425009250641,386.0,3.624000072479248,2.0280001163482666,1284.9000244140625,513.28125,1.837499976158142,0.9660333395004272,1509.0,513.28125,2.10546875,1.101961612701416,1526.0
2026-09-11T13:26:00.000+08:00,238.77760314941406,12.041927337646484,9.472412109375,11.982178688049316,0.1697521060705185,385.6000061035156,3.6080000400543213,2.0230000019073486,1285.0,513.28125,1.837499976158142,0.9632070660591125,1509.0,513.28125,2.10546875,1.097251296043396,1526.0
2026-09-11T13:27:00.000+08:00,239.22479248046875,12.041927337646484,9.451416015625,11.870575904846191,0.1701686531305313,385.70001220703125,3.63100004196167,2.0280001163482666,1285.0,513.28125,1.837499976158142,0.967244565486908,1509.0,513.28125,2.10546875,1.0965783596038818,1526.0
2026-09-11T13:28:00.000+08:00,234.43048095703125,12.005172729492188,9.5,12.129890441894531,0.1667780876159668,386.1000061035156,3.621000051498413,2.0260000228881836,1285.0,513.28125,1.837499976158142,0.9664371013641357,1509.0,513.28125,2.10546875,1.0994045734405518,1526.0
2026-09-11T13:29:00.000+08:00,238.98574829101562,12.013996124267578,9.53515625,12.152669906616211,0.1662186235189438,385.8999938964844,3.621000051498413,2.0260000228881836,1285.0999755859375,513.28125,1.8757812976837158,0.9710128903388977,1509.0,513.28125,2.10546875,1.0981934070587158,1526.0
2026-09-11T13:30:00.000+08:00,240.96588134765625,12.041358947753906,9.4658203125,12.268445014953613,0.1651391088962555,385.70001220703125,3.61899995803833,2.015000104904175,1285.0999755859375,513.28125,1.8757812976837158,0.9702053666114807,1509.0,513.28125,2.10546875,1.0965783596038818,1526.0
2026-09-11T13:31:00.000+08:00,230.2997283935547,12.114879608154297,9.486328125,11.793233871459961,0.17196300625801086,385.5,3.609999895095825,2.0139999389648438,1285.0999755859375,513.28125,1.8757812976837158,0.9676483273506165,1509.0,513.28125,2.10546875,1.0968475341796875,1526.0
2026-09-11T13:32:00.000+08:00,228.2606201171875,12.088695526123047,9.5419921875,11.68615436553955,0.1724262684583664,385.29998779296875,3.61899995803833,2.0299999713897705,1285.199951171875,513.28125,1.8757812976837158,0.968052089214325,1509.0,513.28125,2.10546875,1.0959054231643677,1526.0
2026-09-11T13:33:00.000+08:00,233.38009643554688,12.132373809814453,9.5625,11.38480281829834,0.17883488535881042,385.20001220703125,3.618000030517578,2.0350000858306885,1285.199951171875,513.28125,1.8757812976837158,0.9792224168777466,1509.0,513.28125,2.10546875,1.092137098312378,1526.0
2026-09-11T13:34:00.000+08:00,239.06105041503906,12.135147094726562,9.6044921875,12.461892127990723,0.16265587508678436,385.5,3.630000114440918,2.0369999408721924,1285.199951171875,513.28125,1.8757812976837158,0.9738391041755676,1509.0,513.28125,2.10546875,1.0930792093276978,1526.0
2026-09-11T13:35:00.000+08:00,238.76422119140625,12.15468978881836,9.576416015625,11.996686935424805,0.17013029754161835,385.5,3.6070001125335693,2.0299999713897705,1285.300048828125,513.28125,1.8757812976837158,0.9746466279029846,1509.0,513.28125,2.10546875,1.0942904949188232,1526.0
2026-09-11T13:36:00.000+08:00,238.9881591796875,12.062511444091797,9.59765625,12.150007247924805,0.16765421628952026,385.29998779296875,3.621000051498413,2.0369999408721924,1285.300048828125,513.28125,1.8757812976837158,0.981644868850708,1509.0,513.28125,2.10546875,1.0934829711914062,1526.0
2026-09-11T13:37:00.000+08:00,242.17259216308594,12.119564056396484,9.5556640625,11.777941703796387,0.17227119207382202,385.70001220703125,3.63700008392334,2.0429999828338623,1285.300048828125,513.28125,1.8757812976837158,0.981644868850708,1509.0,513.28125,2.10546875,1.1014233827590942,1526.0
2026-09-11T13:38:00.000+08:00,243.96681213378906,12.003105163574219,9.5908203125,12.072199821472168,0.16865195333957672,385.6000061035156,3.638000011444092,2.0409998893737793,1285.4000244140625,513.28125,1.9140625,0.9862207174301147,1509.0,513.28125,2.10546875,1.098058819770813,1526.0
2026-09-11T13:39:00.000+08:00,253.43553161621094,11.996055603027344,9.53515625,12.564275741577148,0.16188755631446838,385.0,3.631999969482422,2.0320000648498535,1285.4000244140625,513.28125,1.8757812976837158,0.982452392578125,1509.0,513.28125,2.10546875,1.1003466844558716,1526.0
2026-09-11T13:40:00.000+08:00,256.9219665527344,11.981647491455078,9.513916015625,12.337037086486816,0.16495046019554138,385.0,3.625999927520752,2.0329999923706055,1285.4000244140625,513.28125,1.8757812976837158,0.9788186550140381,1509.0,513.28125,2.10546875,1.0941559076309204,1526.0
2026-09-11T13:41:00.000+08:00,256.5669250488281,11.91091537475586,9.486328125,12.33614444732666,0.164557084441185,385.0,3.622999906539917,2.0239999294281006,1285.5,513.28125,1.8757812976837158,0.9714166522026062,1509.0,513.28125,2.10546875,1.0971167087554932,1526.0
2026-09-11T13:42:00.000+08:00,260.9664306640625,11.905021667480469,9.444580078125,12.430471420288086,0.16298657655715942,384.79998779296875,3.628000020980835,2.0329999923706055,1285.5,513.28125,1.8757812976837158,0.9812411665916443,1509.0,513.28125,2.10546875,1.091733455657959,1526.0
2026-09-11T13:43:00.000+08:00,254.7816619873047,11.932819366455078,9.458251953125,12.18643856048584,0.16657860577106476,384.8999938964844,3.6389999389648438,2.0329999923706055,1285.5,513.28125,1.8757812976837158,0.9722241163253784,1509.0,513.28125,2.10546875,1.092944622039795,1526.0
2026-09-11T13:44:00.000+08:00,256.5787658691406,11.892532348632812,9.4658203125,12.484753608703613,0.16283860802650452,385.1000061035156,3.6570000648498535,2.0269999504089355,1285.5999755859375,513.28125,1.8757812976837158,0.9766653180122375,1509.0,513.28125,2.10546875,1.0950980186462402,1526.0
2026-09-11T13:45:00.000+08:00,nan,11.900020599365234,9.5,nan,nan,385.1000061035156,3.6410000324249268,2.0230000019073486,1285.5999755859375,513.28125,1.837499976158142,0.9623996019363403,1509.0,513.28125,2.10546875,1.0963091850280762,1526.0
2026-09-11T13:46:00.000+08:00,259.07533264160156,11.986644744873047,9.5625,12.212506771087646,0.16612619161605835,385.3999938964844,3.621000051498413,2.005000114440918,1285.5999755859375,513.28125,1.837499976158142,0.9554013013839722,1509.0,513.28125,2.10546875,1.0918679237365723,1526.0
2026-09-11T13:47:00.000+08:00,259.9770812988281,11.941024780273438,9.673828125,12.448478698730469,0.1623491644859314,385.20001220703125,3.5999999046325684,2.015000104904175,1285.699951171875,513.28125,1.837499976158142,0.9500179886817932,1509.0,513.28125,2.10546875,1.100077509880066,1526.0
2026-09-11T13:48:00.000+08:00,259.2430725097656,11.989723205566406,9.611328125,11.735129356384277,0.1707693189382553,385.0,3.619999885559082,2.015000104904175,1285.699951171875,513.28125,1.837499976158142,0.9623996019363403,1509.0,513.28125,2.10546875,1.0914642810821533,1526.0
2026-09-11T13:49:00.000+08:00,259.3970031738281,11.901908874511719,9.5908203125,12.496781349182129,0.16060134768486023,385.29998779296875,3.621000051498413,2.0169999599456787,1285.699951171875,513.28125,1.837499976158142,0.9640145897865295,1509.0,513.28125,2.10546875,1.0894454717636108,1526.0
2026-09-11T13:50:00.000+08:00,268.1278991699219,11.906780242919922,9.569580078125,12.430669784545898,0.16193817555904388,385.6000061035156,3.619999885559082,2.0220000743865967,1285.800048828125,513.28125,1.837499976158142,0.9606500267982483,1509.0,513.28125,2.10546875,1.097251296043396,1526.0
2026-09-11T13:51:00.000+08:00,260.8482360839844,11.986186981201172,9.625,12.02759075164795,0.16711576282978058,385.79998779296875,3.617000102996826,2.01200008392334,1285.800048828125,513.28125,1.837499976158142,0.9614574909210205,1509.0,513.28125,2.10546875,1.0969821214675903,1526.0
2026-09-11T13:52:00.000+08:00,258.5798645019531,12.041759490966797,9.7431640625,11.762882232666016,0.17147158086299896,386.1000061035156,3.61299991607666,2.0179998874664307,1285.800048828125,516.796875,1.837499976158142,0.963610827922821,1509.0,516.796875,2.10546875,1.1003466844558716,1526.0
2026-09-11T13:53:00.000+08:00,260.7298583984375,12.052474975585938,9.72265625,12.089661598205566,0.1679120659828186,385.70001220703125,3.611999988555908,2.0160000324249268,1285.9000244140625,513.28125,1.837499976158142,0.9652258157730103,1509.0,513.28125,2.10546875,1.0981934070587158,1526.0
2026-09-11T13:54:00.000+08:00,260.1448059082031,12.061321258544922,9.736083984375,11.526634216308594,0.17628736793994904,386.0,3.615000009536743,2.0239999294281006,1285.9000244140625,516.796875,1.837499976158142,0.9628033638000488,1509.0,513.28125,2.10546875,1.0987316370010376,1526.0
2026-09-11T13:55:00.000+08:00,259.4281005859375,12.007064819335938,9.791748046875,11.940449714660645,0.1689216047525406,385.70001220703125,3.617000102996826,2.010999917984009,1285.9000244140625,513.28125,1.837499976158142,0.9512292742729187,1509.0,513.28125,2.10546875,1.0965783596038818,1526.0
2026-09-11T13:56:00.000+08:00,259.8363342285156,12.009822845458984,9.763916015625,11.512218475341797,0.17494456470012665,386.29998779296875,3.6440000534057617,2.0380001068115234,1286.0,516.796875,1.8757812976837158,0.9746466279029846,1509.0,516.796875,2.10546875,1.0959054231643677,1526.0
2026-09-11T13:57:00.000+08:00,262.0218200683594,12.103157043457031,9.791748046875,11.52912425994873,0.17642275989055634,386.5,3.6470000743865967,2.0360000133514404,1286.0,516.796875,1.8757812976837158,0.9780111908912659,1509.0,516.796875,2.10546875,1.1068066358566284,1526.0
2026-09-11T13:58:00.000+08:00,263.974609375,12.055526733398438,9.7294921875,11.728934288024902,0.1738435924053192,386.29998779296875,3.6760001182556152,2.046999931335449,1286.0,516.796875,1.8757812976837158,0.9800298810005188,1509.0,516.796875,2.143749952316284,1.107075810432434,1526.0
2026-09-11T13:59:00.000+08:00,260.90496826171875,12.003089904785156,9.798828125,11.430535316467285,0.17768196761608124,386.20001220703125,3.6579999923706055,2.0299999713897705,1286.0999755859375,516.796875,1.8757812976837158,0.9746466279029846,1509.0,516.796875,2.10546875,1.1053261756896973,1526.0
2026-09-11T14:00:00.000+08:00,256.40264892578125,12.041156768798828,9.729248046875,11.27031135559082,0.1802079677581787,386.3999938964844,3.6589999198913574,2.0360000133514404,1286.0999755859375,516.796875,1.837499976158142,0.9714166522026062,1509.0,516.796875,2.10546875,1.1058645248413086,1526.0
2026-09-11T14:01:00.000+08:00,262.76409912109375,12.046028137207031,9.72265625,11.936240196228027,0.1717458814382553,386.3999938964844,3.674999952316284,2.0450000762939453,1286.199951171875,516.796875,1.8757812976837158,0.9750503301620483,1509.0,516.796875,2.10546875,1.1033074855804443,1526.0
2026-09-11T14:02:00.000+08:00,266.6770935058594,11.998821258544922,9.7431640625,12.553947448730469,0.1627376526594162,386.3999938964844,3.6760001182556152,2.0280001163482666,1286.199951171875,516.796875,1.8757812976837158,0.9754540920257568,1509.0,516.796875,2.10546875,1.1058645248413086,1526.0
2026-09-11T14:03:00.000+08:00,269.95062255859375,11.999465942382812,9.7431640625,11.741387367248535,0.17382954061031342,386.70001220703125,3.6740000247955322,2.0269999504089355,1286.199951171875,516.796875,1.8757812976837158,0.9710128903388977,1509.0,516.796875,2.10546875,1.1092290878295898,1526.0
2026-09-11T14:04:00.000+08:00,272.1982116699219,11.989974975585938,9.708251953125,11.73963737487793,0.17428137362003326,386.70001220703125,3.6760001182556152,2.0390000343322754,1286.300048828125,516.796875,1.8757812976837158,0.9784148931503296,1509.0,516.796875,2.10546875,1.1068066358566284,1526.0
2026-09-11T14:05:00.000+08:00,265.94378662109375,11.970413208007812,9.736083984375,11.45608139038086,0.17833323776721954,386.70001220703125,3.621999979019165,2.0299999713897705,1286.300048828125,516.796875,1.837499976158142,0.9668408036231995,1509.0,516.796875,2.143749952316284,1.1088253259658813,1526.0
2026-09-11T14:06:00.000+08:00,269.97930908203125,11.997608184814453,9.6875,12.081252098083496,0.16827724874019623,386.79998779296875,3.6679999828338623,2.0390000343322754,1286.300048828125,516.796875,1.8757812976837158,0.9738391041755676,1509.0,516.796875,2.10546875,1.1047879457473755,1526.0
2026-09-11T14:07:00.000+08:00,275.37713623046875,11.979259490966797,9.6875,12.264604568481445,0.16322292387485504,386.70001220703125,3.6679999828338623,2.0390000343322754,1286.4000244140625,516.796875,1.8757812976837158,0.9763962030410767,1509.0,516.796875,2.10546875,1.1054607629776,1526.0
2026-09-11T14:08:00.000+08:00,269.7543029785156,11.97439193725586,9.7294921875,12.25134563446045,0.16667556762695312,386.29998779296875,3.6600000858306885,2.0329999923706055,1286.4000244140625,516.796875,1.837499976158142,0.9676483273506165,1509.0,516.796875,2.10546875,1.1045187711715698,1526.0
2026-09-11T14:09:00.000+08:00,269.3693542480469,11.982337951660156,9.694580078125,11.96777629852295,0.16987282037734985,386.5,3.6659998893737793,2.0390000343322754,1286.4000244140625,516.796875,1.837499976158142,0.9692633152008057,1509.0,516.796875,2.10546875,1.1042495965957642,1526.0
2026-09-11T14:10:00.000+08:00,270.28216552734375,11.98629379272461,9.7294921875,12.096482276916504,0.16823072731494904,386.70001220703125,3.6640000343322754,2.0380001068115234,1286.5,516.796875,1.8757812976837158,0.9772036671638489,1509.0,516.796875,2.10546875,1.1030383110046387,1526.0
2026-09-11T14:11:00.000+08:00,275.17059326171875,11.998210906982422,9.78515625,12.300704956054688,0.1653563678264618,386.6000061035156,3.6589999198913574,2.0299999713897705,1286.5,516.796875,1.837499976158142,0.967244565486908,1509.0,516.796875,2.10546875,1.1018271446228027,1526.0
2026-09-11T14:12:00.000+08:00,277.5565185546875,11.8880615234375,9.7294921875,12.476792335510254,0.1638241559267044,386.70001220703125,3.6579999923706055,2.0299999713897705,1286.5,516.796875,1.8757812976837158,0.9759924411773682,1510.0,516.796875,2.10546875,1.1042495965957642,1526.0
2026-09-11T14:13:00.000+08:00,275.72625732421875,11.973491668701172,9.7431640625,12.248517036437988,0.16655078530311584,386.79998779296875,3.6649999618530273,2.0380001068115234,1286.5999755859375,516.796875,1.8757812976837158,0.9734353423118591,1510.0,516.796875,2.143749952316284,1.1116516590118408,1527.0
2026-09-11T14:14:00.000+08:00,273.8885803222656,11.958511352539062,9.7431640625,12.246962547302246,0.16640859842300415,386.3999938964844,3.6589999198913574,2.0309998989105225,1286.5999755859375,516.796875,1.8757812976837158,0.969801664352417,1510.0,516.796875,2.10546875,1.100885033607483,1527.0
2026-09-11T14:15:00.000+08:00,277.1515808105469,11.980514526367188,9.6875,12.367107391357422,0.1647111177444458,386.8999938964844,3.6630001068115234,2.0439999103546143,1286.5999755859375,516.796875,1.8757812976837158,0.9730316400527954,1510.0,516.796875,2.143749952316284,1.112593650817871,1527.0
2026-09-11T14:16:00.000+08:00,270.8892822265625,11.958614349365234,9.78515625,11.670493125915527,0.1751425564289093,386.70001220703125,3.61899995803833,2.0309998989105225,1286.699951171875,516.796875,1.8757812976837158,0.9714166522026062,1510.0,516.796875,2.10546875,1.1059991121292114,1527.0
2026-09-11T14:17:00.000+08:00,271.2450256347656,12.05215835571289,9.7431640625,11.714315414428711,0.17448736727237701,387.1000061035156,3.628999948501587,2.0329999923706055,1286.699951171875,516.796875,1.837499976158142,0.9734353423118591,1510.0,516.796875,2.143749952316284,1.1081525087356567,1527.0
2026-09-11T14:18:00.000+08:00,272.097412109375,11.990264892578125,9.7158203125,12.1117582321167,0.16793598234653473,386.79998779296875,3.6489999294281006,2.0299999713897705,1286.699951171875,516.796875,1.8757812976837158,0.9821832180023193,1510.0,516.796875,2.10546875,1.102769136428833,1527.0
2026-09-11T14:19:00.000+08:00,270.0319519042969,11.947010040283203,9.757080078125,12.07451343536377,0.16944782435894012,386.79998779296875,3.6710000038146973,2.0450000762939453,1286.800048828125,516.796875,1.8757812976837158,0.9767999053001404,1510.0,516.796875,2.10546875,1.1077487468719482,1527.0
2026-09-11T14:20:00.000+08:00,265.05169677734375,12.005847930908203,9.78515625,11.224262237548828,0.18246188759803772,386.79998779296875,3.6519999504089355,2.0460000038146973,1286.800048828125,516.796875,1.8757812976837158,0.9755886793136597,1510.0,516.796875,2.10546875,1.1084216833114624,1527.0
2026-09-11T14:21:00.000+08:00,267.57611083984375,11.998821258544922,9.722412109375,12.002531051635742,0.16963088512420654,386.8999938964844,3.6619999408721924,2.049999952316284,1286.800048828125,516.796875,1.8757812976837158,0.9780111908912659,1510.0,516.796875,2.143749952316284,1.1119208335876465,1527.0
2026-09-11T14:22:00.000+08:00,264.21478271484375,11.970726013183594,9.7294921875,11.73906421661377,0.17369356751441956,386.29998779296875,3.638000011444092,2.0239999294281006,1286.9000244140625,516.796875,1.837499976158142,0.9676483273506165,1510.0,516.796875,2.10546875,1.1020961999893188,1527.0
2026-09-11T14:23:00.000+08:00,268.7791442871094,11.947010040283203,9.798828125,12.112561225891113,0.16784228384494781,386.8999938964844,3.627000093460083,2.0429999828338623,1286.9000244140625,516.796875,1.8757812976837158,0.9755886793136597,1510.0,516.796875,2.10546875,1.1077487468719482,1527.0
2026-09-11T14:24:00.000+08:00,280.5831298828125,11.95404052734375,9.7919921875,12.441972732543945,0.1642022579908371,386.79998779296875,3.635999917984009,2.0480000972747803,1286.9000244140625,516.796875,1.8757812976837158,0.9755886793136597,1510.0,516.796875,2.143749952316284,1.1139395236968994,1527.0
2026-09-11T14:25:00.000+08:00,277.4606018066406,11.982940673828125,9.72265625,12.384530067443848,0.16496387124061584,387.0,3.630000114440918,2.0360000133514404,1287.0,516.796875,1.837499976158142,0.9706091284751892,1510.0,516.796875,2.10546875,1.1069412231445312,1527.0
2026-09-11T14:26:00.000+08:00,276.6851501464844,11.90395736694336,9.736328125,11.72046947479248,0.174566388130188,387.0,3.621000051498413,2.0339999198913574,1287.0,516.796875,1.8757812976837158,0.9808374047279358,1510.0,516.796875,2.10546875,1.1049225330352783,1527.0
2026-09-11T14:27:00.000+08:00,278.5732421875,11.94091796875,9.7294921875,12.385529518127441,0.16462759673595428,387.1000061035156,3.63100004196167,2.046999931335449,1287.0,516.796875,1.8757812976837158,0.9759924411773682,1510.0,516.796875,2.143749952316284,1.1086907386779785,1527.0
2026-09-11T14:28:00.000+08:00,284.38427734375,11.997608184814453,9.6875,12.360477447509766,0.1659320890903473,387.0,3.6110000610351562,2.0339999198913574,1287.0999755859375,516.796875,1.8757812976837158,0.9772036671638489,1510.0,516.796875,2.10546875,1.1039804220199585,1527.0
2026-09-11T14:29:00.000+08:00,279.9092712402344,11.925006866455078,9.701416015625,11.908504486083984,0.171138197183609,386.8999938964844,3.628999948501587,2.0409998893737793,1287.0999755859375,516.796875,1.8757812976837158,0.9780111908912659,1510.0,516.796875,2.10546875,1.1077487468719482,1527.0
2026-09-11T14:30:00.000+08:00,274.6473388671875,11.996997833251953,9.701416015625,12.472718238830566,0.1637974977493286,387.20001220703125,3.6410000324249268,2.052999973297119,1287.0999755859375,516.796875,1.837499976158142,0.9714166522026062,1510.0,516.796875,2.10546875,1.109902024269104,1527.0
2026-09-11T14:31:00.000+08:00,275.603759765625,11.929939270019531,9.7431640625,12.374512672424316,0.1646125316619873,387.1000061035156,3.609999895095825,2.0260000228881836,1287.199951171875,516.796875,1.837499976158142,0.9622650146484375,1510.0,516.796875,2.143749952316284,1.1081525087356567,1527.0
2026-09-11T14:32:00.000+08:00,280.1862487792969,11.919525146484375,9.7294921875,11.987238883972168,0.16968044638633728,387.0,3.5920000076293945,2.0260000228881836,1287.199951171875,516.796875,1.837499976158142,0.961861252784729,1510.0,516.796875,2.10546875,1.0977896451950073,1527.0
2026-09-11T14:33:00.000+08:00,275.4458312988281,11.916156768798828,9.722412109375,12.011983871459961,0.16891464591026306,386.8999938964844,3.621000051498413,2.0329999923706055,1287.199951171875,516.796875,1.837499976158142,0.9652258157730103,1510.0,516.796875,2.10546875,1.107210397720337,1527.0
2026-09-11T14:34:00.000+08:00,280.95208740234375,11.918937683105469,9.7431640625,12.202582359313965,0.16586652398109436,387.1000061035156,3.632999897003174,2.0350000858306885,1287.300048828125,516.796875,1.837499976158142,0.962668776512146,1510.0,516.796875,2.10546875,1.1057299375534058,1527.0
2026-09-11T14:35:00.000+08:00,276.1930236816406,11.876579284667969,9.784912109375,12.16629695892334,0.16619683802127838,386.8999938964844,3.638000011444092,2.0360000133514404,1287.300048828125,516.796875,1.837499976158142,0.964418351650238,1510.0,516.796875,2.10546875,1.102769136428833,1527.0
2026-09-11T14:36:00.000+08:00,273.27313232421875,11.9088134765625,9.701416015625,11.970184326171875,0.16967156529426575,386.79998779296875,3.6059999465942383,2.0190000534057617,1287.300048828125,516.796875,1.837499976158142,0.9652258157730103,1510.0,516.796875,2.10546875,1.10640287399292,1527.0
2026-09-11T14:37:00.000+08:00,269.9289245605469,11.908226013183594,9.722412109375,11.676231384277344,0.17394310235977173,387.1000061035156,3.63700008392334,2.0339999198913574,1287.4000244140625,516.796875,1.837499976158142,0.964418351650238,1510.0,516.796875,2.10546875,1.1113824844360352,1527.0
2026-09-11T14:38:00.000+08:00,276.36871337890625,11.9384765625,9.7919921875,12.05317211151123,0.1687522530555725,386.8999938964844,3.6619999408721924,2.0380001068115234,1287.4000244140625,516.796875,1.837499976158142,0.9640145897865295,1510.0,516.796875,2.10546875,1.1077487468719482,1527.0
2026-09-11T14:39:00.000+08:00,270.1268005371094,11.995750427246094,9.6875,12.065238952636719,0.16825194656848907,386.70001220703125,3.63100004196167,2.0239999294281006,1287.4000244140625,516.796875,1.837499976158142,0.9578238129615784,1510.0,516.796875,2.10546875,1.1022307872772217,1527.0
2026-09-11T14:40:00.000+08:00,270.2029113769531,11.975292205810547,9.7294921875,12.240470886230469,0.16600669920444489,387.1000061035156,3.6510000228881836,2.0239999294281006,1287.5,516.796875,1.837499976158142,0.9640145897865295,1510.0,516.796875,2.10546875,1.10640287399292,1527.0
2026-09-11T14:41:00.000+08:00,275.6634521484375,11.988758087158203,9.701416015625,11.719273567199707,0.17304827272891998,387.29998779296875,3.63700008392334,2.0239999294281006,1287.5,516.796875,1.837499976158142,0.9676483273506165,1510.0,516.796875,2.10546875,1.1029037237167358,1527.0
2026-09-11T14:42:00.000+08:00,270.7528381347656,11.966144561767578,9.7431640625,11.645413398742676,0.17491865158081055,387.20001220703125,3.631999969482422,2.0280001163482666,1287.5,516.796875,1.837499976158142,0.9676483273506165,1510.0,516.796875,2.10546875,1.1081525087356567,1527.0
2026-09-11T14:43:00.000+08:00,270.00225830078125,11.938163757324219,9.7919921875,12.09284496307373,0.16811594367027283,387.0,3.6470000743865967,2.0260000228881836,1287.5999755859375,516.796875,1.837499976158142,0.967244565486908,1510.0,516.796875,2.10546875,1.1101711988449097,1527.0
2026-09-11T14:44:00.000+08:00,nan,11.988758087158203,9.6875,nan,nan,387.1000061035156,3.6530001163482666,2.0320000648498535,1287.5999755859375,516.796875,1.837499976158142,0.9598425030708313,1510.0,516.796875,2.10546875,1.099942922592163,1527.0
2026-09-11T14:45:00.000+08:00,274.94203186035156,11.979259490966797,9.736328125,12.232049465179443,0.16625981777906418,387.20001220703125,3.6470000743865967,2.0239999294281006,1287.5999755859375,516.796875,1.837499976158142,0.969801664352417,1510.0,516.796875,2.10546875,1.1093636751174927,1527.0
2026-09-11T14:46:00.000+08:00,272.43060302734375,11.9378662109375,9.784912109375,12.123311996459961,0.16728101670742035,387.3999938964844,3.63700008392334,2.0280001163482666,1287.699951171875,516.796875,1.837499976158142,0.9722241163253784,1510.0,516.796875,2.143749952316284,1.1140741109848022,1527.0
2026-09-11T14:47:00.000+08:00,274.8885498046875,11.929882049560547,9.7294921875,11.701415061950684,0.17450881004333496,387.20001220703125,3.6419999599456787,2.0339999198913574,1287.699951171875,516.796875,1.837499976158142,0.9652258157730103,1510.0,516.796875,2.10546875,1.1057299375534058,1527.0
2026-09-11T14:48:00.000+08:00,271.2065124511719,11.973194122314453,9.7431640625,11.771543502807617,0.17321431636810303,386.8999938964844,3.6730000972747803,2.0460000038146973,1287.699951171875,516.796875,1.8757812976837158,0.9776074290275574,1510.0,516.796875,2.10546875,1.1022307872772217,1527.0
2026-09-11T14:49:00.000+08:00,275.8844909667969,11.978069305419922,9.729248046875,12.374651908874512,0.16558042168617249,387.0,3.6610000133514404,2.052999973297119,1287.800048828125,516.796875,1.8757812976837158,0.9817794561386108,1510.0,516.796875,2.10546875,1.105191707611084,1527.0
2026-09-11T14:50:00.000+08:00,270.79010009765625,11.981437683105469,9.736328125,12.151289939880371,0.16911783814430237,387.0,3.6449999809265137,2.0490000247955322,1287.800048828125,516.796875,1.8757812976837158,0.9784148931503296,1510.0,516.796875,2.10546875,1.1039804220199585,1527.0
2026-09-11T14:51:00.000+08:00,268.4679870605469,12.01226806640625,9.75,12.410327911376953,0.16574904322624207,387.1000061035156,3.6600000858306885,2.053999900817871,1287.9000244140625,516.796875,1.8757812976837158,0.9871627688407898,1510.0,516.796875,2.143749952316284,1.109902024269104,1527.0
2026-09-11T14:52:00.000+08:00,270.7513732910156,12.008609771728516,9.8056640625,11.906161308288574,0.17276769876480103,387.29998779296875,3.6570000648498535,2.052999973297119,1287.9000244140625,516.796875,1.8757812976837158,0.9813757538795471,1510.0,516.796875,2.143749952316284,1.1160928010940552,1527.0
2026-09-11T14:53:00.000+08:00,269.0363464355469,12.023582458496094,9.763916015625,11.579179763793945,0.17756006121635437,386.70001220703125,3.6579999923706055,2.0460000038146973,1287.9000244140625,516.796875,1.8757812976837158,0.9862207174301147,1510.0,516.796875,2.10546875,1.1059991121292114,1527.0
2026-09-11T14:54:00.000+08:00,274.9029235839844,12.014698028564453,9.798828125,12.656190872192383,0.16197606921195984,387.20001220703125,3.6679999828338623,2.055999994277954,1288.0,516.796875,1.8757812976837158,0.9817794561386108,1510.0,516.796875,2.143749952316284,1.113535761833191,1527.0
2026-09-11T14:55:00.000+08:00,269.1225280761719,12.003089904785156,9.757080078125,12.246830940246582,0.16722694039344788,387.29998779296875,3.6459999084472656,2.0450000762939453,1288.0,516.796875,1.8757812976837158,0.9788186550140381,1510.0,516.796875,2.143749952316284,1.1103057861328125,1527.0
2026-09-11T14:56:00.000+08:00,267.0604553222656,11.960624694824219,9.7158203125,11.663143157958984,0.17645329236984253,387.3999938964844,3.674999952316284,2.065000057220459,1288.0,516.796875,1.8757812976837158,0.9854131937026978,1510.0,516.796875,2.143749952316284,1.1132665872573853,1527.0
2026-09-11T14:57:00.000+08:00,274.7299499511719,11.979873657226562,9.7431640625,12.323967933654785,0.16699166595935822,387.29998779296875,3.6600000858306885,2.055999994277954,1288.0999755859375,516.796875,1.9140625,0.9916040301322937,1510.0,516.796875,2.143749952316284,1.117034912109375,1527.0
2026-09-11T14:58:00.000+08:00,280.0927734375,11.9378662109375,9.7919921875,12.57990550994873,0.1637532114982605,387.29998779296875,3.7019999027252197,2.069999933242798,1288.0999755859375,516.796875,1.8757812976837158,0.9899890422821045,1510.0,516.796875,2.143749952316284,1.1152853965759277,1527.0
2026-09-11T14:59:00.000+08:00,281.7334289550781,11.990264892578125,9.7431640625,11.963871002197266,0.17185072600841522,387.1000061035156,3.6670000553131104,2.0510001182556152,1288.0999755859375,516.796875,1.8757812976837158,0.9854131937026978,1510.0,516.796875,2.143749952316284,1.1116516590118408,1527.0
2026-09-11T15:00:00.000+08:00,285.5494079589844,11.978069305419922,9.694580078125,12.144980430603027,0.16854700446128845,387.29998779296875,3.681999921798706,2.061000108718872,1288.199951171875,516.796875,1.8757812976837158,0.9808374047279358,1510.0,516.796875,2.143749952316284,1.1103057861328125,1527.0
2026-09-11T15:01:00.000+08:00,284.1856994628906,11.92657470703125,9.72265625,12.665411949157715,0.16327932476997375,387.20001220703125,3.6659998893737793,2.055999994277954,1288.199951171875,516.796875,1.8757812976837158,0.9891815185546875,1510.0,516.796875,2.143749952316284,1.1158236265182495,1527.0
2026-09-11T15:02:00.000+08:00,281.2037353515625,11.993629455566406,9.7158203125,12.843088150024414,0.15922962129116058,387.1000061035156,3.6440000534057617,2.0360000133514404,1288.199951171875,516.796875,1.837499976158142,0.9676483273506165,1510.0,516.796875,2.143749952316284,1.1111133098602295,1527.0
2026-09-11T15:03:00.000+08:00,278.15380859375,11.9415283203125,9.78515625,12.23388957977295,0.16691339015960693,387.20001220703125,3.6549999713897705,2.0429999828338623,1288.300048828125,516.796875,1.837499976158142,0.9718203544616699,1510.0,516.796875,2.10546875,1.1053261756896973,1527.0
2026-09-11T15:04:00.000+08:00,277.0820617675781,11.934497833251953,9.722412109375,12.478093147277832,0.1640474945306778,387.20001220703125,3.6540000438690186,2.0429999828338623,1288.300048828125,516.796875,1.837499976158142,0.9702053666114807,1510.0,516.796875,2.10546875,1.109094500541687,1527.0
2026-09-11T15:05:00.000+08:00,284.2843322753906,11.921382904052734,9.701416015625,12.303352355957031,0.1661335825920105,387.20001220703125,3.6489999294281006,2.0390000343322754,1288.300048828125,516.796875,1.837499976158142,0.968052089214325,1510.0,516.796875,2.10546875,1.1041150093078613,1527.0
2026-09-11T15:06:00.000+08:00,284.6056823730469,11.938766479492188,9.75,12.38089370727539,0.16485078632831573,387.29998779296875,3.6570000648498535,2.046999931335449,1288.4000244140625,516.796875,1.8757812976837158,0.9730316400527954,1510.0,516.796875,2.10546875,1.1053261756896973,1528.0
2026-09-11T15:07:00.000+08:00,276.0888366699219,11.914958953857422,9.729248046875,11.722729682922363,0.17385029792785645,387.20001220703125,3.6429998874664307,2.0399999618530273,1288.4000244140625,516.796875,1.837499976158142,0.9688595533370972,1510.0,516.796875,2.10546875,1.099942922592163,1528.0
2026-09-11T15:08:00.000+08:00,275.4993591308594,11.830284118652344,9.569580078125,11.898235321044922,0.17111781239509583,386.8999938964844,3.6389999389648438,2.0399999618530273,1288.4000244140625,516.796875,1.8757812976837158,0.9706091284751892,1510.0,516.796875,2.143749952316284,1.1101711988449097,1528.0
2026-09-11T15:09:00.000+08:00,280.38995361328125,11.712081909179688,9.46533203125,12.624513626098633,0.16095669567584991,387.0,3.628000020980835,2.0339999198913574,1288.5,516.796875,1.837499976158142,0.967244565486908,1510.0,516.796875,2.10546875,1.101961612701416,1528.0
2026-09-11T15:10:00.000+08:00,285.2933044433594,11.679740905761719,9.423828125,12.631165504455566,0.16190113127231598,387.3999938964844,3.6429998874664307,2.0439999103546143,1288.5,516.796875,1.8757812976837158,0.9755886793136597,1510.0,516.796875,2.10546875,1.1103057861328125,1528.0
2026-09-11T15:11:00.000+08:00,277.1073303222656,11.65225601196289,9.409912109375,12.366097450256348,0.16545236110687256,386.8999938964844,3.634000062942505,2.0269999504089355,1288.5,516.796875,1.8757812976837158,0.9755886793136597,1510.0,516.796875,2.10546875,1.1039804220199585,1528.0
2026-09-11T15:12:00.000+08:00,276.175537109375,11.634437561035156,9.409912109375,12.466282844543457,0.16299967467784882,387.0,3.634000062942505,2.0320000648498535,1288.5999755859375,516.796875,1.8757812976837158,0.9730316400527954,1510.0,516.796875,2.10546875,1.1039804220199585,1528.0
2026-09-11T15:13:00.000+08:00,277.11553955078125,11.630172729492188,9.382080078125,12.475741386413574,0.16303640604019165,387.20001220703125,3.627000093460083,2.0350000858306885,1288.5999755859375,516.796875,1.837499976158142,0.969801664352417,1510.0,516.796875,2.143749952316284,1.1131319999694824,1528.0
2026-09-11T15:14:00.000+08:00,274.9556579589844,11.65768051147461,9.423583984375,12.665777206420898,0.16122184693813324,387.29998779296875,3.624000072479248,2.0369999408721924,1288.5999755859375,516.796875,1.837499976158142,0.9688595533370972,1511.0,516.796875,2.10546875,1.1037112474441528,1528.0
2026-09-11T15:15:00.000+08:00,276.000244140625,11.699005126953125,9.4794921875,12.452103614807129,0.16447021067142487,386.8999938964844,3.638000011444092,2.0329999923706055,1288.699951171875,516.796875,1.837499976158142,0.969801664352417,1511.0,516.796875,2.10546875,1.1031728982925415,1528.0
2026-09-11T15:16:00.000+08:00,271.8246154785156,11.779144287109375,9.47265625,12.16053581237793,0.16693343222141266,386.8999938964844,3.628999948501587,2.0369999408721924,1288.699951171875,516.796875,1.837499976158142,0.9656295776367188,1511.0,516.796875,2.10546875,1.107210397720337,1528.0
2026-09-11T15:17:00.000+08:00,273.8464660644531,11.692817687988281,9.4794921875,12.334163665771484,0.16474565863609314,387.0,3.634999990463257,2.0369999408721924,1288.699951171875,516.796875,1.837499976158142,0.9706091284751892,1511.0,516.796875,2.10546875,1.1039804220199585,1528.0
2026-09-11T15:18:00.000+08:00,271.33258056640625,11.76443862915039,9.47265625,12.442569732666016,0.16274774074554443,386.6000061035156,3.6110000610351562,2.0239999294281006,1288.800048828125,516.796875,1.837499976158142,0.9622650146484375,1511.0,516.796875,2.10546875,1.1092290878295898,1528.0
2026-09-11T15:19:00.000+08:00,267.7462158203125,11.755615234375,9.479248046875,12.169000625610352,0.16673514246940613,387.1000061035156,3.621999979019165,2.0320000648498535,1288.800048828125,516.796875,1.837499976158142,0.9676483273506165,1511.0,516.796875,2.10546875,1.102769136428833,1528.0
2026-09-11T15:20:00.000+08:00,263.310546875,11.753280639648438,9.444580078125,12.04544448852539,0.16902655363082886,387.0,3.622999906539917,2.0360000133514404,1288.800048828125,516.796875,1.837499976158142,0.9656295776367188,1511.0,516.796875,2.143749952316284,1.1113824844360352,1528.0
2026-09-11T15:21:00.000+08:00,259.6484375,11.840763092041016,9.472412109375,12.113273620605469,0.16750219464302063,386.8999938964844,3.61899995803833,2.0290000438690186,1288.9000244140625,516.796875,1.837499976158142,0.9640145897865295,1511.0,516.796875,2.10546875,1.1047879457473755,1528.0
2026-09-11T15:22:00.000+08:00,255.42288208007812,11.829151153564453,9.4375,11.972126960754395,0.16905935108661652,387.1000061035156,3.619999885559082,2.0320000648498535,1288.9000244140625,516.796875,1.837499976158142,0.9594388008117676,1511.0,516.796875,2.10546875,1.1093636751174927,1528.0
2026-09-11T15:23:00.000+08:00,252.075927734375,11.824295043945312,9.4794921875,11.848084449768066,0.17201092839241028,386.6000061035156,3.61899995803833,2.0260000228881836,1288.9000244140625,516.796875,1.837499976158142,0.9622650146484375,1511.0,516.796875,2.10546875,1.1030383110046387,1528.0
2026-09-11T15:24:00.000+08:00,254.4425048828125,11.871509552001953,9.4033203125,12.135011672973633,0.1669549196958542,387.0,3.61899995803833,2.0209999084472656,1289.0,516.796875,1.837499976158142,0.9684557914733887,1511.0,516.796875,2.10546875,1.1039804220199585,1528.0
2026-09-11T15:25:00.000+08:00,252.1389923095703,11.892829895019531,9.444580078125,11.751888275146484,0.17239782214164734,387.1000061035156,3.617000102996826,2.0369999408721924,1289.0,516.796875,1.837499976158142,0.9598425030708313,1511.0,516.796875,2.143749952316284,1.110709547996521,1528.0
2026-09-11T15:26:00.000+08:00,247.2871551513672,11.906059265136719,9.486328125,12.016709327697754,0.16876500844955444,387.0,3.625,2.0280001163482666,1289.0,516.796875,1.837499976158142,0.9614574909210205,1511.0,516.796875,2.10546875,1.1034420728683472,1528.0
2026-09-11T15:27:00.000+08:00,248.5082550048828,11.962963104248047,9.472412109375,11.868337631225586,0.17146462202072144,387.29998779296875,3.6500000953674316,2.0460000038146973,1289.0999755859375,516.796875,1.837499976158142,0.9648220539093018,1511.0,516.796875,2.10546875,1.10640287399292,1528.0
2026-09-11T15:28:00.000+08:00,238.77040100097656,11.898136138916016,9.444580078125,11.940071105957031,0.16959698498249054,387.20001220703125,3.6110000610351562,2.0239999294281006,1289.0999755859375,516.796875,1.837499976158142,0.9652258157730103,1511.0,516.796875,2.10546875,1.1061336994171143,1528.0
2026-09-11T15:29:00.000+08:00,237.35769653320312,11.951351165771484,9.4931640625,12.054342269897461,0.16890180110931396,387.5,3.617000102996826,2.0299999713897705,1289.0999755859375,516.796875,1.837499976158142,0.9706091284751892,1511.0,516.796875,2.10546875,1.107883334159851,1528.0
2026-09-11T15:30:00.000+08:00,237.41339111328125,12.024581909179688,9.451416015625,11.690666198730469,0.174754798412323,387.3999938964844,3.634999990463257,2.0420000553131104,1289.199951171875,516.796875,1.837499976158142,0.9692633152008057,1511.0,516.796875,2.10546875,1.1123244762420654,1528.0
2026-09-11T15:31:00.000+08:00,238.84469604492188,11.95193862915039,9.486083984375,11.7916259765625,0.17164723575115204,387.79998779296875,3.6419999599456787,2.052000045776367,1289.199951171875,516.796875,1.837499976158142,0.9676483273506165,1511.0,516.796875,2.10546875,1.1112478971481323,1528.0
2026-09-11T15:32:00.000+08:00,230.45628356933594,12.037971496582031,9.486083984375,11.738456726074219,0.1738729476928711,387.3999938964844,3.61899995803833,2.0360000133514404,1289.199951171875,516.796875,1.837499976158142,0.9702053666114807,1511.0,516.796875,2.10546875,1.1111133098602295,1528.0
2026-09-11T15:33:00.000+08:00,229.21913146972656,12.103103637695312,9.534912109375,11.34990119934082,0.17938482761383057,387.29998779296875,3.621000051498413,2.0360000133514404,1289.300048828125,516.796875,1.837499976158142,0.9684557914733887,1511.0,516.796875,2.10546875,1.1057299375534058,1528.0
2026-09-11T15:34:00.000+08:00,228.62962341308594,12.10089111328125,9.5,11.654291152954102,0.17332671582698822,387.70001220703125,3.632999897003174,2.0510001182556152,1289.300048828125,516.796875,1.837499976158142,0.9676483273506165,1511.0,516.796875,2.10546875,1.1100366115570068,1528.0
2026-09-11T15:35:00.000+08:00,231.61293029785156,12.069576263427734,9.6044921875,11.918610572814941,0.1706574708223343,387.70001220703125,3.628999948501587,2.046999931335449,1289.300048828125,516.796875,1.8757812976837158,0.9800298810005188,1511.0,516.796875,2.143749952316284,1.117034912109375,1528.0
2026-09-11T15:36:00.000+08:00,234.38211059570312,12.099128723144531,9.5556640625,12.200600624084473,0.1667950600385666,387.70001220703125,3.625999927520752,2.049999952316284,1289.4000244140625,516.796875,1.8757812976837158,0.9750503301620483,1511.0,516.796875,2.10546875,1.1076141595840454,1528.0
2026-09-11T15:37:00.000+08:00,234.13259887695312,12.0889892578125,9.5419921875,11.918411254882812,0.1714993715286255,387.79998779296875,3.634000062942505,2.053999900817871,1289.4000244140625,516.796875,1.8757812976837158,0.9871627688407898,1511.0,516.796875,2.10546875,1.1088253259658813,1528.0
2026-09-11T15:38:00.000+08:00,237.07872009277344,12.117080688476562,9.53515625,11.95675277709961,0.17228758335113525,387.8999938964844,3.6559998989105225,2.068000078201294,1289.4000244140625,516.796875,1.8757812976837158,0.9879702925682068,1511.0,516.796875,2.143749952316284,1.114208698272705,1528.0
2026-09-11T15:39:00.000+08:00,236.84414672851562,12.063114166259766,9.611328125,12.161076545715332,0.16947512328624725,387.79998779296875,3.6649999618530273,2.062999963760376,1289.5,516.796875,1.8757812976837158,0.9813757538795471,1511.0,516.796875,2.143749952316284,1.1224181652069092,1528.0
2026-09-11T15:40:00.000+08:00,239.52914428710938,12.006759643554688,9.597412109375,11.7308349609375,0.17654328048229218,387.79998779296875,3.6480000019073486,2.052000045776367,1289.5,516.796875,1.8757812976837158,0.9854131937026978,1511.0,516.796875,2.143749952316284,1.1191881895065308,1528.0
2026-09-11T15:41:00.000+08:00,247.21511840820312,12.015907287597656,9.59765625,11.72991943359375,0.17527827620506287,387.70001220703125,3.6419999599456787,2.065000057220459,1289.5999755859375,516.796875,1.8757812976837158,0.9858169555664062,1511.0,516.796875,2.143749952316284,1.115016222000122,1528.0
2026-09-11T15:42:00.000+08:00,254.39593505859375,11.986328125,9.5,12.162693977355957,0.16912372410297394,387.79998779296875,3.6429998874664307,2.058000087738037,1289.5999755859375,516.796875,1.8757812976837158,0.988777756690979,1511.0,516.796875,2.143749952316284,1.1199957132339478,1528.0
2026-09-11T15:43:00.000+08:00,nan,11.904876708984375,9.5283203125,nan,nan,387.70001220703125,3.6489999294281006,2.052000045776367,1289.5999755859375,516.796875,1.8757812976837158,0.9837982058525085,1511.0,516.796875,2.143749952316284,1.116227388381958,1528.0
2026-09-11T15:44:00.000+08:00,259.9696960449219,11.99368667602539,9.507080078125,12.633450984954834,0.16298198699951172,387.79998779296875,3.6619999408721924,2.065000057220459,1289.699951171875,516.796875,1.8757812976837158,0.9912002682685852,1511.0,516.796875,2.143749952316284,1.116227388381958,1528.0
2026-09-11T15:45:00.000+08:00,257.19879150390625,11.988697052001953,9.53515625,12.134539604187012,0.1702577918767929,388.1000061035156,3.6600000858306885,2.063999891281128,1289.699951171875,516.796875,1.8757812976837158,0.9867590069770813,1511.0,516.796875,2.10546875,1.1121898889541626,1528.0
2026-09-11T15:46:00.000+08:00,253.58578491210938,11.97530746459961,9.520751953125,12.3104248046875,0.167500302195549,388.20001220703125,3.674999952316284,2.0789999961853027,1289.699951171875,520.3125,1.9140625,0.9983331561088562,1511.0,516.796875,2.143749952316284,1.1160928010940552,1528.0
2026-09-11T15:47:00.000+08:00,256.4145202636719,11.944679260253906,9.632080078125,11.89453411102295,0.17411358654499054,387.8999938964844,3.6559998989105225,2.059000015258789,1289.800048828125,516.796875,1.8757812976837158,0.9907965064048767,1511.0,516.796875,2.143749952316284,1.1217453479766846,1528.0
2026-09-11T15:48:00.000+08:00,259.84979248046875,12.055732727050781,9.6669921875,12.174786567687988,0.16977711021900177,388.0,3.681999921798706,2.075000047683716,1289.800048828125,516.796875,1.8757812976837158,0.9907965064048767,1511.0,516.796875,2.143749952316284,1.1163619756698608,1528.0
2026-09-11T15:49:00.000+08:00,256.5406494140625,12.01584243774414,9.6875,12.016053199768066,0.17201988399028778,388.29998779296875,3.6619999408721924,2.065999984741211,1289.800048828125,516.796875,1.8757812976837158,0.9867590069770813,1511.0,516.796875,2.143749952316284,1.1144778728485107,1528.0
2026-09-11T15:50:00.000+08:00,262.4940185546875,12.021011352539062,9.736328125,11.871660232543945,0.17453330755233765,388.20001220703125,3.6530001163482666,2.062000036239624,1289.9000244140625,516.796875,1.8757812976837158,0.9813757538795471,1511.0,516.796875,2.10546875,1.1139395236968994,1528.0
2026-09-11T15:51:00.000+08:00,264.843994140625,11.96832275390625,9.6875,12.145320892333984,0.168624609708786,388.20001220703125,3.640000104904175,2.055000066757202,1289.9000244140625,516.796875,1.8757812976837158,0.9763962030410767,1511.0,516.796875,2.143749952316284,1.1201303005218506,1528.0
2026-09-11T15:52:00.000+08:00,261.1642761230469,11.970726013183594,9.736328125,11.874714851379395,0.17280414700508118,388.1000061035156,3.6449999809265137,2.0510001182556152,1289.9000244140625,516.796875,1.837499976158142,0.9696670770645142,1511.0,516.796875,2.143749952316284,1.1159582138061523,1528.0
2026-09-11T15:53:00.000+08:00,268.3702087402344,11.96585464477539,9.736328125,11.8744535446167,0.17255531251430511,388.1000061035156,3.6679999828338623,2.068000078201294,1290.0,516.796875,1.8757812976837158,0.989585280418396,1511.0,516.796875,2.143749952316284,1.1179770231246948,1528.0
2026-09-11T15:54:00.000+08:00,268.5690002441406,11.971626281738281,9.694580078125,11.925875663757324,0.17206284403800964,388.20001220703125,3.6730000972747803,2.069000005722046,1290.0,516.796875,1.8757812976837158,0.9883739948272705,1511.0,516.796875,2.10546875,1.1097674369812012,1528.0
2026-09-11T15:55:00.000+08:00,264.8638916015625,11.963386535644531,9.7431640625,11.894882202148438,0.173688143491745,388.20001220703125,3.6559998989105225,2.062999963760376,1290.0,516.796875,1.8757812976837158,0.9907965064048767,1511.0,516.796875,2.143749952316284,1.1221489906311035,1528.0
2026-09-11T15:56:00.000+08:00,267.5036926269531,11.994529724121094,9.7294921875,12.301913261413574,0.1679413616657257,388.0,3.6540000438690186,2.058000087738037,1290.0999755859375,516.796875,1.8757812976837158,0.9829907417297363,1511.0,516.796875,2.143749952316284,1.1217453479766846,1528.0
2026-09-11T15:57:00.000+08:00,273.12738037109375,11.96645736694336,9.694580078125,12.045166969299316,0.17127200961112976,388.20001220703125,3.6489999294281006,2.055000066757202,1290.0999755859375,516.796875,1.8757812976837158,0.9891815185546875,1511.0,516.796875,2.143749952316284,1.1121898889541626,1528.0
2026-09-11T15:58:00.000+08:00,272.6773376464844,11.982025146484375,9.722412109375,12.219865798950195,0.16784144937992096,388.20001220703125,3.6559998989105225,2.055999994277954,1290.0999755859375,516.796875,1.8757812976837158,0.9871627688407898,1511.0,516.796875,2.143749952316284,1.1209378242492676,1528.0
2026-09-11T15:59:00.000+08:00,271.2108459472656,11.992439270019531,9.722412109375,12.356969833374023,0.16654567420482635,388.29998779296875,3.6760001182556152,2.0759999752044678,1290.199951171875,516.796875,1.8757812976837158,0.9879702925682068,1511.0,516.796875,2.143749952316284,1.121341586112976,1528.0
2026-09-11T16:00:00.000+08:00,272.7038879394531,11.970726013183594,9.70849609375,12.10102367401123,0.16982035338878632,388.5,3.6549999713897705,2.061000108718872,1290.199951171875,520.3125,1.8757812976837158,0.9821832180023193,1511.0,516.796875,2.143749952316284,1.1218799352645874,1529.0
2026-09-11T16:01:00.000+08:00,274.1484375,11.965351104736328,9.798828125,11.849395751953125,0.17410171031951904,388.3999938964844,3.6710000038146973,2.071000099182129,1290.199951171875,516.796875,1.8757812976837158,0.9891815185546875,1511.0,516.796875,2.143749952316284,1.120668649673462,1529.0
2026-09-11T16:02:00.000+08:00,271.9486083984375,11.940292358398438,9.78515625,12.464869499206543,0.16478312015533447,388.5,3.6570000648498535,2.052999973297119,1290.300048828125,516.796875,1.8757812976837158,0.9879702925682068,1511.0,516.796875,2.143749952316284,1.1144778728485107,1529.0
2026-09-11T16:03:00.000+08:00,273.820068359375,11.995140075683594,9.736328125,12.237846374511719,0.168411985039711,388.6000061035156,3.6659998893737793,2.069999933242798,1290.300048828125,520.3125,1.8757812976837158,0.9863553047180176,1511.0,520.3125,2.10546875,1.1148816347122192,1529.0
2026-09-11T16:04:00.000+08:00,271.6658935546875,11.946399688720703,9.763916015625,12.177122116088867,0.16974453628063202,388.5,3.6429998874664307,2.068000078201294,1290.300048828125,520.3125,1.8757812976837158,0.9883739948272705,1511.0,516.796875,2.143749952316284,1.1136703491210938,1529.0
2026-09-11T16:05:00.000+08:00,270.9997253417969,11.928375244140625,9.7431640625,12.077276229858398,0.17015425860881805,388.1000061035156,3.688999891281128,2.058000087738037,1290.4000244140625,516.796875,1.8757812976837158,0.9825869798660278,1511.0,516.796875,2.143749952316284,1.1201303005218506,1529.0
2026-09-11T16:06:00.000+08:00,274.5107421875,11.946712493896484,9.7783203125,12.302374839782715,0.16801634430885315,388.3999938964844,3.687999963760376,2.063999891281128,1290.4000244140625,520.3125,1.8757812976837158,0.9871627688407898,1511.0,516.796875,2.143749952316284,1.1272631883621216,1529.0
2026-09-11T16:07:00.000+08:00,271.3638610839844,11.947010040283203,9.757080078125,12.208687782287598,0.1688961237668991,388.29998779296875,3.694999933242798,2.072999954223633,1290.4000244140625,516.796875,1.9140625,0.9979293942451477,1511.0,516.796875,2.10546875,1.112728238105774,1529.0
2026-09-11T16:08:00.000+08:00,274.38336181640625,11.934207916259766,9.736328125,11.751017570495605,0.1764102429151535,388.6000061035156,3.683000087738037,2.062000036239624,1290.5,520.3125,1.8757812976837158,0.9909310936927795,1511.0,520.3125,2.143749952316284,1.1203994750976562,1529.0
2026-09-11T16:09:00.000+08:00,280.3393249511719,11.917076110839844,9.72265625,12.587139129638672,0.1709219068288803,388.3999938964844,3.7009999752044678,2.062999963760376,1290.5,520.3125,1.8757812976837158,0.9879702925682068,1511.0,516.796875,2.143749952316284,1.1156890392303467,1529.0
2026-09-11T16:10:00.000+08:00,278.1867370605469,11.8753662109375,9.7919921875,12.1856050491333,0.1696263700723648,388.29998779296875,3.6740000247955322,2.062999963760376,1290.5,516.796875,1.8757812976837158,0.9879702925682068,1511.0,516.796875,2.143749952316284,1.120668649673462,1529.0
2026-09-11T16:11:00.000+08:00,276.1800537109375,11.928077697753906,9.736083984375,11.478540420532227,0.1796395629644394,388.3999938964844,3.687000036239624,2.063999891281128,1290.5999755859375,520.3125,1.8757812976837158,0.9929498434066772,1511.0,516.796875,2.143749952316284,1.118649959564209,1529.0
2026-09-11T16:12:00.000+08:00,273.9476318359375,11.913394927978516,9.71533203125,12.096332550048828,0.1707129031419754,388.20001220703125,3.6600000858306885,2.0490000247955322,1290.5999755859375,516.796875,1.8757812976837158,0.9776074290275574,1511.0,516.796875,2.143749952316284,1.118919014930725,1529.0
2026-09-11T16:13:00.000+08:00,273.92120361328125,11.908226013183594,9.72265625,11.851577758789062,0.17280398309230804,388.3999938964844,3.6530001163482666,2.0510001182556152,1290.5999755859375,520.3125,1.8757812976837158,0.9776074290275574,1511.0,516.796875,2.143749952316284,1.118649959564209,1529.0
2026-09-11T16:14:00.000+08:00,273.7108154296875,11.915359497070312,9.75,11.76528549194336,0.1747513860464096,388.5,3.6589999198913574,2.052999973297119,1290.699951171875,520.3125,1.8757812976837158,0.9772036671638489,1511.0,520.3125,2.143749952316284,1.1216107606887817,1529.0
2026-09-11T16:15:00.000+08:00,276.5249938964844,11.936321258544922,9.77099609375,11.4476900100708,0.1798616200685501,388.5,3.6500000953674316,2.049999952316284,1290.699951171875,520.3125,1.8757812976837158,0.9788186550140381,1512.0,520.3125,2.10546875,1.1128628253936768,1529.0
2026-09-11T16:16:00.000+08:00,277.03485107421875,11.87838363647461,9.757080078125,11.501967430114746,0.1779695451259613,388.5,3.6570000648498535,2.055999994277954,1290.800048828125,520.3125,1.8757812976837158,0.9813757538795471,1512.0,520.3125,2.143749952316284,1.1158236265182495,1529.0
2026-09-11T16:17:00.000+08:00,275.362548828125,11.87869644165039,9.8056640625,11.83772087097168,0.17283731698989868,388.20001220703125,3.6600000858306885,2.0510001182556152,1290.800048828125,516.796875,1.837499976158142,0.9710128903388977,1512.0,516.796875,2.143749952316284,1.118649959564209,1529.0
2026-09-11T16:18:00.000+08:00,275.5821533203125,11.884510040283203,9.75,11.814227104187012,0.1729270964860916,388.70001220703125,3.6440000534057617,2.059999942779541,1290.800048828125,520.3125,1.8757812976837158,0.9767999053001404,1512.0,520.3125,2.143749952316284,1.1216107606887817,1529.0
2026-09-11T16:19:00.000+08:00,275.433349609375,11.87994384765625,9.798828125,12.035706520080566,0.16999417543411255,388.79998779296875,3.671999931335449,2.069999933242798,1290.9000244140625,520.3125,1.8757812976837158,0.9808374047279358,1512.0,520.3125,2.143749952316284,1.123360276222229,1529.0
2026-09-11T16:20:00.000+08:00,273.9144592285156,11.91159439086914,9.722412109375,11.707757949829102,0.17603711783885956,388.3999938964844,3.6619999408721924,2.059999942779541,1290.9000244140625,520.3125,1.8757812976837158,0.9759924411773682,1512.0,516.796875,2.143749952316284,1.118649959564209,1529.0
2026-09-11T16:21:00.000+08:00,275.5694885253906,11.901493072509766,9.736328125,11.868517875671387,0.1721360683441162,388.5,3.6600000858306885,2.062000036239624,1290.9000244140625,520.3125,1.837499976158142,0.9738391041755676,1512.0,516.796875,2.143749952316284,1.1210724115371704,1529.0
2026-09-11T16:22:00.000+08:00,278.8825988769531,11.938766479492188,9.798828125,11.790777206420898,0.1743735671043396,388.5,3.6619999408721924,2.062000036239624,1291.0,520.3125,1.8757812976837158,0.9772036671638489,1512.0,516.796875,2.143749952316284,1.118649959564209,1529.0
2026-09-11T16:23:00.000+08:00,275.6361083984375,11.982627868652344,9.736328125,11.498075485229492,0.17898647487163544,388.6000061035156,3.6570000648498535,2.059000015258789,1291.0,520.3125,1.837499976158142,0.9738391041755676,1512.0,520.3125,2.143749952316284,1.117842435836792,1529.0
2026-09-11T16:24:00.000+08:00,271.8289794921875,11.984783172607422,9.722412109375,12.309832572937012,0.16710220277309418,388.5,3.63700008392334,2.0490000247955322,1291.0,520.3125,1.8757812976837158,0.9788186550140381,1512.0,516.796875,2.143749952316284,1.1166311502456665,1529.0
2026-09-11T16:25:00.000+08:00,270.2994689941406,11.98907470703125,9.6875,11.970516204833984,0.1715882569551468,388.5,3.638000011444092,2.055000066757202,1291.0999755859375,520.3125,1.8757812976837158,0.9776074290275574,1512.0,520.3125,2.143749952316284,1.1240332126617432,1529.0
2026-09-11T16:26:00.000+08:00,269.5231628417969,11.913143157958984,9.694580078125,11.664351463317871,0.17600636184215546,388.5,3.6449999809265137,2.059999942779541,1291.0999755859375,520.3125,1.837499976158142,0.9700707793235779,1512.0,520.3125,2.143749952316284,1.1240332126617432,1529.0
2026-09-11T16:27:00.000+08:00,265.919189453125,11.961875915527344,9.736328125,11.504816055297852,0.17844700813293457,388.79998779296875,3.6410000324249268,2.065000057220459,1291.0999755859375,520.3125,1.837499976158142,0.9718203544616699,1512.0,520.3125,2.143749952316284,1.1220145225524902,1529.0
2026-09-11T16:28:00.000+08:00,268.3856506347656,11.990264892578125,9.7431640625,11.999598503112793,0.17183908820152283,388.20001220703125,3.635999917984009,2.052999973297119,1291.199951171875,516.796875,1.8757812976837158,0.9780111908912659,1512.0,516.796875,2.10546875,1.112728238105774,1529.0
2026-09-11T16:29:00.000+08:00,262.72418212890625,11.96832275390625,9.736328125,11.709446907043457,0.17532852292060852,389.0,3.6579999923706055,2.065000057220459,1291.199951171875,520.3125,1.8757812976837158,0.9772036671638489,1512.0,520.3125,2.143749952316284,1.121341586112976,1529.0
2026-09-11T16:30:00.000+08:00,270.33758544921875,11.8753662109375,9.784912109375,12.122983932495117,0.17009013891220093,388.6000061035156,3.634000062942505,2.0490000247955322,1291.199951171875,520.3125,1.8757812976837158,0.9796261787414551,1512.0,520.3125,2.143749952316284,1.1203994750976562,1529.0
2026-09-11T16:31:00.000+08:00,276.00909423828125,11.9378662109375,9.770751953125,11.810782432556152,0.17407821118831635,388.5,3.621999979019165,2.0480000972747803,1291.300048828125,520.3125,1.8757812976837158,0.9759924411773682,1512.0,516.796875,2.143749952316284,1.1156890392303467,1529.0
2026-09-11T16:32:00.000+08:00,276.3768310546875,11.929328918457031,9.7431640625,12.07162094116211,0.17006829380989075,388.3999938964844,3.6470000743865967,2.055000066757202,1291.300048828125,516.796875,1.837499976158142,0.9704745411872864,1512.0,516.796875,2.143749952316284,1.1169003248214722,1529.0
2026-09-11T16:33:00.000+08:00,275.4860534667969,11.926864624023438,9.736083984375,11.916072845458984,0.1723722219467163,388.1000061035156,3.6570000648498535,2.053999900817871,1291.300048828125,516.796875,1.8757812976837158,0.9788186550140381,1512.0,516.796875,2.143749952316284,1.115150809288025,1529.0
2026-09-11T16:34:00.000+08:00,277.46905517578125,11.854927062988281,9.7294921875,12.152381896972656,0.168279767036438,388.8999938964844,3.6489999294281006,2.052000045776367,1291.4000244140625,520.3125,1.8757812976837158,0.9817794561386108,1512.0,520.3125,2.143749952316284,1.126994013786316,1529.0
2026-09-11T16:35:00.000+08:00,277.7398681640625,11.920440673828125,9.708251953125,11.964789390563965,0.17192111909389496,388.8999938964844,3.6500000953674316,2.059000015258789,1291.4000244140625,520.3125,1.837499976158142,0.9754540920257568,1512.0,520.3125,2.143749952316284,1.126994013786316,1529.0
2026-09-11T16:36:00.000+08:00,273.6221618652344,11.896621704101562,9.722412109375,11.774024963378906,0.17453674972057343,388.70001220703125,3.6600000858306885,2.062000036239624,1291.4000244140625,520.3125,1.8757812976837158,0.9837982058525085,1512.0,520.3125,2.143749952316284,1.119053602218628,1529.0
2026-09-11T16:37:00.000+08:00,274.0597839355469,11.91128158569336,9.72265625,11.780844688415527,0.17426593601703644,388.6000061035156,3.6619999408721924,2.059000015258789,1291.5,520.3125,1.8757812976837158,0.9796261787414551,1512.0,516.796875,2.143749952316284,1.1210724115371704,1529.0
2026-09-11T16:38:00.000+08:00,273.5648193359375,11.879528045654297,9.694580078125,11.965755462646484,0.17132224142551422,388.29998779296875,3.6459999084472656,2.0490000247955322,1291.5,516.796875,1.837499976158142,0.967244565486908,1512.0,516.796875,2.143749952316284,1.1201303005218506,1529.0
2026-09-11T16:39:00.000+08:00,272.5604553222656,11.921028137207031,9.7294921875,11.891105651855469,0.1722295582294464,388.5,3.6519999504089355,2.049999952316284,1291.5,520.3125,1.8757812976837158,0.9746466279029846,1512.0,516.796875,2.143749952316284,1.1181116104125977,1529.0
2026-09-11T16:40:00.000+08:00,268.0561218261719,11.906112670898438,9.7158203125,11.604513168334961,0.17613837122917175,388.6000061035156,3.6679999828338623,2.066999912261963,1291.5999755859375,520.3125,1.8757812976837158,0.9871627688407898,1512.0,520.3125,2.143749952316284,1.1166311502456665,1529.0
2026-09-11T16:41:00.000+08:00,267.6482849121094,11.973194122314453,9.7431640625,11.792797088623047,0.17485249042510986,388.79998779296875,3.6619999408721924,2.0789999961853027,1291.5999755859375,520.3125,1.8757812976837158,0.989585280418396,1512.0,520.3125,2.143749952316284,1.119053602218628,1529.0
2026-09-11T16:42:00.000+08:00,nan,11.946292877197266,9.708251953125,nan,nan,388.8999938964844,3.6740000247955322,2.072000026702881,1291.5999755859375,520.3125,1.8757812976837158,0.9917385578155518,1512.0,520.3125,2.143749952316284,1.1283398866653442,1529.0
2026-09-11T16:43:00.000+08:00,258.81951904296875,12.021308898925781,9.736328125,11.408587455749512,0.18105807155370712,388.8999938964844,3.687000036239624,2.072000026702881,1291.699951171875,520.3125,1.8757812976837158,0.9953722953796387,1512.0,520.3125,2.143749952316284,1.1158236265182495,1529.0
2026-09-11T16:44:00.000+08:00,258.1703186035156,12.047893524169922,9.72265625,11.800332069396973,0.17601199448108673,388.8999938964844,3.7100000381469727,2.0820000171661377,1291.699951171875,520.3125,1.8757812976837158,0.9929498434066772,1512.0,520.3125,2.143749952316284,1.123360276222229,1529.0
2026-09-11T16:45:00.000+08:00,257.496826171875,12.043937683105469,9.72265625,11.81706428527832,0.17643976211547852,389.0,3.6579999923706055,2.063999891281128,1291.699951171875,520.3125,1.8757812976837158,0.9929498434066772,1512.0,520.3125,2.143749952316284,1.1158236265182495,1529.0
2026-09-11T16:46:00.000+08:00,260.46075439453125,12.045440673828125,9.729248046875,11.887970924377441,0.1748826652765274,389.1000061035156,3.691999912261963,2.0789999961853027,1291.800048828125,520.3125,1.9140625,0.9983331561088562,1512.0,520.3125,2.143749952316284,1.1287436485290527,1529.0
2026-09-11T16:47:00.000+08:00,254.45925903320312,12.03964614868164,9.6875,11.55898666381836,0.17899492383003235,389.1000061035156,3.703000068664551,2.0880000591278076,1291.800048828125,520.3125,1.9140625,1.0045238733291626,1512.0,520.3125,2.143749952316284,1.122552752494812,1529.0
2026-09-11T16:48:00.000+08:00,262.2660827636719,12.033226013183594,9.7431640625,11.952325820922852,0.1736900508403778,389.1000061035156,3.7070000171661377,2.0869998931884766,1291.9000244140625,520.3125,1.9140625,0.9995443820953369,1512.0,520.3125,2.143749952316284,1.1317044496536255,1529.0
2026-09-11T16:49:00.000+08:00,263.3833923339844,11.976856231689453,9.70849609375,11.792452812194824,0.17621439695358276,389.20001220703125,3.677999973297119,2.0789999961853027,1291.9000244140625,520.3125,1.9140625,0.9963144063949585,1512.0,520.3125,2.143749952316284,1.1267248392105103,1529.0
2026-09-11T16:50:00.000+08:00,261.54144287109375,11.962173461914062,9.708251953125,11.745159149169922,0.17760507762432098,388.8999938964844,3.696000099182129,2.0799999237060547,1291.9000244140625,520.3125,1.8757812976837158,0.9929498434066772,1512.0,520.3125,2.143749952316284,1.1307623386383057,1529.0
2026-09-11T16:51:00.000+08:00,268.3211975097656,11.982337951660156,9.729248046875,12.047975540161133,0.17256011068820953,389.20001220703125,3.674999952316284,2.0829999446868896,1292.0,520.3125,1.8757812976837158,0.9937573075294495,1512.0,520.3125,2.143749952316284,1.1279361248016357,1529.0
2026-09-11T16:52:00.000+08:00,268.5236511230469,11.891742706298828,9.722412109375,12.003268241882324,0.1739526242017746,389.1000061035156,3.6689999103546143,2.0759999752044678,1292.0,520.3125,1.9140625,1.0025051832199097,1512.0,520.3125,2.143749952316284,1.1292818784713745,1529.0
2026-09-11T16:53:00.000+08:00,268.0237731933594,11.881038665771484,9.7294921875,11.969948768615723,0.17435330152511597,389.20001220703125,3.6630001068115234,2.0899999141693115,1292.0,520.3125,1.8757812976837158,0.994968593120575,1512.0,520.3125,2.143749952316284,1.1247061491012573,1530.0
2026-09-11T16:54:00.000+08:00,269.30865478515625,11.90335464477539,9.7431640625,11.814160346984863,0.17656776309013367,389.20001220703125,3.680999994277954,2.0820000171661377,1292.0999755859375,520.3125,1.8757812976837158,0.9925460815429688,1512.0,520.3125,2.143749952316284,1.1255135536193848,1530.0
2026-09-11T16:55:00.000+08:00,267.3765563964844,11.91159439086914,9.7431640625,12.044516563415527,0.17252664268016815,389.29998779296875,3.6710000038146973,2.0820000171661377,1292.0999755859375,520.3125,1.8757812976837158,0.994968593120575,1512.0,520.3125,2.143749952316284,1.119726538658142,1530.0
2026-09-11T16:56:00.000+08:00,273.90313720703125,11.895111083984375,9.701416015625,11.75686264038086,0.17657773196697235,389.5,3.683000087738037,2.0940001010894775,1292.0999755859375,520.3125,1.9140625,0.9979293942451477,1512.0,520.3125,2.143749952316284,1.1252444982528687,1530.0
2026-09-11T16:57:00.000+08:00,269.3472900390625,11.918937683105469,9.7294921875,11.770800590515137,0.1782376617193222,389.3999938964844,3.6679999828338623,2.0880000591278076,1292.199951171875,520.3125,1.9140625,1.0029089450836182,1512.0,520.3125,2.143749952316284,1.1322426795959473,1530.0
2026-09-11T16:58:00.000+08:00,277.4739685058594,11.847061157226562,9.57666015625,12.292468070983887,0.17010416090488434,389.29998779296875,3.681999921798706,2.0840001106262207,1292.199951171875,520.3125,1.9140625,1.0008902549743652,1512.0,520.3125,2.143749952316284,1.1226873397827148,1530.0
2026-09-11T16:59:00.000+08:00,287.2175598144531,11.698413848876953,9.444580078125,13.070489883422852,0.15906061232089996,389.20001220703125,3.6540000438690186,2.0739998817443848,1292.199951171875,520.3125,1.8757812976837158,0.9899890422821045,1512.0,520.3125,2.143749952316284,1.1209378242492676,1530.0
2026-09-11T17:00:00.000+08:00,276.05609130859375,11.593727111816406,9.382080078125,12.454099655151367,0.16805711388587952,389.29998779296875,3.693000078201294,2.068000078201294,1292.300048828125,520.3125,1.8757812976837158,0.9891815185546875,1512.0,520.3125,2.143749952316284,1.1252444982528687,1530.0
2026-09-11T17:01:00.000+08:00,277.5108947753906,11.648578643798828,9.375,12.140372276306152,0.17141154408454895,389.20001220703125,3.680000066757202,2.069000005722046,1292.300048828125,520.3125,1.8757812976837158,0.9867590069770813,1512.0,520.3125,2.143749952316284,1.128878116607666,1530.0
2026-09-11T17:02:00.000+08:00,269.27789306640625,11.678733825683594,9.3125,11.556822776794434,0.17954760789871216,388.8999938964844,3.6760001182556152,2.058000087738037,1292.300048828125,520.3125,1.8757812976837158,0.9837982058525085,1512.0,520.3125,2.143749952316284,1.1267248392105103,1530.0
2026-09-11T17:03:00.000+08:00,271.7153015136719,11.683277130126953,9.34765625,12.180611610412598,0.1699422001838684,389.29998779296875,3.6649999618530273,2.072000026702881,1292.4000244140625,520.3125,1.8757812976837158,0.9821832180023193,1512.0,520.3125,2.143749952316284,1.1234948635101318,1530.0
2026-09-11T17:04:00.000+08:00,264.5807800292969,11.72607421875,9.382080078125,12.064062118530273,0.1717497855424881,389.6000061035156,3.6540000438690186,2.075000047683716,1292.4000244140625,520.3125,1.8757812976837158,0.9899890422821045,1512.0,520.3125,2.143749952316284,1.1256481409072876,1530.0
2026-09-11T17:05:00.000+08:00,257.7325134277344,11.75870132446289,9.4794921875,12.078882217407227,0.1723669469356537,389.29998779296875,3.6700000762939453,2.0769999027252197,1292.4000244140625,520.3125,1.8757812976837158,0.9879702925682068,1512.0,520.3125,2.143749952316284,1.1209378242492676,1530.0
2026-09-11T17:06:00.000+08:00,256.5203857421875,11.842231750488281,9.46533203125,11.910744667053223,0.17446433007717133,389.3999938964844,3.6600000858306885,2.0759999752044678,1292.5,520.3125,1.8757812976837158,0.9859515428543091,1512.0,520.3125,2.143749952316284,1.1238986253738403,1530.0
2026-09-11T17:07:00.000+08:00,247.21067810058594,11.823707580566406,9.4658203125,11.69775104522705,0.17687161266803741,389.79998779296875,3.6659998893737793,2.0820000171661377,1292.5,520.3125,1.8757812976837158,0.9917385578155518,1512.0,520.3125,2.143749952316284,1.1253790855407715,1530.0
2026-09-11T17:08:00.000+08:00,240.17987060546875,11.880027770996094,9.479248046875,11.141497611999512,0.18141429126262665,389.3999938964844,3.6480000019073486,2.059999942779541,1292.5,520.3125,1.8757812976837158,0.984201967716217,1512.0,520.3125,2.143749952316284,1.1185153722763062,1530.0
2026-09-11T17:09:00.000+08:00,244.5481719970703,11.918128967285156,9.40283203125,11.715174674987793,0.17558422684669495,389.1000061035156,3.6640000343322754,2.069000005722046,1292.5999755859375,520.3125,1.8757812976837158,0.9837982058525085,1512.0,520.3125,2.143749952316284,1.1275323629379272,1530.0
2026-09-11T17:10:00.000+08:00,235.1212615966797,11.911796569824219,9.486083984375,11.758088111877441,0.1763041764497757,389.3999938964844,3.6589999198913574,2.065000057220459,1292.5999755859375,520.3125,1.8757812976837158,0.9825869798660278,1512.0,520.3125,2.143749952316284,1.129685640335083,1530.0
2026-09-11T17:11:00.000+08:00,234.1716766357422,11.985466003417969,9.423583984375,11.362908363342285,0.18234768509864807,389.20001220703125,3.6700000762939453,2.062000036239624,1292.5999755859375,520.3125,1.8757812976837158,0.9871627688407898,1512.0,520.3125,2.143749952316284,1.121341586112976,1530.0
2026-09-11T17:12:00.000+08:00,233.98226928710938,11.94223403930664,9.47265625,11.308964729309082,0.18233321607112885,388.8999938964844,3.6700000762939453,2.069999933242798,1292.699951171875,520.3125,1.8757812976837158,0.9867590069770813,1512.0,520.3125,2.143749952316284,1.1257827281951904,1530.0
2026-09-11T17:13:00.000+08:00,233.1038360595703,11.94223403930664,9.479248046875,11.459842681884766,0.17993266880512238,388.70001220703125,3.6589999198913574,2.052000045776367,1292.699951171875,520.3125,1.837499976158142,0.9734353423118591,1512.0,516.796875,2.143749952316284,1.119053602218628,1530.0
2026-09-11T17:14:00.000+08:00,230.60101318359375,11.9869384765625,9.375,11.395495414733887,0.18068543076515198,388.8999938964844,3.6480000019073486,2.055000066757202,1292.800048828125,520.3125,1.8757812976837158,0.9767999053001404,1512.0,520.3125,2.143749952316284,1.1216107606887817,1530.0
2026-09-11T17:15:00.000+08:00,228.8719940185547,12.031059265136719,9.472412109375,11.634286880493164,0.17714880406856537,388.79998779296875,3.6519999504089355,2.053999900817871,1292.800048828125,520.3125,1.837499976158142,0.9696670770645142,1513.0,516.796875,2.143749952316284,1.1236294507980347,1530.0
2026-09-11T17:16:00.000+08:00,216.2081756591797,12.008113861083984,9.47265625,10.876420021057129,0.1884811371564865,388.79998779296875,3.6600000858306885,2.058000087738037,1292.800048828125,520.3125,1.8757812976837158,0.9800298810005188,1513.0,520.3125,2.143749952316284,1.119861125946045,1530.0
2026-09-11T17:17:00.000+08:00,221.80557250976562,12.104873657226562,9.486328125,11.292017936706543,0.18057003617286682,389.0,3.6700000762939453,2.062000036239624,1292.9000244140625,520.3125,1.8757812976837158,0.9825869798660278,1513.0,520.3125,2.10546875,1.1128628253936768,1530.0
2026-09-11T17:18:00.000+08:00,216.80714416503906,12.070911407470703,9.4375,11.222980499267578,0.18301734328269958,389.1000061035156,3.619999885559082,2.0439999103546143,1292.9000244140625,520.3125,1.8757812976837158,0.9767999053001404,1513.0,520.3125,2.143749952316284,1.1283398866653442,1530.0
2026-09-11T17:19:00.000+08:00,214.2696990966797,12.085044860839844,9.47265625,10.815751075744629,0.1891685575246811,389.0,3.6559998989105225,2.065999984741211,1292.9000244140625,520.3125,1.8757812976837158,0.9825869798660278,1513.0,520.3125,2.143749952316284,1.117842435836792,1530.0
2026-09-11T17:20:00.000+08:00,218.37387084960938,12.083423614501953,9.479248046875,11.237654685974121,0.18277835845947266,389.1000061035156,3.6389999389648438,2.058000087738037,1293.0,520.3125,1.837499976158142,0.9829907417297363,1513.0,520.3125,2.10546875,1.1146124601364136,1530.0
2026-09-11T17:21:00.000+08:00,219.70460510253906,12.072227478027344,9.5419921875,11.426130294799805,0.17985092103481293,389.1000061035156,3.6410000324249268,2.061000108718872,1293.0,520.3125,1.837499976158142,0.9742428660392761,1513.0,520.3125,2.143749952316284,1.123360276222229,1530.0
2026-09-11T17:22:00.000+08:00,217.4150390625,12.130760192871094,9.5556640625,10.897538185119629,0.18903350830078125,389.0,3.6489999294281006,2.056999921798706,1293.0,520.3125,1.837499976158142,0.9742428660392761,1513.0,520.3125,2.143749952316284,1.1253790855407715,1530.0
2026-09-11T17:23:00.000+08:00,215.24993896484375,12.08559799194336,9.52099609375,10.889798164367676,0.18925970792770386,389.1000061035156,3.6619999408721924,2.061000108718872,1293.0999755859375,520.3125,1.8757812976837158,0.9804336428642273,1513.0,520.3125,2.143749952316284,1.1187844276428223,1530.0
2026-09-11T17:24:00.000+08:00,217.61289978027344,12.15972900390625,9.507080078125,11.148834228515625,0.18387572467327118,389.1000061035156,3.6649999618530273,2.062000036239624,1293.0999755859375,520.3125,1.8757812976837158,0.9792224168777466,1513.0,520.3125,2.143749952316284,1.126994013786316,1530.0
2026-09-11T17:25:00.000+08:00,220.8257598876953,12.185432434082031,9.513916015625,11.411766052246094,0.18042781949043274,389.1000061035156,3.6480000019073486,2.062999963760376,1293.0999755859375,520.3125,1.8757812976837158,0.9784148931503296,1513.0,520.3125,2.143749952316284,1.122552752494812,1530.0
2026-09-11T17:26:00.000+08:00,221.755126953125,12.122642517089844,9.541748046875,11.451081275939941,0.1793716996908188,389.1000061035156,3.6500000953674316,2.052000045776367,1293.199951171875,520.3125,1.8757812976837158,0.9804336428642273,1513.0,520.3125,2.143749952316284,1.124975323677063,1530.0
2026-09-11T17:27:00.000+08:00,221.927734375,12.071159362792969,9.611328125,11.063023567199707,0.18656744062900543,389.29998779296875,3.6419999599456787,2.062999963760376,1293.199951171875,520.3125,1.837499976158142,0.9726278781890869,1513.0,520.3125,2.143749952316284,1.1279361248016357,1530.0
2026-09-11T17:28:00.000+08:00,229.21669006347656,12.018856048583984,9.53515625,11.89957046508789,0.17345164716243744,389.1000061035156,3.6449999809265137,2.072000026702881,1293.199951171875,520.3125,1.8757812976837158,0.9821832180023193,1513.0,520.3125,2.143749952316284,1.1195919513702393,1530.0
2026-09-11T17:29:00.000+08:00,232.12594604492188,11.956645965576172,9.5419921875,11.426490783691406,0.18037033081054688,389.1000061035156,3.6600000858306885,2.061000108718872,1293.300048828125,520.3125,1.8757812976837158,0.9800298810005188,1513.0,520.3125,2.143749952316284,1.121341586112976,1530.0
2026-09-11T17:30:00.000+08:00,235.7675018310547,11.970745086669922,9.5556640625,11.833162307739258,0.1739180088043213,389.29998779296875,3.6670000553131104,2.065999984741211,1293.300048828125,520.3125,1.8757812976837158,0.9767999053001404,1513.0,520.3125,2.143749952316284,1.1292818784713745,1530.0
2026-09-11T17:31:00.000+08:00,238.19223022460938,12.002201080322266,9.611328125,11.518680572509766,0.179534450173378,389.0,3.628000020980835,2.052000045776367,1293.300048828125,520.3125,1.8757812976837158,0.9784148931503296,1513.0,520.3125,2.143749952316284,1.121341586112976,1530.0
2026-09-11T17:32:00.000+08:00,234.4625244140625,12.048828125,9.5556640625,11.561349868774414,0.17817988991737366,389.0,3.6700000762939453,2.061000108718872,1293.4000244140625,520.3125,1.8757812976837158,0.9796261787414551,1513.0,520.3125,2.143749952316284,1.1237640380859375,1530.0
2026-09-11T17:33:00.000+08:00,236.93858337402344,11.962810516357422,9.53515625,11.874327659606934,0.17280977964401245,389.1000061035156,3.6519999504089355,2.058000087738037,1293.4000244140625,520.3125,1.8757812976837158,0.9784148931503296,1513.0,520.3125,2.143749952316284,1.1217453479766846,1530.0
2026-09-11T17:34:00.000+08:00,235.70985412597656,12.038707733154297,9.507080078125,11.836565971374512,0.1745438575744629,389.1000061035156,3.6500000953674316,2.059999942779541,1293.4000244140625,520.3125,1.8757812976837158,0.9850094318389893,1513.0,520.3125,2.143749952316284,1.1243023872375488,1530.0
2026-09-11T17:35:00.000+08:00,231.53530883789062,12.085872650146484,9.673583984375,11.380504608154297,0.18162639439105988,389.1000061035156,3.6630001068115234,2.059999942779541,1293.5,520.3125,1.8757812976837158,0.9837982058525085,1513.0,520.3125,2.143749952316284,1.1147470474243164,1530.0
2026-09-11T17:36:00.000+08:00,237.80303955078125,12.120697021484375,9.673828125,11.173306465148926,0.18365199863910675,389.0,3.6519999504089355,2.058000087738037,1293.5,520.3125,1.8757812976837158,0.9821832180023193,1513.0,520.3125,2.143749952316284,1.1193227767944336,1530.0
2026-09-11T17:37:00.000+08:00,237.2433319091797,12.080142974853516,9.708251953125,11.475522994995117,0.17959965765476227,389.1000061035156,3.63100004196167,2.056999921798706,1293.5,520.3125,1.8757812976837158,0.9784148931503296,1513.0,520.3125,2.143749952316284,1.1263210773468018,1530.0
2026-09-11T17:38:00.000+08:00,228.6154022216797,12.063957214355469,9.722412109375,11.002695083618164,0.18740862607955933,389.20001220703125,3.638000011444092,2.055999994277954,1293.5999755859375,520.3125,1.8757812976837158,0.9788186550140381,1513.0,520.3125,2.143749952316284,1.1179770231246948,1530.0
2026-09-11T17:39:00.000+08:00,235.3898162841797,12.113361358642578,9.666748046875,11.702159881591797,0.17603588104248047,389.0,3.6740000247955322,2.071000099182129,1293.5999755859375,520.3125,1.8757812976837158,0.9883739948272705,1513.0,520.3125,2.143749952316284,1.124975323677063,1530.0
2026-09-11T17:40:00.000+08:00,240.09266662597656,12.069808959960938,9.6875,11.369020462036133,0.18216168880462646,388.70001220703125,3.6619999408721924,2.065999984741211,1293.5999755859375,520.3125,1.8757812976837158,0.9825869798660278,1513.0,520.3125,2.143749952316284,1.1265902519226074,1530.0
2026-09-11T17:41:00.000+08:00,nan,12.048389434814453,9.6533203125,nan,nan,388.79998779296875,3.6700000762939453,2.069000005722046,1293.699951171875,520.3125,1.8757812976837158,0.9837982058525085,1513.0,520.3125,2.143749952316284,1.127801537513733,1530.0
2026-09-11T17:42:00.000+08:00,245.05493927001953,11.978069305419922,9.6875,11.836628913879395,0.17501255124807358,388.5,3.6579999923706055,2.0769999027252197,1293.699951171875,520.3125,1.8757812976837158,0.9871627688407898,1513.0,516.796875,2.143749952316284,1.1248407363891602,1530.0
2026-09-11T17:43:00.000+08:00,248.15652465820312,12.032623291015625,9.736328125,11.398110389709473,0.18204772472381592,388.6000061035156,3.630000114440918,2.055999994277954,1293.699951171875,516.796875,1.8757812976837158,0.9846057295799255,1513.0,516.796875,2.143749952316284,1.1236294507980347,1530.0
2026-09-11T17:44:00.000+08:00,252.782470703125,11.979927062988281,9.7431640625,11.510024070739746,0.17966946959495544,388.6000061035156,3.6600000858306885,2.069000005722046,1293.800048828125,516.796875,1.8757812976837158,0.9871627688407898,1513.0,516.796875,2.143749952316284,1.119861125946045,1530.0
2026-09-11T17:45:00.000+08:00,261.8777160644531,11.930126190185547,9.6669921875,11.5595121383667,0.17872726917266846,388.79998779296875,3.6589999198913574,2.066999912261963,1293.800048828125,520.3125,1.8757812976837158,0.9833944439888,1513.0,516.796875,2.143749952316284,1.118649959564209,1530.0
2026-09-11T17:46:00.000+08:00,262.8524169921875,11.97378158569336,9.7431640625,11.47908878326416,0.1803278923034668,388.6000061035156,3.6570000648498535,2.059999942779541,1293.9000244140625,516.796875,1.8757812976837158,0.9837982058525085,1513.0,516.796875,2.143749952316284,1.1230911016464233,1531.0
2026-09-11T17:47:00.000+08:00,262.5719299316406,11.95363998413086,9.7294921875,11.726469039916992,0.1768648326396942,388.5,3.635999917984009,2.059999942779541,1293.9000244140625,516.796875,1.8757812976837158,0.9903927445411682,1513.0,516.796875,2.143749952316284,1.1156890392303467,1531.0
2026-09-11T17:48:00.000+08:00,262.581787109375,11.962486267089844,9.736328125,11.847865104675293,0.1740397959947586,388.6000061035156,3.6630001068115234,2.069999933242798,1293.9000244140625,516.796875,1.8757812976837158,0.9829907417297363,1513.0,516.796875,2.143749952316284,1.1156890392303467,1531.0
2026-09-11T17:49:00.000+08:00,257.9651184082031,11.968910217285156,9.70849609375,11.470881462097168,0.17949798703193665,388.3999938964844,3.687000036239624,2.052999973297119,1294.0,516.796875,1.8757812976837158,0.9813757538795471,1513.0,516.796875,2.143749952316284,1.1226873397827148,1531.0
2026-09-11T17:50:00.000+08:00,262.5487365722656,11.949661254882812,9.70166015625,12.17485523223877,0.16903692483901978,388.6000061035156,3.7109999656677246,2.078000068664551,1294.0,516.796875,1.9140625,1.0037164688110352,1513.0,516.796875,2.143749952316284,1.1218799352645874,1531.0
2026-09-11T17:51:00.000+08:00,260.6925964355469,11.940170288085938,9.7431640625,11.58204174041748,0.17967471480369568,388.5,3.693000078201294,2.0810000896453857,1294.0,516.796875,1.9140625,1.0011593103408813,1513.0,516.796875,2.143749952316284,1.121341586112976,1531.0
2026-09-11T17:52:00.000+08:00,261.14141845703125,12.014633178710938,9.7431640625,12.224095344543457,0.17072837054729462,388.6000061035156,3.694999933242798,2.0789999961853027,1294.0999755859375,516.796875,1.9140625,1.000351905822754,1513.0,516.796875,2.143749952316284,1.1181116104125977,1531.0
2026-09-11T17:53:00.000+08:00,269.9302673339844,11.945392608642578,9.7158203125,12.257967948913574,0.16960397362709045,388.8999938964844,3.703000068664551,2.0789999961853027,1294.0999755859375,520.3125,1.9140625,1.005869746208191,1513.0,520.3125,2.143749952316284,1.1203994750976562,1531.0
2026-09-11T17:54:00.000+08:00,262.25244140625,11.992328643798828,9.673828125,11.496317863464355,0.181101456284523,388.6000061035156,3.688999891281128,2.075000047683716,1294.0999755859375,516.796875,1.9140625,1.0029089450836182,1513.0,516.796875,2.143749952316284,1.1236294507980347,1531.0
2026-09-11T17:55:00.000+08:00,266.7223205566406,11.949077606201172,9.6875,12.270784378051758,0.16967131197452545,388.8999938964844,3.7230000495910645,2.0820000171661377,1294.199951171875,520.3125,1.9140625,1.004927635192871,1513.0,520.3125,2.143749952316284,1.1245715618133545,1531.0
2026-09-11T17:56:00.000+08:00,267.54296875,11.962173461914062,9.6875,12.282173156738281,0.1710130125284195,389.0,3.700000047683716,2.0840001106262207,1294.199951171875,520.3125,1.9140625,1.007484793663025,1513.0,520.3125,2.143749952316284,1.117034912109375,1531.0
2026-09-11T17:57:00.000+08:00,267.87249755859375,11.922786712646484,9.673583984375,12.048954010009766,0.1737080216407776,388.70001220703125,3.690999984741211,2.075000047683716,1294.199951171875,520.3125,1.9140625,1.0082921981811523,1513.0,520.3125,2.143749952316284,1.119053602218628,1531.0
2026-09-11T17:58:00.000+08:00,270.9476623535156,11.94173812866211,9.72265625,12.435745239257812,0.16758142411708832,388.70001220703125,3.7190001010894775,2.0959999561309814,1294.300048828125,520.3125,1.9140625,1.0045238733291626,1513.0,520.3125,2.143749952316284,1.119861125946045,1531.0
2026-09-11T17:59:00.000+08:00,268.5217590332031,11.962173461914062,9.7431640625,12.007411003112793,0.17314307391643524,388.6000061035156,3.7179999351501465,2.0929999351501465,1294.300048828125,516.796875,1.9140625,0.9991406202316284,1513.0,516.796875,2.143749952316284,1.120668649673462,1531.0
2026-09-11T18:00:00.000+08:00,273.17547607421875,11.952072143554688,9.736328125,12.001449584960938,0.17289578914642334,388.79998779296875,3.687000036239624,2.0880000591278076,1294.300048828125,520.3125,1.9140625,1.005869746208191,1513.0,516.796875,2.143749952316284,1.119861125946045,1531.0
2026-09-11T18:01:00.000+08:00,266.54132080078125,11.944808959960938,9.736328125,11.812414169311523,0.1760859340429306,388.8999938964844,3.703000068664551,2.0769999027252197,1294.4000244140625,520.3125,1.9140625,0.9987368583679199,1513.0,520.3125,2.143749952316284,1.1216107606887817,1531.0
2026-09-11T18:02:00.000+08:00,269.3244323730469,11.907012939453125,9.701416015625,11.923441886901855,0.1746978759765625,388.8999938964844,3.688999891281128,2.071000099182129,1294.4000244140625,520.3125,1.8757812976837158,0.9921423196792603,1513.0,520.3125,2.143749952316284,1.127801537513733,1531.0
2026-09-11T18:03:00.000+08:00,279.83935546875,11.84332275390625,9.6875,12.067750930786133,0.17252592742443085,389.1000061035156,3.683000087738037,2.075000047683716,1294.4000244140625,520.3125,1.9140625,0.9945648312568665,1513.0,520.3125,2.143749952316284,1.1195919513702393,1531.0
2026-09-11T18:04:00.000+08:00,284.6460266113281,11.815170288085938,9.625,11.946245193481445,0.1737784445285797,388.79998779296875,3.674999952316284,2.072999954223633,1294.5,520.3125,1.8757812976837158,0.9921423196792603,1513.0,516.796875,2.143749952316284,1.126051902770996,1531.0
2026-09-11T18:05:00.000+08:00,284.48980712890625,11.855411529541016,9.6669921875,11.707956314086914,0.17731532454490662,388.8999938964844,3.6419999599456787,2.065000057220459,1294.5,520.3125,1.8757812976837158,0.9867590069770813,1513.0,520.3125,2.143749952316284,1.123360276222229,1531.0
2026-09-11T18:06:00.000+08:00,286.8431701660156,11.829242706298828,9.736328125,12.349722862243652,0.16753412783145905,388.79998779296875,3.6540000438690186,2.072999954223633,1294.5,520.3125,1.8757812976837158,0.9891815185546875,1513.0,520.3125,2.143749952316284,1.1245715618133545,1531.0
2026-09-11T18:07:00.000+08:00,286.3853759765625,11.822193145751953,9.6875,11.97261905670166,0.17214278876781464,389.1000061035156,3.6579999923706055,2.075000047683716,1294.5999755859375,520.3125,1.8757812976837158,0.9921423196792603,1513.0,520.3125,2.143749952316284,1.1243023872375488,1531.0
2026-09-11T18:08:00.000+08:00,282.43902587890625,11.836273193359375,9.722412109375,11.387680053710938,0.18168756365776062,388.8999938964844,3.6640000343322754,2.075000047683716,1294.5999755859375,520.3125,1.8757812976837158,0.984201967716217,1513.0,520.3125,2.143749952316284,1.1283398866653442,1531.0
2026-09-11T18:09:00.000+08:00,289.65167236328125,11.800647735595703,9.722412109375,11.723759651184082,0.17579685151576996,389.1000061035156,3.6640000343322754,2.0789999961853027,1294.5999755859375,520.3125,1.8757812976837158,0.9883739948272705,1513.0,520.3125,2.143749952316284,1.1267248392105103,1531.0
2026-09-11T18:10:00.000+08:00,289.5245056152344,11.831100463867188,9.6875,11.784089088439941,0.17515142261981964,389.0,3.634999990463257,2.062000036239624,1294.699951171875,520.3125,1.8757812976837158,0.984201967716217,1513.0,520.3125,2.143749952316284,1.1195919513702393,1531.0
2026-09-11T18:11:00.000+08:00,285.0854797363281,11.844825744628906,9.708251953125,11.480896949768066,0.1800381988286972,388.79998779296875,3.6500000953674316,2.066999912261963,1294.699951171875,520.3125,1.8757812976837158,0.984201967716217,1513.0,520.3125,2.143749952316284,1.117034912109375,1531.0
2026-09-11T18:12:00.000+08:00,279.5072021484375,11.84957504272461,9.66015625,11.693405151367188,0.17702285945415497,388.6000061035156,3.6600000858306885,2.069000005722046,1294.699951171875,520.3125,1.8757812976837158,0.9809719920158386,1513.0,516.796875,2.143749952316284,1.1210724115371704,1531.0
2026-09-11T18:13:00.000+08:00,275.3409423828125,11.877357482910156,9.722412109375,12.039067268371582,0.17185717821121216,388.29998779296875,3.6389999389648438,2.061000108718872,1294.800048828125,516.796875,1.8757812976837158,0.988777756690979,1513.0,516.796875,2.143749952316284,1.120668649673462,1531.0
2026-09-11T18:14:00.000+08:00,271.81011962890625,11.88079833984375,9.736328125,11.699590682983398,0.17616000771522522,388.8999938964844,3.640000104904175,2.066999912261963,1294.800048828125,520.3125,1.8757812976837158,0.9792224168777466,1513.0,520.3125,2.143749952316284,1.1220145225524902,1531.0
2026-09-11T18:15:00.000+08:00,270.3446044921875,11.886577606201172,9.7431640625,12.122357368469238,0.17042888700962067,388.8999938964844,3.6489999294281006,2.065999984741211,1294.9000244140625,520.3125,1.8757812976837158,0.9817794561386108,1513.0,520.3125,2.143749952316284,1.1208032369613647,1531.0
2026-09-11T18:16:00.000+08:00,268.3247985839844,11.877670288085938,9.632080078125,11.490165710449219,0.17971889674663544,388.8999938964844,3.6549999713897705,2.062000036239624,1294.9000244140625,520.3125,1.8757812976837158,0.9784148931503296,1514.0,520.3125,2.143749952316284,1.1195919513702393,1531.0
2026-09-11T18:17:00.000+08:00,267.75506591796875,11.935291290283203,9.722412109375,11.619811058044434,0.17685313522815704,388.8999938964844,3.6549999713897705,2.065999984741211,1294.9000244140625,520.3125,1.8757812976837158,0.9763962030410767,1514.0,520.3125,2.143749952316284,1.115419864654541,1531.0
2026-09-11T18:18:00.000+08:00,266.4996643066406,11.916343688964844,9.6533203125,11.433452606201172,0.18069781363010406,388.1000061035156,3.621999979019165,2.0390000343322754,1295.0,516.796875,1.8757812976837158,0.9767999053001404,1514.0,516.796875,2.10546875,1.1105749607086182,1531.0
2026-09-11T18:19:00.000+08:00,263.5040588378906,11.93927001953125,9.72265625,11.855792045593262,0.1717303991317749,388.20001220703125,3.621999979019165,2.0450000762939453,1295.0,516.796875,1.8757812976837158,0.984201967716217,1514.0,516.796875,2.143749952316284,1.1179770231246948,1531.0
2026-09-11T18:20:00.000+08:00,255.34873962402344,11.988945007324219,9.6669921875,11.689204216003418,0.17486220598220825,388.0,3.634999990463257,2.055000066757202,1295.0,516.796875,1.837499976158142,0.9730316400527954,1514.0,516.796875,2.10546875,1.1129974126815796,1531.0
2026-09-11T18:21:00.000+08:00,258.8595886230469,11.943828582763672,9.7431640625,12.144399642944336,0.1679786592721939,388.5,3.634000062942505,2.056999921798706,1295.0999755859375,516.796875,1.8757812976837158,0.9804336428642273,1514.0,516.796875,2.10546875,1.112728238105774,1531.0
2026-09-11T18:22:00.000+08:00,256.9973449707031,12.044708251953125,9.72265625,11.5238618850708,0.17780497670173645,388.5,3.640000104904175,2.061000108718872,1295.0999755859375,516.796875,1.8757812976837158,0.9792224168777466,1514.0,516.796875,2.10546875,1.110709547996521,1531.0
2026-09-11T18:23:00.000+08:00,252.72994995117188,11.983482360839844,9.625,11.415164947509766,0.17941045761108398,388.79998779296875,3.638000011444092,2.062000036239624,1295.0999755859375,520.3125,1.8757812976837158,0.9784148931503296,1514.0,516.796875,2.143749952316284,1.1160928010940552,1531.0
2026-09-11T18:24:00.000+08:00,251.8461151123047,12.059688568115234,9.673583984375,11.541691780090332,0.17753030359745026,388.79998779296875,3.6489999294281006,2.065000057220459,1295.199951171875,520.3125,1.8757812976837158,0.9800298810005188,1514.0,516.796875,2.143749952316284,1.1216107606887817,1531.0
2026-09-11T18:25:00.000+08:00,247.81393432617188,11.984382629394531,9.6806640625,11.26197624206543,0.18238362669944763,389.0,3.634999990463257,2.049999952316284,1295.199951171875,520.3125,1.8757812976837158,0.9867590069770813,1514.0,520.3125,2.143749952316284,1.1158236265182495,1531.0
2026-09-11T18:26:00.000+08:00,248.46498107910156,12.004528045654297,9.72265625,11.166335105895996,0.18430398404598236,388.8999938964844,3.6459999084472656,2.056999921798706,1295.199951171875,520.3125,1.8757812976837158,0.9825869798660278,1514.0,520.3125,2.143749952316284,1.1228219270706177,1531.0
2026-09-11T18:27:00.000+08:00,248.05479431152344,11.990158081054688,9.659912109375,11.20007610321045,0.18392732739448547,388.79998779296875,3.6389999389648438,2.062999963760376,1295.300048828125,520.3125,1.8757812976837158,0.9750503301620483,1514.0,520.3125,2.143749952316284,1.1265902519226074,1531.0
2026-09-11T18:28:00.000+08:00,248.04220581054688,12.000556945800781,9.72265625,11.862319946289062,0.17365911602973938,388.79998779296875,3.634000062942505,2.049999952316284,1295.300048828125,520.3125,1.8757812976837158,0.9776074290275574,1514.0,520.3125,2.143749952316284,1.117842435836792,1531.0
2026-09-11T18:29:00.000+08:00,248.98379516601562,11.975475311279297,9.673828125,11.441064834594727,0.17909172177314758,388.70001220703125,3.614000082015991,2.055000066757202,1295.300048828125,520.3125,1.8757812976837158,0.9788186550140381,1514.0,520.3125,2.143749952316284,1.115419864654541,1531.0
2026-09-11T18:30:00.000+08:00,250.40606689453125,12.050861358642578,9.64599609375,11.28647232055664,0.1816333830356598,388.5,3.611999988555908,2.0450000762939453,1295.4000244140625,516.796875,1.837499976158142,0.9692633152008057,1514.0,516.796875,2.143749952316284,1.1131319999694824,1531.0
2026-09-11T18:31:00.000+08:00,250.82308959960938,12.00423812866211,9.736328125,11.204689025878906,0.18331611156463623,388.70001220703125,3.63700008392334,2.0450000762939453,1295.4000244140625,520.3125,1.8757812976837158,0.9763962030410767,1514.0,520.3125,2.143749952316284,1.1195919513702393,1531.0
2026-09-11T18:32:00.000+08:00,249.88038635253906,12.007892608642578,9.7431640625,11.893715858459473,0.17395740747451782,388.6000061035156,3.6459999084472656,2.0460000038146973,1295.4000244140625,520.3125,1.8757812976837158,0.9825869798660278,1514.0,516.796875,2.10546875,1.1148816347122192,1531.0
2026-09-11T18:33:00.000+08:00,248.30960083007812,11.986743927001953,9.6181640625,11.17192554473877,0.18465931713581085,388.70001220703125,3.6570000648498535,2.058000087738037,1295.5,520.3125,1.8757812976837158,0.9850094318389893,1514.0,520.3125,2.10546875,1.1111133098602295,1531.0
2026-09-11T18:34:00.000+08:00,253.52391052246094,11.886795043945312,9.4931640625,11.9503755569458,0.17229583859443665,388.70001220703125,3.6510000228881836,2.0439999103546143,1295.5,520.3125,1.8757812976837158,0.9784148931503296,1514.0,520.3125,2.143749952316284,1.115419864654541,1531.0
2026-09-11T18:35:00.000+08:00,248.9564666748047,11.753135681152344,9.423828125,11.986577987670898,0.17094118893146515,388.70001220703125,3.6540000438690186,2.0490000247955322,1295.5,520.3125,1.8757812976837158,0.9796261787414551,1514.0,516.796875,2.143749952316284,1.1222835779190063,1531.0
2026-09-11T18:36:00.000+08:00,250.42198181152344,11.80606460571289,9.3408203125,11.573262214660645,0.17730523645877838,388.5,3.630000114440918,2.0409998893737793,1295.5999755859375,520.3125,1.8757812976837158,0.9817794561386108,1514.0,516.796875,2.10546875,1.1119208335876465,1531.0
2026-09-11T18:37:00.000+08:00,247.6896209716797,11.819026947021484,9.4306640625,11.582771301269531,0.17707332968711853,388.6000061035156,3.6540000438690186,2.0450000762939453,1295.5999755859375,520.3125,1.8757812976837158,0.9800298810005188,1514.0,516.796875,2.143749952316284,1.118649959564209,1531.0
2026-09-11T18:38:00.000+08:00,237.90960693359375,11.874748229980469,9.326416015625,11.359030723571777,0.18117742240428925,389.0,3.621000051498413,2.055000066757202,1295.5999755859375,520.3125,1.8757812976837158,0.9763962030410767,1514.0,520.3125,2.143749952316284,1.117842435836792,1531.0
2026-09-11T18:39:00.000+08:00,235.6584930419922,11.920928955078125,9.382080078125,11.715124130249023,0.1750728338956833,388.79998779296875,3.631999969482422,2.053999900817871,1295.699951171875,520.3125,1.8757812976837158,0.9763962030410767,1514.0,520.3125,2.143749952316284,1.1203994750976562,1532.0
2026-09-11T18:40:00.000+08:00,nan,11.875633239746094,9.423828125,nan,nan,388.5,3.624000072479248,2.0490000247955322,1295.699951171875,516.796875,1.8757812976837158,0.9767999053001404,1514.0,516.796875,2.143749952316284,1.1144778728485107,1532.0
2026-09-11T18:41:00.000+08:00,231.0180206298828,11.88326644897461,9.388916015625,11.425984859466553,0.17947324365377426,388.20001220703125,3.631999969482422,2.0480000972747803,1295.699951171875,516.796875,1.837499976158142,0.9646875262260437,1514.0,516.796875,2.143749952316284,1.1183807849884033,1532.0
2026-09-11T18:42:00.000+08:00,228.1568603515625,11.985172271728516,9.423828125,11.752490043640137,0.1745162010192871,388.70001220703125,3.621999979019165,2.059000015258789,1295.800048828125,520.3125,1.8757812976837158,0.9784148931503296,1514.0,520.3125,2.143749952316284,1.1216107606887817,1532.0
2026-09-11T18:43:00.000+08:00,223.48240661621094,11.962230682373047,9.4306640625,11.293249130249023,0.18302969634532928,389.1000061035156,3.6440000534057617,2.065999984741211,1295.800048828125,520.3125,1.837499976158142,0.9754540920257568,1514.0,520.3125,2.143749952316284,1.1257827281951904,1532.0
2026-09-11T18:44:00.000+08:00,226.05751037597656,12.04195785522461,9.375,11.896106719970703,0.17358620464801788,388.3999938964844,3.63100004196167,2.0450000762939453,1295.800048828125,516.796875,1.8757812976837158,0.9767999053001404,1514.0,516.796875,2.143749952316284,1.121341586112976,1532.0
2026-09-11T18:45:00.000+08:00,221.75076293945312,12.02725601196289,9.388916015625,11.401512145996094,0.17962530255317688,388.29998779296875,3.63700008392334,2.055000066757202,1295.9000244140625,516.796875,1.8757812976837158,0.9776074290275574,1514.0,516.796875,2.143749952316284,1.118919014930725,1532.0
2026-09-11T18:46:00.000+08:00,224.72967529296875,12.02386474609375,9.416748046875,11.900459289550781,0.17175808548927307,388.20001220703125,3.632999897003174,2.049999952316284,1295.9000244140625,516.796875,1.837499976158142,0.9684557914733887,1514.0,516.796875,2.10546875,1.1109787225723267,1532.0
2026-09-11T18:47:00.000+08:00,220.31333923339844,12.08578109741211,9.416748046875,11.9698486328125,0.1711801141500473,388.3999938964844,3.619999885559082,2.0429999828338623,1295.9000244140625,516.796875,1.8757812976837158,0.9800298810005188,1514.0,516.796875,2.143749952316284,1.112728238105774,1532.0
2026-09-11T18:48:00.000+08:00,214.36740112304688,12.087230682373047,9.375,11.281150817871094,0.18163040280342102,387.70001220703125,3.63700008392334,2.0460000038146973,1296.0,516.796875,1.837499976158142,0.9696670770645142,1514.0,516.796875,2.10546875,1.1108441352844238,1532.0
2026-09-11T18:49:00.000+08:00,207.8544921875,12.130317687988281,9.444580078125,11.170944213867188,0.18288516998291016,387.70001220703125,3.624000072479248,2.0409998893737793,1296.0,516.796875,1.837499976158142,0.9706091284751892,1514.0,516.796875,2.10546875,1.1053261756896973,1532.0
2026-09-11T18:50:00.000+08:00,212.37796020507812,12.180030822753906,9.375,11.776823043823242,0.17364615201950073,388.20001220703125,3.6070001125335693,2.0439999103546143,1296.0,516.796875,1.837499976158142,0.9722241163253784,1514.0,516.796875,2.143749952316284,1.119726538658142,1532.0
2026-09-11T18:51:00.000+08:00,217.3032684326172,12.173110961914062,9.4931640625,11.409582138061523,0.17888472974300385,387.79998779296875,3.5929999351501465,2.0329999923706055,1296.0999755859375,516.796875,1.8757812976837158,0.9755886793136597,1514.0,516.796875,2.10546875,1.107075810432434,1532.0
2026-09-11T18:52:00.000+08:00,214.37013244628906,12.168258666992188,9.4794921875,11.54979133605957,0.17584733664989471,387.79998779296875,3.5899999141693115,2.0299999713897705,1296.0999755859375,516.796875,1.8757812976837158,0.9738391041755676,1514.0,516.796875,2.143749952316284,1.1138049364089966,1532.0
2026-09-11T18:53:00.000+08:00,214.74525451660156,12.07693862915039,9.486083984375,11.44627857208252,0.17769968509674072,388.0,3.621999979019165,2.055000066757202,1296.199951171875,516.796875,1.837499976158142,0.9730316400527954,1514.0,516.796875,2.10546875,1.114208698272705,1532.0
2026-09-11T18:54:00.000+08:00,221.39251708984375,12.12209701538086,9.40283203125,11.48078441619873,0.17794950306415558,388.1000061035156,3.615999937057495,2.0390000343322754,1296.199951171875,516.796875,1.8757812976837158,0.9767999053001404,1514.0,516.796875,2.143749952316284,1.115419864654541,1532.0
2026-09-11T18:55:00.000+08:00,223.12225341796875,12.039447784423828,9.4306640625,11.925413131713867,0.17173409461975098,388.1000061035156,3.625,2.055999994277954,1296.199951171875,516.796875,1.8757812976837158,0.9750503301620483,1514.0,516.796875,2.10546875,1.1117862462997437,1532.0
2026-09-11T18:56:00.000+08:00,230.9136199951172,11.980045318603516,9.409912109375,12.149104118347168,0.168160542845726,388.0,3.6419999599456787,2.049999952316284,1296.300048828125,516.796875,1.8757812976837158,0.9726278781890869,1514.0,516.796875,2.10546875,1.108017921447754,1532.0
2026-09-11T18:57:00.000+08:00,231.85916137695312,12.039745330810547,9.41015625,12.2413911819458,0.16681110858917236,387.79998779296875,3.621000051498413,2.052999973297119,1296.300048828125,516.796875,1.837499976158142,0.9722241163253784,1514.0,516.796875,2.143749952316284,1.1174386739730835,1532.0
2026-09-11T18:58:00.000+08:00,229.3197021484375,11.973567962646484,9.382080078125,11.659128189086914,0.175399050116539,387.79998779296875,3.63700008392334,2.0429999828338623,1296.300048828125,516.796875,1.837499976158142,0.9688595533370972,1514.0,516.796875,2.10546875,1.1100366115570068,1532.0
2026-09-11T18:59:00.000+08:00,228.75152587890625,11.995922088623047,9.4169921875,11.848153114318848,0.1725163459777832,388.6000061035156,3.6630001068115234,2.061000108718872,1296.4000244140625,516.796875,1.837499976158142,0.9704745411872864,1514.0,516.796875,2.143749952316284,1.1218799352645874,1532.0
2026-09-11T19:00:00.000+08:00,229.4993438720703,11.969589233398438,9.382080078125,11.558445930480957,0.17805162072181702,388.8999938964844,3.6549999713897705,2.052000045776367,1296.4000244140625,520.3125,1.8757812976837158,0.9788186550140381,1514.0,520.3125,2.143749952316284,1.1216107606887817,1532.0
2026-09-11T19:01:00.000+08:00,230.23257446289062,12.032234191894531,9.458251953125,11.648923873901367,0.1774412840604782,388.79998779296875,3.6429998874664307,2.058000087738037,1296.4000244140625,520.3125,1.8757812976837158,0.9809719920158386,1514.0,520.3125,2.143749952316284,1.1166311502456665,1532.0
2026-09-11T19:02:00.000+08:00,227.05612182617188,12.00119400024414,9.5556640625,11.554731369018555,0.178368479013443,388.5,3.634999990463257,2.0510001182556152,1296.5,516.796875,1.8757812976837158,0.9804336428642273,1514.0,516.796875,2.143749952316284,1.1169003248214722,1532.0
2026-09-11T19:03:00.000+08:00,231.7583770751953,12.103103637695312,9.520751953125,11.911764144897461,0.17176297307014465,388.79998779296875,3.627000093460083,2.0460000038146973,1296.5,520.3125,1.837499976158142,0.9759924411773682,1514.0,516.796875,2.143749952316284,1.1216107606887817,1532.0
2026-09-11T19:04:00.000+08:00,234.49537658691406,12.057819366455078,9.4658203125,11.445988655090332,0.1805872768163681,388.5,3.6600000858306885,2.055999994277954,1296.5,516.796875,1.8757812976837158,0.9784148931503296,1514.0,516.796875,2.143749952316284,1.1156890392303467,1532.0
2026-09-11T19:05:00.000+08:00,236.485107421875,11.998100280761719,9.4931640625,11.351284980773926,0.1806843876838684,388.3999938964844,3.632999897003174,2.0420000553131104,1296.5999755859375,516.796875,1.8757812976837158,0.9788186550140381,1514.0,516.796875,2.143749952316284,1.118919014930725,1532.0
2026-09-11T19:06:00.000+08:00,235.5214080810547,12.010025024414062,9.534912109375,11.519458770751953,0.17856742441654205,388.6000061035156,3.6489999294281006,2.055000066757202,1296.5999755859375,520.3125,1.8757812976837158,0.9763962030410767,1514.0,516.796875,2.143749952316284,1.1173040866851807,1532.0
2026-09-11T19:07:00.000+08:00,236.8200225830078,12.057231903076172,9.486328125,11.540081024169922,0.17790170013904572,388.79998779296875,3.632999897003174,2.049999952316284,1296.5999755859375,520.3125,1.8757812976837158,0.9772036671638489,1514.0,520.3125,2.143749952316284,1.1140741109848022,1532.0
2026-09-11T19:08:00.000+08:00,231.48858642578125,12.016777038574219,9.548828125,11.291479110717773,0.1811985820531845,388.8999938964844,3.677000045776367,2.052999973297119,1296.699951171875,520.3125,1.837499976158142,0.9750503301620483,1514.0,520.3125,2.10546875,1.1128628253936768,1532.0
2026-09-11T19:09:00.000+08:00,233.13197326660156,12.026779174804688,9.5556640625,11.4341402053833,0.17955002188682556,388.6000061035156,3.6410000324249268,2.0490000247955322,1296.699951171875,520.3125,1.8757812976837158,0.9746466279029846,1514.0,516.796875,2.143749952316284,1.1236294507980347,1532.0
2026-09-11T19:10:00.000+08:00,240.51934814453125,11.972816467285156,9.53515625,11.78315258026123,0.17389234900474548,388.70001220703125,3.6540000438690186,2.049999952316284,1296.699951171875,520.3125,1.8757812976837158,0.9750503301620483,1514.0,520.3125,2.143749952316284,1.1228219270706177,1532.0
2026-09-11T19:11:00.000+08:00,247.72598266601562,11.954574584960938,9.5419921875,11.93102741241455,0.17257525026798248,388.5,3.6579999923706055,2.059999942779541,1296.800048828125,520.3125,1.837499976158142,0.9722241163253784,1514.0,516.796875,2.143749952316284,1.1160928010940552,1532.0
2026-09-11T19:12:00.000+08:00,250.92880249023438,11.918846130371094,9.472412109375,11.864477157592773,0.172616109251976,388.6000061035156,3.6600000858306885,2.062000036239624,1296.800048828125,520.3125,1.837499976158142,0.9746466279029846,1514.0,516.796875,2.143749952316284,1.1148816347122192,1532.0
2026-09-11T19:13:00.000+08:00,248.1253662109375,11.915748596191406,9.486328125,12.116599082946777,0.17034482955932617,388.6000061035156,3.6530001163482666,2.055000066757202,1296.800048828125,520.3125,1.8757812976837158,0.9759924411773682,1514.0,520.3125,2.143749952316284,1.1173040866851807,1532.0
2026-09-11T19:14:00.000+08:00,242.9935302734375,11.900463104248047,9.47265625,11.642722129821777,0.1764192283153534,388.79998779296875,3.6410000324249268,2.0409998893737793,1296.9000244140625,520.3125,1.8757812976837158,0.9825869798660278,1514.0,520.3125,2.143749952316284,1.1203994750976562,1532.0
2026-09-11T19:15:00.000+08:00,242.40948486328125,11.99502944946289,9.486328125,12.228684425354004,0.168292835354805,388.70001220703125,3.6570000648498535,2.053999900817871,1296.9000244140625,520.3125,1.8757812976837158,0.9772036671638489,1514.0,516.796875,2.10546875,1.1128628253936768,1532.0
2026-09-11T19:16:00.000+08:00,237.33255004882812,11.98958969116211,9.4375,11.998977661132812,0.1714312732219696,388.6000061035156,3.6579999923706055,2.055000066757202,1296.9000244140625,516.796875,1.8757812976837158,0.9730316400527954,1514.0,516.796875,2.143749952316284,1.1148816347122192,1532.0
2026-09-11T19:17:00.000+08:00,243.80294799804688,12.0272216796875,9.611328125,12.106293678283691,0.16925081610679626,388.70001220703125,3.6500000953674316,2.053999900817871,1297.0,520.3125,1.8757812976837158,0.9809719920158386,1515.0,516.796875,2.143749952316284,1.1156890392303467,1532.0
2026-09-11T19:18:00.000+08:00,233.4411163330078,12.149856567382812,9.6533203125,11.229680061340332,0.18317531049251556,388.3999938964844,3.6429998874664307,2.052000045776367,1297.0,516.796875,1.8757812976837158,0.9776074290275574,1515.0,516.796875,2.143749952316284,1.1201303005218506,1532.0
2026-09-11T19:19:00.000+08:00,230.78221130371094,12.1348876953125,9.6806640625,11.538862228393555,0.17705385386943817,388.1000061035156,3.6470000743865967,2.052000045776367,1297.0,516.796875,1.837499976158142,0.9722241163253784,1515.0,516.796875,2.10546875,1.108017921447754,1532.0
2026-09-11T19:20:00.000+08:00,231.87271118164062,12.13039779663086,9.63916015625,11.413287162780762,0.17935235798358917,387.8999938964844,3.632999897003174,2.046999931335449,1297.0999755859375,516.796875,1.8757812976837158,0.9750503301620483,1515.0,516.796875,2.10546875,1.106268286705017,1532.0
2026-09-11T19:21:00.000+08:00,227.4197540283203,12.15481185913086,9.659912109375,11.194103240966797,0.1825961321592331,387.8999938964844,3.63700008392334,2.052999973297119,1297.0999755859375,516.796875,1.837499976158142,0.9696670770645142,1515.0,516.796875,2.10546875,1.1096328496932983,1532.0
2026-09-11T19:22:00.000+08:00,232.96214294433594,12.090431213378906,9.6318359375,11.165642738342285,0.18270331621170044,388.0,3.6619999408721924,2.052000045776367,1297.0999755859375,516.796875,1.8757812976837158,0.9776074290275574,1515.0,516.796875,2.10546875,1.108017921447754,1532.0
2026-09-11T19:23:00.000+08:00,240.766845703125,12.083992004394531,9.632080078125,11.607213973999023,0.17626969516277313,388.1000061035156,3.63100004196167,2.0450000762939453,1297.199951171875,516.796875,1.837499976158142,0.9718203544616699,1515.0,516.796875,2.143749952316284,1.1117862462997437,1532.0
2026-09-11T19:24:00.000+08:00,244.4601287841797,12.034378051757812,9.625,11.831392288208008,0.17335239052772522,387.8999938964844,3.6530001163482666,2.052000045776367,1297.199951171875,516.796875,1.8757812976837158,0.9734353423118591,1515.0,516.796875,2.10546875,1.112593650817871,1532.0
2026-09-11T19:25:00.000+08:00,250.5894012451172,12.027931213378906,9.659912109375,12.123559951782227,0.16785497963428497,387.70001220703125,3.634999990463257,2.0390000343322754,1297.199951171875,516.796875,1.837499976158142,0.9668408036231995,1515.0,516.796875,2.10546875,1.1116516590118408,1532.0
2026-09-11T19:26:00.000+08:00,247.57620239257812,12.035881042480469,9.6669921875,11.857760429382324,0.17254522442817688,387.70001220703125,3.611999988555908,2.0360000133514404,1297.300048828125,516.796875,1.837499976158142,0.9668408036231995,1515.0,516.796875,2.10546875,1.1140741109848022,1532.0
2026-09-11T19:27:00.000+08:00,242.7281951904297,12.047176361083984,9.66015625,11.518107414245605,0.17624424397945404,387.5,3.6389999389648438,2.0380001068115234,1297.300048828125,516.796875,1.8757812976837158,0.9738391041755676,1515.0,516.796875,2.10546875,1.1037112474441528,1532.0
2026-09-11T19:28:00.000+08:00,248.857666015625,12.027328491210938,9.625,11.77786922454834,0.17320619523525238,387.3999938964844,3.615000009536743,2.0309998989105225,1297.300048828125,516.796875,1.837499976158142,0.9684557914733887,1515.0,516.796875,2.10546875,1.10075044631958,1532.0
2026-09-11T19:29:00.000+08:00,248.54100036621094,12.008502960205078,9.7158203125,11.559415817260742,0.17639300227165222,387.79998779296875,3.618000030517578,2.0439999103546143,1297.4000244140625,516.796875,1.837499976158142,0.9634762406349182,1515.0,516.796875,2.143749952316284,1.117034912109375,1532.0
2026-09-11T19:30:00.000+08:00,249.34519958496094,12.022979736328125,9.673828125,11.823609352111816,0.1717749685049057,387.5,3.632999897003174,2.0390000343322754,1297.4000244140625,516.796875,1.8757812976837158,0.9730316400527954,1515.0,516.796875,2.10546875,1.1053261756896973,1532.0
2026-09-11T19:31:00.000+08:00,247.63307189941406,12.052955627441406,9.6806640625,11.56951904296875,0.17649826407432556,387.5,3.6429998874664307,2.0409998893737793,1297.4000244140625,516.796875,1.837499976158142,0.968052089214325,1515.0,516.796875,2.143749952316284,1.1152853965759277,1532.0
2026-09-11T19:32:00.000+08:00,248.5690155029297,12.01584243774414,9.701416015625,11.754707336425781,0.17337734997272491,387.70001220703125,3.617000102996826,2.0399999618530273,1297.5,516.796875,1.837499976158142,0.9692633152008057,1515.0,516.796875,2.143749952316284,1.1120553016662598,1532.0
2026-09-11T19:33:00.000+08:00,249.14317321777344,12.043224334716797,9.638916015625,11.985196113586426,0.17071059346199036,387.70001220703125,3.628000020980835,2.0280001163482666,1297.5,516.796875,1.8757812976837158,0.9730316400527954,1515.0,516.796875,2.143749952316284,1.1116516590118408,1533.0
2026-09-11T19:34:00.000+08:00,250.62124633789062,12.008209228515625,9.722412109375,11.33016300201416,0.18031513690948486,388.29998779296875,3.632999897003174,2.0490000247955322,1297.5999755859375,516.796875,1.837499976158142,0.9809719920158386,1515.0,516.796875,2.10546875,1.1097674369812012,1533.0
2026-09-11T19:35:00.000+08:00,255.78884887695312,11.93865966796875,9.72265625,11.71084213256836,0.174624502658844,388.3999938964844,3.6459999084472656,2.053999900817871,1297.5999755859375,516.796875,1.8757812976837158,0.9750503301620483,1515.0,516.796875,2.10546875,1.112728238105774,1533.0
2026-09-11T19:36:00.000+08:00,253.32534790039062,11.958992004394531,9.659912109375,11.420601844787598,0.17897480726242065,388.5,3.63700008392334,2.0490000247955322,1297.5999755859375,516.796875,1.8757812976837158,0.9817794561386108,1515.0,516.796875,2.10546875,1.1081525087356567,1533.0
2026-09-11T19:37:00.000+08:00,251.07615661621094,12.053855895996094,9.659912109375,11.58888053894043,0.17706628143787384,388.3999938964844,3.640000104904175,2.0510001182556152,1297.699951171875,516.796875,1.8757812976837158,0.9863553047180176,1515.0,516.796875,2.10546875,1.1089599132537842,1533.0
2026-09-11T19:38:00.000+08:00,253.66114807128906,12.01613998413086,9.7158203125,12.120575904846191,0.16863885521888733,388.5,3.631999969482422,2.046999931335449,1297.699951171875,516.796875,1.8757812976837158,0.9763962030410767,1515.0,516.796875,2.10546875,1.1131319999694824,1533.0
2026-09-11T19:39:00.000+08:00,nan,12.00783920288086,9.70849609375,nan,nan,388.3999938964844,3.615000009536743,2.0450000762939453,1297.699951171875,516.796875,1.8757812976837158,0.9821832180023193,1515.0,516.796875,2.143749952316284,1.1183807849884033,1533.0
2026-09-11T19:40:00.000+08:00,250.95545959472656,12.033226013183594,9.72265625,11.579363346099854,0.1770166978240013,388.3999938964844,3.61899995803833,2.0429999828338623,1297.800048828125,516.796875,1.8757812976837158,0.9684557914733887,1515.0,516.796875,2.143749952316284,1.118919014930725,1533.0
2026-09-11T19:41:00.000+08:00,245.9573516845703,12.026176452636719,9.7158203125,11.587678909301758,0.1775161325931549,388.5,3.6110000610351562,2.0439999103546143,1297.800048828125,516.796875,1.8757812976837158,0.9813757538795471,1515.0,516.796875,2.143749952316284,1.1139395236968994,1533.0
2026-09-11T19:42:00.000+08:00,251.2716522216797,12.009693145751953,9.736328125,11.40173053741455,0.17979726195335388,388.6000061035156,3.621999979019165,2.0510001182556152,1297.800048828125,516.796875,1.8757812976837158,0.9754540920257568,1515.0,516.796875,2.143749952316284,1.1169003248214722,1533.0
2026-09-11T19:43:00.000+08:00,248.50393676757812,12.035087585449219,9.722412109375,11.201791763305664,0.18300645053386688,388.5,3.624000072479248,2.049999952316284,1297.9000244140625,516.796875,1.8757812976837158,0.9742428660392761,1515.0,516.796875,2.143749952316284,1.1163619756698608,1533.0
2026-09-11T19:44:00.000+08:00,257.64434814453125,12.012771606445312,9.736328125,11.69594955444336,0.1751033514738083,388.70001220703125,3.625,2.0510001182556152,1297.9000244140625,516.796875,1.8757812976837158,0.9792224168777466,1515.0,516.796875,2.10546875,1.1131319999694824,1533.0
2026-09-11T19:45:00.000+08:00,259.453369140625,11.977043151855469,9.632080078125,11.429150581359863,0.17945340275764465,388.70001220703125,3.635999917984009,2.063999891281128,1297.9000244140625,520.3125,1.8757812976837158,0.9759924411773682,1515.0,516.796875,2.143749952316284,1.1144778728485107,1533.0
2026-09-11T19:46:00.000+08:00,253.22206115722656,11.961585998535156,9.7294921875,11.25590991973877,0.18150465190410614,388.8999938964844,3.625,2.058000087738037,1298.0,520.3125,1.8757812976837158,0.9784148931503296,1515.0,520.3125,2.143749952316284,1.1222835779190063,1533.0
2026-09-11T19:47:00.000+08:00,258.9950866699219,11.97775650024414,9.736328125,11.985543251037598,0.17095595598220825,388.8999938964844,3.6389999389648438,2.062000036239624,1298.0,520.3125,1.8757812976837158,0.9796261787414551,1515.0,516.796875,2.143749952316284,1.119861125946045,1533.0
2026-09-11T19:48:00.000+08:00,262.49560546875,11.96645736694336,9.694580078125,11.908864974975586,0.1726444959640503,388.70001220703125,3.6429998874664307,2.059000015258789,1298.0,520.3125,1.8757812976837158,0.9879702925682068,1515.0,516.796875,2.143749952316284,1.1156890392303467,1533.0
2026-09-11T19:49:00.000+08:00,259.8160705566406,11.93927001953125,9.6875,11.733161926269531,0.17514459788799286,388.70001220703125,3.6679999828338623,2.059999942779541,1298.0999755859375,520.3125,1.837499976158142,0.9734353423118591,1515.0,516.796875,2.143749952316284,1.118649959564209,1533.0
2026-09-11T19:50:00.000+08:00,258.4555969238281,11.954242706298828,9.7431640625,11.280560493469238,0.1812853217124939,388.8999938964844,3.6480000019073486,2.052999973297119,1298.0999755859375,520.3125,1.8757812976837158,0.9796261787414551,1515.0,516.796875,2.143749952316284,1.1210724115371704,1533.0
2026-09-11T19:51:00.000+08:00,265.6085205078125,11.958511352539062,9.722412109375,12.203338623046875,0.16897015273571014,389.0,3.6440000534057617,2.052999973297119,1298.0999755859375,520.3125,1.8757812976837158,0.9809719920158386,1515.0,520.3125,2.143749952316284,1.1222835779190063,1533.0
2026-09-11T19:52:00.000+08:00,263.4471740722656,11.992626190185547,9.66015625,11.29918384552002,0.1822255551815033,389.0,3.634000062942505,2.062000036239624,1298.199951171875,520.3125,1.8757812976837158,0.9800298810005188,1515.0,520.3125,2.143749952316284,1.1240332126617432,1533.0
2026-09-11T19:53:00.000+08:00,261.3019104003906,11.94504165649414,9.6875,12.276423454284668,0.16853442788124084,388.8999938964844,3.6510000228881836,2.068000078201294,1298.199951171875,520.3125,1.837499976158142,0.9738391041755676,1515.0,516.796875,2.143749952316284,1.118649959564209,1533.0
2026-09-11T19:54:00.000+08:00,268.6607666015625,11.963741302490234,9.708251953125,11.751983642578125,0.174779012799263,388.5,3.640000104904175,2.0490000247955322,1298.199951171875,516.796875,1.8757812976837158,0.9763962030410767,1515.0,516.796875,2.10546875,1.112728238105774,1533.0
2026-09-11T19:55:00.000+08:00,261.8232727050781,11.96524429321289,9.72265625,11.586557388305664,0.17675656080245972,388.5,3.640000104904175,2.055000066757202,1298.300048828125,516.796875,1.8757812976837158,0.9776074290275574,1515.0,516.796875,2.143749952316284,1.1177078485488892,1533.0
2026-09-11T19:56:00.000+08:00,267.5707092285156,11.971023559570312,9.7431640625,12.189802169799805,0.16825540363788605,388.3999938964844,3.6459999084472656,2.0460000038146973,1298.300048828125,516.796875,1.8757812976837158,0.9788186550140381,1515.0,516.796875,2.10546875,1.1139395236968994,1533.0
2026-09-11T19:57:00.000+08:00,265.1687927246094,11.951774597167969,9.722412109375,11.37483024597168,0.18074995279312134,388.3999938964844,3.63700008392334,2.049999952316284,1298.300048828125,516.796875,1.837499976158142,0.9722241163253784,1515.0,516.796875,2.143749952316284,1.1171694993972778,1533.0
2026-09-11T19:58:00.000+08:00,259.3771667480469,11.997791290283203,9.6806640625,11.57081413269043,0.17708347737789154,388.29998779296875,3.6389999389648438,2.0399999618530273,1298.4000244140625,516.796875,1.8757812976837158,0.9742428660392761,1515.0,516.796875,2.143749952316284,1.114208698272705,1533.0
2026-09-11T19:59:00.000+08:00,260.1495666503906,11.938056945800781,9.736328125,11.59625244140625,0.17678125202655792,388.20001220703125,3.6449999809265137,2.052000045776367,1298.4000244140625,516.796875,1.837499976158142,0.9718203544616699,1515.0,516.796875,2.10546875,1.114208698272705,1533.0
2026-09-11T20:00:00.000+08:00,260.0692443847656,11.954242706298828,9.694580078125,11.680758476257324,0.17541669309139252,388.0,3.63700008392334,2.052000045776367,1298.4000244140625,516.796875,1.8757812976837158,0.9772036671638489,1515.0,516.796875,2.10546875,1.1120553016662598,1533.0
2026-09-11T20:01:00.000+08:00,263.9641418457031,11.944141387939453,9.7431640625,11.754460334777832,0.17355114221572876,388.0,3.615999937057495,2.046999931335449,1298.5,516.796875,1.837499976158142,0.9714166522026062,1515.0,516.796875,2.143749952316284,1.1132665872573853,1533.0
2026-09-11T20:02:00.000+08:00,263.9635925292969,11.993522644042969,9.6669921875,11.583416938781738,0.17559586465358734,388.0,3.627000093460083,2.046999931335449,1298.5,516.796875,1.837499976158142,0.9684557914733887,1515.0,516.796875,2.10546875,1.1033074855804443,1533.0
2026-09-11T20:03:00.000+08:00,256.15087890625,11.942638397216797,9.736328125,12.020305633544922,0.169546440243721,388.1000061035156,3.638000011444092,2.0409998893737793,1298.5,516.796875,1.837499976158142,0.9734353423118591,1515.0,516.796875,2.143749952316284,1.1132665872573853,1533.0
2026-09-11T20:04:00.000+08:00,258.3269958496094,11.967357635498047,9.72265625,11.737515449523926,0.1748240441083908,388.1000061035156,3.6080000400543213,2.0409998893737793,1298.5999755859375,516.796875,1.837499976158142,0.9710128903388977,1515.0,516.796875,2.143749952316284,1.112593650817871,1533.0
2026-09-11T20:05:00.000+08:00,257.0990905761719,12.04025650024414,9.729248046875,11.70458984375,0.17497409880161285,388.0,3.630000114440918,2.0450000762939453,1298.5999755859375,516.796875,1.837499976158142,0.9684557914733887,1515.0,516.796875,2.10546875,1.1082870960235596,1533.0
2026-09-11T20:06:00.000+08:00,254.87998962402344,12.040569305419922,9.722412109375,11.650769233703613,0.1758682131767273,388.1000061035156,3.638000011444092,2.0480000972747803,1298.5999755859375,516.796875,1.837499976158142,0.9688595533370972,1515.0,516.796875,2.143749952316284,1.116227388381958,1533.0
2026-09-11T20:07:00.000+08:00,259.11834716796875,12.009403228759766,9.736328125,11.96027946472168,0.1703137457370758,388.3999938964844,3.6040000915527344,2.0380001068115234,1298.699951171875,516.796875,1.8757812976837158,0.9742428660392761,1515.0,516.796875,2.143749952316284,1.115016222000122,1533.0
2026-09-11T20:08:00.000+08:00,256.8475036621094,11.956043243408203,9.7431640625,11.418540954589844,0.178744375705719,388.3999938964844,3.624000072479248,2.055999994277954,1298.699951171875,516.796875,1.837499976158142,0.9684557914733887,1515.0,516.796875,2.10546875,1.1105749607086182,1533.0
2026-09-11T20:09:00.000+08:00,263.6584167480469,11.957321166992188,9.729248046875,11.504570007324219,0.17784236371517181,388.29998779296875,3.618000030517578,2.0409998893737793,1298.699951171875,516.796875,1.837499976158142,0.9742428660392761,1515.0,516.796875,2.143749952316284,1.115419864654541,1533.0
2026-09-11T20:10:00.000+08:00,255.8958740234375,11.997791290283203,9.673828125,11.225723266601562,0.18350709974765778,388.5,3.6449999809265137,2.065000057220459,1298.800048828125,516.796875,1.837499976158142,0.9730316400527954,1515.0,516.796875,2.143749952316284,1.115150809288025,1533.0
2026-09-11T20:11:00.000+08:00,261.1039123535156,11.984676361083984,9.66015625,12.237082481384277,0.16695156693458557,388.3999938964844,3.6110000610351562,2.0450000762939453,1298.800048828125,516.796875,1.8757812976837158,0.9746466279029846,1515.0,516.796875,2.143749952316284,1.113535761833191,1533.0
2026-09-11T20:12:00.000+08:00,260.9315490722656,11.995994567871094,9.64599609375,11.681825637817383,0.17480143904685974,388.70001220703125,3.634999990463257,2.053999900817871,1298.9000244140625,516.796875,1.8757812976837158,0.9767999053001404,1515.0,516.796875,2.143749952316284,1.1131319999694824,1533.0
2026-09-11T20:13:00.000+08:00,261.19476318359375,11.93865966796875,9.6875,11.600456237792969,0.17559653520584106,388.79998779296875,3.6700000762939453,2.055999994277954,1298.9000244140625,520.3125,1.8757812976837158,0.9859515428543091,1515.0,516.796875,2.10546875,1.1136703491210938,1533.0
2026-09-11T20:14:00.000+08:00,261.942626953125,11.958221435546875,9.625,11.780860900878906,0.17477500438690186,388.8999938964844,3.6640000343322754,2.052999973297119,1298.9000244140625,520.3125,1.8757812976837158,0.9825869798660278,1515.0,516.796875,2.143749952316284,1.1166311502456665,1533.0
2026-09-11T20:15:00.000+08:00,263.88287353515625,11.962776184082031,9.722412109375,12.115865707397461,0.16911709308624268,388.79998779296875,3.6710000038146973,2.052999973297119,1299.0,520.3125,1.837499976158142,0.9696670770645142,1515.0,516.796875,2.143749952316284,1.1160928010940552,1533.0
2026-09-11T20:16:00.000+08:00,254.7899169921875,12.04910659790039,9.722412109375,11.449505805969238,0.1780862957239151,388.79998779296875,3.6679999828338623,2.055999994277954,1299.0,520.3125,1.8757812976837158,0.9825869798660278,1515.0,516.796875,2.143749952316284,1.1128628253936768,1533.0
2026-09-11T20:17:00.000+08:00,257.429931640625,12.029254913330078,9.7431640625,11.647890090942383,0.17694191634655,388.79998779296875,3.6659998893737793,2.063999891281128,1299.0,520.3125,1.8757812976837158,0.9772036671638489,1515.0,520.3125,2.143749952316284,1.1248407363891602,1533.0
2026-09-11T20:18:00.000+08:00,254.39724731445312,11.962486267089844,9.6875,11.958867073059082,0.16991397738456726,389.0,3.6510000228881836,2.055000066757202,1299.0999755859375,520.3125,1.8757812976837158,0.9813757538795471,1516.0,520.3125,2.143749952316284,1.1253790855407715,1533.0
2026-09-11T20:19:00.000+08:00,251.21710205078125,12.014945983886719,9.7431640625,11.478373527526855,0.17877097427845,389.0,3.6519999504089355,2.049999952316284,1299.0999755859375,520.3125,1.8757812976837158,0.9813757538795471,1516.0,520.3125,2.10546875,1.1128628253936768,1533.0
2026-09-11T20:20:00.000+08:00,256.81121826171875,11.954853057861328,9.7294921875,11.721884727478027,0.17616620659828186,388.79998779296875,3.6610000133514404,2.049999952316284,1299.0999755859375,520.3125,1.8757812976837158,0.9817794561386108,1516.0,516.796875,2.143749952316284,1.1173040866851807,1533.0
2026-09-11T20:21:00.000+08:00,260.5309143066406,11.963092803955078,9.71533203125,12.241995811462402,0.1685182750225067,388.8999938964844,3.6530001163482666,2.0420000553131104,1299.199951171875,520.3125,1.8757812976837158,0.9859515428543091,1516.0,520.3125,2.143749952316284,1.119053602218628,1533.0
2026-09-11T20:22:00.000+08:00,259.092041015625,11.880592346191406,9.611328125,11.346089363098145,0.18085527420043945,388.6000061035156,3.6559998989105225,2.0510001182556152,1299.199951171875,520.3125,1.8757812976837158,0.9809719920158386,1516.0,516.796875,2.143749952316284,1.1193227767944336,1533.0
2026-09-11T20:23:00.000+08:00,263.1451416015625,11.809890747070312,9.382080078125,12.33549690246582,0.16610600054264069,388.70001220703125,3.6410000324249268,2.0510001182556152,1299.199951171875,520.3125,1.8757812976837158,0.9809719920158386,1516.0,520.3125,2.143749952316284,1.1173040866851807,1533.0
2026-09-11T20:24:00.000+08:00,260.7137145996094,11.741233825683594,9.354248046875,12.3218412399292,0.16629008948802948,389.1000061035156,3.690999984741211,2.062000036239624,1299.300048828125,520.3125,1.8757812976837158,0.9837982058525085,1516.0,520.3125,2.143749952316284,1.115419864654541,1533.0
2026-09-11T20:25:00.000+08:00,255.27821350097656,11.711219787597656,9.34765625,12.14638900756836,0.17042101919651031,389.1000061035156,3.6480000019073486,2.059000015258789,1299.300048828125,520.3125,1.8757812976837158,0.9767999053001404,1516.0,520.3125,2.143749952316284,1.1283398866653442,1533.0
2026-09-11T20:26:00.000+08:00,253.93911743164062,11.754444122314453,9.326416015625,12.3589448928833,0.16570992767810822,389.0,3.631999969482422,2.053999900817871,1299.300048828125,520.3125,1.8757812976837158,0.9792224168777466,1516.0,520.3125,2.143749952316284,1.1245715618133545,1534.0
2026-09-11T20:27:00.000+08:00,249.06533813476562,11.780498504638672,9.3681640625,11.94812297821045,0.17241202294826508,389.1000061035156,3.6659998893737793,2.061000108718872,1299.4000244140625,520.3125,1.8757812976837158,0.9763962030410767,1516.0,520.3125,2.143749952316284,1.1183807849884033,1534.0
2026-09-11T20:28:00.000+08:00,246.94918823242188,11.889915466308594,9.347412109375,11.870345115661621,0.17337322235107422,389.20001220703125,3.6760001182556152,2.069999933242798,1299.4000244140625,520.3125,1.8757812976837158,0.9796261787414551,1516.0,520.3125,2.143749952316284,1.1183807849884033,1534.0
2026-09-11T20:29:00.000+08:00,233.22320556640625,11.905498504638672,9.3125,11.487458229064941,0.179848313331604,389.29998779296875,3.6659998893737793,2.075000047683716,1299.4000244140625,520.3125,1.8757812976837158,0.9833944439888,1516.0,520.3125,2.143749952316284,1.1287436485290527,1534.0
2026-09-11T20:30:00.000+08:00,233.19500732421875,11.963016510009766,9.375,11.692946434020996,0.17660218477249146,389.3999938964844,3.6659998893737793,2.062999963760376,1299.5,520.3125,1.8757812976837158,0.9837982058525085,1516.0,520.3125,2.143749952316284,1.1243023872375488,1534.0
2026-09-11T20:31:00.000+08:00,229.58970642089844,11.965343475341797,9.4306640625,11.704256057739258,0.17660242319107056,389.3999938964844,3.680000066757202,2.072999954223633,1299.5,520.3125,1.8757812976837158,0.9825869798660278,1516.0,520.3125,2.143749952316284,1.1267248392105103,1534.0
2026-09-11T20:32:00.000+08:00,225.6709747314453,11.987262725830078,9.3544921875,11.278079986572266,0.18194586038589478,388.70001220703125,3.6410000324249268,2.055000066757202,1299.5,516.796875,1.837499976158142,0.9746466279029846,1516.0,516.796875,2.143749952316284,1.1160928010940552,1534.0
2026-09-11T20:33:00.000+08:00,225.04481506347656,12.003135681152344,9.361328125,11.489425659179688,0.17894716560840607,388.79998779296875,3.681999921798706,2.072000026702881,1299.5999755859375,520.3125,1.8757812976837158,0.9772036671638489,1516.0,520.3125,2.143749952316284,1.1173040866851807,1534.0
2026-09-11T20:34:00.000+08:00,221.49658203125,12.096824645996094,9.375,11.857686996459961,0.17296797037124634,388.5,3.6510000228881836,2.0450000762939453,1299.5999755859375,516.796875,1.837499976158142,0.9726278781890869,1516.0,516.796875,2.143749952316284,1.118919014930725,1534.0
2026-09-11T20:35:00.000+08:00,218.3280487060547,12.07900619506836,9.375,11.222671508789062,0.1820422112941742,388.70001220703125,3.6649999618530273,2.062000036239624,1299.5999755859375,516.796875,1.8757812976837158,0.9767999053001404,1516.0,516.796875,2.143749952316284,1.118649959564209,1534.0
2026-09-11T20:36:00.000+08:00,217.28665161132812,12.09768295288086,9.416748046875,11.548748016357422,0.17802794277668,388.3999938964844,3.622999906539917,2.0460000038146973,1299.699951171875,516.796875,1.8757812976837158,0.9800298810005188,1516.0,516.796875,2.143749952316284,1.1159582138061523,1534.0
2026-09-11T20:37:00.000+08:00,217.14137268066406,12.08975601196289,9.416748046875,11.710719108581543,0.1743701696395874,388.6000061035156,3.630000114440918,2.0510001182556152,1299.699951171875,516.796875,1.8757812976837158,0.9792224168777466,1516.0,516.796875,2.10546875,1.1131319999694824,1534.0
2026-09-11T20:38:00.000+08:00,nan,12.1785888671875,9.382080078125,nan,nan,388.70001220703125,3.635999917984009,2.052999973297119,1299.699951171875,520.3125,1.8757812976837158,0.9883739948272705,1516.0,516.796875,2.143749952316284,1.1222835779190063,1534.0
2026-09-11T20:39:00.000+08:00,213.06185913085938,12.0673828125,9.409912109375,11.5677809715271,0.17764880508184433,388.70001220703125,3.625,2.0490000247955322,1299.800048828125,516.796875,1.8757812976837158,0.9767999053001404,1516.0,516.796875,2.143749952316284,1.1144778728485107,1534.0
2026-09-11T20:40:00.000+08:00,208.22203063964844,12.168128967285156,9.382080078125,11.023877143859863,0.1856878399848938,388.70001220703125,3.625,2.0490000247955322,1299.800048828125,520.3125,1.837499976158142,0.9742428660392761,1516.0,516.796875,2.143749952316284,1.1160928010940552,1534.0
2026-09-11T20:41:00.000+08:00,213.93411254882812,12.175788879394531,9.4033203125,11.269246101379395,0.18270964920520782,388.6000061035156,3.627000093460083,2.055999994277954,1299.800048828125,516.796875,1.8757812976837158,0.984201967716217,1516.0,516.796875,2.143749952316284,1.1181116104125977,1534.0
2026-09-11T20:42:00.000+08:00,217.46255493164062,12.159324645996094,9.4169921875,11.855535507202148,0.17342109978199005,388.79998779296875,3.6570000648498535,2.065999984741211,1299.9000244140625,520.3125,1.837499976158142,0.9746466279029846,1516.0,516.796875,2.143749952316284,1.119053602218628,1534.0
2026-09-11T20:43:00.000+08:00,216.15843200683594,12.079597473144531,9.4306640625,11.908696174621582,0.1721431165933609,388.79998779296875,3.6579999923706055,2.059999942779541,1299.9000244140625,520.3125,1.8757812976837158,0.9796261787414551,1516.0,520.3125,2.143749952316284,1.118649959564209,1534.0
2026-09-11T20:44:00.000+08:00,217.08636474609375,12.015918731689453,9.4306640625,11.65438461303711,0.17598526179790497,388.6000061035156,3.621999979019165,2.0490000247955322,1299.9000244140625,516.796875,1.8757812976837158,0.9867590069770813,1516.0,516.796875,2.143749952316284,1.1156890392303467,1534.0
2026-09-11T20:45:00.000+08:00,222.71539306640625,12.01137924194336,9.4033203125,11.498257637023926,0.1791575700044632,388.70001220703125,3.6389999389648438,2.0490000247955322,1300.0,520.3125,1.837499976158142,0.9730316400527954,1516.0,516.796875,2.143749952316284,1.1173040866851807,1534.0
2026-09-11T20:46:00.000+08:00,222.06956481933594,12.00625228881836,9.4033203125,11.366066932678223,0.18106526136398315,388.79998779296875,3.634999990463257,2.0480000972747803,1300.0,520.3125,1.8757812976837158,0.9800298810005188,1516.0,520.3125,2.143749952316284,1.1216107606887817,1534.0
2026-09-11T20:47:00.000+08:00,223.01861572265625,12.013416290283203,9.375,11.509581565856934,0.1778518259525299,388.70001220703125,3.6589999198913574,2.062000036239624,1300.0,520.3125,1.8757812976837158,0.9772036671638489,1516.0,516.796875,2.143749952316284,1.1148816347122192,1534.0
2026-09-11T20:48:00.000+08:00,224.66111755371094,12.106639862060547,9.486328125,11.794276237487793,0.17398269474506378,388.8999938964844,3.63700008392334,2.0460000038146973,1300.0999755859375,520.3125,1.8757812976837158,0.9825869798660278,1516.0,516.796875,2.143749952316284,1.115419864654541,1534.0
2026-09-11T20:49:00.000+08:00,227.89129638671875,12.031356811523438,9.4658203125,11.41167163848877,0.18007877469062805,389.20001220703125,3.6470000743865967,2.062000036239624,1300.0999755859375,520.3125,1.8757812976837158,0.9808374047279358,1516.0,520.3125,2.143749952316284,1.1275323629379272,1534.0
2026-09-11T20:50:00.000+08:00,227.7548065185547,12.036796569824219,9.451416015625,11.881909370422363,0.17303615808486938,389.3999938964844,3.6600000858306885,2.071000099182129,1300.199951171875,520.3125,1.8757812976837158,0.9800298810005188,1516.0,520.3125,2.143749952316284,1.120534062385559,1534.0
2026-09-11T20:51:00.000+08:00,227.83984375,12.040458679199219,9.444580078125,11.897951126098633,0.1732230931520462,389.5,3.6610000133514404,2.069000005722046,1300.199951171875,520.3125,1.8757812976837158,0.9800298810005188,1516.0,520.3125,2.143749952316284,1.1247061491012573,1534.0
2026-09-11T20:52:00.000+08:00,233.08128356933594,12.103858947753906,9.472412109375,11.649368286132812,0.17760619521141052,389.5,3.6449999809265137,2.061000108718872,1300.199951171875,520.3125,1.8757812976837158,0.9804336428642273,1516.0,520.3125,2.143749952316284,1.1234948635101318,1534.0
2026-09-11T20:53:00.000+08:00,230.85118103027344,12.057086944580078,9.382080078125,12.078566551208496,0.1703016757965088,389.6000061035156,3.6610000133514404,2.075000047683716,1300.300048828125,520.3125,1.8757812976837158,0.9891815185546875,1516.0,520.3125,2.143749952316284,1.1272631883621216,1534.0
2026-09-11T20:54:00.000+08:00,224.27685546875,12.084571838378906,9.472412109375,11.661490440368652,0.1780218482017517,389.70001220703125,3.6649999618530273,2.075000047683716,1300.300048828125,520.3125,1.8757812976837158,0.9867590069770813,1516.0,520.3125,2.143749952316284,1.12766695022583,1534.0
2026-09-11T20:55:00.000+08:00,221.92002868652344,12.03591537475586,9.479248046875,11.649148941040039,0.17803876101970673,389.5,3.681999921798706,2.062999963760376,1300.300048828125,520.3125,1.8757812976837158,0.9829907417297363,1516.0,520.3125,2.143749952316284,1.1222835779190063,1534.0
2026-09-11T20:56:00.000+08:00,230.197021484375,12.106929779052734,9.479248046875,11.625467300415039,0.1772831827402115,389.70001220703125,3.677999973297119,2.069000005722046,1300.4000244140625,520.3125,1.8757812976837158,0.988777756690979,1516.0,520.3125,2.143749952316284,1.1252444982528687,1534.0
2026-09-11T20:57:00.000+08:00,224.90855407714844,12.119144439697266,9.47265625,11.496648788452148,0.18032091856002808,389.6000061035156,3.677999973297119,2.071000099182129,1300.4000244140625,520.3125,1.8757812976837158,0.9867590069770813,1516.0,520.3125,2.143749952316284,1.1272631883621216,1534.0
2026-09-11T20:58:00.000+08:00,226.47940063476562,12.081043243408203,9.53515625,11.847529411315918,0.17421354353427887,389.6000061035156,3.677000045776367,2.072000026702881,1300.4000244140625,520.3125,1.8757812976837158,0.9883739948272705,1516.0,520.3125,2.143749952316284,1.1302239894866943,1534.0
2026-09-11T20:59:00.000+08:00,232.60693359375,12.044139862060547,9.444580078125,11.873934745788574,0.17449986934661865,389.6000061035156,3.6570000648498535,2.066999912261963,1300.5,520.3125,1.8757812976837158,0.9854131937026978,1516.0,520.3125,2.143749952316284,1.1252444982528687,1534.0
2026-09-11T21:00:00.000+08:00,232.80340576171875,12.001781463623047,9.548828125,11.926359176635742,0.17289434373378754,389.6000061035156,3.6659998893737793,2.062000036239624,1300.5,520.3125,1.8757812976837158,0.9854131937026978,1516.0,520.3125,2.143749952316284,1.1264556646347046,1534.0
2026-09-11T21:01:00.000+08:00,233.02516174316406,11.915458679199219,9.486328125,12.120512008666992,0.1715274155139923,389.5,3.6600000858306885,2.065000057220459,1300.5,520.3125,1.8757812976837158,0.9850094318389893,1516.0,520.3125,2.143749952316284,1.1222835779190063,1534.0
2026-09-11T21:02:00.000+08:00,280.67474365234375,11.503429412841797,9.41015625,13.343818664550781,0.15497812628746033,389.3999938964844,3.6500000953674316,2.056999921798706,1300.5999755859375,520.3125,1.8757812976837158,0.9821832180023193,1516.0,520.3125,2.143749952316284,1.122552752494812,1534.0
2026-09-11T21:03:00.000+08:00,307.0290222167969,12.08205795288086,10.673828125,13.053786277770996,0.15811504423618317,389.5,3.6429998874664307,2.063999891281128,1300.5999755859375,520.3125,1.8757812976837158,0.9875665307044983,1516.0,520.3125,2.143749952316284,1.1222835779190063,1534.0
2026-09-11T21:04:00.000+08:00,249.81849670410156,13.64523696899414,11.1181640625,7.2226243019104,0.28590717911720276,389.8999938964844,3.6610000133514404,2.066999912261963,1300.5999755859375,520.3125,1.8757812976837158,0.9867590069770813,1516.0,520.3125,2.143749952316284,1.1256481409072876,1534.0
2026-09-11T21:05:00.000+08:00,155.30859375,13.827384948730469,11.069580078125,7.386620998382568,0.27928873896598816,389.70001220703125,3.6670000553131104,2.069000005722046,1300.699951171875,520.3125,1.8757812976837158,0.9812411665916443,1516.0,520.3125,2.143749952316284,1.1194573640823364,1534.0
2026-09-11T21:06:00.000+08:00,152.26246643066406,13.632736206054688,10.78515625,8.246103286743164,0.24993622303009033,389.70001220703125,3.6519999504089355,2.062000036239624,1300.699951171875,520.3125,1.8757812976837158,0.9846057295799255,1516.0,520.3125,2.143749952316284,1.1177078485488892,1534.0
2026-09-11T21:07:00.000+08:00,170.70321655273438,13.234210968017578,10.1806640625,9.556838035583496,0.2156571000814438,389.79998779296875,3.694000005722046,2.071000099182129,1300.699951171875,520.3125,1.8757812976837158,0.9909310936927795,1516.0,520.3125,2.143749952316284,1.1252444982528687,1534.0
2026-09-11T21:08:00.000+08:00,175.92681884765625,12.592086791992188,9.388916015625,10.200334548950195,0.20254236459732056,388.79998779296875,3.63100004196167,2.0510001182556152,1300.800048828125,516.796875,1.8757812976837158,0.9776074290275574,1516.0,516.796875,2.10546875,1.1119208335876465,1534.0
2026-09-11T21:09:00.000+08:00,181.312255859375,12.389328002929688,9.3125,11.62500286102295,0.17686016857624054,388.6000061035156,3.6419999599456787,2.056999921798706,1300.800048828125,516.796875,1.8757812976837158,0.9829907417297363,1516.0,516.796875,2.143749952316284,1.1156890392303467,1534.0
2026-09-11T21:10:00.000+08:00,185.84674072265625,12.381397247314453,9.3408203125,11.15412425994873,0.1842367947101593,388.3999938964844,3.634999990463257,2.052000045776367,1300.800048828125,516.796875,1.837499976158142,0.9684557914733887,1516.0,516.796875,2.143749952316284,1.1147470474243164,1534.0
2026-09-11T21:11:00.000+08:00,183.74639892578125,12.312759399414062,9.25,11.145889282226562,0.1850009262561798,388.3999938964844,3.627000093460083,2.0439999103546143,1300.9000244140625,516.796875,1.8757812976837158,0.9750503301620483,1516.0,516.796875,2.143749952316284,1.119726538658142,1534.0
2026-09-11T21:12:00.000+08:00,183.86512756347656,12.287254333496094,9.2431640625,11.426228523254395,0.17993688583374023,388.3999938964844,3.634000062942505,2.049999952316284,1300.9000244140625,516.796875,1.837499976158142,0.9742428660392761,1516.0,516.796875,2.143749952316284,1.1159582138061523,1534.0
2026-09-11T21:13:00.000+08:00,185.91043090820312,12.287128448486328,9.3056640625,11.28115463256836,0.18136441707611084,388.3999938964844,3.634999990463257,2.053999900817871,1300.9000244140625,516.796875,1.837499976158142,0.9722241163253784,1516.0,516.796875,2.10546875,1.113535761833191,1534.0
2026-09-11T21:14:00.000+08:00,183.7843780517578,12.392242431640625,9.444580078125,10.937312126159668,0.1869746297597885,388.6000061035156,3.5959999561309814,2.0399999618530273,1301.0,516.796875,1.837499976158142,0.9776074290275574,1516.0,516.796875,2.143749952316284,1.115150809288025,1534.0
2026-09-11T21:15:00.000+08:00,184.98345947265625,12.49942398071289,9.53515625,10.718682289123535,0.19209451973438263,388.29998779296875,3.617000102996826,2.0429999828338623,1301.0,516.796875,1.8757812976837158,0.9780111908912659,1516.0,516.796875,2.10546875,1.1109787225723267,1534.0
2026-09-11T21:16:00.000+08:00,189.5236358642578,12.538223266601562,9.59765625,11.046422958374023,0.1857614815235138,388.79998779296875,3.627000093460083,2.0490000247955322,1301.0,520.3125,1.8757812976837158,0.9817794561386108,1516.0,516.796875,2.143749952316284,1.1230911016464233,1534.0
2026-09-11T21:17:00.000+08:00,188.93768310546875,12.613048553466797,9.673828125,11.135883331298828,0.18516717851161957,388.5,3.617000102996826,2.0490000247955322,1301.0999755859375,516.796875,1.8757812976837158,0.9759924411773682,1516.0,516.796875,2.143749952316284,1.1159582138061523,1534.0
2026-09-11T21:18:00.000+08:00,188.1713104248047,12.526058197021484,9.6669921875,10.704419136047363,0.1912294328212738,388.79998779296875,3.638000011444092,2.055999994277954,1301.0999755859375,520.3125,1.8757812976837158,0.9817794561386108,1516.0,516.796875,2.143749952316284,1.1169003248214722,1534.0
2026-09-11T21:19:00.000+08:00,188.78659057617188,12.53466796875,9.673828125,11.002936363220215,0.18658655881881714,388.5,3.634999990463257,2.052999973297119,1301.0999755859375,516.796875,1.837499976158142,0.9676483273506165,1517.0,516.796875,2.143749952316284,1.1163619756698608,1535.0
2026-09-11T21:20:00.000+08:00,192.385498046875,12.604694366455078,9.6044921875,11.195711135864258,0.18337379395961761,388.29998779296875,3.618000030517578,2.046999931335449,1301.199951171875,516.796875,1.837499976158142,0.968052089214325,1517.0,516.796875,2.10546875,1.1117862462997437,1535.0
2026-09-11T21:21:00.000+08:00,188.9241180419922,12.558242797851562,9.520751953125,11.266009330749512,0.18125317990779877,388.3999938964844,3.6050000190734863,2.0399999618530273,1301.199951171875,516.796875,1.8757812976837158,0.9759924411773682,1517.0,516.796875,2.143749952316284,1.1191881895065308,1535.0
2026-09-11T21:22:00.000+08:00,191.16224670410156,12.47530746459961,9.534912109375,10.97122859954834,0.18703466653823853,388.3999938964844,3.6059999465942383,2.0429999828338623,1301.300048828125,516.796875,1.837499976158142,0.9730316400527954,1517.0,516.796875,2.143749952316284,1.1147470474243164,1535.0
2026-09-11T21:23:00.000+08:00,191.9431915283203,12.494564056396484,9.548828125,11.461907386779785,0.17867881059646606,388.5,3.6029999256134033,2.0399999618530273,1301.300048828125,516.796875,1.8757812976837158,0.9772036671638489,1517.0,516.796875,2.10546875,1.1097674369812012,1535.0
2026-09-11T21:24:00.000+08:00,189.1720428466797,12.46529769897461,9.5419921875,11.005813598632812,0.18526571989059448,388.3999938964844,3.6070001125335693,2.0450000762939453,1301.300048828125,516.796875,1.8757812976837158,0.9784148931503296,1517.0,516.796875,2.143749952316284,1.1191881895065308,1535.0
2026-09-11T21:25:00.000+08:00,187.5269012451172,12.467376708984375,9.548828125,10.939297676086426,0.187397763133049,388.70001220703125,3.614000082015991,2.056999921798706,1301.4000244140625,516.796875,1.837499976158142,0.9714166522026062,1517.0,516.796875,2.143749952316284,1.1226873397827148,1535.0
2026-09-11T21:26:00.000+08:00,189.84483337402344,12.440895080566406,9.611328125,11.021462440490723,0.18654511868953705,389.1000061035156,3.611999988555908,2.055000066757202,1301.4000244140625,516.796875,1.8757812976837158,0.9796261787414551,1517.0,516.796875,2.143749952316284,1.1160928010940552,1535.0
2026-09-11T21:27:00.000+08:00,191.6614227294922,12.557361602783203,9.520751953125,11.46354866027832,0.17978724837303162,388.6000061035156,3.6019999980926514,2.0460000038146973,1301.4000244140625,516.796875,1.8757812976837158,0.9813757538795471,1517.0,516.796875,2.10546875,1.1101711988449097,1535.0
2026-09-11T21:28:00.000+08:00,190.4041748046875,12.468677520751953,9.5625,11.339972496032715,0.18121737241744995,388.8999938964844,3.5959999561309814,2.0439999103546143,1301.5,520.3125,1.8757812976837158,0.9817794561386108,1517.0,516.796875,2.143749952316284,1.1156890392303467,1535.0
2026-09-11T21:29:00.000+08:00,194.10952758789062,12.537635803222656,9.6181640625,10.994827270507812,0.18672417104244232,388.79998779296875,3.6010000705718994,2.0460000038146973,1301.5,516.796875,1.8757812976837158,0.9754540920257568,1517.0,516.796875,2.143749952316284,1.1201303005218506,1535.0
2026-09-11T21:30:00.000+08:00,191.07044982910156,12.526321411132812,9.59033203125,10.80204963684082,0.1907045543193817,389.0,3.6080000400543213,2.049999952316284,1301.5,520.3125,1.8757812976837158,0.9772036671638489,1517.0,516.796875,2.10546875,1.118649959564209,1535.0
2026-09-11T21:31:00.000+08:00,193.1228790283203,12.492496490478516,9.576416015625,11.145715713500977,0.18536271154880524,389.0,3.6070001125335693,2.052999973297119,1301.5999755859375,516.796875,1.8757812976837158,0.9829907417297363,1517.0,516.796875,2.143749952316284,1.1210724115371704,1535.0
2026-09-11T21:32:00.000+08:00,188.74111938476562,12.507789611816406,9.625,11.026700019836426,0.18582168221473694,388.79998779296875,3.6059999465942383,2.056999921798706,1301.5999755859375,516.796875,1.8757812976837158,0.9767999053001404,1517.0,516.796875,2.143749952316284,1.1201303005218506,1535.0
2026-09-11T21:33:00.000+08:00,188.6858367919922,12.55014419555664,9.576416015625,10.666794776916504,0.19171644747257233,389.0,3.6110000610351562,2.055999994277954,1301.5999755859375,520.3125,1.8757812976837158,0.9796261787414551,1517.0,516.796875,2.143749952316284,1.1173040866851807,1535.0
2026-09-11T21:34:00.000+08:00,189.33985900878906,12.512348175048828,9.666748046875,11.170421600341797,0.18343085050582886,388.8999938964844,3.6070001125335693,2.053999900817871,1301.699951171875,516.796875,1.837499976158142,0.9714166522026062,1517.0,516.796875,2.143749952316284,1.1169003248214722,1535.0
2026-09-11T21:35:00.000+08:00,193.1337127685547,12.508079528808594,9.666748046875,10.911970138549805,0.18777543306350708,388.70001220703125,3.61299991607666,2.052999973297119,1301.699951171875,516.796875,1.8757812976837158,0.9788186550140381,1517.0,516.796875,2.143749952316284,1.115150809288025,1535.0
2026-09-11T21:36:00.000+08:00,192.4761199951172,12.542194366455078,9.611083984375,11.033260345458984,0.18525801599025726,389.0,3.617000102996826,2.058000087738037,1301.699951171875,516.796875,1.8757812976837158,0.9788186550140381,1517.0,516.796875,2.143749952316284,1.1169003248214722,1535.0
2026-09-11T21:37:00.000+08:00,nan,12.542804718017578,9.597412109375,nan,nan,388.3999938964844,3.5880000591278076,2.0420000553131104,1301.800048828125,516.796875,1.8757812976837158,0.9780111908912659,1517.0,516.796875,2.143749952316284,1.113535761833191,1535.0
2026-09-11T21:38:00.000+08:00,191.0961456298828,12.538829803466797,9.5908203125,11.20807695388794,0.183315671980381,388.79998779296875,3.634999990463257,2.062999963760376,1301.800048828125,516.796875,1.8757812976837158,0.9788186550140381,1517.0,516.796875,2.143749952316284,1.1156890392303467,1535.0
2026-09-11T21:39:00.000+08:00,192.36204528808594,12.468677520751953,9.611328125,11.273869514465332,0.1832556128501892,388.6000061035156,3.621000051498413,2.059000015258789,1301.800048828125,516.796875,1.8757812976837158,0.9817794561386108,1517.0,516.796875,2.143749952316284,1.121341586112976,1535.0
2026-09-11T21:40:00.000+08:00,193.6408233642578,12.519107818603516,9.6806640625,11.307147979736328,0.18112435936927795,388.5,3.6010000705718994,2.046999931335449,1301.9000244140625,516.796875,1.8757812976837158,0.9734353423118591,1517.0,516.796875,2.143749952316284,1.1159582138061523,1535.0
2026-09-11T21:41:00.000+08:00,191.01519775390625,12.50362777709961,9.72265625,10.969698905944824,0.18678724765777588,388.3999938964844,3.6050000190734863,2.053999900817871,1301.9000244140625,516.796875,1.837499976158142,0.9722241163253784,1517.0,516.796875,2.10546875,1.1121898889541626,1535.0
2026-09-11T21:42:00.000+08:00,187.17974853515625,12.559562683105469,9.597412109375,10.698518753051758,0.19208267331123352,388.70001220703125,3.6059999465942383,2.055999994277954,1301.9000244140625,516.796875,1.8757812976837158,0.9780111908912659,1517.0,516.796875,2.10546875,1.111517071723938,1535.0
2026-09-11T21:43:00.000+08:00,190.85865783691406,12.550548553466797,9.6669921875,10.94113540649414,0.1873662918806076,388.79998779296875,3.5880000591278076,2.0490000247955322,1302.0,516.796875,1.8757812976837158,0.9763962030410767,1517.0,516.796875,2.143749952316284,1.1181116104125977,1535.0
2026-09-11T21:44:00.000+08:00,189.5321044921875,12.5352783203125,9.64599609375,10.782144546508789,0.19087111949920654,388.70001220703125,3.5989999771118164,2.0490000247955322,1302.0,516.796875,1.837499976158142,0.9734353423118591,1517.0,516.796875,2.143749952316284,1.1163619756698608,1535.0
2026-09-11T21:45:00.000+08:00,193.73013305664062,12.529735565185547,9.659912109375,11.068853378295898,0.1852947175502777,388.1000061035156,3.5980000495910645,2.0510001182556152,1302.0,516.796875,1.8757812976837158,0.9754540920257568,1517.0,516.796875,2.143749952316284,1.1179770231246948,1535.0
2026-09-11T21:46:00.000+08:00,190.3877716064453,12.61065673828125,9.66015625,11.196306228637695,0.1835426688194275,388.29998779296875,3.5829999446868896,2.0420000553131104,1302.0999755859375,516.796875,1.837499976158142,0.9706091284751892,1517.0,516.796875,2.143749952316284,1.114208698272705,1535.0
2026-09-11T21:47:00.000+08:00,189.19920349121094,12.511760711669922,9.666748046875,10.734967231750488,0.190498948097229,388.20001220703125,3.5969998836517334,2.0409998893737793,1302.0999755859375,516.796875,1.837499976158142,0.9718203544616699,1517.0,516.796875,2.10546875,1.1117862462997437,1535.0
2026-09-11T21:48:00.000+08:00,191.46707153320312,12.511157989501953,9.638916015625,10.881468772888184,0.18830178678035736,387.79998779296875,3.6070001125335693,2.0420000553131104,1302.0999755859375,516.796875,1.8757812976837158,0.9792224168777466,1517.0,516.796875,2.10546875,1.1103057861328125,1535.0
2026-09-11T21:49:00.000+08:00,187.4949188232422,12.523662567138672,9.673583984375,10.735718727111816,0.19011302292346954,388.0,3.5999999046325684,2.0350000858306885,1302.199951171875,516.796875,1.837499976158142,0.9718203544616699,1517.0,516.796875,2.143749952316284,1.1158236265182495,1535.0
2026-09-11T21:50:00.000+08:00,189.58462524414062,12.514228820800781,9.632080078125,10.72823715209961,0.19127093255519867,387.8999938964844,3.5959999561309814,2.0480000972747803,1302.199951171875,516.796875,1.837499976158142,0.9656295776367188,1517.0,516.796875,2.10546875,1.1066720485687256,1535.0
2026-09-11T21:51:00.000+08:00,191.42584228515625,12.539413452148438,9.5625,11.168436050415039,0.18328438699245453,387.79998779296875,3.5989999771118164,2.0429999828338623,1302.199951171875,516.796875,1.8757812976837158,0.9746466279029846,1517.0,516.796875,2.10546875,1.1096328496932983,1535.0
2026-09-11T21:52:00.000+08:00,191.2776336669922,12.515129089355469,9.673583984375,11.16873550415039,0.1831004023551941,388.29998779296875,3.61899995803833,2.0480000972747803,1302.300048828125,516.796875,1.8757812976837158,0.9763962030410767,1517.0,516.796875,2.143749952316284,1.1167657375335693,1535.0
2026-09-11T21:53:00.000+08:00,191.32322692871094,12.531597137451172,9.6533203125,10.760198593139648,0.19005225598812103,388.29998779296875,3.6019999980926514,2.0510001182556152,1302.300048828125,516.796875,1.837499976158142,0.9730316400527954,1517.0,516.796875,2.143749952316284,1.114208698272705,1535.0
2026-09-11T21:54:00.000+08:00,188.83302307128906,12.503524780273438,9.5908203125,10.57744026184082,0.19352507591247559,388.20001220703125,3.61299991607666,2.0490000247955322,1302.300048828125,516.796875,1.8757812976837158,0.9780111908912659,1517.0,516.796875,2.10546875,1.108017921447754,1535.0
2026-09-11T21:55:00.000+08:00,188.13104248046875,12.582489013671875,9.638916015625,10.913596153259277,0.18765583634376526,388.70001220703125,3.6080000400543213,2.052000045776367,1302.4000244140625,516.796875,1.8757812976837158,0.9788186550140381,1517.0,516.796875,2.143749952316284,1.118919014930725,1535.0
2026-09-11T21:56:00.000+08:00,185.98300170898438,12.58646011352539,9.659912109375,10.579215049743652,0.19396524131298065,388.6000061035156,3.628000020980835,2.063999891281128,1302.4000244140625,516.796875,1.837499976158142,0.9746466279029846,1517.0,516.796875,2.10546875,1.1109787225723267,1535.0
2026-09-11T21:57:00.000+08:00,187.1989288330078,12.58646011352539,9.632080078125,10.803202629089355,0.18948084115982056,388.29998779296875,3.634999990463257,2.052000045776367,1302.4000244140625,516.796875,1.837499976158142,0.9688595533370972,1517.0,516.796875,2.10546875,1.1076141595840454,1535.0
2026-09-11T21:58:00.000+08:00,190.99624633789062,12.60174560546875,9.6669921875,10.78166389465332,0.18911737203598022,388.0,3.6029999256134033,2.0369999408721924,1302.5,516.796875,1.837499976158142,0.9710128903388977,1517.0,516.796875,2.143749952316284,1.1182461977005005,1535.0
2026-09-11T21:59:00.000+08:00,189.78758239746094,12.594097137451172,9.659912109375,11.144088745117188,0.18278749287128448,388.0,3.622999906539917,2.0429999828338623,1302.5,516.796875,1.837499976158142,0.9660333395004272,1517.0,516.796875,2.143749952316284,1.1132665872573853,1535.0
2026-09-11T22:00:00.000+08:00,187.6663360595703,12.510257720947266,9.66015625,10.899165153503418,0.18634453415870667,387.79998779296875,3.6059999465942383,2.0380001068115234,1302.5,516.796875,1.8757812976837158,0.9734353423118591,1517.0,516.796875,2.10546875,1.109094500541687,1535.0
2026-09-11T22:01:00.000+08:00,188.8553924560547,12.514839172363281,9.632080078125,10.698249816894531,0.19068540632724762,388.1000061035156,3.6089999675750732,2.046999931335449,1302.5999755859375,516.796875,1.837499976158142,0.967244565486908,1517.0,516.796875,2.10546875,1.112593650817871,1535.0
2026-09-11T22:02:00.000+08:00,196.2398681640625,12.492919921875,9.65283203125,11.179615020751953,0.18274331092834473,388.29998779296875,3.6110000610351562,2.0480000972747803,1302.5999755859375,516.796875,1.8757812976837158,0.9883739948272705,1517.0,516.796875,2.143749952316284,1.1179770231246948,1535.0
2026-09-11T22:03:00.000+08:00,197.1573944091797,12.495994567871094,9.6806640625,10.91029167175293,0.18798764050006866,388.3999938964844,3.625,2.059000015258789,1302.699951171875,516.796875,1.8757812976837158,0.9871627688407898,1517.0,516.796875,2.143749952316284,1.1183807849884033,1535.0
2026-09-11T22:04:00.000+08:00,200.8280792236328,12.541053771972656,9.659912109375,11.415359497070312,0.18002061545848846,388.20001220703125,3.6080000400543213,2.055999994277954,1302.699951171875,516.796875,1.8757812976837158,0.9883739948272705,1517.0,516.796875,2.143749952316284,1.1179770231246948,1535.0
2026-09-11T22:05:00.000+08:00,198.2577362060547,12.537792205810547,9.736328125,11.355585098266602,0.1815846562385559,387.79998779296875,3.628999948501587,2.061000108718872,1302.699951171875,516.796875,1.8757812976837158,0.9867590069770813,1517.0,516.796875,2.143749952316284,1.1212069988250732,1535.0
2026-09-11T22:06:00.000+08:00,194.30096435546875,12.508502960205078,9.6875,10.652469635009766,0.19319464266300201,388.3999938964844,3.634999990463257,2.066999912261963,1302.800048828125,516.796875,1.8757812976837158,0.9925460815429688,1517.0,516.796875,2.143749952316284,1.1163619756698608,1535.0
2026-09-11T22:07:00.000+08:00,195.66139221191406,12.586875915527344,9.722412109375,10.963528633117676,0.18826055526733398,388.1000061035156,3.628000020980835,2.059999942779541,1302.800048828125,516.796875,1.8757812976837158,0.9804336428642273,1517.0,516.796875,2.143749952316284,1.1179770231246948,1535.0
2026-09-11T22:08:00.000+08:00,193.81253051757812,12.59332275390625,9.708251953125,10.949531555175781,0.18804456293582916,388.1000061035156,3.628000020980835,2.058000087738037,1302.800048828125,516.796875,1.8757812976837158,0.9871627688407898,1517.0,516.796875,2.143749952316284,1.1209378242492676,1535.0
2026-09-11T22:09:00.000+08:00,197.30377197265625,12.56427001953125,9.736328125,11.334799766540527,0.18253521621227264,388.3999938964844,3.6480000019073486,2.068000078201294,1302.9000244140625,516.796875,1.8757812976837158,0.9871627688407898,1517.0,516.796875,2.143749952316284,1.1171694993972778,1535.0
2026-09-11T22:10:00.000+08:00,195.2335662841797,12.512958526611328,9.673583984375,11.057076454162598,0.18648689985275269,388.29998779296875,3.622999906539917,2.063999891281128,1302.9000244140625,516.796875,1.8757812976837158,0.9809719920158386,1517.0,516.796875,2.143749952316284,1.1139395236968994,1535.0
2026-09-11T22:11:00.000+08:00,195.65017700195312,12.54190444946289,9.611328125,11.499691009521484,0.17878741025924683,388.5,3.617000102996826,2.062000036239624,1302.9000244140625,516.796875,1.8757812976837158,0.9833944439888,1517.0,516.796875,2.143749952316284,1.121341586112976,1535.0
2026-09-11T22:12:00.000+08:00,197.08071899414062,12.483478546142578,9.59765625,11.489753723144531,0.1793772131204605,388.20001220703125,3.6429998874664307,2.062000036239624,1303.0,516.796875,1.8757812976837158,0.9850094318389893,1517.0,516.796875,2.143749952316284,1.1217453479766846,1535.0
2026-09-11T22:13:00.000+08:00,199.42630004882812,12.466896057128906,9.6181640625,11.247711181640625,0.1828816533088684,388.20001220703125,3.6419999599456787,2.059000015258789,1303.0,516.796875,1.8757812976837158,0.9846057295799255,1517.0,516.796875,2.143749952316284,1.119726538658142,1536.0
2026-09-11T22:14:00.000+08:00,198.70742797851562,12.438526153564453,9.611328125,11.41670036315918,0.18070019781589508,388.1000061035156,3.6089999675750732,2.052000045776367,1303.0,516.796875,1.8757812976837158,0.9858169555664062,1517.0,516.796875,2.143749952316284,1.115016222000122,1536.0
2026-09-11T22:15:00.000+08:00,204.58966064453125,12.442962646484375,9.5,11.610420227050781,0.1776852011680603,388.20001220703125,3.631999969482422,2.069000005722046,1303.0999755859375,516.796875,1.8757812976837158,0.9829907417297363,1517.0,516.796875,2.143749952316284,1.1129974126815796,1536.0
2026-09-11T22:16:00.000+08:00,204.3651580810547,12.40811538696289,9.486083984375,11.924860000610352,0.17291608452796936,388.0,3.621000051498413,2.052999973297119,1303.0999755859375,516.796875,1.8757812976837158,0.9858169555664062,1517.0,516.796875,2.143749952316284,1.1138049364089966,1536.0
2026-09-11T22:17:00.000+08:00,202.23541259765625,12.386638641357422,9.4375,12.032532691955566,0.1702883392572403,388.0,3.622999906539917,2.055999994277954,1303.0999755859375,516.796875,1.8757812976837158,0.9862207174301147,1517.0,516.796875,2.143749952316284,1.1174386739730835,1536.0
2026-09-11T22:18:00.000+08:00,195.55014038085938,12.38458251953125,9.486083984375,11.403407096862793,0.1811739206314087,388.29998779296875,3.634000062942505,2.062999963760376,1303.199951171875,516.796875,1.8757812976837158,0.9796261787414551,1517.0,516.796875,2.143749952316284,1.1179770231246948,1536.0
2026-09-11T22:19:00.000+08:00,193.964599609375,12.41357421875,9.4169921875,11.23713207244873,0.18251988291740417,388.70001220703125,3.640000104904175,2.065000057220459,1303.199951171875,516.796875,1.9140625,0.9961798191070557,1517.0,516.796875,2.143749952316284,1.1181116104125977,1536.0
2026-09-11T22:20:00.000+08:00,194.80299377441406,12.407089233398438,9.423828125,11.605537414550781,0.1780184805393219,388.3999938964844,3.619999885559082,2.055000066757202,1303.199951171875,516.796875,1.8757812976837158,0.9846057295799255,1518.0,516.796875,2.143749952316284,1.1203994750976562,1536.0
2026-09-11T22:21:00.000+08:00,197.6482696533203,12.346237182617188,9.375,11.722777366638184,0.17674991488456726,388.20001220703125,3.614000082015991,2.0460000038146973,1303.300048828125,516.796875,1.8757812976837158,0.9879702925682068,1518.0,516.796875,2.143749952316284,1.1209378242492676,1536.0
2026-09-11T22:22:00.000+08:00,192.94589233398438,12.428878784179688,9.423828125,11.196516036987305,0.1831819862127304,388.29998779296875,3.628999948501587,2.058000087738037,1303.300048828125,516.796875,1.8757812976837158,0.9817794561386108,1518.0,516.796875,2.10546875,1.1117862462997437,1536.0
2026-09-11T22:23:00.000+08:00,195.5760040283203,12.367115020751953,9.3681640625,11.414212226867676,0.17995110154151917,388.5,3.615999937057495,2.053999900817871,1303.300048828125,516.796875,1.8757812976837158,0.9829907417297363,1518.0,516.796875,2.143749952316284,1.1171694993972778,1536.0
2026-09-11T22:24:00.000+08:00,200.0461883544922,12.287273406982422,9.361328125,11.865107536315918,0.17446112632751465,388.6000061035156,3.634000062942505,2.065999984741211,1303.4000244140625,516.796875,1.8757812976837158,0.9863553047180176,1518.0,516.796875,2.143749952316284,1.1226873397827148,1536.0
2026-09-11T22:25:00.000+08:00,195.21905517578125,12.284469604492188,9.3544921875,11.368570327758789,0.18269667029380798,388.20001220703125,3.625999927520752,2.059999942779541,1303.4000244140625,516.796875,1.8757812976837158,0.9850094318389893,1518.0,516.796875,2.143749952316284,1.1209378242492676,1536.0
2026-09-11T22:26:00.000+08:00,200.6927490234375,12.308422088623047,9.257080078125,11.546398162841797,0.17789097130298615,388.0,3.619999885559082,2.059000015258789,1303.4000244140625,516.796875,1.8757812976837158,0.9858169555664062,1518.0,516.796875,2.143749952316284,1.1117862462997437,1536.0
2026-09-11T22:27:00.000+08:00,195.95925903320312,12.290802001953125,9.298828125,11.214221000671387,0.18494375050067902,388.1000061035156,3.630000114440918,2.062999963760376,1303.5,516.796875,1.8757812976837158,0.9804336428642273,1518.0,516.796875,2.143749952316284,1.1183807849884033,1536.0
2026-09-11T22:28:00.000+08:00,198.5839080810547,12.31146240234375,9.298583984375,11.985767364501953,0.17220424115657806,387.8999938964844,3.6110000610351562,2.055999994277954,1303.5,516.796875,1.8757812976837158,0.9759924411773682,1518.0,516.796875,2.143749952316284,1.1144778728485107,1536.0
2026-09-11T22:29:00.000+08:00,197.6699676513672,12.218925476074219,9.28515625,11.928390502929688,0.17261339724063873,388.1000061035156,3.6459999084472656,2.062999963760376,1303.5,516.796875,1.8757812976837158,0.9796261787414551,1518.0,516.796875,2.143749952316284,1.1187844276428223,1536.0
2026-09-11T22:30:00.000+08:00,200.5771942138672,12.232135772705078,9.236328125,11.770187377929688,0.17518837749958038,388.6000061035156,3.6449999809265137,2.069999933242798,1303.5999755859375,516.796875,1.8757812976837158,0.9796261787414551,1518.0,516.796875,2.143749952316284,1.113535761833191,1536.0
2026-09-11T22:31:00.000+08:00,201.7036590576172,10.756397247314453,9.3544921875,11.700387001037598,0.17657536268234253,388.3999938964844,0.0,0.0,1303.5999755859375,nan,nan,nan,65536.0,nan,nan,nan,65536.0
2026-09-11T22:32:00.000+08:00,155.14755249023438,9.894012451171875,9.382080078125,5.115832328796387,0.0,388.0,0.0,0.0,1303.5999755859375,nan,nan,nan,65536.0,nan,nan,nan,65536.0
2026-09-11T22:33:00.000+08:00,0.0,9.99591064453125,9.444580078125,0.0,nan,388.0,0.0,0.0,1303.5999755859375,nan,nan,nan,65536.0,nan,nan,nan,65536.0
2026-09-11T22:34:00.000+08:00,0.0,10.104862213134766,9.534912109375,0.0,nan,388.6000061035156,0.0,0.0,1303.5999755859375,nan,nan,nan,65536.0,nan,nan,nan,65536.0
2026-09-11T22:35:00.000+08:00,0.0,10.208847045898438,9.583251953125,0.0,nan,388.20001220703125,0.0,0.0,1303.5999755859375,nan,nan,nan,65536.0,nan,nan,nan,65536.0
2026-09-11T22:36:00.000+08:00,nan,10.26791000366211,9.6806640625,nan,nan,388.20001220703125,0.0,0.0,1303.5999755859375,nan,nan,nan,65536.0,nan,nan,nan,65536.0
2026-09-11T22:37:00.000+08:00,0.0,10.34957504272461,9.638916015625,0.0,nan,388.3999938964844,0.0,0.0,1303.5999755859375,nan,nan,nan,65536.0,nan,nan,nan,65536.0
2026-09-11T22:38:00.000+08:00,0.0,10.422786712646484,9.66015625,0.0,nan,388.29998779296875,0.0,0.0,1303.5999755859375,nan,nan,nan,65536.0,nan,nan,nan,65536.0
2026-09-11T22:39:00.000+08:00,0.0,10.437156677246094,9.6669921875,0.0,nan,388.20001220703125,0.0,0.0,1303.5999755859375,nan,nan,nan,65536.0,nan,nan,nan,65536.0
2026-09-11T22:40:00.000+08:00,0.0,10.461875915527344,9.7294921875,0.0,nan,388.6000061035156,0.0,0.0,1303.5999755859375,nan,nan,nan,65536.0,nan,nan,nan,65536.0
2026-09-11T22:41:00.000+08:00,0.0,10.484195709228516,9.7431640625,0.0,nan,388.6000061035156,0.0,0.0,1303.5999755859375,nan,nan,nan,65536.0,nan,nan,nan,65536.0
2026-09-11T22:42:00.000+08:00,0.0,10.55398178100586,9.736328125,0.0,nan,388.20001220703125,0.0,0.0,1303.5999755859375,nan,nan,nan,65536.0,nan,nan,nan,65536.0
2026-09-11T22:43:00.000+08:00,0.0,10.60335922241211,9.736328125,0.0,nan,388.8999938964844,0.0,0.0,1303.5999755859375,nan,nan,nan,65536.0,nan,nan,nan,65536.0
2026-09-11T22:44:00.000+08:00,0.0,10.622310638427734,9.7294921875,0.0,nan,389.1000061035156,0.0,0.0,1303.5999755859375,nan,nan,nan,65536.0,nan,nan,nan,65536.0
2026-09-11T22:45:00.000+08:00,0.0,10.67410659790039,9.722412109375,0.0,nan,389.6000061035156,0.0,0.0,1303.5999755859375,nan,nan,nan,65536.0,nan,nan,nan,65536.0
2026-09-11T22:46:00.000+08:00,0.0,10.648880004882812,9.798828125,0.0,nan,389.70001220703125,0.0,0.0,1303.5999755859375,nan,nan,nan,65536.0,nan,nan,nan,65536.0
2026-09-11T22:47:00.000+08:00,0.0,10.631752014160156,9.784912109375,0.0,nan,389.79998779296875,0.0,0.0,1303.5999755859375,nan,nan,nan,65536.0,nan,nan,nan,65536.0
2026-09-11T22:48:00.000+08:00,0.0,10.700080871582031,9.78515625,0.0,nan,389.79998779296875,0.0,0.0,1303.5999755859375,nan,nan,nan,65536.0,nan,nan,nan,65536.0
2026-09-11T22:49:00.000+08:00,0.0,10.743114471435547,9.8056640625,0.0,nan,389.3999938964844,0.0,0.0,1303.5999755859375,nan,nan,nan,65536.0,nan,nan,nan,65536.0
2026-09-11T22:50:00.000+08:00,0.0,10.74465560913086,9.78515625,0.0,nan,389.79998779296875,0.0,0.0,1303.5999755859375,nan,nan,nan,65536.0,nan,nan,nan,65536.0
2026-09-11T22:51:00.000+08:00,0.0,10.780677795410156,9.8544921875,0.0,nan,389.79998779296875,0.0,0.0,1303.5999755859375,nan,nan,nan,65536.0,nan,nan,nan,65536.0
2026-09-11T22:52:00.000+08:00,0.0,10.795948028564453,9.8544921875,0.0,nan,390.1000061035156,0.0,0.0,1303.5999755859375,nan,nan,nan,65536.0,nan,nan,nan,65536.0
2026-09-11T22:53:00.000+08:00,0.0,10.791679382324219,9.8125,0.0,nan,389.3999938964844,0.0,0.0,1303.5999755859375,nan,nan,nan,65536.0,nan,nan,nan,65536.0
2026-09-11T22:54:00.000+08:00,0.0,10.77518081665039,9.8681640625,0.0,nan,389.29998779296875,0.0,0.0,1303.5999755859375,nan,nan,nan,65536.0,nan,nan,nan,65536.0
2026-09-11T22:55:00.000+08:00,0.0,10.863029479980469,9.8681640625,0.0,nan,389.79998779296875,0.0,0.0,1303.5999755859375,nan,nan,nan,65536.0,nan,nan,nan,65536.0
2026-09-11T22:56:00.000+08:00,0.0,10.859664916992188,9.819580078125,0.0,nan,388.79998779296875,0.0,0.0,1303.5999755859375,nan,nan,nan,65536.0,nan,nan,nan,65536.0
2026-09-11T22:57:00.000+08:00,0.0,10.821300506591797,9.882080078125,0.0,nan,389.6000061035156,0.0,0.0,1303.5999755859375,nan,nan,nan,65536.0,nan,nan,nan,65536.0
2026-09-11T22:58:00.000+08:00,0.0,10.816093444824219,9.882080078125,0.0,nan,389.5,0.0,0.0,1303.5999755859375,nan,nan,nan,65536.0,nan,nan,nan,65536.0
2026-09-11T22:59:00.000+08:00,0.0,10.864665985107422,9.875,0.0,nan,389.3999938964844,0.0,0.0,1303.5999755859375,nan,nan,nan,65536.0,nan,nan,nan,65536.0
2026-09-11T23:00:00.000+08:00,0.0,10.87472915649414,9.888916015625,0.0,nan,389.29998779296875,0.0,0.0,1303.5999755859375,nan,nan,nan,65536.0,nan,nan,nan,65536.0
2026-09-11T23:01:00.000+08:00,0.0,10.852764129638672,9.875,0.0,nan,389.3999938964844,0.0,0.0,1303.5999755859375,nan,nan,nan,65536.0,nan,nan,nan,65536.0
2026-09-11T23:02:00.000+08:00,0.0,10.876567840576172,9.986328125,0.0,nan,389.5,0.0,0.0,1303.5999755859375,nan,nan,nan,65536.0,nan,nan,nan,65536.0
2026-09-11T23:03:00.000+08:00,0.0,10.884517669677734,9.9794921875,0.0,nan,389.70001220703125,0.0,0.0,1303.5999755859375,nan,nan,nan,65536.0,nan,nan,nan,65536.0
2026-09-11T23:04:00.000+08:00,0.0,10.908023834228516,9.9375,0.0,nan,389.0,0.0,0.0,1303.5999755859375,nan,nan,nan,65536.0,nan,nan,nan,65536.0
2026-09-11T23:05:00.000+08:00,0.0,10.967178344726562,9.951416015625,0.0,nan,389.1000061035156,0.0,0.0,1303.5999755859375,nan,nan,nan,65536.0,nan,nan,nan,65536.0
2026-09-11T23:06:00.000+08:00,0.0,10.97845458984375,9.9658203125,0.0,nan,389.29998779296875,0.0,0.0,1303.5999755859375,nan,nan,nan,65536.0,nan,nan,nan,65536.0
2026-09-11T23:07:00.000+08:00,0.0,10.943122863769531,10.02099609375,0.0,nan,389.20001220703125,0.0,0.0,1303.5999755859375,nan,nan,nan,65536.0,nan,nan,nan,65536.0
2026-09-11T23:08:00.000+08:00,0.0,10.952308654785156,10.034912109375,0.0,nan,389.5,0.0,0.0,1303.5999755859375,nan,nan,nan,65536.0,nan,nan,nan,65536.0
2026-09-11T23:09:00.000+08:00,0.0,10.939155578613281,10.03515625,0.0,nan,389.0,0.0,0.0,1303.5999755859375,nan,nan,nan,65536.0,nan,nan,nan,65536.0
2026-09-11T23:10:00.000+08:00,0.0,10.965152740478516,10.0419921875,0.0,nan,389.3999938964844,0.0,0.0,1303.5999755859375,nan,nan,nan,65536.0,nan,nan,nan,65536.0
2026-09-11T23:11:00.000+08:00,0.0,11.038005828857422,10.0,0.0,nan,389.0,0.0,0.0,1303.5999755859375,nan,nan,nan,65536.0,nan,nan,nan,65536.0
2026-09-11T23:12:00.000+08:00,0.0,11.026966094970703,10.020751953125,0.0,nan,389.1000061035156,0.0,0.0,1303.5999755859375,nan,nan,nan,65536.0,nan,nan,nan,65536.0
2026-09-11T23:13:00.000+08:00,0.0,11.038944244384766,10.0556640625,0.0,nan,389.1000061035156,0.0,0.0,1303.5999755859375,nan,nan,nan,65536.0,nan,nan,nan,65536.0
2026-09-11T23:14:00.000+08:00,0.0,11.062145233154297,10.0283203125,0.0,nan,389.6000061035156,0.0,0.0,1303.5999755859375,nan,nan,nan,65536.0,nan,nan,nan,65536.0
2026-09-11T23:15:00.000+08:00,0.0,11.05691909790039,10.1181640625,0.0,nan,389.3999938964844,0.0,0.0,1303.5999755859375,nan,nan,nan,65536.0,nan,nan,nan,65536.0
2026-09-11T23:16:00.000+08:00,0.0,11.039031982421875,10.097412109375,0.0,nan,389.20001220703125,0.0,0.0,1303.5999755859375,nan,nan,nan,65536.0,nan,nan,nan,65536.0
2026-09-11T23:17:00.000+08:00,0.0,11.100276947021484,10.1044921875,0.0,nan,389.0,0.0,0.0,1303.5999755859375,nan,nan,nan,65536.0,nan,nan,nan,65536.0
2026-09-11T23:18:00.000+08:00,0.0,11.104568481445312,10.09765625,0.0,nan,389.20001220703125,0.0,0.0,1303.5999755859375,nan,nan,nan,65536.0,nan,nan,nan,65536.0
2026-09-11T23:19:00.000+08:00,0.0,11.109149932861328,10.069580078125,0.0,nan,388.5,0.0,0.0,1303.5999755859375,nan,nan,nan,65536.0,nan,nan,nan,65536.0
2026-09-11T23:20:00.000+08:00,0.0,11.120441436767578,10.09765625,0.0,nan,388.5,0.0,0.0,1303.5999755859375,nan,nan,nan,65536.0,nan,nan,nan,65536.0
2026-09-11T23:21:00.000+08:00,0.0,11.115001678466797,10.097412109375,0.0,nan,388.6000061035156,0.0,0.0,1303.5999755859375,nan,nan,nan,65536.0,nan,nan,nan,65536.0
2026-09-11T23:22:00.000+08:00,0.0,11.128059387207031,10.13916015625,0.0,nan,388.70001220703125,0.0,0.0,1303.5999755859375,nan,nan,nan,65536.0,nan,nan,nan,65536.0
2026-09-11T23:23:00.000+08:00,0.0,11.084468841552734,10.159912109375,0.0,nan,389.5,0.0,0.0,1303.5999755859375,nan,nan,nan,65536.0,nan,nan,nan,65536.0
2026-09-11T23:24:00.000+08:00,0.0,11.150104522705078,10.159912109375,0.0,nan,389.6000061035156,0.0,0.0,1303.5999755859375,nan,nan,nan,65536.0,nan,nan,nan,65536.0
2026-09-11T23:25:00.000+08:00,0.0,11.157424926757812,10.125,0.0,nan,389.79998779296875,0.0,0.0,1303.5999755859375,nan,nan,nan,65536.0,nan,nan,nan,65536.0
2026-09-11T23:26:00.000+08:00,0.0,11.178390502929688,10.1806640625,0.0,nan,389.70001220703125,0.0,0.0,1303.5999755859375,nan,nan,nan,65536.0,nan,nan,nan,65536.0
2026-09-11T23:27:00.000+08:00,0.0,11.163787841796875,10.1806640625,0.0,nan,389.20001220703125,0.0,0.0,1303.5999755859375,nan,nan,nan,65536.0,nan,nan,nan,65536.0
2026-09-11T23:28:00.000+08:00,0.0,11.199199676513672,10.236328125,0.0,nan,389.0,0.0,0.0,1303.5999755859375,nan,nan,nan,65536.0,nan,nan,nan,65536.0
2026-09-11T23:29:00.000+08:00,0.0,11.214588165283203,10.20166015625,0.0,nan,389.29998779296875,0.0,0.0,1303.5999755859375,nan,nan,nan,65536.0,nan,nan,nan,65536.0
2026-09-11T23:30:00.000+08:00,0.0,11.204742431640625,10.236328125,0.0,nan,389.29998779296875,0.0,0.0,1303.5999755859375,nan,nan,nan,65536.0,nan,nan,nan,65536.0
2026-09-11T23:31:00.000+08:00,0.0,11.214275360107422,10.1875,0.0,nan,390.0,0.0,0.0,1303.5999755859375,nan,nan,nan,65536.0,nan,nan,nan,65536.0
2026-09-11T23:32:00.000+08:00,0.0,11.227607727050781,10.2294921875,0.0,nan,390.0,0.0,0.0,1303.5999755859375,nan,nan,nan,65536.0,nan,nan,nan,65536.0
2026-09-11T23:33:00.000+08:00,0.0,11.235870361328125,10.236328125,0.0,nan,390.1000061035156,0.0,0.0,1303.5999755859375,nan,nan,nan,65536.0,nan,nan,nan,65536.0
2026-09-11T23:34:00.000+08:00,0.0,11.294078826904297,10.236328125,0.0,nan,390.29998779296875,0.0,0.0,1303.5999755859375,nan,nan,nan,65536.0,nan,nan,nan,65536.0
2026-09-11T23:35:00.000+08:00,nan,11.290817260742188,10.28515625,nan,nan,390.5,0.0,0.0,1303.5999755859375,nan,nan,nan,65536.0,nan,nan,nan,65536.0
2026-09-11T23:36:00.000+08:00,0.0,11.256675720214844,10.3056640625,0.0,nan,390.6000061035156,0.0,0.0,1303.5999755859375,nan,nan,nan,65536.0,nan,nan,nan,65536.0
2026-09-11T23:37:00.000+08:00,0.0,11.271289825439453,10.28515625,0.0,nan,390.6000061035156,0.0,0.0,1303.5999755859375,nan,nan,nan,65536.0,nan,nan,nan,65536.0
2026-09-11T23:38:00.000+08:00,0.0,11.361579895019531,10.2783203125,0.0,nan,390.0,0.0,0.0,1303.5999755859375,nan,nan,nan,65536.0,nan,nan,nan,65536.0
2026-09-11T23:39:00.000+08:00,0.0,11.36953353881836,10.354248046875,0.0,nan,390.20001220703125,0.0,0.0,1303.5999755859375,nan,nan,nan,65536.0,nan,nan,nan,65536.0
2026-09-11T23:40:00.000+08:00,0.0,11.250091552734375,10.3544921875,0.0,nan,390.1000061035156,0.0,0.0,1303.5999755859375,nan,nan,nan,65536.0,nan,nan,nan,65536.0
2026-09-11T23:41:00.000+08:00,0.0,11.363571166992188,10.347412109375,0.0,nan,389.79998779296875,0.0,0.0,1303.5999755859375,nan,nan,nan,65536.0,nan,nan,nan,65536.0
2026-09-11T23:42:00.000+08:00,0.0,11.339752197265625,10.319580078125,0.0,nan,389.79998779296875,0.0,0.0,1303.5999755859375,nan,nan,nan,65536.0,nan,nan,nan,65536.0
2026-09-11T23:43:00.000+08:00,0.0,11.339752197265625,10.3681640625,0.0,nan,390.20001220703125,0.0,0.0,1303.5999755859375,nan,nan,nan,65536.0,nan,nan,nan,65536.0
2026-09-11T23:44:00.000+08:00,0.0,11.414497375488281,10.3544921875,0.0,nan,390.29998779296875,0.0,0.0,1303.5999755859375,nan,nan,nan,65536.0,nan,nan,nan,65536.0
2026-09-11T23:45:00.000+08:00,0.0,11.429729461669922,10.347412109375,0.0,nan,390.5,0.0,0.0,1303.5999755859375,nan,nan,nan,65536.0,nan,nan,nan,65536.0
2026-09-11T23:46:00.000+08:00,0.0,11.426071166992188,10.3408203125,0.0,nan,389.8999938964844,0.0,0.0,1303.5999755859375,nan,nan,nan,65536.0,nan,nan,nan,65536.0
2026-09-11T23:47:00.000+08:00,0.0,11.420555114746094,10.39599609375,0.0,nan,390.20001220703125,0.0,0.0,1303.5999755859375,nan,nan,nan,65536.0,nan,nan,nan,65536.0
2026-09-11T23:48:00.000+08:00,0.0,11.37978744506836,10.4306640625,0.0,nan,389.79998779296875,0.0,0.0,1303.5999755859375,nan,nan,nan,65536.0,nan,nan,nan,65536.0
2026-09-11T23:49:00.000+08:00,0.0,11.414562225341797,10.4306640625,0.0,nan,389.6000061035156,0.0,0.0,1303.5999755859375,nan,nan,nan,65536.0,nan,nan,nan,65536.0
2026-09-11T23:50:00.000+08:00,0.0,11.477714538574219,10.4306640625,0.0,nan,389.6000061035156,0.0,0.0,1303.5999755859375,nan,nan,nan,65536.0,nan,nan,nan,65536.0
2026-09-11T23:51:00.000+08:00,0.0,11.496589660644531,10.388916015625,0.0,nan,389.8999938964844,0.0,0.0,1303.5999755859375,nan,nan,nan,65536.0,nan,nan,nan,65536.0
2026-09-11T23:52:00.000+08:00,0.0,11.454265594482422,10.479248046875,0.0,nan,389.8999938964844,0.0,0.0,1303.5999755859375,nan,nan,nan,65536.0,nan,nan,nan,65536.0
2026-09-11T23:53:00.000+08:00,0.0,11.438068389892578,10.47265625,0.0,nan,390.0,0.0,0.0,1303.5999755859375,nan,nan,nan,65536.0,nan,nan,nan,65536.0
2026-09-11T23:54:00.000+08:00,0.0,11.45395278930664,10.4375,0.0,nan,389.8999938964844,0.0,0.0,1303.5999755859375,nan,nan,nan,65536.0,nan,nan,nan,65536.0
2026-09-11T23:55:00.000+08:00,0.0,11.447959899902344,10.486328125,0.0,nan,390.20001220703125,0.0,0.0,1303.5999755859375,nan,nan,nan,65536.0,nan,nan,nan,65536.0
2026-09-11T23:56:00.000+08:00,0.0,11.532665252685547,10.4794921875,0.0,nan,390.20001220703125,0.0,0.0,1303.5999755859375,nan,nan,nan,65536.0,nan,nan,nan,65536.0
2026-09-11T23:57:00.000+08:00,0.0,11.540279388427734,10.472412109375,0.0,nan,390.29998779296875,0.0,0.0,1303.5999755859375,nan,nan,nan,65536.0,nan,nan,nan,65536.0
2026-09-11T23:58:00.000+08:00,0.0,11.515388488769531,10.4794921875,0.0,nan,390.0,0.0,0.0,1303.5999755859375,nan,nan,nan,65536.0,nan,nan,nan,65536.0
2026-09-11T23:59:00.000+08:00,nan,11.512210845947266,10.507080078125,nan,nan,389.70001220703125,0.0,0.0,1303.5999755859375,nan,nan,nan,65536.0,nan,nan,nan,65536.0
