timestamp,門診大樓_AH_1_4冰水流量,門診大樓_AH_1_4溫度1,門診大樓_AH_1_4溫度2,門診大樓_AH_1_4冷凍頓,門診大樓_AH_1_4冰水效率,門診大樓_AH_1_4電壓平均,門診大樓_AH_1_4電流平均,門診大樓_AH_1_4輸出功率,門診大樓_AH_1_4輸出功率千瓦時,門診大樓_AH_1_4 EC_FAN直流電壓,門診大樓_AH_1_4 EC_FAN直流電流,門診大樓_AH_1_4 EC_FAN有效功率,門診大樓_AH_1_4 EC_FAN輸出功率千瓦時
2026-09-11T00:00:00.000+08:00,0.0,18.96619415283203,12.979248046875,0.0,nan,382.0,0.0,0.0,1242.4000244140625,nan,nan,nan,65536.0
2026-09-11T00:01:00.000+08:00,0.0,18.957138061523438,13.041748046875,0.0,nan,382.20001220703125,0.0,0.0,1242.4000244140625,nan,nan,nan,65536.0
2026-09-11T00:02:00.000+08:00,0.0,18.90062713623047,13.097412109375,0.0,nan,382.5,0.0,0.0,1242.4000244140625,nan,nan,nan,65536.0
2026-09-11T00:03:00.000+08:00,0.0,18.901565551757812,13.083251953125,0.0,nan,382.29998779296875,0.0,0.0,1242.4000244140625,nan,nan,nan,65536.0
2026-09-11T00:04:00.000+08:00,0.0,19.0830078125,13.111083984375,0.0,nan,382.5,0.0,0.0,1242.4000244140625,nan,nan,nan,65536.0
2026-09-11T00:05:00.000+08:00,0.0,18.993125915527344,13.15283203125,0.0,nan,382.20001220703125,0.0,0.0,1242.4000244140625,nan,nan,nan,65536.0
2026-09-11T00:06:00.000+08:00,0.0,18.997787475585938,13.1181640625,0.0,nan,382.29998779296875,0.0,0.0,1242.4000244140625,nan,nan,nan,65536.0
2026-09-11T00:07:00.000+08:00,0.0,19.124755859375,13.173583984375,0.0,nan,381.70001220703125,0.0,0.0,1242.4000244140625,nan,nan,nan,65536.0
2026-09-11T00:08:00.000+08:00,0.0,19.02173614501953,13.1806640625,0.0,nan,382.0,0.0,0.0,1242.4000244140625,nan,nan,nan,65536.0
2026-09-11T00:09:00.000+08:00,0.0,18.903915405273438,13.173583984375,0.0,nan,381.5,0.0,0.0,1242.4000244140625,nan,nan,nan,65536.0
2026-09-11T00:10:00.000+08:00,0.0,19.044837951660156,13.21533203125,0.0,nan,382.20001220703125,0.0,0.0,1242.4000244140625,nan,nan,nan,65536.0
2026-09-11T00:11:00.000+08:00,0.0,19.065719604492188,13.1875,0.0,nan,381.79998779296875,0.0,0.0,1242.4000244140625,nan,nan,nan,65536.0
2026-09-11T00:12:00.000+08:00,0.0,19.056434631347656,13.333251953125,0.0,nan,382.29998779296875,0.0,0.0,1242.4000244140625,nan,nan,nan,65536.0
2026-09-11T00:13:00.000+08:00,0.0,19.104225158691406,13.284912109375,0.0,nan,382.0,0.0,0.0,1242.4000244140625,nan,nan,nan,65536.0
2026-09-11T00:14:00.000+08:00,0.0,19.040176391601562,13.298583984375,0.0,nan,381.8999938964844,0.0,0.0,1242.4000244140625,nan,nan,nan,65536.0
2026-09-11T00:15:00.000+08:00,0.0,19.12397003173828,13.222412109375,0.0,nan,381.70001220703125,0.0,0.0,1242.4000244140625,nan,nan,nan,65536.0
2026-09-11T00:16:00.000+08:00,0.0,19.04926300048828,13.3681640625,0.0,nan,382.29998779296875,0.0,0.0,1242.4000244140625,nan,nan,nan,65536.0
2026-09-11T00:17:00.000+08:00,0.0,19.12181854248047,13.3681640625,0.0,nan,381.3999938964844,0.0,0.0,1242.4000244140625,nan,nan,nan,65536.0
2026-09-11T00:18:00.000+08:00,0.0,19.08415985107422,13.319580078125,0.0,nan,382.3999938964844,0.0,0.0,1242.4000244140625,nan,nan,nan,65536.0
2026-09-11T00:19:00.000+08:00,0.0,19.060592651367188,13.458251953125,0.0,nan,381.8999938964844,0.0,0.0,1242.4000244140625,nan,nan,nan,65536.0
2026-09-11T00:20:00.000+08:00,0.0,19.029205322265625,13.423583984375,0.0,nan,382.3999938964844,0.0,0.0,1242.4000244140625,nan,nan,nan,65536.0
2026-09-11T00:21:00.000+08:00,0.0,19.04633331298828,13.382080078125,0.0,nan,382.20001220703125,0.0,0.0,1242.4000244140625,nan,nan,nan,65536.0
2026-09-11T00:22:00.000+08:00,0.0,19.10755157470703,13.40283203125,0.0,nan,382.1000061035156,0.0,0.0,1242.4000244140625,nan,nan,nan,65536.0
2026-09-11T00:23:00.000+08:00,0.0,19.115516662597656,13.4375,0.0,nan,382.29998779296875,0.0,0.0,1242.4000244140625,nan,nan,nan,65536.0
2026-09-11T00:24:00.000+08:00,0.0,19.103370666503906,13.46533203125,0.0,nan,382.5,0.0,0.0,1242.4000244140625,nan,nan,nan,65536.0
2026-09-11T00:25:00.000+08:00,0.0,19.10755157470703,13.5556640625,0.0,nan,382.6000061035156,0.0,0.0,1242.4000244140625,nan,nan,nan,65536.0
2026-09-11T00:26:00.000+08:00,0.0,19.017791748046875,13.507080078125,0.0,nan,382.3999938964844,0.0,0.0,1242.4000244140625,nan,nan,nan,65536.0
2026-09-11T00:27:00.000+08:00,0.0,19.009811401367188,13.5625,0.0,nan,383.1000061035156,0.0,0.0,1242.4000244140625,nan,nan,nan,65536.0
2026-09-11T00:28:00.000+08:00,0.0,19.12139129638672,13.52783203125,0.0,nan,383.1000061035156,0.0,0.0,1242.4000244140625,nan,nan,nan,65536.0
2026-09-11T00:29:00.000+08:00,0.0,19.231307983398438,13.513916015625,0.0,nan,382.70001220703125,0.0,0.0,1242.4000244140625,nan,nan,nan,65536.0
2026-09-11T00:30:00.000+08:00,0.0,19.084877014160156,13.659912109375,0.0,nan,383.0,0.0,0.0,1242.4000244140625,nan,nan,nan,65536.0
2026-09-11T00:31:00.000+08:00,0.0,19.144256591796875,13.8056640625,0.0,nan,383.1000061035156,0.0,0.0,1242.4000244140625,nan,nan,nan,65536.0
2026-09-11T00:32:00.000+08:00,0.0,19.19933319091797,13.659912109375,0.0,nan,382.79998779296875,0.0,0.0,1242.4000244140625,nan,nan,nan,65536.0
2026-09-11T00:33:00.000+08:00,0.0,19.23833465576172,13.71533203125,0.0,nan,382.70001220703125,0.0,0.0,1242.4000244140625,nan,nan,nan,65536.0
2026-09-11T00:34:00.000+08:00,0.0,19.2320556640625,13.659912109375,0.0,nan,382.3999938964844,0.0,0.0,1242.4000244140625,nan,nan,nan,65536.0
2026-09-11T00:35:00.000+08:00,0.0,19.145004272460938,13.84033203125,0.0,nan,382.79998779296875,0.0,0.0,1242.4000244140625,nan,nan,nan,65536.0
2026-09-11T00:36:00.000+08:00,0.0,19.14391326904297,13.833251953125,0.0,nan,382.3999938964844,0.0,0.0,1242.4000244140625,nan,nan,nan,65536.0
2026-09-11T00:37:00.000+08:00,0.0,19.24500274658203,13.770751953125,0.0,nan,382.6000061035156,0.0,0.0,1242.4000244140625,nan,nan,nan,65536.0
2026-09-11T00:38:00.000+08:00,0.0,19.236968994140625,13.8681640625,0.0,nan,382.70001220703125,0.0,0.0,1242.4000244140625,nan,nan,nan,65536.0
2026-09-11T00:39:00.000+08:00,0.0,19.1339111328125,13.916748046875,0.0,nan,382.5,0.0,0.0,1242.4000244140625,nan,nan,nan,65536.0
2026-09-11T00:40:00.000+08:00,0.0,19.14179229736328,13.972412109375,0.0,nan,382.70001220703125,0.0,0.0,1242.4000244140625,nan,nan,nan,65536.0
2026-09-11T00:41:00.000+08:00,0.0,19.206825256347656,13.847412109375,0.0,nan,383.29998779296875,0.0,0.0,1242.4000244140625,nan,nan,nan,65536.0
2026-09-11T00:42:00.000+08:00,0.0,19.2003173828125,13.944580078125,0.0,nan,382.79998779296875,0.0,0.0,1242.4000244140625,nan,nan,nan,65536.0
2026-09-11T00:43:00.000+08:00,0.0,19.161476135253906,13.9306640625,0.0,nan,383.0,0.0,0.0,1242.4000244140625,nan,nan,nan,65536.0
2026-09-11T00:44:00.000+08:00,0.0,19.223487854003906,13.89599609375,0.0,nan,383.0,0.0,0.0,1242.4000244140625,nan,nan,nan,65536.0
2026-09-11T00:45:00.000+08:00,0.0,19.365890502929688,13.979248046875,0.0,nan,383.0,0.0,0.0,1242.4000244140625,nan,nan,nan,65536.0
2026-09-11T00:46:00.000+08:00,0.0,19.25323486328125,14.111083984375,0.0,nan,382.79998779296875,0.0,0.0,1242.4000244140625,nan,nan,nan,65536.0
2026-09-11T00:47:00.000+08:00,0.0,19.13018798828125,13.916748046875,0.0,nan,382.3999938964844,0.0,0.0,1242.4000244140625,nan,nan,nan,65536.0
2026-09-11T00:48:00.000+08:00,0.0,19.170059204101562,14.013916015625,0.0,nan,382.79998779296875,0.0,0.0,1242.4000244140625,nan,nan,nan,65536.0
2026-09-11T00:49:00.000+08:00,0.0,19.32257080078125,13.986083984375,0.0,nan,382.70001220703125,0.0,0.0,1242.4000244140625,nan,nan,nan,65536.0
2026-09-11T00:50:00.000+08:00,0.0,19.291343688964844,14.069580078125,0.0,nan,382.70001220703125,0.0,0.0,1242.4000244140625,nan,nan,nan,65536.0
2026-09-11T00:51:00.000+08:00,0.0,19.171707153320312,14.0,0.0,nan,383.1000061035156,0.0,0.0,1242.4000244140625,nan,nan,nan,65536.0
2026-09-11T00:52:00.000+08:00,0.0,19.3106689453125,14.159912109375,0.0,nan,383.1000061035156,0.0,0.0,1242.4000244140625,nan,nan,nan,65536.0
2026-09-11T00:53:00.000+08:00,0.0,19.25739288330078,14.222412109375,0.0,nan,382.79998779296875,0.0,0.0,1242.4000244140625,nan,nan,nan,65536.0
2026-09-11T00:54:00.000+08:00,0.0,19.275978088378906,14.166748046875,0.0,nan,383.70001220703125,0.0,0.0,1242.4000244140625,nan,nan,nan,65536.0
2026-09-11T00:55:00.000+08:00,0.0,19.266357421875,14.166748046875,0.0,nan,383.3999938964844,0.0,0.0,1242.4000244140625,nan,nan,nan,65536.0
2026-09-11T00:56:00.000+08:00,0.0,19.29193115234375,14.236083984375,0.0,nan,383.5,0.0,0.0,1242.4000244140625,nan,nan,nan,65536.0
2026-09-11T00:57:00.000+08:00,0.0,nan,nan,0.0,nan,383.0,0.0,0.0,1242.4000244140625,nan,nan,nan,65536.0
2026-09-11T00:58:00.000+08:00,nan,19.367584228515625,14.229248046875,nan,nan,383.5,0.0,0.0,1242.4000244140625,nan,nan,nan,65536.0
2026-09-11T00:59:00.000+08:00,0.0,19.28558349609375,14.3056640625,0.0,nan,383.1000061035156,0.0,0.0,1242.4000244140625,nan,nan,nan,65536.0
2026-09-11T01:00:00.000+08:00,0.0,19.321044921875,14.3056640625,0.0,nan,383.20001220703125,0.0,0.0,1242.4000244140625,nan,nan,nan,65536.0
2026-09-11T01:01:00.000+08:00,0.0,19.269561767578125,14.333251953125,0.0,nan,383.29998779296875,0.0,0.0,1242.4000244140625,nan,nan,nan,65536.0
2026-09-11T01:02:00.000+08:00,0.0,19.281959533691406,14.354248046875,0.0,nan,383.1000061035156,0.0,0.0,1242.4000244140625,nan,nan,nan,65536.0
2026-09-11T01:03:00.000+08:00,0.0,19.326187133789062,14.3125,0.0,nan,383.1000061035156,0.0,0.0,1242.4000244140625,nan,nan,nan,65536.0
2026-09-11T01:04:00.000+08:00,0.0,19.33684539794922,14.354248046875,0.0,nan,383.20001220703125,0.0,0.0,1242.4000244140625,nan,nan,nan,65536.0
2026-09-11T01:05:00.000+08:00,0.0,19.26227569580078,14.388916015625,0.0,nan,383.1000061035156,0.0,0.0,1242.4000244140625,nan,nan,nan,65536.0
2026-09-11T01:06:00.000+08:00,0.0,19.299530029296875,14.416748046875,0.0,nan,383.1000061035156,0.0,0.0,1242.4000244140625,nan,nan,nan,65536.0
2026-09-11T01:07:00.000+08:00,0.0,19.443161010742188,14.382080078125,0.0,nan,383.3999938964844,0.0,0.0,1242.4000244140625,nan,nan,nan,65536.0
2026-09-11T01:08:00.000+08:00,0.0,19.26581573486328,14.451416015625,0.0,nan,383.20001220703125,0.0,0.0,1242.4000244140625,nan,nan,nan,65536.0
2026-09-11T01:09:00.000+08:00,0.0,19.358932495117188,14.416748046875,0.0,nan,383.0,0.0,0.0,1242.4000244140625,nan,nan,nan,65536.0
2026-09-11T01:10:00.000+08:00,0.0,19.436851501464844,14.479248046875,0.0,nan,383.3999938964844,0.0,0.0,1242.4000244140625,nan,nan,nan,65536.0
2026-09-11T01:11:00.000+08:00,0.0,19.466934204101562,14.486083984375,0.0,nan,383.0,0.0,0.0,1242.4000244140625,nan,nan,nan,65536.0
2026-09-11T01:12:00.000+08:00,0.0,19.368560791015625,14.4931640625,0.0,nan,383.70001220703125,0.0,0.0,1242.4000244140625,nan,nan,nan,65536.0
2026-09-11T01:13:00.000+08:00,0.0,19.421646118164062,14.52783203125,0.0,nan,383.8999938964844,0.0,0.0,1242.4000244140625,nan,nan,nan,65536.0
2026-09-11T01:14:00.000+08:00,0.0,19.39593505859375,14.5625,0.0,nan,383.8999938964844,0.0,0.0,1242.4000244140625,nan,nan,nan,65536.0
2026-09-11T01:15:00.000+08:00,0.0,19.430335998535156,14.597412109375,0.0,nan,383.6000061035156,0.0,0.0,1242.4000244140625,nan,nan,nan,65536.0
2026-09-11T01:16:00.000+08:00,0.0,19.383590698242188,14.604248046875,0.0,nan,383.20001220703125,0.0,0.0,1242.4000244140625,nan,nan,nan,65536.0
2026-09-11T01:17:00.000+08:00,0.0,19.46765899658203,14.59033203125,0.0,nan,383.70001220703125,0.0,0.0,1242.4000244140625,nan,nan,nan,65536.0
2026-09-11T01:18:00.000+08:00,0.0,19.3905029296875,14.659912109375,0.0,nan,383.0,0.0,0.0,1242.4000244140625,nan,nan,nan,65536.0
2026-09-11T01:19:00.000+08:00,0.0,19.427627563476562,14.659912109375,0.0,nan,382.79998779296875,0.0,0.0,1242.4000244140625,nan,nan,nan,65536.0
2026-09-11T01:20:00.000+08:00,0.0,19.459510803222656,14.632080078125,0.0,nan,383.1000061035156,0.0,0.0,1242.4000244140625,nan,nan,nan,65536.0
2026-09-11T01:21:00.000+08:00,0.0,19.421478271484375,14.632080078125,0.0,nan,383.29998779296875,0.0,0.0,1242.4000244140625,nan,nan,nan,65536.0
2026-09-11T01:22:00.000+08:00,0.0,19.411766052246094,14.71533203125,0.0,nan,383.79998779296875,0.0,0.0,1242.4000244140625,nan,nan,nan,65536.0
2026-09-11T01:23:00.000+08:00,0.0,19.459335327148438,14.7431640625,0.0,nan,383.20001220703125,0.0,0.0,1242.4000244140625,nan,nan,nan,65536.0
2026-09-11T01:24:00.000+08:00,0.0,19.485992431640625,14.708251953125,0.0,nan,383.1000061035156,0.0,0.0,1242.4000244140625,nan,nan,nan,65536.0
2026-09-11T01:25:00.000+08:00,0.0,19.406051635742188,14.763916015625,0.0,nan,382.8999938964844,0.0,0.0,1242.4000244140625,nan,nan,nan,65536.0
2026-09-11T01:26:00.000+08:00,0.0,19.45294189453125,14.791748046875,0.0,nan,383.20001220703125,0.0,0.0,1242.4000244140625,nan,nan,nan,65536.0
2026-09-11T01:27:00.000+08:00,0.0,19.456626892089844,14.763916015625,0.0,nan,383.29998779296875,0.0,0.0,1242.4000244140625,nan,nan,nan,65536.0
2026-09-11T01:28:00.000+08:00,0.0,19.409507751464844,14.819580078125,0.0,nan,383.3999938964844,0.0,0.0,1242.4000244140625,nan,nan,nan,65536.0
2026-09-11T01:29:00.000+08:00,0.0,19.387115478515625,14.8681640625,0.0,nan,384.0,0.0,0.0,1242.4000244140625,nan,nan,nan,65536.0
2026-09-11T01:30:00.000+08:00,0.0,19.458251953125,14.847412109375,0.0,nan,383.70001220703125,0.0,0.0,1242.4000244140625,nan,nan,nan,65536.0
2026-09-11T01:31:00.000+08:00,0.0,19.476051330566406,14.833251953125,0.0,nan,383.6000061035156,0.0,0.0,1242.4000244140625,nan,nan,nan,65536.0
2026-09-11T01:32:00.000+08:00,0.0,19.394622802734375,14.916748046875,0.0,nan,383.79998779296875,0.0,0.0,1242.4000244140625,nan,nan,nan,65536.0
2026-09-11T01:33:00.000+08:00,0.0,19.57691192626953,14.9306640625,0.0,nan,384.0,0.0,0.0,1242.4000244140625,nan,nan,nan,65536.0
2026-09-11T01:34:00.000+08:00,0.0,19.59137725830078,14.90283203125,0.0,nan,383.5,0.0,0.0,1242.4000244140625,nan,nan,nan,65536.0
2026-09-11T01:35:00.000+08:00,0.0,19.60973358154297,14.888916015625,0.0,nan,383.20001220703125,0.0,0.0,1242.4000244140625,nan,nan,nan,65536.0
2026-09-11T01:36:00.000+08:00,0.0,19.563514709472656,14.958251953125,0.0,nan,383.5,0.0,0.0,1242.4000244140625,nan,nan,nan,65536.0
2026-09-11T01:37:00.000+08:00,0.0,19.613197326660156,14.944580078125,0.0,nan,383.5,0.0,0.0,1242.4000244140625,nan,nan,nan,65536.0
2026-09-11T01:38:00.000+08:00,0.0,19.591156005859375,14.9375,0.0,nan,383.6000061035156,0.0,0.0,1242.4000244140625,nan,nan,nan,65536.0
2026-09-11T01:39:00.000+08:00,0.0,19.61040496826172,15.034912109375,0.0,nan,384.1000061035156,0.0,0.0,1242.4000244140625,nan,nan,nan,65536.0
2026-09-11T01:40:00.000+08:00,0.0,19.528030395507812,15.048583984375,0.0,nan,384.29998779296875,0.0,0.0,1242.4000244140625,nan,nan,nan,65536.0
2026-09-11T01:41:00.000+08:00,0.0,19.565086364746094,15.041748046875,0.0,nan,384.0,0.0,0.0,1242.4000244140625,nan,nan,nan,65536.0
2026-09-11T01:42:00.000+08:00,0.0,19.506195068359375,15.076416015625,0.0,nan,383.8999938964844,0.0,0.0,1242.4000244140625,nan,nan,nan,65536.0
2026-09-11T01:43:00.000+08:00,0.0,19.525421142578125,15.1181640625,0.0,nan,384.0,0.0,0.0,1242.4000244140625,nan,nan,nan,65536.0
2026-09-11T01:44:00.000+08:00,0.0,19.58074188232422,15.097412109375,0.0,nan,383.6000061035156,0.0,0.0,1242.4000244140625,nan,nan,nan,65536.0
2026-09-11T01:45:00.000+08:00,0.0,19.60936737060547,15.083251953125,0.0,nan,383.79998779296875,0.0,0.0,1242.4000244140625,nan,nan,nan,65536.0
2026-09-11T01:46:00.000+08:00,0.0,19.508285522460938,15.138916015625,0.0,nan,383.5,0.0,0.0,1242.4000244140625,nan,nan,nan,65536.0
2026-09-11T01:47:00.000+08:00,0.0,19.519508361816406,15.14599609375,0.0,nan,383.6000061035156,0.0,0.0,1242.4000244140625,nan,nan,nan,65536.0
2026-09-11T01:48:00.000+08:00,0.0,19.60393524169922,15.1806640625,0.0,nan,383.5,0.0,0.0,1242.4000244140625,nan,nan,nan,65536.0
2026-09-11T01:49:00.000+08:00,0.0,19.61608123779297,15.1806640625,0.0,nan,383.5,0.0,0.0,1242.4000244140625,nan,nan,nan,65536.0
2026-09-11T01:50:00.000+08:00,0.0,19.547828674316406,15.21533203125,0.0,nan,384.29998779296875,0.0,0.0,1242.4000244140625,nan,nan,nan,65536.0
2026-09-11T01:51:00.000+08:00,0.0,19.56092071533203,15.229248046875,0.0,nan,383.8999938964844,0.0,0.0,1242.4000244140625,nan,nan,nan,65536.0
2026-09-11T01:52:00.000+08:00,0.0,19.604171752929688,15.194580078125,0.0,nan,383.79998779296875,0.0,0.0,1242.4000244140625,nan,nan,nan,65536.0
2026-09-11T01:53:00.000+08:00,0.0,19.52740478515625,15.25,0.0,nan,383.8999938964844,0.0,0.0,1242.4000244140625,nan,nan,nan,65536.0
2026-09-11T01:54:00.000+08:00,0.0,19.52928924560547,15.284912109375,0.0,nan,384.0,0.0,0.0,1242.4000244140625,nan,nan,nan,65536.0
2026-09-11T01:55:00.000+08:00,0.0,nan,nan,0.0,nan,384.1000061035156,0.0,0.0,1242.4000244140625,nan,nan,nan,65536.0
2026-09-11T01:56:00.000+08:00,0.0,19.618576049804688,15.2882080078125,0.0,nan,383.6000061035156,0.0,0.0,1242.4000244140625,nan,nan,nan,65536.0
2026-09-11T01:57:00.000+08:00,nan,19.622108459472656,15.263916015625,nan,nan,383.8999938964844,0.0,0.0,1242.4000244140625,nan,nan,nan,65536.0
2026-09-11T01:58:00.000+08:00,0.0,19.681716918945312,15.326416015625,0.0,nan,384.1000061035156,0.0,0.0,1242.4000244140625,nan,nan,nan,65536.0
2026-09-11T01:59:00.000+08:00,0.0,19.71551513671875,15.347412109375,0.0,nan,383.8999938964844,0.0,0.0,1242.4000244140625,nan,nan,nan,65536.0
2026-09-11T02:00:00.000+08:00,0.0,19.69159698486328,15.3125,0.0,nan,383.70001220703125,0.0,0.0,1242.4000244140625,nan,nan,nan,65536.0
2026-09-11T02:01:00.000+08:00,0.0,19.51653289794922,15.375,0.0,nan,383.70001220703125,0.0,0.0,1242.4000244140625,nan,nan,nan,65536.0
2026-09-11T02:02:00.000+08:00,0.0,19.661605834960938,15.4306640625,0.0,nan,383.6000061035156,0.0,0.0,1242.4000244140625,nan,nan,nan,65536.0
2026-09-11T02:03:00.000+08:00,0.0,19.674354553222656,15.4306640625,0.0,nan,383.1000061035156,0.0,0.0,1242.4000244140625,nan,nan,nan,65536.0
2026-09-11T02:04:00.000+08:00,0.0,19.739120483398438,15.423583984375,0.0,nan,383.5,0.0,0.0,1242.4000244140625,nan,nan,nan,65536.0
2026-09-11T02:05:00.000+08:00,0.0,19.63488006591797,15.479248046875,0.0,nan,383.6000061035156,0.0,0.0,1242.4000244140625,nan,nan,nan,65536.0
2026-09-11T02:06:00.000+08:00,0.0,19.65782928466797,15.444580078125,0.0,nan,383.6000061035156,0.0,0.0,1242.4000244140625,nan,nan,nan,65536.0
2026-09-11T02:07:00.000+08:00,0.0,19.716827392578125,15.4931640625,0.0,nan,383.0,0.0,0.0,1242.4000244140625,nan,nan,nan,65536.0
2026-09-11T02:08:00.000+08:00,0.0,19.62975311279297,15.46533203125,0.0,nan,383.6000061035156,0.0,0.0,1242.4000244140625,nan,nan,nan,65536.0
2026-09-11T02:09:00.000+08:00,0.0,19.63775634765625,15.548583984375,0.0,nan,383.70001220703125,0.0,0.0,1242.4000244140625,nan,nan,nan,65536.0
2026-09-11T02:10:00.000+08:00,0.0,19.68267059326172,15.541748046875,0.0,nan,383.8999938964844,0.0,0.0,1242.4000244140625,nan,nan,nan,65536.0
2026-09-11T02:11:00.000+08:00,0.0,19.669647216796875,15.541748046875,0.0,nan,384.20001220703125,0.0,0.0,1242.4000244140625,nan,nan,nan,65536.0
2026-09-11T02:12:00.000+08:00,0.0,19.6754150390625,15.5556640625,0.0,nan,383.70001220703125,0.0,0.0,1242.4000244140625,nan,nan,nan,65536.0
2026-09-11T02:13:00.000+08:00,0.0,19.691085815429688,15.611083984375,0.0,nan,383.70001220703125,0.0,0.0,1242.4000244140625,nan,nan,nan,65536.0
2026-09-11T02:14:00.000+08:00,0.0,19.689125061035156,15.583251953125,0.0,nan,383.8999938964844,0.0,0.0,1242.4000244140625,nan,nan,nan,65536.0
2026-09-11T02:15:00.000+08:00,0.0,19.736976623535156,15.569580078125,0.0,nan,383.8999938964844,0.0,0.0,1242.4000244140625,nan,nan,nan,65536.0
2026-09-11T02:16:00.000+08:00,0.0,19.631797790527344,15.597412109375,0.0,nan,383.3999938964844,0.0,0.0,1242.4000244140625,nan,nan,nan,65536.0
2026-09-11T02:17:00.000+08:00,0.0,19.651641845703125,15.65283203125,0.0,nan,383.70001220703125,0.0,0.0,1242.4000244140625,nan,nan,nan,65536.0
2026-09-11T02:18:00.000+08:00,0.0,19.65380096435547,15.673583984375,0.0,nan,383.6000061035156,0.0,0.0,1242.4000244140625,nan,nan,nan,65536.0
2026-09-11T02:19:00.000+08:00,0.0,19.66387939453125,15.625,0.0,nan,383.20001220703125,0.0,0.0,1242.4000244140625,nan,nan,nan,65536.0
2026-09-11T02:20:00.000+08:00,0.0,19.704559326171875,15.625,0.0,nan,383.6000061035156,0.0,0.0,1242.4000244140625,nan,nan,nan,65536.0
2026-09-11T02:21:00.000+08:00,0.0,19.651351928710938,15.722412109375,0.0,nan,383.20001220703125,0.0,0.0,1242.4000244140625,nan,nan,nan,65536.0
2026-09-11T02:22:00.000+08:00,0.0,19.819297790527344,15.736083984375,0.0,nan,383.5,0.0,0.0,1242.4000244140625,nan,nan,nan,65536.0
2026-09-11T02:23:00.000+08:00,0.0,19.793251037597656,15.701416015625,0.0,nan,384.0,0.0,0.0,1242.4000244140625,nan,nan,nan,65536.0
2026-09-11T02:24:00.000+08:00,0.0,19.83930206298828,15.729248046875,0.0,nan,384.1000061035156,0.0,0.0,1242.4000244140625,nan,nan,nan,65536.0
2026-09-11T02:25:00.000+08:00,0.0,19.76396942138672,15.6875,0.0,nan,384.0,0.0,0.0,1242.4000244140625,nan,nan,nan,65536.0
2026-09-11T02:26:00.000+08:00,0.0,19.81084442138672,15.75,0.0,nan,383.79998779296875,0.0,0.0,1242.4000244140625,nan,nan,nan,65536.0
2026-09-11T02:27:00.000+08:00,0.0,19.83391571044922,15.763916015625,0.0,nan,384.0,0.0,0.0,1242.4000244140625,nan,nan,nan,65536.0
2026-09-11T02:28:00.000+08:00,0.0,19.858779907226562,15.763916015625,0.0,nan,383.8999938964844,0.0,0.0,1242.4000244140625,nan,nan,nan,65536.0
2026-09-11T02:29:00.000+08:00,0.0,19.862747192382812,15.77783203125,0.0,nan,383.79998779296875,0.0,0.0,1242.4000244140625,nan,nan,nan,65536.0
2026-09-11T02:30:00.000+08:00,0.0,19.797569274902344,15.833251953125,0.0,nan,383.3999938964844,0.0,0.0,1242.4000244140625,nan,nan,nan,65536.0
2026-09-11T02:31:00.000+08:00,0.0,19.85633087158203,15.8681640625,0.0,nan,383.79998779296875,0.0,0.0,1242.4000244140625,nan,nan,nan,65536.0
2026-09-11T02:32:00.000+08:00,0.0,19.825340270996094,15.8125,0.0,nan,383.70001220703125,0.0,0.0,1242.4000244140625,nan,nan,nan,65536.0
2026-09-11T02:33:00.000+08:00,0.0,19.85832977294922,15.861083984375,0.0,nan,383.8999938964844,0.0,0.0,1242.4000244140625,nan,nan,nan,65536.0
2026-09-11T02:34:00.000+08:00,0.0,19.76020050048828,15.895751953125,0.0,nan,383.8999938964844,0.0,0.0,1242.4000244140625,nan,nan,nan,65536.0
2026-09-11T02:35:00.000+08:00,0.0,19.805152893066406,15.895751953125,0.0,nan,384.29998779296875,0.0,0.0,1242.4000244140625,nan,nan,nan,65536.0
2026-09-11T02:36:00.000+08:00,0.0,19.83599090576172,15.90283203125,0.0,nan,384.29998779296875,0.0,0.0,1242.4000244140625,nan,nan,nan,65536.0
2026-09-11T02:37:00.000+08:00,0.0,19.796066284179688,15.882080078125,0.0,nan,384.6000061035156,0.0,0.0,1242.4000244140625,nan,nan,nan,65536.0
2026-09-11T02:38:00.000+08:00,0.0,19.767791748046875,15.986083984375,0.0,nan,384.5,0.0,0.0,1242.4000244140625,nan,nan,nan,65536.0
2026-09-11T02:39:00.000+08:00,0.0,19.78277587890625,15.979248046875,0.0,nan,384.29998779296875,0.0,0.0,1242.4000244140625,nan,nan,nan,65536.0
2026-09-11T02:40:00.000+08:00,0.0,19.843582153320312,15.958251953125,0.0,nan,384.20001220703125,0.0,0.0,1242.4000244140625,nan,nan,nan,65536.0
2026-09-11T02:41:00.000+08:00,0.0,19.855545043945312,15.986083984375,0.0,nan,383.79998779296875,0.0,0.0,1242.4000244140625,nan,nan,nan,65536.0
2026-09-11T02:42:00.000+08:00,0.0,19.758708953857422,16.0556640625,0.0,nan,384.20001220703125,0.0,0.0,1242.4000244140625,nan,nan,nan,65536.0
2026-09-11T02:43:00.000+08:00,0.0,19.783130645751953,16.0,0.0,nan,383.70001220703125,0.0,0.0,1242.4000244140625,nan,nan,nan,65536.0
2026-09-11T02:44:00.000+08:00,0.0,19.78662109375,16.02783203125,0.0,nan,383.8999938964844,0.0,0.0,1242.4000244140625,nan,nan,nan,65536.0
2026-09-11T02:45:00.000+08:00,0.0,19.798076629638672,16.111328125,0.0,nan,384.1000061035156,0.0,0.0,1242.4000244140625,nan,nan,nan,65536.0
2026-09-11T02:46:00.000+08:00,0.0,19.78911590576172,16.06982421875,0.0,nan,384.0,0.0,0.0,1242.4000244140625,nan,nan,nan,65536.0
2026-09-11T02:47:00.000+08:00,0.0,19.820518493652344,16.0,0.0,nan,383.8999938964844,0.0,0.0,1242.4000244140625,nan,nan,nan,65536.0
2026-09-11T02:48:00.000+08:00,0.0,19.827987670898438,16.0419921875,0.0,nan,384.29998779296875,0.0,0.0,1242.4000244140625,nan,nan,nan,65536.0
2026-09-11T02:49:00.000+08:00,0.0,19.841442108154297,16.111328125,0.0,nan,384.20001220703125,0.0,0.0,1242.4000244140625,nan,nan,nan,65536.0
2026-09-11T02:50:00.000+08:00,0.0,19.82498550415039,16.111328125,0.0,nan,384.0,0.0,0.0,1242.4000244140625,nan,nan,nan,65536.0
2026-09-11T02:51:00.000+08:00,0.0,19.887279510498047,16.1806640625,0.0,nan,384.5,0.0,0.0,1242.4000244140625,nan,nan,nan,65536.0
2026-09-11T02:52:00.000+08:00,0.0,19.895263671875,16.16650390625,0.0,nan,383.8999938964844,0.0,0.0,1242.4000244140625,nan,nan,nan,65536.0
2026-09-11T02:53:00.000+08:00,0.0,19.88779067993164,16.236328125,0.0,nan,384.20001220703125,0.0,0.0,1242.4000244140625,nan,nan,nan,65536.0
2026-09-11T02:54:00.000+08:00,0.0,nan,nan,0.0,nan,384.29998779296875,0.0,0.0,1242.4000244140625,nan,nan,nan,65536.0
2026-09-11T02:55:00.000+08:00,0.0,19.90648078918457,16.166748046875,0.0,nan,383.8999938964844,0.0,0.0,1242.4000244140625,nan,nan,nan,65536.0
2026-09-11T02:56:00.000+08:00,nan,19.942138671875,16.125,nan,nan,384.1000061035156,0.0,0.0,1242.4000244140625,nan,nan,nan,65536.0
2026-09-11T02:57:00.000+08:00,0.0,19.970500946044922,16.22216796875,0.0,nan,384.0,0.0,0.0,1242.4000244140625,nan,nan,nan,65536.0
2026-09-11T02:58:00.000+08:00,0.0,19.991958618164062,16.19482421875,0.0,nan,384.1000061035156,0.0,0.0,1242.4000244140625,nan,nan,nan,65536.0
2026-09-11T02:59:00.000+08:00,0.0,19.876392364501953,16.31982421875,0.0,nan,384.29998779296875,0.0,0.0,1242.4000244140625,nan,nan,nan,65536.0
2026-09-11T03:00:00.000+08:00,0.0,19.986957550048828,16.236328125,0.0,nan,384.1000061035156,0.0,0.0,1242.4000244140625,nan,nan,nan,65536.0
2026-09-11T03:01:00.000+08:00,0.0,19.90234375,16.26416015625,0.0,nan,383.79998779296875,0.0,0.0,1242.4000244140625,nan,nan,nan,65536.0
2026-09-11T03:02:00.000+08:00,0.0,19.89487075805664,16.27783203125,0.0,nan,384.1000061035156,0.0,0.0,1242.4000244140625,nan,nan,nan,65536.0
2026-09-11T03:03:00.000+08:00,0.0,19.93670654296875,16.34716796875,0.0,nan,383.8999938964844,0.0,0.0,1242.4000244140625,nan,nan,nan,65536.0
2026-09-11T03:04:00.000+08:00,0.0,19.920307159423828,16.34716796875,0.0,nan,383.79998779296875,0.0,0.0,1242.4000244140625,nan,nan,nan,65536.0
2026-09-11T03:05:00.000+08:00,0.0,19.949237823486328,16.3056640625,0.0,nan,383.5,0.0,0.0,1242.4000244140625,nan,nan,nan,65536.0
2026-09-11T03:06:00.000+08:00,0.0,19.92727279663086,16.361328125,0.0,nan,384.1000061035156,0.0,0.0,1242.4000244140625,nan,nan,nan,65536.0
2026-09-11T03:07:00.000+08:00,0.0,19.95816421508789,16.3056640625,0.0,nan,383.79998779296875,0.0,0.0,1242.4000244140625,nan,nan,nan,65536.0
2026-09-11T03:08:00.000+08:00,0.0,19.994548797607422,16.29150390625,0.0,nan,383.8999938964844,0.0,0.0,1242.4000244140625,nan,nan,nan,65536.0
2026-09-11T03:09:00.000+08:00,0.0,19.986072540283203,16.361328125,0.0,nan,384.5,0.0,0.0,1242.4000244140625,nan,nan,nan,65536.0
2026-09-11T03:10:00.000+08:00,0.0,19.893985748291016,16.47216796875,0.0,nan,384.20001220703125,0.0,0.0,1242.4000244140625,nan,nan,nan,65536.0
2026-09-11T03:11:00.000+08:00,0.0,19.895008087158203,16.47216796875,0.0,nan,383.6000061035156,0.0,0.0,1242.4000244140625,nan,nan,nan,65536.0
2026-09-11T03:12:00.000+08:00,0.0,19.919857025146484,16.4306640625,0.0,nan,383.6000061035156,0.0,0.0,1242.4000244140625,nan,nan,nan,65536.0
2026-09-11T03:13:00.000+08:00,0.0,19.902889251708984,16.4306640625,0.0,nan,383.6000061035156,0.0,0.0,1242.4000244140625,nan,nan,nan,65536.0
2026-09-11T03:14:00.000+08:00,0.0,19.919857025146484,16.375,0.0,nan,383.3999938964844,0.0,0.0,1242.4000244140625,nan,nan,nan,65536.0
2026-09-11T03:15:00.000+08:00,0.0,20.097187042236328,16.4306640625,0.0,nan,384.1000061035156,0.0,0.0,1242.4000244140625,nan,nan,nan,65536.0
2026-09-11T03:16:00.000+08:00,0.0,19.97014617919922,16.486328125,0.0,nan,383.79998779296875,0.0,0.0,1242.4000244140625,nan,nan,nan,65536.0
2026-09-11T03:17:00.000+08:00,0.0,20.11211395263672,16.486328125,0.0,nan,383.79998779296875,0.0,0.0,1242.4000244140625,nan,nan,nan,65536.0
2026-09-11T03:18:00.000+08:00,0.0,20.115585327148438,16.40283203125,0.0,nan,383.79998779296875,0.0,0.0,1242.4000244140625,nan,nan,nan,65536.0
2026-09-11T03:19:00.000+08:00,0.0,19.977210998535156,16.40283203125,0.0,nan,383.6000061035156,0.0,0.0,1242.4000244140625,nan,nan,nan,65536.0
2026-09-11T03:20:00.000+08:00,0.0,20.011550903320312,16.54150390625,0.0,nan,383.70001220703125,0.0,0.0,1242.4000244140625,nan,nan,nan,65536.0
2026-09-11T03:21:00.000+08:00,0.0,20.02106475830078,16.59716796875,0.0,nan,384.20001220703125,0.0,0.0,1242.4000244140625,nan,nan,nan,65536.0
2026-09-11T03:22:00.000+08:00,0.0,20.02608871459961,16.51416015625,0.0,nan,383.8999938964844,0.0,0.0,1242.4000244140625,nan,nan,nan,65536.0
2026-09-11T03:23:00.000+08:00,0.0,20.04897689819336,16.5,0.0,nan,384.29998779296875,0.0,0.0,1242.4000244140625,nan,nan,nan,65536.0
2026-09-11T03:24:00.000+08:00,0.0,20.074825286865234,16.52783203125,0.0,nan,384.1000061035156,0.0,0.0,1242.4000244140625,nan,nan,nan,65536.0
2026-09-11T03:25:00.000+08:00,0.0,20.059921264648438,16.59716796875,0.0,nan,384.20001220703125,0.0,0.0,1242.4000244140625,nan,nan,nan,65536.0
2026-09-11T03:26:00.000+08:00,0.0,20.08382797241211,16.5556640625,0.0,nan,384.1000061035156,0.0,0.0,1242.4000244140625,nan,nan,nan,65536.0
2026-09-11T03:27:00.000+08:00,0.0,20.093360900878906,16.52783203125,0.0,nan,384.70001220703125,0.0,0.0,1242.4000244140625,nan,nan,nan,65536.0
2026-09-11T03:28:00.000+08:00,0.0,20.112777709960938,16.611328125,0.0,nan,384.3999938964844,0.0,0.0,1242.4000244140625,nan,nan,nan,65536.0
2026-09-11T03:29:00.000+08:00,0.0,20.114700317382812,16.59716796875,0.0,nan,384.6000061035156,0.0,0.0,1242.4000244140625,nan,nan,nan,65536.0
2026-09-11T03:30:00.000+08:00,0.0,20.12023162841797,16.611328125,0.0,nan,384.70001220703125,0.0,0.0,1242.4000244140625,nan,nan,nan,65536.0
2026-09-11T03:31:00.000+08:00,0.0,20.010669708251953,16.72216796875,0.0,nan,384.5,0.0,0.0,1242.4000244140625,nan,nan,nan,65536.0
2026-09-11T03:32:00.000+08:00,0.0,20.046031951904297,16.6806640625,0.0,nan,384.3999938964844,0.0,0.0,1242.4000244140625,nan,nan,nan,65536.0
2026-09-11T03:33:00.000+08:00,0.0,20.074993133544922,16.69482421875,0.0,nan,383.6000061035156,0.0,0.0,1242.4000244140625,nan,nan,nan,65536.0
2026-09-11T03:34:00.000+08:00,0.0,20.082958221435547,16.72216796875,0.0,nan,384.6000061035156,0.0,0.0,1242.4000244140625,nan,nan,nan,65536.0
2026-09-11T03:35:00.000+08:00,0.0,20.081409454345703,16.6806640625,0.0,nan,384.1000061035156,0.0,0.0,1242.4000244140625,nan,nan,nan,65536.0
2026-09-11T03:36:00.000+08:00,0.0,20.081920623779297,16.625,0.0,nan,384.29998779296875,0.0,0.0,1242.4000244140625,nan,nan,nan,65536.0
2026-09-11T03:37:00.000+08:00,0.0,20.081920623779297,16.63916015625,0.0,nan,384.5,0.0,0.0,1242.4000244140625,nan,nan,nan,65536.0
2026-09-11T03:38:00.000+08:00,0.0,20.119556427001953,16.625,0.0,nan,383.79998779296875,0.0,0.0,1242.4000244140625,nan,nan,nan,65536.0
2026-09-11T03:39:00.000+08:00,0.0,20.099796295166016,16.66650390625,0.0,nan,383.70001220703125,0.0,0.0,1242.4000244140625,nan,nan,nan,65536.0
2026-09-11T03:40:00.000+08:00,0.0,20.10793685913086,16.736328125,0.0,nan,383.70001220703125,0.0,0.0,1242.4000244140625,nan,nan,nan,65536.0
2026-09-11T03:41:00.000+08:00,0.0,20.039112091064453,16.76416015625,0.0,nan,383.8999938964844,0.0,0.0,1242.4000244140625,nan,nan,nan,65536.0
2026-09-11T03:42:00.000+08:00,0.0,20.04520034790039,16.79150390625,0.0,nan,384.0,0.0,0.0,1242.4000244140625,nan,nan,nan,65536.0
2026-09-11T03:43:00.000+08:00,0.0,20.054733276367188,16.77783203125,0.0,nan,384.1000061035156,0.0,0.0,1242.4000244140625,nan,nan,nan,65536.0
2026-09-11T03:44:00.000+08:00,0.0,20.05526351928711,16.75,0.0,nan,384.0,0.0,0.0,1242.4000244140625,nan,nan,nan,65536.0
2026-09-11T03:45:00.000+08:00,0.0,20.192230224609375,16.84716796875,0.0,nan,384.3999938964844,0.0,0.0,1242.4000244140625,nan,nan,nan,65536.0
2026-09-11T03:46:00.000+08:00,0.0,20.22635269165039,16.861328125,0.0,nan,383.70001220703125,0.0,0.0,1242.4000244140625,nan,nan,nan,65536.0
2026-09-11T03:47:00.000+08:00,0.0,20.231590270996094,16.861328125,0.0,nan,383.8999938964844,0.0,0.0,1242.4000244140625,nan,nan,nan,65536.0
2026-09-11T03:48:00.000+08:00,0.0,20.24493408203125,16.84716796875,0.0,nan,383.8999938964844,0.0,0.0,1242.4000244140625,nan,nan,nan,65536.0
2026-09-11T03:49:00.000+08:00,0.0,20.23316192626953,16.83349609375,0.0,nan,383.79998779296875,0.0,0.0,1242.4000244140625,nan,nan,nan,65536.0
2026-09-11T03:50:00.000+08:00,0.0,20.154251098632812,16.9306640625,0.0,nan,383.79998779296875,0.0,0.0,1242.4000244140625,nan,nan,nan,65536.0
2026-09-11T03:51:00.000+08:00,0.0,20.143539428710938,16.986328125,0.0,nan,384.5,0.0,0.0,1242.4000244140625,nan,nan,nan,65536.0
2026-09-11T03:52:00.000+08:00,0.0,nan,nan,0.0,nan,384.29998779296875,0.0,0.0,1242.4000244140625,nan,nan,nan,65536.0
2026-09-11T03:53:00.000+08:00,0.0,20.15555763244629,16.972412109375,0.0,nan,384.70001220703125,0.0,0.0,1242.4000244140625,nan,nan,nan,65536.0
2026-09-11T03:54:00.000+08:00,0.0,20.177345275878906,16.9169921875,0.0,nan,384.3999938964844,0.0,0.0,1242.4000244140625,nan,nan,nan,65536.0
2026-09-11T03:55:00.000+08:00,nan,20.193828582763672,16.9306640625,nan,nan,383.8999938964844,0.0,0.0,1242.4000244140625,nan,nan,nan,65536.0
2026-09-11T03:56:00.000+08:00,0.0,20.18982696533203,16.88916015625,0.0,nan,384.20001220703125,0.0,0.0,1242.4000244140625,nan,nan,nan,65536.0
2026-09-11T03:57:00.000+08:00,0.0,20.19436264038086,16.94482421875,0.0,nan,383.70001220703125,0.0,0.0,1242.4000244140625,nan,nan,nan,65536.0
2026-09-11T03:58:00.000+08:00,0.0,20.225738525390625,16.875,0.0,nan,384.3999938964844,0.0,0.0,1242.4000244140625,nan,nan,nan,65536.0
2026-09-11T03:59:00.000+08:00,0.0,20.136112213134766,17.02783203125,0.0,nan,384.5,0.0,0.0,1242.4000244140625,nan,nan,nan,65536.0
2026-09-11T04:00:00.000+08:00,0.0,20.228145599365234,16.88916015625,0.0,nan,384.0,0.0,0.0,1242.4000244140625,nan,nan,nan,65536.0
2026-09-11T04:01:00.000+08:00,0.0,20.241153717041016,17.02783203125,0.0,nan,384.20001220703125,0.0,0.0,1242.4000244140625,nan,nan,nan,65536.0
2026-09-11T04:02:00.000+08:00,0.0,20.154712677001953,17.0419921875,0.0,nan,384.0,0.0,0.0,1242.4000244140625,nan,nan,nan,65536.0
2026-09-11T04:03:00.000+08:00,0.0,20.154460906982422,17.09716796875,0.0,nan,384.3999938964844,0.0,0.0,1242.4000244140625,nan,nan,nan,65536.0
2026-09-11T04:04:00.000+08:00,0.0,20.168014526367188,17.111328125,0.0,nan,384.5,0.0,0.0,1242.4000244140625,nan,nan,nan,65536.0
2026-09-11T04:05:00.000+08:00,0.0,20.187950134277344,17.111328125,0.0,nan,384.3999938964844,0.0,0.0,1242.4000244140625,nan,nan,nan,65536.0
2026-09-11T04:06:00.000+08:00,0.0,20.178924560546875,17.111328125,0.0,nan,384.5,0.0,0.0,1242.4000244140625,nan,nan,nan,65536.0
2026-09-11T04:07:00.000+08:00,0.0,20.201507568359375,17.08349609375,0.0,nan,384.5,0.0,0.0,1242.4000244140625,nan,nan,nan,65536.0
2026-09-11T04:08:00.000+08:00,0.0,20.200725555419922,17.02783203125,0.0,nan,384.20001220703125,0.0,0.0,1242.4000244140625,nan,nan,nan,65536.0
2026-09-11T04:09:00.000+08:00,0.0,20.22040557861328,17.01416015625,0.0,nan,384.6000061035156,0.0,0.0,1242.4000244140625,nan,nan,nan,65536.0
2026-09-11T04:10:00.000+08:00,0.0,20.240337371826172,17.02783203125,0.0,nan,384.3999938964844,0.0,0.0,1242.4000244140625,nan,nan,nan,65536.0
2026-09-11T04:11:00.000+08:00,0.0,20.230510711669922,17.01416015625,0.0,nan,385.0,0.0,0.0,1242.4000244140625,nan,nan,nan,65536.0
2026-09-11T04:12:00.000+08:00,0.0,20.242733001708984,17.111328125,0.0,nan,384.5,0.0,0.0,1242.4000244140625,nan,nan,nan,65536.0
2026-09-11T04:13:00.000+08:00,0.0,20.164531707763672,17.1806640625,0.0,nan,384.29998779296875,0.0,0.0,1242.4000244140625,nan,nan,nan,65536.0
2026-09-11T04:14:00.000+08:00,0.0,20.269596099853516,17.20849609375,0.0,nan,384.20001220703125,0.0,0.0,1242.4000244140625,nan,nan,nan,65536.0
2026-09-11T04:15:00.000+08:00,0.0,20.296710968017578,17.125,0.0,nan,384.0,0.0,0.0,1242.4000244140625,nan,nan,nan,65536.0
2026-09-11T04:16:00.000+08:00,0.0,20.17516326904297,17.125,0.0,nan,384.1000061035156,0.0,0.0,1242.4000244140625,nan,nan,nan,65536.0
2026-09-11T04:17:00.000+08:00,0.0,20.16558837890625,17.15283203125,0.0,nan,384.5,0.0,0.0,1242.4000244140625,nan,nan,nan,65536.0
2026-09-11T04:18:00.000+08:00,0.0,20.31291961669922,17.22216796875,0.0,nan,384.20001220703125,0.0,0.0,1242.4000244140625,nan,nan,nan,65536.0
2026-09-11T04:19:00.000+08:00,0.0,20.227027893066406,17.19482421875,0.0,nan,383.8999938964844,0.0,0.0,1242.4000244140625,nan,nan,nan,65536.0
2026-09-11T04:20:00.000+08:00,0.0,20.325946807861328,17.19482421875,0.0,nan,384.1000061035156,0.0,0.0,1242.4000244140625,nan,nan,nan,65536.0
2026-09-11T04:21:00.000+08:00,0.0,20.346431732177734,17.15283203125,0.0,nan,384.3999938964844,0.0,0.0,1242.4000244140625,nan,nan,nan,65536.0
2026-09-11T04:22:00.000+08:00,0.0,20.259483337402344,17.26416015625,0.0,nan,384.6000061035156,0.0,0.0,1242.4000244140625,nan,nan,nan,65536.0
2026-09-11T04:23:00.000+08:00,0.0,20.268524169921875,17.361328125,0.0,nan,384.3999938964844,0.0,0.0,1242.4000244140625,nan,nan,nan,65536.0
2026-09-11T04:24:00.000+08:00,0.0,20.284709930419922,17.27783203125,0.0,nan,384.3999938964844,0.0,0.0,1242.4000244140625,nan,nan,nan,65536.0
2026-09-11T04:25:00.000+08:00,0.0,20.273822784423828,17.3056640625,0.0,nan,384.3999938964844,0.0,0.0,1242.4000244140625,nan,nan,nan,65536.0
2026-09-11T04:26:00.000+08:00,0.0,20.281787872314453,17.26416015625,0.0,nan,384.70001220703125,0.0,0.0,1242.4000244140625,nan,nan,nan,65536.0
2026-09-11T04:27:00.000+08:00,0.0,20.27780532836914,17.27783203125,0.0,nan,384.70001220703125,0.0,0.0,1242.4000244140625,nan,nan,nan,65536.0
2026-09-11T04:28:00.000+08:00,0.0,20.319522857666016,17.26416015625,0.0,nan,384.29998779296875,0.0,0.0,1242.4000244140625,nan,nan,nan,65536.0
2026-09-11T04:29:00.000+08:00,0.0,20.339473724365234,17.29150390625,0.0,nan,383.8999938964844,0.0,0.0,1242.4000244140625,nan,nan,nan,65536.0
2026-09-11T04:30:00.000+08:00,0.0,20.316184997558594,17.34716796875,0.0,nan,383.8999938964844,0.0,0.0,1242.4000244140625,nan,nan,nan,65536.0
2026-09-11T04:31:00.000+08:00,0.0,20.34506607055664,17.3056640625,0.0,nan,384.6000061035156,0.0,0.0,1242.4000244140625,nan,nan,nan,65536.0
2026-09-11T04:32:00.000+08:00,0.0,20.335254669189453,17.3056640625,0.0,nan,384.1000061035156,0.0,0.0,1242.4000244140625,nan,nan,nan,65536.0
2026-09-11T04:33:00.000+08:00,0.0,20.333961486816406,17.31982421875,0.0,nan,384.3999938964844,0.0,0.0,1242.4000244140625,nan,nan,nan,65536.0
2026-09-11T04:34:00.000+08:00,0.0,20.257587432861328,17.486328125,0.0,nan,384.5,0.0,0.0,1242.4000244140625,nan,nan,nan,65536.0
2026-09-11T04:35:00.000+08:00,0.0,20.289703369140625,17.38916015625,0.0,nan,384.70001220703125,0.0,0.0,1242.4000244140625,nan,nan,nan,65536.0
2026-09-11T04:36:00.000+08:00,0.0,20.283344268798828,17.41650390625,0.0,nan,383.8999938964844,0.0,0.0,1242.4000244140625,nan,nan,nan,65536.0
2026-09-11T04:37:00.000+08:00,0.0,20.284423828125,17.4306640625,0.0,nan,384.3999938964844,0.0,0.0,1242.4000244140625,nan,nan,nan,65536.0
2026-09-11T04:38:00.000+08:00,0.0,20.30728530883789,17.4306640625,0.0,nan,384.1000061035156,0.0,0.0,1242.4000244140625,nan,nan,nan,65536.0
2026-09-11T04:39:00.000+08:00,0.0,20.29186248779297,17.41650390625,0.0,nan,384.0,0.0,0.0,1242.4000244140625,nan,nan,nan,65536.0
2026-09-11T04:40:00.000+08:00,0.0,20.287330627441406,17.4306640625,0.0,nan,383.79998779296875,0.0,0.0,1242.4000244140625,nan,nan,nan,65536.0
2026-09-11T04:41:00.000+08:00,0.0,20.33283233642578,17.41650390625,0.0,nan,384.20001220703125,0.0,0.0,1242.4000244140625,nan,nan,nan,65536.0
2026-09-11T04:42:00.000+08:00,0.0,20.33393096923828,17.40283203125,0.0,nan,383.8999938964844,0.0,0.0,1242.4000244140625,nan,nan,nan,65536.0
2026-09-11T04:43:00.000+08:00,0.0,20.32376480102539,17.44482421875,0.0,nan,384.1000061035156,0.0,0.0,1242.4000244140625,nan,nan,nan,65536.0
2026-09-11T04:44:00.000+08:00,0.0,20.470348358154297,17.4306640625,0.0,nan,383.79998779296875,0.0,0.0,1242.4000244140625,nan,nan,nan,65536.0
2026-09-11T04:45:00.000+08:00,0.0,20.256786346435547,17.4306640625,0.0,nan,383.3999938964844,0.0,0.0,1242.4000244140625,nan,nan,nan,65536.0
2026-09-11T04:46:00.000+08:00,0.0,20.262592315673828,17.5556640625,0.0,nan,383.70001220703125,0.0,0.0,1242.4000244140625,nan,nan,nan,65536.0
2026-09-11T04:47:00.000+08:00,0.0,20.391029357910156,17.52783203125,0.0,nan,383.79998779296875,0.0,0.0,1242.4000244140625,nan,nan,nan,65536.0
2026-09-11T04:48:00.000+08:00,0.0,20.267658233642578,17.51416015625,0.0,nan,381.79998779296875,0.0,0.0,1242.4000244140625,nan,nan,nan,65536.0
2026-09-11T04:49:00.000+08:00,0.0,20.30754852294922,17.52783203125,0.0,nan,383.20001220703125,0.0,0.0,1242.4000244140625,nan,nan,nan,65536.0
2026-09-11T04:50:00.000+08:00,0.0,20.418399810791016,17.5,0.0,nan,383.6000061035156,0.0,0.0,1242.4000244140625,nan,nan,nan,65536.0
2026-09-11T04:51:00.000+08:00,0.0,nan,nan,0.0,nan,384.5,0.0,0.0,1242.4000244140625,nan,nan,nan,65536.0
2026-09-11T04:52:00.000+08:00,0.0,20.426837921142578,17.52783203125,0.0,nan,385.20001220703125,0.0,0.0,1242.4000244140625,nan,nan,nan,65536.0
2026-09-11T04:53:00.000+08:00,0.0,20.422229766845703,17.52783203125,0.0,nan,384.79998779296875,0.0,0.0,1242.4000244140625,nan,nan,nan,65536.0
2026-09-11T04:54:00.000+08:00,nan,20.446868896484375,17.59716796875,nan,nan,384.70001220703125,0.0,0.0,1242.4000244140625,nan,nan,nan,65536.0
2026-09-11T04:55:00.000+08:00,0.0,20.46884536743164,17.54150390625,0.0,nan,384.5,0.0,0.0,1242.4000244140625,nan,nan,nan,65536.0
2026-09-11T04:56:00.000+08:00,0.0,20.46609878540039,17.611328125,0.0,nan,384.29998779296875,0.0,0.0,1242.4000244140625,nan,nan,nan,65536.0
2026-09-11T04:57:00.000+08:00,0.0,20.496929168701172,17.5556640625,0.0,nan,384.3999938964844,0.0,0.0,1242.4000244140625,nan,nan,nan,65536.0
2026-09-11T04:58:00.000+08:00,0.0,20.37535858154297,17.54150390625,0.0,nan,383.79998779296875,0.0,0.0,1242.4000244140625,nan,nan,nan,65536.0
2026-09-11T04:59:00.000+08:00,0.0,20.401630401611328,17.70849609375,0.0,nan,383.70001220703125,0.0,0.0,1242.4000244140625,nan,nan,nan,65536.0
2026-09-11T05:00:00.000+08:00,0.0,20.390762329101562,17.6806640625,0.0,nan,383.5,0.0,0.0,1242.4000244140625,nan,nan,nan,65536.0
2026-09-11T05:01:00.000+08:00,0.0,20.412364959716797,17.63916015625,0.0,nan,383.6000061035156,0.0,0.0,1242.4000244140625,nan,nan,nan,65536.0
2026-09-11T05:02:00.000+08:00,0.0,20.420333862304688,17.736328125,0.0,nan,383.5,0.0,0.0,1242.4000244140625,nan,nan,nan,65536.0
2026-09-11T05:03:00.000+08:00,0.0,20.422115325927734,17.72216796875,0.0,nan,382.70001220703125,0.0,0.0,1242.4000244140625,nan,nan,nan,65536.0
2026-09-11T05:04:00.000+08:00,0.0,20.411815643310547,17.736328125,0.0,nan,382.29998779296875,0.0,0.0,1242.4000244140625,nan,nan,nan,65536.0
2026-09-11T05:05:00.000+08:00,0.0,20.44481658935547,17.63916015625,0.0,nan,383.0,0.0,0.0,1242.4000244140625,nan,nan,nan,65536.0
2026-09-11T05:06:00.000+08:00,0.0,20.45458984375,17.70849609375,0.0,nan,383.6000061035156,0.0,0.0,1242.4000244140625,nan,nan,nan,65536.0
2026-09-11T05:07:00.000+08:00,0.0,20.434635162353516,17.66650390625,0.0,nan,383.8999938964844,0.0,0.0,1242.4000244140625,nan,nan,nan,65536.0
2026-09-11T05:08:00.000+08:00,0.0,20.469993591308594,17.6806640625,0.0,nan,383.20001220703125,0.0,0.0,1242.4000244140625,nan,nan,nan,65536.0
2026-09-11T05:09:00.000+08:00,0.0,20.485942840576172,17.736328125,0.0,nan,383.29998779296875,0.0,0.0,1242.4000244140625,nan,nan,nan,65536.0
2026-09-11T05:10:00.000+08:00,0.0,20.47850799560547,17.6806640625,0.0,nan,382.79998779296875,0.0,0.0,1242.4000244140625,nan,nan,nan,65536.0
2026-09-11T05:11:00.000+08:00,0.0,20.48194122314453,17.736328125,0.0,nan,383.70001220703125,0.0,0.0,1242.4000244140625,nan,nan,nan,65536.0
2026-09-11T05:12:00.000+08:00,0.0,20.498035430908203,17.63916015625,0.0,nan,383.79998779296875,0.0,0.0,1242.4000244140625,nan,nan,nan,65536.0
2026-09-11T05:13:00.000+08:00,0.0,20.402481079101562,17.7919921875,0.0,nan,383.70001220703125,0.0,0.0,1242.4000244140625,nan,nan,nan,65536.0
2026-09-11T05:14:00.000+08:00,0.0,20.525699615478516,17.81982421875,0.0,nan,383.6000061035156,0.0,0.0,1242.4000244140625,nan,nan,nan,65536.0
2026-09-11T05:15:00.000+08:00,0.0,20.401935577392578,17.76416015625,0.0,nan,382.5,0.0,0.0,1242.4000244140625,nan,nan,nan,65536.0
2026-09-11T05:16:00.000+08:00,0.0,20.408252716064453,17.76416015625,0.0,nan,382.79998779296875,0.0,0.0,1242.4000244140625,nan,nan,nan,65536.0
2026-09-11T05:17:00.000+08:00,0.0,20.44747543334961,17.84716796875,0.0,nan,382.6000061035156,0.0,0.0,1242.4000244140625,nan,nan,nan,65536.0
2026-09-11T05:18:00.000+08:00,0.0,20.44525909423828,17.8056640625,0.0,nan,382.5,0.0,0.0,1242.4000244140625,nan,nan,nan,65536.0
2026-09-11T05:19:00.000+08:00,0.0,20.447025299072266,17.8056640625,0.0,nan,382.3999938964844,0.0,0.0,1242.4000244140625,nan,nan,nan,65536.0
2026-09-11T05:20:00.000+08:00,0.0,20.442371368408203,17.79150390625,0.0,nan,382.79998779296875,0.0,0.0,1242.4000244140625,nan,nan,nan,65536.0
2026-09-11T05:21:00.000+08:00,0.0,20.610126495361328,17.77783203125,0.0,nan,382.8999938964844,0.0,0.0,1242.4000244140625,nan,nan,nan,65536.0
2026-09-11T05:22:00.000+08:00,0.0,20.489131927490234,17.84716796875,0.0,nan,382.8999938964844,0.0,0.0,1242.4000244140625,nan,nan,nan,65536.0
2026-09-11T05:23:00.000+08:00,0.0,20.617565155029297,17.83349609375,0.0,nan,383.29998779296875,0.0,0.0,1242.4000244140625,nan,nan,nan,65536.0
2026-09-11T05:24:00.000+08:00,0.0,20.611248016357422,17.79150390625,0.0,nan,383.0,0.0,0.0,1242.4000244140625,nan,nan,nan,65536.0
2026-09-11T05:25:00.000+08:00,0.0,20.38165283203125,17.875,0.0,nan,382.3999938964844,0.0,0.0,1242.4000244140625,nan,nan,nan,65536.0
2026-09-11T05:26:00.000+08:00,0.0,20.533004760742188,17.9306640625,0.0,nan,382.3999938964844,0.0,0.0,1242.4000244140625,nan,nan,nan,65536.0
2026-09-11T05:27:00.000+08:00,0.0,20.52501678466797,17.97216796875,0.0,nan,382.79998779296875,0.0,0.0,1242.4000244140625,nan,nan,nan,65536.0
2026-09-11T05:28:00.000+08:00,0.0,20.530120849609375,17.97216796875,0.0,nan,382.6000061035156,0.0,0.0,1242.4000244140625,nan,nan,nan,65536.0
2026-09-11T05:29:00.000+08:00,0.0,20.535869598388672,17.95849609375,0.0,nan,382.8999938964844,0.0,0.0,1242.4000244140625,nan,nan,nan,65536.0
2026-09-11T05:30:00.000+08:00,0.0,20.55572509765625,17.95849609375,0.0,nan,382.6000061035156,0.0,0.0,1242.4000244140625,nan,nan,nan,65536.0
2026-09-11T05:31:00.000+08:00,0.0,20.552391052246094,17.97216796875,0.0,nan,383.1000061035156,0.0,0.0,1242.4000244140625,nan,nan,nan,65536.0
2026-09-11T05:32:00.000+08:00,0.0,20.56545639038086,17.88916015625,0.0,nan,383.20001220703125,0.0,0.0,1242.4000244140625,nan,nan,nan,65536.0
2026-09-11T05:33:00.000+08:00,0.0,20.58260726928711,17.95849609375,0.0,nan,382.8999938964844,0.0,0.0,1242.4000244140625,nan,nan,nan,65536.0
2026-09-11T05:34:00.000+08:00,0.0,20.59856414794922,17.94482421875,0.0,nan,383.20001220703125,0.0,0.0,1242.4000244140625,nan,nan,nan,65536.0
2026-09-11T05:35:00.000+08:00,0.0,20.597389221191406,17.9169921875,0.0,nan,383.1000061035156,0.0,0.0,1242.4000244140625,nan,nan,nan,65536.0
2026-09-11T05:36:00.000+08:00,0.0,20.604236602783203,17.97216796875,0.0,nan,382.3999938964844,0.0,0.0,1242.4000244140625,nan,nan,nan,65536.0
2026-09-11T05:37:00.000+08:00,0.0,20.61214828491211,17.88916015625,0.0,nan,382.3999938964844,0.0,0.0,1242.4000244140625,nan,nan,nan,65536.0
2026-09-11T05:38:00.000+08:00,0.0,20.618999481201172,17.95849609375,0.0,nan,382.29998779296875,0.0,0.0,1242.4000244140625,nan,nan,nan,65536.0
2026-09-11T05:39:00.000+08:00,0.0,20.518573760986328,18.06982421875,0.0,nan,382.29998779296875,0.0,0.0,1242.4000244140625,nan,nan,nan,65536.0
2026-09-11T05:40:00.000+08:00,0.0,20.511722564697266,18.02783203125,0.0,nan,382.20001220703125,0.0,0.0,1242.4000244140625,nan,nan,nan,65536.0
2026-09-11T05:41:00.000+08:00,0.0,20.554494857788086,18.00048828125,0.0,nan,382.79998779296875,0.0,0.0,1242.4000244140625,nan,nan,nan,65536.0
2026-09-11T05:42:00.000+08:00,0.0,20.543642044067383,18.06982421875,0.0,nan,383.3999938964844,0.0,0.0,1242.4000244140625,nan,nan,nan,65536.0
2026-09-11T05:43:00.000+08:00,0.0,20.55504608154297,18.08349609375,0.0,nan,382.1000061035156,0.0,0.0,1242.4000244140625,nan,nan,nan,65536.0
2026-09-11T05:44:00.000+08:00,0.0,20.54994010925293,18.09716796875,0.0,nan,382.20001220703125,0.0,0.0,1242.4000244140625,nan,nan,nan,65536.0
2026-09-11T05:45:00.000+08:00,0.0,20.550491333007812,18.0,0.0,nan,383.6000061035156,0.0,0.0,1242.4000244140625,nan,nan,nan,65536.0
2026-09-11T05:46:00.000+08:00,0.0,20.568706512451172,18.0556640625,0.0,nan,383.1000061035156,0.0,0.0,1242.4000244140625,nan,nan,nan,65536.0
2026-09-11T05:47:00.000+08:00,0.0,20.5755558013916,18.02783203125,0.0,nan,383.5,0.0,0.0,1242.4000244140625,nan,nan,nan,65536.0
2026-09-11T05:48:00.000+08:00,0.0,20.59552001953125,18.09716796875,0.0,nan,383.0,0.0,0.0,1242.4000244140625,nan,nan,nan,65536.0
2026-09-11T05:49:00.000+08:00,0.0,20.606353759765625,18.111328125,0.0,nan,383.29998779296875,0.0,0.0,1242.4000244140625,nan,nan,nan,65536.0
2026-09-11T05:50:00.000+08:00,0.0,nan,nan,0.0,nan,383.29998779296875,0.0,0.0,1242.4000244140625,nan,nan,nan,65536.0
2026-09-11T05:51:00.000+08:00,0.0,20.6114501953125,18.0625,0.0,nan,382.8999938964844,0.0,0.0,1242.4000244140625,nan,nan,nan,65536.0
2026-09-11T05:52:00.000+08:00,0.0,20.63142204284668,18.19482421875,0.0,nan,383.20001220703125,0.0,0.0,1242.4000244140625,nan,nan,nan,65536.0
2026-09-11T05:53:00.000+08:00,nan,20.52012062072754,18.15283203125,nan,nan,382.8999938964844,0.0,0.0,1242.4000244140625,nan,nan,nan,65536.0
2026-09-11T05:54:00.000+08:00,0.0,20.643962860107422,18.125,0.0,nan,382.8999938964844,0.0,0.0,1242.4000244140625,nan,nan,nan,65536.0
2026-09-11T05:55:00.000+08:00,0.0,20.669597625732422,18.20849609375,0.0,nan,382.70001220703125,0.0,0.0,1242.4000244140625,nan,nan,nan,65536.0
2026-09-11T05:56:00.000+08:00,0.0,20.675310134887695,18.22216796875,0.0,nan,382.8999938964844,0.0,0.0,1242.4000244140625,nan,nan,nan,65536.0
2026-09-11T05:57:00.000+08:00,0.0,20.66217803955078,18.125,0.0,nan,382.6000061035156,0.0,0.0,1242.4000244140625,nan,nan,nan,65536.0
2026-09-11T05:58:00.000+08:00,0.0,20.692975997924805,18.236328125,0.0,nan,382.5,0.0,0.0,1242.4000244140625,nan,nan,nan,65536.0
2026-09-11T05:59:00.000+08:00,0.0,20.68385124206543,18.236328125,0.0,nan,382.1000061035156,0.0,0.0,1242.4000244140625,nan,nan,nan,65536.0
2026-09-11T06:00:00.000+08:00,0.0,20.67986488342285,18.236328125,0.0,nan,382.1000061035156,0.0,0.0,1242.4000244140625,nan,nan,nan,65536.0
2026-09-11T06:01:00.000+08:00,0.0,20.722049713134766,18.13916015625,0.0,nan,381.70001220703125,0.0,0.0,1242.4000244140625,nan,nan,nan,65536.0
2026-09-11T06:02:00.000+08:00,0.0,20.74258041381836,18.22216796875,0.0,nan,381.8999938964844,0.0,0.0,1242.4000244140625,nan,nan,nan,65536.0
2026-09-11T06:03:00.000+08:00,0.0,20.627824783325195,18.13916015625,0.0,nan,381.79998779296875,0.0,0.0,1242.4000244140625,nan,nan,nan,65536.0
2026-09-11T06:04:00.000+08:00,0.0,20.73573112487793,18.16650390625,0.0,nan,381.79998779296875,0.0,0.0,1242.4000244140625,nan,nan,nan,65536.0
2026-09-11T06:05:00.000+08:00,0.0,20.716354370117188,18.19482421875,0.0,nan,381.79998779296875,0.0,0.0,1242.4000244140625,nan,nan,nan,65536.0
2026-09-11T06:06:00.000+08:00,0.0,20.747135162353516,18.20849609375,0.0,nan,381.8999938964844,0.0,0.0,1242.4000244140625,nan,nan,nan,65536.0
2026-09-11T06:07:00.000+08:00,0.0,20.64949607849121,18.34716796875,0.0,nan,381.70001220703125,0.0,0.0,1242.4000244140625,nan,nan,nan,65536.0
2026-09-11T06:08:00.000+08:00,0.0,20.655778884887695,18.361328125,0.0,nan,381.70001220703125,0.0,0.0,1242.4000244140625,nan,nan,nan,65536.0
2026-09-11T06:09:00.000+08:00,0.0,20.691680908203125,18.31982421875,0.0,nan,381.79998779296875,0.0,0.0,1242.4000244140625,nan,nan,nan,65536.0
2026-09-11T06:10:00.000+08:00,0.0,20.654621124267578,18.361328125,0.0,nan,381.6000061035156,0.0,0.0,1242.4000244140625,nan,nan,nan,65536.0
2026-09-11T06:11:00.000+08:00,0.0,20.683122634887695,18.33349609375,0.0,nan,382.79998779296875,0.0,0.0,1242.4000244140625,nan,nan,nan,65536.0
2026-09-11T06:12:00.000+08:00,0.0,20.70536231994629,18.3056640625,0.0,nan,382.3999938964844,0.0,0.0,1242.4000244140625,nan,nan,nan,65536.0
2026-09-11T06:13:00.000+08:00,0.0,20.707069396972656,18.361328125,0.0,nan,382.1000061035156,0.0,0.0,1242.4000244140625,nan,nan,nan,65536.0
2026-09-11T06:14:00.000+08:00,0.0,20.69110870361328,18.29150390625,0.0,nan,382.1000061035156,0.0,0.0,1242.4000244140625,nan,nan,nan,65536.0
2026-09-11T06:15:00.000+08:00,0.0,20.67856788635254,18.29150390625,0.0,nan,381.79998779296875,0.0,0.0,1242.4000244140625,nan,nan,nan,65536.0
2026-09-11T06:16:00.000+08:00,0.0,20.72018051147461,18.26416015625,0.0,nan,381.8999938964844,0.0,0.0,1242.4000244140625,nan,nan,nan,65536.0
2026-09-11T06:17:00.000+08:00,0.0,20.715627670288086,18.25,0.0,nan,382.1000061035156,0.0,0.0,1242.4000244140625,nan,nan,nan,65536.0
2026-09-11T06:18:00.000+08:00,0.0,20.68425941467285,18.34716796875,0.0,nan,381.70001220703125,0.0,0.0,1242.4000244140625,nan,nan,nan,65536.0
2026-09-11T06:19:00.000+08:00,0.0,20.72701072692871,18.26416015625,0.0,nan,382.0,0.0,0.0,1242.4000244140625,nan,nan,nan,65536.0
2026-09-11T06:20:00.000+08:00,0.0,20.741262435913086,18.27783203125,0.0,nan,382.3999938964844,0.0,0.0,1242.4000244140625,nan,nan,nan,65536.0
2026-09-11T06:21:00.000+08:00,0.0,20.737276077270508,18.34716796875,0.0,nan,382.1000061035156,0.0,0.0,1242.4000244140625,nan,nan,nan,65536.0
2026-09-11T06:22:00.000+08:00,0.0,20.6755428314209,18.486328125,0.0,nan,381.79998779296875,0.0,0.0,1242.4000244140625,nan,nan,nan,65536.0
2026-09-11T06:23:00.000+08:00,0.0,20.639070510864258,18.45849609375,0.0,nan,382.29998779296875,0.0,0.0,1242.4000244140625,nan,nan,nan,65536.0
2026-09-11T06:24:00.000+08:00,0.0,20.69495391845703,18.38916015625,0.0,nan,382.0,0.0,0.0,1242.4000244140625,nan,nan,nan,65536.0
2026-09-11T06:25:00.000+08:00,0.0,20.74811363220215,18.44482421875,0.0,nan,382.70001220703125,0.0,0.0,1242.4000244140625,nan,nan,nan,65536.0
2026-09-11T06:26:00.000+08:00,0.0,20.6863956451416,18.486328125,0.0,nan,382.3999938964844,0.0,0.0,1242.4000244140625,nan,nan,nan,65536.0
2026-09-11T06:27:00.000+08:00,0.0,20.678388595581055,18.4169921875,0.0,nan,382.70001220703125,0.0,0.0,1242.4000244140625,nan,nan,nan,65536.0
2026-09-11T06:28:00.000+08:00,0.0,20.8045654296875,18.486328125,0.0,nan,382.79998779296875,0.0,0.0,1242.4000244140625,nan,nan,nan,65536.0
2026-09-11T06:29:00.000+08:00,0.0,20.718881607055664,18.4306640625,0.0,nan,382.70001220703125,0.0,0.0,1242.4000244140625,nan,nan,nan,65536.0
2026-09-11T06:30:00.000+08:00,0.0,20.832456588745117,18.44482421875,0.0,nan,382.70001220703125,0.0,0.0,1242.4000244140625,nan,nan,nan,65536.0
2026-09-11T06:31:00.000+08:00,0.0,20.834184646606445,18.44482421875,0.0,nan,382.3999938964844,0.0,0.0,1242.4000244140625,nan,nan,nan,65536.0
2026-09-11T06:32:00.000+08:00,0.0,20.86553382873535,18.38916015625,0.0,nan,382.70001220703125,0.0,0.0,1242.4000244140625,nan,nan,nan,65536.0
2026-09-11T06:33:00.000+08:00,0.0,20.855854034423828,18.45849609375,0.0,nan,382.20001220703125,0.0,0.0,1242.4000244140625,nan,nan,nan,65536.0
2026-09-11T06:34:00.000+08:00,0.0,20.757648468017578,18.54150390625,0.0,nan,382.20001220703125,0.0,0.0,1242.4000244140625,nan,nan,nan,65536.0
2026-09-11T06:35:00.000+08:00,0.0,20.78157615661621,18.52783203125,0.0,nan,381.6000061035156,0.0,0.0,1242.4000244140625,nan,nan,nan,65536.0
2026-09-11T06:36:00.000+08:00,0.0,20.796966552734375,18.56982421875,0.0,nan,380.8999938964844,0.0,0.0,1242.4000244140625,nan,nan,nan,65536.0
2026-09-11T06:37:00.000+08:00,0.0,20.78157615661621,18.5,0.0,nan,381.3999938964844,0.0,0.0,1242.4000244140625,nan,nan,nan,65536.0
2026-09-11T06:38:00.000+08:00,0.0,20.779279708862305,18.51416015625,0.0,nan,381.3999938964844,0.0,0.0,1242.4000244140625,nan,nan,nan,65536.0
2026-09-11T06:39:00.000+08:00,0.0,20.79178237915039,18.611328125,0.0,nan,381.20001220703125,0.0,0.0,1242.4000244140625,nan,nan,nan,65536.0
2026-09-11T06:40:00.000+08:00,0.0,20.798694610595703,18.5556640625,0.0,nan,381.6000061035156,0.0,0.0,1242.4000244140625,nan,nan,nan,65536.0
2026-09-11T06:41:00.000+08:00,0.0,20.841955184936523,18.58349609375,0.0,nan,381.1000061035156,0.0,0.0,1242.4000244140625,nan,nan,nan,65536.0
2026-09-11T06:42:00.000+08:00,0.0,20.851102828979492,18.5,0.0,nan,381.6000061035156,0.0,0.0,1242.4000244140625,nan,nan,nan,65536.0
2026-09-11T06:43:00.000+08:00,0.0,20.82715606689453,18.56982421875,0.0,nan,381.3999938964844,0.0,0.0,1242.4000244140625,nan,nan,nan,65536.0
2026-09-11T06:44:00.000+08:00,0.0,20.852828979492188,18.56982421875,0.0,nan,381.29998779296875,0.0,0.0,1242.4000244140625,nan,nan,nan,65536.0
2026-09-11T06:45:00.000+08:00,0.0,20.821481704711914,18.59716796875,0.0,nan,381.79998779296875,0.0,0.0,1242.4000244140625,nan,nan,nan,65536.0
2026-09-11T06:46:00.000+08:00,0.0,20.82888412475586,18.5556640625,0.0,nan,380.70001220703125,0.0,0.0,1242.4000244140625,nan,nan,nan,65536.0
2026-09-11T06:47:00.000+08:00,0.0,20.766637802124023,18.72216796875,0.0,nan,381.20001220703125,0.0,0.0,1242.4000244140625,nan,nan,nan,65536.0
2026-09-11T06:48:00.000+08:00,0.0,20.833454132080078,18.56982421875,0.0,nan,381.70001220703125,0.0,0.0,1242.4000244140625,nan,nan,nan,65536.0
2026-09-11T06:49:00.000+08:00,0.0,nan,nan,0.0,nan,381.29998779296875,0.0,0.0,1242.4000244140625,nan,nan,nan,65536.0
2026-09-11T06:50:00.000+08:00,0.0,20.773428916931152,18.638916015625,0.0,nan,381.20001220703125,0.0,0.0,1242.4000244140625,nan,nan,nan,65536.0
2026-09-11T06:51:00.000+08:00,0.0,20.760334014892578,18.6669921875,0.0,nan,380.70001220703125,0.0,0.0,1242.4000244140625,nan,nan,nan,65536.0
2026-09-11T06:52:00.000+08:00,nan,20.754013061523438,18.69482421875,nan,nan,380.8999938964844,0.0,0.0,1242.4000244140625,nan,nan,nan,65536.0
2026-09-11T06:53:00.000+08:00,0.0,20.77056312561035,18.6806640625,0.0,nan,381.29998779296875,0.0,0.0,1242.4000244140625,nan,nan,nan,65536.0
2026-09-11T06:54:00.000+08:00,0.0,20.796236038208008,18.63916015625,0.0,nan,381.79998779296875,0.0,0.0,1242.4000244140625,nan,nan,nan,65536.0
2026-09-11T06:55:00.000+08:00,0.0,20.92457389831543,18.736328125,0.0,nan,381.5,0.0,0.0,1242.4000244140625,nan,nan,nan,65536.0
2026-09-11T06:56:00.000+08:00,0.0,20.787677764892578,18.72216796875,0.0,nan,381.20001220703125,0.0,0.0,1242.4000244140625,nan,nan,nan,65536.0
2026-09-11T06:57:00.000+08:00,0.0,20.79283905029297,18.69482421875,0.0,nan,381.1000061035156,0.0,0.0,1242.4000244140625,nan,nan,nan,65536.0
2026-09-11T06:58:00.000+08:00,0.0,20.807050704956055,18.6806640625,0.0,nan,381.1000061035156,0.0,0.0,1242.4000244140625,nan,nan,nan,65536.0
2026-09-11T06:59:00.000+08:00,0.0,20.808799743652344,18.736328125,0.0,nan,381.29998779296875,0.0,0.0,1242.4000244140625,nan,nan,nan,65536.0
2026-09-11T07:00:00.000+08:00,0.0,20.838476181030273,18.70849609375,0.0,nan,381.29998779296875,0.0,0.0,1242.4000244140625,nan,nan,nan,65536.0
2026-09-11T07:01:00.000+08:00,0.0,20.836732864379883,18.625,0.0,nan,381.0,0.0,0.0,1242.4000244140625,nan,nan,nan,65536.0
2026-09-11T07:02:00.000+08:00,0.0,20.970211029052734,18.736328125,0.0,nan,380.6000061035156,0.0,0.0,1242.4000244140625,nan,nan,nan,65536.0
2026-09-11T07:03:00.000+08:00,0.0,20.99814224243164,18.70849609375,0.0,nan,380.3999938964844,0.0,0.0,1242.4000244140625,nan,nan,nan,65536.0
2026-09-11T07:04:00.000+08:00,0.0,20.930753707885742,18.83349609375,0.0,nan,380.6000061035156,0.0,0.0,1242.4000244140625,nan,nan,nan,65536.0
2026-09-11T07:05:00.000+08:00,0.0,20.999889373779297,18.6806640625,0.0,nan,380.8999938964844,0.0,0.0,1242.4000244140625,nan,nan,nan,65536.0
2026-09-11T07:06:00.000+08:00,0.0,20.870317459106445,18.6806640625,0.0,nan,381.0,0.0,0.0,1242.4000244140625,nan,nan,nan,65536.0
2026-09-11T07:07:00.000+08:00,0.0,20.94729995727539,18.83349609375,0.0,nan,381.20001220703125,0.0,0.0,1242.4000244140625,nan,nan,nan,65536.0
2026-09-11T07:08:00.000+08:00,0.0,20.889671325683594,18.8056640625,0.0,nan,381.20001220703125,0.0,0.0,1242.4000244140625,nan,nan,nan,65536.0
2026-09-11T07:09:00.000+08:00,0.0,20.90572738647461,18.75,0.0,nan,381.29998779296875,0.0,0.0,1242.4000244140625,nan,nan,nan,65536.0
2026-09-11T07:10:00.000+08:00,0.0,20.897069931030273,18.77783203125,0.0,nan,381.29998779296875,0.0,0.0,1242.4000244140625,nan,nan,nan,65536.0
2026-09-11T07:11:00.000+08:00,0.0,20.966064453125,18.76416015625,0.0,nan,381.5,0.0,0.0,1242.4000244140625,nan,nan,nan,65536.0
2026-09-11T07:12:00.000+08:00,0.0,20.939311981201172,18.861328125,0.0,nan,381.8999938964844,0.0,0.0,1242.4000244140625,nan,nan,nan,65536.0
2026-09-11T07:13:00.000+08:00,0.0,20.94786834716797,18.861328125,0.0,nan,381.1000061035156,0.0,0.0,1242.4000244140625,nan,nan,nan,65536.0
2026-09-11T07:14:00.000+08:00,0.0,20.931224822998047,18.83349609375,0.0,nan,380.3999938964844,0.0,0.0,1242.4000244140625,nan,nan,nan,65536.0
2026-09-11T07:15:00.000+08:00,0.0,20.90338897705078,18.83349609375,0.0,nan,380.70001220703125,0.0,0.0,1242.4000244140625,nan,nan,nan,65536.0
2026-09-11T07:16:00.000+08:00,0.0,20.976980209350586,18.76416015625,0.0,nan,380.3999938964844,0.0,0.0,1242.4000244140625,nan,nan,nan,65536.0
2026-09-11T07:17:00.000+08:00,0.0,20.891178131103516,18.875,0.0,nan,380.70001220703125,0.0,0.0,1242.4000244140625,nan,nan,nan,65536.0
2026-09-11T07:18:00.000+08:00,0.0,20.934049606323242,18.75,0.0,nan,380.8999938964844,0.0,0.0,1242.4000244140625,nan,nan,nan,65536.0
2026-09-11T07:19:00.000+08:00,0.0,20.971818923950195,18.81982421875,0.0,nan,381.29998779296875,0.0,0.0,1242.4000244140625,nan,nan,nan,65536.0
2026-09-11T07:20:00.000+08:00,0.0,20.89798927307129,18.875,0.0,nan,381.1000061035156,0.0,0.0,1242.4000244140625,nan,nan,nan,65536.0
2026-09-11T07:21:00.000+08:00,0.0,20.916872024536133,18.94482421875,0.0,nan,381.20001220703125,0.0,0.0,1242.4000244140625,nan,nan,nan,65536.0
2026-09-11T07:22:00.000+08:00,0.0,20.90949249267578,18.95849609375,0.0,nan,381.29998779296875,0.0,0.0,1242.4000244140625,nan,nan,nan,65536.0
2026-09-11T07:23:00.000+08:00,0.0,20.896339416503906,18.875,0.0,nan,381.1000061035156,0.0,0.0,1242.4000244140625,nan,nan,nan,65536.0
2026-09-11T07:24:00.000+08:00,0.0,20.927669525146484,18.90283203125,0.0,nan,381.3999938964844,0.0,0.0,1242.4000244140625,nan,nan,nan,65536.0
2026-09-11T07:25:00.000+08:00,0.0,20.88214874267578,18.94482421875,0.0,nan,381.3999938964844,0.0,0.0,1242.4000244140625,nan,nan,nan,65536.0
2026-09-11T07:26:00.000+08:00,0.0,20.903860092163086,18.9306640625,0.0,nan,381.29998779296875,0.0,0.0,1242.4000244140625,nan,nan,nan,65536.0
2026-09-11T07:27:00.000+08:00,0.0,20.92544937133789,18.91650390625,0.0,nan,381.29998779296875,0.0,0.0,1242.4000244140625,nan,nan,nan,65536.0
2026-09-11T07:28:00.000+08:00,0.0,20.917011260986328,18.9306640625,0.0,nan,381.20001220703125,0.0,0.0,1242.4000244140625,nan,nan,nan,65536.0
2026-09-11T07:29:00.000+08:00,0.0,20.980138778686523,18.97216796875,0.0,nan,381.70001220703125,0.0,0.0,1242.4000244140625,nan,nan,nan,65536.0
2026-09-11T07:30:00.000+08:00,0.0,20.90503692626953,18.94482421875,0.0,nan,382.3999938964844,0.0,0.0,1242.4000244140625,nan,nan,nan,65536.0
2026-09-11T07:31:00.000+08:00,0.0,20.991071701049805,18.76416015625,0.0,nan,382.0,0.0,0.0,1242.4000244140625,nan,nan,nan,65536.0
2026-09-11T07:32:00.000+08:00,0.0,20.932241439819336,18.9306640625,0.0,nan,382.1000061035156,0.0,0.0,1242.4000244140625,nan,nan,nan,65536.0
2026-09-11T07:33:00.000+08:00,0.0,20.92943572998047,18.9306640625,0.0,nan,383.1000061035156,0.0,0.0,1242.4000244140625,nan,nan,nan,65536.0
2026-09-11T07:34:00.000+08:00,0.0,20.878633499145508,19.02783203125,0.0,nan,382.70001220703125,0.0,0.0,1242.4000244140625,nan,nan,nan,65536.0
2026-09-11T07:35:00.000+08:00,0.0,21.085174560546875,18.9306640625,0.0,nan,382.8999938964844,0.0,0.0,1242.4000244140625,nan,nan,nan,65536.0
2026-09-11T07:36:00.000+08:00,0.0,20.967575073242188,18.90283203125,0.0,nan,382.3999938964844,0.0,0.0,1242.4000244140625,nan,nan,nan,65536.0
2026-09-11T07:37:00.000+08:00,0.0,21.058908462524414,19.0556640625,0.0,nan,382.29998779296875,0.0,0.0,1242.4000244140625,nan,nan,nan,65536.0
2026-09-11T07:38:00.000+08:00,0.0,21.078693389892578,19.04150390625,0.0,nan,382.0,0.0,0.0,1242.4000244140625,nan,nan,nan,65536.0
2026-09-11T07:39:00.000+08:00,0.0,20.87743377685547,18.88916015625,0.0,nan,381.70001220703125,0.0,0.0,1242.4000244140625,nan,nan,nan,65536.0
2026-09-11T07:40:00.000+08:00,0.0,21.063480377197266,19.02783203125,0.0,nan,382.0,0.0,0.0,1242.4000244140625,nan,nan,nan,65536.0
2026-09-11T07:41:00.000+08:00,0.0,21.11088752746582,18.87548828125,0.0,nan,381.6000061035156,1.812000036239624,1.0110000371932983,1242.4000244140625,nan,nan,nan,65536.0
2026-09-11T07:42:00.000+08:00,0.0,21.0571231842041,19.04150390625,0.0, +inf,380.70001220703125,1.8480000495910645,1.0049999952316284,1242.5,nan,nan,nan,65536.0
2026-09-11T07:43:00.000+08:00,0.0,21.585826873779297,17.06982421875,0.0, +inf,380.70001220703125,1.840000033378601,1.0080000162124634,1242.5,nan,nan,nan,65536.0
2026-09-11T07:44:00.000+08:00,0.0,22.210830688476562,11.2431640625,0.0, +inf,381.20001220703125,1.8669999837875366,1.0110000371932983,1242.5,509.765625,1.9140625,0.9933536052703857,1292.0
2026-09-11T07:45:00.000+08:00,16.70750617980957,22.107032775878906,11.048583984375,1.1888720989227295,0.8554326891899109,381.1000061035156,1.8609999418258667,1.0140000581741333,1242.5,509.765625,1.9523437023162842,1.0060043334960938,1292.0
2026-09-11T07:46:00.000+08:00,0.0,21.9664306640625,10.132080078125,0.0, +inf,381.3999938964844,1.8769999742507935,1.0199999809265137,1242.5,509.765625,1.9523437023162842,1.0039856433868408,1292.0
2026-09-11T07:47:00.000+08:00,11.050168991088867,21.697227478027344,9.875,2.3630316257476807,0.4316489100456238,382.0,1.8229999542236328,1.0230000019073486,1242.5,513.28125,1.9523437023162842,1.0155596733093262,1292.0
2026-09-11T07:48:00.000+08:00,0.0,nan,nan,0.0, +inf,382.0,1.8389999866485596,1.0230000019073486,1242.5999755859375,513.28125,1.9523437023162842,1.0081576108932495,1292.0
2026-09-11T07:49:00.000+08:00,13.008325576782227,21.191852569580078,9.791748046875,3.0264859199523926,0.3419807553291321,382.20001220703125,1.8350000381469727,1.0230000019073486,1242.5999755859375,513.28125,1.9523437023162842,1.0089651346206665,1292.0
2026-09-11T07:50:00.000+08:00,0.0,20.752655029296875,9.694580078125,0.0, +inf,381.8999938964844,1.8250000476837158,1.031999945640564,1242.5999755859375,509.765625,1.9523437023162842,1.0142139196395874,1292.0
2026-09-11T07:51:00.000+08:00,nan,20.21839141845703,9.708251953125,nan,nan,381.6000061035156,1.8370000123977661,1.0290000438690186,1242.5999755859375,509.765625,1.9523437023162842,1.0146175622940063,1292.0
2026-09-11T07:52:00.000+08:00,8.044878959655762,19.71588134765625,9.736083984375,1.7702603340148926, +inf,381.29998779296875,1.8229999542236328,1.0230000019073486,1242.5999755859375,509.765625,1.9523437023162842,1.0124642848968506,1292.0
2026-09-11T07:53:00.000+08:00,7.3998003005981445,19.603668212890625,9.763916015625,1.5422840118408203,0.659411609172821,380.8999938964844,1.8660000562667847,1.0199999809265137,1242.5999755859375,509.765625,1.9523437023162842,1.0006210803985596,1292.0
2026-09-11T07:54:00.000+08:00,13.092677116394043,19.028961181640625,9.77099609375,2.620377779006958,0.3915465772151947,382.0,1.8259999752044678,1.0290000438690186,1242.699951171875,509.765625,1.9523437023162842,1.0142139196395874,1292.0
2026-09-11T07:55:00.000+08:00,14.439888954162598,18.78453826904297,9.708251953125,2.82033109664917,0.3659144937992096,383.6000061035156,1.8600000143051147,1.0529999732971191,1242.699951171875,513.28125,1.990625023841858,1.0325170755386353,1292.0
2026-09-11T07:56:00.000+08:00,13.05388069152832,18.62804412841797,9.895751953125,2.435687303543091,0.4236997067928314,383.3999938964844,1.8480000495910645,1.0410000085830688,1242.699951171875,513.28125,1.990625023841858,1.025518774986267,1292.0
2026-09-11T07:57:00.000+08:00,14.794540405273438,18.151824951171875,9.986083984375,2.657609701156616,0.39283421635627747,383.29998779296875,1.8300000429153442,1.034999966621399,1242.699951171875,513.28125,1.990625023841858,1.0235000848770142,1292.0
2026-09-11T07:58:00.000+08:00,14.228667259216309,18.09423065185547,9.916748046875,2.5119123458862305,0.4156195819377899,382.6000061035156,1.8519999980926514,1.034999966621399,1242.699951171875,513.28125,1.9523437023162842,1.0205392837524414,1292.0
2026-09-11T07:59:00.000+08:00,14.444121360778809,18.118255615234375,9.854248046875,2.360330820083618,0.4372268617153168,382.20001220703125,1.840000033378601,1.0290000438690186,1242.699951171875,509.765625,1.990625023841858,1.02565336227417,1292.0
2026-09-11T08:00:00.000+08:00,14.065167427062988,18.119461059570312,9.875,2.2664108276367188,0.45799288153648376,382.20001220703125,1.8600000143051147,1.0410000085830688,1242.800048828125,509.765625,1.9523437023162842,1.021212100982666,1292.0
2026-09-11T08:01:00.000+08:00,14.115407943725586,17.881813049316406,9.84033203125,2.277982711791992,0.44908154010772705,381.8999938964844,1.840000033378601,1.031999945640564,1242.800048828125,509.765625,1.9523437023162842,1.010983943939209,1293.0
2026-09-11T08:02:00.000+08:00,14.142656326293945,17.829940795898438,9.673583984375,2.2972893714904785,0.4505309760570526,381.79998779296875,1.8250000476837158,1.0199999809265137,1242.800048828125,509.765625,1.9523437023162842,1.0159634351730347,1293.0
2026-09-11T08:03:00.000+08:00,14.200251579284668,17.88274383544922,9.638916015625,2.3211889266967773,0.4420148432254791,381.70001220703125,1.8450000286102295,1.031999945640564,1242.800048828125,509.765625,1.9523437023162842,1.0154250860214233,1293.0
2026-09-11T08:04:00.000+08:00,13.984354019165039,17.880386352539062,9.6181640625,2.2690370082855225,0.4534963369369507,383.79998779296875,1.8459999561309814,1.0440000295639038,1242.800048828125,513.28125,1.990625023841858,1.0310367345809937,1293.0
2026-09-11T08:05:00.000+08:00,13.18397045135498,17.89569091796875,9.611083984375,2.1565093994140625,0.48272451758384705,383.8999938964844,1.8450000286102295,1.0470000505447388,1242.9000244140625,513.28125,1.990625023841858,1.033593773841858,1293.0
2026-09-11T08:06:00.000+08:00,13.564399719238281,17.9661865234375,9.520751953125,2.257885456085205,0.4663655757904053,385.79998779296875,1.8530000448226929,1.0529999732971191,1242.9000244140625,516.796875,1.990625023841858,1.0423415899276733,1293.0
2026-09-11T08:07:00.000+08:00,13.309370994567871,17.780441284179688,9.583251953125,2.182934522628784,0.48100388050079346,385.29998779296875,1.86899995803833,1.0679999589920044,1242.9000244140625,516.796875,1.990625023841858,1.0428799390792847,1293.0
2026-09-11T08:08:00.000+08:00,13.876258850097656,17.672523498535156,9.65283203125,2.2741124629974365,0.46831458806991577,385.0,1.8639999628067017,1.062000036239624,1242.9000244140625,516.796875,1.990625023841858,1.040726661682129,1293.0
2026-09-11T08:09:00.000+08:00,14.139998435974121,17.658958435058594,9.722412109375,2.314542055130005,0.4536534547805786,384.6000061035156,1.8639999628067017,1.0499999523162842,1242.9000244140625,516.796875,1.990625023841858,1.038169503211975,1293.0
2026-09-11T08:10:00.000+08:00,14.223745346069336,17.68964385986328,9.65283203125,2.2659878730773926,0.4713175892829895,385.20001220703125,1.871999979019165,1.062000036239624,1242.9000244140625,516.796875,1.990625023841858,1.0431491136550903,1293.0
2026-09-11T08:11:00.000+08:00,14.035079002380371,17.604873657226562,9.798583984375,2.195930004119873,0.4836219847202301,384.70001220703125,1.86899995803833,1.055999994277954,1243.0,516.796875,1.990625023841858,1.0485323667526245,1293.0
2026-09-11T08:12:00.000+08:00,14.379701614379883,17.4271240234375,9.84033203125,2.2722809314727783,0.46473124623298645,385.20001220703125,1.8660000562667847,1.062000036239624,1243.0,516.796875,1.990625023841858,1.0439566373825073,1293.0
2026-09-11T08:13:00.000+08:00,14.519577026367188,17.492523193359375,9.875,2.2598876953125,0.4699348509311676,385.1000061035156,1.8860000371932983,1.0679999589920044,1243.0,516.796875,1.990625023841858,1.0463790893554688,1293.0
2026-09-11T08:14:00.000+08:00,14.827881813049316,17.574546813964844,9.972412109375,2.278177499771118,0.4661620855331421,385.1000061035156,1.8609999418258667,1.055999994277954,1243.0,516.796875,1.990625023841858,1.0427453517913818,1293.0
2026-09-11T08:15:00.000+08:00,14.35969066619873,17.533370971679688,10.007080078125,2.144192934036255,0.49529126286506653,385.29998779296875,1.8680000305175781,1.059000015258789,1243.0,516.796875,2.0289063453674316,1.0485323667526245,1293.0
2026-09-11T08:16:00.000+08:00,14.436957359313965,17.47954559326172,9.958251953125,2.148907423019409,0.491412490606308,385.3999938964844,1.8819999694824219,1.065000057220459,1243.0,516.796875,1.990625023841858,1.0415340662002563,1293.0
2026-09-11T08:17:00.000+08:00,14.569598197937012,17.42945098876953,9.9306640625,2.1772103309631348,0.49191388487815857,385.20001220703125,1.8639999628067017,1.059000015258789,1243.0999755859375,516.796875,1.990625023841858,1.041803240776062,1293.0
2026-09-11T08:18:00.000+08:00,15.128768920898438,17.339569091796875,9.757080078125,2.270677328109741,0.46638068556785583,384.8999938964844,1.8669999837875366,1.059000015258789,1243.0999755859375,516.796875,1.990625023841858,1.0423415899276733,1293.0
2026-09-11T08:19:00.000+08:00,15.4113130569458,17.261817932128906,9.798583984375,2.3226399421691895,0.4546550512313843,385.1000061035156,1.8600000143051147,1.055999994277954,1243.0999755859375,516.796875,1.990625023841858,1.0463790893554688,1293.0
2026-09-11T08:20:00.000+08:00,16.11582374572754,17.319366455078125,9.784912109375,2.383138418197632,0.4443719983100891,385.5,1.8619999885559082,1.059000015258789,1243.0999755859375,516.796875,1.990625023841858,1.0473212003707886,1293.0
2026-09-11T08:21:00.000+08:00,15.648942947387695,17.23914337158203,9.7431640625,2.343517303466797,0.4531649947166443,384.5,1.8619999885559082,1.0529999732971191,1243.0999755859375,516.796875,1.990625023841858,1.0447640419006348,1293.0
2026-09-11T08:22:00.000+08:00,15.480486869812012,17.136817932128906,9.8056640625,2.316096782684326,0.45593953132629395,384.8999938964844,1.8630000352859497,1.0529999732971191,1243.199951171875,516.796875,1.990625023841858,1.039784550666809,1293.0
2026-09-11T08:23:00.000+08:00,15.314948081970215,17.177215576171875,9.77783203125,2.2898693084716797,0.46116170287132263,385.0,1.8660000562667847,1.059000015258789,1243.199951171875,516.796875,1.990625023841858,1.0459753274917603,1293.0
2026-09-11T08:24:00.000+08:00,15.478669166564941,17.302841186523438,9.71533203125,2.278826951980591,0.4647127687931061,385.1000061035156,1.8660000562667847,1.059000015258789,1243.199951171875,516.796875,1.990625023841858,1.0401883125305176,1293.0
2026-09-11T08:25:00.000+08:00,15.2717866897583,17.315101623535156,9.757080078125,2.2761034965515137,0.4679048955440521,385.3999938964844,1.8669999837875366,1.062000036239624,1243.199951171875,516.796875,1.990625023841858,1.0457061529159546,1293.0
2026-09-11T08:26:00.000+08:00,15.070486068725586,17.15715789794922,9.736083984375,2.2749216556549072,0.46814796328544617,385.20001220703125,1.8650000095367432,1.059000015258789,1243.199951171875,516.796875,1.990625023841858,1.0427453517913818,1293.0
2026-09-11T08:27:00.000+08:00,16.055810928344727,17.041961669921875,9.632080078125,2.3897414207458496,0.44314417243003845,385.1000061035156,1.8700000047683716,1.062000036239624,1243.199951171875,516.796875,1.990625023841858,1.0463790893554688,1293.0
2026-09-11T08:28:00.000+08:00,14.608231544494629,17.12823486328125,9.77783203125,2.1999621391296387,0.47864457964897156,384.6000061035156,1.875,1.062000036239624,1243.300048828125,513.28125,1.990625023841858,1.0467828512191772,1293.0
2026-09-11T08:29:00.000+08:00,15.158597946166992,16.759483337402344,9.708251953125,2.213519811630249,0.47571292519569397,384.5,1.86899995803833,1.0499999523162842,1243.300048828125,513.28125,1.990625023841858,1.0376312732696533,1293.0
2026-09-11T08:30:00.000+08:00,16.93668556213379,16.82012939453125,9.7431640625,2.5146563053131104,0.41874510049819946,384.5,1.8650000095367432,1.0499999523162842,1243.300048828125,513.28125,1.990625023841858,1.0339975357055664,1293.0
2026-09-11T08:31:00.000+08:00,16.590171813964844,16.993606567382812,9.597412109375,2.404449701309204,0.4366903603076935,384.5,1.8559999465942383,1.0499999523162842,1243.300048828125,513.28125,1.990625023841858,1.039784550666809,1293.0
2026-09-11T08:32:00.000+08:00,16.084632873535156,16.90160369873047,9.6875,2.292914867401123,0.45662400126457214,384.5,1.8539999723434448,1.0470000505447388,1243.300048828125,513.28125,1.990625023841858,1.0430145263671875,1293.0
2026-09-11T08:33:00.000+08:00,15.460107803344727,16.969078063964844,9.666748046875,2.2114272117614746,0.4761630594730377,384.5,1.8630000352859497,1.0470000505447388,1243.300048828125,513.28125,1.990625023841858,1.0360162258148193,1293.0
2026-09-11T08:34:00.000+08:00,15.198160171508789,16.978775024414062,9.6875,2.1782050132751465,0.48204830288887024,384.3999938964844,1.8569999933242798,1.0440000295639038,1243.4000244140625,513.28125,1.990625023841858,1.0409958362579346,1293.0
2026-09-11T08:35:00.000+08:00,15.745826721191406,16.935508728027344,9.5,2.267932891845703,0.4642994701862335,384.20001220703125,1.8569999933242798,1.0440000295639038,1243.4000244140625,513.28125,1.990625023841858,1.0392462015151978,1293.0
2026-09-11T08:36:00.000+08:00,15.500883102416992,16.934303283691406,9.6181640625,2.2368412017822266,0.46807077527046204,384.5,1.8530000448226929,1.0440000295639038,1243.4000244140625,513.28125,1.990625023841858,1.0331900119781494,1293.0
2026-09-11T08:37:00.000+08:00,15.512722969055176,17.03888702392578,9.694580078125,2.2759621143341064,0.462661474943161,384.1000061035156,1.8619999885559082,1.0470000505447388,1243.4000244140625,513.28125,1.990625023841858,1.034401297569275,1293.0
2026-09-11T08:38:00.000+08:00,15.128866195678711,17.09349822998047,9.625,2.2028093338012695,0.475302129983902,383.8999938964844,1.8569999933242798,1.0470000505447388,1243.4000244140625,513.28125,1.990625023841858,1.0404574871063232,1293.0
2026-09-11T08:39:00.000+08:00,14.685624122619629,16.910171508789062,9.70849609375,2.132930040359497,0.4880610406398773,384.20001220703125,1.8739999532699585,1.055999994277954,1243.5,513.28125,1.990625023841858,1.0409958362579346,1293.0
2026-09-11T08:40:00.000+08:00,15.505407333374023,16.924652099609375,9.833251953125,2.2377216815948486,0.470567911863327,383.70001220703125,1.8580000400543213,1.0470000505447388,1243.5,513.28125,1.990625023841858,1.037092924118042,1293.0
2026-09-11T08:41:00.000+08:00,15.05473804473877,17.232940673828125,9.763916015625,2.147905111312866,0.49024513363838196,383.8999938964844,1.8760000467300415,1.0529999732971191,1243.5,513.28125,1.990625023841858,1.0384386777877808,1293.0
2026-09-11T08:42:00.000+08:00,14.604599952697754,16.974990844726562,9.77783203125,2.0535824298858643,0.509840726852417,384.29998779296875,1.8509999513626099,1.0410000085830688,1243.5,513.28125,1.990625023841858,1.0338629484176636,1293.0
2026-09-11T08:43:00.000+08:00,14.916051864624023,16.83293914794922,9.71533203125,2.183105707168579,0.4782177805900574,384.5,1.8700000047683716,1.0529999732971191,1243.5,513.28125,1.990625023841858,1.0380349159240723,1293.0
2026-09-11T08:44:00.000+08:00,15.517459869384766,16.919921875,9.708251953125,2.1826298236846924,0.48244553804397583,384.29998779296875,1.8669999837875366,1.0499999523162842,1243.5,513.28125,1.990625023841858,1.0364199876785278,1293.0
2026-09-11T08:45:00.000+08:00,16.022504806518555,17.055862426757812,9.763916015625,2.26957368850708,0.4639637768268585,384.6000061035156,1.8600000143051147,1.0529999732971191,1243.5999755859375,513.28125,1.990625023841858,1.0467828512191772,1293.0
2026-09-11T08:46:00.000+08:00,14.045586585998535,16.87035369873047,9.666748046875,1.9858453273773193,0.5287420749664307,384.70001220703125,1.8519999980926514,1.0529999732971191,1243.5999755859375,516.796875,1.990625023841858,1.0459753274917603,1293.0
2026-09-11T08:47:00.000+08:00,15.986405372619629,nan,nan,2.284153699874878,0.4610022306442261,384.70001220703125,1.8630000352859497,1.055999994277954,1243.5999755859375,516.796875,2.0289063453674316,1.0531082153320312,1293.0
2026-09-11T08:48:00.000+08:00,14.615480422973633,17.114665985107422,9.7916259765625,2.043888807296753,0.5181299448013306,385.3999938964844,1.8730000257492065,1.0679999589920044,1243.5999755859375,516.796875,2.0289063453674316,1.0523006916046143,1293.0
2026-09-11T08:49:00.000+08:00,14.568352699279785,16.98834991455078,9.83349609375,2.0905210971832275,0.5108774304389954,385.29998779296875,1.8559999465942383,1.0529999732971191,1243.5999755859375,516.796875,1.990625023841858,1.0448986291885376,1293.0
2026-09-11T08:50:00.000+08:00,nan,16.92107391357422,9.784912109375,nan,nan,385.20001220703125,1.8580000400543213,1.0529999732971191,1243.5999755859375,516.796875,1.990625023841858,1.0490707159042358,1293.0
2026-09-11T08:51:00.000+08:00,14.5628023147583,17.00865936279297,9.819580078125,2.127411365509033,0.4950239956378937,384.8999938964844,1.8669999837875366,1.055999994277954,1243.699951171875,516.796875,1.990625023841858,1.0435528755187988,1293.0
2026-09-11T08:52:00.000+08:00,15.452199935913086,17.079681396484375,9.826416015625,2.165719985961914,0.49175333976745605,385.0,1.8600000143051147,1.062000036239624,1243.699951171875,516.796875,1.990625023841858,1.045302391052246,1293.0
2026-09-11T08:53:00.000+08:00,14.248242378234863,16.894760131835938,9.757080078125,2.039996385574341,0.51911860704422,385.20001220703125,1.8819999694824219,1.059000015258789,1243.699951171875,516.796875,1.990625023841858,1.04691743850708,1293.0
2026-09-11T08:54:00.000+08:00,14.163301467895508,17.062774658203125,9.6875,2.016559600830078,0.5236641764640808,385.1000061035156,1.8839999437332153,1.059000015258789,1243.699951171875,516.796875,1.990625023841858,1.0482631921768188,1293.0
2026-09-11T08:55:00.000+08:00,13.971334457397461,17.071929931640625,9.708251953125,2.015014886856079,0.5270432233810425,385.3999938964844,1.8949999809265137,1.0709999799728394,1243.699951171875,516.796875,2.0289063453674316,1.0528390407562256,1293.0
2026-09-11T08:56:00.000+08:00,15.537826538085938,17.013023376464844,9.770751953125,2.2118046283721924,0.48150724172592163,384.8999938964844,1.8899999856948853,1.062000036239624,1243.699951171875,516.796875,1.990625023841858,1.0443603992462158,1293.0
2026-09-11T08:57:00.000+08:00,15.25934886932373,17.047958374023438,9.77783203125,2.1977388858795166,0.48322394490242004,384.5,1.8839999437332153,1.055999994277954,1243.800048828125,516.796875,1.990625023841858,1.0467828512191772,1293.0
2026-09-11T08:58:00.000+08:00,13.763028144836426,17.09679412841797,9.8125,1.9669358730316162,0.5399261116981506,383.8999938964844,1.8739999532699585,1.0529999732971191,1243.800048828125,513.28125,1.990625023841858,1.0356124639511108,1294.0
2026-09-11T08:59:00.000+08:00,15.112752914428711,17.160690307617188,9.798583984375,2.2104880809783936,0.4750082194805145,384.5,1.878000020980835,1.059000015258789,1243.800048828125,513.28125,1.990625023841858,1.0438220500946045,1294.0
2026-09-11T09:00:00.000+08:00,14.217741012573242,17.118255615234375,9.826416015625,2.008892059326172,0.5301429629325867,384.5,1.878000020980835,1.0529999732971191,1243.800048828125,516.796875,1.990625023841858,1.0423415899276733,1294.0
2026-09-11T09:01:00.000+08:00,16.512052536010742,17.026535034179688,9.784912109375,2.3964521884918213,0.44315510988235474,384.6000061035156,1.8819999694824219,1.059000015258789,1243.800048828125,516.796875,1.990625023841858,1.0447640419006348,1294.0
2026-09-11T09:02:00.000+08:00,14.232988357543945,17.04607391357422,9.8056640625,2.039714813232422,0.51919025182724,385.3999938964844,1.8739999532699585,1.0679999589920044,1243.9000244140625,516.796875,2.0289063453674316,1.04974365234375,1294.0
2026-09-11T09:03:00.000+08:00,14.13309383392334,17.00865936279297,9.84033203125,2.0158722400665283,0.526819109916687,384.79998779296875,1.8600000143051147,1.0529999732971191,1243.9000244140625,516.796875,1.990625023841858,1.0387078523635864,1294.0
2026-09-11T09:04:00.000+08:00,15.07718276977539,17.11408233642578,9.791748046875,2.1866729259490967,0.48704129457473755,385.0,1.8619999885559082,1.055999994277954,1243.9000244140625,516.796875,1.990625023841858,1.0485323667526245,1294.0
2026-09-11T09:05:00.000+08:00,14.620835304260254,17.021041870117188,9.71533203125,2.126220226287842,0.4980669319629669,385.0,1.8559999465942383,1.059000015258789,1243.9000244140625,516.796875,1.990625023841858,1.0457061529159546,1294.0
2026-09-11T09:06:00.000+08:00,14.562934875488281,17.073043823242188,9.784912109375,2.112299919128418,0.4985087513923645,384.8999938964844,1.8550000190734863,1.059000015258789,1243.9000244140625,516.796875,1.990625023841858,1.040726661682129,1294.0
2026-09-11T09:07:00.000+08:00,13.979321479797363,17.11675262451172,9.645751953125,2.0186195373535156,0.5246159434318542,385.29998779296875,1.8559999465942383,1.055999994277954,1243.9000244140625,516.796875,1.990625023841858,1.0448986291885376,1294.0
2026-09-11T09:08:00.000+08:00,13.989028930664062,17.085891723632812,9.757080078125,2.041811227798462,0.5201264023780823,384.79998779296875,1.8639999628067017,1.059000015258789,1244.0,516.796875,1.990625023841858,1.0463790893554688,1294.0
2026-09-11T09:09:00.000+08:00,13.924059867858887,17.015396118164062,9.8681640625,2.014009952545166,0.5243270993232727,384.5,1.8530000448226929,1.0470000505447388,1244.0,513.28125,1.990625023841858,1.0430145263671875,1294.0
2026-09-11T09:10:00.000+08:00,14.566883087158203,17.020980834960938,9.75,2.0754852294921875,0.5059057474136353,384.3999938964844,1.871999979019165,1.062000036239624,1244.0,513.28125,1.990625023841858,1.0430145263671875,1294.0
2026-09-11T09:11:00.000+08:00,14.339903831481934,17.036285400390625,9.770751953125,2.072901725769043,0.5079835653305054,384.79998779296875,1.8580000400543213,1.0529999732971191,1244.0,516.796875,1.990625023841858,1.0415340662002563,1294.0
2026-09-11T09:12:00.000+08:00,14.343350410461426,16.89771270751953,9.847412109375,2.0681650638580322,0.5120481252670288,384.8999938964844,1.875,1.065000057220459,1244.0,516.796875,1.990625023841858,1.0451678037643433,1294.0
2026-09-11T09:13:00.000+08:00,14.877168655395508,16.998931884765625,9.7431640625,2.1765928268432617,0.48791852593421936,384.6000061035156,1.86899995803833,1.059000015258789,1244.0,516.796875,1.990625023841858,1.0415340662002563,1294.0
2026-09-11T09:14:00.000+08:00,14.66911792755127,16.950469970703125,9.798583984375,2.0972509384155273,0.5035163164138794,384.70001220703125,1.8630000352859497,1.055999994277954,1244.0999755859375,516.796875,1.990625023841858,1.0439566373825073,1294.0
2026-09-11T09:15:00.000+08:00,14.651748657226562,17.00084686279297,9.784912109375,2.0860888957977295,0.5076485872268677,384.8999938964844,1.8760000467300415,1.065000057220459,1244.0999755859375,516.796875,2.0289063453674316,1.050551176071167,1294.0
2026-09-11T09:16:00.000+08:00,14.270812034606934,17.07294464111328,9.84033203125,2.034331798553467,0.520564079284668,385.0,1.8680000305175781,1.062000036239624,1244.0999755859375,516.796875,1.990625023841858,1.0473212003707886,1294.0
2026-09-11T09:17:00.000+08:00,13.884560585021973,17.23786163330078,9.763916015625,2.008244037628174,0.5288202166557312,385.20001220703125,1.86899995803833,1.055999994277954,1244.0999755859375,516.796875,1.990625023841858,1.0473212003707886,1294.0
2026-09-11T09:18:00.000+08:00,13.985692024230957,17.20232391357422,9.757080078125,2.0155210494995117,0.523934006690979,384.79998779296875,1.8669999837875366,1.055999994277954,1244.0999755859375,516.796875,1.990625023841858,1.0419378280639648,1294.0
2026-09-11T09:19:00.000+08:00,14.410993576049805,17.130081176757812,9.8056640625,2.0782675743103027,0.5124460458755493,384.70001220703125,1.871999979019165,1.065000057220459,1244.199951171875,516.796875,1.990625023841858,1.0439566373825073,1294.0
2026-09-11T09:20:00.000+08:00,13.67933177947998,17.231781005859375,9.708251953125,1.9914007186889648,0.5317865014076233,384.8999938964844,1.878999948501587,1.065000057220459,1244.199951171875,516.796875,2.0289063453674316,1.0502820014953613,1294.0
2026-09-11T09:21:00.000+08:00,14.031938552856445,17.245819091796875,9.75,2.0415852069854736,0.5157756805419922,384.70001220703125,1.8589999675750732,1.055999994277954,1244.199951171875,516.796875,2.0289063453674316,1.050551176071167,1294.0
2026-09-11T09:22:00.000+08:00,13.791300773620605,17.192535400390625,9.798583984375,2.0323729515075684,0.5181135535240173,384.8999938964844,1.8630000352859497,1.059000015258789,1244.199951171875,516.796875,2.0289063453674316,1.0493398904800415,1294.0
2026-09-11T09:23:00.000+08:00,13.904635429382324,17.24529266357422,9.6875,2.007411479949951,0.5260505676269531,385.29998779296875,1.8650000095367432,1.062000036239624,1244.199951171875,516.796875,1.990625023841858,1.0465136766433716,1294.0
2026-09-11T09:24:00.000+08:00,13.957769393920898,17.16180419921875,9.847412109375,2.035710573196411,0.5216851234436035,385.29998779296875,1.875,1.065000057220459,1244.199951171875,516.796875,2.0289063453674316,1.0527044534683228,1294.0
2026-09-11T09:25:00.000+08:00,13.229279518127441,17.1895751953125,9.708251953125,1.9302068948745728,0.551754355430603,385.8999938964844,1.8660000562667847,1.065000057220459,1244.300048828125,516.796875,2.0289063453674316,1.052435278892517,1294.0
2026-09-11T09:26:00.000+08:00,14.41531753540039,17.126304626464844,9.770751953125,2.12766432762146,0.49913889169692993,386.0,1.875,1.065000057220459,1244.300048828125,516.796875,2.0289063453674316,1.054050326347351,1294.0
2026-09-11T09:27:00.000+08:00,14.54463005065918,17.233001708984375,9.708251953125,2.1715087890625,0.4918239414691925,386.1000061035156,1.8969999551773071,1.0740000009536743,1244.300048828125,516.796875,2.0289063453674316,1.0614523887634277,1294.0
2026-09-11T09:28:00.000+08:00,14.257405281066895,17.180862426757812,9.798583984375,2.115311861038208,0.5091447830200195,385.8999938964844,1.8910000324249268,1.0740000009536743,1244.300048828125,516.796875,2.0289063453674316,1.0590298175811768,1294.0
2026-09-11T09:29:00.000+08:00,14.425583839416504,17.20001220703125,9.625,2.110690116882324,0.5074169635772705,386.0,1.8949999809265137,1.0740000009536743,1244.300048828125,516.796875,2.0289063453674316,1.0578186511993408,1294.0
2026-09-11T09:30:00.000+08:00,14.454654693603516,17.249000549316406,9.64599609375,2.145658016204834,0.4963512420654297,385.8999938964844,1.88100004196167,1.0679999589920044,1244.4000244140625,516.796875,2.0289063453674316,1.056069016456604,1294.0
2026-09-11T09:31:00.000+08:00,14.813175201416016,17.19873046875,9.7431640625,2.1840169429779053,0.48900720477104187,386.3999938964844,1.878000020980835,1.0770000219345093,1244.4000244140625,516.796875,2.0289063453674316,1.0619906187057495,1294.0
2026-09-11T09:32:00.000+08:00,14.90636920928955,17.224990844726562,9.770751953125,2.2005867958068848,0.48668837547302246,386.1000061035156,1.8819999694824219,1.0679999589920044,1244.4000244140625,516.796875,1.990625023841858,1.045436978340149,1294.0
2026-09-11T09:33:00.000+08:00,14.56606388092041,17.22435760498047,9.75,2.16745662689209,0.4899751842021942,385.3999938964844,1.878999948501587,1.065000057220459,1244.4000244140625,516.796875,2.0289063453674316,1.0502820014953613,1294.0
2026-09-11T09:34:00.000+08:00,14.05432415008545,17.10498046875,9.6875,2.0716466903686523,0.5140838027000427,385.5,1.878999948501587,1.0679999589920044,1244.4000244140625,516.796875,2.0289063453674316,1.056876540184021,1294.0
2026-09-11T09:35:00.000+08:00,14.628593444824219,17.006187438964844,9.84033203125,2.131157398223877,0.4969131052494049,385.70001220703125,1.8930000066757202,1.062000036239624,1244.4000244140625,516.796875,2.0289063453674316,1.0548577308654785,1294.0
2026-09-11T09:36:00.000+08:00,14.578461647033691,17.04669952392578,9.8056640625,2.0916805267333984,0.5077257752418518,385.5,1.8860000371932983,1.062000036239624,1244.5,516.796875,1.990625023841858,1.0510895252227783,1294.0
2026-09-11T09:37:00.000+08:00,14.265840530395508,17.155075073242188,9.847412109375,2.043682098388672,0.5211182236671448,385.5,1.875,1.062000036239624,1244.5,516.796875,2.0289063453674316,1.0510895252227783,1294.0
2026-09-11T09:38:00.000+08:00,14.124513626098633,17.051010131835938,9.791748046875,2.0555806159973145,0.5137234926223755,386.1000061035156,1.871999979019165,1.0679999589920044,1244.5,516.796875,2.0289063453674316,1.0544540882110596,1294.0
2026-09-11T09:39:00.000+08:00,14.245572090148926,17.123931884765625,9.770751953125,2.0836637020111084,0.5096791982650757,385.79998779296875,1.8650000095367432,1.062000036239624,1244.5,516.796875,1.990625023841858,1.0457061529159546,1294.0
2026-09-11T09:40:00.000+08:00,14.093392372131348,17.154495239257812,9.847412109375,2.0419692993164062,0.5230244994163513,385.79998779296875,1.8890000581741333,1.0709999799728394,1244.5,516.796875,2.0289063453674316,1.0580878257751465,1294.0
2026-09-11T09:41:00.000+08:00,13.864285469055176,17.193740844726562,9.757080078125,2.0091922283172607,0.5285706520080566,385.20001220703125,1.8580000400543213,1.0529999732971191,1244.5,516.796875,1.990625023841858,1.0440912246704102,1294.0
2026-09-11T09:42:00.000+08:00,14.42554759979248,17.209678649902344,9.8056640625,2.0942394733428955,0.505672812461853,385.6000061035156,1.8769999742507935,1.065000057220459,1244.5999755859375,516.796875,1.990625023841858,1.04691743850708,1294.0
2026-09-11T09:43:00.000+08:00,14.390247344970703,17.127769470214844,9.6806640625,2.0934407711029053,0.5072987675666809,385.29998779296875,1.8760000467300415,1.065000057220459,1244.5999755859375,516.796875,2.0289063453674316,1.0544540882110596,1294.0
2026-09-11T09:44:00.000+08:00,13.946742057800293,17.192893981933594,9.507080078125,2.041882038116455,0.5230468511581421,385.8999938964844,1.8830000162124634,1.0740000009536743,1244.5999755859375,516.796875,2.0289063453674316,1.0578186511993408,1294.0
2026-09-11T09:45:00.000+08:00,13.843134880065918,17.1392822265625,9.472412109375,2.0667505264282227,0.5138500928878784,385.3999938964844,1.8730000257492065,1.065000057220459,1244.5999755859375,516.796875,2.0289063453674316,1.0586260557174683,1294.0
2026-09-11T09:46:00.000+08:00,13.860966682434082,nan,nan,2.129894256591797,0.4972078204154968,385.0,1.8769999742507935,1.065000057220459,1244.5999755859375,516.796875,2.0289063453674316,1.0514931678771973,1294.0
2026-09-11T09:47:00.000+08:00,14.27021598815918,17.183929443359375,9.43408203125,2.1759068965911865,0.48531490564346313,385.1000061035156,1.86899995803833,1.062000036239624,1244.699951171875,516.796875,1.990625023841858,1.0465136766433716,1294.0
2026-09-11T09:48:00.000+08:00,14.483640670776367,17.171676635742188,9.4306640625,2.2101399898529053,0.4818699359893799,384.8999938964844,1.878999948501587,1.065000057220459,1244.699951171875,516.796875,1.990625023841858,1.048128604888916,1294.0
2026-09-11T09:49:00.000+08:00,nan,17.203529357910156,9.451416015625,nan,nan,385.20001220703125,1.8739999532699585,1.055999994277954,1244.699951171875,516.796875,1.990625023841858,1.0485323667526245,1294.0
2026-09-11T09:50:00.000+08:00,14.090771675109863,17.02899932861328,9.46533203125,2.1582279205322266,0.4907520264387131,385.29998779296875,1.8680000305175781,1.059000015258789,1244.699951171875,516.796875,1.990625023841858,1.0473212003707886,1294.0
2026-09-11T09:51:00.000+08:00,14.363497734069824,17.1195068359375,9.416748046875,2.193878650665283,0.4854415953159332,385.6000061035156,1.871000051498413,1.062000036239624,1244.699951171875,516.796875,1.990625023841858,1.046109914779663,1294.0
2026-09-11T09:52:00.000+08:00,13.752806663513184,17.026901245117188,9.5556640625,2.038696050643921,0.5253357887268066,384.79998779296875,1.8739999532699585,1.062000036239624,1244.699951171875,516.796875,2.0289063453674316,1.0501474142074585,1294.0
2026-09-11T09:53:00.000+08:00,14.24508285522461,17.080848693847656,9.520751953125,2.1815452575683594,0.4881860613822937,384.79998779296875,1.8739999532699585,1.062000036239624,1244.800048828125,516.796875,1.990625023841858,1.0467828512191772,1294.0
2026-09-11T09:54:00.000+08:00,13.775809288024902,16.968833923339844,9.458251953125,2.040748357772827,0.5145171880722046,384.3999938964844,1.8700000047683716,1.0529999732971191,1244.800048828125,513.28125,1.990625023841858,1.0455715656280518,1294.0
2026-09-11T09:55:00.000+08:00,14.177006721496582,16.987686157226562,9.513916015625,2.1315464973449707,0.49541497230529785,384.1000061035156,1.8630000352859497,1.0499999523162842,1244.800048828125,516.796875,1.990625023841858,1.0423415899276733,1295.0
2026-09-11T09:56:00.000+08:00,13.636192321777344,16.91668701171875,9.458251953125,2.032683849334717,0.5195102095603943,384.6000061035156,1.8860000371932983,1.065000057220459,1244.800048828125,513.28125,1.990625023841858,1.0443603992462158,1295.0
2026-09-11T09:57:00.000+08:00,14.158476829528809,16.945877075195312,9.5556640625,2.099318504333496,0.5030204057693481,384.6000061035156,1.8680000305175781,1.0529999732971191,1244.800048828125,513.28125,1.990625023841858,1.0393807888031006,1295.0
2026-09-11T09:58:00.000+08:00,13.942272186279297,16.91046905517578,9.548583984375,2.052715301513672,0.5173634886741638,384.6000061035156,1.878000020980835,1.055999994277954,1244.800048828125,516.796875,1.990625023841858,1.0423415899276733,1295.0
2026-09-11T09:59:00.000+08:00,13.764779090881348,17.03900909423828,9.597412109375,1.995438575744629,0.5292069911956787,384.70001220703125,1.8760000467300415,1.055999994277954,1244.9000244140625,516.796875,1.990625023841858,1.0447640419006348,1295.0
2026-09-11T10:00:00.000+08:00,14.032587051391602,17.032249450683594,9.6181640625,2.0542421340942383,0.5125977993011475,384.6000061035156,1.8869999647140503,1.062000036239624,1244.9000244140625,516.796875,1.990625023841858,1.0409958362579346,1295.0
2026-09-11T10:01:00.000+08:00,13.818848609924316,17.051345825195312,9.611083984375,2.075845241546631,0.513043999671936,384.70001220703125,1.8880000114440918,1.065000057220459,1244.9000244140625,516.796875,1.990625023841858,1.0448986291885376,1295.0
2026-09-11T10:02:00.000+08:00,13.52650260925293,17.107650756835938,9.58349609375,1.994505524635315,0.5339669585227966,384.70001220703125,1.8910000324249268,1.059000015258789,1244.9000244140625,516.796875,1.990625023841858,1.0473212003707886,1295.0
2026-09-11T10:03:00.000+08:00,13.092022895812988,17.091773986816406,9.52783203125,1.9757968187332153,0.5359863042831421,384.5,1.8899999856948853,1.059000015258789,1244.9000244140625,516.796875,1.990625023841858,1.048128604888916,1295.0
2026-09-11T10:04:00.000+08:00,13.560843467712402,17.041091918945312,9.451416015625,1.994256615638733,0.5280163288116455,384.70001220703125,1.8849999904632568,1.055999994277954,1245.0,516.796875,2.0289063453674316,1.0501474142074585,1295.0
2026-09-11T10:05:00.000+08:00,13.913289070129395,17.011573791503906,9.6181640625,2.037917375564575,0.5181760787963867,384.29998779296875,1.8869999647140503,1.055999994277954,1245.0,516.796875,1.990625023841858,1.0451678037643433,1295.0
2026-09-11T10:06:00.000+08:00,13.519427299499512,17.043182373046875,9.64599609375,2.024671792984009,0.5200843214988708,384.79998779296875,1.9010000228881836,1.059000015258789,1245.0,516.796875,1.990625023841858,1.048128604888916,1295.0
2026-09-11T10:07:00.000+08:00,13.987966537475586,16.91460418701172,9.604248046875,2.0928540229797363,0.5060075521469116,384.5,1.8919999599456787,1.055999994277954,1245.0,516.796875,1.990625023841858,1.0435528755187988,1295.0
2026-09-11T10:08:00.000+08:00,14.133973121643066,17.08056640625,9.6806640625,2.0665595531463623,0.5138975977897644,384.0,1.8930000066757202,1.0529999732971191,1245.0,516.796875,1.990625023841858,1.040726661682129,1295.0
2026-09-11T10:09:00.000+08:00,13.955086708068848,17.060508728027344,9.5625,2.0507826805114746,0.5149253606796265,384.6000061035156,1.8969999551773071,1.062000036239624,1245.0,516.796875,1.990625023841858,1.0463790893554688,1295.0
2026-09-11T10:10:00.000+08:00,13.650398254394531,17.12476348876953,9.58349609375,1.958551049232483,0.545301079750061,385.0,1.9010000228881836,1.0679999589920044,1245.0999755859375,516.796875,2.0289063453674316,1.0502820014953613,1295.0
2026-09-11T10:11:00.000+08:00,13.672674179077148,17.160446166992188,9.59033203125,2.04708194732666,0.517321765422821,384.8999938964844,1.8960000276565552,1.062000036239624,1245.0999755859375,516.796875,2.0289063453674316,1.0527044534683228,1295.0
2026-09-11T10:12:00.000+08:00,13.941359519958496,17.208763122558594,9.5625,2.0540435314178467,0.5155684351921082,384.6000061035156,1.8860000371932983,1.055999994277954,1245.0999755859375,516.796875,1.990625023841858,1.0435528755187988,1295.0
2026-09-11T10:13:00.000+08:00,13.414643287658691,17.14684295654297,9.65283203125,2.0172643661499023,0.5234811902046204,383.79998779296875,1.8760000467300415,1.0529999732971191,1245.0999755859375,513.28125,1.990625023841858,1.0455715656280518,1295.0
2026-09-11T10:14:00.000+08:00,13.757594108581543,17.181106567382812,9.632080078125,2.065037965774536,0.5084652304649353,385.1000061035156,1.88100004196167,1.0499999523162842,1245.0999755859375,516.796875,1.990625023841858,1.0443603992462158,1295.0
2026-09-11T10:15:00.000+08:00,14.154178619384766,17.206161499023438,9.632080078125,2.139082193374634,0.4922672212123871,385.0,1.8849999904632568,1.059000015258789,1245.0999755859375,516.796875,1.990625023841858,1.0443603992462158,1295.0
2026-09-11T10:16:00.000+08:00,14.333854675292969,17.13507843017578,9.65283203125,2.1556482315063477,0.49265921115875244,384.79998779296875,1.8899999856948853,1.059000015258789,1245.199951171875,516.796875,1.990625023841858,1.0423415899276733,1295.0
2026-09-11T10:17:00.000+08:00,14.265466690063477,17.222091674804688,9.673583984375,2.1123273372650146,0.49850231409072876,384.5,1.8819999694824219,1.0529999732971191,1245.199951171875,516.796875,1.990625023841858,1.0409958362579346,1295.0
2026-09-11T10:18:00.000+08:00,14.453622817993164,17.245628356933594,9.5,2.178043842315674,0.4820839762687683,384.70001220703125,1.8819999694824219,1.0529999732971191,1245.199951171875,516.796875,1.990625023841858,1.0415340662002563,1295.0
2026-09-11T10:19:00.000+08:00,14.019821166992188,17.136573791503906,9.597412109375,2.07783842086792,0.5067766308784485,384.20001220703125,1.8799999952316284,1.0470000505447388,1245.199951171875,513.28125,1.990625023841858,1.0451678037643433,1295.0
2026-09-11T10:20:00.000+08:00,14.130590438842773,17.19084930419922,9.625244140625,2.1441569328308105,0.4883038103580475,384.1000061035156,1.878999948501587,1.0499999523162842,1245.199951171875,513.28125,1.990625023841858,1.042610764503479,1295.0
2026-09-11T10:21:00.000+08:00,13.87820053100586,17.13574981689453,9.6181640625,2.1030256748199463,0.4992806613445282,383.79998779296875,1.8910000324249268,1.0529999732971191,1245.300048828125,513.28125,1.990625023841858,1.042610764503479,1295.0
2026-09-11T10:22:00.000+08:00,13.950494766235352,17.202621459960938,9.576416015625,2.0809693336486816,0.5060141682624817,383.79998779296875,1.878000020980835,1.0440000295639038,1245.300048828125,513.28125,2.0289063453674316,1.0466482639312744,1295.0
2026-09-11T10:23:00.000+08:00,14.215102195739746,17.242958068847656,9.659912109375,2.137521743774414,0.48981961607933044,384.3999938964844,1.8830000162124634,1.055999994277954,1245.300048828125,516.796875,1.990625023841858,1.0385732650756836,1295.0
2026-09-11T10:24:00.000+08:00,14.21221923828125,17.200469970703125,9.77783203125,2.1486496925354004,0.4900752305984497,384.20001220703125,1.8799999952316284,1.055999994277954,1245.300048828125,513.28125,1.990625023841858,1.0458407402038574,1295.0
2026-09-11T10:25:00.000+08:00,14.283735275268555,17.22557830810547,9.75,2.1327972412109375,0.49371781945228577,384.79998779296875,1.8890000581741333,1.062000036239624,1245.300048828125,516.796875,1.990625023841858,1.0459753274917603,1295.0
2026-09-11T10:26:00.000+08:00,14.505382537841797,17.196929931640625,9.71533203125,2.157557725906372,0.49222323298454285,384.20001220703125,1.8730000257492065,1.055999994277954,1245.300048828125,513.28125,1.990625023841858,1.0422070026397705,1295.0
2026-09-11T10:27:00.000+08:00,14.100662231445312,17.239791870117188,9.625,2.0790019035339355,0.505050003528595,384.6000061035156,1.878999948501587,1.055999994277954,1245.4000244140625,513.28125,1.990625023841858,1.040592074394226,1295.0
2026-09-11T10:28:00.000+08:00,14.787199974060059,17.157608032226562,9.770751953125,2.189241647720337,0.4809885025024414,384.3999938964844,1.8769999742507935,1.0499999523162842,1245.4000244140625,513.28125,1.990625023841858,1.039784550666809,1295.0
2026-09-11T10:29:00.000+08:00,13.722921371459961,17.174270629882812,9.736083984375,2.0107898712158203,0.5251667499542236,384.3999938964844,1.8849999904632568,1.059000015258789,1245.4000244140625,513.28125,1.990625023841858,1.0404574871063232,1295.0
2026-09-11T10:30:00.000+08:00,14.569193840026855,17.230506896972656,9.757080078125,2.135275363922119,0.49314484000205994,383.70001220703125,1.871000051498413,1.0499999523162842,1245.4000244140625,513.28125,1.990625023841858,1.037092924118042,1295.0
2026-09-11T10:31:00.000+08:00,13.903884887695312,17.163955688476562,9.659912109375,2.082904815673828,0.5026633739471436,384.1000061035156,1.8860000371932983,1.055999994277954,1245.4000244140625,513.28125,1.990625023841858,1.0409958362579346,1295.0
2026-09-11T10:32:00.000+08:00,14.644207954406738,17.16985321044922,9.77099609375,2.1806187629699707,0.48701775074005127,383.8999938964844,1.8769999742507935,1.0529999732971191,1245.4000244140625,513.28125,1.990625023841858,1.0368237495422363,1295.0
2026-09-11T10:33:00.000+08:00,14.889436721801758,17.21147918701172,9.798583984375,2.207185983657837,0.47707802057266235,383.70001220703125,1.878000020980835,1.0529999732971191,1245.5,513.28125,1.990625023841858,1.0356124639511108,1295.0
2026-09-11T10:34:00.000+08:00,14.53514575958252,17.23554229736328,9.71533203125,2.1555685997009277,0.49128565192222595,384.0,1.8630000352859497,1.0470000505447388,1245.5,513.28125,1.990625023841858,1.0392462015151978,1295.0
2026-09-11T10:35:00.000+08:00,14.669755935668945,17.192535400390625,9.722412109375,2.16034197807312,0.4846454858779907,383.5,1.8630000352859497,1.0470000505447388,1245.5,513.28125,1.990625023841858,1.0358816385269165,1295.0
2026-09-11T10:36:00.000+08:00,15.419076919555664,17.043540954589844,9.861083984375,2.2622110843658447,0.46547380089759827,383.6000061035156,1.871000051498413,1.0499999523162842,1245.5,513.28125,1.990625023841858,1.0368237495422363,1295.0
2026-09-11T10:37:00.000+08:00,14.498316764831543,17.139244079589844,9.77783203125,2.090092658996582,0.50380539894104,383.6000061035156,1.8700000047683716,1.0470000505447388,1245.5,513.28125,1.990625023841858,1.0376312732696533,1295.0
2026-09-11T10:38:00.000+08:00,14.35254955291748,17.243255615234375,9.861083984375,2.099517583847046,0.500114917755127,383.29998779296875,1.8769999742507935,1.0529999732971191,1245.5,513.28125,1.990625023841858,1.0366891622543335,1295.0
2026-09-11T10:39:00.000+08:00,13.805706977844238,17.22504425048828,9.701416015625,2.0218608379364014,0.517839789390564,383.1000061035156,1.8650000095367432,1.0440000295639038,1245.5999755859375,513.28125,1.990625023841858,1.034266710281372,1295.0
2026-09-11T10:40:00.000+08:00,15.130209922790527,17.16191864013672,9.798583984375,2.200078010559082,0.47725579142570496,384.20001220703125,1.8739999532699585,1.0499999523162842,1245.5999755859375,513.28125,1.990625023841858,1.042610764503479,1295.0
2026-09-11T10:41:00.000+08:00,14.979211807250977,17.216415405273438,9.763916015625,2.2262332439422607,0.47434383630752563,384.29998779296875,1.875,1.0529999732971191,1245.5999755859375,513.28125,1.990625023841858,1.0393807888031006,1295.0
2026-09-11T10:42:00.000+08:00,14.052046775817871,17.238418579101562,9.763916015625,2.0528087615966797,0.5144171118736267,383.5,1.878999948501587,1.0529999732971191,1245.5999755859375,513.28125,1.990625023841858,1.0396499633789062,1295.0
2026-09-11T10:43:00.000+08:00,14.65218448638916,17.070724487304688,9.722412109375,2.1340794563293457,0.49060964584350586,383.5,1.871000051498413,1.0470000505447388,1245.5999755859375,513.28125,1.990625023841858,1.0396499633789062,1295.0
2026-09-11T10:44:00.000+08:00,14.53929615020752,17.087303161621094,9.659912109375,2.145076036453247,0.4908916652202606,383.29998779296875,1.875,1.0440000295639038,1245.699951171875,513.28125,1.990625023841858,1.0384386777877808,1295.0
2026-09-11T10:45:00.000+08:00,14.22622013092041,nan,nan,2.0654397010803223,0.5069138407707214,383.5,1.8869999647140503,1.0499999523162842,1245.699951171875,513.28125,1.990625023841858,1.041803240776062,1295.0
2026-09-11T10:46:00.000+08:00,14.658646583557129,17.065082550048828,9.7744140625,2.1487228870391846,0.4872661828994751,383.0,1.878999948501587,1.0499999523162842,1245.699951171875,513.28125,1.990625023841858,1.0358816385269165,1295.0
2026-09-11T10:47:00.000+08:00,14.62299919128418,17.05774688720703,9.757080078125,2.1536624431610107,0.4861486256122589,383.29998779296875,1.8839999437332153,1.0529999732971191,1245.699951171875,513.28125,1.990625023841858,1.0313057899475098,1295.0
2026-09-11T10:48:00.000+08:00,nan,17.03691864013672,9.791748046875,nan,nan,383.1000061035156,1.878000020980835,1.0499999523162842,1245.699951171875,513.28125,1.990625023841858,1.0366891622543335,1295.0
2026-09-11T10:49:00.000+08:00,14.535358428955078,17.11414337158203,9.729248046875,2.1084660291671753,0.49729856848716736,383.0,1.878999948501587,1.0499999523162842,1245.699951171875,513.28125,1.990625023841858,1.037900447845459,1295.0
2026-09-11T10:50:00.000+08:00,14.50605297088623,17.012344360351562,9.826416015625,2.0836563110351562,0.5053616762161255,383.70001220703125,1.878999948501587,1.059000015258789,1245.800048828125,513.28125,1.990625023841858,1.0404574871063232,1295.0
2026-09-11T10:51:00.000+08:00,14.477153778076172,17.08672332763672,9.666748046875,2.122603178024292,0.4960889220237732,384.3999938964844,1.8839999437332153,1.0529999732971191,1245.800048828125,513.28125,1.990625023841858,1.0485323667526245,1295.0
2026-09-11T10:52:00.000+08:00,14.296592712402344,17.024208068847656,9.71533203125,2.057971239089966,0.5116689205169678,383.6000061035156,1.878999948501587,1.0529999732971191,1245.800048828125,513.28125,1.990625023841858,1.0384386777877808,1296.0
2026-09-11T10:53:00.000+08:00,14.101973533630371,17.13268280029297,9.736083984375,2.048598527908325,0.5110810995101929,383.20001220703125,1.8669999837875366,1.0440000295639038,1245.800048828125,513.28125,1.990625023841858,1.0304983854293823,1296.0
2026-09-11T10:54:00.000+08:00,13.430682182312012,17.22740936279297,9.791748046875,1.9755967855453491,0.529966413974762,383.70001220703125,1.878999948501587,1.0499999523162842,1245.800048828125,513.28125,1.990625023841858,1.0348049402236938,1296.0
2026-09-11T10:55:00.000+08:00,14.151750564575195,17.177749633789062,9.84033203125,2.1088051795959473,0.49648967385292053,383.29998779296875,1.8660000562667847,1.0499999523162842,1245.800048828125,513.28125,1.990625023841858,1.0302292108535767,1296.0
2026-09-11T10:56:00.000+08:00,14.44598388671875,17.277755737304688,9.8056640625,2.1200757026672363,0.4966803789138794,383.79998779296875,1.8760000467300415,1.0499999523162842,1245.9000244140625,513.28125,1.990625023841858,1.0380349159240723,1296.0
2026-09-11T10:57:00.000+08:00,14.383321762084961,17.374359130859375,9.888916015625,2.1289315223693848,0.4974326491355896,384.20001220703125,1.8769999742507935,1.055999994277954,1245.9000244140625,513.28125,1.990625023841858,1.0413994789123535,1296.0
2026-09-11T10:58:00.000+08:00,15.036075592041016,17.092681884765625,9.729248046875,2.2579097747802734,0.47034651041030884,384.0,1.86899995803833,1.0470000505447388,1245.9000244140625,513.28125,1.990625023841858,1.0364199876785278,1296.0
2026-09-11T10:59:00.000+08:00,15.626748085021973,17.24262237548828,9.8125,2.3113813400268555,0.45816755294799805,384.1000061035156,1.8700000047683716,1.0499999523162842,1245.9000244140625,513.28125,1.990625023841858,1.0376312732696533,1296.0
2026-09-11T11:00:00.000+08:00,14.177849769592285,17.24151611328125,9.8056640625,2.0604023933410645,0.5125212669372559,383.5,1.8730000257492065,1.0499999523162842,1245.9000244140625,513.28125,1.990625023841858,1.0376312732696533,1296.0
2026-09-11T11:01:00.000+08:00,14.098278999328613,17.21825408935547,9.75,2.044463634490967,0.5135821104049683,383.8999938964844,1.88100004196167,1.055999994277954,1246.0,513.28125,1.990625023841858,1.0430145263671875,1296.0
2026-09-11T11:02:00.000+08:00,15.040253639221191,17.19995880126953,9.694580078125,2.2342967987060547,0.46860381960868835,383.29998779296875,1.8769999742507935,1.0499999523162842,1246.0,513.28125,1.990625023841858,1.0388424396514893,1296.0
2026-09-11T11:03:00.000+08:00,14.6327486038208,17.194366455078125,9.791748046875,2.1134841442108154,0.498229444026947,383.3999938964844,1.8700000047683716,1.0470000505447388,1246.0,513.28125,1.990625023841858,1.0392462015151978,1296.0
2026-09-11T11:04:00.000+08:00,14.045437812805176,17.193740844726562,9.763916015625,2.061729907989502,0.5078259706497192,383.29998779296875,1.8760000467300415,1.0499999523162842,1246.0,513.28125,1.990625023841858,1.0384386777877808,1296.0
2026-09-11T11:05:00.000+08:00,13.71488094329834,17.15160369873047,9.687744140625,2.009580612182617,0.519511342048645,383.0,1.86899995803833,1.0470000505447388,1246.0,513.28125,1.990625023841858,1.0384386777877808,1296.0
2026-09-11T11:06:00.000+08:00,14.388076782226562,17.028404235839844,9.708251953125,2.1262593269348145,0.4952359199523926,383.6000061035156,1.878000020980835,1.0499999523162842,1246.0,513.28125,1.990625023841858,1.033459186553955,1296.0
2026-09-11T11:07:00.000+08:00,14.548328399658203,17.102310180664062,9.84033203125,2.1648550033569336,0.48363515734672546,382.8999938964844,1.8700000047683716,1.0470000505447388,1246.0999755859375,513.28125,1.990625023841858,1.0345358848571777,1296.0
2026-09-11T11:08:00.000+08:00,14.173872947692871,17.23589324951172,9.826416015625,2.05189847946167,0.5117211937904358,383.0,1.8669999837875366,1.0470000505447388,1246.0999755859375,513.28125,1.990625023841858,1.036285400390625,1296.0
2026-09-11T11:09:00.000+08:00,14.068337440490723,17.21752166748047,9.861083984375,2.021498203277588,0.5179327130317688,383.70001220703125,1.8669999837875366,1.0499999523162842,1246.0999755859375,513.28125,1.990625023841858,1.041803240776062,1296.0
2026-09-11T11:10:00.000+08:00,14.37168025970459,17.237342834472656,9.722412109375,2.1349990367889404,0.4932086765766144,383.20001220703125,1.8630000352859497,1.0499999523162842,1246.0999755859375,513.28125,1.990625023841858,1.035477876663208,1296.0
2026-09-11T11:11:00.000+08:00,15.285765647888184,17.32610321044922,9.763916015625,2.230828285217285,0.4706771969795227,383.5,1.8589999675750732,1.0470000505447388,1246.0999755859375,513.28125,1.990625023841858,1.0376312732696533,1296.0
2026-09-11T11:12:00.000+08:00,14.201826095581055,17.320587158203125,9.798583984375,2.120328187942505,0.49803608655929565,383.3999938964844,1.8609999418258667,1.0499999523162842,1246.0999755859375,513.28125,1.990625023841858,1.0364199876785278,1296.0
2026-09-11T11:13:00.000+08:00,14.433995246887207,17.341896057128906,9.8125,2.114363670349121,0.4966033399105072,383.20001220703125,1.8639999628067017,1.0470000505447388,1246.199951171875,513.28125,1.990625023841858,1.037092924118042,1296.0
2026-09-11T11:14:00.000+08:00,14.11232852935791,17.361709594726562,9.729248046875,2.1028730869293213,0.4978902339935303,383.70001220703125,1.8600000143051147,1.0499999523162842,1246.199951171875,513.28125,1.990625023841858,1.0384386777877808,1296.0
2026-09-11T11:15:00.000+08:00,14.055530548095703,17.286285400390625,9.770751953125,2.1089353561401367,0.496459037065506,384.0,1.8680000305175781,1.059000015258789,1246.199951171875,513.28125,1.990625023841858,1.0401883125305176,1296.0
2026-09-11T11:16:00.000+08:00,14.11386489868164,17.244178771972656,9.666748046875,2.121975898742676,0.49340805411338806,384.1000061035156,1.8609999418258667,1.0499999523162842,1246.199951171875,513.28125,1.990625023841858,1.0368237495422363,1296.0
2026-09-11T11:17:00.000+08:00,14.332714080810547,17.15594482421875,9.736083984375,2.135899305343628,0.49300074577331543,383.79998779296875,1.8680000305175781,1.0470000505447388,1246.199951171875,513.28125,1.990625023841858,1.0413994789123535,1296.0
2026-09-11T11:18:00.000+08:00,15.074104309082031,17.216995239257812,9.798583984375,2.250636577606201,0.4652017056941986,383.8999938964844,1.86899995803833,1.0529999732971191,1246.199951171875,513.28125,1.990625023841858,1.040592074394226,1296.0
2026-09-11T11:19:00.000+08:00,14.742197036743164,17.145980834960938,9.77783203125,2.1854264736175537,0.48182815313339233,383.79998779296875,1.88100004196167,1.059000015258789,1246.300048828125,513.28125,1.990625023841858,1.0404574871063232,1296.0
2026-09-11T11:20:00.000+08:00,13.642385482788086,17.18041229248047,9.71533203125,2.004182815551758,0.5239042639732361,383.3999938964844,1.8700000047683716,1.0470000505447388,1246.300048828125,513.28125,1.990625023841858,1.0392462015151978,1296.0
2026-09-11T11:21:00.000+08:00,14.04912281036377,17.212112426757812,9.763916015625,2.044666051864624,0.5149984955787659,383.70001220703125,1.871999979019165,1.0499999523162842,1246.300048828125,513.28125,1.990625023841858,1.0404574871063232,1296.0
2026-09-11T11:22:00.000+08:00,14.441280364990234,17.13414764404297,9.923583984375,2.136331796646118,0.490092396736145,383.8999938964844,1.8769999742507935,1.0499999523162842,1246.300048828125,513.28125,1.990625023841858,1.0302292108535767,1296.0
2026-09-11T11:23:00.000+08:00,14.680749893188477,17.2236328125,9.819580078125,2.132948637008667,0.49086976051330566,383.79998779296875,1.878000020980835,1.0499999523162842,1246.300048828125,513.28125,1.990625023841858,1.0380349159240723,1296.0
2026-09-11T11:24:00.000+08:00,13.63083267211914,17.140975952148438,9.8681640625,2.0171585083007812,0.5205342173576355,384.20001220703125,1.8799999952316284,1.0499999523162842,1246.4000244140625,513.28125,1.990625023841858,1.0401883125305176,1296.0
2026-09-11T11:25:00.000+08:00,14.33080005645752,17.21752166748047,9.854248046875,2.11221981048584,0.4971073567867279,384.0,1.8899999856948853,1.055999994277954,1246.4000244140625,513.28125,1.990625023841858,1.039784550666809,1296.0
2026-09-11T11:26:00.000+08:00,14.151269912719727,17.170387268066406,9.84033203125,2.070967197418213,0.5070095062255859,383.8999938964844,1.8969999551773071,1.059000015258789,1246.4000244140625,513.28125,1.990625023841858,1.0393807888031006,1296.0
2026-09-11T11:27:00.000+08:00,14.384803771972656,17.25067901611328,9.8681640625,2.0922658443450928,0.5032821297645569,384.20001220703125,1.8849999904632568,1.0529999732971191,1246.4000244140625,513.28125,1.990625023841858,1.0430145263671875,1296.0
2026-09-11T11:28:00.000+08:00,14.603675842285156,17.3226318359375,9.6806640625,2.141352653503418,0.4945472478866577,384.1000061035156,1.8910000324249268,1.0499999523162842,1246.4000244140625,513.28125,1.990625023841858,1.039784550666809,1296.0
2026-09-11T11:29:00.000+08:00,14.881234169006348,17.161643981933594,9.534912109375,2.2332680225372314,0.4715063273906708,384.70001220703125,1.8760000467300415,1.0529999732971191,1246.4000244140625,516.796875,2.0289063453674316,1.04974365234375,1296.0
2026-09-11T11:30:00.000+08:00,14.846238136291504,17.171676635742188,9.388916015625,2.2371785640716553,0.46665921807289124,383.70001220703125,1.8869999647140503,1.0499999523162842,1246.5,513.28125,1.990625023841858,1.0384386777877808,1296.0
2026-09-11T11:31:00.000+08:00,14.749565124511719,17.04168701171875,9.444580078125,2.2518041133880615,0.4689573347568512,383.79998779296875,1.8739999532699585,1.0529999732971191,1246.5,513.28125,1.990625023841858,1.034266710281372,1296.0
2026-09-11T11:32:00.000+08:00,14.579499244689941,17.006561279296875,9.6181640625,2.2527058124542236,0.4634426534175873,384.3999938964844,1.8760000467300415,1.059000015258789,1246.5,516.796875,1.990625023841858,1.0459753274917603,1296.0
2026-09-11T11:33:00.000+08:00,13.869969367980957,17.222991943359375,9.4375,2.1277081966400146,0.4991286098957062,385.0,1.8799999952316284,1.059000015258789,1246.5,516.796875,2.0289063453674316,1.04974365234375,1296.0
2026-09-11T11:34:00.000+08:00,13.913276672363281,17.0655517578125,9.513916015625,2.0903732776641846,0.5051729083061218,384.6000061035156,1.875,1.055999994277954,1246.5,516.796875,1.990625023841858,1.0485323667526245,1296.0
2026-09-11T11:35:00.000+08:00,13.61536693572998,17.19964599609375,9.583251953125,2.067671775817871,0.5092684626579285,383.70001220703125,1.8860000371932983,1.0499999523162842,1246.5,513.28125,1.990625023841858,1.0372275114059448,1296.0
2026-09-11T11:36:00.000+08:00,13.94217300415039,17.127716064453125,9.6806640625,2.0889341831207275,0.5012125372886658,383.8999938964844,1.8890000581741333,1.0529999732971191,1246.5999755859375,513.28125,1.990625023841858,1.0360162258148193,1296.0
2026-09-11T11:37:00.000+08:00,14.551353454589844,17.237411499023438,9.6806640625,2.1582541465759277,0.48650431632995605,384.20001220703125,1.8980000019073486,1.055999994277954,1246.5999755859375,513.28125,1.990625023841858,1.0467828512191772,1296.0
2026-09-11T11:38:00.000+08:00,14.392987251281738,17.14923858642578,9.659912109375,2.1136574745178223,0.4981885850429535,384.20001220703125,1.8910000324249268,1.059000015258789,1246.5999755859375,513.28125,1.990625023841858,1.0430145263671875,1296.0
2026-09-11T11:39:00.000+08:00,15.479679107666016,16.87567138671875,9.52783203125,2.310352087020874,0.4544762074947357,384.20001220703125,1.8839999437332153,1.059000015258789,1246.5999755859375,513.28125,1.990625023841858,1.0401883125305176,1296.0
2026-09-11T11:40:00.000+08:00,15.472140312194824,16.63452911376953,9.5625,2.3206844329833984,0.45245271921157837,384.0,1.8739999532699585,1.0529999732971191,1246.5999755859375,513.28125,1.990625023841858,1.0356124639511108,1296.0
2026-09-11T11:41:00.000+08:00,15.468941688537598,16.740638732910156,9.52783203125,2.2971816062927246,0.4557758867740631,384.1000061035156,1.8669999837875366,1.0529999732971191,1246.699951171875,513.28125,1.990625023841858,1.0376312732696533,1296.0
2026-09-11T11:42:00.000+08:00,15.279744148254395,16.674049377441406,9.479248046875,2.172048330307007,0.48479586839675903,384.29998779296875,1.8799999952316284,1.059000015258789,1246.699951171875,516.796875,1.990625023841858,1.0447640419006348,1296.0
2026-09-11T11:43:00.000+08:00,19.90084457397461,16.92169952392578,9.46533203125,2.8111135959625244,0.3735174834728241,384.20001220703125,1.8819999694824219,1.0529999732971191,1246.699951171875,513.28125,1.990625023841858,1.0443603992462158,1296.0
2026-09-11T11:44:00.000+08:00,15.173957824707031,nan,nan,2.164165735244751,0.48794785141944885,384.1000061035156,1.875,1.0529999732971191,1246.699951171875,516.796875,1.990625023841858,1.0423415899276733,1296.0
2026-09-11T11:45:00.000+08:00,14.808720588684082,17.07630157470703,9.4896240234375,2.1923065185546875,0.4762107729911804,384.1000061035156,1.878000020980835,1.0529999732971191,1246.699951171875,513.28125,1.990625023841858,1.0455715656280518,1296.0
2026-09-11T11:46:00.000+08:00,14.527131080627441,16.9747314453125,9.520751953125,2.157217025756836,0.49091029167175293,384.0,1.8739999532699585,1.0499999523162842,1246.699951171875,513.28125,1.990625023841858,1.040592074394226,1296.0
2026-09-11T11:47:00.000+08:00,nan,16.941139221191406,9.52783203125,nan,nan,383.79998779296875,1.878999948501587,1.055999994277954,1246.800048828125,513.28125,1.990625023841858,1.0422070026397705,1296.0
2026-09-11T11:48:00.000+08:00,14.485669612884521,16.902503967285156,9.444580078125,2.138635039329529,0.4920227378606796,384.6000061035156,1.8769999742507935,1.055999994277954,1246.800048828125,516.796875,2.0289063453674316,1.0535119771957397,1296.0
2026-09-11T11:49:00.000+08:00,14.164339065551758,17.041656494140625,9.548583984375,2.0995700359344482,0.5029600858688354,385.0,1.8730000257492065,1.055999994277954,1246.800048828125,516.796875,1.990625023841858,1.0485323667526245,1297.0
2026-09-11T11:50:00.000+08:00,13.677652359008789,16.880386352539062,9.59033203125,2.03336501121521,0.5252377390861511,385.1000061035156,1.8799999952316284,1.065000057220459,1246.800048828125,516.796875,1.990625023841858,1.047724962234497,1297.0
2026-09-11T11:51:00.000+08:00,14.49264907836914,16.912208557128906,9.583251953125,2.143744468688965,0.4897971749305725,385.5,1.8890000581741333,1.0709999799728394,1246.800048828125,516.796875,2.0289063453674316,1.0544540882110596,1297.0
2026-09-11T11:52:00.000+08:00,14.27071475982666,16.968544006347656,9.520751953125,2.087092876434326,0.5059669613838196,385.70001220703125,1.875,1.059000015258789,1246.800048828125,516.796875,1.990625023841858,1.0496090650558472,1297.0
2026-09-11T11:53:00.000+08:00,14.228493690490723,16.950820922851562,9.604248046875,2.066965341567993,0.5123453140258789,385.6000061035156,1.8880000114440918,1.065000057220459,1246.9000244140625,516.796875,1.990625023841858,1.0490707159042358,1297.0
2026-09-11T11:54:00.000+08:00,14.127771377563477,16.934303283691406,9.597412109375,2.087378978729248,0.5087720155715942,385.70001220703125,1.8869999647140503,1.0709999799728394,1246.9000244140625,516.796875,2.0289063453674316,1.0566073656082153,1297.0
2026-09-11T11:55:00.000+08:00,14.40545654296875,16.92254638671875,9.59033203125,2.0933310985565186,0.5116247534751892,385.6000061035156,1.8919999599456787,1.0740000009536743,1246.9000244140625,516.796875,2.0289063453674316,1.0570111274719238,1297.0
2026-09-11T11:56:00.000+08:00,14.221399307250977,16.91162109375,9.597412109375,2.1043167114257812,0.5089538097381592,385.5,1.871000051498413,1.059000015258789,1246.9000244140625,516.796875,1.990625023841858,1.0496090650558472,1297.0
2026-09-11T11:57:00.000+08:00,14.17464542388916,16.99982452392578,9.534912109375,2.099853277206421,0.5043209195137024,386.1000061035156,1.8769999742507935,1.0740000009536743,1246.9000244140625,516.796875,1.990625023841858,1.0508203506469727,1297.0
2026-09-11T11:58:00.000+08:00,13.850563049316406,16.97119140625,9.4375,2.019099712371826,0.5259769558906555,386.6000061035156,1.88100004196167,1.065000057220459,1247.0,516.796875,2.0289063453674316,1.058760643005371,1297.0
2026-09-11T11:59:00.000+08:00,14.25643539428711,17.053741455078125,9.6181640625,2.0915908813476562,0.509181797504425,386.5,1.8940000534057617,1.0800000429153442,1247.0,516.796875,2.0289063453674316,1.0657589435577393,1297.0
2026-09-11T12:00:00.000+08:00,13.65545654296875,16.991241455078125,9.507080078125,2.0470175743103027,0.5217346549034119,386.5,1.875,1.062000036239624,1247.0,516.796875,2.0289063453674316,1.0571457147598267,1297.0
2026-09-11T12:01:00.000+08:00,14.35069751739502,16.901329040527344,9.4375,2.118411064147949,0.504151463508606,386.5,1.8899999856948853,1.0740000009536743,1247.0,516.796875,2.0289063453674316,1.0563381910324097,1297.0
2026-09-11T12:02:00.000+08:00,14.24662971496582,16.985931396484375,9.534912109375,2.0963525772094727,0.5137494802474976,386.1000061035156,1.8819999694824219,1.062000036239624,1247.0,516.796875,1.990625023841858,1.0432837009429932,1297.0
2026-09-11T12:03:00.000+08:00,14.178642272949219,17.096168518066406,9.534912109375,2.067490816116333,0.5194702744483948,385.79998779296875,1.9010000228881836,1.0679999589920044,1247.0,516.796875,1.990625023841858,1.0496090650558472,1297.0
2026-09-11T12:04:00.000+08:00,14.148214340209961,17.0286865234375,9.597412109375,2.0802667140960693,0.5105114579200745,385.6000061035156,1.8799999952316284,1.065000057220459,1247.0999755859375,516.796875,2.0289063453674316,1.0544540882110596,1297.0
2026-09-11T12:05:00.000+08:00,14.11046028137207,16.99242401123047,9.507080078125,2.0563910007476807,0.5193564891815186,386.20001220703125,1.906999945640564,1.0800000429153442,1247.0999755859375,516.796875,2.0289063453674316,1.0562036037445068,1297.0
2026-09-11T12:06:00.000+08:00,15.085000038146973,16.952552795410156,9.6806640625,2.2721643447875977,0.4687161147594452,385.79998779296875,1.902999997138977,1.0740000009536743,1247.0999755859375,516.796875,2.0289063453674316,1.053242802619934,1297.0
2026-09-11T12:07:00.000+08:00,14.719573020935059,16.890701293945312,9.659912109375,2.130957841873169,0.4997752904891968,386.0,1.9010000228881836,1.0770000219345093,1247.0999755859375,516.796875,1.990625023841858,1.0557998418807983,1297.0
2026-09-11T12:08:00.000+08:00,15.237144470214844,16.889480590820312,9.65283203125,2.1959547996520996,0.48088422417640686,386.5,1.8949999809265137,1.0740000009536743,1247.0999755859375,516.796875,2.0289063453674316,1.0549923181533813,1297.0
2026-09-11T12:09:00.000+08:00,14.652295112609863,16.967681884765625,9.6875,2.087754726409912,0.5115543603897095,386.8999938964844,1.875,1.0679999589920044,1247.199951171875,516.796875,2.0289063453674316,1.0584914684295654,1297.0
2026-09-11T12:10:00.000+08:00,14.980535507202148,16.891868591308594,9.625,2.1709234714508057,0.4933384358882904,387.3999938964844,1.8819999694824219,1.0679999589920044,1247.199951171875,520.3125,2.0289063453674316,1.064816951751709,1297.0
2026-09-11T12:11:00.000+08:00,14.816655158996582,17.018646240234375,9.71533203125,2.1392502784729004,0.5034473538398743,386.29998779296875,1.878000020980835,1.065000057220459,1247.199951171875,516.796875,2.0289063453674316,1.0549923181533813,1297.0
2026-09-11T12:12:00.000+08:00,13.88320541381836,17.134506225585938,9.673583984375,1.993919014930725,0.5326194167137146,386.29998779296875,1.878999948501587,1.062000036239624,1247.199951171875,516.796875,1.990625023841858,1.0545886754989624,1297.0
2026-09-11T12:13:00.000+08:00,13.912878036499023,17.144760131835938,9.77783203125,2.0425074100494385,0.5214179158210754,386.0,1.8769999742507935,1.059000015258789,1247.199951171875,516.796875,1.990625023841858,1.0504165887832642,1297.0
2026-09-11T12:14:00.000+08:00,14.4705171585083,17.151031494140625,9.638916015625,2.1931281089782715,0.4842398464679718,386.1000061035156,1.8799999952316284,1.0679999589920044,1247.199951171875,516.796875,1.990625023841858,1.0504165887832642,1297.0
2026-09-11T12:15:00.000+08:00,14.688679695129395,17.13744354248047,9.784912109375,2.1452717781066895,0.49923741817474365,386.20001220703125,1.8830000162124634,1.0679999589920044,1247.300048828125,516.796875,2.0289063453674316,1.0586260557174683,1297.0
2026-09-11T12:16:00.000+08:00,15.073014259338379,17.014480590820312,9.65283203125,2.2528514862060547,0.476729154586792,386.3999938964844,1.8940000534057617,1.065000057220459,1247.300048828125,516.796875,1.990625023841858,1.046244502067566,1297.0
2026-09-11T12:17:00.000+08:00,14.56948184967041,17.057838439941406,9.708251953125,2.1770009994506836,0.4947172701358795,386.5,1.8919999599456787,1.0679999589920044,1247.300048828125,516.796875,2.0289063453674316,1.0591644048690796,1297.0
2026-09-11T12:18:00.000+08:00,14.143509864807129,17.086654663085938,9.736083984375,2.0667057037353516,0.5138612985610962,386.8999938964844,1.8869999647140503,1.0709999799728394,1247.300048828125,516.796875,1.990625023841858,1.046244502067566,1297.0
2026-09-11T12:19:00.000+08:00,14.49306583404541,16.92668914794922,9.71533203125,2.082617998123169,0.5128160715103149,386.8999938964844,1.8930000066757202,1.0740000009536743,1247.300048828125,516.796875,2.0289063453674316,1.0501474142074585,1297.0
2026-09-11T12:20:00.000+08:00,13.880553245544434,17.017494201660156,9.632080078125,2.008723497390747,0.533174455165863,386.1000061035156,1.88100004196167,1.0709999799728394,1247.300048828125,516.796875,1.990625023841858,1.047052025794983,1297.0
2026-09-11T12:21:00.000+08:00,14.03286075592041,17.053436279296875,9.798583984375,2.0210440158843994,0.5210177898406982,386.0,1.8680000305175781,1.059000015258789,1247.4000244140625,516.796875,2.0289063453674316,1.0508203506469727,1297.0
2026-09-11T12:22:00.000+08:00,13.584108352661133,17.112342834472656,9.729248046875,2.009296178817749,0.527050256729126,386.6000061035156,1.8619999885559082,1.062000036239624,1247.4000244140625,516.796875,2.0289063453674316,1.0574148893356323,1297.0
2026-09-11T12:23:00.000+08:00,14.45714282989502,16.9464111328125,9.65283203125,2.094895839691162,0.5083785057067871,386.5,1.8949999809265137,1.0740000009536743,1247.4000244140625,516.796875,2.0289063453674316,1.0557998418807983,1297.0
2026-09-11T12:24:00.000+08:00,14.203179359436035,16.97998046875,9.708251953125,2.0815329551696777,0.5159658789634705,386.3999938964844,1.8899999856948853,1.0740000009536743,1247.4000244140625,516.796875,1.990625023841858,1.0521661043167114,1297.0
2026-09-11T12:25:00.000+08:00,14.559208869934082,16.980575561523438,9.71533203125,2.0847370624542236,0.5122947692871094,386.6000061035156,1.899999976158142,1.0740000009536743,1247.4000244140625,516.796875,1.990625023841858,1.051358699798584,1297.0
2026-09-11T12:26:00.000+08:00,14.020832061767578,16.90599822998047,9.632080078125,2.018634557723999,0.5335289239883423,386.8999938964844,1.871000051498413,1.062000036239624,1247.5,516.796875,2.0289063453674316,1.0629327297210693,1297.0
2026-09-11T12:27:00.000+08:00,14.176807403564453,16.964675903320312,9.694580078125,2.0616414546966553,0.5223992466926575,386.1000061035156,1.8799999952316284,1.065000057220459,1247.5,516.796875,2.0289063453674316,1.0553960800170898,1297.0
2026-09-11T12:28:00.000+08:00,14.2764253616333,16.99976348876953,9.6181640625,2.06563401222229,0.5112231969833374,386.20001220703125,1.8880000114440918,1.0709999799728394,1247.5,516.796875,1.990625023841858,1.0529736280441284,1297.0
2026-09-11T12:29:00.000+08:00,13.872117042541504,17.031410217285156,9.708251953125,2.0041615962982178,0.5328911542892456,386.3999938964844,1.8969999551773071,1.0800000429153442,1247.5,516.796875,2.0289063453674316,1.0529736280441284,1297.0
2026-09-11T12:30:00.000+08:00,14.019149780273438,17.02600860595703,9.6875,1.9950909614562988,0.538321316242218,386.20001220703125,1.871000051498413,1.065000057220459,1247.5,516.796875,1.990625023841858,1.0483977794647217,1297.0
2026-09-11T12:31:00.000+08:00,13.621736526489258,17.032806396484375,9.638916015625,1.9946315288543701,0.5354372262954712,386.0,1.8930000066757202,1.0740000009536743,1247.5,516.796875,2.0289063453674316,1.0594335794448853,1297.0
2026-09-11T12:32:00.000+08:00,13.888932228088379,17.08056640625,9.65283203125,2.031583070755005,0.5227450728416443,386.6000061035156,1.8639999628067017,1.0679999589920044,1247.5999755859375,516.796875,1.990625023841858,1.046244502067566,1297.0
2026-09-11T12:33:00.000+08:00,14.203529357910156,16.981781005859375,9.7431640625,2.0812230110168457,0.5088354349136353,386.70001220703125,1.8650000095367432,1.059000015258789,1247.5999755859375,516.796875,1.990625023841858,1.0508203506469727,1297.0
2026-09-11T12:34:00.000+08:00,14.369635581970215,16.969078063964844,9.632080078125,2.117439031600952,0.501549243927002,386.79998779296875,1.8860000371932983,1.0770000219345093,1247.5999755859375,516.796875,2.0289063453674316,1.0563381910324097,1297.0
2026-09-11T12:35:00.000+08:00,14.085999488830566,16.89800262451172,9.71533203125,2.0587198734283447,0.51585453748703,386.70001220703125,1.8899999856948853,1.0709999799728394,1247.5999755859375,516.796875,1.990625023841858,1.051358699798584,1297.0
2026-09-11T12:36:00.000+08:00,14.935946464538574,16.98914337158203,9.6875,2.1363513469696045,0.5041305422782898,386.6000061035156,1.8899999856948853,1.0740000009536743,1247.5999755859375,516.796875,2.0289063453674316,1.058760643005371,1297.0
2026-09-11T12:37:00.000+08:00,15.177281379699707,16.79242706298828,9.763916015625,2.187910795211792,0.49087923765182495,386.70001220703125,1.8639999628067017,1.0679999589920044,1247.5999755859375,516.796875,2.0289063453674316,1.0617214441299438,1297.0
2026-09-11T12:38:00.000+08:00,15.10397720336914,16.94519805908203,9.666748046875,2.1273014545440674,0.5034547448158264,387.0,1.8890000581741333,1.0800000429153442,1247.699951171875,516.796875,2.0289063453674316,1.0567419528961182,1297.0
2026-09-11T12:39:00.000+08:00,14.978218078613281,17.035690307617188,9.763916015625,2.123596668243408,0.5085711479187012,386.5,1.8890000581741333,1.0770000219345093,1247.699951171875,516.796875,1.990625023841858,1.053377389907837,1297.0
2026-09-11T12:40:00.000+08:00,13.507033348083496,17.12591552734375,9.632080078125,1.9259668588638306,0.5529690384864807,386.5,1.8910000324249268,1.0709999799728394,1247.699951171875,516.796875,2.0289063453674316,1.061586856842041,1297.0
2026-09-11T12:41:00.000+08:00,13.7078275680542,17.193161010742188,9.8056640625,2.0229270458221436,0.5234988331794739,386.8999938964844,1.8819999694824219,1.0740000009536743,1247.699951171875,516.796875,2.0289063453674316,1.0575494766235352,1297.0
2026-09-11T12:42:00.000+08:00,13.78053092956543,17.18517303466797,9.763916015625,2.0220682621002197,0.5311393141746521,387.29998779296875,1.8700000047683716,1.065000057220459,1247.699951171875,516.796875,2.0289063453674316,1.0535119771957397,1297.0
2026-09-11T12:43:00.000+08:00,14.176167488098145,nan,nan,2.1089844703674316,0.5035598874092102,386.70001220703125,1.8630000352859497,1.059000015258789,1247.800048828125,516.796875,2.0289063453674316,1.0563381910324097,1297.0
2026-09-11T12:44:00.000+08:00,15.14387321472168,16.95183563232422,9.7708740234375,2.2085981369018555,0.48356467485427856,387.0,1.8600000143051147,1.062000036239624,1247.800048828125,516.796875,2.0289063453674316,1.0575494766235352,1297.0
2026-09-11T12:45:00.000+08:00,15.244132995605469,16.995986938476562,9.729248046875,2.286489963531494,0.4644673764705658,386.3999938964844,1.8680000305175781,1.062000036239624,1247.800048828125,516.796875,1.990625023841858,1.051358699798584,1297.0
2026-09-11T12:46:00.000+08:00,nan,16.933425903320312,9.71533203125,nan,nan,386.79998779296875,1.8890000581741333,1.0740000009536743,1247.800048828125,516.796875,1.990625023841858,1.0529736280441284,1298.0
2026-09-11T12:47:00.000+08:00,14.316042423248291,16.922523498535156,9.659912109375,2.044853448867798,0.5194179117679596,387.1000061035156,1.8880000114440918,1.0770000219345093,1247.800048828125,516.796875,1.990625023841858,1.0521661043167114,1298.0
2026-09-11T12:48:00.000+08:00,14.490721702575684,17.096412658691406,9.7431640625,2.0527119636535645,0.524671733379364,387.79998779296875,1.8869999647140503,1.0800000429153442,1247.800048828125,520.3125,2.0289063453674316,1.0614523887634277,1298.0
2026-09-11T12:49:00.000+08:00,14.217778205871582,16.892967224121094,9.750244140625,2.0808489322662354,0.5175772309303284,387.29998779296875,1.8700000047683716,1.0709999799728394,1247.9000244140625,516.796875,2.0289063453674316,1.0609140396118164,1298.0
2026-09-11T12:50:00.000+08:00,15.486688613891602,16.7901611328125,9.625,2.2594432830810547,0.47268280386924744,387.1000061035156,1.86899995803833,1.0740000009536743,1247.9000244140625,516.796875,1.990625023841858,1.0543195009231567,1298.0
2026-09-11T12:51:00.000+08:00,15.054924011230469,16.78453826904297,9.7431640625,2.1404449939727783,0.5045679211616516,386.6000061035156,1.8860000371932983,1.0770000219345093,1247.9000244140625,516.796875,2.0289063453674316,1.0579532384872437,1298.0
2026-09-11T12:52:00.000+08:00,16.211851119995117,16.83910369873047,9.645751953125,2.3598546981811523,0.4487564265727997,387.6000061035156,1.8890000581741333,1.0829999446868896,1247.9000244140625,520.3125,2.0289063453674316,1.064816951751709,1298.0
2026-09-11T12:53:00.000+08:00,16.634632110595703,16.840545654296875,9.5625,2.3384652137756348,0.4554269015789032,387.0,1.871000051498413,1.065000057220459,1247.9000244140625,516.796875,1.990625023841858,1.050551176071167,1298.0
2026-09-11T12:54:00.000+08:00,16.650821685791016,16.782806396484375,9.625,2.383819818496704,0.44927892088890076,387.20001220703125,1.8830000162124634,1.0770000219345093,1247.9000244140625,516.796875,2.0289063453674316,1.0584914684295654,1298.0
2026-09-11T12:55:00.000+08:00,15.917352676391602,16.7716064453125,9.757080078125,2.302103042602539,0.4665299654006958,387.79998779296875,1.8799999952316284,1.0800000429153442,1248.0,520.3125,2.0289063453674316,1.0626635551452637,1298.0
2026-09-11T12:56:00.000+08:00,15.79951286315918,16.910171508789062,9.694580078125,2.2400057315826416,0.4781237840652466,387.0,1.8930000066757202,1.0800000429153442,1248.0,516.796875,2.0289063453674316,1.058760643005371,1298.0
2026-09-11T12:57:00.000+08:00,15.885729789733887,16.984146118164062,9.791748046875,2.2502524852752686,0.4746134281158447,387.1000061035156,1.8969999551773071,1.0800000429153442,1248.0,516.796875,2.0289063453674316,1.060510277748108,1298.0
2026-09-11T12:58:00.000+08:00,15.674665451049805,16.981781005859375,9.694580078125,2.232342004776001,0.4837968647480011,387.3999938964844,1.8890000581741333,1.0800000429153442,1248.0,520.3125,1.990625023841858,1.0539157390594482,1298.0
2026-09-11T12:59:00.000+08:00,14.80975341796875,16.986709594726562,9.7431640625,2.1125733852386475,0.5069646239280701,386.20001220703125,1.86899995803833,1.062000036239624,1248.0,516.796875,2.0289063453674316,1.0574148893356323,1298.0
2026-09-11T13:00:00.000+08:00,15.394508361816406,16.993995666503906,9.6875,2.1860857009887695,0.49128907918930054,386.8999938964844,1.8880000114440918,1.0740000009536743,1248.0999755859375,516.796875,2.0289063453674316,1.0607794523239136,1298.0
2026-09-11T13:01:00.000+08:00,14.627998352050781,16.98004913330078,9.6806640625,2.111936569213867,0.5099585056304932,385.8999938964844,1.8630000352859497,1.0679999589920044,1248.0999755859375,516.796875,1.990625023841858,1.0502820014953613,1298.0
2026-09-11T13:02:00.000+08:00,14.751646041870117,16.967124938964844,9.666748046875,2.107480049133301,0.5053428411483765,386.0,1.8559999465942383,1.059000015258789,1248.0999755859375,516.796875,1.990625023841858,1.04691743850708,1298.0
2026-09-11T13:03:00.000+08:00,14.549625396728516,17.094078063964844,9.6806640625,2.0938310623168945,0.5072042346000671,386.5,1.8899999856948853,1.0709999799728394,1248.0999755859375,516.796875,1.990625023841858,1.0483977794647217,1298.0
2026-09-11T13:04:00.000+08:00,14.544937133789062,17.11182403564453,9.64599609375,2.059746026992798,0.5199670195579529,386.6000061035156,1.8910000324249268,1.0740000009536743,1248.0999755859375,516.796875,2.0289063453674316,1.060375690460205,1298.0
2026-09-11T13:05:00.000+08:00,14.416354179382324,16.93395233154297,9.75,2.1084492206573486,0.5022648572921753,386.1000061035156,1.9019999504089355,1.0770000219345093,1248.0999755859375,516.796875,2.0289063453674316,1.052435278892517,1298.0
2026-09-11T13:06:00.000+08:00,15.243330001831055,16.987991333007812,9.65283203125,2.2024810314178467,0.4862697720527649,385.5,1.8589999675750732,1.055999994277954,1248.199951171875,516.796875,1.990625023841858,1.0485323667526245,1298.0
2026-09-11T13:07:00.000+08:00,16.7015380859375,17.110023498535156,9.659912109375,2.4087910652160645,0.43590331077575684,385.20001220703125,1.8509999513626099,1.0529999732971191,1248.199951171875,516.796875,1.990625023841858,1.0395153760910034,1298.0
2026-09-11T13:08:00.000+08:00,14.981889724731445,16.814048767089844,9.64599609375,2.1392624378204346,0.4964327812194824,385.5,1.8630000352859497,1.059000015258789,1248.199951171875,516.796875,2.0289063453674316,1.0518969297409058,1298.0
2026-09-11T13:09:00.000+08:00,15.60244369506836,16.383087158203125,9.770751953125,2.2808969020843506,0.46034520864486694,385.3999938964844,1.8569999933242798,1.0529999732971191,1248.199951171875,516.796875,1.990625023841858,1.0435528755187988,1298.0
2026-09-11T13:10:00.000+08:00,21.897972106933594,16.71588134765625,9.6875,3.1642003059387207,0.3327855169773102,385.3999938964844,1.8420000076293945,1.0440000295639038,1248.199951171875,516.796875,1.990625023841858,1.0395153760910034,1298.0
2026-09-11T13:11:00.000+08:00,16.40182876586914,16.921371459960938,9.6181640625,2.16497802734375,0.4849933981895447,384.6000061035156,1.8530000448226929,1.0499999523162842,1248.300048828125,513.28125,1.990625023841858,1.0401883125305176,1298.0
2026-09-11T13:12:00.000+08:00,15.779274940490723,16.963829040527344,9.486083984375,2.1843645572662354,0.48206236958503723,385.20001220703125,1.840000033378601,1.0440000295639038,1248.300048828125,516.796875,1.990625023841858,1.0377658605575562,1298.0
2026-09-11T13:13:00.000+08:00,16.455963134765625,16.89928436279297,9.513916015625,2.3796873092651367,0.44375577569007874,385.79998779296875,1.8509999513626099,1.062000036239624,1248.300048828125,516.796875,1.990625023841858,1.039919137954712,1298.0
2026-09-11T13:14:00.000+08:00,15.235703468322754,16.813796997070312,9.409912109375,2.26991868019104,0.4625716507434845,386.0,1.8589999675750732,1.0529999732971191,1248.300048828125,516.796875,1.990625023841858,1.0457061529159546,1298.0
2026-09-11T13:15:00.000+08:00,15.220921516418457,16.864242553710938,9.333251953125,2.2170770168304443,0.480362206697464,385.70001220703125,1.8550000190734863,1.0499999523162842,1248.300048828125,516.796875,1.990625023841858,1.0373620986938477,1298.0
2026-09-11T13:16:00.000+08:00,15.342339515686035,16.916091918945312,9.444580078125,2.2460126876831055,0.4661594331264496,385.6000061035156,1.86899995803833,1.065000057220459,1248.300048828125,516.796875,1.990625023841858,1.04974365234375,1298.0
2026-09-11T13:17:00.000+08:00,14.861510276794434,17.065536499023438,9.46533203125,2.1937010288238525,0.48684847354888916,385.8999938964844,1.8600000143051147,1.055999994277954,1248.4000244140625,516.796875,2.0289063453674316,1.0518969297409058,1298.0
2026-09-11T13:18:00.000+08:00,14.297857284545898,17.06317901611328,9.4931640625,2.128553628921509,0.5003398060798645,386.0,1.8489999771118164,1.0529999732971191,1248.4000244140625,516.796875,1.990625023841858,1.0420724153518677,1298.0
2026-09-11T13:19:00.000+08:00,13.66663932800293,17.07233428955078,9.46533203125,2.0540666580200195,0.5228652358055115,385.6000061035156,1.8630000352859497,1.059000015258789,1248.4000244140625,516.796875,1.990625023841858,1.0419378280639648,1298.0
2026-09-11T13:20:00.000+08:00,14.384055137634277,16.93255615234375,9.5,2.197192907333374,0.4860747456550598,385.79998779296875,1.8569999933242798,1.055999994277954,1248.4000244140625,516.796875,1.990625023841858,1.0473212003707886,1298.0
2026-09-11T13:21:00.000+08:00,14.723052978515625,16.750694274902344,9.4931640625,2.226795196533203,0.4728768765926361,385.1000061035156,1.8639999628067017,1.055999994277954,1248.4000244140625,516.796875,1.990625023841858,1.0439566373825073,1298.0
2026-09-11T13:22:00.000+08:00,15.376794815063477,16.906349182128906,9.479248046875,2.301527976989746,0.45752212405204773,385.3999938964844,1.8550000190734863,1.055999994277954,1248.4000244140625,516.796875,1.990625023841858,1.0419378280639648,1298.0
2026-09-11T13:23:00.000+08:00,15.054502487182617,16.99567413330078,9.416748046875,2.2068493366241455,0.4771508276462555,385.70001220703125,1.8530000448226929,1.059000015258789,1248.5,516.796875,2.0289063453674316,1.0502820014953613,1298.0
2026-09-11T13:24:00.000+08:00,15.219812393188477,16.995651245117188,9.4931640625,2.254446268081665,0.46707698702812195,385.70001220703125,1.8609999418258667,1.062000036239624,1248.5,516.796875,2.0289063453674316,1.0510895252227783,1298.0
2026-09-11T13:25:00.000+08:00,15.120353698730469,16.878631591796875,9.444580078125,2.255033254623413,0.4709464907646179,385.20001220703125,1.8660000562667847,1.062000036239624,1248.5,516.796875,1.990625023841858,1.0457061529159546,1298.0
2026-09-11T13:26:00.000+08:00,15.191152572631836,16.900161743164062,9.4931640625,2.255915403366089,0.4694324731826782,385.29998779296875,1.8619999885559082,1.055999994277954,1248.5,516.796875,1.990625023841858,1.0427453517913818,1298.0
2026-09-11T13:27:00.000+08:00,14.568937301635742,16.90752410888672,9.444580078125,2.1634888648986816,0.48810049891471863,385.3999938964844,1.8619999885559082,1.055999994277954,1248.5,516.796875,1.990625023841858,1.0457061529159546,1298.0
2026-09-11T13:28:00.000+08:00,14.16821575164795,16.972396850585938,9.479248046875,2.122638702392578,0.49749401211738586,385.5,1.86899995803833,1.065000057220459,1248.5999755859375,516.796875,2.0289063453674316,1.0502820014953613,1298.0
2026-09-11T13:29:00.000+08:00,14.886026382446289,16.935531616210938,9.52099609375,2.229426383972168,0.47635573148727417,385.70001220703125,1.8569999933242798,1.0529999732971191,1248.5999755859375,516.796875,2.0289063453674316,1.0493398904800415,1298.0
2026-09-11T13:30:00.000+08:00,15.049043655395508,16.911041259765625,9.46533203125,2.2389605045318604,0.4729873836040497,385.3999938964844,1.871000051498413,1.062000036239624,1248.5999755859375,516.796875,1.990625023841858,1.047724962234497,1298.0
2026-09-11T13:31:00.000+08:00,15.66120719909668,16.818214416503906,9.375,2.2800331115722656,0.46183541417121887,384.8999938964844,1.8480000495910645,1.0470000505447388,1248.5999755859375,516.796875,1.990625023841858,1.0373620986938477,1298.0
2026-09-11T13:32:00.000+08:00,15.637520790100098,16.806991577148438,9.4931640625,2.3115711212158203,0.4607256054878235,385.0,1.8589999675750732,1.059000015258789,1248.5999755859375,513.28125,1.990625023841858,1.0393807888031006,1298.0
2026-09-11T13:33:00.000+08:00,15.651429176330566,16.91223907470703,9.513916015625,2.3493175506591797,0.4494922161102295,384.79998779296875,1.850000023841858,1.0529999732971191,1248.5999755859375,513.28125,1.990625023841858,1.038977026939392,1298.0
2026-09-11T13:34:00.000+08:00,14.665709495544434,17.016868591308594,9.64599609375,2.1166772842407227,0.49747779965400696,385.0,1.8639999628067017,1.055999994277954,1248.699951171875,516.796875,1.990625023841858,1.0463790893554688,1298.0
2026-09-11T13:35:00.000+08:00,14.736185073852539,16.951446533203125,9.46533203125,2.137850761413574,0.4953572750091553,384.70001220703125,1.8389999866485596,1.0440000295639038,1248.699951171875,516.796875,1.990625023841858,1.0385732650756836,1298.0
2026-09-11T13:36:00.000+08:00,14.26882266998291,16.963233947753906,9.4375,2.123457670211792,0.5001276731491089,384.5,1.8489999771118164,1.0499999523162842,1248.699951171875,513.28125,1.990625023841858,1.0356124639511108,1298.0
2026-09-11T13:37:00.000+08:00,14.439929962158203,16.82764434814453,9.52783203125,2.14715313911438,0.4918140172958374,385.29998779296875,1.8509999513626099,1.0529999732971191,1248.699951171875,516.796875,1.990625023841858,1.0443603992462158,1298.0
2026-09-11T13:38:00.000+08:00,15.261407852172852,16.774581909179688,9.46533203125,2.2498695850372314,0.4693605303764343,385.20001220703125,1.8489999771118164,1.0499999523162842,1248.699951171875,516.796875,1.990625023841858,1.038977026939392,1298.0
2026-09-11T13:39:00.000+08:00,15.238607406616211,16.966773986816406,9.534912109375,2.2209839820861816,0.47276338934898376,384.6000061035156,1.8630000352859497,1.055999994277954,1248.699951171875,513.28125,1.990625023841858,1.038977026939392,1298.0
2026-09-11T13:40:00.000+08:00,14.988207817077637,16.998023986816406,9.5,2.157485008239746,0.48528724908828735,384.6000061035156,1.8580000400543213,1.0499999523162842,1248.800048828125,513.28125,1.990625023841858,1.0360162258148193,1298.0
2026-09-11T13:41:00.000+08:00,14.660858154296875,16.886009216308594,9.534912109375,2.1621766090393066,0.48562175035476685,384.6000061035156,1.8589999675750732,1.0529999732971191,1248.800048828125,513.28125,1.990625023841858,1.038977026939392,1298.0
2026-09-11T13:42:00.000+08:00,14.683809280395508,nan,nan,2.136420726776123,0.49147623777389526,384.5,1.8519999980926514,1.0470000505447388,1248.800048828125,513.28125,1.990625023841858,1.0348049402236938,1298.0
2026-09-11T13:43:00.000+08:00,13.741992950439453,17.024585723876953,9.43408203125,2.0174410343170166,0.518974244594574,384.29998779296875,1.8550000190734863,1.0499999523162842,1248.800048828125,513.28125,1.990625023841858,1.0384386777877808,1299.0
2026-09-11T13:44:00.000+08:00,13.992303848266602,17.113861083984375,9.409912109375,2.123067617416382,0.4945673942565918,384.6000061035156,1.86899995803833,1.0529999732971191,1248.800048828125,513.28125,1.990625023841858,1.038169503211975,1299.0
2026-09-11T13:45:00.000+08:00,nan,17.015151977539062,9.534912109375,nan,nan,384.70001220703125,1.8650000095367432,1.0529999732971191,1248.9000244140625,513.28125,1.990625023841858,1.0376312732696533,1299.0
2026-09-11T13:46:00.000+08:00,13.966615200042725,17.098548889160156,9.541748046875,2.126640200614929,0.4944533705711365,384.8999938964844,1.878999948501587,1.062000036239624,1248.9000244140625,516.796875,1.990625023841858,1.0409958362579346,1299.0
2026-09-11T13:47:00.000+08:00,13.95284366607666,17.12122344970703,9.548583984375,2.095958948135376,0.5023953318595886,385.1000061035156,1.8630000352859497,1.055999994277954,1248.9000244140625,516.796875,1.990625023841858,1.0409958362579346,1299.0
2026-09-11T13:48:00.000+08:00,14.30465030670166,17.086158752441406,9.597412109375,2.1486310958862305,0.4928719699382782,384.70001220703125,1.8650000095367432,1.0529999732971191,1248.9000244140625,513.28125,1.990625023841858,1.0356124639511108,1299.0
2026-09-11T13:49:00.000+08:00,13.671011924743652,17.12237548828125,9.6181640625,2.0600321292877197,0.5111570954322815,385.0,1.8630000352859497,1.0529999732971191,1248.9000244140625,516.796875,1.990625023841858,1.039784550666809,1299.0
2026-09-11T13:50:00.000+08:00,13.915975570678711,17.068466186523438,9.597412109375,2.041670799255371,0.5186927914619446,385.1000061035156,1.8680000305175781,1.0470000505447388,1248.9000244140625,516.796875,1.990625023841858,1.038977026939392,1299.0
2026-09-11T13:51:00.000+08:00,14.434802055358887,17.11004638671875,9.569580078125,2.1340296268463135,0.4920269250869751,385.3999938964844,1.8760000467300415,1.062000036239624,1249.0,516.796875,1.990625023841858,1.0435528755187988,1299.0
2026-09-11T13:52:00.000+08:00,14.382169723510742,16.962303161621094,9.666748046875,2.1753056049346924,0.48958638310432434,385.6000061035156,1.8760000467300415,1.065000057220459,1249.0,516.796875,2.0289063453674316,1.0539157390594482,1299.0
2026-09-11T13:53:00.000+08:00,14.088814735412598,17.01244354248047,9.784912109375,2.0558555126190186,0.5165732502937317,385.29998779296875,1.8660000562667847,1.055999994277954,1249.0,516.796875,1.990625023841858,1.0361508131027222,1299.0
2026-09-11T13:54:00.000+08:00,14.11362075805664,17.110023498535156,9.625,2.0920841693878174,0.5047597885131836,385.5,1.8619999885559082,1.0529999732971191,1249.0,516.796875,1.990625023841858,1.0428799390792847,1299.0
2026-09-11T13:55:00.000+08:00,14.626258850097656,16.982406616210938,9.694580078125,2.136186361312866,0.49293452501296997,385.29998779296875,1.8639999628067017,1.0529999732971191,1249.0,516.796875,1.990625023841858,1.0395153760910034,1299.0
2026-09-11T13:56:00.000+08:00,14.733861923217773,17.07634735107422,9.659912109375,2.14858078956604,0.49567604064941406,385.79998779296875,1.8619999885559082,1.055999994277954,1249.0,516.796875,1.990625023841858,1.0444949865341187,1299.0
2026-09-11T13:57:00.000+08:00,13.950652122497559,16.963455200195312,9.7431640625,2.017871141433716,0.527783989906311,386.0,1.8839999437332153,1.0679999589920044,1249.0999755859375,516.796875,1.990625023841858,1.0446295738220215,1299.0
2026-09-11T13:58:00.000+08:00,14.219613075256348,16.919326782226562,9.71533203125,2.0971601009368896,0.5092601180076599,386.0,1.8930000066757202,1.0679999589920044,1249.0999755859375,516.796875,1.990625023841858,1.0486669540405273,1299.0
2026-09-11T13:59:00.000+08:00,14.386239051818848,17.038711547851562,9.8056640625,2.070385694503784,0.5114989280700684,385.79998779296875,1.8849999904632568,1.059000015258789,1249.0999755859375,516.796875,2.0289063453674316,1.0531082153320312,1299.0
2026-09-11T14:00:00.000+08:00,14.173617362976074,16.901657104492188,9.65283203125,2.0556507110595703,0.5122465491294861,386.1000061035156,1.8860000371932983,1.059000015258789,1249.0999755859375,516.796875,1.990625023841858,1.0432837009429932,1299.0
2026-09-11T14:01:00.000+08:00,14.133004188537598,16.913711547851562,9.763916015625,2.0132129192352295,0.5260248780250549,386.0,1.8949999809265137,1.0709999799728394,1249.0999755859375,516.796875,2.0289063453674316,1.0548577308654785,1299.0
2026-09-11T14:02:00.000+08:00,13.81750202178955,16.90045166015625,9.659912109375,2.023266077041626,0.5234111547470093,386.1000061035156,1.9079999923706055,1.0740000009536743,1249.199951171875,516.796875,1.990625023841858,1.0516277551651,1299.0
2026-09-11T14:03:00.000+08:00,14.54854965209961,17.076171875,9.694580078125,2.1061742305755615,0.5028073787689209,386.20001220703125,1.878000020980835,1.0529999732971191,1249.199951171875,516.796875,1.990625023841858,1.0508203506469727,1299.0
2026-09-11T14:04:00.000+08:00,14.272209167480469,17.0657958984375,9.71533203125,2.0588836669921875,0.5158134698867798,386.1000061035156,1.8819999694824219,1.062000036239624,1249.199951171875,516.796875,1.990625023841858,1.0420724153518677,1299.0
2026-09-11T14:05:00.000+08:00,14.558172225952148,17.0516357421875,9.757080078125,2.0995171070098877,0.5086883902549744,386.1000061035156,1.8569999933242798,1.0529999732971191,1249.199951171875,516.796875,2.0289063453674316,1.0516277551651,1299.0
2026-09-11T14:06:00.000+08:00,14.410090446472168,17.02044677734375,9.6875,2.0690062046051025,0.5103899836540222,386.20001220703125,1.8839999437332153,1.062000036239624,1249.199951171875,516.796875,1.990625023841858,1.0474557876586914,1299.0
2026-09-11T14:07:00.000+08:00,13.714902877807617,17.002716064453125,9.729248046875,1.968211054801941,0.5405992269515991,385.8999938964844,1.8949999809265137,1.0679999589920044,1249.199951171875,516.796875,1.990625023841858,1.0508203506469727,1299.0
2026-09-11T14:08:00.000+08:00,13.830498695373535,17.08056640625,9.632080078125,2.0304031372070312,0.5245263576507568,385.79998779296875,1.8969999551773071,1.065000057220459,1249.300048828125,516.796875,2.0289063453674316,1.052435278892517,1299.0
2026-09-11T14:09:00.000+08:00,14.261308670043945,17.095298767089844,9.632080078125,2.0812830924987793,0.5131450295448303,386.1000061035156,1.8730000257492065,1.0529999732971191,1249.300048828125,516.796875,1.990625023841858,1.045436978340149,1299.0
2026-09-11T14:10:00.000+08:00,13.336310386657715,17.02960968017578,9.694580078125,1.9714336395263672,0.5371725559234619,386.0,1.899999976158142,1.0740000009536743,1249.300048828125,516.796875,2.0289063453674316,1.0570111274719238,1299.0
2026-09-11T14:11:00.000+08:00,15.133091926574707,16.935226440429688,9.6875,2.2316908836364746,0.47587236762046814,386.0,1.8969999551773071,1.0709999799728394,1249.300048828125,516.796875,2.0289063453674316,1.0557998418807983,1299.0
2026-09-11T14:12:00.000+08:00,14.520685195922852,16.89800262451172,9.6875,2.0881803035736084,0.5100134015083313,386.0,1.8860000371932983,1.059000015258789,1249.300048828125,516.796875,1.990625023841858,1.0408612489700317,1299.0
2026-09-11T14:13:00.000+08:00,14.51346206665039,16.91191864013672,9.77783203125,2.0590882301330566,0.5128483772277832,386.0,1.8769999742507935,1.0529999732971191,1249.300048828125,516.796875,2.0289063453674316,1.0557998418807983,1299.0
2026-09-11T14:14:00.000+08:00,14.708176612854004,16.851783752441406,9.763916015625,2.117271661758423,0.5044227838516235,385.79998779296875,1.8930000066757202,1.065000057220459,1249.4000244140625,516.796875,1.990625023841858,1.0457061529159546,1299.0
2026-09-11T14:15:00.000+08:00,17.16895866394043,16.935455322265625,9.645751953125,2.439312696456909,0.43044912815093994,386.6000061035156,1.8980000019073486,1.0770000219345093,1249.4000244140625,516.796875,1.990625023841858,1.0504165887832642,1299.0
2026-09-11T14:16:00.000+08:00,16.16983413696289,16.94084930419922,9.65283203125,2.254221200942993,0.4724469780921936,386.29998779296875,1.8730000257492065,1.065000057220459,1249.4000244140625,516.796875,2.0289063453674316,1.0474557876586914,1299.0
2026-09-11T14:17:00.000+08:00,14.48039722442627,16.987937927246094,9.701416015625,2.075589418411255,0.5159980058670044,386.5,1.8589999675750732,1.059000015258789,1249.4000244140625,516.796875,1.990625023841858,1.0483977794647217,1299.0
2026-09-11T14:18:00.000+08:00,14.180132865905762,16.96051025390625,9.659912109375,2.0396337509155273,0.5250942707061768,386.20001220703125,1.8940000534057617,1.0709999799728394,1249.4000244140625,516.796875,2.0289063453674316,1.0566073656082153,1299.0
2026-09-11T14:19:00.000+08:00,14.48553466796875,16.894241333007812,9.708251953125,2.0651402473449707,0.511345386505127,386.20001220703125,1.8730000257492065,1.0679999589920044,1249.5,516.796875,1.990625023841858,1.0479941368103027,1299.0
2026-09-11T14:20:00.000+08:00,16.365238189697266,17.0357666015625,9.701416015625,2.3763086795806885,0.451961487531662,385.8999938964844,1.8830000162124634,1.0709999799728394,1249.5,516.796875,1.990625023841858,1.0512241125106812,1299.0
2026-09-11T14:21:00.000+08:00,14.069756507873535,17.182220458984375,9.708251953125,2.0249671936035156,0.5229714512825012,386.1000061035156,1.8760000467300415,1.0740000009536743,1249.5,516.796875,1.990625023841858,1.0516277551651,1299.0
2026-09-11T14:22:00.000+08:00,13.683248519897461,17.090255737304688,9.722412109375,2.026207685470581,0.525612473487854,386.0,1.8899999856948853,1.065000057220459,1249.5,516.796875,2.0289063453674316,1.0498782396316528,1299.0
2026-09-11T14:23:00.000+08:00,14.840580940246582,16.948211669921875,9.632080078125,2.173717975616455,0.48580360412597656,386.6000061035156,1.88100004196167,1.0740000009536743,1249.5,516.796875,1.990625023841858,1.053377389907837,1299.0
2026-09-11T14:24:00.000+08:00,15.025569915771484,16.75067901611328,9.84033203125,2.190457582473755,0.48893892765045166,386.5,1.8739999532699585,1.0709999799728394,1249.5,516.796875,1.990625023841858,1.0504165887832642,1299.0
2026-09-11T14:25:00.000+08:00,15.736001014709473,16.938995361328125,9.6875,2.284290313720703,0.4688546061515808,386.5,1.8819999694824219,1.0740000009536743,1249.5999755859375,516.796875,1.990625023841858,1.0508203506469727,1299.0
2026-09-11T14:26:00.000+08:00,15.104452133178711,16.988563537597656,9.694580078125,2.1412906646728516,0.49316054582595825,386.6000061035156,1.8619999885559082,1.062000036239624,1249.5999755859375,516.796875,1.990625023841858,1.0521661043167114,1299.0
2026-09-11T14:27:00.000+08:00,14.811820983886719,16.88744354248047,9.77783203125,2.121473789215088,0.4991813004016876,386.70001220703125,1.8769999742507935,1.0709999799728394,1249.5999755859375,516.796875,2.0289063453674316,1.058760643005371,1299.0
2026-09-11T14:28:00.000+08:00,14.799267768859863,16.931106567382812,9.673583984375,2.1221132278442383,0.5089266300201416,386.5,1.8799999952316284,1.0740000009536743,1249.5999755859375,516.796875,2.0289063453674316,1.0545886754989624,1299.0
2026-09-11T14:29:00.000+08:00,15.039692878723145,16.847686767578125,9.625,2.114290475845337,0.5093907117843628,386.5,1.871000051498413,1.059000015258789,1249.5999755859375,516.796875,1.990625023841858,1.0471866130828857,1299.0
2026-09-11T14:30:00.000+08:00,16.111827850341797,16.99969482421875,9.645751953125,2.31040096282959,0.4635559022426605,386.70001220703125,1.8630000352859497,1.065000057220459,1249.5999755859375,516.796875,2.0289063453674316,1.061317801475525,1299.0
2026-09-11T14:31:00.000+08:00,15.73015308380127,16.77960968017578,9.736083984375,2.202028751373291,0.48228251934051514,386.29998779296875,1.8569999933242798,1.059000015258789,1249.699951171875,516.796875,2.0289063453674316,1.0571457147598267,1299.0
2026-09-11T14:32:00.000+08:00,16.068449020385742,16.941421508789062,9.736083984375,2.3175952434539795,0.4582335948944092,386.3999938964844,1.8660000562667847,1.065000057220459,1249.699951171875,516.796875,2.0289063453674316,1.0591644048690796,1299.0
2026-09-11T14:33:00.000+08:00,15.807297706604004,16.893646240234375,9.6875,2.25069260597229,0.47052180767059326,386.29998779296875,1.8860000371932983,1.0740000009536743,1249.699951171875,516.796875,1.990625023841858,1.052435278892517,1299.0
2026-09-11T14:34:00.000+08:00,15.695786476135254,16.9461669921875,9.77783203125,2.246657133102417,0.47403761744499207,386.6000061035156,1.8869999647140503,1.0709999799728394,1249.699951171875,516.796875,2.0289063453674316,1.0545886754989624,1299.0
2026-09-11T14:35:00.000+08:00,14.801325798034668,17.12329864501953,9.736083984375,2.1412582397460938,0.49877214431762695,386.20001220703125,1.8910000324249268,1.0740000009536743,1249.699951171875,516.796875,2.0289063453674316,1.0553960800170898,1299.0
2026-09-11T14:36:00.000+08:00,14.183028221130371,17.08910369873047,9.625,2.051173686981201,0.5206775069236755,386.20001220703125,1.8869999647140503,1.065000057220459,1249.800048828125,516.796875,2.0289063453674316,1.060375690460205,1299.0
2026-09-11T14:37:00.000+08:00,13.748400688171387,16.933486938476562,9.632080078125,1.9866375923156738,0.5391018390655518,386.29998779296875,1.8869999647140503,1.0709999799728394,1249.800048828125,516.796875,1.990625023841858,1.0508203506469727,1299.0
2026-09-11T14:38:00.000+08:00,14.146160125732422,16.938369750976562,9.722412109375,2.0600478649139404,0.5111532211303711,386.29998779296875,1.8799999952316284,1.055999994277954,1249.800048828125,516.796875,1.990625023841858,1.0488015413284302,1299.0
2026-09-11T14:39:00.000+08:00,14.370527267456055,16.88250732421875,9.763916015625,2.079429864883423,0.506388783454895,386.0,1.8589999675750732,1.0529999732971191,1249.800048828125,516.796875,2.0289063453674316,1.042610764503479,1300.0
2026-09-11T14:40:00.000+08:00,14.082381248474121,16.91864776611328,9.770751953125,2.0138893127441406,0.5258482098579407,386.20001220703125,1.878999948501587,1.055999994277954,1249.800048828125,516.796875,2.0289063453674316,1.0537811517715454,1300.0
2026-09-11T14:41:00.000+08:00,14.536242485046387,nan,nan,2.1174700260162354,0.5057923197746277,386.6000061035156,1.878000020980835,1.062000036239624,1249.800048828125,516.796875,1.990625023841858,1.0501474142074585,1300.0
2026-09-11T14:42:00.000+08:00,15.154867172241211,16.982742309570312,9.729248046875,2.137157678604126,0.5039404034614563,386.5,1.8919999599456787,1.0709999799728394,1249.9000244140625,516.796875,2.0289063453674316,1.0607794523239136,1300.0
2026-09-11T14:43:00.000+08:00,14.182672500610352,17.024864196777344,9.65283203125,1.99466872215271,0.5339232087135315,386.1000061035156,1.8769999742507935,1.0679999589920044,1249.9000244140625,516.796875,1.990625023841858,1.0521661043167114,1300.0
2026-09-11T14:44:00.000+08:00,nan,17.11656951904297,9.70849609375,nan,nan,386.5,1.8839999437332153,1.062000036239624,1249.9000244140625,516.796875,2.0289063453674316,1.058760643005371,1300.0
2026-09-11T14:45:00.000+08:00,14.543309211730957,16.87591552734375,9.6806640625,2.1202841997146606,0.5032784640789032,386.3999938964844,1.9010000228881836,1.065000057220459,1249.9000244140625,516.796875,2.0289063453674316,1.0607794523239136,1300.0
2026-09-11T14:46:00.000+08:00,14.425804138183594,17.028343200683594,9.77099609375,2.074385166168213,0.5134051442146301,386.5,1.8819999694824219,1.059000015258789,1249.9000244140625,516.796875,2.0289063453674316,1.0529736280441284,1300.0
2026-09-11T14:47:00.000+08:00,14.405695915222168,17.158958435058594,9.701416015625,2.0598793029785156,0.5141078233718872,386.3999938964844,1.878999948501587,1.059000015258789,1249.9000244140625,516.796875,2.0289063453674316,1.0599719285964966,1300.0
2026-09-11T14:48:00.000+08:00,13.99755859375,17.20671844482422,9.7431640625,2.042755603790283,0.5272290110588074,386.20001220703125,1.8899999856948853,1.062000036239624,1250.0,516.796875,1.990625023841858,1.0446295738220215,1300.0
2026-09-11T14:49:00.000+08:00,14.754705429077148,17.009506225585938,9.59033203125,2.2016735076904297,0.48781076073646545,386.29998779296875,1.899999976158142,1.0709999799728394,1250.0,516.796875,1.990625023841858,1.0508203506469727,1300.0
2026-09-11T14:50:00.000+08:00,14.78646183013916,17.103179931640625,9.71533203125,2.201328992843628,0.4851614832878113,386.3999938964844,1.8910000324249268,1.0709999799728394,1250.0,516.796875,1.990625023841858,1.0521661043167114,1300.0
2026-09-11T14:51:00.000+08:00,14.46174430847168,17.02118682861328,9.722412109375,2.1368348598480225,0.5040164589881897,386.70001220703125,1.8910000324249268,1.065000057220459,1250.0,516.796875,2.0289063453674316,1.059568166732788,1300.0
2026-09-11T14:52:00.000+08:00,14.386401176452637,17.052841186523438,9.763916015625,2.0889790058135986,0.5083823800086975,386.8999938964844,1.8760000467300415,1.065000057220459,1250.0,516.796875,2.0289063453674316,1.058760643005371,1300.0
2026-09-11T14:53:00.000+08:00,14.318775177001953,16.96147918701172,9.784912109375,2.1129508018493652,0.5054542422294617,386.20001220703125,1.8639999628067017,1.062000036239624,1250.0999755859375,516.796875,2.0289063453674316,1.0557998418807983,1300.0
2026-09-11T14:54:00.000+08:00,15.730499267578125,16.8935546875,9.757080078125,2.2909328937530518,0.47011417150497437,386.79998779296875,1.8650000095367432,1.0709999799728394,1250.0999755859375,516.796875,1.990625023841858,1.0475903749465942,1300.0
2026-09-11T14:55:00.000+08:00,15.550861358642578,16.96410369873047,9.673583984375,2.221282482147217,0.4848550260066986,386.8999938964844,1.871000051498413,1.0679999589920044,1250.0999755859375,516.796875,2.0289063453674316,1.0579532384872437,1300.0
2026-09-11T14:56:00.000+08:00,15.508990287780762,16.816444396972656,9.673583984375,2.1918177604675293,0.48589804768562317,386.8999938964844,1.878999948501587,1.0740000009536743,1250.0999755859375,516.796875,2.0289063453674316,1.0579532384872437,1300.0
2026-09-11T14:57:00.000+08:00,16.748735427856445,16.902130126953125,9.8056640625,2.372692108154297,0.4475928544998169,386.8999938964844,1.8799999952316284,1.065000057220459,1250.0999755859375,516.796875,2.0289063453674316,1.0555306673049927,1300.0
2026-09-11T14:58:00.000+08:00,15.491997718811035,16.88250732421875,9.763916015625,2.249892234802246,0.4720225930213928,386.6000061035156,1.8930000066757202,1.0770000219345093,1250.0999755859375,516.796875,2.0289063453674316,1.060510277748108,1300.0
2026-09-11T14:59:00.000+08:00,15.571612358093262,16.89539337158203,9.757080078125,2.205200672149658,0.4870305061340332,386.6000061035156,1.8940000534057617,1.0770000219345093,1250.199951171875,516.796875,2.0289063453674316,1.0617214441299438,1300.0
2026-09-11T15:00:00.000+08:00,15.91729736328125,16.850860595703125,9.65283203125,2.2749929428100586,0.47208940982818604,386.8999938964844,1.8869999647140503,1.0709999799728394,1250.199951171875,516.796875,2.0289063453674316,1.0646823644638062,1300.0
2026-09-11T15:01:00.000+08:00,15.571308135986328,16.973243713378906,9.6875,2.1979048252105713,0.4913770854473114,386.8999938964844,1.86899995803833,1.062000036239624,1250.199951171875,516.796875,2.0289063453674316,1.0547232627868652,1300.0
2026-09-11T15:02:00.000+08:00,14.921441078186035,17.058425903320312,9.6875,2.078270673751831,0.5138887763023376,386.70001220703125,1.875,1.065000057220459,1250.199951171875,516.796875,2.0289063453674316,1.0607794523239136,1300.0
2026-09-11T15:03:00.000+08:00,13.966201782226562,17.019866943359375,9.7431640625,1.988746166229248,0.5355132818222046,386.79998779296875,1.8700000047683716,1.062000036239624,1250.199951171875,516.796875,1.990625023841858,1.0509549379348755,1300.0
2026-09-11T15:04:00.000+08:00,14.43193531036377,17.06346893310547,9.645751953125,2.1122748851776123,0.5056160092353821,386.5,1.8660000562667847,1.059000015258789,1250.300048828125,516.796875,2.0289063453674316,1.061317801475525,1300.0
2026-09-11T15:05:00.000+08:00,13.762518882751465,17.049896240234375,9.701416015625,1.9915275573730469,0.5332590341567993,386.79998779296875,1.878999948501587,1.0709999799728394,1250.300048828125,516.796875,2.0289063453674316,1.0654897689819336,1300.0
2026-09-11T15:06:00.000+08:00,14.085813522338867,17.102035522460938,9.638916015625,2.0754799842834473,0.5189160704612732,386.79998779296875,1.8669999837875366,1.062000036239624,1250.300048828125,516.796875,1.990625023841858,1.0529736280441284,1300.0
2026-09-11T15:07:00.000+08:00,14.49281120300293,17.011878967285156,9.722412109375,2.1288697719573975,0.5030838251113892,386.3999938964844,1.875,1.0679999589920044,1250.300048828125,516.796875,2.0289063453674316,1.0563381910324097,1300.0
2026-09-11T15:08:00.000+08:00,13.908806800842285,17.116806030273438,9.569580078125,2.038439989089966,0.5239300727844238,386.29998779296875,1.8619999885559082,1.059000015258789,1250.300048828125,516.796875,2.0289063453674316,1.0627981424331665,1300.0
2026-09-11T15:09:00.000+08:00,14.13766098022461,17.066139221191406,9.5556640625,2.048156499862671,0.5199797749519348,386.3999938964844,1.8650000095367432,1.062000036239624,1250.300048828125,516.796875,2.0289063453674316,1.0529736280441284,1300.0
2026-09-11T15:10:00.000+08:00,14.891873359680176,16.987106323242188,9.46533203125,2.1590330600738525,0.49744492769241333,386.6000061035156,1.88100004196167,1.0709999799728394,1250.4000244140625,516.796875,2.0289063453674316,1.0535119771957397,1300.0
2026-09-11T15:11:00.000+08:00,13.74702262878418,17.021072387695312,9.4306640625,2.050311803817749,0.5165067911148071,386.5,1.8869999647140503,1.065000057220459,1250.4000244140625,516.796875,1.990625023841858,1.0516277551651,1300.0
2026-09-11T15:12:00.000+08:00,13.928775787353516,17.017196655273438,9.416748046875,2.118847370147705,0.5026317834854126,386.3999938964844,1.8730000257492065,1.062000036239624,1250.4000244140625,516.796875,2.0289063453674316,1.0566073656082153,1300.0
2026-09-11T15:13:00.000+08:00,13.170418739318848,16.876869201660156,9.458251953125,2.012150526046753,0.5248116254806519,386.79998779296875,1.8569999933242798,1.055999994277954,1250.4000244140625,516.796875,2.0289063453674316,1.0508203506469727,1300.0
2026-09-11T15:14:00.000+08:00,14.023669242858887,16.990951538085938,9.284912109375,2.130405902862549,0.49568018317222595,387.0,1.8609999418258667,1.059000015258789,1250.4000244140625,516.796875,2.0289063453674316,1.0521661043167114,1300.0
2026-09-11T15:15:00.000+08:00,14.086834907531738,17.010772705078125,9.3125,2.099699020385742,0.5057867765426636,386.6000061035156,1.88100004196167,1.0709999799728394,1250.4000244140625,516.796875,2.0289063453674316,1.060375690460205,1300.0
2026-09-11T15:16:00.000+08:00,13.96004867553711,17.08531951904297,9.40283203125,2.1132242679595947,0.5039691925048828,386.5,1.8830000162124634,1.0740000009536743,1250.5,516.796875,1.990625023841858,1.0504165887832642,1300.0
2026-09-11T15:17:00.000+08:00,13.226466178894043,17.071151733398438,9.416748046875,2.015301465988159,0.5284569263458252,386.3999938964844,1.8890000581741333,1.0679999589920044,1250.5,516.796875,2.0289063453674316,1.0553960800170898,1300.0
2026-09-11T15:18:00.000+08:00,13.433484077453613,17.0711669921875,9.4931640625,2.0493600368499756,0.5240660309791565,386.1000061035156,1.871999979019165,1.065000057220459,1250.5,516.796875,1.990625023841858,1.0482631921768188,1300.0
2026-09-11T15:19:00.000+08:00,14.236318588256836,17.06999969482422,9.458251953125,2.1754555702209473,0.4895526170730591,386.1000061035156,1.8600000143051147,1.065000057220459,1250.5,516.796875,1.990625023841858,1.0466482639312744,1300.0
2026-09-11T15:20:00.000+08:00,14.10871696472168,17.025161743164062,9.4375,2.1537740230560303,0.49587374925613403,386.20001220703125,1.8639999628067017,1.0679999589920044,1250.5,516.796875,1.990625023841858,1.0492053031921387,1300.0
2026-09-11T15:21:00.000+08:00,13.737049102783203,17.056976318359375,9.382080078125,2.1211109161376953,0.5049241185188293,386.0,1.875,1.065000057220459,1250.5999755859375,516.796875,2.0289063453674316,1.0574148893356323,1300.0
2026-09-11T15:22:00.000+08:00,14.15080738067627,17.038734436035156,9.375,2.1554975509643555,0.4899100959300995,386.5,1.8730000257492065,1.065000057220459,1250.5999755859375,516.796875,2.0289063453674316,1.053377389907837,1300.0
2026-09-11T15:23:00.000+08:00,13.890033721923828,17.03990936279297,9.395751953125,2.1192448139190674,0.5067842602729797,386.1000061035156,1.86899995803833,1.059000015258789,1250.5999755859375,516.796875,2.0289063453674316,1.053242802619934,1300.0
2026-09-11T15:24:00.000+08:00,13.474550247192383,17.11713409423828,9.326416015625,2.0639142990112305,0.5131027102470398,386.5,1.871999979019165,1.062000036239624,1250.5999755859375,516.796875,2.0289063453674316,1.0579532384872437,1300.0
2026-09-11T15:25:00.000+08:00,13.273571968078613,17.058753967285156,9.486083984375,2.001595973968506,0.5275789499282837,386.6000061035156,1.8869999647140503,1.0740000009536743,1250.5999755859375,516.796875,1.990625023841858,1.0504165887832642,1300.0
2026-09-11T15:26:00.000+08:00,13.419961929321289,16.991554260253906,9.34033203125,2.0186798572540283,0.527572512626648,386.6000061035156,1.8639999628067017,1.055999994277954,1250.5999755859375,516.796875,2.0289063453674316,1.0599719285964966,1300.0
2026-09-11T15:27:00.000+08:00,13.553735733032227,17.001869201660156,9.479248046875,2.0523273944854736,0.5174612998962402,386.8999938964844,1.8730000257492065,1.062000036239624,1250.699951171875,516.796875,2.0289063453674316,1.058760643005371,1300.0
2026-09-11T15:28:00.000+08:00,13.241851806640625,17.02281951904297,9.46533203125,1.9896647930145264,0.5322504639625549,386.79998779296875,1.878999948501587,1.0709999799728394,1250.699951171875,516.796875,2.0289063453674316,1.0549923181533813,1300.0
2026-09-11T15:29:00.000+08:00,13.333556175231934,17.10004425048828,9.382080078125,1.992415428161621,0.5375385284423828,387.1000061035156,1.8760000467300415,1.065000057220459,1250.699951171875,516.796875,1.990625023841858,1.0493398904800415,1300.0
2026-09-11T15:30:00.000+08:00,13.572278022766113,17.109779357910156,9.4375,2.0454275608062744,0.5236069560050964,387.0,1.8660000562667847,1.062000036239624,1250.699951171875,516.796875,2.0289063453674316,1.0575494766235352,1300.0
2026-09-11T15:31:00.000+08:00,13.735657691955566,17.093276977539062,9.375,2.082242488861084,0.5157900452613831,387.20001220703125,1.8860000371932983,1.0740000009536743,1250.699951171875,516.796875,2.0289063453674316,1.0563381910324097,1300.0
2026-09-11T15:32:00.000+08:00,13.613844871520996,17.051368713378906,9.507080078125,2.078152894973755,0.5124743580818176,387.1000061035156,1.871999979019165,1.062000036239624,1250.699951171875,516.796875,2.0289063453674316,1.0543195009231567,1300.0
2026-09-11T15:33:00.000+08:00,13.316271781921387,17.079696655273438,9.4931640625,2.0159831047058105,0.529766321182251,386.70001220703125,1.88100004196167,1.0709999799728394,1250.800048828125,516.796875,1.990625023841858,1.0475903749465942,1300.0
2026-09-11T15:34:00.000+08:00,13.50992202758789,17.021316528320312,9.611083984375,2.0255837440490723,0.5272554159164429,387.0,1.86899995803833,1.0740000009536743,1250.800048828125,516.796875,2.0289063453674316,1.057684063911438,1300.0
2026-09-11T15:35:00.000+08:00,13.430744171142578,17.104156494140625,9.507080078125,2.0118541717529297,0.5263801217079163,386.79998779296875,1.878000020980835,1.0740000009536743,1250.800048828125,516.796875,2.0289063453674316,1.058895230293274,1300.0
2026-09-11T15:36:00.000+08:00,13.900973320007324,17.123023986816406,9.534912109375,2.0687003135681152,0.5133658051490784,387.0,1.8669999837875366,1.062000036239624,1250.800048828125,516.796875,2.0289063453674316,1.0626635551452637,1301.0
2026-09-11T15:37:00.000+08:00,13.793802261352539,17.123023986816406,9.541748046875,2.0664429664611816,0.5182819366455078,386.8999938964844,1.86899995803833,1.065000057220459,1250.800048828125,516.796875,2.0289063453674316,1.061317801475525,1301.0
2026-09-11T15:38:00.000+08:00,13.781620979309082,16.98210906982422,9.472412109375,2.0359535217285156,0.5275169610977173,387.20001220703125,1.8730000257492065,1.0740000009536743,1250.9000244140625,520.3125,2.0289063453674316,1.066835641860962,1301.0
2026-09-11T15:39:00.000+08:00,13.804998397827148,16.917274475097656,9.46533203125,2.0897700786590576,0.5124965310096741,387.1000061035156,1.878000020980835,1.0709999799728394,1250.9000244140625,516.796875,2.0289063453674316,1.0556652545928955,1301.0
2026-09-11T15:40:00.000+08:00,13.73986530303955,nan,nan,2.075105905532837,0.5146725177764893,387.29998779296875,1.8619999885559082,1.065000057220459,1250.9000244140625,520.3125,2.0289063453674316,1.0606448650360107,1301.0
2026-09-11T15:41:00.000+08:00,13.79720687866211,17.09943389892578,9.534912109375,2.0517189502716064,0.5205391645431519,387.20001220703125,1.8819999694824219,1.0740000009536743,1250.9000244140625,516.796875,2.0289063453674316,1.0684505701065063,1301.0
2026-09-11T15:42:00.000+08:00,14.076169967651367,17.123023986816406,9.548583984375,2.0825226306915283,0.5113990306854248,387.20001220703125,1.8630000352859497,1.0679999589920044,1250.9000244140625,520.3125,2.0289063453674316,1.061317801475525,1301.0
2026-09-11T15:43:00.000+08:00,nan,16.94348907470703,9.5556640625,nan,nan,387.0,1.871000051498413,1.0709999799728394,1250.9000244140625,516.796875,2.0289063453674316,1.0638748407363892,1301.0
2026-09-11T15:44:00.000+08:00,13.928733825683594,17.050193786621094,9.541748046875,2.0944976806640625,0.5114177167415619,387.1000061035156,1.875,1.0800000429153442,1251.0,520.3125,2.0289063453674316,1.0630673170089722,1301.0
2026-09-11T15:45:00.000+08:00,13.17980670928955,17.061691284179688,9.444580078125,1.9636669158935547,0.5408248901367188,387.20001220703125,1.8899999856948853,1.0800000429153442,1251.0,520.3125,2.0289063453674316,1.0672394037246704,1301.0
2026-09-11T15:46:00.000+08:00,13.457826614379883,17.014549255371094,9.569580078125,2.028883934020996,0.5278764367103577,387.8999938964844,1.8880000114440918,1.0829999446868896,1251.0,520.3125,2.0289063453674316,1.0636056661605835,1301.0
2026-09-11T15:47:00.000+08:00,14.31905746459961,17.067893981933594,9.5556640625,2.160048246383667,0.5013777017593384,387.3999938964844,1.8940000534057617,1.0859999656677246,1251.0,520.3125,2.0289063453674316,1.0590298175811768,1301.0
2026-09-11T15:48:00.000+08:00,13.483622550964355,16.9764404296875,9.64599609375,2.0213119983673096,0.5357906222343445,387.5,1.8880000114440918,1.0829999446868896,1251.0,520.3125,2.0289063453674316,1.0610486268997192,1301.0
2026-09-11T15:49:00.000+08:00,13.786816596984863,16.987991333007812,9.64599609375,2.0649874210357666,0.5244584083557129,387.70001220703125,1.8730000257492065,1.0740000009536743,1251.0999755859375,520.3125,2.0289063453674316,1.0644131898880005,1301.0
2026-09-11T15:50:00.000+08:00,14.065030097961426,17.11414337158203,9.6875,2.0468578338623047,0.5247067213058472,387.5,1.8730000257492065,1.0679999589920044,1251.0999755859375,520.3125,2.0289063453674316,1.064009428024292,1301.0
2026-09-11T15:51:00.000+08:00,13.95191764831543,17.05663299560547,9.708251953125,2.0287280082702637,0.5279169678688049,387.6000061035156,1.8949999809265137,1.0829999446868896,1251.0999755859375,520.3125,2.0289063453674316,1.0672394037246704,1301.0
2026-09-11T15:52:00.000+08:00,13.79403018951416,17.07495880126953,9.694580078125,1.9713811874389648,0.540230393409729,387.5,1.8990000486373901,1.0859999656677246,1251.0999755859375,520.3125,2.0289063453674316,1.0622597932815552,1301.0
2026-09-11T15:53:00.000+08:00,13.932781219482422,17.07575225830078,9.625,2.047116756439209,0.5261058211326599,387.6000061035156,1.871999979019165,1.065000057220459,1251.0999755859375,520.3125,2.0289063453674316,1.0584914684295654,1301.0
2026-09-11T15:54:00.000+08:00,14.035009384155273,16.99713134765625,9.71533203125,2.0369350910186768,0.5272627472877502,387.5,1.878000020980835,1.0770000219345093,1251.0999755859375,520.3125,2.0289063453674316,1.0602411031723022,1301.0
2026-09-11T15:55:00.000+08:00,13.806804656982422,16.95001220703125,9.666748046875,2.017714023590088,0.5352592468261719,387.6000061035156,1.8700000047683716,1.065000057220459,1251.199951171875,520.3125,2.0289063453674316,1.057684063911438,1301.0
2026-09-11T15:56:00.000+08:00,14.276363372802734,16.934646606445312,9.71533203125,2.078090190887451,0.5139334201812744,387.5,1.8899999856948853,1.0800000429153442,1251.199951171875,520.3125,2.0289063453674316,1.0606448650360107,1301.0
2026-09-11T15:57:00.000+08:00,13.910676002502441,16.962875366210938,9.722412109375,1.9906312227249146,0.5380203127861023,387.70001220703125,1.875,1.0740000009536743,1251.199951171875,520.3125,2.0289063453674316,1.0572803020477295,1301.0
2026-09-11T15:58:00.000+08:00,14.230317115783691,17.122718811035156,9.71533203125,2.0424749851226807,0.5287702679634094,387.6000061035156,1.8799999952316284,1.0679999589920044,1251.199951171875,520.3125,2.0289063453674316,1.0622597932815552,1301.0
2026-09-11T15:59:00.000+08:00,13.631932258605957,16.904029846191406,9.71533203125,1.9675503969192505,0.5473811626434326,387.8999938964844,1.8910000324249268,1.0800000429153442,1251.199951171875,520.3125,2.0289063453674316,1.0606448650360107,1301.0
2026-09-11T16:00:00.000+08:00,13.762399673461914,16.92491912841797,9.659912109375,2.0121724605560303,0.5367333292961121,388.1000061035156,1.8980000019073486,1.0800000429153442,1251.300048828125,520.3125,2.0289063453674316,1.0685851573944092,1301.0
2026-09-11T16:01:00.000+08:00,14.025873184204102,17.061447143554688,9.71533203125,2.033626079559326,0.5281206965446472,388.0,1.8890000581741333,1.0800000429153442,1251.300048828125,520.3125,2.0289063453674316,1.0644131898880005,1301.0
2026-09-11T16:02:00.000+08:00,13.656885147094727,16.938369750976562,9.701416015625,1.9744203090667725,0.5485154390335083,388.1000061035156,1.8930000066757202,1.0770000219345093,1251.300048828125,520.3125,2.0289063453674316,1.0606448650360107,1301.0
2026-09-11T16:03:00.000+08:00,14.263026237487793,16.902183532714844,9.729248046875,2.0614583492279053,0.5209903717041016,388.29998779296875,1.8890000581741333,1.0800000429153442,1251.300048828125,520.3125,2.0289063453674316,1.072353482246399,1301.0
2026-09-11T16:04:00.000+08:00,14.197891235351562,16.94084930419922,9.632080078125,2.046727180480957,0.5291374325752258,387.8999938964844,1.8960000276565552,1.0859999656677246,1251.300048828125,520.3125,2.0289063453674316,1.0636056661605835,1301.0
2026-09-11T16:05:00.000+08:00,13.760885238647461,16.922279357910156,9.763916015625,2.0025148391723633,0.5363256335258484,387.79998779296875,1.8890000581741333,1.0740000009536743,1251.300048828125,520.3125,2.0289063453674316,1.0614523887634277,1301.0
2026-09-11T16:06:00.000+08:00,13.745205879211426,16.91191864013672,9.757080078125,1.974461555480957,0.5439457893371582,388.1000061035156,1.8839999437332153,1.0800000429153442,1251.4000244140625,520.3125,2.0289063453674316,1.0673739910125732,1301.0
2026-09-11T16:07:00.000+08:00,14.048460006713867,16.96532440185547,9.65283203125,2.006222724914551,0.5353344082832336,387.6000061035156,1.906999945640564,1.0800000429153442,1251.4000244140625,520.3125,2.0289063453674316,1.063201904296875,1301.0
2026-09-11T16:08:00.000+08:00,14.329642295837402,16.97998046875,9.722412109375,2.02087664604187,0.5329370498657227,387.8999938964844,1.8990000486373901,1.0679999589920044,1251.4000244140625,520.3125,2.0289063453674316,1.0677777528762817,1301.0
2026-09-11T16:09:00.000+08:00,14.164962768554688,16.902809143066406,9.708251953125,2.036827564239502,0.5302363038063049,388.0,1.899999976158142,1.0740000009536743,1251.4000244140625,520.3125,2.0289063453674316,1.064816951751709,1301.0
2026-09-11T16:10:00.000+08:00,13.674471855163574,17.044273376464844,9.770751953125,1.9593907594680786,0.5496606230735779,387.79998779296875,1.8949999809265137,1.0800000429153442,1251.4000244140625,520.3125,2.0289063453674316,1.0618560314178467,1301.0
2026-09-11T16:11:00.000+08:00,13.818049430847168,17.028961181640625,9.798583984375,2.0101683139801025,0.5342836380004883,387.70001220703125,1.8990000486373901,1.0800000429153442,1251.4000244140625,520.3125,2.0289063453674316,1.0693926811218262,1301.0
2026-09-11T16:12:00.000+08:00,13.625853538513184,16.988624572753906,9.632080078125,1.9596703052520752,0.5526439547538757,387.6000061035156,1.8899999856948853,1.0770000219345093,1251.5,520.3125,2.0289063453674316,1.0582222938537598,1301.0
2026-09-11T16:13:00.000+08:00,13.91840934753418,16.99829864501953,9.736083984375,1.9908592700958252,0.5364517569541931,387.79998779296875,1.878000020980835,1.0709999799728394,1251.5,520.3125,2.0289063453674316,1.0653551816940308,1301.0
2026-09-11T16:14:00.000+08:00,13.882680892944336,16.94084930419922,9.632080078125,1.9989861249923706,0.540273904800415,388.20001220703125,1.8919999599456787,1.0800000429153442,1251.5,520.3125,2.0289063453674316,1.0715460777282715,1301.0
2026-09-11T16:15:00.000+08:00,13.977224349975586,16.917526245117188,9.71533203125,1.9872097969055176,0.5449852347373962,388.29998779296875,1.8949999809265137,1.0859999656677246,1251.5,520.3125,2.0289063453674316,1.0732955932617188,1301.0
2026-09-11T16:16:00.000+08:00,14.189251899719238,16.934860229492188,9.65283203125,2.0270333290100098,0.537238359451294,388.20001220703125,1.8990000486373901,1.0859999656677246,1251.5,520.3125,2.0289063453674316,1.0719497203826904,1301.0
2026-09-11T16:17:00.000+08:00,14.22484016418457,17.044273376464844,9.798583984375,2.063777208328247,0.5233122706413269,387.8999938964844,1.8849999904632568,1.0770000219345093,1251.5999755859375,520.3125,2.0289063453674316,1.063201904296875,1301.0
2026-09-11T16:18:00.000+08:00,13.796648025512695,17.006813049316406,9.8125,1.9922329187393188,0.5421052575111389,388.1000061035156,1.878000020980835,1.0800000429153442,1251.5999755859375,520.3125,2.0289063453674316,1.0627981424331665,1301.0
2026-09-11T16:19:00.000+08:00,13.135104179382324,17.051124572753906,9.666748046875,1.9104375839233398,0.5606045722961426,388.20001220703125,1.8960000276565552,1.0770000219345093,1251.5999755859375,520.3125,2.0289063453674316,1.0637402534484863,1301.0
2026-09-11T16:20:00.000+08:00,13.232484817504883,17.088455200195312,9.729248046875,1.9117393493652344,0.5649305582046509,387.8999938964844,1.8860000371932983,1.0770000219345093,1251.5999755859375,520.3125,2.0289063453674316,1.062394380569458,1301.0
2026-09-11T16:21:00.000+08:00,13.72665786743164,17.0516357421875,9.77783203125,2.0336456298828125,0.5266404151916504,387.79998779296875,1.8890000581741333,1.0800000429153442,1251.5999755859375,520.3125,2.0289063453674316,1.0636056661605835,1301.0
2026-09-11T16:22:00.000+08:00,13.579440116882324,17.01244354248047,9.757080078125,1.9722049236297607,0.5430470108985901,388.0,1.8910000324249268,1.0829999446868896,1251.5999755859375,520.3125,2.0289063453674316,1.0661627054214478,1301.0
2026-09-11T16:23:00.000+08:00,13.792619705200195,17.04376983642578,9.625244140625,2.0441696643829346,0.522461473941803,388.29998779296875,1.8839999437332153,1.0859999656677246,1251.699951171875,520.3125,2.0289063453674316,1.0715460777282715,1301.0
2026-09-11T16:24:00.000+08:00,13.731901168823242,17.032058715820312,9.757080078125,1.9650484323501587,0.5511314868927002,388.1000061035156,1.878000020980835,1.0770000219345093,1251.699951171875,520.3125,2.0289063453674316,1.0689889192581177,1301.0
2026-09-11T16:25:00.000+08:00,13.27333927154541,16.97882843017578,9.65283203125,1.9528683423995972,0.5561050772666931,388.1000061035156,1.875,1.0770000219345093,1251.699951171875,520.3125,2.0289063453674316,1.0689889192581177,1301.0
2026-09-11T16:26:00.000+08:00,14.178813934326172,16.958709716796875,9.65283203125,2.050699472427368,0.528112530708313,388.20001220703125,1.8760000467300415,1.0770000219345093,1251.699951171875,520.3125,2.0289063453674316,1.0689889192581177,1301.0
2026-09-11T16:27:00.000+08:00,14.316662788391113,16.88153839111328,9.659912109375,2.074446678161621,0.5177284479141235,388.20001220703125,1.878000020980835,1.0800000429153442,1251.699951171875,520.3125,2.0289063453674316,1.0683159828186035,1301.0
2026-09-11T16:28:00.000+08:00,14.22763442993164,16.975234985351562,9.625,2.0712878704071045,0.5199663639068604,387.79998779296875,1.878999948501587,1.0740000009536743,1251.800048828125,520.3125,2.0289063453674316,1.0669702291488647,1301.0
2026-09-11T16:29:00.000+08:00,14.402669906616211,16.95783233642578,9.8056640625,2.106232166290283,0.5113396644592285,388.6000061035156,1.8890000581741333,1.0829999446868896,1251.800048828125,520.3125,2.0289063453674316,1.0641440153121948,1301.0
2026-09-11T16:30:00.000+08:00,14.05253791809082,16.94873046875,9.708251953125,2.0145225524902344,0.5420638918876648,388.20001220703125,1.8960000276565552,1.0859999656677246,1251.800048828125,520.3125,2.0289063453674316,1.064009428024292,1301.0
2026-09-11T16:31:00.000+08:00,13.81163215637207,16.910171508789062,9.729248046875,2.007392644882202,0.5395057797431946,387.8999938964844,1.8910000324249268,1.0829999446868896,1251.800048828125,520.3125,2.0289063453674316,1.0606448650360107,1301.0
2026-09-11T16:32:00.000+08:00,13.969983100891113,16.950469970703125,9.77099609375,1.9849430322647095,0.5440962314605713,387.8999938964844,1.899999976158142,1.0740000009536743,1251.800048828125,520.3125,2.0289063453674316,1.0697964429855347,1302.0
2026-09-11T16:33:00.000+08:00,14.463906288146973,16.927284240722656,9.701416015625,2.0754828453063965,0.5174699425697327,387.79998779296875,1.899999976158142,1.0829999446868896,1251.800048828125,520.3125,2.0289063453674316,1.0626635551452637,1302.0
2026-09-11T16:34:00.000+08:00,15.045332908630371,16.964675903320312,9.722412109375,2.1134026050567627,0.5110242366790771,388.20001220703125,1.8960000276565552,1.0829999446868896,1251.9000244140625,520.3125,2.0289063453674316,1.0657589435577393,1302.0
2026-09-11T16:35:00.000+08:00,14.809155464172363,16.789581298828125,9.645751953125,2.087221145629883,0.5145597457885742,388.20001220703125,1.8890000581741333,1.0770000219345093,1251.9000244140625,520.3125,2.0289063453674316,1.0661627054214478,1302.0
2026-09-11T16:36:00.000+08:00,14.6003999710083,16.878341674804688,9.7431640625,2.0615627765655518,0.5209639668464661,388.1000061035156,1.9040000438690186,1.0859999656677246,1251.9000244140625,520.3125,2.0289063453674316,1.0645477771759033,1302.0
2026-09-11T16:37:00.000+08:00,15.249547958374023,16.931686401367188,9.6806640625,2.1952030658721924,0.49061521887779236,387.8999938964844,1.9019999504089355,1.0770000219345093,1251.9000244140625,520.3125,2.0289063453674316,1.071142315864563,1302.0
2026-09-11T16:38:00.000+08:00,15.038323402404785,16.962875366210938,9.701416015625,2.170264959335327,0.4990174174308777,387.79998779296875,1.8969999551773071,1.0800000429153442,1251.9000244140625,520.3125,2.0289063453674316,1.066028118133545,1302.0
2026-09-11T16:39:00.000+08:00,15.285615921020508,nan,nan,2.1990807056427,0.48975008726119995,387.79998779296875,1.88100004196167,1.0679999589920044,1252.0,520.3125,2.0289063453674316,1.0685851573944092,1302.0
2026-09-11T16:40:00.000+08:00,15.220755577087402,16.795001983642578,9.7222900390625,2.1390762329101562,0.5020858645439148,388.0,1.8839999437332153,1.0709999799728394,1252.0,520.3125,2.0289063453674316,1.061586856842041,1302.0
2026-09-11T16:41:00.000+08:00,15.249077796936035,16.79674530029297,9.625,2.1919453144073486,0.4913443922996521,388.0,1.8849999904632568,1.0829999446868896,1252.0,520.3125,2.0289063453674316,1.061586856842041,1302.0
2026-09-11T16:42:00.000+08:00,nan,16.94501495361328,9.736083984375,nan,nan,388.29998779296875,1.909000039100647,1.0889999866485596,1252.0,520.3125,2.0289063453674316,1.0637402534484863,1302.0
2026-09-11T16:43:00.000+08:00,14.739045143127441,16.98914337158203,9.701416015625,2.0890408754348755,0.5171501338481903,388.20001220703125,1.8969999551773071,1.0829999446868896,1252.0,520.3125,2.0289063453674316,1.0645477771759033,1302.0
2026-09-11T16:44:00.000+08:00,14.536731719970703,17.036285400390625,9.75,2.0930933952331543,0.5174160003662109,388.1000061035156,1.8919999599456787,1.0770000219345093,1252.0,520.3125,2.0289063453674316,1.0732955932617188,1302.0
2026-09-11T16:45:00.000+08:00,13.711276054382324,17.122154235839844,9.6806640625,1.9416961669921875,0.5577597618103027,388.20001220703125,1.9010000228881836,1.0800000429153442,1252.0999755859375,520.3125,2.0289063453674316,1.069527268409729,1302.0
2026-09-11T16:46:00.000+08:00,13.092288970947266,17.053680419921875,9.632080078125,1.8885000944137573,0.5687053203582764,388.5,1.9140000343322754,1.0859999656677246,1252.0999755859375,520.3125,2.0289063453674316,1.0637402534484863,1302.0
2026-09-11T16:47:00.000+08:00,13.574250221252441,17.027130126953125,9.798583984375,1.9800546169281006,0.5424093008041382,388.6000061035156,1.9079999923706055,1.0829999446868896,1252.0999755859375,520.3125,2.0289063453674316,1.07666015625,1302.0
2026-09-11T16:48:00.000+08:00,13.165074348449707,17.05895233154297,9.8056640625,1.9307596683502197,0.5562577247619629,388.70001220703125,1.9019999504089355,1.0800000429153442,1252.0999755859375,520.3125,2.0289063453674316,1.0661627054214478,1302.0
2026-09-11T16:49:00.000+08:00,13.465597152709961,16.914512634277344,9.722412109375,1.9927897453308105,0.5434592366218567,388.79998779296875,1.8980000019073486,1.0859999656677246,1252.0999755859375,520.3125,2.0289063453674316,1.0653551816940308,1302.0
2026-09-11T16:50:00.000+08:00,13.294469833374023,16.917526245117188,9.7431640625,1.9546772241592407,0.550986111164093,388.29998779296875,1.8969999551773071,1.0829999446868896,1252.0999755859375,520.3125,2.0289063453674316,1.063201904296875,1302.0
2026-09-11T16:51:00.000+08:00,13.976271629333496,16.971466064453125,9.65283203125,2.041851282119751,0.5304009914398193,388.5,1.8839999437332153,1.0859999656677246,1252.199951171875,520.3125,2.0289063453674316,1.0641440153121948,1302.0
2026-09-11T16:52:00.000+08:00,14.544605255126953,16.8795166015625,9.736083984375,2.0865981578826904,0.5190266370773315,388.5,1.8880000114440918,1.0859999656677246,1252.199951171875,520.3125,2.0289063453674316,1.0716805458068848,1302.0
2026-09-11T16:53:00.000+08:00,14.803641319274902,16.811668395996094,9.65283203125,2.1561994552612305,0.499489963054657,388.6000061035156,1.8890000581741333,1.0859999656677246,1252.199951171875,520.3125,2.0289063453674316,1.0716805458068848,1302.0
2026-09-11T16:54:00.000+08:00,15.108262062072754,16.77423858642578,9.638916015625,2.186736583709717,0.49663046002388,388.5,1.8799999952316284,1.0889999866485596,1252.199951171875,520.3125,2.0289063453674316,1.0671048164367676,1302.0
2026-09-11T16:55:00.000+08:00,14.871798515319824,16.83678436279297,9.597412109375,2.089998960494995,0.5167466402053833,388.6000061035156,1.8969999551773071,1.0889999866485596,1252.199951171875,520.3125,2.0289063453674316,1.0708731412887573,1302.0
2026-09-11T16:56:00.000+08:00,15.341142654418945,16.82373046875,9.708251953125,2.144592761993408,0.5091875791549683,388.79998779296875,1.8910000324249268,1.0829999446868896,1252.300048828125,520.3125,2.0289063453674316,1.067508578300476,1302.0
2026-09-11T16:57:00.000+08:00,15.621851921081543,16.735671997070312,9.611083984375,2.2642910480499268,0.4796203374862671,388.79998779296875,1.8849999904632568,1.0859999656677246,1252.300048828125,520.3125,2.0289063453674316,1.074641466140747,1302.0
2026-09-11T16:58:00.000+08:00,15.307064056396484,16.701400756835938,9.604248046875,2.129225492477417,0.5086356401443481,388.8999938964844,1.8969999551773071,1.0829999446868896,1252.300048828125,520.3125,2.0289063453674316,1.07383394241333,1302.0
2026-09-11T16:59:00.000+08:00,15.847586631774902,16.66046142578125,9.4375,2.2446887493133545,0.4811357855796814,388.70001220703125,1.88100004196167,1.0800000429153442,1252.300048828125,520.3125,2.0289063453674316,1.0679123401641846,1302.0
2026-09-11T17:00:00.000+08:00,15.879517555236816,16.756874084472656,9.479248046875,2.215907096862793,0.4914466142654419,388.70001220703125,1.9140000343322754,1.0920000076293945,1252.300048828125,520.3125,2.0289063453674316,1.075045108795166,1302.0
2026-09-11T17:01:00.000+08:00,15.361494064331055,16.64488983154297,9.361083984375,2.192594051361084,0.4939354956150055,388.79998779296875,1.9129999876022339,1.0859999656677246,1252.300048828125,520.3125,2.0289063453674316,1.0645477771759033,1302.0
2026-09-11T17:02:00.000+08:00,15.285122871398926,16.637481689453125,9.3125,2.21256422996521,0.4881214201450348,388.3999938964844,1.9149999618530273,1.0920000076293945,1252.4000244140625,520.3125,2.0289063453674316,1.0716805458068848,1302.0
2026-09-11T17:03:00.000+08:00,15.517837524414062,16.72442626953125,9.34033203125,2.291595935821533,0.4725964069366455,388.6000061035156,1.8830000162124634,1.0800000429153442,1252.4000244140625,520.3125,2.0289063453674316,1.0696618556976318,1302.0
2026-09-11T17:04:00.000+08:00,15.44245433807373,16.729751586914062,9.395751953125,2.2636935710906982,0.4784216284751892,388.79998779296875,1.878000020980835,1.0829999446868896,1252.4000244140625,520.3125,2.0289063453674316,1.0780060291290283,1302.0
2026-09-11T17:05:00.000+08:00,15.234278678894043,16.864242553710938,9.3681640625,2.2216029167175293,0.49018657207489014,388.8999938964844,1.8969999551773071,1.0920000076293945,1252.4000244140625,520.3125,2.0289063453674316,1.0700656175613403,1302.0
2026-09-11T17:06:00.000+08:00,14.901875495910645,16.82733154296875,9.416748046875,2.1726508140563965,0.49985024333000183,388.79998779296875,1.8799999952316284,1.0800000429153442,1252.4000244140625,520.3125,2.0289063453674316,1.0704693794250488,1302.0
2026-09-11T17:07:00.000+08:00,14.938200950622559,16.803497314453125,9.375,2.1832926273345947,0.4932916462421417,388.70001220703125,1.88100004196167,1.0800000429153442,1252.5,520.3125,2.0289063453674316,1.073968529701233,1302.0
2026-09-11T17:08:00.000+08:00,14.816343307495117,16.786972045898438,9.375,2.1607725620269775,0.502597987651825,388.70001220703125,1.8890000581741333,1.0889999866485596,1252.5,520.3125,2.0289063453674316,1.0776022672653198,1302.0
2026-09-11T17:09:00.000+08:00,14.268258094787598,16.81256103515625,9.34033203125,2.0885543823242188,0.5171040892601013,388.3999938964844,1.902999997138977,1.0859999656677246,1252.5,520.3125,2.0289063453674316,1.0699310302734375,1302.0
2026-09-11T17:10:00.000+08:00,14.536969184875488,16.677322387695312,9.395751953125,2.1315360069274902,0.5080842971801758,388.8999938964844,1.8969999551773071,1.0829999446868896,1252.5,520.3125,2.0289063453674316,1.0679123401641846,1302.0
2026-09-11T17:11:00.000+08:00,14.658242225646973,16.67107391357422,9.354248046875,2.15438175201416,0.5013039112091064,388.6000061035156,1.909000039100647,1.0889999866485596,1252.5,520.3125,2.0289063453674316,1.0653551816940308,1302.0
2026-09-11T17:12:00.000+08:00,14.982963562011719,16.81317901611328,9.444580078125,2.181486129760742,0.5005761981010437,388.6000061035156,1.902999997138977,1.0770000219345093,1252.5,520.3125,2.0289063453674316,1.0707385540008545,1302.0
2026-09-11T17:13:00.000+08:00,14.749576568603516,16.7916259765625,9.375,2.1563045978546143,0.5022481083869934,388.3999938964844,1.899999976158142,1.0829999446868896,1252.5999755859375,520.3125,2.0289063453674316,1.0673739910125732,1302.0
2026-09-11T17:14:00.000+08:00,14.834842681884766,16.75554656982422,9.319580078125,2.186337947845459,0.4980931878089905,388.79998779296875,1.9010000228881836,1.0740000009536743,1252.5999755859375,520.3125,2.0289063453674316,1.063201904296875,1302.0
2026-09-11T17:15:00.000+08:00,14.41756820678711,16.816482543945312,9.319580078125,2.1084718704223633,0.509373664855957,388.6000061035156,1.8960000276565552,1.0829999446868896,1252.5999755859375,520.3125,2.0289063453674316,1.064816951751709,1302.0
2026-09-11T17:16:00.000+08:00,13.778193473815918,16.790489196777344,9.395751953125,2.0374953746795654,0.5300625562667847,388.70001220703125,1.8899999856948853,1.0889999866485596,1252.5999755859375,520.3125,2.0289063453674316,1.0697964429855347,1302.0
2026-09-11T17:17:00.000+08:00,14.537040710449219,16.83765411376953,9.458251953125,2.13860821723938,0.5021957755088806,388.6000061035156,1.909000039100647,1.0859999656677246,1252.5999755859375,520.3125,2.0289063453674316,1.0665664672851562,1302.0
2026-09-11T17:18:00.000+08:00,14.14163589477539,16.860923767089844,9.4306640625,2.0783791542053223,0.5196357369422913,388.6000061035156,1.8830000162124634,1.0770000219345093,1252.699951171875,520.3125,2.0289063453674316,1.063201904296875,1302.0
2026-09-11T17:19:00.000+08:00,14.038910865783691,16.762771606445312,9.52783203125,2.0987188816070557,0.5145996809005737,388.5,1.878999948501587,1.0829999446868896,1252.699951171875,520.3125,2.0289063453674316,1.0607794523239136,1302.0
2026-09-11T17:20:00.000+08:00,14.06258773803711,16.84210205078125,9.382080078125,2.076070547103882,0.5202135443687439,388.20001220703125,1.8700000047683716,1.0829999446868896,1252.699951171875,520.3125,2.0289063453674316,1.0669702291488647,1302.0
2026-09-11T17:21:00.000+08:00,14.336151123046875,16.956443786621094,9.513916015625,2.128939628601074,0.5044764876365662,388.5,1.8949999809265137,1.0859999656677246,1252.699951171875,520.3125,2.0289063453674316,1.0649514198303223,1302.0
2026-09-11T17:22:00.000+08:00,14.051647186279297,16.963211059570312,9.52099609375,2.067263603210449,0.5209785103797913,388.5,1.8980000019073486,1.0770000219345093,1252.699951171875,520.3125,2.0289063453674316,1.063201904296875,1302.0
2026-09-11T17:23:00.000+08:00,14.03737735748291,16.88599395751953,9.4306640625,2.0934598445892334,0.5173254609107971,388.70001220703125,1.9049999713897705,1.0770000219345093,1252.699951171875,520.3125,2.0289063453674316,1.067508578300476,1302.0
2026-09-11T17:24:00.000+08:00,14.464741706848145,16.949691772460938,9.444580078125,2.1556050777435303,0.5051945447921753,388.5,1.8890000581741333,1.0800000429153442,1252.800048828125,520.3125,2.0289063453674316,1.0719497203826904,1302.0
2026-09-11T17:25:00.000+08:00,13.993876457214355,17.080291748046875,9.4931640625,2.0365917682647705,0.5273516178131104,388.6000061035156,1.8930000066757202,1.0740000009536743,1252.800048828125,520.3125,2.0289063453674316,1.0749106407165527,1302.0
2026-09-11T17:26:00.000+08:00,13.111634254455566,17.04344940185547,9.45849609375,1.9440364837646484,0.5632610321044922,388.70001220703125,1.9040000438690186,1.0859999656677246,1252.800048828125,520.3125,2.0289063453674316,1.0699310302734375,1302.0
2026-09-11T17:27:00.000+08:00,13.538675308227539,17.01099395751953,9.458251953125,2.0202810764312744,0.5375490188598633,388.79998779296875,1.8869999647140503,1.0829999446868896,1252.800048828125,520.3125,2.0289063453674316,1.0679123401641846,1302.0
2026-09-11T17:28:00.000+08:00,13.611553192138672,17.100936889648438,9.548583984375,2.0615170001983643,0.5224307775497437,388.6000061035156,1.8799999952316284,1.0829999446868896,1252.800048828125,520.3125,2.0289063453674316,1.0724880695343018,1303.0
2026-09-11T17:29:00.000+08:00,13.371864318847656,16.95024871826172,9.5,1.9994676113128662,0.5446450114250183,388.70001220703125,1.8990000486373901,1.0859999656677246,1252.9000244140625,520.3125,2.0289063453674316,1.0699310302734375,1303.0
2026-09-11T17:30:00.000+08:00,13.468074798583984,16.771644592285156,9.472412109375,2.0154337882995605,0.5403302907943726,388.8999938964844,1.8990000486373901,1.0920000076293945,1252.9000244140625,520.3125,2.0289063453674316,1.0671048164367676,1303.0
2026-09-11T17:31:00.000+08:00,14.370918273925781,16.763946533203125,9.534912109375,2.122668504714966,0.5102068185806274,388.3999938964844,1.878999948501587,1.0859999656677246,1252.9000244140625,520.3125,2.0289063453674316,1.0657589435577393,1303.0
2026-09-11T17:32:00.000+08:00,14.597989082336426,16.956466674804688,9.4931640625,2.124957323074341,0.5124808549880981,388.6000061035156,1.8849999904632568,1.0770000219345093,1252.9000244140625,520.3125,2.0289063453674316,1.0679123401641846,1303.0
2026-09-11T17:33:00.000+08:00,14.267691612243652,16.891311645507812,9.604248046875,2.069363594055176,0.5204498171806335,388.70001220703125,1.8990000486373901,1.0889999866485596,1252.9000244140625,520.3125,2.0289063453674316,1.0754488706588745,1303.0
2026-09-11T17:34:00.000+08:00,14.427242279052734,16.971168518066406,9.541748046875,2.0983293056488037,0.5146951675415039,388.6000061035156,1.8960000276565552,1.0800000429153442,1252.9000244140625,520.3125,2.0289063453674316,1.0741031169891357,1303.0
2026-09-11T17:35:00.000+08:00,14.149909973144531,16.880943298339844,9.673583984375,2.0656423568725586,0.5271967649459839,388.5,1.8940000534057617,1.0770000219345093,1253.0,520.3125,2.0289063453674316,1.075852632522583,1303.0
2026-09-11T17:36:00.000+08:00,14.49816608428955,16.834983825683594,9.58349609375,2.109351396560669,0.5091612935066223,388.29998779296875,1.88100004196167,1.0770000219345093,1253.0,520.3125,2.0289063453674316,1.0661627054214478,1303.0
2026-09-11T17:37:00.000+08:00,14.169137001037598,16.931686401367188,9.6806640625,2.0310404300689697,0.5317471623420715,388.29998779296875,1.88100004196167,1.0829999446868896,1253.0,520.3125,2.0289063453674316,1.071142315864563,1303.0
2026-09-11T17:38:00.000+08:00,14.372689247131348,nan,nan,2.047494649887085,0.5289390683174133,388.5,1.8860000371932983,1.0829999446868896,1253.0,520.3125,2.0289063453674316,1.067508578300476,1303.0
2026-09-11T17:39:00.000+08:00,13.986930847167969,16.94361114501953,9.65283203125,1.999815583229065,0.5415499210357666,388.29998779296875,1.8839999437332153,1.0740000009536743,1253.0,520.3125,2.0289063453674316,1.0699310302734375,1303.0
2026-09-11T17:40:00.000+08:00,13.343564987182617,17.11975860595703,9.70849609375,1.9026154279708862,0.5644861459732056,388.0,1.8799999952316284,1.0800000429153442,1253.0999755859375,520.3125,2.0289063453674316,1.0665664672851562,1303.0
2026-09-11T17:41:00.000+08:00,nan,17.02191162109375,9.59033203125,nan,nan,388.20001220703125,1.8890000581741333,1.0829999446868896,1253.0999755859375,520.3125,2.0289063453674316,1.0653551816940308,1303.0
2026-09-11T17:42:00.000+08:00,12.988588333129883,17.018646240234375,9.701416015625,1.8963115215301514,0.5719025135040283,387.79998779296875,1.875,1.0829999446868896,1253.0999755859375,520.3125,2.0289063453674316,1.0636056661605835,1303.0
2026-09-11T17:43:00.000+08:00,13.149383544921875,17.064071655273438,9.576416015625,1.948188304901123,0.5512813925743103,387.8999938964844,1.8660000562667847,1.0679999589920044,1253.0999755859375,520.3125,2.0289063453674316,1.064816951751709,1303.0
2026-09-11T17:44:00.000+08:00,13.425389289855957,16.97888946533203,9.576416015625,1.9847683906555176,0.5426325798034668,387.70001220703125,1.8960000276565552,1.0859999656677246,1253.0999755859375,520.3125,2.0289063453674316,1.0656243562698364,1303.0
2026-09-11T17:45:00.000+08:00,13.717008590698242,16.973838806152344,9.708251953125,2.046177864074707,0.5263471603393555,388.1000061035156,1.8860000371932983,1.0770000219345093,1253.0999755859375,520.3125,2.0289063453674316,1.064009428024292,1303.0
2026-09-11T17:46:00.000+08:00,13.656249046325684,16.88623046875,9.784912109375,1.9998173713684082,0.5400493144989014,387.79998779296875,1.8899999856948853,1.0829999446868896,1253.199951171875,520.3125,2.0289063453674316,1.0693926811218262,1303.0
2026-09-11T17:47:00.000+08:00,13.316479682922363,17.019241333007812,9.6875,1.903454303741455,0.565813422203064,387.79998779296875,1.875,1.0709999799728394,1253.199951171875,520.3125,2.0289063453674316,1.0644131898880005,1303.0
2026-09-11T17:48:00.000+08:00,13.535189628601074,17.021041870117188,9.694580078125,1.956129789352417,0.5536442399024963,387.79998779296875,1.8799999952316284,1.0709999799728394,1253.199951171875,520.3125,2.0289063453674316,1.0681815147399902,1303.0
2026-09-11T17:49:00.000+08:00,13.407737731933594,17.058486938476562,9.6806640625,1.9053804874420166,0.568390429019928,387.79998779296875,1.906000018119812,1.0800000429153442,1253.199951171875,520.3125,2.0289063453674316,1.0626635551452637,1303.0
2026-09-11T17:50:00.000+08:00,13.260971069335938,17.11414337158203,9.6875,1.9423826932907104,0.5544736385345459,387.79998779296875,1.906000018119812,1.0800000429153442,1253.199951171875,520.3125,2.0289063453674316,1.064816951751709,1303.0
2026-09-11T17:51:00.000+08:00,12.55977725982666,17.090255737304688,9.701416015625,1.818062663078308,0.5973391532897949,387.8999938964844,1.8960000276565552,1.0770000219345093,1253.199951171875,520.3125,2.0289063453674316,1.0644131898880005,1303.0
2026-09-11T17:52:00.000+08:00,12.485725402832031,17.019866943359375,9.666748046875,1.7978498935699463,0.604054868221283,387.8999938964844,1.8960000276565552,1.0709999799728394,1253.300048828125,520.3125,2.0289063453674316,1.0706039667129517,1303.0
2026-09-11T17:53:00.000+08:00,13.37741470336914,17.019866943359375,9.708251953125,1.9539568424224854,0.548118531703949,388.29998779296875,1.902999997138977,1.0740000009536743,1253.300048828125,520.3125,2.0289063453674316,1.0665664672851562,1303.0
2026-09-11T17:54:00.000+08:00,13.698199272155762,17.09234619140625,9.597412109375,2.014456033706665,0.5361248850822449,388.0,1.8990000486373901,1.0829999446868896,1253.300048828125,520.3125,2.0289063453674316,1.0644131898880005,1303.0
2026-09-11T17:55:00.000+08:00,13.412425994873047,17.11975860595703,9.722412109375,1.9794998168945312,0.5440768003463745,388.29998779296875,1.9049999713897705,1.0800000429153442,1253.300048828125,520.3125,2.0289063453674316,1.0665664672851562,1303.0
2026-09-11T17:56:00.000+08:00,12.807686805725098,17.22088623046875,9.638916015625,1.9149056673049927,0.5671297311782837,388.5,1.9149999618530273,1.0889999866485596,1253.300048828125,520.3125,2.0289063453674316,1.0665664672851562,1303.0
2026-09-11T17:57:00.000+08:00,12.948923110961914,17.22203826904297,9.6875,1.9107067584991455,0.5715162754058838,388.20001220703125,1.9040000438690186,1.0829999446868896,1253.4000244140625,520.3125,2.0289063453674316,1.070334792137146,1303.0
2026-09-11T17:58:00.000+08:00,13.793251037597656,17.215255737304688,9.694580078125,2.054189443588257,0.5272152423858643,388.20001220703125,1.909000039100647,1.0859999656677246,1253.4000244140625,520.3125,2.0289063453674316,1.0677777528762817,1303.0
2026-09-11T17:59:00.000+08:00,13.208039283752441,17.1572265625,9.666748046875,1.9513883590698242,0.5565268397331238,388.20001220703125,1.9119999408721924,1.0800000429153442,1253.4000244140625,520.3125,2.0289063453674316,1.071142315864563,1303.0
2026-09-11T18:00:00.000+08:00,13.293930053710938,17.130142211914062,9.6875,1.9337232112884521,0.558508038520813,388.29998779296875,1.9049999713897705,1.0889999866485596,1253.4000244140625,520.3125,2.0289063453674316,1.072353482246399,1303.0
2026-09-11T18:01:00.000+08:00,13.817244529724121,17.095298767089844,9.638916015625,2.062615394592285,0.5279704928398132,388.5,1.906000018119812,1.0859999656677246,1253.4000244140625,520.3125,2.0289063453674316,1.0719497203826904,1303.0
2026-09-11T18:02:00.000+08:00,13.115093231201172,16.983245849609375,9.576416015625,1.9587682485580444,0.551366925239563,388.3999938964844,1.9110000133514404,1.0859999656677246,1253.4000244140625,520.3125,2.0289063453674316,1.0689889192581177,1303.0
2026-09-11T18:03:00.000+08:00,13.956774711608887,16.933425903320312,9.701416015625,2.0289483070373535,0.5337740182876587,388.6000061035156,1.9190000295639038,1.0950000286102295,1253.5,520.3125,2.0289063453674316,1.0699310302734375,1303.0
2026-09-11T18:04:00.000+08:00,13.469888687133789,16.985671997070312,9.604248046875,1.974565863609314,0.5469556450843811,388.1000061035156,1.8940000534057617,1.0770000219345093,1253.5,520.3125,2.0289063453674316,1.0697964429855347,1303.0
2026-09-11T18:05:00.000+08:00,13.509308815002441,16.99829864501953,9.701416015625,1.957992672920227,0.55158531665802,388.29998779296875,1.878999948501587,1.0829999446868896,1253.5,520.3125,2.0289063453674316,1.069527268409729,1303.0
2026-09-11T18:06:00.000+08:00,13.342202186584473,17.268020629882812,9.701416015625,1.9088377952575684,0.5705042481422424,388.20001220703125,1.8880000114440918,1.0829999446868896,1253.5,520.3125,2.0289063453674316,1.0683159828186035,1303.0
2026-09-11T18:07:00.000+08:00,13.431929588317871,17.315200805664062,9.708251953125,1.9158616065979004,0.5652809143066406,388.29998779296875,1.8869999647140503,1.0859999656677246,1253.5,520.3125,2.0289063453674316,1.0704693794250488,1303.0
2026-09-11T18:08:00.000+08:00,14.263906478881836,16.92548370361328,9.722412109375,2.1613245010375977,0.501081645488739,387.79998779296875,1.8910000324249268,1.0859999656677246,1253.5999755859375,520.3125,2.0289063453674316,1.0707385540008545,1303.0
2026-09-11T18:09:00.000+08:00,14.778398513793945,17.127769470214844,9.632080078125,2.2243340015411377,0.4855386018753052,388.20001220703125,1.8919999599456787,1.0859999656677246,1253.5999755859375,520.3125,2.0289063453674316,1.071142315864563,1303.0
2026-09-11T18:10:00.000+08:00,13.749202728271484,17.260009765625,9.763916015625,1.9706857204437256,0.5480325818061829,388.1000061035156,1.8760000467300415,1.0770000219345093,1253.5999755859375,520.3125,2.0289063453674316,1.068719744682312,1303.0
2026-09-11T18:11:00.000+08:00,14.819486618041992,17.094146728515625,9.583251953125,2.2066493034362793,0.4880703091621399,387.70001220703125,1.8860000371932983,1.0829999446868896,1253.5999755859375,520.3125,2.0289063453674316,1.0669702291488647,1303.0
2026-09-11T18:12:00.000+08:00,14.266419410705566,17.067588806152344,9.729248046875,2.127892255783081,0.5047248005867004,387.70001220703125,1.8930000066757202,1.0740000009536743,1253.5999755859375,520.3125,2.0289063453674316,1.0644131898880005,1303.0
2026-09-11T18:13:00.000+08:00,13.285329818725586,17.01512908935547,9.576416015625,1.9757226705551147,0.5435985326766968,387.29998779296875,1.8849999904632568,1.0829999446868896,1253.5999755859375,520.3125,2.0289063453674316,1.0606448650360107,1303.0
2026-09-11T18:14:00.000+08:00,13.173760414123535,17.048744201660156,9.645751953125,1.9497380256652832,0.5493045449256897,388.0,1.8839999437332153,1.0829999446868896,1253.699951171875,520.3125,2.0289063453674316,1.0645477771759033,1303.0
2026-09-11T18:15:00.000+08:00,13.509418487548828,16.92790985107422,9.736083984375,1.9931010007858276,0.5418691635131836,388.29998779296875,1.8880000114440918,1.0859999656677246,1253.699951171875,520.3125,2.0289063453674316,1.0669702291488647,1303.0
2026-09-11T18:16:00.000+08:00,13.274524688720703,16.982406616210938,9.701416015625,1.990458607673645,0.539574146270752,388.29998779296875,1.8869999647140503,1.0800000429153442,1253.699951171875,520.3125,2.0289063453674316,1.069527268409729,1303.0
2026-09-11T18:17:00.000+08:00,13.561994552612305,16.896316528320312,9.611083984375,1.9333540201187134,0.5601664185523987,388.0,1.8700000047683716,1.0740000009536743,1253.699951171875,520.3125,2.0289063453674316,1.0732955932617188,1303.0
2026-09-11T18:18:00.000+08:00,13.976265907287598,16.88085174560547,9.729248046875,1.9996575117111206,0.5415927171707153,387.1000061035156,1.88100004196167,1.0740000009536743,1253.699951171875,520.3125,2.0289063453674316,1.0638748407363892,1303.0
2026-09-11T18:19:00.000+08:00,13.725696563720703,16.888084411621094,9.632080078125,1.9946638345718384,0.5384365916252136,387.20001220703125,1.8930000066757202,1.0829999446868896,1253.800048828125,520.3125,2.0289063453674316,1.0630673170089722,1303.0
2026-09-11T18:20:00.000+08:00,13.315544128417969,16.93846893310547,9.6806640625,1.9506806135177612,0.5521150231361389,387.0,1.8880000114440918,1.0770000219345093,1253.800048828125,520.3125,2.0289063453674316,1.0630673170089722,1303.0
2026-09-11T18:21:00.000+08:00,13.983148574829102,16.761306762695312,9.625,2.005567789077759,0.5325174927711487,387.3999938964844,1.871000051498413,1.0679999589920044,1253.800048828125,520.3125,2.0289063453674316,1.0614523887634277,1303.0
2026-09-11T18:22:00.000+08:00,14.273910522460938,16.984451293945312,9.569580078125,2.0724480152130127,0.5153325796127319,387.6000061035156,1.8799999952316284,1.0740000009536743,1253.800048828125,520.3125,2.0289063453674316,1.0594335794448853,1303.0
2026-09-11T18:23:00.000+08:00,14.530355453491211,17.21410369873047,9.625,2.05288028717041,0.5275514721870422,387.8999938964844,1.8730000257492065,1.0709999799728394,1253.800048828125,520.3125,2.0289063453674316,1.064816951751709,1303.0
2026-09-11T18:24:00.000+08:00,13.580900192260742,17.003341674804688,9.708251953125,1.9620143175125122,0.5519837141036987,388.0,1.8949999809265137,1.0800000429153442,1253.800048828125,520.3125,2.0289063453674316,1.0636056661605835,1304.0
2026-09-11T18:25:00.000+08:00,14.293242454528809,17.3214111328125,9.666748046875,2.1665353775024414,0.49572235345840454,388.29998779296875,1.8940000534057617,1.0859999656677246,1253.9000244140625,520.3125,2.0289063453674316,1.0745068788528442,1304.0
2026-09-11T18:26:00.000+08:00,13.61836051940918,17.29100799560547,9.6181640625,2.0072667598724365,0.5425288081169128,388.20001220703125,1.8880000114440918,1.0800000429153442,1253.9000244140625,520.3125,2.0289063453674316,1.0715460777282715,1304.0
2026-09-11T18:27:00.000+08:00,14.41634464263916,17.037185668945312,9.65283203125,2.1729588508605957,0.49701815843582153,388.20001220703125,1.8930000066757202,1.0829999446868896,1253.9000244140625,520.3125,2.0289063453674316,1.0677777528762817,1304.0
2026-09-11T18:28:00.000+08:00,15.058170318603516,17.23504638671875,9.576416015625,2.2941315174102783,0.47338172793388367,388.20001220703125,1.8940000534057617,1.0829999446868896,1253.9000244140625,520.3125,2.0289063453674316,1.064009428024292,1304.0
2026-09-11T18:29:00.000+08:00,13.294567108154297,17.000732421875,9.784912109375,1.944337248802185,0.555459201335907,388.29998779296875,1.8890000581741333,1.0889999866485596,1253.9000244140625,520.3125,2.0289063453674316,1.0665664672851562,1304.0
2026-09-11T18:30:00.000+08:00,14.67685317993164,17.4163818359375,9.659912109375,2.1844866275787354,0.49714195728302,387.8999938964844,1.8880000114440918,1.0859999656677246,1254.0,520.3125,2.0289063453674316,1.0669702291488647,1304.0
2026-09-11T18:31:00.000+08:00,11.983182907104492,17.20134735107422,9.638916015625,1.7325148582458496,0.6199080944061279,388.29998779296875,1.8940000534057617,1.0829999446868896,1254.0,520.3125,2.0289063453674316,1.0677777528762817,1304.0
2026-09-11T18:32:00.000+08:00,14.24865436553955,17.057838439941406,9.694580078125,2.2143163681030273,0.4850255250930786,388.1000061035156,1.8890000581741333,1.0740000009536743,1254.0,520.3125,2.0289063453674316,1.0685851573944092,1304.0
2026-09-11T18:33:00.000+08:00,13.769975662231445,17.40130615234375,9.5556640625,2.0232584476470947,0.5308268666267395,388.20001220703125,1.8940000534057617,1.0859999656677246,1254.0,520.3125,2.0289063453674316,1.0636056661605835,1304.0
2026-09-11T18:34:00.000+08:00,11.129232406616211,17.00067138671875,9.52783203125,1.6661648750305176,0.6535967588424683,388.0,1.8990000486373901,1.0829999446868896,1254.0,520.3125,2.0289063453674316,1.0715460777282715,1304.0
2026-09-11T18:35:00.000+08:00,13.9295072555542,17.460311889648438,9.319580078125,2.1727404594421387,0.49982959032058716,387.6000061035156,1.8739999532699585,1.0709999799728394,1254.0,520.3125,2.0289063453674316,1.064816951751709,1304.0
2026-09-11T18:36:00.000+08:00,0.0,17.45177459716797,9.361083984375,0.0, +inf,387.6000061035156,1.8860000371932983,1.0709999799728394,1254.0999755859375,520.3125,2.0289063453674316,1.071142315864563,1304.0
2026-09-11T18:37:00.000+08:00,13.553913116455078,nan,nan,2.1496870517730713,0.5037943124771118,387.79998779296875,1.8830000162124634,1.0709999799728394,1254.0999755859375,520.3125,2.0289063453674316,1.0636056661605835,1304.0
2026-09-11T18:38:00.000+08:00,0.0,17.457351684570312,9.295166015625,0.0, +inf,388.20001220703125,1.878999948501587,1.0800000429153442,1254.0999755859375,520.3125,2.0289063453674316,1.0745068788528442,1304.0
2026-09-11T18:39:00.000+08:00,13.891741752624512,17.57501983642578,9.382080078125,2.2732808589935303,0.47244489192962646,388.0,1.8899999856948853,1.0829999446868896,1254.0999755859375,520.3125,2.0289063453674316,1.0653551816940308,1304.0
2026-09-11T18:40:00.000+08:00,nan,17.389854431152344,9.395751953125,nan,nan,387.6000061035156,1.8860000371932983,1.0709999799728394,1254.0999755859375,520.3125,2.0289063453674316,1.0644131898880005,1304.0
2026-09-11T18:41:00.000+08:00,9.420471668243408,17.59503936767578,9.395751953125,1.536278486251831,0.830497145652771,387.3999938964844,1.8930000066757202,1.0829999446868896,1254.0999755859375,520.3125,2.0289063453674316,1.0622597932815552,1304.0
2026-09-11T18:42:00.000+08:00,0.0,17.431411743164062,9.486083984375,0.0, +inf,387.79998779296875,1.8730000257492065,1.0740000009536743,1254.199951171875,520.3125,2.0289063453674316,1.070334792137146,1304.0
2026-09-11T18:43:00.000+08:00,13.520747184753418,17.55463409423828,9.4306640625,2.237659215927124,0.4839878976345062,388.1000061035156,1.8869999647140503,1.0740000009536743,1254.199951171875,520.3125,2.0289063453674316,1.069527268409729,1304.0
2026-09-11T18:44:00.000+08:00,0.0,17.483627319335938,9.416748046875,0.0, +inf,387.29998779296875,1.88100004196167,1.0740000009536743,1254.199951171875,520.3125,2.0289063453674316,1.067643165588379,1304.0
2026-09-11T18:45:00.000+08:00,13.577725410461426,17.575271606445312,9.472412109375,2.194932460784912,0.4920424520969391,387.29998779296875,1.8849999904632568,1.0800000429153442,1254.199951171875,520.3125,2.0289063453674316,1.057684063911438,1304.0
2026-09-11T18:46:00.000+08:00,0.0,17.391616821289062,9.4306640625,0.0, +inf,387.29998779296875,1.86899995803833,1.0679999589920044,1254.199951171875,520.3125,2.0289063453674316,1.0672394037246704,1304.0
2026-09-11T18:47:00.000+08:00,13.256695747375488,17.702926635742188,9.409912109375,2.1490800380706787,0.49974870681762695,387.70001220703125,1.8849999904632568,1.0800000429153442,1254.300048828125,520.3125,2.0289063453674316,1.0590298175811768,1304.0
2026-09-11T18:48:00.000+08:00,0.0,17.56201934814453,9.354248046875,0.0, +inf,387.0,1.8660000562667847,1.062000036239624,1254.300048828125,516.796875,2.0289063453674316,1.0621252059936523,1304.0
2026-09-11T18:49:00.000+08:00,13.582406044006348,17.5909423828125,9.361083984375,2.2379841804504395,0.4785556495189667,386.79998779296875,1.88100004196167,1.0770000219345093,1254.300048828125,516.796875,2.0289063453674316,1.0555306673049927,1304.0
2026-09-11T18:50:00.000+08:00,13.187603950500488,17.800209045410156,9.395751953125,2.1724014282226562,0.48885995149612427,387.3999938964844,1.8739999532699585,1.0679999589920044,1254.300048828125,520.3125,2.0289063453674316,1.0622597932815552,1304.0
2026-09-11T18:51:00.000+08:00,12.728668212890625,17.43317413330078,9.472412109375,2.04598069190979,0.5249316692352295,386.70001220703125,1.8760000467300415,1.0740000009536743,1254.300048828125,516.796875,2.0289063453674316,1.0555306673049927,1304.0
2026-09-11T18:52:00.000+08:00,13.833913803100586,17.85980224609375,9.423583984375,2.339901924133301,0.4564293920993805,387.0,1.871999979019165,1.0770000219345093,1254.300048828125,516.796875,2.0289063453674316,1.057684063911438,1304.0
2026-09-11T18:53:00.000+08:00,5.136927127838135,17.671676635742188,9.409912109375,0.8151978254318237,1.3248318433761597,387.1000061035156,1.8849999904632568,1.0829999446868896,1254.4000244140625,520.3125,2.0289063453674316,1.0656243562698364,1304.0
2026-09-11T18:54:00.000+08:00,14.226978302001953,17.421096801757812,9.382080078125,2.3946571350097656,0.4459928870201111,387.0,1.8769999742507935,1.0740000009536743,1254.4000244140625,520.3125,2.0289063453674316,1.0706039667129517,1304.0
2026-09-11T18:55:00.000+08:00,13.318275451660156,17.541091918945312,9.451416015625,2.175633192062378,0.4881337881088257,387.20001220703125,1.875,1.0740000009536743,1254.4000244140625,520.3125,2.0289063453674316,1.058895230293274,1304.0
2026-09-11T18:56:00.000+08:00,13.189407348632812,17.54376220703125,9.34033203125,2.0919454097747803,0.516265869140625,387.1000061035156,1.8990000486373901,1.0770000219345093,1254.4000244140625,516.796875,2.0289063453674316,1.065086007118225,1304.0
2026-09-11T18:57:00.000+08:00,13.186079025268555,17.519546508789062,9.541748046875,2.1159589290618896,0.5089890956878662,387.0,1.8739999532699585,1.0770000219345093,1254.4000244140625,516.796875,2.0289063453674316,1.0634710788726807,1304.0
2026-09-11T18:58:00.000+08:00,13.598233222961426,17.74835968017578,9.34033203125,2.2190730571746826,0.4826339781284332,387.29998779296875,1.8919999599456787,1.0800000429153442,1254.5,516.796875,2.0289063453674316,1.0638748407363892,1304.0
2026-09-11T18:59:00.000+08:00,13.46876049041748,17.59503936767578,9.423583984375,2.10158634185791,0.5124700665473938,387.8999938964844,1.899999976158142,1.0859999656677246,1254.5,520.3125,2.0289063453674316,1.0697964429855347,1304.0
2026-09-11T19:00:00.000+08:00,13.9015531539917,17.73590850830078,9.3681640625,2.281395435333252,0.469449520111084,388.29998779296875,1.906000018119812,1.0889999866485596,1254.5,520.3125,2.0289063453674316,1.0677777528762817,1304.0
2026-09-11T19:01:00.000+08:00,12.97558879852295,17.694374084472656,9.33349609375,2.0576331615448,0.5248748660087585,388.1000061035156,1.8819999694824219,1.0740000009536743,1254.5,520.3125,2.0289063453674316,1.062394380569458,1304.0
2026-09-11T19:02:00.000+08:00,8.678187370300293,17.728591918945312,9.458251953125,1.4534531831741333,0.7389299273490906,387.8999938964844,1.878000020980835,1.0770000219345093,1254.5,520.3125,2.0289063453674316,1.0719497203826904,1304.0
2026-09-11T19:03:00.000+08:00,13.792220115661621,17.69610595703125,9.513916015625,2.2523224353790283,0.48083698749542236,387.8999938964844,1.8940000534057617,1.0829999446868896,1254.5,520.3125,2.0289063453674316,1.0661627054214478,1304.0
2026-09-11T19:04:00.000+08:00,5.496035575866699,17.517776489257812,9.52783203125,0.895840585231781,1.2122691869735718,387.6000061035156,1.9019999504089355,1.0829999446868896,1254.5999755859375,520.3125,2.0289063453674316,1.0693926811218262,1304.0
2026-09-11T19:05:00.000+08:00,13.52546501159668,17.002471923828125,9.534912109375,2.2174599170684814,0.4843379557132721,387.8999938964844,1.8919999599456787,1.0829999446868896,1254.5999755859375,520.3125,2.0289063453674316,1.0614523887634277,1304.0
2026-09-11T19:06:00.000+08:00,13.51977252960205,17.713233947753906,9.46533203125,2.166313886642456,0.4985427260398865,388.0,1.8839999437332153,1.0740000009536743,1254.5999755859375,520.3125,2.0289063453674316,1.0673739910125732,1304.0
2026-09-11T19:07:00.000+08:00,0.0,17.5257568359375,9.451416015625,0.0, +inf,387.79998779296875,1.88100004196167,1.0740000009536743,1254.5999755859375,520.3125,2.0289063453674316,1.070334792137146,1304.0
2026-09-11T19:08:00.000+08:00,13.58255386352539,17.819068908691406,9.52783203125,2.19572114944458,0.49323201179504395,387.8999938964844,1.9149999618530273,1.0859999656677246,1254.5999755859375,520.3125,2.0289063453674316,1.0677777528762817,1304.0
2026-09-11T19:09:00.000+08:00,0.0,17.508636474609375,9.46533203125,0.0, +inf,387.79998779296875,1.8899999856948853,1.0829999446868896,1254.699951171875,520.3125,2.0289063453674316,1.0697964429855347,1304.0
2026-09-11T19:10:00.000+08:00,14.567992210388184,17.64221954345703,9.472412109375,2.388171911239624,0.4534849524497986,388.0,1.8930000066757202,1.0829999446868896,1254.699951171875,520.3125,2.0289063453674316,1.0765255689620972,1304.0
2026-09-11T19:11:00.000+08:00,0.0,17.49273681640625,9.416748046875,0.0, +inf,387.79998779296875,1.9019999504089355,1.0859999656677246,1254.699951171875,520.3125,2.0289063453674316,1.0661627054214478,1304.0
2026-09-11T19:12:00.000+08:00,14.959694862365723,17.531349182128906,9.4931640625,2.4309372901916504,0.4455071687698364,387.79998779296875,1.8930000066757202,1.0800000429153442,1254.699951171875,520.3125,2.0289063453674316,1.07477605342865,1304.0
2026-09-11T19:13:00.000+08:00,0.0,17.291091918945312,9.451416015625,0.0, +inf,387.79998779296875,1.9010000228881836,1.0859999656677246,1254.699951171875,520.3125,2.0289063453674316,1.07477605342865,1304.0
2026-09-11T19:14:00.000+08:00,13.863210678100586,17.48035430908203,9.479248046875,2.2002639770507812,0.49085021018981934,388.1000061035156,1.902999997138977,1.0859999656677246,1254.699951171875,520.3125,2.0289063453674316,1.0677777528762817,1304.0
2026-09-11T19:15:00.000+08:00,11.999116897583008,17.657508850097656,9.423583984375,1.8845758438110352,0.5746651291847229,387.8999938964844,1.8860000371932983,1.0740000009536743,1254.800048828125,520.3125,2.0289063453674316,1.0689889192581177,1304.0
2026-09-11T19:16:00.000+08:00,13.816723823547363,17.664886474609375,9.46533203125,2.097796678543091,0.5162559747695923,388.0,1.8949999809265137,1.0800000429153442,1254.800048828125,520.3125,2.0289063453674316,1.073161005973816,1304.0
2026-09-11T19:17:00.000+08:00,5.819227695465088,17.56671905517578,9.534912109375,0.9513768553733826,1.1415034532546997,387.8999938964844,1.8990000486373901,1.0859999656677246,1254.800048828125,520.3125,2.0289063453674316,1.073161005973816,1304.0
2026-09-11T19:18:00.000+08:00,13.94454288482666,17.46794891357422,9.507080078125,2.310192346572876,0.47009071707725525,387.5,1.8849999904632568,1.0740000009536743,1254.800048828125,520.3125,2.0289063453674316,1.064009428024292,1304.0
2026-09-11T19:19:00.000+08:00,13.585739135742188,17.630943298339844,9.6806640625,2.2030248641967773,0.4915968179702759,387.29998779296875,1.8819999694824219,1.0740000009536743,1254.800048828125,520.3125,2.0289063453674316,1.0592989921569824,1304.0
2026-09-11T19:20:00.000+08:00,13.561856269836426,17.367401123046875,9.65283203125,2.0891757011413574,0.5155143141746521,387.0,1.8930000066757202,1.0800000429153442,1254.9000244140625,520.3125,2.0289063453674316,1.067643165588379,1305.0
2026-09-11T19:21:00.000+08:00,14.201010704040527,17.479736328125,9.5,2.3119146823883057,0.4645500183105469,386.79998779296875,1.8700000047683716,1.0709999799728394,1254.9000244140625,516.796875,2.0289063453674316,1.0634710788726807,1305.0
2026-09-11T19:22:00.000+08:00,13.754596710205078,17.279273986816406,9.576416015625,2.1208553314208984,0.5007413625717163,387.1000061035156,1.8830000162124634,1.0679999589920044,1254.9000244140625,520.3125,2.0289063453674316,1.0563381910324097,1305.0
2026-09-11T19:23:00.000+08:00,14.067622184753418,17.416404724121094,9.6181640625,2.2095417976379395,0.4887891411781311,387.20001220703125,1.899999976158142,1.0800000429153442,1254.9000244140625,516.796875,2.0289063453674316,1.0706039667129517,1305.0
2026-09-11T19:24:00.000+08:00,13.573081016540527,17.294578552246094,9.569580078125,2.06840443611145,0.5206912159919739,387.0,1.899999976158142,1.0829999446868896,1254.9000244140625,516.796875,2.0289063453674316,1.0646823644638062,1305.0
2026-09-11T19:25:00.000+08:00,13.607580184936523,17.7244873046875,9.6806640625,2.100064992904663,0.5156983137130737,386.8999938964844,1.8819999694824219,1.0800000429153442,1254.9000244140625,516.796875,2.0289063453674316,1.0679123401641846,1305.0
2026-09-11T19:26:00.000+08:00,13.444740295410156,17.219146728515625,9.597412109375,2.0472896099090576,0.5231306552886963,386.8999938964844,1.8880000114440918,1.0800000429153442,1255.0,516.796875,2.0289063453674316,1.0679123401641846,1305.0
2026-09-11T19:27:00.000+08:00,13.99936294555664,17.257186889648438,9.604248046875,2.207780361175537,0.4905379116535187,386.79998779296875,1.8969999551773071,1.0800000429153442,1255.0,516.796875,2.0289063453674316,1.061317801475525,1305.0
2026-09-11T19:28:00.000+08:00,14.085323333740234,17.666900634765625,9.701416015625,2.1926779747009277,0.4925483465194702,386.6000061035156,1.8739999532699585,1.059000015258789,1255.0,516.796875,1.990625023841858,1.0496090650558472,1305.0
2026-09-11T19:29:00.000+08:00,13.442900657653809,17.36054229736328,9.722412109375,2.050147294998169,0.5253280997276306,387.1000061035156,1.8839999437332153,1.0770000219345093,1255.0,516.796875,2.0289063453674316,1.0579532384872437,1305.0
2026-09-11T19:30:00.000+08:00,14.311954498291016,17.640640258789062,9.6875,2.290482997894287,0.4728260338306427,386.79998779296875,1.8969999551773071,1.0740000009536743,1255.0,516.796875,2.0289063453674316,1.0592989921569824,1305.0
2026-09-11T19:31:00.000+08:00,13.15192699432373,17.355628967285156,9.6806640625,1.9943280220031738,0.5340144634246826,386.70001220703125,1.878000020980835,1.0679999589920044,1255.0,516.796875,2.0289063453674316,1.066701054573059,1305.0
2026-09-11T19:32:00.000+08:00,14.027002334594727,17.744178771972656,9.645751953125,2.2163329124450684,0.4845842123031616,387.0,1.86899995803833,1.065000057220459,1255.0999755859375,516.796875,2.0289063453674316,1.0592989921569824,1305.0
2026-09-11T19:33:00.000+08:00,9.026660919189453,17.411392211914062,9.736083984375,1.3868147134780884,0.7809262275695801,387.0,1.8849999904632568,1.0770000219345093,1255.0999755859375,516.796875,2.0289063453674316,1.066701054573059,1305.0
2026-09-11T19:34:00.000+08:00,13.698404312133789,17.64923858642578,9.659912109375,2.169534683227539,0.4809694290161133,387.3999938964844,1.8960000276565552,1.0829999446868896,1255.0999755859375,520.3125,2.0289063453674316,1.0710077285766602,1305.0
2026-09-11T19:35:00.000+08:00,0.0,nan,nan,0.0, +inf,387.3999938964844,1.8960000276565552,1.0740000009536743,1255.0999755859375,520.3125,2.0289063453674316,1.0697964429855347,1305.0
2026-09-11T19:36:00.000+08:00,13.97888469696045,17.436840057373047,9.68408203125,2.231501340866089,0.481290340423584,387.6000061035156,1.878999948501587,1.0740000009536743,1255.0999755859375,520.3125,2.0289063453674316,1.0714114904403687,1305.0
2026-09-11T19:37:00.000+08:00,5.870265960693359,17.4776611328125,9.625,0.9175986647605896,1.1769851446151733,387.6000061035156,1.8969999551773071,1.0829999446868896,1255.199951171875,520.3125,2.0289063453674316,1.0702002048492432,1305.0
2026-09-11T19:38:00.000+08:00,13.86093521118164,17.14678192138672,9.708251953125,2.1164774894714355,0.5074469447135925,387.8999938964844,1.8839999437332153,1.0770000219345093,1255.199951171875,520.3125,2.0289063453674316,1.0706039667129517,1305.0
2026-09-11T19:39:00.000+08:00,nan,17.552284240722656,9.6875,nan,nan,387.79998779296875,1.8899999856948853,1.0889999866485596,1255.199951171875,520.3125,2.0289063453674316,1.0684505701065063,1305.0
2026-09-11T19:40:00.000+08:00,6.598117351531982,17.57085418701172,9.611083984375,1.0428963899612427, +inf,387.6000061035156,1.8919999599456787,1.0800000429153442,1255.199951171875,520.3125,2.0289063453674316,1.0714114904403687,1305.0
2026-09-11T19:41:00.000+08:00,13.21898365020752,17.149864196777344,9.673583984375,2.0630388259887695,0.5205912590026855,387.8999938964844,1.8700000047683716,1.0740000009536743,1255.199951171875,520.3125,2.0289063453674316,1.067643165588379,1305.0
2026-09-11T19:42:00.000+08:00,13.135503768920898,17.182838439941406,9.7431640625,2.0645477771759033,0.5260232090950012,388.0,1.8910000324249268,1.0889999866485596,1255.199951171875,520.3125,2.0289063453674316,1.0681815147399902,1305.0
2026-09-11T19:43:00.000+08:00,13.385390281677246,17.255661010742188,9.8056640625,2.0055992603302,0.5399882197380066,388.1000061035156,1.88100004196167,1.0800000429153442,1255.300048828125,520.3125,2.0289063453674316,1.0644131898880005,1305.0
2026-09-11T19:44:00.000+08:00,10.63856315612793,17.280418395996094,9.638916015625,1.5835496187210083,0.682012140750885,387.8999938964844,1.8730000257492065,1.0859999656677246,1255.300048828125,520.3125,2.0289063453674316,1.063201904296875,1305.0
2026-09-11T19:45:00.000+08:00,13.747003555297852,17.14666748046875,9.729248046875,2.047572612762451,0.5245235562324524,388.0,1.8830000162124634,1.0770000219345093,1255.300048828125,520.3125,2.0289063453674316,1.073161005973816,1305.0
2026-09-11T19:46:00.000+08:00,14.26280403137207,17.505661010742188,9.77099609375,2.150498151779175,0.5036042928695679,388.1000061035156,1.8830000162124634,1.0829999446868896,1255.300048828125,520.3125,2.0289063453674316,1.07477605342865,1305.0
2026-09-11T19:47:00.000+08:00,0.0,17.49591827392578,9.729248046875,0.0, +inf,388.0,1.88100004196167,1.0829999446868896,1255.300048828125,520.3125,2.067187547683716,1.0773330926895142,1305.0
2026-09-11T19:48:00.000+08:00,14.011923789978027,17.56110382080078,9.569580078125,2.191579580307007,0.4941641390323639,388.0,1.8949999809265137,1.0859999656677246,1255.4000244140625,520.3125,2.0289063453674316,1.062394380569458,1305.0
2026-09-11T19:49:00.000+08:00,6.266014099121094,17.47882843017578,9.722412109375,0.9602553248405457,1.124700903892517,388.1000061035156,1.8990000486373901,1.0800000429153442,1255.4000244140625,520.3125,2.0289063453674316,1.0636056661605835,1305.0
2026-09-11T19:50:00.000+08:00,14.166329383850098,17.3966064453125,9.791748046875,2.214151620864868,0.4850616455078125,388.20001220703125,1.8730000257492065,1.0679999589920044,1255.4000244140625,520.3125,2.0289063453674316,1.0665664672851562,1305.0
2026-09-11T19:51:00.000+08:00,14.19621753692627,17.583763122558594,9.597412109375,2.2328319549560547,0.4810034930706024,388.29998779296875,1.8940000534057617,1.0859999656677246,1255.4000244140625,520.3125,2.0289063453674316,1.0627981424331665,1305.0
2026-09-11T19:52:00.000+08:00,13.861549377441406,17.14684295654297,9.625,2.095984697341919,0.5167022347450256,388.1000061035156,1.86899995803833,1.0740000009536743,1255.4000244140625,520.3125,2.0289063453674316,1.0685851573944092,1305.0
2026-09-11T19:53:00.000+08:00,13.172815322875977,17.548675537109375,9.7431640625,2.0863287448883057,0.516217827796936,388.20001220703125,1.8860000371932983,1.0829999446868896,1255.4000244140625,520.3125,2.0289063453674316,1.073161005973816,1305.0
2026-09-11T19:54:00.000+08:00,0.0,17.497154235839844,9.6806640625,0.0, +inf,387.79998779296875,1.8819999694824219,1.0800000429153442,1255.5,520.3125,2.0289063453674316,1.0672394037246704,1305.0
2026-09-11T19:55:00.000+08:00,13.836807250976562,17.537567138671875,9.708251953125,2.1735169887542725,0.49413004517555237,387.79998779296875,1.8739999532699585,1.0709999799728394,1255.5,520.3125,2.0289063453674316,1.0626635551452637,1305.0
2026-09-11T19:56:00.000+08:00,9.472590446472168,17.55168914794922,9.6875,1.4699729681015015,0.736748218536377,387.8999938964844,1.8839999437332153,1.0740000009536743,1255.5,520.3125,2.0289063453674316,1.0689889192581177,1305.0
2026-09-11T19:57:00.000+08:00,13.590913772583008,17.136306762695312,9.576416015625,2.082435131072998,0.5186235904693604,387.70001220703125,1.8799999952316284,1.0740000009536743,1255.5,520.3125,2.0289063453674316,1.0656243562698364,1305.0
2026-09-11T19:58:00.000+08:00,12.918803215026855,17.57019805908203,9.645751953125,2.0066375732421875,0.5382137894630432,387.79998779296875,1.8869999647140503,1.0889999866485596,1255.5,520.3125,2.0289063453674316,1.0598373413085938,1305.0
2026-09-11T19:59:00.000+08:00,12.100412368774414,17.2901611328125,9.625,1.8035471439361572,0.6004832983016968,387.5,1.8980000019073486,1.0859999656677246,1255.5999755859375,520.3125,2.0289063453674316,1.0630673170089722,1305.0
2026-09-11T20:00:00.000+08:00,13.229236602783203,17.281593322753906,9.65283203125,2.098224401473999,0.5132911205291748,387.20001220703125,1.8739999532699585,1.0740000009536743,1255.5999755859375,516.796875,2.0289063453674316,1.0726226568222046,1305.0
2026-09-11T20:01:00.000+08:00,13.975476264953613,17.56781005859375,9.645751953125,2.1641392707824707,0.49904364347457886,387.20001220703125,1.8660000562667847,1.065000057220459,1255.5999755859375,516.796875,2.0289063453674316,1.0638748407363892,1305.0
2026-09-11T20:02:00.000+08:00,13.451093673706055,17.135704040527344,9.736083984375,2.040804624557495,0.5277330279350281,387.20001220703125,1.875,1.0800000429153442,1255.5999755859375,516.796875,2.0289063453674316,1.0708731412887573,1305.0
2026-09-11T20:03:00.000+08:00,13.428510665893555,17.458518981933594,9.71533203125,2.081822633743286,0.5173351764678955,387.1000061035156,1.8819999694824219,1.0740000009536743,1255.5999755859375,516.796875,2.0289063453674316,1.0584914684295654,1305.0
2026-09-11T20:04:00.000+08:00,10.740751266479492,17.308486938476562,9.625,1.6065467596054077,0.9375512003898621,387.20001220703125,1.8730000257492065,1.0770000219345093,1255.5999755859375,516.796875,2.0289063453674316,1.065893530845642,1305.0
2026-09-11T20:05:00.000+08:00,13.7724609375,17.327552795410156,9.645751953125,2.1190335750579834,0.5068348050117493,387.3999938964844,1.8769999742507935,1.0740000009536743,1255.699951171875,516.796875,2.0289063453674316,1.0646823644638062,1305.0
2026-09-11T20:06:00.000+08:00,12.724126815795898,17.33910369873047,9.6806640625,1.8917185068130493,0.5709094405174255,387.20001220703125,1.8849999904632568,1.0770000219345093,1255.699951171875,516.796875,2.0289063453674316,1.0671048164367676,1305.0
2026-09-11T20:07:00.000+08:00,14.720172882080078,17.55168914794922,9.694580078125,2.2450015544891357,0.48240500688552856,387.3999938964844,1.8589999675750732,1.0679999589920044,1255.699951171875,520.3125,2.0289063453674316,1.0656243562698364,1305.0
2026-09-11T20:08:00.000+08:00,13.56794261932373,17.271041870117188,9.694580078125,2.053624153137207,0.5258995294570923,387.3999938964844,1.8799999952316284,1.0859999656677246,1255.699951171875,520.3125,2.0289063453674316,1.0618560314178467,1305.0
2026-09-11T20:09:00.000+08:00,13.95461368560791,17.728179931640625,9.6875,2.2095677852630615,0.4833524227142334,387.5,1.88100004196167,1.0679999589920044,1255.699951171875,520.3125,2.0289063453674316,1.0718151330947876,1305.0
2026-09-11T20:10:00.000+08:00,13.309538841247559,17.299896240234375,9.736083984375,2.0062220096588135,0.533839225769043,387.79998779296875,1.8799999952316284,1.0740000009536743,1255.699951171875,520.3125,2.0289063453674316,1.0664318799972534,1305.0
2026-09-11T20:11:00.000+08:00,14.254709243774414,17.463157653808594,9.597412109375,2.273300886154175,0.4763997793197632,387.3999938964844,1.88100004196167,1.0740000009536743,1255.800048828125,520.3125,2.0289063453674316,1.0584914684295654,1305.0
2026-09-11T20:12:00.000+08:00,13.54799747467041,17.2545166015625,9.708251953125,2.0851478576660156,0.5150713920593262,388.0,1.8949999809265137,1.0859999656677246,1255.800048828125,520.3125,2.0289063453674316,1.0693926811218262,1305.0
2026-09-11T20:13:00.000+08:00,14.4180269241333,17.345298767089844,9.6806640625,2.2337846755981445,0.4781123399734497,387.8999938964844,1.9010000228881836,1.0859999656677246,1255.800048828125,520.3125,2.0289063453674316,1.0656243562698364,1305.0
2026-09-11T20:14:00.000+08:00,14.597956657409668,17.43103790283203,9.694580078125,2.2152557373046875,0.48346564173698425,388.1000061035156,1.9019999504089355,1.0829999446868896,1255.800048828125,520.3125,2.0289063453674316,1.0673739910125732,1305.0
2026-09-11T20:15:00.000+08:00,11.550522804260254,17.23125457763672,9.6806640625,1.7565163373947144,0.6148533821105957,388.1000061035156,1.9119999408721924,1.0859999656677246,1255.800048828125,520.3125,2.0289063453674316,1.072353482246399,1305.0
2026-09-11T20:16:00.000+08:00,13.841789245605469,17.194610595703125,9.666748046875,2.12968373298645,0.5113435387611389,388.20001220703125,1.9019999504089355,1.0920000076293945,1255.9000244140625,520.3125,2.0289063453674316,1.064816951751709,1306.0
2026-09-11T20:17:00.000+08:00,12.417547225952148,17.131881713867188,9.798583984375,1.845473289489746,0.586841344833374,388.0,1.8910000324249268,1.0770000219345093,1255.9000244140625,520.3125,2.0289063453674316,1.07477605342865,1306.0
2026-09-11T20:18:00.000+08:00,14.671562194824219,17.597618103027344,9.736083984375,2.2076120376586914,0.4868510961532593,388.20001220703125,1.8940000534057617,1.0770000219345093,1255.9000244140625,520.3125,2.0289063453674316,1.064009428024292,1306.0
2026-09-11T20:19:00.000+08:00,6.017826557159424,17.323211669921875,9.673583984375,0.8910681009292603,1.2187620401382446,388.1000061035156,1.9179999828338623,1.0889999866485596,1255.9000244140625,520.3125,2.0289063453674316,1.0765255689620972,1306.0
2026-09-11T20:20:00.000+08:00,13.906988143920898,17.02960968017578,9.722412109375,2.186781167984009,0.49113282561302185,387.8999938964844,1.8960000276565552,1.0770000219345093,1255.9000244140625,520.3125,2.0289063453674316,1.071142315864563,1306.0
2026-09-11T20:21:00.000+08:00,14.515397071838379,17.505081176757812,9.784912109375,2.2255592346191406,0.4866192638874054,387.8999938964844,1.8919999599456787,1.0709999799728394,1255.9000244140625,520.3125,2.0289063453674316,1.071142315864563,1306.0
2026-09-11T20:22:00.000+08:00,11.040900230407715,17.174636840820312,9.472412109375,1.578084945678711,0.6767696738243103,388.0,1.899999976158142,1.0829999446868896,1256.0,520.3125,2.0289063453674316,1.0697964429855347,1306.0
2026-09-11T20:23:00.000+08:00,14.02388858795166,17.100616455078125,9.46533203125,2.1603763103485107,0.4957469701766968,388.20001220703125,1.8860000371932983,1.0740000009536743,1256.0,520.3125,2.0289063453674316,1.0653551816940308,1306.0
2026-09-11T20:24:00.000+08:00,13.80419635772705,17.564926147460938,9.395751953125,2.0965256690979004,0.5165689587593079,388.3999938964844,1.9010000228881836,1.0770000219345093,1256.0,520.3125,2.0289063453674316,1.070334792137146,1306.0
2026-09-11T20:25:00.000+08:00,7.693169593811035,17.143157958984375,9.361083984375,1.146337866783142,0.9473646879196167,388.6000061035156,1.8860000371932983,1.0800000429153442,1256.0,520.3125,2.0289063453674316,1.0657589435577393,1306.0
2026-09-11T20:26:00.000+08:00,14.60687255859375,17.585121154785156,9.194580078125,2.391432285308838,0.45035770535469055,388.6000061035156,1.9040000438690186,1.0889999866485596,1256.0,520.3125,2.0289063453674316,1.070334792137146,1306.0
2026-09-11T20:27:00.000+08:00,6.022684574127197,17.38011932373047,9.270751953125,0.9376847743988037,1.161371111869812,388.5,1.9040000438690186,1.0859999656677246,1256.0999755859375,520.3125,2.0289063453674316,1.0657589435577393,1306.0
2026-09-11T20:28:00.000+08:00,14.318829536437988,17.508987426757812,9.257080078125,2.3332650661468506,0.46287068724632263,388.79998779296875,1.8940000534057617,1.0770000219345093,1256.0999755859375,520.3125,2.0289063453674316,1.0749106407165527,1306.0
2026-09-11T20:29:00.000+08:00,8.284830093383789,17.41645050048828,9.347412109375,1.3411945104599,0.8074890971183777,389.0,1.8969999551773071,1.0859999656677246,1256.0999755859375,520.3125,2.0289063453674316,1.0724880695343018,1306.0
2026-09-11T20:30:00.000+08:00,14.658833503723145,17.293128967285156,9.25,2.448655366897583,0.4447338879108429,388.8999938964844,1.9049999713897705,1.0859999656677246,1256.0999755859375,520.3125,2.0289063453674316,1.071142315864563,1306.0
2026-09-11T20:31:00.000+08:00,14.535064697265625,17.579689025878906,9.40283203125,2.2866151332855225,0.4762498140335083,388.70001220703125,1.909999966621399,1.0920000076293945,1256.0999755859375,520.3125,2.0289063453674316,1.0741031169891357,1306.0
2026-09-11T20:32:00.000+08:00,14.085670471191406,17.623313903808594,9.3056640625,2.2595438957214355,0.47531718015670776,388.3999938964844,1.8969999551773071,1.0859999656677246,1256.0999755859375,520.3125,2.0289063453674316,1.0697964429855347,1306.0
2026-09-11T20:33:00.000+08:00,14.29170036315918,17.522186279296875,9.347412109375,2.2593443393707275,0.4806704521179199,388.1000061035156,1.8910000324249268,1.0740000009536743,1256.199951171875,520.3125,2.0289063453674316,1.0661627054214478,1306.0
2026-09-11T20:34:00.000+08:00,14.434455871582031,nan,nan,2.3868770599365234,0.4575015902519226,387.6000061035156,1.906999945640564,1.0829999446868896,1256.199951171875,520.3125,2.0289063453674316,1.065220594406128,1306.0
2026-09-11T20:35:00.000+08:00,14.327632904052734,17.44195556640625,9.3056640625,2.2856485843658447,0.473826140165329,387.79998779296875,1.8980000019073486,1.0829999446868896,1256.199951171875,520.3125,2.0289063453674316,1.0636056661605835,1306.0
2026-09-11T20:36:00.000+08:00,14.389225959777832,17.587989807128906,9.284912109375,2.311913013458252,0.4671455919742584,387.5,1.8910000324249268,1.0800000429153442,1256.199951171875,520.3125,2.0289063453674316,1.0714114904403687,1306.0
2026-09-11T20:37:00.000+08:00,13.93818187713623,17.348297119140625,9.3056640625,2.2075083255767822,0.4865213930606842,387.70001220703125,1.8799999952316284,1.0740000009536743,1256.199951171875,520.3125,2.0289063453674316,1.0706039667129517,1306.0
2026-09-11T20:38:00.000+08:00,nan,17.639259338378906,9.395751953125,nan,nan,387.79998779296875,1.8799999952316284,1.0740000009536743,1256.300048828125,520.3125,2.0289063453674316,1.063201904296875,1306.0
2026-09-11T20:39:00.000+08:00,13.643238067626953,17.227989196777344,9.375,2.1958651542663574,0.49081914126873016,387.70001220703125,1.878000020980835,1.0740000009536743,1256.300048828125,520.3125,2.0289063453674316,1.0656243562698364,1306.0
2026-09-11T20:40:00.000+08:00,14.342748641967773,17.7347412109375,9.347412109375,2.3948416709899902,0.45096924901008606,387.79998779296875,1.875,1.0709999799728394,1256.300048828125,520.3125,2.0289063453674316,1.073161005973816,1306.0
2026-09-11T20:41:00.000+08:00,0.0,17.582374572753906,9.3681640625,0.0, +inf,387.8999938964844,1.8890000581741333,1.0829999446868896,1256.300048828125,520.3125,2.0289063453674316,1.0656243562698364,1306.0
2026-09-11T20:42:00.000+08:00,14.624198913574219,17.608016967773438,9.333251953125,2.412691831588745,0.45011964440345764,388.0,1.8849999904632568,1.0740000009536743,1256.300048828125,520.3125,2.0289063453674316,1.0677777528762817,1306.0
2026-09-11T20:43:00.000+08:00,8.394007682800293,17.471527099609375,9.298583984375,1.37052583694458,0.7858297228813171,388.0,1.8940000534057617,1.0709999799728394,1256.300048828125,520.3125,2.0289063453674316,1.064816951751709,1306.0
2026-09-11T20:44:00.000+08:00,13.901700973510742,17.39666748046875,9.395751953125,2.2552051544189453,0.4762316346168518,388.0,1.8869999647140503,1.0800000429153442,1256.4000244140625,520.3125,2.0289063453674316,1.0606448650360107,1306.0
2026-09-11T20:45:00.000+08:00,13.473204612731934,17.719451904296875,9.40283203125,2.191835403442383,0.49000030755996704,387.79998779296875,1.8930000066757202,1.0829999446868896,1256.4000244140625,520.3125,2.0289063453674316,1.062394380569458,1306.0
2026-09-11T20:46:00.000+08:00,6.129973411560059,17.605117797851562,9.347412109375,0.9822018146514893,1.1056790351867676,388.0,1.8819999694824219,1.0740000009536743,1256.4000244140625,520.3125,2.0289063453674316,1.071142315864563,1306.0
2026-09-11T20:47:00.000+08:00,14.82410717010498,17.49835968017578,9.326416015625,2.384565591812134,0.4554288387298584,388.1000061035156,1.9010000228881836,1.0800000429153442,1256.4000244140625,520.3125,2.0289063453674316,1.0681815147399902,1306.0
2026-09-11T20:48:00.000+08:00,14.373249053955078,17.535797119140625,9.382080078125,2.3300418853759766,0.4660860300064087,388.20001220703125,1.8849999904632568,1.0770000219345093,1256.4000244140625,520.3125,2.0289063453674316,1.0673739910125732,1306.0
2026-09-11T20:49:00.000+08:00,14.157463073730469,17.704116821289062,9.451416015625,2.2332816123962402,0.4822499752044678,388.79998779296875,1.8949999809265137,1.0889999866485596,1256.5,520.3125,2.0289063453674316,1.071142315864563,1306.0
2026-09-11T20:50:00.000+08:00,0.0,17.48126983642578,9.423583984375,0.0, +inf,388.79998779296875,1.8930000066757202,1.0829999446868896,1256.5,520.3125,2.0289063453674316,1.0704693794250488,1306.0
2026-09-11T20:51:00.000+08:00,14.405030250549316,17.634239196777344,9.5556640625,2.3194262981414795,0.46692582964897156,388.79998779296875,1.8960000276565552,1.0829999446868896,1256.5,520.3125,2.0289063453674316,1.0716805458068848,1306.0
2026-09-11T20:52:00.000+08:00,0.0,17.497756958007812,9.4306640625,0.0, +inf,388.8999938964844,1.8940000534057617,1.0829999446868896,1256.5,520.3125,2.0289063453674316,1.0754488706588745,1306.0
2026-09-11T20:53:00.000+08:00,14.611940383911133,17.388351440429688,9.520751953125,2.3367741107940674,0.46602708101272583,389.0,1.8890000581741333,1.0829999446868896,1256.5,520.3125,2.0289063453674316,1.074641466140747,1306.0
2026-09-11T20:54:00.000+08:00,9.450394630432129,17.325599670410156,9.3125,1.4861817359924316,0.7327502369880676,389.1000061035156,1.8880000114440918,1.0770000219345093,1256.5,520.3125,2.0289063453674316,1.0770639181137085,1306.0
2026-09-11T20:55:00.000+08:00,14.394264221191406,17.546669006347656,9.319580078125,2.2860000133514404,0.4750656485557556,388.79998779296875,1.9179999828338623,1.0950000286102295,1256.5999755859375,520.3125,2.0289063453674316,1.074641466140747,1306.0
2026-09-11T20:56:00.000+08:00,4.692809581756592,17.384239196777344,9.520751953125,0.7420722842216492,1.4634692668914795,389.20001220703125,1.8969999551773071,1.0829999446868896,1256.5999755859375,520.3125,2.0289063453674316,1.0776022672653198,1306.0
2026-09-11T20:57:00.000+08:00,13.88348388671875,17.67908477783203,9.409912109375,2.206312417984009,0.49086427688598633,389.0,1.899999976158142,1.0859999656677246,1256.5999755859375,520.3125,2.0289063453674316,1.075045108795166,1306.0
2026-09-11T20:58:00.000+08:00,0.0,17.59796905517578,9.513916015625,0.0, +inf,389.0,1.8960000276565552,1.0920000076293945,1256.5999755859375,520.3125,2.067187547683716,1.0800247192382812,1306.0
2026-09-11T20:59:00.000+08:00,14.059520721435547,17.702049255371094,9.52783203125,2.2891483306884766,0.4770333170890808,389.1000061035156,1.909999966621399,1.0889999866485596,1256.5999755859375,520.3125,2.0289063453674316,1.0770639181137085,1306.0
2026-09-11T21:00:00.000+08:00,6.161933422088623,17.41785430908203,9.4931640625,1.0005476474761963,1.0854055881500244,389.20001220703125,1.9019999504089355,1.0859999656677246,1256.5999755859375,520.3125,2.067187547683716,1.0788134336471558,1306.0
2026-09-11T21:01:00.000+08:00,14.428156852722168,17.00127410888672,9.479248046875,2.300300121307373,0.4721123278141022,388.8999938964844,1.8949999809265137,1.0859999656677246,1256.699951171875,520.3125,2.067187547683716,1.0778714418411255,1306.0
2026-09-11T21:02:00.000+08:00,16.458709716796875,17.44733428955078,9.451416015625,2.5441174507141113,0.42922544479370117,388.70001220703125,1.9010000228881836,1.0829999446868896,1256.699951171875,520.3125,2.0289063453674316,1.068719744682312,1306.0
2026-09-11T21:03:00.000+08:00,0.0,17.45293426513672,9.451416015625,0.0, +inf,388.70001220703125,1.8960000276565552,1.0859999656677246,1256.699951171875,520.3125,2.0289063453674316,1.0741031169891357,1306.0
2026-09-11T21:04:00.000+08:00,15.488236427307129,18.018653869628906,10.569580078125,2.4714975357055664,0.4381958842277527,389.20001220703125,1.9199999570846558,1.0950000286102295,1256.699951171875,520.3125,2.0289063453674316,1.0792171955108643,1306.0
2026-09-11T21:05:00.000+08:00,8.772162437438965,18.508255004882812,10.6875,1.400599718093872,0.7775240540504456,389.29998779296875,1.9019999504089355,1.0859999656677246,1256.699951171875,520.3125,2.0289063453674316,1.0788134336471558,1306.0
2026-09-11T21:06:00.000+08:00,7.355874061584473,18.914886474609375,10.895751953125,1.133579134941101,0.9633204936981201,389.20001220703125,1.9129999876022339,1.0889999866485596,1256.800048828125,520.3125,2.0289063453674316,1.0662972927093506,1306.0
2026-09-11T21:07:00.000+08:00,7.191421985626221,18.920089721679688,10.8056640625,1.1052751541137695,0.9852750301361084,388.79998779296875,1.906999945640564,1.0859999656677246,1256.800048828125,520.3125,2.0289063453674316,1.0780060291290283,1306.0
2026-09-11T21:08:00.000+08:00,8.38773250579834,18.929046630859375,10.3125,1.3318099975585938,0.8086738586425781,387.6000061035156,1.8700000047683716,1.0770000219345093,1256.800048828125,520.3125,2.0289063453674316,1.067643165588379,1306.0
2026-09-11T21:09:00.000+08:00,9.161713600158691,18.98682403564453,9.673583984375,1.4764798879623413,0.7314695119857788,387.79998779296875,1.8880000114440918,1.0770000219345093,1256.800048828125,520.3125,2.0289063453674316,1.0618560314178467,1306.0
2026-09-11T21:10:00.000+08:00,9.828161239624023,18.842926025390625,9.604248046875,1.6714893579483032,0.6425407528877258,387.6000061035156,1.8739999532699585,1.0740000009536743,1256.800048828125,520.3125,2.0289063453674316,1.064816951751709,1306.0
2026-09-11T21:11:00.000+08:00,9.95554256439209,18.802879333496094,9.479248046875,1.8143415451049805,0.5919502973556519,387.79998779296875,1.8860000371932983,1.0770000219345093,1256.800048828125,520.3125,2.0289063453674316,1.0584914684295654,1307.0
2026-09-11T21:12:00.000+08:00,9.018210411071777,18.67725372314453,9.291748046875,1.6448642015457153,0.656589150428772,387.70001220703125,1.8839999437332153,1.0800000429153442,1256.9000244140625,520.3125,2.0289063453674316,1.0697964429855347,1307.0
2026-09-11T21:13:00.000+08:00,9.43946647644043,18.637481689453125,9.3681640625,1.7356162071228027,0.6188004016876221,387.70001220703125,1.8739999532699585,1.0740000009536743,1256.9000244140625,520.3125,2.0289063453674316,1.0684505701065063,1307.0
2026-09-11T21:14:00.000+08:00,8.595787048339844,18.57317352294922,9.222412109375,1.5899567604064941,0.6736032366752625,388.20001220703125,1.8880000114440918,1.0770000219345093,1256.9000244140625,520.3125,2.0289063453674316,1.0602411031723022,1307.0
2026-09-11T21:15:00.000+08:00,8.571502685546875,18.58649444580078,9.416748046875,1.577623963356018,0.686475396156311,388.1000061035156,1.8860000371932983,1.0859999656677246,1256.9000244140625,520.3125,2.0289063453674316,1.066028118133545,1307.0
2026-09-11T21:16:00.000+08:00,9.198415756225586,18.516624450683594,9.4375,1.7087682485580444,0.6320342421531677,388.3999938964844,1.8869999647140503,1.0829999446868896,1256.9000244140625,520.3125,2.0289063453674316,1.0673739910125732,1307.0
2026-09-11T21:17:00.000+08:00,8.958763122558594,18.618629455566406,9.513916015625,1.6096296310424805,0.6672342419624329,388.0,1.8890000581741333,1.0829999446868896,1257.0,520.3125,2.0289063453674316,1.0634710788726807,1307.0
2026-09-11T21:18:00.000+08:00,8.26930046081543,18.468521118164062,9.576416015625,1.484915852546692,0.7293342351913452,388.3999938964844,1.8990000486373901,1.0889999866485596,1257.0,520.3125,2.0289063453674316,1.0755834579467773,1307.0
2026-09-11T21:19:00.000+08:00,8.48583984375,18.382186889648438,9.576416015625,1.5146023035049438,0.7090970277786255,388.20001220703125,1.8960000276565552,1.0859999656677246,1257.0,520.3125,2.0289063453674316,1.0626635551452637,1307.0
2026-09-11T21:20:00.000+08:00,9.222789764404297,18.59588623046875,9.645751953125,1.6107780933380127,0.6760707497596741,387.5,1.875,1.0709999799728394,1257.0,520.3125,2.0289063453674316,1.0656243562698364,1307.0
2026-09-11T21:21:00.000+08:00,9.04477596282959,18.391868591308594,9.632080078125,1.6020008325576782,0.6685389876365662,387.70001220703125,1.86899995803833,1.0740000009536743,1257.0,520.3125,2.0289063453674316,1.0684505701065063,1307.0
2026-09-11T21:22:00.000+08:00,9.836653709411621,18.27184295654297,9.638916015625,1.738793969154358,0.6176695227622986,388.20001220703125,1.8880000114440918,1.0829999446868896,1257.0,520.3125,2.0289063453674316,1.0692580938339233,1307.0
2026-09-11T21:23:00.000+08:00,10.42398738861084,18.16046905517578,9.513916015625,1.8188526630401611,0.5904821157455444,388.20001220703125,1.8849999904632568,1.0829999446868896,1257.0999755859375,520.3125,2.0289063453674316,1.0680469274520874,1307.0
2026-09-11T21:24:00.000+08:00,10.071027755737305,18.373001098632812,9.58349609375,1.733696699142456,0.6264071464538574,388.0,1.88100004196167,1.0800000429153442,1257.0999755859375,520.3125,2.0289063453674316,1.0592989921569824,1307.0
2026-09-11T21:25:00.000+08:00,10.830154418945312,18.27513885498047,9.444580078125,1.8552907705307007,0.5821189880371094,388.3999938964844,1.8880000114440918,1.0800000429153442,1257.0999755859375,520.3125,2.0289063453674316,1.0714114904403687,1307.0
2026-09-11T21:26:00.000+08:00,10.102274894714355,18.297874450683594,9.444580078125,1.739176869392395,0.6244333386421204,388.6000061035156,1.8940000534057617,1.0950000286102295,1257.0999755859375,520.3125,2.0289063453674316,1.0697964429855347,1307.0
2026-09-11T21:27:00.000+08:00,10.212348937988281,18.2645263671875,9.513916015625,1.7936718463897705,0.6021168231964111,388.29998779296875,1.88100004196167,1.0829999446868896,1257.0999755859375,520.3125,2.0289063453674316,1.0664318799972534,1307.0
2026-09-11T21:28:00.000+08:00,9.810654640197754,18.292808532714844,9.597412109375,1.7102227210998535,0.6297425627708435,388.5,1.871999979019165,1.0800000429153442,1257.199951171875,520.3125,2.0289063453674316,1.0644131898880005,1307.0
2026-09-11T21:29:00.000+08:00,9.811518669128418,18.15929412841797,9.513916015625,1.695293664932251,0.6423665881156921,388.3999938964844,1.8700000047683716,1.0740000009536743,1257.199951171875,520.3125,2.0289063453674316,1.063201904296875,1307.0
2026-09-11T21:30:00.000+08:00,10.499433517456055,18.212364196777344,9.6181640625,1.8270090818405151,0.5944141149520874,388.5,1.871999979019165,1.0770000219345093,1257.199951171875,520.3125,2.0289063453674316,1.0685851573944092,1307.0
2026-09-11T21:31:00.000+08:00,10.442715644836426,18.223548889160156,9.520751953125,1.8371617794036865,0.5878633260726929,388.3999938964844,1.878999948501587,1.0770000219345093,1257.199951171875,520.3125,2.0289063453674316,1.0669702291488647,1307.0
2026-09-11T21:32:00.000+08:00,10.596671104431152,18.248023986816406,9.507080078125,1.8230810165405273,0.5989859700202942,388.3999938964844,1.8760000467300415,1.0859999656677246,1257.199951171875,520.3125,2.0289063453674316,1.0714114904403687,1307.0
2026-09-11T21:33:00.000+08:00,10.960925102233887,nan,nan,1.8777391910552979,0.5799527764320374,388.6000061035156,1.8680000305175781,1.0740000009536743,1257.199951171875,520.3125,2.0289063453674316,1.0706039667129517,1307.0
2026-09-11T21:34:00.000+08:00,10.490324020385742,18.292980194091797,9.607666015625,1.7772903442382812,0.6127305030822754,388.29998779296875,1.86899995803833,1.0770000219345093,1257.300048828125,520.3125,2.0289063453674316,1.064009428024292,1307.0
2026-09-11T21:35:00.000+08:00,10.9209566116333,18.204360961914062,9.659912109375,1.8653656244277954,0.582191526889801,388.20001220703125,1.8619999885559082,1.0770000219345093,1257.300048828125,520.3125,2.0289063453674316,1.0689889192581177,1307.0
2026-09-11T21:36:00.000+08:00,10.868363380432129,18.22882843017578,9.65283203125,1.84858238697052,0.5858543515205383,388.1000061035156,1.8799999952316284,1.0829999446868896,1257.300048828125,520.3125,2.0289063453674316,1.065220594406128,1307.0
2026-09-11T21:37:00.000+08:00,nan,18.186691284179688,9.576416015625,nan,nan,388.1000061035156,1.8680000305175781,1.0740000009536743,1257.300048828125,520.3125,2.0289063453674316,1.0626635551452637,1307.0
2026-09-11T21:38:00.000+08:00,10.6065993309021,18.140701293945312,9.632080078125,1.7858514785766602,0.6012872457504272,388.29998779296875,1.8769999742507935,1.0859999656677246,1257.300048828125,520.3125,2.0289063453674316,1.0626635551452637,1307.0
2026-09-11T21:39:00.000+08:00,11.117191314697266,18.057907104492188,9.645751953125,1.8810805082321167,0.5709484815597534,388.20001220703125,1.88100004196167,1.0829999446868896,1257.4000244140625,520.3125,2.0289063453674316,1.065220594406128,1307.0
2026-09-11T21:40:00.000+08:00,11.289803504943848,18.16162109375,9.5625,1.9260820150375366,0.5576086640357971,387.79998779296875,1.8669999837875366,1.0740000009536743,1257.4000244140625,520.3125,2.0289063453674316,1.0598373413085938,1307.0
2026-09-11T21:41:00.000+08:00,10.278759956359863,18.206443786621094,9.5556640625,1.6874455213546753,0.63290935754776,388.0,1.8580000400543213,1.0800000429153442,1257.4000244140625,520.3125,2.0289063453674316,1.0598373413085938,1307.0
2026-09-11T21:42:00.000+08:00,10.932696342468262,18.158958435058594,9.722412109375,1.8714203834533691,0.5754987001419067,388.29998779296875,1.8630000352859497,1.0800000429153442,1257.4000244140625,520.3125,2.0289063453674316,1.0689889192581177,1307.0
2026-09-11T21:43:00.000+08:00,10.9965238571167,18.109474182128906,9.5556640625,1.895984411239624,0.5648780465126038,388.1000061035156,1.871000051498413,1.0800000429153442,1257.4000244140625,520.3125,2.0289063453674316,1.0618560314178467,1307.0
2026-09-11T21:44:00.000+08:00,11.15566349029541,18.013954162597656,9.59033203125,1.893301248550415,0.565678596496582,387.5,1.8739999532699585,1.0800000429153442,1257.4000244140625,520.3125,2.0289063453674316,1.0634710788726807,1307.0
2026-09-11T21:45:00.000+08:00,10.419855117797852,18.233802795410156,9.6806640625,1.731363296508789,0.6255186200141907,387.70001220703125,1.875,1.0800000429153442,1257.5,520.3125,2.0289063453674316,1.0642786026000977,1307.0
2026-09-11T21:46:00.000+08:00,10.79906940460205,18.17432403564453,9.6806640625,1.8301445245742798,0.5835604667663574,387.79998779296875,1.8609999418258667,1.0679999589920044,1257.5,520.3125,2.0289063453674316,1.0592989921569824,1307.0
2026-09-11T21:47:00.000+08:00,10.681660652160645,18.173675537109375,9.71533203125,1.80351722240448,0.5888493657112122,387.70001220703125,1.878999948501587,1.0829999446868896,1257.5,516.796875,2.0289063453674316,1.0580878257751465,1307.0
2026-09-11T21:48:00.000+08:00,10.498015403747559,18.198211669921875,9.65283203125,1.7779942750930786,0.6006768345832825,387.20001220703125,1.8609999418258667,1.065000057220459,1257.5,516.796875,2.0289063453674316,1.0592989921569824,1307.0
2026-09-11T21:49:00.000+08:00,10.455476760864258,18.1536865234375,9.611083984375,1.7658342123031616,0.608211100101471,387.29998779296875,1.8890000581741333,1.0859999656677246,1257.5,516.796875,2.0289063453674316,1.0571457147598267,1307.0
2026-09-11T21:50:00.000+08:00,10.588981628417969,18.151031494140625,9.6806640625,1.8004889488220215,0.598170816898346,387.3999938964844,1.871000051498413,1.0770000219345093,1257.5999755859375,516.796875,2.0289063453674316,1.0579532384872437,1307.0
2026-09-11T21:51:00.000+08:00,10.684840202331543,18.199020385742188,9.576416015625,1.830491065979004,0.5834499597549438,387.6000061035156,1.8700000047683716,1.065000057220459,1257.5999755859375,516.796875,2.0289063453674316,1.0621252059936523,1307.0
2026-09-11T21:52:00.000+08:00,10.7422456741333,18.06110382080078,9.569580078125,1.7971991300582886,0.5975965261459351,387.79998779296875,1.8819999694824219,1.0829999446868896,1257.5999755859375,516.796875,2.0289063453674316,1.0618560314178467,1307.0
2026-09-11T21:53:00.000+08:00,10.899125099182129,18.026031494140625,9.645751953125,1.848228096961975,0.5810970664024353,387.70001220703125,1.8639999628067017,1.0740000009536743,1257.5999755859375,516.796875,2.0289063453674316,1.0700656175613403,1307.0
2026-09-11T21:54:00.000+08:00,10.905839920043945,18.187294006347656,9.5,1.8126906156539917,0.5924894213676453,387.79998779296875,1.8630000352859497,1.0679999589920044,1257.5999755859375,516.796875,2.0289063453674316,1.061317801475525,1307.0
2026-09-11T21:55:00.000+08:00,9.966238975524902,18.200584411621094,9.6875,1.6592068672180176,0.6436810493469238,388.1000061035156,1.8769999742507935,1.0829999446868896,1257.5999755859375,520.3125,2.0289063453674316,1.0684505701065063,1307.0
2026-09-11T21:56:00.000+08:00,10.296916007995605,18.29631805419922,9.625,1.7446988821029663,0.6172984838485718,388.0,1.8819999694824219,1.0829999446868896,1257.699951171875,520.3125,2.0289063453674316,1.0610486268997192,1307.0
2026-09-11T21:57:00.000+08:00,10.424623489379883,18.166404724121094,9.6181640625,1.7423434257507324,0.6146893501281738,387.79998779296875,1.8669999837875366,1.0709999799728394,1257.699951171875,516.796875,2.0289063453674316,1.065086007118225,1307.0
2026-09-11T21:58:00.000+08:00,11.196799278259277,18.000389099121094,9.659912109375,1.937147617340088,0.5575207471847534,387.3999938964844,1.8799999952316284,1.0800000429153442,1257.699951171875,516.796875,2.0289063453674316,1.0567419528961182,1307.0
2026-09-11T21:59:00.000+08:00,11.017780303955078,18.157806396484375,9.666748046875,1.8482885360717773,0.5875706076622009,387.5,1.8869999647140503,1.0829999446868896,1257.699951171875,516.796875,2.0289063453674316,1.0679123401641846,1307.0
2026-09-11T22:00:00.000+08:00,10.916762351989746,18.214080810546875,9.701416015625,1.8331369161605835,0.589154064655304,387.5,1.871000051498413,1.0829999446868896,1257.699951171875,516.796875,2.0289063453674316,1.0592989921569824,1307.0
2026-09-11T22:01:00.000+08:00,10.626702308654785,18.1976318359375,9.673583984375,1.8143812417984009,0.5985511541366577,387.29998779296875,0.0,0.0,1257.699951171875,nan,nan,nan,65536.0
2026-09-11T22:02:00.000+08:00,0.0,18.21588134765625,9.6875,0.0,nan,388.0,0.0,0.0,1257.699951171875,nan,nan,nan,65536.0
2026-09-11T22:03:00.000+08:00,0.0,18.156394958496094,9.8056640625,0.0,nan,387.8999938964844,0.0,0.0,1257.699951171875,nan,nan,nan,65536.0
2026-09-11T22:04:00.000+08:00,0.0,18.223777770996094,9.784912109375,0.0,nan,387.8999938964844,0.0,0.0,1257.699951171875,nan,nan,nan,65536.0
2026-09-11T22:05:00.000+08:00,0.0,18.26397705078125,9.979248046875,0.0,nan,387.70001220703125,0.0,0.0,1257.699951171875,nan,nan,nan,65536.0
2026-09-11T22:06:00.000+08:00,0.0,18.229782104492188,9.861083984375,0.0,nan,388.0,0.0,0.0,1257.699951171875,nan,nan,nan,65536.0
2026-09-11T22:07:00.000+08:00,0.0,18.24683380126953,9.923583984375,0.0,nan,387.29998779296875,0.0,0.0,1257.699951171875,nan,nan,nan,65536.0
2026-09-11T22:08:00.000+08:00,0.0,18.269439697265625,10.034912109375,0.0,nan,387.3999938964844,0.0,0.0,1257.699951171875,nan,nan,nan,65536.0
2026-09-11T22:09:00.000+08:00,0.0,18.214996337890625,9.895751953125,0.0,nan,387.6000061035156,0.0,0.0,1257.699951171875,nan,nan,nan,65536.0
2026-09-11T22:10:00.000+08:00,0.0,18.298660278320312,10.069580078125,0.0,nan,388.0,0.0,0.0,1257.699951171875,nan,nan,nan,65536.0
2026-09-11T22:11:00.000+08:00,0.0,18.360130310058594,9.944580078125,0.0,nan,387.79998779296875,0.0,0.0,1257.699951171875,nan,nan,nan,65536.0
2026-09-11T22:12:00.000+08:00,0.0,18.251380920410156,10.0625,0.0,nan,387.6000061035156,0.0,0.0,1257.699951171875,nan,nan,nan,65536.0
2026-09-11T22:13:00.000+08:00,0.0,18.35186767578125,10.0625,0.0,nan,387.70001220703125,0.0,0.0,1257.699951171875,nan,nan,nan,65536.0
2026-09-11T22:14:00.000+08:00,0.0,18.286346435546875,10.138916015625,0.0,nan,387.3999938964844,0.0,0.0,1257.699951171875,nan,nan,nan,65536.0
2026-09-11T22:15:00.000+08:00,0.0,18.25495147705078,10.1806640625,0.0,nan,387.3999938964844,0.0,0.0,1257.699951171875,nan,nan,nan,65536.0
2026-09-11T22:16:00.000+08:00,0.0,18.351112365722656,10.1875,0.0,nan,387.5,0.0,0.0,1257.699951171875,nan,nan,nan,65536.0
2026-09-11T22:17:00.000+08:00,0.0,18.29712677001953,10.25,0.0,nan,387.29998779296875,0.0,0.0,1257.699951171875,nan,nan,nan,65536.0
2026-09-11T22:18:00.000+08:00,0.0,18.343177795410156,10.2431640625,0.0,nan,387.79998779296875,0.0,0.0,1257.699951171875,nan,nan,nan,65536.0
2026-09-11T22:19:00.000+08:00,0.0,18.373077392578125,10.2431640625,0.0,nan,388.29998779296875,0.0,0.0,1257.699951171875,nan,nan,nan,65536.0
2026-09-11T22:20:00.000+08:00,0.0,18.280555725097656,10.263916015625,0.0,nan,387.79998779296875,0.0,0.0,1257.699951171875,nan,nan,nan,65536.0
2026-09-11T22:21:00.000+08:00,0.0,18.33330535888672,10.333251953125,0.0,nan,387.5,0.0,0.0,1257.699951171875,nan,nan,nan,65536.0
2026-09-11T22:22:00.000+08:00,0.0,18.28166961669922,10.326416015625,0.0,nan,387.79998779296875,0.0,0.0,1257.699951171875,nan,nan,nan,65536.0
2026-09-11T22:23:00.000+08:00,0.0,18.318023681640625,10.33349609375,0.0,nan,388.0,0.0,0.0,1257.699951171875,nan,nan,nan,65536.0
2026-09-11T22:24:00.000+08:00,0.0,18.34795379638672,10.34033203125,0.0,nan,388.0,0.0,0.0,1257.699951171875,nan,nan,nan,65536.0
2026-09-11T22:25:00.000+08:00,0.0,18.270065307617188,10.416748046875,0.0,nan,387.79998779296875,0.0,0.0,1257.699951171875,nan,nan,nan,65536.0
2026-09-11T22:26:00.000+08:00,0.0,18.48523712158203,10.423583984375,0.0,nan,387.0,0.0,0.0,1257.699951171875,nan,nan,nan,65536.0
2026-09-11T22:27:00.000+08:00,0.0,18.489395141601562,10.507080078125,0.0,nan,387.5,0.0,0.0,1257.699951171875,nan,nan,nan,65536.0
2026-09-11T22:28:00.000+08:00,0.0,18.492050170898438,10.52099609375,0.0,nan,387.1000061035156,0.0,0.0,1257.699951171875,nan,nan,nan,65536.0
2026-09-11T22:29:00.000+08:00,0.0,18.473495483398438,10.513916015625,0.0,nan,387.29998779296875,0.0,0.0,1257.699951171875,nan,nan,nan,65536.0
2026-09-11T22:30:00.000+08:00,0.0,18.3985595703125,10.507080078125,0.0,nan,388.20001220703125,0.0,0.0,1257.699951171875,nan,nan,nan,65536.0
2026-09-11T22:31:00.000+08:00,0.0,18.452972412109375,10.5556640625,0.0,nan,387.6000061035156,0.0,0.0,1257.699951171875,nan,nan,nan,65536.0
2026-09-11T22:32:00.000+08:00,0.0,nan,nan,0.0,nan,387.5,0.0,0.0,1257.699951171875,nan,nan,nan,65536.0
2026-09-11T22:33:00.000+08:00,0.0,18.414695739746094,10.7327880859375,0.0,nan,387.6000061035156,0.0,0.0,1257.699951171875,nan,nan,nan,65536.0
2026-09-11T22:34:00.000+08:00,0.0,18.484939575195312,10.6806640625,0.0,nan,388.20001220703125,0.0,0.0,1257.699951171875,nan,nan,nan,65536.0
2026-09-11T22:35:00.000+08:00,0.0,18.402809143066406,10.8056640625,0.0,nan,387.29998779296875,0.0,0.0,1257.699951171875,nan,nan,nan,65536.0
2026-09-11T22:36:00.000+08:00,nan,18.494354248046875,10.757080078125,nan,nan,387.5,0.0,0.0,1257.699951171875,nan,nan,nan,65536.0
2026-09-11T22:37:00.000+08:00,0.0,18.396194458007812,10.791748046875,0.0,nan,387.70001220703125,0.0,0.0,1257.699951171875,nan,nan,nan,65536.0
2026-09-11T22:38:00.000+08:00,0.0,18.424285888671875,10.736083984375,0.0,nan,387.6000061035156,0.0,0.0,1257.699951171875,nan,nan,nan,65536.0
2026-09-11T22:39:00.000+08:00,0.0,18.387283325195312,10.8681640625,0.0,nan,387.79998779296875,0.0,0.0,1257.699951171875,nan,nan,nan,65536.0
2026-09-11T22:40:00.000+08:00,0.0,18.487396240234375,10.84033203125,0.0,nan,387.8999938964844,0.0,0.0,1257.699951171875,nan,nan,nan,65536.0
2026-09-11T22:41:00.000+08:00,0.0,18.510452270507812,10.9931640625,0.0,nan,388.0,0.0,0.0,1257.699951171875,nan,nan,nan,65536.0
2026-09-11T22:42:00.000+08:00,0.0,18.556869506835938,10.986083984375,0.0,nan,387.8999938964844,0.0,0.0,1257.699951171875,nan,nan,nan,65536.0
2026-09-11T22:43:00.000+08:00,0.0,18.59088897705078,10.895751953125,0.0,nan,388.3999938964844,0.0,0.0,1257.699951171875,nan,nan,nan,65536.0
2026-09-11T22:44:00.000+08:00,0.0,18.440155029296875,10.888916015625,0.0,nan,388.5,0.0,0.0,1257.699951171875,nan,nan,nan,65536.0
2026-09-11T22:45:00.000+08:00,0.0,18.50658416748047,10.9306640625,0.0,nan,388.8999938964844,0.0,0.0,1257.699951171875,nan,nan,nan,65536.0
2026-09-11T22:46:00.000+08:00,0.0,18.520057678222656,11.1181640625,0.0,nan,388.8999938964844,0.0,0.0,1257.699951171875,nan,nan,nan,65536.0
2026-09-11T22:47:00.000+08:00,0.0,18.536720275878906,11.020751953125,0.0,nan,389.1000061035156,0.0,0.0,1257.699951171875,nan,nan,nan,65536.0
2026-09-11T22:48:00.000+08:00,0.0,18.584144592285156,11.111083984375,0.0,nan,389.0,0.0,0.0,1257.699951171875,nan,nan,nan,65536.0
2026-09-11T22:49:00.000+08:00,0.0,18.611473083496094,11.076416015625,0.0,nan,388.5,0.0,0.0,1257.699951171875,nan,nan,nan,65536.0
2026-09-11T22:50:00.000+08:00,0.0,18.525611877441406,11.132080078125,0.0,nan,389.20001220703125,0.0,0.0,1257.699951171875,nan,nan,nan,65536.0
2026-09-11T22:51:00.000+08:00,0.0,18.533905029296875,11.229248046875,0.0,nan,389.29998779296875,0.0,0.0,1257.699951171875,nan,nan,nan,65536.0
2026-09-11T22:52:00.000+08:00,0.0,18.57440185546875,11.1875,0.0,nan,389.29998779296875,0.0,0.0,1257.699951171875,nan,nan,nan,65536.0
2026-09-11T22:53:00.000+08:00,0.0,18.543212890625,11.194580078125,0.0,nan,389.20001220703125,0.0,0.0,1257.699951171875,nan,nan,nan,65536.0
2026-09-11T22:54:00.000+08:00,0.0,18.521743774414062,11.257080078125,0.0,nan,389.0,0.0,0.0,1257.699951171875,nan,nan,nan,65536.0
2026-09-11T22:55:00.000+08:00,0.0,18.529685974121094,11.284912109375,0.0,nan,389.29998779296875,0.0,0.0,1257.699951171875,nan,nan,nan,65536.0
2026-09-11T22:56:00.000+08:00,0.0,18.53046417236328,11.333251953125,0.0,nan,389.29998779296875,0.0,0.0,1257.699951171875,nan,nan,nan,65536.0
2026-09-11T22:57:00.000+08:00,0.0,18.53582763671875,11.291748046875,0.0,nan,388.8999938964844,0.0,0.0,1257.699951171875,nan,nan,nan,65536.0
2026-09-11T22:58:00.000+08:00,0.0,18.65178680419922,11.451416015625,0.0,nan,389.1000061035156,0.0,0.0,1257.699951171875,nan,nan,nan,65536.0
2026-09-11T22:59:00.000+08:00,0.0,18.58690643310547,11.486083984375,0.0,nan,388.8999938964844,0.0,0.0,1257.699951171875,nan,nan,nan,65536.0
2026-09-11T23:00:00.000+08:00,0.0,18.518577575683594,11.423583984375,0.0,nan,388.70001220703125,0.0,0.0,1257.699951171875,nan,nan,nan,65536.0
2026-09-11T23:01:00.000+08:00,0.0,18.727272033691406,11.569580078125,0.0,nan,389.0,0.0,0.0,1257.699951171875,nan,nan,nan,65536.0
2026-09-11T23:02:00.000+08:00,0.0,18.647666931152344,11.52783203125,0.0,nan,389.0,0.0,0.0,1257.699951171875,nan,nan,nan,65536.0
2026-09-11T23:03:00.000+08:00,0.0,18.635574340820312,11.513916015625,0.0,nan,388.8999938964844,0.0,0.0,1257.699951171875,nan,nan,nan,65536.0
2026-09-11T23:04:00.000+08:00,0.0,18.636276245117188,11.6181640625,0.0,nan,388.79998779296875,0.0,0.0,1257.699951171875,nan,nan,nan,65536.0
2026-09-11T23:05:00.000+08:00,0.0,18.69928741455078,11.5625,0.0,nan,388.70001220703125,0.0,0.0,1257.699951171875,nan,nan,nan,65536.0
2026-09-11T23:06:00.000+08:00,0.0,18.71161651611328,11.569580078125,0.0,nan,388.29998779296875,0.0,0.0,1257.699951171875,nan,nan,nan,65536.0
2026-09-11T23:07:00.000+08:00,0.0,18.635406494140625,11.70849609375,0.0,nan,388.6000061035156,0.0,0.0,1257.699951171875,nan,nan,nan,65536.0
2026-09-11T23:08:00.000+08:00,0.0,18.640457153320312,11.71533203125,0.0,nan,388.70001220703125,0.0,0.0,1257.699951171875,nan,nan,nan,65536.0
2026-09-11T23:09:00.000+08:00,0.0,18.6824951171875,11.722412109375,0.0,nan,388.29998779296875,0.0,0.0,1257.699951171875,nan,nan,nan,65536.0
2026-09-11T23:10:00.000+08:00,0.0,18.686065673828125,11.701416015625,0.0,nan,388.6000061035156,0.0,0.0,1257.699951171875,nan,nan,nan,65536.0
2026-09-11T23:11:00.000+08:00,0.0,18.735321044921875,11.736083984375,0.0,nan,388.70001220703125,0.0,0.0,1257.699951171875,nan,nan,nan,65536.0
2026-09-11T23:12:00.000+08:00,0.0,18.666305541992188,11.8681640625,0.0,nan,388.70001220703125,0.0,0.0,1257.699951171875,nan,nan,nan,65536.0
2026-09-11T23:13:00.000+08:00,0.0,18.748748779296875,11.895751953125,0.0,nan,388.8999938964844,0.0,0.0,1257.699951171875,nan,nan,nan,65536.0
2026-09-11T23:14:00.000+08:00,0.0,18.70087432861328,11.75,0.0,nan,389.20001220703125,0.0,0.0,1257.699951171875,nan,nan,nan,65536.0
2026-09-11T23:15:00.000+08:00,0.0,18.730018615722656,11.847412109375,0.0,nan,389.1000061035156,0.0,0.0,1257.699951171875,nan,nan,nan,65536.0
2026-09-11T23:16:00.000+08:00,0.0,18.64928436279297,11.875,0.0,nan,388.8999938964844,0.0,0.0,1257.699951171875,nan,nan,nan,65536.0
2026-09-11T23:17:00.000+08:00,0.0,18.695289611816406,11.944580078125,0.0,nan,388.6000061035156,0.0,0.0,1257.699951171875,nan,nan,nan,65536.0
2026-09-11T23:18:00.000+08:00,0.0,18.699554443359375,11.958251953125,0.0,nan,388.70001220703125,0.0,0.0,1257.699951171875,nan,nan,nan,65536.0
2026-09-11T23:19:00.000+08:00,0.0,18.745956420898438,11.84033203125,0.0,nan,388.1000061035156,0.0,0.0,1257.699951171875,nan,nan,nan,65536.0
2026-09-11T23:20:00.000+08:00,0.0,18.62957000732422,12.0556640625,0.0,nan,388.0,0.0,0.0,1257.699951171875,nan,nan,nan,65536.0
2026-09-11T23:21:00.000+08:00,0.0,18.693283081054688,12.013916015625,0.0,nan,387.8999938964844,0.0,0.0,1257.699951171875,nan,nan,nan,65536.0
2026-09-11T23:22:00.000+08:00,0.0,18.87273406982422,12.09033203125,0.0,nan,388.20001220703125,0.0,0.0,1257.699951171875,nan,nan,nan,65536.0
2026-09-11T23:23:00.000+08:00,0.0,18.6414794921875,12.0556640625,0.0,nan,388.70001220703125,0.0,0.0,1257.699951171875,nan,nan,nan,65536.0
2026-09-11T23:24:00.000+08:00,0.0,18.776885986328125,12.1806640625,0.0,nan,388.70001220703125,0.0,0.0,1257.699951171875,nan,nan,nan,65536.0
2026-09-11T23:25:00.000+08:00,0.0,18.82660675048828,12.138916015625,0.0,nan,389.29998779296875,0.0,0.0,1257.699951171875,nan,nan,nan,65536.0
2026-09-11T23:26:00.000+08:00,0.0,18.678451538085938,12.125,0.0,nan,389.20001220703125,0.0,0.0,1257.699951171875,nan,nan,nan,65536.0
2026-09-11T23:27:00.000+08:00,0.0,18.758705139160156,12.1806640625,0.0,nan,388.6000061035156,0.0,0.0,1257.699951171875,nan,nan,nan,65536.0
2026-09-11T23:28:00.000+08:00,0.0,18.760391235351562,12.222412109375,0.0,nan,388.20001220703125,0.0,0.0,1257.699951171875,nan,nan,nan,65536.0
2026-09-11T23:29:00.000+08:00,0.0,18.782012939453125,12.2431640625,0.0,nan,388.6000061035156,0.0,0.0,1257.699951171875,nan,nan,nan,65536.0
2026-09-11T23:30:00.000+08:00,0.0,nan,nan,0.0,nan,388.79998779296875,0.0,0.0,1257.699951171875,nan,nan,nan,65536.0
2026-09-11T23:31:00.000+08:00,0.0,18.829010009765625,12.288330078125,0.0,nan,389.3999938964844,0.0,0.0,1257.699951171875,nan,nan,nan,65536.0
2026-09-11T23:32:00.000+08:00,0.0,18.84400177001953,12.263916015625,0.0,nan,389.3999938964844,0.0,0.0,1257.699951171875,nan,nan,nan,65536.0
2026-09-11T23:33:00.000+08:00,0.0,18.86882781982422,12.3125,0.0,nan,389.6000061035156,0.0,0.0,1257.699951171875,nan,nan,nan,65536.0
2026-09-11T23:34:00.000+08:00,0.0,18.773223876953125,12.3681640625,0.0,nan,389.8999938964844,0.0,0.0,1257.699951171875,nan,nan,nan,65536.0
2026-09-11T23:35:00.000+08:00,nan,18.779808044433594,12.382080078125,nan,nan,390.20001220703125,0.0,0.0,1257.699951171875,nan,nan,nan,65536.0
2026-09-11T23:36:00.000+08:00,0.0,18.86742401123047,12.40283203125,0.0,nan,390.1000061035156,0.0,0.0,1257.699951171875,nan,nan,nan,65536.0
2026-09-11T23:37:00.000+08:00,0.0,18.85608673095703,12.40283203125,0.0,nan,390.20001220703125,0.0,0.0,1257.699951171875,nan,nan,nan,65536.0
2026-09-11T23:38:00.000+08:00,0.0,18.801231384277344,12.444580078125,0.0,nan,389.5,0.0,0.0,1257.699951171875,nan,nan,nan,65536.0
2026-09-11T23:39:00.000+08:00,0.0,18.787750244140625,12.541748046875,0.0,nan,389.70001220703125,0.0,0.0,1257.699951171875,nan,nan,nan,65536.0
2026-09-11T23:40:00.000+08:00,0.0,18.79261016845703,12.534912109375,0.0,nan,389.6000061035156,0.0,0.0,1257.699951171875,nan,nan,nan,65536.0
2026-09-11T23:41:00.000+08:00,0.0,18.77252960205078,12.583251953125,0.0,nan,389.0,0.0,0.0,1257.699951171875,nan,nan,nan,65536.0
2026-09-11T23:42:00.000+08:00,0.0,18.872108459472656,12.6181640625,0.0,nan,389.3999938964844,0.0,0.0,1257.699951171875,nan,nan,nan,65536.0
2026-09-11T23:43:00.000+08:00,0.0,18.95490264892578,12.548583984375,0.0,nan,389.70001220703125,0.0,0.0,1257.699951171875,nan,nan,nan,65536.0
2026-09-11T23:44:00.000+08:00,0.0,18.99169921875,12.604248046875,0.0,nan,390.0,0.0,0.0,1257.699951171875,nan,nan,nan,65536.0
2026-09-11T23:45:00.000+08:00,0.0,18.975746154785156,12.65283203125,0.0,nan,389.8999938964844,0.0,0.0,1257.699951171875,nan,nan,nan,65536.0
2026-09-11T23:46:00.000+08:00,0.0,18.796554565429688,12.638916015625,0.0,nan,389.6000061035156,0.0,0.0,1257.699951171875,nan,nan,nan,65536.0
2026-09-11T23:47:00.000+08:00,0.0,18.889808654785156,12.673828125,0.0,nan,389.3999938964844,0.0,0.0,1257.699951171875,nan,nan,nan,65536.0
2026-09-11T23:48:00.000+08:00,0.0,18.882591247558594,12.645751953125,0.0,nan,389.20001220703125,0.0,0.0,1257.699951171875,nan,nan,nan,65536.0
2026-09-11T23:49:00.000+08:00,0.0,18.985366821289062,12.701416015625,0.0,nan,389.29998779296875,0.0,0.0,1257.699951171875,nan,nan,nan,65536.0
2026-09-11T23:50:00.000+08:00,0.0,18.88506317138672,12.77783203125,0.0,nan,389.20001220703125,0.0,0.0,1257.699951171875,nan,nan,nan,65536.0
2026-09-11T23:51:00.000+08:00,0.0,18.954368591308594,12.8056640625,0.0,nan,389.20001220703125,0.0,0.0,1257.699951171875,nan,nan,nan,65536.0
2026-09-11T23:52:00.000+08:00,0.0,18.979049682617188,12.763916015625,0.0,nan,389.3999938964844,0.0,0.0,1257.699951171875,nan,nan,nan,65536.0
2026-09-11T23:53:00.000+08:00,0.0,18.918724060058594,12.882080078125,0.0,nan,389.5,0.0,0.0,1257.699951171875,nan,nan,nan,65536.0
2026-09-11T23:54:00.000+08:00,0.0,18.976852416992188,12.895751953125,0.0,nan,389.3999938964844,0.0,0.0,1257.699951171875,nan,nan,nan,65536.0
2026-09-11T23:55:00.000+08:00,0.0,18.90923309326172,12.9931640625,0.0,nan,389.6000061035156,0.0,0.0,1257.699951171875,nan,nan,nan,65536.0
2026-09-11T23:56:00.000+08:00,0.0,18.991989135742188,12.90283203125,0.0,nan,389.6000061035156,0.0,0.0,1257.699951171875,nan,nan,nan,65536.0
2026-09-11T23:57:00.000+08:00,0.0,18.918922424316406,13.02783203125,0.0,nan,389.79998779296875,0.0,0.0,1257.699951171875,nan,nan,nan,65536.0
2026-09-11T23:58:00.000+08:00,0.0,18.8980712890625,12.972412109375,0.0,nan,389.3999938964844,0.0,0.0,1257.699951171875,nan,nan,nan,65536.0
2026-09-11T23:59:00.000+08:00,nan,nan,nan,nan,nan,389.20001220703125,0.0,0.0,1257.699951171875,nan,nan,nan,65536.0
