timestamp,醫療大樓_CH1_冰水流量,醫療大樓_CH1_冰水溫度1,醫療大樓_CH1_冰水溫度2,醫療大樓_CH1_冷卻水流量,醫療大樓_CH1_冷卻水溫度1,醫療大樓_CH1_冷卻水溫度2,醫療大樓_CH1_平均電壓,醫療大樓_CH1_平均電流,醫療大樓_CH1_有效功率,醫療大樓_CH1_功率因數,醫療大樓_CH1_頻率,醫療大樓_CH1_輸出功率千瓦時,醫療大樓_CH1_冰水冷凍噸,醫療大樓_CH1_冰水效率,醫療大樓_CH1_冷卻水冷凍噸,醫療大樓_CH1_冷卻水效率
2026-09-08T00:00:00.000+08:00,3673.9140625,10.475916862487793,7.479926109313965,2811.144775390625,25.001140594482422,29.056640625,383.5,181.74400329589844,104.93399810791016,0.8709999918937683,59.97999954223633,153573.09375,220.5135040283203,0.4729869067668915,228.2266082763672,0.4570019245147705
2026-09-08T00:01:00.000+08:00,3662.077392578125,10.475237846374512,7.447591304779053,2792.27587890625,25.118087768554688,28.958984375,382.5,181.61500549316406,105.08699798583984,0.8730000257492065,59.959999084472656,153575.0,217.96925354003906,0.4785078763961792,224.9608612060547,0.463636189699173
2026-09-08T00:02:00.000+08:00,3696.358154296875,10.503832817077637,7.445963382720947,2783.515380859375,25.00763702392578,29.0703125,382.5,181.7050018310547,104.98699951171875,0.8709999918937683,59.959999084472656,153576.703125,220.1103973388672,0.47249019145965576,223.61923217773438,0.4650762677192688
2026-09-08T00:03:00.000+08:00,3662.707275390625,10.505671501159668,7.451930999755859,2786.599609375,25.0899715423584,28.88916015625,383.1000061035156,181.3990020751953,104.97100067138672,0.8730000257492065,59.970001220703125,153578.40625,220.02700805664062,0.47176027297973633,212.36151123046875,0.4887891411781311
2026-09-08T00:04:00.000+08:00,3718.1318359375,10.397753715515137,7.45301628112793,2799.7890625,25.10314178466797,28.97265625,383.1000061035156,181.0449981689453,104.72000122070312,0.8740000128746033,59.97999954223633,153580.203125,225.5861053466797,0.4614645838737488,225.68675231933594,0.46125879883766174
2026-09-08T00:05:00.000+08:00,3680.4228515625,10.41724681854248,7.420138835906982,2809.7763671875,25.112337112426758,28.986328125,382.8999938964844,180.50100708007812,104.60399627685547,0.8740000128746033,59.970001220703125,153581.90625,222.92764282226562,0.46741625666618347,211.80255126953125,0.4919676184654236
2026-09-08T00:06:00.000+08:00,3642.3359375,10.35547161102295,7.38671875,2807.482666015625,25.104028701782227,28.9453125,383.0,180.95599365234375,104.58100128173828,0.8709999918937683,60.0,153583.703125,219.0803985595703,0.4737986922264099,215.54708862304688,0.48156532645225525
2026-09-08T00:07:00.000+08:00,3594.736083984375,10.2838773727417,7.357096195220947,2784.22021484375,25.0952091217041,28.931640625,383.1000061035156,180.31700134277344,104.3740005493164,0.8730000257492065,59.9900016784668,153585.296875,213.7657012939453,0.48604616522789,214.0083770751953,0.48549503087997437
2026-09-08T00:08:00.000+08:00,3637.734375,10.3300199508667,7.357638835906982,2789.0673828125,25.076698303222656,28.97265625,382.6000061035156,181.6280059814453,104.66899871826172,0.8690000176429749,59.959999084472656,153587.203125,214.27606201171875,0.4853551983833313,214.84072875976562,0.4840795397758484
2026-09-08T00:09:00.000+08:00,3629.431396484375,10.374979972839355,7.357638835906982,2801.603759765625,25.076305389404297,28.9033203125,382.79998779296875,180.1439971923828,104.5739974975586,0.8740000128746033,59.9900016784668,153588.796875,216.3057861328125,0.4784892797470093,213.74656677246094,0.4842182993888855
2026-09-08T00:10:00.000+08:00,3677.3212890625,10.2915678024292,7.387803554534912,2806.7177734375,25.049489974975586,28.97216796875,383.0,175.52999877929688,101.43699645996094,0.871999979019165,59.959999084472656,153590.59375,216.8726043701172,0.4790830910205841,216.96095275878906,0.47888800501823425
2026-09-08T00:11:00.000+08:00,3651.4521484375,10.310229301452637,7.451388835906982,2796.0283203125,25.06141471862793,28.83349609375,382.8999938964844,173.01600646972656,99.40699768066406,0.8659999966621399,59.970001220703125,153592.296875,218.1721649169922,0.47577106952667236,215.81564331054688,0.48096606135368347
2026-09-08T00:12:00.000+08:00,3705.815673828125,10.308558464050293,7.482096195220947,2804.298583984375,25.114233016967773,28.6953125,383.20001220703125,171.406005859375,98.96900177001953,0.8700000047683716,59.959999084472656,153594.0,215.7248992919922,0.47282442450523376,218.2663116455078,0.4673190116882324
2026-09-08T00:13:00.000+08:00,3693.559814453125,10.281115531921387,7.51171875,2831.01220703125,25.03898048400879,28.6953125,383.3999938964844,171.61399841308594,98.7760009765625,0.8659999966621399,60.02000045776367,153595.5,209.1285400390625,0.4714803397655487,211.88070678710938,0.4653562009334564
2026-09-08T00:14:00.000+08:00,3642.35009765625,10.29516887664795,7.5149736404418945,2822.35791015625,25.073280334472656,28.72265625,383.20001220703125,171.5489959716797,98.73699951171875,0.8679999709129333,59.95000076293945,153597.203125,204.26478576660156,0.47927984595298767,213.74952697753906,0.4580127000808716
2026-09-08T00:15:00.000+08:00,3665.693359375,10.290003776550293,7.51171875,2788.3271484375,25.05258560180664,28.736328125,383.1000061035156,171.14100646972656,98.76499938964844,0.8700000047683716,59.959999084472656,153598.796875,205.84974670410156,0.4755896031856537,203.89450073242188,0.4801502823829651
2026-09-08T00:16:00.000+08:00,3716.94580078125,10.264300346374512,7.513346195220947,2813.560791015625,25.02622413635254,28.63916015625,382.6000061035156,170.4029998779297,98.51200103759766,0.871999979019165,59.959999084472656,153600.5,209.23411560058594,0.46694108843803406,204.28958129882812,0.4782426953315735
2026-09-08T00:17:00.000+08:00,3699.50244140625,10.21094036102295,7.478841304779053,2817.645263671875,25.06140899658203,28.6953125,383.0,171.56500244140625,98.62799835205078,0.8659999966621399,60.0099983215332,153602.203125,202.61343383789062,0.4836796820163727,204.90081787109375,0.4782801866531372
2026-09-08T00:18:00.000+08:00,3698.47021484375,10.301997184753418,7.4837236404418945,2805.57421875,25.061861038208008,28.72265625,383.1000061035156,170.9219970703125,98.5739974975586,0.8669999837875366,59.970001220703125,153603.703125,202.996337890625,0.48178207874298096,201.11785888671875,0.48628202080726624
2026-09-08T00:19:00.000+08:00,3728.072998046875,10.217036247253418,7.482096195220947,2809.6533203125,25.010807037353516,28.625,383.5,171.6179962158203,98.55799865722656,0.8650000095367432,60.0099983215332,153605.40625,202.0921630859375,0.4834428131580353,202.57913208007812,0.4822806715965271
2026-09-08T00:20:00.000+08:00,3643.189208984375,10.254267692565918,7.4524736404418945,2832.2783203125,25.109853744506836,28.611328125,383.3999938964844,171.7969970703125,98.5979995727539,0.8640000224113464,60.0099983215332,153607.0,203.71990966796875,0.48007088899612427,205.72161865234375,0.4753997027873993
2026-09-08T00:21:00.000+08:00,3711.37109375,10.294528007507324,7.48426628112793,2811.3291015625,24.984853744506836,28.59765625,383.5,172.0469970703125,98.7249984741211,0.8640000224113464,60.0,153608.796875,206.32005310058594,0.4735361337661743,207.76104736328125,0.47025176882743835
2026-09-08T00:22:00.000+08:00,3687.01025390625,10.319758415222168,7.483180999755859,2805.0087890625,24.950517654418945,28.51416015625,383.3999938964844,172.5030059814453,98.79499816894531,0.8629999756813049,59.97999954223633,153610.40625,201.0517120361328,0.48743677139282227,189.51531982421875,0.5171085596084595
2026-09-08T00:23:00.000+08:00,3707.761962890625,10.310404777526855,7.482638835906982,2801.6806640625,24.92677116394043,28.51416015625,383.5,172.2449951171875,98.75800323486328,0.8640000224113464,59.97999954223633,153612.0,206.82113647460938,0.47287237644195557,201.4656982421875,0.48544245958328247
2026-09-08T00:24:00.000+08:00,3720.40673828125,10.303874015808105,7.482096195220947,2827.1689453125,24.896411895751953,28.556640625,383.70001220703125,171.71299743652344,98.63899993896484,0.8640000224113464,60.0099983215332,153613.5,209.388916015625,0.4689837694168091,199.90077209472656,0.49124372005462646
2026-09-08T00:25:00.000+08:00,3640.108642578125,10.26477336883545,7.482638835906982,2806.442626953125,24.91180992126465,28.56982421875,383.3999938964844,171.49400329589844,98.7760009765625,0.8669999837875366,59.97999954223633,153615.296875,204.8885498046875,0.4778207540512085,200.7436981201172,0.48768654465675354
2026-09-08T00:26:00.000+08:00,3654.291748046875,10.27906322479248,7.479926109313965,2802.64208984375,24.864713668823242,28.47265625,383.6000061035156,174.45899963378906,98.88500213623047,0.8519999980926514,60.029998779296875,153616.90625,204.75216674804688,0.47765061259269714,205.00978088378906,0.47705042362213135
2026-09-08T00:27:00.000+08:00,3648.43798828125,10.315569877624512,7.48426628112793,2807.81689453125,24.83919334411621,28.486328125,383.5,174.61399841308594,98.76699829101562,0.8510000109672546,59.970001220703125,153618.5,203.07518005371094,0.48208746314048767,203.78994750976562,0.4803965985774994
2026-09-08T00:28:00.000+08:00,3634.240966796875,10.269709587097168,7.481553554534912,2815.6708984375,24.85374641418457,28.458984375,383.29998779296875,174.89999389648438,98.72799682617188,0.8510000109672546,59.97999954223633,153620.203125,200.93917846679688,0.48970040678977966,198.943603515625,0.49461251497268677
2026-09-08T00:29:00.000+08:00,3624.6142578125,10.264544486999512,7.4837236404418945,2809.67822265625,24.84579086303711,28.4169921875,383.29998779296875,174.61900329589844,98.76499938964844,0.8519999980926514,60.0099983215332,153621.90625,203.62889099121094,0.4817587435245514,197.92230224609375,0.4956490397453308
2026-09-08T00:30:00.000+08:00,3662.182373046875,10.270648002624512,7.483180999755859,2801.8310546875,24.855499267578125,28.4033203125,382.8999938964844,175.08999633789062,98.947998046875,0.8519999980926514,59.959999084472656,153623.5,202.59356689453125,0.4837270975112915,200.4215850830078,0.4889692962169647
2026-09-08T00:31:00.000+08:00,3680.937744140625,10.294054985046387,7.48046875,2830.099853515625,24.84844970703125,28.47265625,383.0,174.79100036621094,98.71099853515625,0.8519999980926514,59.959999084472656,153625.203125,204.42242431640625,0.4808669984340668,199.86317443847656,0.4918364882469177
2026-09-08T00:32:00.000+08:00,3658.029296875,10.318171501159668,7.451388835906982,2821.897216796875,24.81852149963379,28.41650390625,382.8999938964844,175.76499938964844,98.79299926757812,0.847000002861023,59.97999954223633,153626.796875,202.31381225585938,0.4853845536708832,198.64218139648438,0.4943562150001526
2026-09-08T00:33:00.000+08:00,3741.060791015625,10.2949857711792,7.481553554534912,2813.23828125,24.798301696777344,28.4453125,382.8999938964844,174.8000030517578,98.71099853515625,0.8510000109672546,59.97999954223633,153628.40625,208.8447723388672,0.46876922249794006,202.29635620117188,0.48394346237182617
2026-09-08T00:34:00.000+08:00,3676.484619140625,10.318171501159668,7.451930999755859,2812.583740234375,24.87399673461914,28.486328125,382.5,174.70700073242188,98.75800323486328,0.8539999723434448,59.97999954223633,153630.09375,209.10960388183594,0.4700884222984314,200.7858428955078,0.4895763397216797
2026-09-08T00:35:00.000+08:00,3724.561279296875,10.265963554382324,7.481553554534912,2817.384521484375,24.768373489379883,28.486328125,382.6000061035156,174.781005859375,98.802001953125,0.8560000061988831,60.0099983215332,153631.796875,209.1262664794922,0.46861639618873596,204.60784912109375,0.47896501421928406
2026-09-08T00:36:00.000+08:00,3663.070068359375,10.382258415222168,7.483180999755859,2807.628662109375,24.635005950927734,28.38916015625,383.0,175.28900146484375,98.89900207519531,0.8500000238418579,60.02000045776367,153633.296875,208.72201538085938,0.470961332321167,207.5069122314453,0.47371914982795715
2026-09-08T00:37:00.000+08:00,3635.36181640625,10.36047649383545,7.512260913848877,2820.831787109375,24.63850975036621,28.4453125,382.70001220703125,175.74899291992188,99.05500030517578,0.8500000238418579,59.959999084472656,153635.0,200.8396453857422,0.488449364900589,208.08935546875,0.47143206000328064
2026-09-08T00:38:00.000+08:00,3674.907958984375,10.359545707702637,7.514430999755859,2800.6650390625,24.630573272705078,28.375,382.3999938964844,175.24600219726562,98.98500061035156,0.8550000190734863,59.970001220703125,153636.703125,211.38536071777344,0.4659736156463623,208.2904052734375,0.4728974401950836
2026-09-08T00:39:00.000+08:00,3696.4072265625,10.333544731140137,7.544053554534912,2815.8095703125,24.642919540405273,28.375,382.5,175.0959930419922,98.98699951171875,0.8519999980926514,59.959999084472656,153638.296875,203.677734375,0.48311612010002136,209.4259033203125,0.469855934381485
2026-09-08T00:40:00.000+08:00,3697.253662109375,10.32727336883545,7.514430999755859,2801.080322265625,24.629295349121094,28.3203125,382.8999938964844,175.06700134277344,98.86199951171875,0.8500000238418579,59.97999954223633,153640.0,208.7121124267578,0.4705045521259308,208.10354614257812,0.4718804657459259
2026-09-08T00:41:00.000+08:00,3640.927001953125,10.342677116394043,7.513346195220947,2809.17041015625,24.740196228027344,28.26416015625,383.5,175.13400268554688,98.99400329589844,0.8510000109672546,60.029998779296875,153641.703125,201.51417541503906,0.4858219027519226,208.0164337158203,0.47063589096069336
2026-09-08T00:42:00.000+08:00,3720.5712890625,10.319758415222168,7.481553554534912,2823.04345703125,24.632801055908203,28.38916015625,383.79998779296875,174.9669952392578,98.802001953125,0.8500000238418579,60.02000045776367,153643.296875,209.95912170410156,0.46866264939308167,215.4525909423828,0.4567130208015442
2026-09-08T00:43:00.000+08:00,3680.195068359375,10.3036527633667,7.451388835906982,2828.049560546875,24.731870651245117,28.306640625,383.29998779296875,174.9510040283203,98.77899932861328,0.8500000238418579,59.970001220703125,153645.0,206.59661865234375,0.47483834624290466,208.64117431640625,0.470185250043869
2026-09-08T00:44:00.000+08:00,3618.319580078125,10.264803886413574,7.450303554534912,2820.015869140625,24.7257080078125,28.25,382.8999938964844,174.74400329589844,98.80599975585938,0.8529999852180481,59.970001220703125,153646.59375,203.76016235351562,0.4819391369819641,214.50498962402344,0.45779818296432495
2026-09-08T00:45:00.000+08:00,3645.74560546875,10.299944877624512,7.4524736404418945,2810.11767578125,24.707653045654297,28.34765625,382.8999938964844,174.83700561523438,98.69999694824219,0.8510000109672546,59.97999954223633,153648.296875,206.32159423828125,0.4754713177680969,198.42489624023438,0.49439358711242676
2026-09-08T00:46:00.000+08:00,3648.965087890625,10.309290885925293,7.451930999755859,2811.779052734375,24.72743797302246,28.33349609375,383.1000061035156,174.32400512695312,98.71399688720703,0.8510000109672546,60.02000045776367,153649.90625,207.15794372558594,0.4725862741470337,196.61727905273438,0.4979216754436493
2026-09-08T00:47:00.000+08:00,3685.75390625,10.29614543914795,7.449760913848877,2825.40478515625,24.73403549194336,28.3203125,382.79998779296875,174.96499633789062,98.83699798583984,0.8529999852180481,60.0,153651.5,208.2352752685547,0.4711017310619354,204.05677795410156,0.48074856400489807
2026-09-08T00:48:00.000+08:00,3604.2021484375,10.225237846374512,7.451388835906982,2803.427490234375,24.743289947509766,28.25,383.0,174.6909942626953,98.66699981689453,0.8510000109672546,60.0,153653.09375,205.51736450195312,0.4758721888065338,200.94772338867188,0.48669373989105225
2026-09-08T00:49:00.000+08:00,3654.832275390625,10.24267864227295,7.387803554534912,2815.156982421875,24.74415397644043,28.333984375,382.8999938964844,174.99099731445312,98.49600219726562,0.8489999771118164,60.029998779296875,153654.90625,207.3336639404297,0.4717034101486206,199.25633239746094,0.4908250570297241
2026-09-08T00:50:00.000+08:00,3664.0751953125,10.182276725769043,7.356010913848877,2809.736328125,24.683414459228516,28.25,383.29998779296875,170.7469940185547,95.78600311279297,0.8450000286102295,60.029998779296875,153656.40625,201.62322998046875,0.4860551059246063,196.0333709716797,0.49991488456726074
2026-09-08T00:51:00.000+08:00,3689.439208984375,10.12183666229248,7.384006023406982,2797.157470703125,24.726600646972656,28.125,383.6000061035156,169.17100524902344,94.62999725341797,0.8420000076293945,60.0099983215332,153658.0,208.9854736328125,0.46701812744140625,199.23216247558594,0.4898807406425476
2026-09-08T00:52:00.000+08:00,3696.31640625,10.112055778503418,7.387803554534912,2812.90380859375,24.6760196685791,28.19482421875,383.20001220703125,169.17799377441406,94.62799835205078,0.8429999947547913,59.9900016784668,153659.59375,207.27682495117188,0.45784181356430054,199.056396484375,0.47674933075904846
2026-09-08T00:53:00.000+08:00,3616.781005859375,10.09522533416748,7.387803554534912,2830.7421875,24.681333541870117,28.125,383.5,168.41299438476562,94.58899688720703,0.8460000157356262,60.0,153661.09375,201.79676818847656,0.4663107395172119,195.17181396484375,0.4821392893791199
2026-09-08T00:54:00.000+08:00,3638.9287109375,10.105013847351074,7.388346195220947,2807.867919921875,24.64173126220703,28.125,383.0,168.38400268554688,94.80400085449219,0.8460000157356262,59.97999954223633,153662.703125,197.87318420410156,0.4745463728904724,197.44114685058594,0.4755847454071045
2026-09-08T00:55:00.000+08:00,3697.346923828125,10.08161449432373,7.388888835906982,2814.515869140625,24.65102195739746,28.22265625,383.5,167.99200439453125,94.63300323486328,0.8479999899864197,60.029998779296875,153664.296875,199.18023681640625,0.4699261486530304,196.38186645507812,0.47662243247032166
2026-09-08T00:56:00.000+08:00,3668.01025390625,10.111369132995605,7.357096195220947,2824.934326171875,24.732465744018555,28.083984375,383.29998779296875,168.6719970703125,94.52100372314453,0.843999981880188,59.9900016784668,153665.90625,199.24229431152344,0.4707835912704468,199.05409240722656,0.4712287187576294
2026-09-08T00:57:00.000+08:00,3679.77294921875,10.0259428024292,7.357096195220947,2811.564208984375,24.596839904785156,28.056640625,383.20001220703125,168.51699829101562,94.63999938964844,0.847000002861023,60.0099983215332,153667.40625,196.5991973876953,0.4750782251358032,199.24322509765625,0.468773752450943
2026-09-08T00:58:00.000+08:00,3716.2255859375,10.0338773727417,7.357638835906982,2808.98828125,24.54501724243164,28.083984375,383.1000061035156,166.6820068359375,93.10900115966797,0.8429999947547913,60.02000045776367,153669.0,203.0849151611328,0.4599061608314514,186.7928009033203,0.5000192523002625
2026-09-08T00:59:00.000+08:00,3653.74169921875,10.0156888961792,7.3587236404418945,2813.864501953125,24.619415283203125,27.97265625,383.29998779296875,165.82200622558594,93.13899993896484,0.8460000157356262,60.0099983215332,153670.703125,192.82737731933594,0.48696404695510864,193.75341796875,0.4846366047859192
2026-09-08T01:00:00.000+08:00,3643.217529296875,10.032732963562012,7.328558921813965,2815.148193359375,24.54850196838379,27.9033203125,383.1000061035156,165.59100341796875,92.98799896240234,0.8460000157356262,60.0099983215332,153672.09375,193.45437622070312,0.4781489074230194,197.6725616455078,0.46794557571411133
2026-09-08T01:01:00.000+08:00,3658.0869140625,10.031825065612793,7.325303554534912,2820.75927734375,24.404569625854492,27.958984375,383.29998779296875,165.4499969482422,92.9739990234375,0.847000002861023,59.970001220703125,153673.796875,192.80567932128906,0.47768303751945496,198.26010131835938,0.4645412862300873
2026-09-08T01:02:00.000+08:00,3675.240478515625,10.059779167175293,7.293510913848877,2821.037353515625,24.400789260864258,27.94482421875,382.70001220703125,166.0749969482422,92.90899658203125,0.8429999947547913,60.029998779296875,153675.203125,197.28392028808594,0.4678536355495453,187.13722229003906,0.4932209551334381
2026-09-08T01:03:00.000+08:00,3634.08837890625,10.070467948913574,7.294053554534912,2829.04736328125,24.49136734008789,27.8203125,383.29998779296875,165.89100646972656,92.98799896240234,0.8450000286102295,60.0099983215332,153676.796875,194.3383026123047,0.47391584515571594,200.5279083251953,0.4592876732349396
2026-09-08T01:04:00.000+08:00,3705.02001953125,9.96228313446045,7.326930999755859,2825.298583984375,24.412677764892578,27.986328125,383.0,166.7050018310547,92.96700286865234,0.8410000205039978,60.0,153678.40625,193.68348693847656,0.47448545694351196,194.6106719970703,0.4722248911857605
2026-09-08T01:05:00.000+08:00,3613.604736328125,10.00842571258545,7.325846195220947,2818.60595703125,24.404569625854492,27.9033203125,383.29998779296875,167.1060028076172,92.93499755859375,0.8379999995231628,60.029998779296875,153679.90625,199.06439208984375,0.4631667137145996,186.16995239257812,0.49524641036987305
2026-09-08T01:06:00.000+08:00,3651.019775390625,9.961817741394043,7.32801628112793,2805.631591796875,24.402856826782227,27.986328125,383.6000061035156,167.3459930419922,93.0199966430664,0.8370000123977661,59.97999954223633,153681.40625,190.90682983398438,0.48400574922561646,198.93504333496094,0.4644732177257538
2026-09-08T01:07:00.000+08:00,3643.455810546875,10.001383781433105,7.294053554534912,2813.825439453125,24.383056640625,27.986328125,383.6000061035156,167.33799743652344,92.93699645996094,0.8370000123977661,60.0,153683.0,196.27012634277344,0.47179874777793884,199.88682556152344,0.463262140750885
2026-09-08T01:08:00.000+08:00,3652.981201171875,9.99048900604248,7.2649736404418945,2815.202392578125,24.493946075439453,27.83349609375,383.3999938964844,166.75799560546875,92.87899780273438,0.8379999995231628,59.97999954223633,153684.40625,190.89700317382812,0.48350679874420166,200.1622314453125,0.4611259400844574
2026-09-08T01:09:00.000+08:00,3706.233154296875,9.982081413269043,7.262260913848877,2828.241943359375,24.465900421142578,27.76416015625,383.3999938964844,167.24400329589844,92.83200073242188,0.8360000252723694,59.970001220703125,153686.0,199.0868682861328,0.464119017124176,202.20046997070312,0.45697224140167236
2026-09-08T01:10:00.000+08:00,3660.28466796875,9.951388359069824,7.295680999755859,2818.905517578125,24.30923080444336,27.763671875,383.20001220703125,167.25,92.94400024414062,0.8379999995231628,59.970001220703125,153687.59375,197.93934631347656,0.4668096899986267,186.78286743164062,0.49469202756881714
2026-09-08T01:11:00.000+08:00,3552.401611328125,9.9977445602417,7.23046875,2824.8232421875,24.292009353637695,27.84765625,383.20001220703125,167.156005859375,92.98600006103516,0.8370000123977661,59.97999954223633,153689.203125,191.7039031982422,0.4814716875553131,189.01480102539062,0.48832154273986816
2026-09-08T01:12:00.000+08:00,3672.0517578125,9.89503002166748,7.200303554534912,2822.255615234375,24.268253326416016,27.861328125,383.6000061035156,166.7530059814453,92.71900177001953,0.8370000123977661,60.029998779296875,153690.703125,193.48960876464844,0.4770282208919525,196.0186309814453,0.47087362408638
2026-09-08T01:13:00.000+08:00,3679.12353515625,9.9273099899292,7.232638835906982,2812.517333984375,24.260339736938477,27.77783203125,383.8999938964844,167.1179962158203,93.03399658203125,0.8370000123977661,60.0099983215332,153692.296875,202.0065460205078,0.4564208686351776,198.4186248779297,0.46467411518096924
2026-09-08T01:14:00.000+08:00,3716.6611328125,9.9273099899292,7.23426628112793,2839.288818359375,24.25776481628418,27.75,383.70001220703125,167.24600219726562,92.83699798583984,0.8360000252723694,59.970001220703125,153693.796875,202.28512573242188,0.45579230785369873,202.4158172607422,0.45549800992012024
2026-09-08T01:15:00.000+08:00,3681.102294921875,10.005267143249512,7.231010913848877,2823.38134765625,24.365541458129883,27.6669921875,383.5,167.03199768066406,93.22000122070312,0.8399999737739563,60.0099983215332,153695.296875,196.81231689453125,0.46948280930519104,197.04766845703125,0.46892207860946655
2026-09-08T01:16:00.000+08:00,3615.901123046875,10.004786491394043,7.231553554534912,2805.17431640625,24.25809669494629,27.806640625,383.1000061035156,167.54200744628906,93.0250015258789,0.8360000252723694,59.970001220703125,153696.90625,193.35198974609375,0.47840210795402527,194.37120056152344,0.4758935272693634
2026-09-08T01:17:00.000+08:00,3645.489013671875,9.88910961151123,7.263888835906982,2832.57763671875,24.35109519958496,27.70849609375,383.1000061035156,166.4949951171875,92.8280029296875,0.8410000205039978,59.970001220703125,153698.5,200.55978393554688,0.46170774102211,183.58853149414062,0.5043888092041016
2026-09-08T01:18:00.000+08:00,3667.753173828125,9.913653373718262,7.232638835906982,2831.6826171875,24.352806091308594,27.736328125,383.0,166.3780059814453,92.88099670410156,0.8429999947547913,59.9900016784668,153700.0,201.8157501220703,0.45635685324668884,199.3716278076172,0.4619513750076294
2026-09-08T01:19:00.000+08:00,3707.70849609375,9.987536430358887,7.231010913848877,2828.69775390625,24.343183517456055,27.6953125,383.29998779296875,166.50100708007812,93.04399871826172,0.8410000205039978,60.029998779296875,153701.59375,193.1256866455078,0.477409303188324,188.43359375,0.4892970323562622
2026-09-08T01:20:00.000+08:00,3638.037353515625,10.007067680358887,7.2337236404418945,2831.994140625,24.360740661621094,27.708984375,383.29998779296875,165.9709930419922,92.99700164794922,0.843999981880188,60.029998779296875,153703.09375,194.07151794433594,0.4740520417690277,195.11795043945312,0.4715096652507782
2026-09-08T01:21:00.000+08:00,3725.433837890625,9.99182415008545,7.264430999755859,2842.397705078125,24.183958053588867,27.63916015625,383.20001220703125,163.89199829101562,91.81400299072266,0.8450000286102295,59.95000076293945,153704.59375,203.91500854492188,0.45564770698547363,185.66050720214844,0.4971439838409424
2026-09-08T01:22:00.000+08:00,3674.001708984375,9.967951774597168,7.3274736404418945,2822.943603515625,24.13760757446289,27.72265625,383.5,162.6230010986328,90.75399780273438,0.8399999737739563,60.0,153706.203125,202.1676788330078,0.456057071685791,187.53738403320312,0.4916352927684784
2026-09-08T01:23:00.000+08:00,3626.217041015625,10.000018119812012,7.293510913848877,2847.44873046875,24.23601531982422,27.52783203125,383.0,162.84800720214844,90.71900177001953,0.8399999737739563,59.97999954223633,153707.703125,194.3938446044922,0.4691506624221802,193.7855224609375,0.4706233739852905
2026-09-08T01:24:00.000+08:00,3670.65869140625,9.992083549499512,7.294053554534912,2838.828369140625,24.215959548950195,27.59765625,383.5,162.42999267578125,90.85099792480469,0.8410000205039978,60.029998779296875,153709.203125,192.30703735351562,0.4685215651988983,201.7069091796875,0.4466877281665802
2026-09-08T01:25:00.000+08:00,3697.973876953125,10.013659477233887,7.41796875,2819.078125,24.23404884338379,27.59765625,383.3999938964844,162.41099548339844,91.12699890136719,0.843999981880188,60.0,153710.703125,198.5828094482422,0.45170071721076965,184.12440490722656,0.48717063665390015
2026-09-08T01:26:00.000+08:00,3754.89453125,10.10705852508545,7.420138835906982,2821.4609375,24.141584396362305,27.736328125,383.79998779296875,162.95700073242188,91.12300109863281,0.8410000205039978,59.959999084472656,153712.203125,201.00791931152344,0.44724607467651367,189.31163024902344,0.47487837076187134
2026-09-08T01:27:00.000+08:00,3780.663330078125,10.135920524597168,7.420138835906982,2812.62939453125,24.293977737426758,27.72265625,383.6000061035156,163.8820037841797,91.14099884033203,0.8360000252723694,60.02000045776367,153713.703125,194.71058654785156,0.46530598402023315,187.70956420898438,0.48266053199768066
2026-09-08T01:28:00.000+08:00,3724.0498046875,10.089770317077637,7.418510913848877,2816.998046875,24.164470672607422,27.681640625,383.5,163.2550048828125,90.97200012207031,0.8399999737739563,59.970001220703125,153715.296875,197.87391662597656,0.4568565785884857,201.26771545410156,0.44915300607681274
2026-09-08T01:29:00.000+08:00,3669.12060546875,10.11157512664795,7.388888835906982,2827.12548828125,24.132802963256836,27.72265625,383.3999938964844,162.4669952392578,91.00199890136719,0.8420000076293945,60.0,153716.796875,196.02188110351562,0.46117299795150757,192.67587280273438,0.46918171644210815
2026-09-08T01:30:00.000+08:00,3622.877197265625,10.11767864227295,7.388346195220947,2810.462158203125,24.230937957763672,27.5,383.3999938964844,163.6999969482422,91.20800018310547,0.8410000205039978,60.02000045776367,153718.296875,192.01638793945312,0.4707931578159332,196.1280517578125,0.46092337369918823
2026-09-08T01:31:00.000+08:00,3641.484130859375,10.106379508972168,7.38563346862793,2819.35302734375,24.232059478759766,27.611328125,384.0,163.08700561523438,91.11299896240234,0.8410000205039978,60.029998779296875,153719.796875,196.72848510742188,0.460024893283844,193.2753143310547,0.46824395656585693
2026-09-08T01:32:00.000+08:00,3664.4189453125,10.089083671569824,7.388888835906982,2843.16455078125,24.238872528076172,27.611328125,383.6000061035156,163.77999877929688,91.16699981689453,0.8379999995231628,59.970001220703125,153721.296875,198.44044494628906,0.4540404975414276,184.41395568847656,0.488574743270874
2026-09-08T01:33:00.000+08:00,3679.4111328125,10.088831901550293,7.422308921813965,2817.634033203125,24.2060604095459,27.56982421875,383.5,163.79800415039062,91.24800109863281,0.8399999737739563,59.970001220703125,153722.90625,197.63363647460938,0.4579180181026459,186.09254455566406,0.48631715774536133
2026-09-08T01:34:00.000+08:00,3713.26318359375,10.114527702331543,7.420138835906982,2820.70166015625,24.230642318725586,27.5419921875,383.6000061035156,160.75399780273438,89.8949966430664,0.8399999737739563,59.97999954223633,153724.40625,200.21876525878906,0.4520055949687958,184.1447296142578,0.49146127700805664
2026-09-08T01:35:00.000+08:00,3666.927734375,10.124567985534668,7.451930999755859,2821.902099609375,24.18033790588379,27.5419921875,383.5,160.8419952392578,90.09700012207031,0.843999981880188,60.0099983215332,153725.90625,194.0065155029297,0.46699461340904236,188.337158203125,0.4810521602630615
2026-09-08T01:36:00.000+08:00,3709.2568359375,10.188654899597168,7.4837236404418945,2826.953125,24.194469451904297,27.556640625,383.3999938964844,162.49600219726562,90.03500366210938,0.8339999914169312,60.02000045776367,153727.296875,198.29684448242188,0.45033496618270874,187.22679138183594,0.4769616425037384
2026-09-08T01:37:00.000+08:00,3666.897705078125,10.1638822555542,7.48046875,2803.649169921875,24.19984245300293,27.583984375,383.5,162.75799560546875,90.21600341796875,0.8349999785423279,60.029998779296875,153728.90625,194.4497528076172,0.46469399333000183,188.0160369873047,0.47495949268341064
2026-09-08T01:38:00.000+08:00,3702.533935546875,10.148180961608887,7.51551628112793,2829.57421875,24.19502067565918,27.59765625,383.3999938964844,161.52000427246094,90.07599639892578,0.8399999737739563,59.959999084472656,153730.40625,199.31971740722656,0.44902732968330383,189.47479248046875,0.472358375787735
2026-09-08T01:39:00.000+08:00,3716.4208984375,10.249056816101074,7.51171875,2827.88232421875,24.202085494995117,27.611328125,383.3999938964844,162.2270050048828,90.01100158691406,0.8360000252723694,60.0,153731.90625,196.24636840820312,0.45605942606925964,189.8796844482422,0.47135108709335327
2026-09-08T01:40:00.000+08:00,3719.09130859375,10.243891716003418,7.51171875,2830.332763671875,24.199270248413086,27.51416015625,383.5,161.11700439453125,90.38300323486328,0.8389999866485596,60.02000045776367,153733.40625,194.26788330078125,0.4601892828941345,191.082763671875,0.46786007285118103
2026-09-08T01:41:00.000+08:00,3710.716552734375,10.253718376159668,7.512803554534912,2816.214599609375,24.20549201965332,27.583984375,383.8999938964844,161.64599609375,90.00700378417969,0.8370000123977661,59.970001220703125,153734.90625,194.7404022216797,0.45907267928123474,190.49879455566406,0.46929430961608887
2026-09-08T01:42:00.000+08:00,3671.4130859375,10.158473014831543,7.510091304779053,2828.63427734375,24.202085494995117,27.556640625,383.5,160.9759979248047,90.13899993896484,0.8420000076293945,59.9900016784668,153736.40625,198.41310119628906,0.45158305764198303,188.9454345703125,0.4742109775543213
2026-09-08T01:43:00.000+08:00,3766.09912109375,10.242022514343262,7.512803554534912,2828.225341796875,24.180044174194336,27.5703125,383.70001220703125,161.25599670410156,90.1510009765625,0.8410000205039978,60.0,153737.90625,204.81224060058594,0.43845033645629883,189.58567810058594,0.47366446256637573
2026-09-08T01:44:00.000+08:00,3769.281005859375,10.237322807312012,7.512803554534912,2823.6787109375,24.036108016967773,27.583984375,383.3999938964844,161.4510040283203,90.08100128173828,0.8389999866485596,59.970001220703125,153739.296875,198.0649871826172,0.4523767828941345,187.9398193359375,0.47674837708473206
2026-09-08T01:45:00.000+08:00,3730.760986328125,10.21955394744873,7.5149736404418945,2823.208984375,24.173526763916016,27.51416015625,383.5,161.73399353027344,90.08100128173828,0.8410000205039978,60.02000045776367,153740.796875,202.02468872070312,0.4430151581764221,189.9090576171875,0.47127819061279297
2026-09-08T01:46:00.000+08:00,3644.679931640625,10.234248161315918,7.545138835906982,2812.184326171875,24.053348541259766,27.5,383.5,161.78599548339844,90.26399993896484,0.8399999737739563,59.970001220703125,153742.40625,196.30780029296875,0.45642608404159546,199.36199951171875,0.44943368434906006
2026-09-08T01:47:00.000+08:00,3640.65185546875,10.252047538757324,7.545680999755859,2826.2568359375,24.170711517333984,27.56982421875,383.6000061035156,161.7239990234375,90.32499694824219,0.8399999737739563,59.9900016784668,153743.90625,189.6619110107422,0.4724195897579193,199.91490173339844,0.44819068908691406
2026-09-08T01:48:00.000+08:00,3747.651123046875,10.24316692352295,7.540798187255859,2825.367431640625,24.03864860534668,27.5,383.70001220703125,162.19200134277344,90.26899719238281,0.8379999995231628,60.02000045776367,153745.5,198.32241821289062,0.4522938132286072,193.21502685546875,0.4642495810985565
2026-09-08T01:49:00.000+08:00,3644.374267578125,10.225367546081543,7.545680999755859,2839.840087890625,24.039493560791016,27.583984375,383.6000061035156,161.77499389648438,90.4729995727539,0.8420000076293945,60.0099983215332,153746.90625,193.7078399658203,0.4635847210884094,191.54783630371094,0.46881237626075745
2026-09-08T01:50:00.000+08:00,3689.236083984375,10.258402824401855,7.512803554534912,2822.140625,24.070886611938477,27.5419921875,383.6000061035156,162.91700744628906,90.39399719238281,0.8349999785423279,60.0099983215332,153748.296875,197.81065368652344,0.45346394181251526,197.93382263183594,0.45318177342414856
2026-09-08T01:51:00.000+08:00,3689.583984375,10.252985954284668,7.545680999755859,2824.515869140625,24.053075790405273,27.5,383.70001220703125,162.8820037841797,90.427001953125,0.8360000252723694,59.9900016784668,153749.90625,196.95635986328125,0.4564463198184967,199.68133544921875,0.4502173364162445
2026-09-08T01:52:00.000+08:00,3765.171875,10.202441215515137,7.5462236404418945,2819.466796875,24.038921356201172,27.59765625,383.79998779296875,162.9499969482422,90.36399841308594,0.8330000042915344,59.959999084472656,153751.5,200.96176147460938,0.44635358452796936,193.72036743164062,0.46303853392601013
2026-09-08T01:53:00.000+08:00,3666.62060546875,10.204791069030762,7.545138835906982,2819.096923828125,24.02959442138672,27.5,383.8999938964844,162.06500244140625,90.31500244140625,0.8379999995231628,59.97999954223633,153753.0,197.3989715576172,0.4533964693546295,193.6084442138672,0.4622732400894165
2026-09-08T01:54:00.000+08:00,3650.448974609375,10.277331352233887,7.575303554534912,2828.835205078125,24.034692764282227,27.56982421875,383.5,162.73199462890625,90.48899841308594,0.8360000252723694,60.02000045776367,153754.40625,192.46682739257812,0.4655347764492035,200.26663208007812,0.44740352034568787
2026-09-08T01:55:00.000+08:00,3710.7578125,10.234248161315918,7.545680999755859,2829.102783203125,24.058446884155273,27.556640625,384.0,163.25399780273438,90.49199676513672,0.8330000042915344,59.9900016784668,153756.0,195.7397003173828,0.45877254009246826,197.52938842773438,0.45461589097976685
2026-09-08T01:56:00.000+08:00,3709.75439453125,10.30566692352295,7.545680999755859,2810.2548828125,24.032997131347656,27.5,383.6000061035156,162.3560028076172,90.20600128173828,0.8360000252723694,60.02000045776367,153757.5,200.04690551757812,0.4493946135044098,197.11509704589844,0.4560787081718445
2026-09-08T01:57:00.000+08:00,3667.225830078125,10.212084770202637,7.513346195220947,2817.924560546875,24.052501678466797,27.556640625,384.1000061035156,162.90199279785156,90.24299621582031,0.8330000042915344,60.02000045776367,153758.90625,195.6262664794922,0.4585273861885071,195.58782958984375,0.45861750841140747
2026-09-08T01:58:00.000+08:00,3765.2724609375,10.259821891784668,7.513888835906982,2832.77099609375,24.176084518432617,27.513671875,383.1000061035156,162.74000549316406,90.16000366210938,0.8339999914169312,59.97999954223633,153760.5,200.5893096923828,0.4466838538646698,198.12258911132812,0.4522452652454376
2026-09-08T01:59:00.000+08:00,3698.322998046875,10.251582145690918,7.544053554534912,2819.862548828125,24.18230628967285,27.5283203125,383.6000061035156,162.85899353027344,90.36900329589844,0.8349999785423279,60.0099983215332,153761.90625,200.55943298339844,0.44675037264823914,199.0929412841797,0.4500410556793213
2026-09-08T02:00:00.000+08:00,3614.3291015625,10.2356595993042,7.544053554534912,2809.49169921875,24.055044174194336,27.56982421875,383.3999938964844,162.63600158691406,90.10199737548828,0.8339999914169312,59.97999954223633,153763.40625,196.9183807373047,0.4555186629295349,186.04971313476562,0.48212921619415283
2026-09-08T02:01:00.000+08:00,3749.46337890625,10.259821891784668,7.5462236404418945,2825.52490234375,24.171283721923828,27.56982421875,382.8999938964844,162.55999755859375,90.12999725341797,0.8339999914169312,59.97999954223633,153765.0,199.5670928955078,0.4494728744029999,190.41354370117188,0.47107991576194763
2026-09-08T02:02:00.000+08:00,3651.306396484375,10.204318046569824,7.544596195220947,2818.513671875,24.02083396911621,27.59765625,383.29998779296875,162.2989959716797,90.34500122070312,0.8349999785423279,59.970001220703125,153766.40625,194.99720764160156,0.46000659465789795,196.82144165039062,0.45574304461479187
2026-09-08T02:03:00.000+08:00,3652.509521484375,10.22071361541748,7.544596195220947,2840.631591796875,24.028470993041992,27.5,383.5,162.1959991455078,90.34500122070312,0.8399999737739563,59.939998626708984,153767.90625,192.7957305908203,0.46422189474105835,199.80552673339844,0.4479355812072754
2026-09-08T02:04:00.000+08:00,3662.79931640625,10.2103910446167,7.545138835906982,2821.185302734375,24.04146385192871,27.611328125,383.20001220703125,162.83799743652344,90.40599822998047,0.8349999785423279,59.959999084472656,153769.5,194.637451171875,0.4608650803565979,195.46182250976562,0.4589131474494934
2026-09-08T02:05:00.000+08:00,3739.474365234375,10.245013236999512,7.5462236404418945,2832.18212890625,24.019695281982422,27.56982421875,383.70001220703125,162.36300659179688,90.3499984741211,0.8370000123977661,59.959999084472656,153771.09375,198.63140869140625,0.45159024000167847,198.55963134765625,0.4517534375190735
2026-09-08T02:06:00.000+08:00,3647.421630859375,10.223963737487793,7.541341304779053,2800.96142578125,24.037506103515625,27.556640625,383.8999938964844,162.36000061035156,90.35900115966797,0.8370000123977661,59.970001220703125,153772.59375,193.232177734375,0.4657609462738037,198.04803466796875,0.45443519949913025
2026-09-08T02:07:00.000+08:00,3686.55029296875,10.284327507019043,7.575846195220947,2807.600341796875,24.037506103515625,27.611328125,383.79998779296875,163.00100708007812,90.4219970703125,0.8339999914169312,60.029998779296875,153774.0,198.76229858398438,0.45129284262657166,197.81216430664062,0.4534604847431183
2026-09-08T02:08:00.000+08:00,3683.928955078125,10.32172679901123,7.609808921813965,2812.064697265625,24.070886611938477,27.583984375,384.1000061035156,162.85400390625,90.48500061035156,0.8360000252723694,59.9900016784668,153775.59375,196.082763671875,0.4569498896598816,196.3494873046875,0.45632919669151306
2026-09-08T02:09:00.000+08:00,3647.480224609375,10.309138298034668,7.575303554534912,2819.26513671875,24.055889129638672,27.59765625,383.5,162.3000030517578,90.38700103759766,0.8379999995231628,59.959999084472656,153777.09375,197.09352111816406,0.4566360414028168,197.37417602539062,0.4559866786003113
2026-09-08T02:10:00.000+08:00,3714.448486328125,10.270495414733887,7.608180999755859,2831.508544921875,24.217376708984375,27.5703125,383.8999938964844,161.4340057373047,90.3759994506836,0.8420000076293945,59.95000076293945,153778.59375,202.14590454101562,0.4457176625728607,195.5020751953125,0.46086469292640686
2026-09-08T02:11:00.000+08:00,3654.882080078125,10.316134452819824,7.575846195220947,2821.861083984375,24.22414779663086,27.5419921875,383.3999938964844,161.88099670410156,90.42400360107422,0.8379999995231628,59.959999084472656,153780.0,198.25047302246094,0.4524579346179962,198.30068969726562,0.4523433744907379
2026-09-08T02:12:00.000+08:00,3696.24755859375,10.294650077819824,7.576388835906982,2828.965576171875,24.22840118408203,27.556640625,383.8999938964844,163.2740020751953,90.36599731445312,0.8320000171661377,60.029998779296875,153781.59375,195.2490997314453,0.45787665247917175,188.02105712890625,0.4754786491394043
2026-09-08T02:13:00.000+08:00,3649.96875,10.293208122253418,7.575846195220947,2817.8984375,24.235464096069336,27.56982421875,383.5,163.9459991455078,90.49600219726562,0.8309999704360962,59.959999084472656,153783.09375,192.9329376220703,0.46648335456848145,188.6465606689453,0.47708263993263245
2026-09-08T02:14:00.000+08:00,3707.76953125,10.270289421081543,7.576388835906982,2817.922607421875,24.05929183959961,27.611328125,383.70001220703125,163.52499389648438,90.46099853515625,0.8330000042915344,59.959999084472656,153784.59375,199.9336700439453,0.4496491551399231,186.59788513183594,0.4817846715450287
2026-09-08T02:15:00.000+08:00,3715.64453125,10.316134452819824,7.574760913848877,2824.412841796875,24.059843063354492,27.5419921875,383.8999938964844,162.20199584960938,90.41500091552734,0.8399999737739563,59.9900016784668,153786.0,200.3319854736328,0.4487551152706146,186.85696411132812,0.4811166822910309
2026-09-08T02:16:00.000+08:00,3611.142822265625,10.316607475280762,7.575303554534912,2823.127685546875,24.058446884155273,27.5703125,384.0,163.41299438476562,90.53299713134766,0.8339999914169312,59.97999954223633,153787.59375,195.9168243408203,0.4588681757450104,198.9649200439453,0.4518384337425232
2026-09-08T02:17:00.000+08:00,3696.925537109375,10.308375358581543,7.6087236404418945,2803.232177734375,24.202951431274414,27.58349609375,383.8999938964844,163.2310028076172,90.47100067138672,0.8330000042915344,60.02000045776367,153789.0,199.88473510742188,0.44975921511650085,196.4256134033203,0.4576796293258667
2026-09-08T02:18:00.000+08:00,3699.712158203125,10.26349925994873,7.603841304779053,2824.8095703125,24.20464324951172,27.51416015625,384.0,163.53599548339844,90.69599914550781,0.8339999914169312,59.9900016784668,153790.59375,201.7866668701172,0.4460155963897705,196.38331604003906,0.45828741788864136
2026-09-08T02:19:00.000+08:00,3703.3623046875,10.310282707214355,7.603841304779053,2819.1337890625,24.193328857421875,27.5703125,383.20001220703125,162.80599975585938,90.54000091552734,0.8360000252723694,59.959999084472656,153792.09375,198.0638885498047,0.45439884066581726,184.3260498046875,0.4882652163505554
2026-09-08T02:20:00.000+08:00,3687.98583984375,10.323641777038574,7.574760913848877,2826.7265625,24.1294002532959,27.69482421875,383.0,163.7570037841797,90.51200103759766,0.8309999704360962,60.0,153793.59375,194.6182861328125,0.4619298577308655,185.61668395996094,0.4843314588069916
2026-09-08T02:21:00.000+08:00,3677.515625,10.316607475280762,7.576388835906982,2842.216796875,24.206907272338867,27.5419921875,383.29998779296875,162.95799255371094,90.36599731445312,0.8339999914169312,60.029998779296875,153795.203125,197.47938537597656,0.4547309875488281,190.43850708007812,0.4715433120727539
2026-09-08T02:22:00.000+08:00,3651.803466796875,10.314730644226074,7.573676109313965,2822.57666015625,24.04486656188965,27.51416015625,383.3999938964844,163.69000244140625,90.54299926757812,0.8330000042915344,60.02000045776367,153796.59375,192.66348266601562,0.4681738317012787,187.84585571289062,0.480180948972702
2026-09-08T02:23:00.000+08:00,3697.1513671875,10.317072868347168,7.576930999755859,2805.027587890625,24.017431259155273,27.52783203125,383.29998779296875,164.37399291992188,90.35900115966797,0.828000009059906,60.0099983215332,153798.09375,201.01158142089844,0.44574546813964844,186.38282775878906,0.48073098063468933
2026-09-08T02:24:00.000+08:00,3689.107666015625,10.312678337097168,7.545138835906982,2829.53369140625,24.0211124420166,27.583984375,382.70001220703125,163.08799743652344,90.28500366210938,0.8339999914169312,59.970001220703125,153799.59375,195.99301147460938,0.45920002460479736,194.77110290527344,0.46208086609840393
2026-09-08T02:25:00.000+08:00,3743.56298828125,10.307032585144043,7.545138835906982,2806.80615234375,24.001880645751953,27.5,383.8999938964844,162.88400268554688,90.58699798583984,0.8339999914169312,60.029998779296875,153801.203125,204.13804626464844,0.4403882622718811,197.5352783203125,0.4551085829734802
2026-09-08T02:26:00.000+08:00,3681.61328125,10.306139945983887,7.545680999755859,2828.81884765625,24.099761962890625,27.4453125,384.5,162.66099548339844,90.58899688720703,0.8370000123977661,60.02000045776367,153802.59375,201.853759765625,0.4438856840133667,199.97418212890625,0.4480578303337097
2026-09-08T02:27:00.000+08:00,3692.257080078125,10.276850700378418,7.575846195220947,2830.70556640625,24.006980895996094,27.583984375,384.1000061035156,160.2469940185547,90.48699951171875,0.8489999771118164,60.02000045776367,153804.203125,202.3333740234375,0.44431620836257935,196.47076416015625,0.4575744569301605
2026-09-08T02:28:00.000+08:00,3723.9384765625,10.297686576843262,7.5462236404418945,2826.67822265625,24.088701248168945,27.45849609375,384.1000061035156,159.53900146484375,90.50800323486328,0.8539999723434448,59.97999954223633,153805.796875,204.74046325683594,0.43860405683517456,186.01229858398438,0.48276376724243164
2026-09-08T02:29:00.000+08:00,3678.392333984375,10.306780815124512,7.575846195220947,2844.52978515625,23.956655502319336,27.38916015625,383.70001220703125,158.96800231933594,90.55400085449219,0.8560000061988831,59.9900016784668,153807.09375,202.17987060546875,0.44465357065200806,189.262939453125,0.4750005304813385
2026-09-08T02:30:00.000+08:00,3689.60107421875,10.315669059753418,7.571506023406982,2845.650146484375,23.969388961791992,27.40283203125,383.79998779296875,159.10699462890625,90.572998046875,0.8560000061988831,60.02000045776367,153808.703125,202.45301818847656,0.444547563791275,184.22268676757812,0.4885391891002655
2026-09-08T02:31:00.000+08:00,3692.86181640625,10.317072868347168,7.574760913848877,2803.0751953125,23.971925735473633,27.4169921875,384.0,159.04100036621094,90.60299682617188,0.8569999933242798,60.02000045776367,153810.203125,199.77859497070312,0.44949761033058167,194.9448699951172,0.46064305305480957
2026-09-08T02:32:00.000+08:00,3764.690673828125,10.370875358581543,7.60546875,2829.64892578125,24.1076717376709,27.486328125,384.1000061035156,159.6999969482422,90.68900299072266,0.8539999723434448,60.02000045776367,153811.796875,203.82009887695312,0.44058459997177124,197.0569610595703,0.45570582151412964
2026-09-08T02:33:00.000+08:00,3649.391357421875,10.348444938659668,7.6087236404418945,2817.7734375,24.122081756591797,27.38916015625,384.1000061035156,159.7989959716797,90.73500061035156,0.8539999723434448,60.029998779296875,153813.296875,196.3429718017578,0.45736294984817505,191.7161407470703,0.4684008061885834
2026-09-08T02:34:00.000+08:00,3711.41650390625,10.292956352233887,7.609808921813965,2818.218505859375,24.096355438232422,27.458984375,384.3999938964844,159.23599243164062,90.61199951171875,0.8539999723434448,59.9900016784668,153814.703125,197.97320556640625,0.4530916213989258,182.82553100585938,0.49063166975975037
2026-09-08T02:35:00.000+08:00,3650.197509765625,10.371844291687012,7.603841304779053,2830.299072265625,24.100034713745117,27.47265625,384.3999938964844,159.51499938964844,90.74400329589844,0.8539999723434448,60.029998779296875,153816.296875,198.42271423339844,0.45156121253967285,183.46807861328125,0.48836836218833923
2026-09-08T02:36:00.000+08:00,3760.091796875,10.357081413269043,7.637803554534912,2830.486328125,24.121509552001953,27.458984375,384.6000061035156,159.92999267578125,90.74400329589844,0.8510000109672546,60.02000045776367,153817.796875,204.84957885742188,0.4373941123485565,190.6206512451172,0.47004351019859314
2026-09-08T02:37:00.000+08:00,3683.003662109375,10.347681999206543,7.638888835906982,2821.06640625,23.9727725982666,27.4453125,384.70001220703125,160.5540008544922,90.78199768066406,0.8479999899864197,59.9900016784668,153819.296875,202.27273559570312,0.44395503401756287,188.7771759033203,0.47569307684898376
2026-09-08T02:38:00.000+08:00,3707.930908203125,10.356867790222168,7.606553554534912,2833.26220703125,23.98406982421875,27.431640625,384.29998779296875,160.343994140625,90.68900299072266,0.8500000238418579,59.959999084472656,153820.703125,200.05703735351562,0.4478722810745239,187.6175079345703,0.4775673747062683
2026-09-08T02:39:00.000+08:00,3740.350341796875,10.270495414733887,7.60926628112793,2829.0966796875,23.975034713745117,27.458984375,384.20001220703125,160.42100524902344,90.60299682617188,0.8489999771118164,59.95000076293945,153822.296875,201.02809143066406,0.4476986229419708,194.92324829101562,0.46172019839286804
2026-09-08T02:40:00.000+08:00,3694.86328125,10.2754545211792,7.573676109313965,2820.320068359375,23.96854019165039,27.38916015625,384.29998779296875,160.56300354003906,90.43599700927734,0.8460000157356262,59.970001220703125,153823.796875,201.58750915527344,0.4454641044139862,197.0101318359375,0.4558141231536865
2026-09-08T02:41:00.000+08:00,3702.9482421875,10.299784660339355,7.575303554534912,2824.33837890625,23.94279670715332,27.47265625,384.1000061035156,160.78399658203125,90.51699829101562,0.8460000157356262,59.970001220703125,153825.40625,202.93533325195312,0.442012757062912,196.94129943847656,0.4554656744003296
2026-09-08T02:42:00.000+08:00,3711.917724609375,10.225367546081543,7.544053554534912,2811.043212890625,24.11981773376465,27.431640625,384.20001220703125,160.447998046875,90.3219985961914,0.847000002861023,59.97999954223633,153826.90625,198.7727508544922,0.45227524638175964,187.02362060546875,0.4806879460811615
2026-09-08T02:43:00.000+08:00,3735.069091796875,10.307719230651855,7.576388835906982,2802.693603515625,24.103994369506836,27.4169921875,384.70001220703125,160.38299560546875,90.43099975585938,0.8460000157356262,60.029998779296875,153828.296875,202.4546661376953,0.44108641147613525,196.4858856201172,0.45448556542396545
2026-09-08T02:44:00.000+08:00,3696.9912109375,10.211535453796387,7.575303554534912,2820.778564453125,24.009517669677734,27.51416015625,384.79998779296875,159.70899963378906,90.39600372314453,0.8489999771118164,60.02000045776367,153829.796875,196.6820526123047,0.4565744698047638,185.35516357421875,0.484475314617157
2026-09-08T02:45:00.000+08:00,3700.705322265625,10.322497367858887,7.544596195220947,2821.523193359375,24.008398056030273,27.556640625,384.5,160.2740020751953,90.49600219726562,0.8479999899864197,59.97999954223633,153831.40625,199.94049072265625,0.44763317704200745,187.19754028320312,0.4781045913696289
2026-09-08T02:46:00.000+08:00,3688.63427734375,10.315485954284668,7.545680999755859,2829.4521484375,24.116708755493164,27.375,384.29998779296875,160.28900146484375,90.3499984741211,0.8479999899864197,59.9900016784668,153832.90625,197.3931121826172,0.45492976903915405,195.01112365722656,0.4604865610599518
2026-09-08T02:47:00.000+08:00,3704.41748046875,10.314249992370605,7.5774736404418945,2818.847900390625,24.11048698425293,27.4169921875,384.29998779296875,160.1009979248047,90.39399719238281,0.8489999771118164,59.970001220703125,153834.296875,204.13641357421875,0.4389221668243408,201.81027221679688,0.4439813792705536
2026-09-08T02:48:00.000+08:00,3683.7060546875,10.2279691696167,7.513888835906982,2832.373291015625,24.114444732666016,27.4169921875,384.29998779296875,159.99899291992188,90.1989974975586,0.847000002861023,60.02000045776367,153835.90625,200.80191040039062,0.44720688462257385,186.73651123046875,0.48089149594306946
2026-09-08T02:49:00.000+08:00,3654.111572265625,10.138606071472168,7.450303554534912,2821.194091796875,24.068052291870117,27.4453125,384.29998779296875,159.41200256347656,90.02100372314453,0.847000002861023,60.029998779296875,153837.40625,198.42196655273438,0.4521663784980774,197.4751739501953,0.45322152972221375
2026-09-08T02:50:00.000+08:00,3710.365478515625,10.13093090057373,7.420680999755859,2801.348876953125,24.059865951538086,27.4453125,384.5,158.57000732421875,89.86499786376953,0.8510000109672546,60.02000045776367,153838.90625,199.80577087402344,0.44793501496315,183.56288146972656,0.4875713586807251
2026-09-08T02:51:00.000+08:00,3686.467529296875,10.122775077819824,7.388888835906982,2857.611083984375,23.912546157836914,27.4033203125,384.6000061035156,159.01699829101562,89.88600158691406,0.8489999771118164,60.02000045776367,153840.296875,198.3984375,0.4485922157764435,191.48565673828125,0.4647867679595947
2026-09-08T02:52:00.000+08:00,3650.11669921875,10.122294425964355,7.387260913848877,2817.390869140625,24.056480407714844,27.431640625,384.79998779296875,158.0760040283203,89.7699966430664,0.8519999980926514,60.02000045776367,153841.90625,196.28392028808594,0.4544437527656555,189.1204376220703,0.4716571271419525
2026-09-08T02:53:00.000+08:00,3671.0634765625,10.043414115905762,7.389430999755859,2832.198486328125,24.03190040588379,27.47265625,384.79998779296875,158.2010040283203,89.73300170898438,0.8539999723434448,59.97999954223633,153843.296875,193.8541717529297,0.46065554022789,199.92434692382812,0.44666895270347595
2026-09-08T02:54:00.000+08:00,3669.525390625,10.1275053024292,7.388888835906982,2821.36083984375,24.062150955200195,27.486328125,384.70001220703125,157.99400329589844,89.73500061035156,0.8519999980926514,60.0,153844.796875,198.28289794921875,0.4493579566478729,188.9390106201172,0.47158077359199524
2026-09-08T02:55:00.000+08:00,3748.75390625,10.1206693649292,7.420680999755859,2819.873046875,24.081928253173828,27.486328125,384.29998779296875,158.41799926757812,89.89099884033203,0.8519999980926514,59.959999084472656,153846.40625,196.21292114257812,0.45155027508735657,192.51573181152344,0.46022212505340576
2026-09-08T02:56:00.000+08:00,3659.57958984375,10.127032279968262,7.388346195220947,2833.28125,24.07712745666504,27.4453125,384.6000061035156,157.74400329589844,89.64900207519531,0.8489999771118164,60.0,153847.90625,193.13917541503906,0.4597720503807068,190.31553649902344,0.46659353375434875
2026-09-08T02:57:00.000+08:00,3681.337158203125,10.043658256530762,7.353841304779053,2828.47265625,24.049158096313477,27.431640625,384.79998779296875,158.15499877929688,89.6520004272461,0.8500000238418579,60.02000045776367,153849.296875,195.47573852539062,0.45734575390815735,191.05621337890625,0.46792513132095337
2026-09-08T02:58:00.000+08:00,3683.969970703125,10.02521800994873,7.38563346862793,2804.8984375,23.890485763549805,27.44482421875,384.29998779296875,158.41900634765625,89.66999816894531,0.8500000238418579,60.0099983215332,153850.796875,200.18289184570312,0.4445934593677521,187.4483642578125,0.47479739785194397
2026-09-08T02:59:00.000+08:00,3659.846435546875,10.034090995788574,7.39051628112793,2815.239013671875,23.879188537597656,27.38916015625,384.3999938964844,156.95199584960938,89.73500061035156,0.859000027179718,59.9900016784668,153852.296875,196.0415802001953,0.4550054967403412,187.308837890625,0.4762188494205475
2026-09-08T03:00:00.000+08:00,3711.120361328125,10.02704906463623,7.388888835906982,2824.1123046875,23.911701202392578,27.486328125,384.70001220703125,156.3780059814453,89.70700073242188,0.8610000014305115,60.02000045776367,153853.90625,200.02737426757812,0.4444391429424286,189.7266845703125,0.4685687720775604
2026-09-08T03:01:00.000+08:00,3745.13818359375,10.071833610534668,7.356553554534912,2824.914306640625,23.97757911682129,27.25,385.3999938964844,156.6490020751953,89.48500061035156,0.8569999933242798,60.02000045776367,153855.40625,196.0368194580078,0.4555266797542572,183.0694122314453,0.4877931475639343
2026-09-08T03:02:00.000+08:00,3760.335205078125,10.023371696472168,7.387803554534912,2807.267578125,23.898141860961914,27.38916015625,385.29998779296875,156.98599243164062,89.62200164794922,0.8560000061988831,59.95000076293945,153856.796875,196.83229064941406,0.4536857306957245,199.10543823242188,0.44850608706474304
2026-09-08T03:03:00.000+08:00,3765.3828125,10.012537956237793,7.386176109313965,2821.462158203125,23.98836326599121,27.2919921875,384.3999938964844,156.82699584960938,89.64900207519531,0.8600000143051147,59.970001220703125,153858.296875,202.85812377929688,0.43864262104034424,183.19430541992188,0.4839392304420471
2026-09-08T03:04:00.000+08:00,3687.908935546875,10.018389701843262,7.388346195220947,2807.41796875,23.994583129882812,27.3203125,384.70001220703125,156.91299438476562,89.69999694824219,0.8579999804496765,60.02000045776367,153859.90625,194.5875701904297,0.4573776125907898,194.33245849609375,0.4579780399799347
2026-09-08T03:05:00.000+08:00,3712.432861328125,10.09253978729248,7.417426109313965,2818.111572265625,23.963762283325195,27.361328125,384.5,157.447998046875,89.89299774169922,0.8579999804496765,60.0099983215332,153861.203125,197.98878479003906,0.4505305588245392,186.88160705566406,0.4773075580596924
2026-09-08T03:06:00.000+08:00,3724.942138671875,10.130450248718262,7.419596195220947,2848.880615234375,23.968563079833984,27.361328125,384.3999938964844,157.1840057373047,89.98100280761719,0.859000027179718,60.0,153862.796875,194.6604766845703,0.4587474465370178,199.84645080566406,0.44684305787086487
2026-09-08T03:07:00.000+08:00,3729.35693359375,10.090876579284668,7.450846195220947,2802.635009765625,23.956693649291992,27.306640625,384.5,157.3040008544922,89.93000030517578,0.859000027179718,60.02000045776367,153864.296875,197.94512939453125,0.45012474060058594,188.930908203125,0.4716009795665741
2026-09-08T03:08:00.000+08:00,3742.866455078125,10.050921440124512,7.418510913848877,2849.13623046875,23.798845291137695,27.333984375,384.5,156.6739959716797,89.70700073242188,0.8619999885559082,60.02000045776367,153865.796875,201.3163604736328,0.4430837035179138,191.79425048828125,0.46508172154426575
2026-09-08T03:09:00.000+08:00,3674.662841796875,10.137286186218262,7.389430999755859,2827.60498046875,23.918550491333008,27.333984375,384.5,156.93600463867188,89.8489990234375,0.8600000143051147,60.02000045776367,153867.296875,193.02142333984375,0.46316102147102356,185.3372802734375,0.48236382007598877
2026-09-08T03:10:00.000+08:00,3800.64892578125,10.0581693649292,7.354926109313965,2819.086669921875,23.779638290405273,27.2919921875,384.79998779296875,157.17599487304688,89.91600036621094,0.8569999933242798,60.040000915527344,153868.796875,200.41209411621094,0.4455818831920624,197.73500061035156,0.45161452889442444
2026-09-08T03:11:00.000+08:00,3765.3271484375,10.112483024597168,7.384548187255859,2822.96533203125,23.787569046020508,27.3203125,384.5,157.093994140625,89.89099884033203,0.859000027179718,60.02000045776367,153870.296875,199.66787719726562,0.4477435052394867,199.9629364013672,0.44708284735679626
2026-09-08T03:12:00.000+08:00,3733.092529296875,10.066378593444824,7.387260913848877,2818.887939453125,23.9583683013916,27.31982421875,384.6000061035156,157.28799438476562,89.76100158691406,0.8560000061988831,59.9900016784668,153871.796875,197.63099670410156,0.44982820749282837,200.05613708496094,0.44437527656555176
2026-09-08T03:13:00.000+08:00,3733.023681640625,10.04297161102295,7.388346195220947,2827.652587890625,23.7923526763916,27.361328125,383.8999938964844,158.3350067138672,89.78199768066406,0.859000027179718,60.02000045776367,153873.203125,198.7886199951172,0.4487178325653076,198.201416015625,0.45004725456237793
2026-09-08T03:14:00.000+08:00,3681.702392578125,10.0336332321167,7.39051628112793,2827.93798828125,23.933197021484375,27.306640625,384.20001220703125,157.29100036621094,89.65599822998047,0.8569999933242798,60.0099983215332,153874.703125,193.91908264160156,0.4599856734275818,192.8168487548828,0.46261516213417053
2026-09-08T03:15:00.000+08:00,3745.99755859375,10.028895378112793,7.385091304779053,2821.45263671875,23.925025939941406,27.26416015625,384.0,156.6649932861328,89.61199951171875,0.8600000143051147,59.97999954223633,153876.296875,197.99656677246094,0.4489976763725281,192.89755249023438,0.46086639165878296
2026-09-08T03:16:00.000+08:00,3684.9609375,10.073847770690918,7.387803554534912,2828.25927734375,23.945653915405273,27.361328125,384.1000061035156,156.76400756835938,89.73300170898438,0.8600000143051147,60.02000045776367,153877.796875,194.26548767089844,0.458650678396225,188.8129425048828,0.47189563512802124
2026-09-08T03:17:00.000+08:00,3702.35400390625,10.027270317077637,7.419596195220947,2828.073974609375,23.81610679626465,27.31982421875,384.1000061035156,156.78900146484375,89.8280029296875,0.8610000014305115,60.02000045776367,153879.203125,194.21189880371094,0.45980706810951233,187.36705017089844,0.4766046106815338
2026-09-08T03:18:00.000+08:00,3716.472900390625,10.08063793182373,7.4524736404418945,2832.8681640625,23.962087631225586,27.333984375,384.29998779296875,156.71200561523438,89.96499633789062,0.8610000014305115,59.970001220703125,153880.703125,196.86109924316406,0.45311135053634644,192.31690979003906,0.4638177752494812
2026-09-08T03:19:00.000+08:00,3815.127197265625,10.092082023620605,7.419596195220947,2829.40625,23.81130599975586,27.26416015625,384.3999938964844,156.6909942626953,89.75199890136719,0.8619999885559082,60.02000045776367,153882.296875,202.15365600585938,0.4407538175582886,198.8766326904297,0.4480164349079132
2026-09-08T03:20:00.000+08:00,3782.378662109375,10.027735710144043,7.42176628112793,2832.6279296875,23.790678024291992,27.33349609375,384.6000061035156,156.61000061035156,90.01599884033203,0.8629999756813049,60.02000045776367,153883.703125,202.70005798339844,0.44104576110839844,196.31260681152344,0.4553961455821991
2026-09-08T03:21:00.000+08:00,3747.3125,10.131869316101074,7.420138835906982,2828.80078125,23.786724090576172,27.333984375,384.79998779296875,156.7429962158203,90.1969985961914,0.8640000224113464,59.970001220703125,153885.296875,198.70278930664062,0.44840842485427856,193.79795837402344,0.4597571790218353
2026-09-08T03:22:00.000+08:00,3736.66943359375,10.14087963104248,7.54296875,2811.78076171875,23.818391799926758,27.34765625,384.6000061035156,156.9499969482422,90.20899963378906,0.8629999756813049,60.02000045776367,153886.796875,203.1431884765625,0.4405759572982788,191.6212615966797,0.4670671820640564
2026-09-08T03:23:00.000+08:00,3778.715087890625,10.258883476257324,7.510091304779053,2816.69775390625,23.816951751708984,27.25,385.29998779296875,157.7790069580078,90.36900329589844,0.8619999885559082,60.040000915527344,153888.203125,199.53697204589844,0.4485384523868561,196.2789764404297,0.45598363876342773
2026-09-08T03:24:00.000+08:00,3786.423828125,10.258402824401855,7.513888835906982,2824.93701171875,23.823192596435547,27.25,385.6000061035156,157.73899841308594,90.27100372314453,0.8569999933242798,60.040000915527344,153889.703125,195.0110321044922,0.4604867696762085,197.73556518554688,0.45414188504219055
2026-09-08T03:25:00.000+08:00,3736.467041015625,10.25794506072998,7.5149736404418945,2844.6435546875,23.837087631225586,27.25,385.79998779296875,157.57400512695312,90.31300354003906,0.8579999804496765,60.029998779296875,153891.203125,201.5521697998047,0.44454991817474365,192.6144256591797,0.4651780426502228
2026-09-08T03:26:00.000+08:00,3714.00439453125,10.179522514343262,7.513888835906982,2849.838623046875,23.961498260498047,27.34765625,385.79998779296875,156.9010009765625,90.44499969482422,0.8629999756813049,60.029998779296875,153892.796875,201.0551300048828,0.4446541666984558,193.44818115234375,0.4621392786502838
2026-09-08T03:27:00.000+08:00,3727.812255859375,10.20197582244873,7.547308921813965,2807.022705078125,23.966045379638672,27.333984375,385.3999938964844,157.28700256347656,90.33399963378906,0.8610000014305115,59.970001220703125,153894.296875,194.8489532470703,0.46086981892585754,192.2735595703125,0.4670428931713104
2026-09-08T03:28:00.000+08:00,3731.42578125,10.242022514343262,7.513888835906982,2808.047119140625,23.988933563232422,27.2919921875,385.29998779296875,157.18699645996094,90.31800079345703,0.8610000014305115,59.95000076293945,153895.796875,196.16282653808594,0.45625361800193787,190.01039123535156,0.47102686762809753
2026-09-08T03:29:00.000+08:00,3739.355712890625,10.255122184753418,7.513888835906982,2818.741943359375,23.8557071685791,27.333984375,385.29998779296875,158.14500427246094,90.53600311279297,0.8569999933242798,59.970001220703125,153897.296875,196.95883178710938,0.45491740107536316,188.35975646972656,0.4756854772567749
2026-09-08T03:30:00.000+08:00,3769.009521484375,10.249491691589355,7.516058921813965,2844.003173828125,23.835651397705078,27.25,385.29998779296875,157.97900390625,90.41500091552734,0.8569999933242798,60.02000045776367,153898.796875,203.69903564453125,0.4393737018108368,193.21597290039062,0.4632122218608856
2026-09-08T03:31:00.000+08:00,3709.05712890625,10.251360893249512,7.5149736404418945,2819.22314453125,23.83220863342285,27.25,385.29998779296875,158.06100463867188,90.31099700927734,0.8569999933242798,60.02000045776367,153900.296875,200.1793975830078,0.44859760999679565,196.1406707763672,0.4578346610069275
2026-09-08T03:32:00.000+08:00,3788.048828125,10.243426322937012,7.51551628112793,2803.424560546875,23.831693649291992,27.2919921875,385.0,158.3179931640625,90.42900085449219,0.8560000061988831,59.970001220703125,153901.90625,203.84280395507812,0.44004496932029724,189.9176483154297,0.47230997681617737
2026-09-08T03:33:00.000+08:00,3667.382568359375,10.211329460144043,7.541341304779053,2798.832763671875,23.842973709106445,27.26416015625,385.0,158.39599609375,90.51899719238281,0.8569999933242798,59.97999954223633,153903.296875,199.12045288085938,0.44997888803482056,195.56739807128906,0.4581540524959564
2026-09-08T03:34:00.000+08:00,3772.019287109375,10.205256462097168,7.544053554534912,2826.27099609375,23.824607849121094,27.34765625,384.79998779296875,158.31399536132812,90.41999816894531,0.8560000061988831,59.9900016784668,153904.90625,204.16090393066406,0.4390973746776581,194.0421142578125,0.46408987045288086
2026-09-08T03:35:00.000+08:00,3752.391357421875,10.256709098815918,7.544053554534912,2823.857177734375,23.81754493713379,27.3203125,384.8999938964844,158.50399780273438,90.58899688720703,0.8569999933242798,59.97999954223633,153906.40625,198.64012145996094,0.4510669708251953,191.68496704101562,0.4674336314201355
2026-09-08T03:36:00.000+08:00,3771.44140625,10.281046867370605,7.575303554534912,2840.915771484375,23.798355102539062,27.306640625,384.6000061035156,158.83299255371094,90.60299682617188,0.8560000061988831,59.9900016784668,153907.796875,200.0968017578125,0.44828304648399353,198.7121124267578,0.4514068067073822
2026-09-08T03:37:00.000+08:00,3772.955810546875,10.261401176452637,7.54188346862793,2808.474853515625,23.815616607666016,27.33349609375,384.8999938964844,158.68800354003906,90.50599670410156,0.8550000190734863,60.029998779296875,153909.296875,203.06964111328125,0.44319772720336914,195.18679809570312,0.46109676361083984
2026-09-08T03:38:00.000+08:00,3685.79833984375,10.251582145690918,7.54296875,2814.288330078125,23.784439086914062,27.25,384.79998779296875,158.33999633789062,90.4990005493164,0.8579999804496765,60.02000045776367,153910.796875,198.65982055664062,0.45303574204444885,194.860107421875,0.4618698060512543
2026-09-08T03:39:00.000+08:00,3806.0146484375,10.244074821472168,7.545680999755859,2830.623046875,23.791269302368164,27.25,385.1000061035156,158.52099609375,90.64700317382812,0.8579999804496765,60.0099983215332,153912.40625,202.88438415527344,0.44212374091148376,195.02122497558594,0.45994994044303894
2026-09-08T03:40:00.000+08:00,3706.190673828125,10.211787223815918,7.54296875,2826.94775390625,23.767534255981445,27.333984375,385.1000061035156,158.06300354003906,90.46399688720703,0.859000027179718,60.029998779296875,153913.90625,199.80856323242188,0.44892972707748413,194.881103515625,0.4602806568145752
2026-09-08T03:41:00.000+08:00,3751.95849609375,10.28150463104248,7.575303554534912,2816.794677734375,23.759855270385742,27.333984375,385.5,158.1020050048828,90.56999969482422,0.8579999804496765,60.029998779296875,153915.40625,200.87782287597656,0.44654008746147156,193.30386352539062,0.4640362560749054
2026-09-08T03:42:00.000+08:00,3731.204833984375,10.26606273651123,7.574760913848877,2826.8154296875,23.74773406982422,27.22265625,385.79998779296875,157.86500549316406,90.4540023803711,0.8579999804496765,60.029998779296875,153916.90625,197.57716369628906,0.45298758149147034,200.0332489013672,0.44742560386657715
2026-09-08T03:43:00.000+08:00,3792.678466796875,10.260455131530762,7.545680999755859,2823.427978515625,23.790422439575195,27.306640625,385.3999938964844,158.58700561523438,90.6050033569336,0.8560000061988831,60.0,153918.5,203.6454620361328,0.44096246361732483,200.22372436523438,0.44849830865859985
2026-09-08T03:44:00.000+08:00,3736.363037109375,10.306574821472168,7.542426109313965,2823.8173828125,23.766687393188477,27.27783203125,385.79998779296875,158.1490020751953,90.62799835205078,0.8579999804496765,60.02000045776367,153919.90625,199.51708984375,0.45108917355537415,194.69297790527344,0.4622662663459778
2026-09-08T03:45:00.000+08:00,3730.529296875,10.27357006072998,7.57421875,2830.863037109375,23.75649070739746,27.306640625,385.8999938964844,158.10499572753906,90.52200317382812,0.8569999933242798,60.0099983215332,153921.40625,200.94296264648438,0.4473906457424164,199.3564453125,0.4509510397911072
2026-09-08T03:46:00.000+08:00,3761.128173828125,10.299098014831543,7.545138835906982,2816.70166015625,23.723388671875,27.13916015625,385.5,158.62899780273438,90.697998046875,0.8569999933242798,59.9900016784668,153923.0,206.19479370117188,0.43502554297447205,208.1802520751953,0.43087661266326904
2026-09-08T03:47:00.000+08:00,3769.966796875,10.230792045593262,7.51551628112793,2825.06689453125,23.748817443847656,27.208984375,385.6000061035156,158.4149932861328,90.572998046875,0.8550000190734863,60.02000045776367,153924.40625,205.96292114257812,0.43697184324264526,198.995849609375,0.4522707164287567
2026-09-08T03:48:00.000+08:00,3766.328369140625,10.288813591003418,7.543510913848877,2847.635498046875,23.733583450317383,27.236328125,385.70001220703125,159.23899841308594,90.5260009765625,0.8529999852180481,60.040000915527344,153926.0,205.79949951171875,0.4353752136230469,192.99310302734375,0.46426528692245483
2026-09-08T03:49:00.000+08:00,3789.505126953125,10.321558952331543,7.545680999755859,2825.89697265625,23.740903854370117,27.181640625,385.79998779296875,157.82000732421875,90.60099792480469,0.859000027179718,60.029998779296875,153927.40625,205.25367736816406,0.43877020478248596,194.23095703125,0.46130648255348206
2026-09-08T03:50:00.000+08:00,3768.819580078125,10.205721855163574,7.5462236404418945,2824.606201171875,23.735254287719727,27.208984375,385.70001220703125,158.90699768066406,90.55000305175781,0.8560000061988831,60.02000045776367,153929.0,205.28829956054688,0.4374336004257202,194.77418518066406,0.4610467255115509
2026-09-08T03:51:00.000+08:00,3790.140625,10.276171684265137,7.547308921813965,2834.41943359375,23.640487670898438,27.333984375,385.20001220703125,158.1179962158203,90.6729965209961,0.8579999804496765,59.970001220703125,153930.5,208.00418090820312,0.43076056241989136,202.52120971679688,0.4424227774143219
2026-09-08T03:52:00.000+08:00,3796.802001953125,10.278056144714355,7.544596195220947,2829.203857421875,23.864212036132812,27.181640625,385.6000061035156,159.13600158691406,90.57499694824219,0.8519999980926514,60.02000045776367,153932.0,200.3485870361328,0.4472205340862274,194.9974365234375,0.4594932198524475
2026-09-08T03:53:00.000+08:00,3724.98388671875,10.321558952331543,7.545138835906982,2817.154052734375,23.75025177001953,27.34765625,385.79998779296875,157.94900512695312,90.76300048828125,0.859000027179718,60.029998779296875,153933.5,201.68551635742188,0.4442560076713562,206.45095825195312,0.4340013861656189
2026-09-08T03:54:00.000+08:00,3797.699951171875,10.283381462097168,7.575303554534912,2830.823486328125,23.78696060180664,27.3203125,385.79998779296875,158.3679962158203,90.76499938964844,0.8579999804496765,60.029998779296875,153935.0,200.5736083984375,0.44572165608406067,186.330078125,0.4797936975955963
2026-09-08T03:55:00.000+08:00,3820.9638671875,10.29743480682373,7.5774736404418945,2826.6806640625,23.82149887084961,27.306640625,385.8999938964844,158.39100646972656,90.48200225830078,0.8550000190734863,60.02000045776367,153936.5,204.70553588867188,0.43867889046669006,209.3616180419922,0.4289229214191437
2026-09-08T03:56:00.000+08:00,3754.2763671875,10.282618522644043,7.606010913848877,2832.721923828125,23.841299057006836,27.34765625,386.0,159.0540008544922,90.66799926757812,0.8529999852180481,59.9900016784668,153938.0,204.6479034423828,0.43880242109298706,200.71408081054688,0.44740259647369385
2026-09-08T03:57:00.000+08:00,3680.3125,10.289164543151855,7.608180999755859,2840.0634765625,23.81106948852539,27.361328125,385.5,158.91200256347656,90.75599670410156,0.8550000190734863,60.029998779296875,153939.5,199.1231689453125,0.4509771466255188,196.8347930908203,0.4562201499938965
2026-09-08T03:58:00.000+08:00,3765.97900390625,10.322710990905762,7.575303554534912,2832.0322265625,23.834213256835938,27.361328125,385.70001220703125,159.05299377441406,90.7770004272461,0.8539999723434448,59.9900016784668,153941.09375,199.98495483398438,0.45003384351730347,196.00155639648438,0.45917999744415283
2026-09-08T03:59:00.000+08:00,3784.326416015625,10.276392936706543,7.57421875,2819.2529296875,23.845256805419922,27.31982421875,385.20001220703125,158.70599365234375,90.51499938964844,0.8560000061988831,59.959999084472656,153942.59375,201.4141082763672,0.4473370909690857,195.31214904785156,0.461312860250473
2026-09-08T04:00:00.000+08:00,3707.031982421875,10.28198528289795,7.575303554534912,2827.41943359375,23.856277465820312,27.306640625,385.5,158.61599731445312,90.42400360107422,0.8550000190734863,60.029998779296875,153944.09375,201.52479553222656,0.44709140062332153,194.74026489257812,0.4626675546169281
2026-09-08T04:01:00.000+08:00,3706.047119140625,10.321085929870605,7.543510913848877,2818.5,23.847774505615234,27.26416015625,385.1000061035156,159.75799560546875,90.52899932861328,0.8489999771118164,60.02000045776367,153945.59375,198.76673889160156,0.45077964663505554,194.3065185546875,0.46112707257270813
2026-09-08T04:02:00.000+08:00,3745.324462890625,10.267291069030762,7.5462236404418945,2832.322509765625,23.981868743896484,27.2783203125,385.29998779296875,160.46400451660156,90.52400207519531,0.8460000157356262,60.0099983215332,153947.09375,201.13853454589844,0.4459612965583801,193.8992462158203,0.4626114070415497
2026-09-08T04:03:00.000+08:00,3676.532470703125,10.284586906433105,7.54676628112793,2815.050048828125,23.97564697265625,27.333984375,384.6000061035156,160.51600646972656,90.55400085449219,0.847000002861023,59.95000076293945,153948.59375,196.23741149902344,0.45557063817977905,190.81900024414062,0.4685068130493164
2026-09-08T04:04:00.000+08:00,3650.36767578125,10.306574821472168,7.544053554534912,2840.767333984375,23.882572174072266,27.431640625,384.8999938964844,160.08399963378906,90.6520004272461,0.8479999899864197,59.97999954223633,153950.203125,197.1594696044922,0.4544544517993927,186.2545166015625,0.4810621440410614
2026-09-08T04:05:00.000+08:00,3690.2548828125,10.300982475280762,7.545680999755859,2824.615966796875,23.90378761291504,27.375,384.5,160.7259979248047,90.63800048828125,0.847000002861023,59.959999084472656,153951.703125,202.1839599609375,0.442171573638916,189.39793395996094,0.47202202677726746
2026-09-08T04:06:00.000+08:00,3722.372802734375,10.3615140914917,7.603841304779053,2819.123779296875,23.924692153930664,27.375,385.0,161.31100463867188,90.61699676513672,0.843999981880188,59.959999084472656,153953.203125,204.71495056152344,0.43768176436424255,198.51673889160156,0.45134732127189636
2026-09-08T04:07:00.000+08:00,3745.21533203125,10.354044914245605,7.606553554534912,2806.677734375,23.947324752807617,27.458984375,384.79998779296875,160.9669952392578,90.62200164794922,0.8429999947547913,59.970001220703125,153954.703125,204.74557495117188,0.43810468912124634,193.30467224121094,0.4640343189239502
2026-09-08T04:08:00.000+08:00,3658.930419921875,10.313311576843262,7.5774736404418945,2828.221435546875,23.96795082092285,27.458984375,384.70001220703125,160.94200134277344,90.65899658203125,0.8460000157356262,59.959999084472656,153956.203125,199.51939392089844,0.4495803713798523,193.61538696289062,0.46328964829444885
2026-09-08T04:09:00.000+08:00,3710.0908203125,10.307032585144043,7.544053554534912,2827.519287109375,23.951004028320312,27.4453125,384.70001220703125,160.92999267578125,90.56800079345703,0.8450000286102295,59.95000076293945,153957.703125,202.25045776367188,0.4435094892978668,197.0092315673828,0.45530861616134644
2026-09-08T04:10:00.000+08:00,3770.49267578125,10.320147514343262,7.5462236404418945,2810.27490234375,23.93317413330078,27.47265625,384.70001220703125,160.57699584960938,90.79100036621094,0.8429999947547913,59.970001220703125,153959.09375,203.6459503173828,0.43997928500175476,194.65762329101562,0.4602953791618347
2026-09-08T04:11:00.000+08:00,3625.6875,10.284327507019043,7.572591304779053,2831.076171875,24.08757972717285,27.47265625,384.79998779296875,161.2429962158203,90.53600311279297,0.843999981880188,59.970001220703125,153960.703125,198.7634735107422,0.4502839148044586,196.28240966796875,0.45597565174102783
2026-09-08T04:12:00.000+08:00,3742.425048828125,10.314082145690918,7.54188346862793,2803.713134765625,24.079391479492188,27.47265625,384.6000061035156,160.41099548339844,90.58200073242188,0.8479999899864197,59.959999084472656,153962.203125,201.34117126464844,0.4450157880783081,194.81015014648438,0.4599349796772003
2026-09-08T04:13:00.000+08:00,3705.46923828125,10.249491691589355,7.516058921813965,2819.0927734375,23.93317413330078,27.431640625,384.6000061035156,160.77200317382812,90.61199951171875,0.8460000157356262,59.959999084472656,153963.796875,204.18362426757812,0.4398002028465271,196.0315399169922,0.45808956027030945
2026-09-08T04:14:00.000+08:00,3665.605712890625,10.20227336883545,7.514430999755859,2808.890625,24.05902099609375,27.4169921875,384.6000061035156,160.447998046875,90.59100341796875,0.8450000286102295,59.97999954223633,153965.296875,201.62237548828125,0.44389915466308594,189.11289978027344,0.4732622504234314
2026-09-08T04:15:00.000+08:00,3657.1162109375,10.148898124694824,7.483180999755859,2805.87060546875,23.94647789001465,27.458984375,384.8999938964844,160.10000610351562,90.26399993896484,0.8460000157356262,59.9900016784668,153966.703125,202.34628295898438,0.44181686639785767,194.766357421875,0.4590114951133728
2026-09-08T04:16:00.000+08:00,3678.639892578125,10.16413402557373,7.44813346862793,2817.3681640625,23.937406539916992,27.47265625,384.70001220703125,160.3159942626953,90.21800231933594,0.843999981880188,59.970001220703125,153968.203125,196.1822509765625,0.45569872856140137,187.71075439453125,0.4762646555900574
2026-09-08T04:17:00.000+08:00,3698.380615234375,10.13886547088623,7.451930999755859,2824.000244140625,23.894439697265625,27.44482421875,384.8999938964844,159.9980010986328,90.27799987792969,0.8460000157356262,60.0099983215332,153969.703125,196.5630645751953,0.4543071389198303,188.75186157226562,0.4731079041957855
2026-09-08T04:18:00.000+08:00,3690.07080078125,10.169299125671387,7.450303554534912,2816.734619140625,23.92752456665039,27.486328125,385.0,159.8730010986328,90.16899871826172,0.847000002861023,60.02000045776367,153971.203125,200.27882385253906,0.44487980008125305,186.76268005371094,0.4770760238170624
2026-09-08T04:19:00.000+08:00,3681.913818359375,10.199053764343262,7.419053554534912,2815.0625,23.926956176757812,27.486328125,384.8999938964844,158.83200073242188,90.14399719238281,0.8500000238418579,59.9900016784668,153972.796875,196.29051208496094,0.454428493976593,187.18453979492188,0.4765350818634033
2026-09-08T04:20:00.000+08:00,3713.7177734375,10.12482738494873,7.420138835906982,2820.35546875,23.907745361328125,27.47265625,385.0,159.0229949951172,89.9489974975586,0.8489999771118164,59.9900016784668,153974.296875,201.60220336914062,0.4414634108543396,199.2542266845703,0.44666555523872375
2026-09-08T04:21:00.000+08:00,3655.236572265625,10.076159477233887,7.420680999755859,2806.314208984375,23.89249038696289,27.4033203125,384.8999938964844,159.04299926757812,90.0719985961914,0.8489999771118164,60.0099983215332,153975.796875,196.11294555664062,0.4543300271034241,193.70645141601562,0.45997437834739685
2026-09-08T04:22:00.000+08:00,3730.1572265625,10.090235710144043,7.420138835906982,2809.6357421875,23.883987426757812,27.4033203125,384.70001220703125,158.33200073242188,89.78600311279297,0.8510000109672546,59.9900016784668,153977.296875,200.1764678955078,0.44310900568962097,198.7317657470703,0.4463302493095398
2026-09-08T04:23:00.000+08:00,3657.76953125,10.122515678405762,7.44921875,2800.73291015625,23.897294998168945,27.4453125,385.20001220703125,158.5240020751953,90.00900268554688,0.8500000238418579,60.0,153978.703125,195.5398712158203,0.45515015721321106,195.09677124023438,0.45618388056755066
2026-09-08T04:24:00.000+08:00,3642.21630859375,10.191119194030762,7.418510913848877,2830.9296875,23.87944221496582,27.458984375,385.0,160.01300048828125,90.14600372314453,0.8450000286102295,60.0099983215332,153980.203125,192.95738220214844,0.4633147418498993,199.26858520507812,0.44864073395729065
2026-09-08T04:25:00.000+08:00,3701.88818359375,10.14496898651123,7.45301628112793,2837.151611328125,23.8879451751709,27.4169921875,385.1000061035156,159.38800048828125,90.09300231933594,0.847000002861023,60.02000045776367,153981.796875,197.0021514892578,0.452786922454834,200.66310119628906,0.44452616572380066
2026-09-08T04:26:00.000+08:00,3652.776123046875,10.14496898651123,7.44813346862793,2837.05810546875,23.980451583862305,27.27783203125,385.29998779296875,159.28599548339844,90.09500122070312,0.8489999771118164,60.02000045776367,153983.203125,196.56936645507812,0.45327508449554443,200.15142822265625,0.44516292214393616
2026-09-08T04:27:00.000+08:00,3717.36328125,10.176135063171387,7.418510913848877,2832.175048828125,23.880290985107422,27.47265625,385.20001220703125,159.83099365234375,90.08799743652344,0.8460000157356262,60.02000045776367,153984.796875,204.8845977783203,0.4363431930541992,196.1733856201172,0.4557192921638489
2026-09-08T04:28:00.000+08:00,3685.490234375,10.154322624206543,7.451388835906982,2813.18505859375,23.999069213867188,27.306640625,385.0,159.218994140625,90.10600280761719,0.8500000238418579,59.9900016784668,153986.203125,197.89479064941406,0.4497339427471161,182.30929565429688,0.48818138241767883
2026-09-08T04:29:00.000+08:00,3654.9052734375,10.137972831726074,7.44921875,2823.8232421875,23.880290985107422,27.486328125,385.1000061035156,158.95899963378906,90.23600006103516,0.8510000109672546,59.97999954223633,153987.796875,199.97689819335938,0.4460515081882477,201.27349853515625,0.44317805767059326
2026-09-08T04:30:00.000+08:00,3655.52490234375,10.144251823425293,7.478841304779053,2805.41845703125,23.888792037963867,27.431640625,384.8999938964844,159.19000244140625,90.18099975585938,0.8500000238418579,59.9900016784668,153989.296875,192.53353881835938,0.4653734564781189,187.4204864501953,0.47806939482688904
2026-09-08T04:31:00.000+08:00,3649.75927734375,10.146594047546387,7.450303554534912,2824.924560546875,23.99483871459961,27.33349609375,385.1000061035156,158.2010040283203,90.26699829101562,0.8550000190734863,60.0,153990.796875,201.3836669921875,0.44293561577796936,200.9229736328125,0.44395121932029724
2026-09-08T04:32:00.000+08:00,3633.548828125,10.15295696258545,7.4524736404418945,2821.91455078125,23.99401092529297,27.486328125,384.6000061035156,159.14199829101562,90.16000366210938,0.8510000109672546,60.0099983215332,153992.296875,192.16033935546875,0.4647161066532135,196.77932739257812,0.4538078308105469
2026-09-08T04:33:00.000+08:00,3699.978515625,10.082728385925293,7.420138835906982,2825.677978515625,23.979862213134766,27.34765625,384.70001220703125,158.26400756835938,89.86799621582031,0.8539999723434448,60.0,153993.703125,197.9404296875,0.45165103673934937,187.1815948486328,0.47761106491088867
2026-09-08T04:34:00.000+08:00,3668.165283203125,10.0892972946167,7.420138835906982,2808.376220703125,23.995685577392578,27.333984375,384.8999938964844,158.49099731445312,89.80000305175781,0.8500000238418579,60.02000045776367,153995.203125,197.20008850097656,0.45081114768981934,194.6980743408203,0.45660439133644104
2026-09-08T04:35:00.000+08:00,3676.911865234375,10.128878593444824,7.389430999755859,2811.329833984375,23.97732162475586,27.333984375,384.70001220703125,157.23399353027344,89.81900024414062,0.8569999933242798,60.0099983215332,153996.796875,197.30316162109375,0.452096164226532,186.89309692382812,0.4772782027721405
2026-09-08T04:36:00.000+08:00,3738.77099609375,10.127291679382324,7.356010913848877,2818.25341796875,23.961162567138672,27.2919921875,384.79998779296875,157.83399963378906,89.83499908447266,0.8539999723434448,59.939998626708984,153998.203125,199.81361389160156,0.44491463899612427,193.9342498779297,0.4584027826786041
2026-09-08T04:37:00.000+08:00,3659.455078125,10.073206901550293,7.3899736404418945,2823.1552734375,23.932348251342773,27.34765625,384.3999938964844,156.99200439453125,88.74700164794922,0.8489999771118164,59.939998626708984,153999.703125,197.2458953857422,0.45070645213127136,185.906005859375,0.4781986474990845
2026-09-08T04:38:00.000+08:00,3663.842529296875,10.079302787780762,7.389430999755859,2800.799560546875,23.916269302368164,27.306640625,384.79998779296875,157.08799743652344,88.70999908447266,0.8479999899864197,59.959999084472656,154001.296875,197.900634765625,0.4497206211090088,182.25962829589844,0.4883144199848175
2026-09-08T04:39:00.000+08:00,3681.29296875,10.072260856628418,7.389430999755859,2812.55078125,23.905248641967773,27.361328125,385.1000061035156,156.4759979248047,88.85600280761719,0.8519999980926514,59.97999954223633,154002.703125,197.34889221191406,0.44641751050949097,190.42202758789062,0.46265655755996704
2026-09-08T04:40:00.000+08:00,3674.6953125,10.016329765319824,7.3899736404418945,2824.07568359375,23.900680541992188,27.333984375,384.5,156.9239959716797,88.75900268554688,0.8479999899864197,59.970001220703125,154004.203125,196.11984252929688,0.44768545031547546,189.97312927246094,0.46217063069343567
2026-09-08T04:41:00.000+08:00,3658.8662109375,10.040919303894043,7.357638835906982,2817.18896484375,23.88172721862793,27.333984375,384.79998779296875,156.91099548339844,88.54499816894531,0.8460000157356262,60.029998779296875,154005.703125,194.76382446289062,0.4497755169868469,193.1827392578125,0.4631653428077698
2026-09-08T04:42:00.000+08:00,3601.083984375,9.946619987487793,7.262803554534912,2812.150146484375,23.894798278808594,27.25,385.1000061035156,158.07899475097656,89.41699981689453,0.847000002861023,60.040000915527344,154007.203125,187.65298461914062,0.46841779351234436,191.56639099121094,0.4588487446308136
2026-09-08T04:43:00.000+08:00,3658.654296875,9.855921745300293,7.170680999755859,2824.48681640625,23.849822998046875,27.1953125,384.5,157.822998046875,89.01399993896484,0.847000002861023,59.970001220703125,154008.59375,194.20091247558594,0.45262402296066284,187.82803344726562,0.4679812490940094
2026-09-08T04:44:00.000+08:00,3646.537353515625,9.878634452819824,7.138888835906982,2848.131591796875,23.845869064331055,27.138671875,384.6000061035156,157.60299682617188,89.14800262451172,0.8500000238418579,59.9900016784668,154010.09375,194.17893981933594,0.4557651877403259,189.60391235351562,0.466762512922287
2026-09-08T04:45:00.000+08:00,3688.409912109375,9.768656730651855,7.170680999755859,2826.82470703125,23.84273910522461,27.1533203125,384.29998779296875,157.27499389648438,89.18499755859375,0.8489999771118164,59.970001220703125,154011.5,193.60342407226562,0.4566034972667694,187.6407470703125,0.47111302614212036
2026-09-08T04:46:00.000+08:00,3624.2509765625,9.813700675964355,7.10926628112793,2809.422119140625,23.81359100341797,27.1953125,384.20001220703125,157.30599975585938,88.88600158691406,0.8500000238418579,59.970001220703125,154013.09375,197.01402282714844,0.448699027299881,186.7059783935547,0.4734717011451721
2026-09-08T04:47:00.000+08:00,3650.880615234375,9.807520866394043,7.107638835906982,2810.549560546875,23.784440994262695,27.22265625,384.29998779296875,156.10899353027344,88.65599822998047,0.8529999852180481,59.970001220703125,154014.59375,188.19207763671875,0.470264196395874,184.61375427246094,0.47937920689582825
2026-09-08T04:48:00.000+08:00,3610.56640625,9.800005912780762,7.107638835906982,2807.78857421875,23.821287155151367,27.125,384.5,155.73500061035156,88.7699966430664,0.8550000190734863,59.970001220703125,154016.09375,193.85708618164062,0.4560060501098633,189.4708709716797,0.46656250953674316
2026-09-08T04:49:00.000+08:00,3655.267822265625,9.789179801940918,7.138346195220947,2834.586669921875,23.803157806396484,27.1953125,384.29998779296875,155.98500061035156,88.87699890136719,0.8560000061988831,59.97999954223633,154017.5,197.1122589111328,0.44644609093666077,190.1055450439453,0.4629007577896118
2026-09-08T04:50:00.000+08:00,3624.4345703125,9.799784660339355,7.135091304779053,2820.679931640625,23.75962257385254,27.208984375,385.1000061035156,155.5050048828125,89.07599639892578,0.859000027179718,60.0099983215332,154019.0,193.61685180664062,0.4539894163608551,185.68728637695312,0.4733765125274658
2026-09-08T04:51:00.000+08:00,3639.15234375,9.846186637878418,7.170138835906982,2827.8544921875,23.78900909423828,27.19482421875,385.20001220703125,156.79299926757812,89.07599639892578,0.8510000109672546,60.02000045776367,154020.5,191.5691680908203,0.4614521265029907,186.60414123535156,0.4737301170825958
2026-09-08T04:52:00.000+08:00,3613.026611328125,9.8139066696167,7.138888835906982,2818.570556640625,23.787334442138672,27.181640625,385.20001220703125,156.3800048828125,89.05599975585938,0.8529999852180481,59.9900016784668,154022.0,191.02359008789062,0.4610911011695862,189.7415771484375,0.4658968150615692
2026-09-08T04:53:00.000+08:00,3613.6416015625,9.8302640914917,7.166341304779053,2801.740478515625,23.789854049682617,27.138671875,385.1000061035156,156.52200317382812,88.95600128173828,0.8519999980926514,60.02000045776367,154023.5,191.87022399902344,0.46072807908058167,189.32919311523438,0.4669116139411926
2026-09-08T04:54:00.000+08:00,3654.8759765625,9.790263175964355,7.108180999755859,2808.634033203125,23.791526794433594,27.236328125,384.79998779296875,156.3820037841797,88.81900024414062,0.8539999723434448,59.970001220703125,154024.90625,193.9849090576172,0.45570555329322815,188.9525604248047,0.46784231066703796
2026-09-08T04:55:00.000+08:00,3615.464111328125,9.720431327819824,7.076930999755859,2825.556884765625,23.86795425415039,27.0419921875,384.70001220703125,156.86300659179688,88.84200286865234,0.8510000109672546,59.97999954223633,154026.40625,190.84117126464844,0.46321243047714233,191.14764404296875,0.4624697268009186
2026-09-08T04:56:00.000+08:00,3569.609375,9.702349662780762,7.075303554534912,2843.53173828125,23.84337043762207,27.0,384.5,156.59500122070312,88.63600158691406,0.8539999723434448,59.95000076293945,154027.90625,189.4274139404297,0.4671974182128906,194.35281372070312,0.4553574323654175
2026-09-08T04:57:00.000+08:00,3664.103515625,9.709856986999512,7.0774736404418945,2830.853759765625,23.711286544799805,27.0419921875,384.20001220703125,156.33200073242188,88.71399688720703,0.8529999852180481,59.95000076293945,154029.40625,191.02853393554688,0.4601407051086426,192.2066192626953,0.45732036232948303
2026-09-08T04:58:00.000+08:00,3682.546875,9.703204154968262,7.076388835906982,2832.5302734375,23.834217071533203,27.01416015625,384.5,155.86300659179688,88.64700317382812,0.8539999723434448,59.97999954223633,154030.90625,198.20689392089844,0.44347599148750305,178.82859802246094,0.4915321171283722
2026-09-08T04:59:00.000+08:00,3659.621826171875,9.749789237976074,7.044053554534912,2817.850341796875,23.868797302246094,27.083984375,384.29998779296875,155.1199951171875,88.68399810791016,0.859000027179718,59.959999084472656,154032.40625,190.5861358642578,0.46173349022865295,182.4769287109375,0.48225274682044983
2026-09-08T05:00:00.000+08:00,3663.970703125,9.702776908874512,7.0791015625,2829.68994140625,23.861928939819336,27.09765625,384.20001220703125,155.6280059814453,88.55400085449219,0.8569999933242798,60.02000045776367,154033.796875,191.73294067382812,0.4594933092594147,190.01283264160156,0.46365290880203247
2026-09-08T05:01:00.000+08:00,3642.0634765625,9.71161937713623,7.076388835906982,2826.052490234375,23.723390579223633,27.0703125,384.20001220703125,155.61500549316406,88.5979995727539,0.8560000061988831,59.959999084472656,154035.296875,195.52464294433594,0.45109403133392334,176.56224060058594,0.4995405673980713
2026-09-08T05:02:00.000+08:00,3619.350341796875,9.710726737976074,7.074760913848877,2824.259033203125,23.715456008911133,27.056640625,384.20001220703125,156.5240020751953,88.83000183105469,0.8529999852180481,60.0,154036.796875,188.41233825683594,0.4529084861278534,181.31971740722656,0.4893411695957184
2026-09-08T05:03:00.000+08:00,3694.01708984375,9.756434440612793,7.047308921813965,2824.63037109375,23.6892032623291,27.08349609375,384.1000061035156,156.21400451660156,88.96700286865234,0.8560000061988831,60.0,154038.203125,193.14617919921875,0.4561311900615692,187.49380493164062,0.46988222002983093
2026-09-08T05:04:00.000+08:00,3609.507568359375,9.718668937683105,7.076388835906982,2830.822509765625,23.692548751831055,27.09765625,384.0,156.8939971923828,88.85600280761719,0.8510000109672546,60.0,154039.796875,188.78016662597656,0.4645615220069885,187.66432189941406,0.46732378005981445
2026-09-08T05:05:00.000+08:00,3584.102783203125,9.741671562194824,7.07801628112793,2825.1083984375,23.674203872680664,27.0283203125,384.3999938964844,159.09100341796875,89.02999877929688,0.8399999737739563,60.040000915527344,154041.203125,188.2263946533203,0.4680533707141876,190.83387756347656,0.4616580903530121
2026-09-08T05:06:00.000+08:00,3648.582275390625,9.735697746276855,7.1087236404418945,2813.083984375,23.65379524230957,27.06982421875,384.29998779296875,156.48899841308594,87.87200164794922,0.8429999947547913,59.970001220703125,154042.59375,191.28091430664062,0.45953357219696045,189.0373077392578,0.464987576007843
2026-09-08T05:07:00.000+08:00,3668.814697265625,9.7724027633667,7.141058921813965,2820.346435546875,23.6821346282959,27.0283203125,384.70001220703125,156.281005859375,87.9540023803711,0.8450000286102295,60.029998779296875,154044.09375,195.16732788085938,0.45294466614723206,189.94235229492188,0.46540436148643494
2026-09-08T05:08:00.000+08:00,3660.75244140625,9.710551261901855,7.106010913848877,2831.749267578125,23.6473388671875,27.08349609375,384.6000061035156,157.17799377441406,88.99800109863281,0.8500000238418579,59.9900016784668,154045.59375,197.06314086914062,0.4409753978252411,188.62701416015625,0.4606975317001343
2026-09-08T05:09:00.000+08:00,3658.47314453125,9.788668632507324,7.076930999755859,2829.484130859375,23.65755271911621,27.0283203125,384.79998779296875,157.17999267578125,89.02999877929688,0.8500000238418579,60.0,154047.09375,195.30393981933594,0.4459715485572815,187.5998992919922,0.4642859697341919
2026-09-08T05:10:00.000+08:00,3630.82666015625,9.764636039733887,7.107638835906982,2828.887939453125,23.675878524780273,27.083984375,384.6000061035156,157.6320037841797,89.0250015258789,0.847000002861023,59.9900016784668,154048.59375,187.6312713623047,0.4695379137992859,192.86676025390625,0.45679205656051636
2026-09-08T05:11:00.000+08:00,3627.298095703125,9.770808219909668,7.108180999755859,2826.1025390625,23.65525245666504,27.0283203125,384.5,157.9810028076172,88.88200378417969,0.8450000286102295,59.97999954223633,154050.0,195.76815795898438,0.4505329132080078,192.22518920898438,0.4588368535041809
2026-09-08T05:12:00.000+08:00,3672.953857421875,9.744898796081543,7.04296875,2824.880615234375,23.6756591796875,27.09765625,384.5,158.38699340820312,89.08300018310547,0.8450000286102295,60.0099983215332,154051.5,193.63113403320312,0.45550525188446045,191.0212860107422,0.46172866225242615
2026-09-08T05:13:00.000+08:00,3673.541748046875,9.735445976257324,7.075846195220947,2846.031494140625,23.674203872680664,27.083984375,384.3999938964844,158.27699279785156,88.85600280761719,0.843999981880188,59.970001220703125,154053.0,192.5577392578125,0.45648646354675293,192.84422302246094,0.4558083117008209
2026-09-08T05:14:00.000+08:00,3591.251220703125,9.735445976257324,7.075846195220947,2818.213623046875,23.66566276550293,27.111328125,384.1000061035156,157.6439971923828,88.84400177001953,0.8460000157356262,59.970001220703125,154054.40625,187.97259521484375,0.4697493314743042,188.39015197753906,0.4687081277370453
2026-09-08T05:15:00.000+08:00,3593.63623046875,9.766215324401855,7.1399736404418945,2831.44970703125,23.664621353149414,27.0,384.5,156.31300354003906,88.18099975585938,0.8429999947547913,59.97999954223633,154055.90625,188.96112060546875,0.466233491897583,191.5595703125,0.4599091410636902
2026-09-08T05:16:00.000+08:00,3619.79150390625,9.814814567565918,7.1399736404418945,2819.00439453125,23.733585357666016,26.97265625,384.3999938964844,155.8520050048828,87.99800109863281,0.8479999899864197,59.970001220703125,154057.5,190.29745483398438,0.46401041746139526,191.53585815429688,0.46101030707359314
2026-09-08T05:17:00.000+08:00,3649.126953125,9.8059720993042,7.14051628112793,2823.00146484375,23.734411239624023,26.9453125,384.29998779296875,154.7740020751953,87.98400115966797,0.8539999723434448,59.9900016784668,154059.0,195.9667510986328,0.44701460003852844,186.4239501953125,0.46989670395851135
2026-09-08T05:18:00.000+08:00,3669.445556640625,9.791850090026855,7.138346195220947,2837.0478515625,23.664621353149414,27.111328125,384.20001220703125,155.83200073242188,88.08300018310547,0.8519999980926514,59.9900016784668,154060.40625,192.70709228515625,0.45353803038597107,192.84974670410156,0.45320257544517517
2026-09-08T05:19:00.000+08:00,3670.868896484375,9.808199882507324,7.137803554534912,2838.353515625,23.650466918945312,27.01416015625,384.1000061035156,156.01199340820312,88.06700134277344,0.8489999771118164,60.0,154061.796875,194.13729858398438,0.44968172907829285,194.6546630859375,0.4484865367412567
2026-09-08T05:20:00.000+08:00,3675.384033203125,9.87048625946045,7.170680999755859,2805.367919921875,23.662965774536133,27.0,384.29998779296875,155.4459991455078,88.01200103759766,0.8500000238418579,60.0099983215332,154063.296875,193.50450134277344,0.449601948261261,191.8504180908203,0.45347830653190613
2026-09-08T05:21:00.000+08:00,3663.89501953125,9.769564628601074,7.170138835906982,2836.1640625,23.65505599975586,27.056640625,384.6000061035156,155.5540008544922,87.99099731445312,0.8510000109672546,60.0099983215332,154064.796875,194.54669189453125,0.44822144508361816,191.32447814941406,0.45577022433280945
2026-09-08T05:22:00.000+08:00,3622.887939453125,9.880694389343262,7.169596195220947,2822.086181640625,23.677335739135742,27.09765625,384.6000061035156,157.9199981689453,89.23200225830078,0.8489999771118164,60.0,154066.203125,191.84671020507812,0.4534870386123657,186.9000701904297,0.46548938751220703
2026-09-08T05:23:00.000+08:00,3650.193115234375,9.768656730651855,7.166341304779053,2832.120361328125,23.710044860839844,27.06982421875,384.5,156.93299865722656,89.2249984741211,0.8529999852180481,60.029998779296875,154067.703125,193.2533416748047,0.4526134431362152,187.2948455810547,0.46770524978637695
2026-09-08T05:24:00.000+08:00,3638.3955078125,9.845507621765137,7.138346195220947,2809.109619140625,23.714632034301758,27.056640625,384.8999938964844,157.7239990234375,89.10900115966797,0.8489999771118164,60.02000045776367,154069.203125,195.71485900878906,0.451677531003952,189.08438110351562,0.467516154050827
2026-09-08T05:25:00.000+08:00,3650.3125,9.83691692352295,7.168510913848877,2826.54150390625,23.723390579223633,27.02783203125,384.5,157.1219940185547,89.26699829101562,0.8539999723434448,59.970001220703125,154070.703125,196.2321014404297,0.4494677186012268,189.50521850585938,0.46542254090309143
2026-09-08T05:26:00.000+08:00,3600.69873046875,9.832064628601074,7.170680999755859,2842.71826171875,23.725454330444336,27.0,384.3999938964844,156.41700744628906,89.14600372314453,0.8560000061988831,60.02000045776367,154072.203125,193.40582275390625,0.45758703351020813,188.49940490722656,0.4694975018501282
2026-09-08T05:27:00.000+08:00,3670.096435546875,9.83295726776123,7.167426109313965,2831.726318359375,23.733585357666016,27.056640625,384.6000061035156,158.60899353027344,89.30799865722656,0.8450000286102295,60.02000045776367,154073.59375,194.311279296875,0.45442548394203186,185.6598358154297,0.48276975750923157
2026-09-08T05:28:00.000+08:00,3616.499755859375,9.839106559753418,7.169053554534912,2826.3330078125,23.72484588623047,27.0703125,384.29998779296875,158.51600646972656,89.2249984741211,0.8460000157356262,59.959999084472656,154075.203125,190.9697265625,0.4618532955646515,183.6297149658203,0.4803144037723541
2026-09-08T05:29:00.000+08:00,3642.139404296875,9.855463981628418,7.170138835906982,2830.98779296875,23.713802337646484,27.083984375,384.6000061035156,156.6280059814453,88.26699829101562,0.8460000157356262,59.970001220703125,154076.703125,198.6604766845703,0.44498032331466675,185.92820739746094,0.47545233368873596
2026-09-08T05:30:00.000+08:00,3657.177001953125,9.862536430358887,7.1712236404418945,2827.00146484375,23.674835205078125,27.0,384.29998779296875,156.87100219726562,88.10900115966797,0.843999981880188,59.959999084472656,154078.203125,195.41590881347656,0.4533919394016266,187.6511993408203,0.47215259075164795
2026-09-08T05:31:00.000+08:00,3612.955810546875,9.786341667175293,7.169053554534912,2823.034912109375,23.692333221435547,27.06982421875,384.3999938964844,156.98199462890625,88.03199768066406,0.8420000076293945,59.970001220703125,154079.59375,192.4988555908203,0.45195072889328003,188.77227783203125,0.4608727693557739
2026-09-08T05:32:00.000+08:00,3538.789794921875,9.799784660339355,7.1399736404418945,2833.268798828125,23.703371047973633,27.056640625,384.29998779296875,157.08999633789062,88.0790023803711,0.8410000205039978,59.959999084472656,154081.09375,188.9676971435547,0.4609253406524658,186.92593383789062,0.46595996618270874
2026-09-08T05:33:00.000+08:00,3656.333740234375,9.783259391784668,7.170138835906982,2826.927978515625,23.697742462158203,27.111328125,384.5,156.26499938964844,88.08599853515625,0.843999981880188,60.0099983215332,154082.59375,189.8742218017578,0.4597780704498291,189.4425506591797,0.46082571148872375
2026-09-08T05:34:00.000+08:00,3697.493896484375,9.766901969909668,7.170138835906982,2817.85009765625,23.67629051208496,27.111328125,384.29998779296875,156.32899475097656,87.97000122070312,0.8460000157356262,60.0099983215332,154084.0,195.1312713623047,0.44636616110801697,187.47999572753906,0.4645828902721405
2026-09-08T05:35:00.000+08:00,3696.070068359375,9.777979850769043,7.164713382720947,2820.8466796875,23.682964324951172,27.083984375,384.1000061035156,155.656005859375,87.94400024414062,0.8489999771118164,59.9900016784668,154085.40625,191.63211059570312,0.4534730613231659,184.82427978515625,0.4701763391494751
2026-09-08T05:36:00.000+08:00,3637.09375,9.801836967468262,7.169596195220947,2830.885009765625,23.671703338623047,27.06982421875,384.1000061035156,156.322998046875,88.11799621582031,0.8479999899864197,60.029998779296875,154086.90625,188.5660400390625,0.4624374806880951,192.94003295898438,0.4519539177417755
2026-09-08T05:37:00.000+08:00,3588.157958984375,9.826563835144043,7.198676109313965,2820.605224609375,23.675878524780273,27.06982421875,384.0,156.7220001220703,88.08300018310547,0.8450000286102295,60.040000915527344,154088.40625,185.25527954101562,0.46908244490623474,190.11434936523438,0.45709332823753357
2026-09-08T05:38:00.000+08:00,3622.39013671875,9.825884819030762,7.169596195220947,2808.3134765625,23.650466918945312,27.02783203125,383.8999938964844,156.50799560546875,88.01799774169922,0.843999981880188,59.9900016784668,154089.796875,188.4644012451172,0.4621562361717224,189.6000213623047,0.4593881368637085
2026-09-08T05:39:00.000+08:00,3639.461669921875,9.87317943572998,7.170680999755859,2831.256103515625,23.681289672851562,27.111328125,384.1000061035156,157.0449981689453,88.13700103759766,0.8420000076293945,59.97999954223633,154091.296875,189.76345825195312,0.45899248123168945,190.65695190429688,0.45684146881103516
2026-09-08T05:40:00.000+08:00,3545.49853515625,9.85571575164795,7.201388835906982,2824.283935546875,23.68941879272461,27.0283203125,384.3999938964844,157.2050018310547,88.37799835205078,0.8450000286102295,60.02000045776367,154092.796875,187.9188690185547,0.46349790692329407,190.92001342773438,0.45621198415756226
2026-09-08T05:41:00.000+08:00,3643.48974609375,9.918002128601074,7.232096195220947,2817.3271484375,23.668596267700195,27.083984375,384.5,156.89599609375,88.43399810791016,0.8460000157356262,59.97999954223633,154094.203125,195.85508728027344,0.44675886631011963,189.34303283691406,0.46212419867515564
2026-09-08T05:42:00.000+08:00,3644.5712890625,9.922030448913574,7.231010913848877,2827.545654296875,23.675050735473633,27.09765625,383.8999938964844,155.9409942626953,88.46900177001953,0.8539999723434448,60.0099983215332,154095.796875,191.17294311523438,0.4582238495349884,191.87478637695312,0.45654773712158203
2026-09-08T05:43:00.000+08:00,3608.1416015625,9.912760734558105,7.231010913848877,2827.9755859375,23.651098251342773,27.08349609375,384.20001220703125,156.07000732421875,88.27799987792969,0.8500000238418579,59.97999954223633,154097.203125,186.0746307373047,0.4697040021419525,192.19654846191406,0.45474281907081604
2026-09-08T05:44:00.000+08:00,3665.621337890625,9.826388359069824,7.2337236404418945,2832.95166015625,23.651926040649414,27.01416015625,383.8999938964844,156.11399841308594,87.97200012207031,0.8489999771118164,59.970001220703125,154098.703125,195.1093292236328,0.45000413060188293,192.21267700195312,0.4567857086658478
2026-09-08T05:45:00.000+08:00,3602.0458984375,9.83979320526123,7.201388835906982,2821.8173828125,23.625038146972656,27.09765625,384.1000061035156,156.13400268554688,88.24600219726562,0.8489999771118164,60.02000045776367,154100.203125,191.66204833984375,0.4575762450695038,192.17420959472656,0.4563567638397217
2026-09-08T05:46:00.000+08:00,3638.685546875,9.913187980651855,7.232638835906982,2835.228759765625,23.648597717285156,27.06982421875,383.79998779296875,156.61399841308594,88.3479995727539,0.8489999771118164,60.0,154101.59375,187.18002319335938,0.46906712651252747,193.9856414794922,0.4526107907295227
2026-09-08T05:47:00.000+08:00,3692.4482421875,9.890650749206543,7.232096195220947,2848.824951171875,23.66546630859375,27.09765625,383.8999938964844,157.41700744628906,88.37999725341797,0.8450000286102295,59.97999954223633,154103.09375,193.3172607421875,0.4541757106781006,195.82733154296875,0.44835418462753296
2026-09-08T05:48:00.000+08:00,3643.825927734375,9.826388359069824,7.201388835906982,2846.121826171875,23.66546630859375,27.0703125,384.0,155.8000030517578,88.10399627685547,0.8500000238418579,60.02000045776367,154104.59375,187.58021545410156,0.46646708250045776,189.9139862060547,0.46073490381240845
2026-09-08T05:49:00.000+08:00,3570.137939453125,9.848666191101074,7.2024736404418945,2820.831787109375,23.652751922607422,27.111328125,384.20001220703125,156.90499877929688,88.24400329589844,0.8460000157356262,60.029998779296875,154106.0,193.15797424316406,0.45247939229011536,192.40589904785156,0.45424801111221313
2026-09-08T05:50:00.000+08:00,3626.93994140625,9.84339427947998,7.200303554534912,2838.359130859375,23.649621963500977,27.0419921875,384.0,156.81900024414062,88.28500366210938,0.8460000157356262,59.97999954223633,154107.5,192.95513916015625,0.45399153232574463,191.7491455078125,0.4568468928337097
2026-09-08T05:51:00.000+08:00,3600.436279296875,9.943881034851074,7.23426628112793,2827.0302734375,23.634428024291992,27.0419921875,383.79998779296875,156.78799438476562,88.44999694824219,0.847000002861023,59.9900016784668,154109.0,189.74546813964844,0.4611440896987915,189.39955139160156,0.4619863033294678
2026-09-08T05:52:00.000+08:00,3666.611083984375,9.900004386901855,7.2962236404418945,2829.8046875,23.666921615600586,27.09765625,384.29998779296875,154.21099853515625,87.1760025024414,0.8489999771118164,60.0099983215332,154110.5,192.28506469726562,0.4560936689376831,190.47076416015625,0.4604381322860718
2026-09-08T05:53:00.000+08:00,3690.869873046875,9.968859672546387,7.325846195220947,2838.60595703125,23.654207229614258,27.06982421875,384.3999938964844,154.38999938964844,87.1510009765625,0.8479999899864197,60.0099983215332,154111.90625,198.42889404296875,0.440964013338089,191.9188995361328,0.450806200504303
2026-09-08T05:54:00.000+08:00,3626.581298828125,9.987261772155762,7.295680999755859,2831.4384765625,23.741300582885742,26.958984375,384.70001220703125,153.9340057373047,87.31800079345703,0.8510000109672546,60.02000045776367,154113.40625,187.3572235107422,0.4616848826408386,192.7360076904297,0.4488004148006439
2026-09-08T05:55:00.000+08:00,3674.77099609375,9.964091300964355,7.325846195220947,2828.873046875,23.738998413085938,26.986328125,384.29998779296875,154.7790069580078,87.15299987792969,0.8460000157356262,60.040000915527344,154114.796875,192.7073516845703,0.44782930612564087,191.7128448486328,0.4501524269580841
2026-09-08T05:56:00.000+08:00,3648.73974609375,9.93842601776123,7.295680999755859,2837.935791015625,23.720870971679688,26.97265625,384.3999938964844,154.2050018310547,87.02999877929688,0.8479999899864197,60.02000045776367,154116.203125,194.85830688476562,0.4439122974872589,181.18177795410156,0.4774210751056671
2026-09-08T05:57:00.000+08:00,3674.4873046875,10.001132011413574,7.2649736404418945,2828.23779296875,23.634428024291992,27.056640625,384.0,155.14199829101562,87.05999755859375,0.843999981880188,60.02000045776367,154117.703125,192.6818084716797,0.4494456648826599,194.51705932617188,0.4452051520347595
2026-09-08T05:58:00.000+08:00,3633.955322265625,9.916346549987793,7.324760913848877,2821.28271484375,23.71296501159668,26.9033203125,384.29998779296875,154.95799255371094,87.14199829101562,0.843999981880188,60.0099983215332,154119.203125,190.26226806640625,0.4546355903148651,180.8655548095703,0.4782557785511017
2026-09-08T05:59:00.000+08:00,3647.97998046875,9.913874626159668,7.258463382720947,2829.861572265625,23.627344131469727,27.09765625,384.0,154.3520050048828,87.15299987792969,0.8500000238418579,59.939998626708984,154120.703125,198.04428100585938,0.43626609444618225,192.15016174316406,0.44964832067489624
2026-09-08T06:00:00.000+08:00,3658.572998046875,9.89820384979248,7.295680999755859,2828.237548828125,23.735870361328125,26.97265625,384.1000061035156,154.95700073242188,87.12999725341797,0.8460000157356262,59.959999084472656,154122.0,190.9486846923828,0.4524775743484497,179.029052734375,0.4826032221317291
2026-09-08T06:01:00.000+08:00,3541.866943359375,9.921809196472168,7.26171875,2823.350341796875,23.655881881713867,27.0,383.6000061035156,156.79600524902344,88.53600311279297,0.8510000109672546,59.959999084472656,154123.5,186.60903930664062,0.46139246225357056,194.40252685546875,0.44289547204971313
2026-09-08T06:02:00.000+08:00,3622.20703125,9.89136791229248,7.263346195220947,2832.23681640625,23.66379165649414,27.0,382.79998779296875,156.8699951171875,88.50599670410156,0.8510000109672546,59.939998626708984,154125.0,188.7692413330078,0.45611244440078735,176.75418090820312,0.4871171712875366
2026-09-08T06:03:00.000+08:00,3645.98095703125,9.915919303894043,7.295680999755859,2821.035888671875,23.675878524780273,27.111328125,383.1000061035156,154.9929962158203,87.0530014038086,0.8489999771118164,59.93000030517578,154126.5,192.8140411376953,0.45432373881340027,192.15664672851562,0.45587804913520813
2026-09-08T06:04:00.000+08:00,3567.0712890625,10.00842571258545,7.294053554534912,2813.1630859375,23.646297454833984,27.0419921875,383.3999938964844,154.17100524902344,87.29199981689453,0.8510000109672546,59.939998626708984,154128.0,192.3634490966797,0.4548681378364563,186.30857849121094,0.46965092420578003
2026-09-08T06:05:00.000+08:00,3643.750244140625,10.066378593444824,7.388888835906982,2820.369873046875,23.66942024230957,27.09765625,383.29998779296875,153.5489959716797,86.60800170898438,0.8489999771118164,59.95000076293945,154129.296875,189.4340362548828,0.45609545707702637,192.24639892578125,0.449423223733902
2026-09-08T06:06:00.000+08:00,3650.870849609375,10.084773063659668,7.451388835906982,2829.654052734375,23.701087951660156,27.111328125,382.79998779296875,153.9530029296875,87.7770004272461,0.859000027179718,59.970001220703125,154130.90625,193.8151092529297,0.4468176066875458,193.4100799560547,0.44775331020355225
2026-09-08T06:07:00.000+08:00,3609.59326171875,10.084773063659668,7.450846195220947,2830.0947265625,23.70026206970215,27.0,383.0,156.0500030517578,87.95099639892578,0.8500000238418579,59.970001220703125,154132.296875,190.64602661132812,0.45057326555252075,193.13153076171875,0.4447745978832245
2026-09-08T06:08:00.000+08:00,3695.189453125,10.131136894226074,7.451388835906982,2832.619384765625,23.716915130615234,27.083984375,383.6000061035156,154.54200744628906,87.98600006103516,0.8550000190734863,59.970001220703125,154133.703125,193.07211303710938,0.45216265320777893,190.89614868164062,0.45731672644615173
2026-09-08T06:09:00.000+08:00,3639.860107421875,10.108424186706543,7.420680999755859,2830.91357421875,23.673377990722656,27.09765625,383.79998779296875,154.91799926757812,88.125,0.8550000190734863,60.0,154135.203125,190.18118286132812,0.45498886704444885,187.6546173095703,0.46468350291252136
2026-09-08T06:10:00.000+08:00,3682.62841796875,10.108424186706543,7.41688346862793,2825.005126953125,23.666292190551758,27.0,384.0,154.9320068359375,87.9280014038086,0.8529999852180481,60.02000045776367,154136.703125,195.8035125732422,0.4453444182872772,183.89315795898438,0.4741884171962738
2026-09-08T06:11:00.000+08:00,3667.87548828125,10.100016593933105,7.420138835906982,2805.242431640625,23.673160552978516,27.0,383.8999938964844,156.11300659179688,88.0999984741211,0.8489999771118164,59.970001220703125,154138.203125,197.41566467285156,0.44120103120803833,184.71762084960938,0.4715305268764496
2026-09-08T06:12:00.000+08:00,3634.46923828125,10.076838493347168,7.422308921813965,2827.7490234375,23.712739944458008,27.083984375,383.70001220703125,155.96299743652344,88.05999755859375,0.8489999771118164,59.9900016784668,154139.59375,194.09332275390625,0.44978365302085876,187.0410614013672,0.4667424261569977
2026-09-08T06:13:00.000+08:00,3728.360107421875,10.116847038269043,7.418510913848877,2802.896240234375,23.72484588623047,27.09765625,384.0,155.86599731445312,87.83300018310547,0.8479999899864197,59.9900016784668,154141.09375,198.24464416503906,0.43935614824295044,191.2064971923828,0.45552846789360046
2026-09-08T06:14:00.000+08:00,3659.39501953125,10.09253978729248,7.4212236404418945,2826.374755859375,23.69463348388672,27.06982421875,383.6000061035156,154.82200622558594,87.83300018310547,0.8539999723434448,59.970001220703125,154142.5,193.92379760742188,0.44862982630729675,188.9882354736328,0.46034613251686096
2026-09-08T06:15:00.000+08:00,3697.48681640625,10.09045696258545,7.45301628112793,2822.508544921875,23.704830169677734,27.0419921875,383.6000061035156,156.73599243164062,88.125,0.8489999771118164,59.970001220703125,154144.09375,197.9571990966797,0.4410043954849243,185.4102020263672,0.4708479046821594
2026-09-08T06:16:00.000+08:00,3667.57666015625,10.116625785827637,7.4524736404418945,2845.71435546875,23.69963264465332,27.02783203125,383.6000061035156,155.2429962158203,88.12300109863281,0.8539999723434448,59.959999084472656,154145.5,195.52508544921875,0.4449556767940521,186.79415893554688,0.46575331687927246
2026-09-08T06:17:00.000+08:00,3660.6318359375,10.16413402557373,7.44921875,2803.557861328125,23.687549591064453,27.0,383.5,156.70799255371094,87.99800109863281,0.8479999899864197,60.02000045776367,154147.0,194.0278778076172,0.4413421154022217,185.77218627929688,0.46777722239494324
2026-09-08T06:18:00.000+08:00,3674.26806640625,10.170893669128418,7.483180999755859,2826.516357421875,23.687549591064453,27.09765625,384.0,156.35400390625,88.28299713134766,0.8489999771118164,60.0,154148.40625,194.22203063964844,0.4489707052707672,186.65061950683594,0.46718302369117737
2026-09-08T06:19:00.000+08:00,3658.876220703125,10.212992668151855,7.512803554534912,2821.02294921875,23.684635162353516,27.0703125,383.70001220703125,157.19700622558594,88.30599975585938,0.8450000286102295,59.9900016784668,154149.90625,197.09364318847656,0.44293665885925293,185.40634155273438,0.4708576798439026
2026-09-08T06:20:00.000+08:00,3618.4306640625,10.244364738464355,7.512803554534912,2824.03271484375,23.671920776367188,27.09716796875,384.0,157.50799560546875,88.38300323486328,0.843999981880188,60.040000915527344,154151.40625,191.28700256347656,0.45742785930633545,192.06378173828125,0.4555778205394745
2026-09-08T06:21:00.000+08:00,3652.05126953125,10.230792045593262,7.509006023406982,2831.228271484375,23.693178176879883,27.06982421875,383.8999938964844,157.9669952392578,88.4990005493164,0.8429999947547913,59.9900016784668,154152.796875,195.65892028808594,0.4466956853866577,186.41586303710938,0.4688442349433899
2026-09-08T06:22:00.000+08:00,3716.923828125,10.236857414245605,7.512803554534912,2838.127685546875,23.710676193237305,27.111328125,383.5,157.6060028076172,88.26699829101562,0.843999981880188,60.0099983215332,154154.296875,202.5880584716797,0.4324045479297638,192.70608520507812,0.4545782804489136
2026-09-08T06:23:00.000+08:00,3728.96533203125,10.221430778503418,7.513346195220947,2830.345458984375,23.71213150024414,27.0,383.3999938964844,157.80299377441406,88.3499984741211,0.8429999947547913,59.970001220703125,154155.796875,203.62069702148438,0.43119388818740845,190.76229858398438,0.4602586627006531
2026-09-08T06:24:00.000+08:00,3670.472900390625,10.211329460144043,7.545680999755859,2843.158203125,23.692333221435547,27.09765625,383.8999938964844,157.51300048828125,88.33200073242188,0.8420000076293945,59.97999954223633,154157.296875,198.91990661621094,0.44088098406791687,189.89463806152344,0.4618350565433502
2026-09-08T06:25:00.000+08:00,3659.388916015625,10.253718376159668,7.5149736404418945,2827.710693359375,23.704830169677734,27.0283203125,384.0,157.70700073242188,88.34100341796875,0.8429999947547913,60.0099983215332,154158.703125,196.5420379638672,0.44519737362861633,198.31121826171875,0.44122567772865295
2026-09-08T06:26:00.000+08:00,3636.87841796875,10.252779960632324,7.512260913848877,2830.296142578125,23.719215393066406,27.0,384.29998779296875,157.58700561523438,88.49400329589844,0.843999981880188,60.0099983215332,154160.203125,192.35357666015625,0.4543715715408325,189.97181701660156,0.4600682556629181
2026-09-08T06:27:00.000+08:00,3737.03759765625,10.2693510055542,7.5774736404418945,2817.814208984375,23.625036239624023,27.181640625,383.8999938964844,157.7239990234375,88.51499938964844,0.8450000286102295,60.02000045776367,154161.703125,198.86093139648438,0.44000598788261414,187.03506469726562,0.4678267240524292
2026-09-08T06:28:00.000+08:00,3707.664794921875,10.322016716003418,7.544053554534912,2806.475830078125,23.73503875732422,27.0,383.70001220703125,157.50900268554688,88.71399688720703,0.8460000157356262,60.02000045776367,154163.203125,199.1748046875,0.43931257724761963,182.68699645996094,0.478961318731308
2026-09-08T06:29:00.000+08:00,3727.87109375,10.27515697479248,7.602213382720947,2824.1416015625,23.6464900970459,27.22216796875,383.6000061035156,158.1510009765625,88.72100067138672,0.843999981880188,59.97999954223633,154164.703125,199.106201171875,0.43996623158454895,199.29234313964844,0.439555287361145
2026-09-08T06:30:00.000+08:00,3635.35009765625,10.268153190612793,7.607096195220947,2833.7392578125,23.744407653808594,27.056640625,383.8999938964844,158.42100524902344,88.61699676513672,0.8429999947547913,60.02000045776367,154166.09375,200.37399291992188,0.43867966532707214,183.57203674316406,0.47883111238479614
2026-09-08T06:31:00.000+08:00,3681.29736328125,10.236369132995605,7.2962236404418945,2805.595703125,23.727954864501953,27.09765625,383.70001220703125,153.62899780273438,87.10700225830078,0.8519999980926514,60.029998779296875,154167.59375,200.8751220703125,0.43658965826034546,193.63636779785156,0.45291078090667725
2026-09-08T06:32:00.000+08:00,3711.955078125,10.2213773727417,7.295138835906982,2805.867919921875,23.668596267700195,27.06982421875,383.6000061035156,154.1179962158203,86.88600158691406,0.8489999771118164,60.0099983215332,154169.09375,195.9862060546875,0.44850093126296997,184.39820861816406,0.4766857326030731
2026-09-08T06:33:00.000+08:00,3191.376220703125,10.312739372253418,7.2649736404418945,2823.43701171875,23.650466918945312,27.111328125,383.5,155.49000549316406,87.3479995727539,0.843999981880188,59.970001220703125,154170.5,187.7434539794922,0.4591372013092041,183.60398864746094,0.4694887399673462
2026-09-08T06:34:00.000+08:00,3220.400634765625,10.317049980163574,7.29188346862793,2806.9013671875,23.660663604736328,27.056640625,383.70001220703125,155.5229949951172,87.28099822998047,0.8450000286102295,60.0099983215332,154172.0,187.9927520751953,0.4590602517127991,189.42247009277344,0.45559537410736084
2026-09-08T06:35:00.000+08:00,3169.612060546875,10.299761772155762,7.294596195220947,2847.174560546875,23.662965774536133,27.111328125,383.29998779296875,155.31399536132812,87.00199890136719,0.843999981880188,59.9900016784668,154173.40625,191.67095947265625,0.4497290551662445,195.50906372070312,0.4409002661705017
2026-09-08T06:36:00.000+08:00,3168.491455078125,10.240931510925293,7.200846195220947,2832.7685546875,23.677335739135742,27.06982421875,383.1000061035156,156.4149932861328,88.05799865722656,0.8489999771118164,60.029998779296875,154174.90625,185.77667236328125,0.4650745391845703,193.61083984375,0.44625598192214966
2026-09-08T06:37:00.000+08:00,3174.106689453125,10.153407096862793,7.168510913848877,2815.4716796875,23.6402530670166,27.0,383.20001220703125,156.23199462890625,87.91200256347656,0.847000002861023,60.02000045776367,154176.296875,186.24818420410156,0.4622863829135895,188.81451416015625,0.4560030698776245
2026-09-08T06:38:00.000+08:00,3213.327880859375,10.153841972351074,7.170138835906982,2819.813720703125,23.704002380371094,27.09716796875,383.3999938964844,157.23599243164062,88.26899719238281,0.8450000286102295,60.0,154177.796875,188.51087951660156,0.46204227209091187,192.80311584472656,0.45175617933273315
2026-09-08T06:39:00.000+08:00,3176.817626953125,10.138636589050293,7.200846195220947,2818.120361328125,23.650667190551758,27.09765625,383.70001220703125,157.62100219726562,88.01399993896484,0.8420000076293945,60.040000915527344,154179.203125,189.04930114746094,0.4623132646083832,189.06637573242188,0.4622715413570404
2026-09-08T06:40:00.000+08:00,3221.79345703125,10.192721366882324,7.170680999755859,2846.055908203125,23.6402530670166,27.0703125,383.79998779296875,157.48699951171875,88.2969970703125,0.843999981880188,60.060001373291016,154180.703125,191.7412872314453,0.4563440680503845,190.4065399169922,0.45954301953315735
2026-09-08T06:41:00.000+08:00,3203.68115234375,10.138209342956543,7.201388835906982,2818.74072265625,23.632123947143555,27.01416015625,383.8999938964844,156.60699462890625,88.39900207519531,0.8489999771118164,60.040000915527344,154182.203125,187.7177276611328,0.46612539887428284,193.00218200683594,0.45336276292800903
2026-09-08T06:42:00.000+08:00,3185.187744140625,10.227274894714355,7.2649736404418945,2824.79345703125,23.72484588623047,27.09765625,384.20001220703125,156.625,88.46900177001953,0.8489999771118164,60.0099983215332,154183.59375,186.56556701660156,0.4690040349960327,194.09385681152344,0.45081284642219543
2026-09-08T06:43:00.000+08:00,3260.99853515625,10.296603202819824,7.295138835906982,2832.34326171875,23.86606216430664,27.013671875,384.29998779296875,156.45700073242188,88.56800079345703,0.8510000109672546,60.02000045776367,154185.203125,190.1624755859375,0.4601328670978546,194.9008331298828,0.4489462673664093
2026-09-08T06:44:00.000+08:00,3163.705078125,10.281359672546387,7.32313346862793,2827.0458984375,23.72858428955078,27.06982421875,384.1000061035156,156.91099548339844,88.4990005493164,0.8479999899864197,60.0,154186.703125,184.92898559570312,0.4742361009120941,191.77850341796875,0.4572983980178833
2026-09-08T06:45:00.000+08:00,3188.420654296875,10.27546215057373,7.294596195220947,2821.07421875,23.62838363647461,27.181640625,383.6000061035156,155.86500549316406,88.43399810791016,0.8550000190734863,60.0099983215332,154188.09375,189.8052215576172,0.4615257680416107,178.89109802246094,0.4896833896636963
2026-09-08T06:46:00.000+08:00,3222.3232421875,10.234782218933105,7.2649736404418945,2825.82666015625,23.780858993530273,27.1953125,383.6000061035156,156.16200256347656,88.06500244140625,0.8500000238418579,59.97999954223633,154189.59375,189.13377380371094,0.46475040912628174,187.3362274169922,0.46920984983444214
2026-09-08T06:47:00.000+08:00,3205.58447265625,10.242510795593262,7.234808921813965,2836.138427734375,23.76898956298828,27.208984375,383.5,156.89199829101562,88.0999984741211,0.8460000157356262,60.029998779296875,154191.09375,189.59124755859375,0.4631015360355377,199.95057678222656,0.4391085207462311
2026-09-08T06:48:00.000+08:00,3186.336669921875,10.139796257019043,7.198676109313965,2821.02099609375,23.772119522094727,27.22265625,383.20001220703125,157.1820068359375,88.02799987792969,0.8450000286102295,60.02000045776367,154192.5,187.75381469726562,0.46390536427497864,191.1156005859375,0.455745130777359
2026-09-08T06:49:00.000+08:00,3128.558349609375,10.200922966003418,7.2337236404418945,2839.75732421875,23.760467529296875,27.13916015625,383.8999938964844,157.16200256347656,88.19000244140625,0.8450000286102295,60.040000915527344,154194.0,186.70143127441406,0.4681271016597748,193.82403564453125,0.45092448592185974
2026-09-08T06:50:00.000+08:00,3169.04150390625,10.20886516571045,7.231010913848877,2825.4638671875,23.794418334960938,27.22265625,383.6000061035156,158.27999877929688,89.2040023803711,0.847000002861023,60.040000915527344,154195.40625,187.82443237304688,0.46426334977149963,188.66470336914062,0.46219560503959656
2026-09-08T06:51:00.000+08:00,3211.548583984375,10.25770092010498,7.2024736404418945,2824.825439453125,23.856298446655273,27.208984375,383.1000061035156,158.4499969482422,89.19200134277344,0.847000002861023,59.97999954223633,154196.90625,194.6946258544922,0.45044898986816406,189.36900329589844,0.46311700344085693
2026-09-08T06:52:00.000+08:00,3175.35986328125,10.225436210632324,7.201930999755859,2826.89794921875,23.853778839111328,27.125,383.3999938964844,158.2830047607422,89.04900360107422,0.847000002861023,60.029998779296875,154198.5,189.151611328125,0.4684073328971863,191.87106323242188,0.4617684483528137
2026-09-08T06:53:00.000+08:00,3152.748046875,10.140864372253418,7.20301628112793,2819.421875,23.85090446472168,27.125,383.5,157.9810028076172,88.95800018310547,0.847000002861023,60.040000915527344,154200.0,185.72401428222656,0.47543662786483765,183.83358764648438,0.48032569885253906
2026-09-08T06:54:00.000+08:00,3167.419189453125,10.177699089050293,7.170680999755859,2810.6650390625,23.993776321411133,27.181640625,383.79998779296875,158.5449981689453,89.0739974975586,0.8450000286102295,60.04999923706055,154201.5,192.10565185546875,0.4601634442806244,188.38006591796875,0.46926409006118774
2026-09-08T06:55:00.000+08:00,3179.232421875,10.222086906433105,7.232638835906982,2823.588134765625,23.856298446655273,27.19482421875,384.0,158.48899841308594,89.1989974975586,0.8460000157356262,60.04999923706055,154202.90625,185.83419799804688,0.47515472769737244,187.64047241210938,0.4705807864665985
2026-09-08T06:56:00.000+08:00,3281.846435546875,10.201815605163574,7.232638835906982,2833.141357421875,23.845869064331055,27.22265625,383.79998779296875,158.0919952392578,89.0739974975586,0.8510000109672546,60.029998779296875,154204.296875,195.8046112060547,0.45198118686676025,198.88270568847656,0.44498589634895325
2026-09-08T06:57:00.000+08:00,3211.193115234375,10.212023735046387,7.233180999755859,2804.713623046875,23.886295318603516,27.25,384.20001220703125,157.62899780273438,89.2969970703125,0.847000002861023,60.02000045776367,154205.796875,193.57400512695312,0.45615628361701965,185.7855224609375,0.4752792418003082
2026-09-08T06:58:00.000+08:00,3140.024169921875,10.226153373718262,7.232096195220947,2831.51904296875,23.998817443847656,27.236328125,384.20001220703125,157.88600158691406,89.24600219726562,0.8479999899864197,60.0099983215332,154207.296875,186.33399963378906,0.4749535918235779,190.0211181640625,0.4657377302646637
2026-09-08T06:59:00.000+08:00,3214.226318359375,10.227953910827637,7.23046875,2829.4716796875,23.925025939941406,27.333984375,383.79998779296875,157.5959930419922,89.25499725341797,0.8500000238418579,59.959999084472656,154208.90625,189.64840698242188,0.4682348668575287,193.3318634033203,0.45931383967399597
2026-09-08T07:00:00.000+08:00,3193.56103515625,10.22748851776123,7.232638835906982,2801.059814453125,23.924772262573242,27.2919921875,383.79998779296875,158.77000427246094,89.3219985961914,0.847000002861023,60.02000045776367,154210.40625,190.24679565429688,0.46465960144996643,174.809326171875,0.5056938529014587
2026-09-08T07:01:00.000+08:00,3213.6416015625,10.388392448425293,7.3274736404418945,2803.93359375,23.938587188720703,27.27783203125,383.5,159.14300537109375,89.26699829101562,0.843999981880188,59.9900016784668,154211.90625,191.12747192382812,0.46461138129234314,189.65225219726562,0.4682253897190094
2026-09-08T07:02:00.000+08:00,3158.34423828125,10.643221855163574,7.540798187255859,2825.961669921875,23.89333724975586,27.47265625,383.29998779296875,161.2050018310547,90.62799835205078,0.8450000286102295,60.0099983215332,154213.40625,187.67356872558594,0.47209632396698,188.80189514160156,0.46927496790885925
2026-09-08T07:03:00.000+08:00,3003.660888671875,10.515276908874512,7.451930999755859,2832.7919921875,23.925832748413086,27.486328125,382.8999938964844,160.93499755859375,90.0459976196289,0.8429999947547913,60.029998779296875,154214.90625,182.41954040527344,0.48459720611572266,186.4727325439453,0.4740639626979828
2026-09-08T07:04:00.000+08:00,3046.5166015625,10.32934856414795,7.32421875,2821.491943359375,23.883987426757812,27.4453125,383.5,159.697998046875,89.23200225830078,0.8420000076293945,60.040000915527344,154216.40625,187.53109741210938,0.4804536700248718,200.37698364257812,0.44965243339538574
2026-09-08T07:05:00.000+08:00,3245.95703125,10.293192863464355,7.35926628112793,2823.406982421875,23.98356056213379,27.306640625,383.3999938964844,158.69700622558594,88.69400024414062,0.8410000205039978,60.040000915527344,154217.796875,198.73764038085938,0.44933611154556274,199.45848083496094,0.4477122128009796
2026-09-08T07:06:00.000+08:00,3272.364990234375,10.076815605163574,7.20301628112793,2830.5712890625,23.979604721069336,27.3203125,383.70001220703125,159.9499969482422,90.1709976196289,0.8479999899864197,59.9900016784668,154219.296875,195.11631774902344,0.45408809185028076,200.01119995117188,0.4429751932621002
2026-09-08T07:07:00.000+08:00,3350.90185546875,9.978182792663574,7.107638835906982,2846.545654296875,23.949607849121094,27.2919921875,384.1000061035156,160.83999633789062,90.16200256347656,0.843999981880188,60.0,154220.90625,194.52301025390625,0.4523886442184448,187.68414306640625,0.46887287497520447
2026-09-08T07:08:00.000+08:00,3360.7783203125,9.930209159851074,7.043510913848877,2820.02783203125,24.011844635009766,27.4453125,383.5,160.4980010986328,90.96499633789062,0.8510000109672546,59.97999954223633,154222.296875,191.71165466308594,0.4663253426551819,184.8947296142578,0.4835183620452881
2026-09-08T07:09:00.000+08:00,3364.382568359375,10.045435905456543,7.2024736404418945,2817.6025390625,23.891902923583984,27.4453125,383.5,160.80599975585938,90.4729995727539,0.8479999899864197,59.9900016784668,154223.796875,191.61883544921875,0.4660293459892273,188.5913543701172,0.4735105633735657
2026-09-08T07:10:00.000+08:00,3391.321044921875,10.06994915008545,7.169053554534912,2807.8017578125,24.050832748413086,27.458984375,383.6000061035156,160.15499877929688,90.14399719238281,0.847000002861023,60.029998779296875,154225.296875,192.61407470703125,0.46777471899986267,201.04908752441406,0.44814926385879517
2026-09-08T07:11:00.000+08:00,3371.702392578125,9.93110179901123,7.0462236404418945,2824.263916015625,24.07712745666504,27.41650390625,383.70001220703125,162.05099487304688,91.96900177001953,0.8500000238418579,60.02000045776367,154226.796875,188.1643829345703,0.47724229097366333,192.93092346191406,0.46545156836509705
2026-09-08T07:12:00.000+08:00,3391.43603515625,9.8634672164917,6.950846195220947,2836.162841796875,24.079391479492188,27.431640625,384.0,161.8159942626953,91.6449966430664,0.8519999980926514,60.040000915527344,154228.5,194.53399658203125,0.45904573798179626,190.74609375,0.46816161274909973
2026-09-08T07:13:00.000+08:00,3358.22265625,9.784747123718262,6.914713382720947,2837.8349609375,24.108795166015625,27.486328125,383.6000061035156,163.77000427246094,93.1780014038086,0.8560000061988831,60.02000045776367,154229.90625,187.63934326171875,0.48763760924339294,190.4134979248047,0.4805331528186798
2026-09-08T07:14:00.000+08:00,3426.02001953125,9.78449535369873,6.886176109313965,2813.890869140625,24.011507034301758,27.611328125,383.8999938964844,164.26699829101562,93.03900146484375,0.8510000109672546,60.02000045776367,154231.40625,193.3045196533203,0.4707598388195038,185.4747314453125,0.4906328618526459
2026-09-08T07:15:00.000+08:00,3380.645751953125,9.750956535339355,6.8587236404418945,2823.296875,24.043174743652344,27.583984375,383.6000061035156,163.91900634765625,92.822998046875,0.8519999980926514,59.970001220703125,154233.09375,191.38633728027344,0.48227056860923767,189.64488220214844,0.4866991639137268
2026-09-08T07:16:00.000+08:00,3374.113037109375,9.707362174987793,6.884548187255859,2817.146728515625,24.064664840698242,27.5,383.8999938964844,164.66400146484375,92.90899658203125,0.8489999771118164,60.0,154234.59375,193.810546875,0.47675424814224243,194.95962524414062,0.4739442765712738
2026-09-08T07:17:00.000+08:00,3387.223876953125,9.800379753112793,6.8899736404418945,2818.220703125,24.20549201965332,27.5,384.0,165.6199951171875,93.20800018310547,0.847000002861023,60.04999923706055,154236.09375,191.79685974121094,0.47967419028282166,199.51519775390625,0.4611177444458008
2026-09-08T07:18:00.000+08:00,3355.805908203125,9.750956535339355,6.858180999755859,2830.669677734375,24.210018157958984,27.556640625,383.70001220703125,166.02499389648438,94.125,0.8510000109672546,60.04999923706055,154237.59375,187.95233154296875,0.4900178611278534,192.9420623779297,0.47734537720680237
2026-09-08T07:19:00.000+08:00,3311.142822265625,9.743548393249512,6.82801628112793,2827.842041015625,24.237159729003906,27.5703125,384.29998779296875,166.1840057373047,93.94100189208984,0.8500000238418579,60.04999923706055,154239.296875,192.29464721679688,0.4794725179672241,184.84780883789062,0.4987887144088745
2026-09-08T07:20:00.000+08:00,3363.817138671875,9.655741691589355,6.763888835906982,2835.013671875,24.13957405090332,27.736328125,383.8999938964844,166.1750030517578,93.75800323486328,0.8489999771118164,60.060001373291016,154240.796875,193.052978515625,0.4832870066165924,189.61082458496094,0.49206051230430603
2026-09-08T07:21:00.000+08:00,3369.02197265625,9.68421459197998,6.763346195220947,2823.471435546875,24.17860221862793,27.69482421875,384.29998779296875,166.66000366210938,94.56099700927734,0.8529999852180481,60.060001373291016,154242.40625,194.8903350830078,0.4771914482116699,183.548828125,0.5066771507263184
2026-09-08T07:22:00.000+08:00,3365.43310546875,9.5824613571167,6.732638835906982,2827.6474609375,24.163625717163086,27.736328125,384.5,166.70599365234375,94.76000213623047,0.8539999723434448,60.04999923706055,154244.0,189.95562744140625,0.4901144802570343,201.7923126220703,0.4613654613494873
2026-09-08T07:23:00.000+08:00,3401.492431640625,9.589716911315918,6.669596195220947,2838.47119140625,24.33751678466797,27.625,384.6000061035156,167.0189971923828,94.53299713134766,0.8510000109672546,60.08000183105469,154245.59375,197.7019805908203,0.4744515120983124,193.6511688232422,0.48437610268592834
2026-09-08T07:24:00.000+08:00,3328.683837890625,9.534441947937012,6.670138835906982,2835.09326171875,24.176891326904297,27.708984375,384.5,165.61599731445312,94.60299682617188,0.8560000061988831,60.09000015258789,154247.09375,189.40440368652344,0.4962925910949707,190.1776123046875,0.4942748248577118
2026-09-08T07:25:00.000+08:00,3376.775634765625,9.469569206237793,6.639430999755859,2846.09912109375,24.300495147705078,27.681640625,384.29998779296875,168.58200073242188,95.64199829101562,0.8550000190734863,60.06999969482422,154248.59375,190.95278930664062,0.4912208914756775,185.64453125,0.5052666664123535
2026-09-08T07:26:00.000+08:00,3307.41845703125,9.475138664245605,6.6087236404418945,2847.732177734375,24.31913185119629,27.681640625,384.70001220703125,168.58299255371094,95.55400085449219,0.8510000109672546,60.08000183105469,154250.296875,189.016357421875,0.4951952397823334,190.03836059570312,0.4925321638584137
2026-09-08T07:27:00.000+08:00,3343.025390625,9.485217094421387,6.57421875,2820.155517578125,24.255517959594727,27.75,384.6000061035156,167.8350067138672,95.41699981689453,0.8539999723434448,60.06999969482422,154251.90625,193.44068908691406,0.4895557165145874,193.4085693359375,0.48963701725006104
2026-09-08T07:28:00.000+08:00,3324.43115234375,9.397242546081543,6.57421875,2845.76220703125,24.254358291625977,27.81982421875,384.1000061035156,168.0189971923828,96.25700378417969,0.8610000014305115,60.040000915527344,154253.40625,189.071044921875,0.5013988018035889,189.85874938964844,0.49931856989860535
2026-09-08T07:29:00.000+08:00,3321.862060546875,9.413233757019043,6.544596195220947,2818.353271484375,24.304941177368164,27.833984375,384.29998779296875,169.3040008544922,96.25,0.8550000190734863,60.029998779296875,154255.09375,188.66021728515625,0.5019606351852417,187.49395751953125,0.505082905292511
2026-09-08T07:30:00.000+08:00,3304.06494140625,9.40528392791748,6.541341304779053,2831.340576171875,24.463319778442383,27.84765625,384.20001220703125,168.6510009765625,96.01799774169922,0.8569999933242798,60.0,154256.59375,185.09417724609375,0.515953540802002,188.5637969970703,0.5064598917961121
2026-09-08T07:31:00.000+08:00,3347.03662109375,9.403651237487793,6.542426109313965,2826.78662109375,24.498432159423828,27.763671875,384.0,169.75,96.31199645996094,0.8579999804496765,60.0099983215332,154258.296875,189.3663330078125,0.5043135285377502,188.39967346191406,0.5069010853767395
2026-09-08T07:32:00.000+08:00,3344.153076171875,9.420344352722168,6.544053554534912,2817.560791015625,24.384435653686523,27.90283203125,384.1000061035156,169.54400634765625,96.24500274658203,0.8529999852180481,60.02000045776367,154259.90625,190.8839874267578,0.49873223900794983,189.24081420898438,0.5030627250671387
2026-09-08T07:33:00.000+08:00,3349.82568359375,9.39527416229248,6.5462236404418945,2824.321533203125,24.376522064208984,27.986328125,383.20001220703125,167.70199584960938,96.0479965209961,0.8610000014305115,59.970001220703125,154261.5,190.4368133544922,0.5020037889480591,192.34283447265625,0.497029185295105
2026-09-08T07:34:00.000+08:00,3302.49365234375,9.335291862487793,6.513888835906982,2825.795654296875,24.392879486083984,27.875,383.8999938964844,168.83999633789062,96.15699768066406,0.8560000061988831,59.9900016784668,154263.09375,190.07630920410156,0.5003253817558289,197.266845703125,0.4820881187915802
2026-09-08T07:35:00.000+08:00,3324.620849609375,9.355914115905762,6.51171875,2817.515625,24.39374542236328,27.94482421875,383.8999938964844,168.21099853515625,95.93000030517578,0.8579999804496765,60.0,154264.703125,187.9364013671875,0.5086827278137207,191.7538299560547,0.49855586886405945
2026-09-08T07:36:00.000+08:00,3277.71533203125,9.383845329284668,6.451930999755859,2811.091064453125,24.564523696899414,27.97265625,384.1000061035156,171.6219940185547,97.26799774169922,0.8519999980926514,60.02000045776367,154266.296875,182.99664306640625,0.5207745432853699,198.58407592773438,0.47989749908447266
2026-09-08T07:37:00.000+08:00,3340.388671875,9.349238395690918,6.482638835906982,2839.8310546875,24.583280563354492,27.986328125,383.6000061035156,167.08099365234375,95.39099884033203,0.859000027179718,60.0099983215332,154268.0,186.72665405273438,0.5098361372947693,197.4055938720703,0.48225584626197815
2026-09-08T07:38:00.000+08:00,3314.758056640625,9.29200267791748,6.892143726348877,2822.19091796875,24.583600997924805,27.5,383.8999938964844,155.3070068359375,86.90499877929688,0.8410000205039978,60.02000045776367,154269.40625,192.82872009277344,0.4994069039821625,185.79209899902344,0.5183213353157043
2026-09-08T07:39:00.000+08:00,3373.3935546875,9.32795238494873,7.045680999755859,2828.88037109375,24.551721572875977,27.33349609375,383.8999938964844,152.8780059814453,85.85399627685547,0.843999981880188,60.02000045776367,154270.90625,192.10011291503906,0.49349266290664673,190.659912109375,0.4972204267978668
2026-09-08T07:40:00.000+08:00,3302.52197265625,9.360918998718262,7.070963382720947,2842.864501953125,24.57858657836914,27.15283203125,384.29998779296875,152.8780059814453,85.49700164794922,0.8379999995231628,60.040000915527344,154272.296875,164.38648986816406,0.5231573581695557,164.6331329345703,0.522373616695404
2026-09-08T07:41:00.000+08:00,3415.177001953125,9.353182792663574,7.1087236404418945,2821.5849609375,24.549440383911133,27.208984375,384.0,153.4080047607422,85.6729965209961,0.8410000205039978,59.9900016784668,154273.703125,158.94952392578125,0.5404231548309326,151.84725952148438,0.5656999945640564
2026-09-08T07:42:00.000+08:00,3369.354736328125,9.453150749206543,7.232638835906982,2813.492919921875,24.52775001525879,27.20849609375,383.5,151.4250030517578,84.66600036621094,0.8420000076293945,60.0099983215332,154275.09375,153.0884552001953,0.553274929523468,143.7025146484375,0.5894120931625366
2026-09-08T07:43:00.000+08:00,3379.837646484375,9.547274589538574,7.326930999755859,2829.1328125,24.526294708251953,27.125,383.6000061035156,150.91900634765625,84.19999694824219,0.8410000205039978,59.970001220703125,154276.59375,154.90322875976562,0.5500208139419556,150.12510681152344,0.5675266981124878
2026-09-08T07:44:00.000+08:00,3397.586669921875,9.675448417663574,7.391058921813965,2824.197509765625,24.524620056152344,27.208984375,383.20001220703125,150.35800170898438,84.43399810791016,0.8460000157356262,59.9900016784668,154278.0,149.68983459472656,0.5624964833259583,150.2170867919922,0.5605221390724182
2026-09-08T07:45:00.000+08:00,3380.561279296875,9.74982738494873,7.41796875,2828.865234375,24.56815528869629,27.125,383.29998779296875,151.51800537109375,84.62000274658203,0.8399999737739563,60.02000045776367,154279.40625,148.92843627929688,0.5613434314727783,145.86001586914062,0.5731522440910339
2026-09-08T07:46:00.000+08:00,3372.90087890625,9.764338493347168,7.44921875,2797.169677734375,24.624404907226562,27.20849609375,383.1000061035156,153.15499877929688,86.125,0.8450000286102295,60.02000045776367,154280.796875,152.8770751953125,0.5468446016311646,143.04779052734375,0.5844200253486633
2026-09-08T07:47:00.000+08:00,3382.2392578125,9.875514030456543,7.451388835906982,2811.093994140625,24.38149070739746,27.2919921875,383.5,154.1230010986328,86.34600067138672,0.8420000076293945,59.9900016784668,154282.296875,157.0183563232422,0.5349693298339844,148.81138610839844,0.5644729137420654
2026-09-08T07:48:00.000+08:00,3450.346923828125,9.962336540222168,7.482638835906982,2828.86328125,24.41938018798828,27.34765625,383.0,153.781005859375,86.41100311279297,0.847000002861023,60.0,154283.703125,158.4910888671875,0.5388315320014954,145.0402069091797,0.5888022780418396
2026-09-08T07:49:00.000+08:00,3374.84375,9.999102592468262,7.451930999755859,2828.031494140625,24.41938018798828,27.2919921875,383.1000061035156,154.98300170898438,86.39700317382812,0.8399999737739563,59.97999954223633,154285.09375,159.9994659423828,0.5362517833709717,163.31295776367188,0.5253716707229614
2026-09-08T07:50:00.000+08:00,3444.4560546875,10.00892162322998,7.4524736404418945,2827.4296875,24.30963134765625,27.34716796875,383.0,155.25799560546875,86.58899688720703,0.8399999737739563,60.02000045776367,154286.59375,166.85452270507812,0.515419065952301,160.83526611328125,0.5347086191177368
2026-09-08T07:51:00.000+08:00,3421.90380859375,10.061602592468262,7.4524736404418945,2803.912841796875,24.35232162475586,27.2919921875,383.20001220703125,156.83799743652344,87.68399810791016,0.8429999947547913,60.029998779296875,154288.0,169.79293823242188,0.505910336971283,158.28286743164062,0.5426992774009705
2026-09-08T07:52:00.000+08:00,3333.958251953125,10.044779777526855,7.451388835906982,2826.623779296875,24.27424430847168,27.47216796875,383.79998779296875,156.37899780273438,87.74500274658203,0.843999981880188,60.029998779296875,154289.5,163.8259735107422,0.5237264633178711,170.3562774658203,0.5036503672599792
2026-09-08T07:53:00.000+08:00,3394.2734375,10.08051586151123,7.510091304779053,2827.262939453125,24.294614791870117,27.44482421875,384.1000061035156,156.90699768066406,87.99500274658203,0.8429999947547913,60.0099983215332,154291.0,172.57568359375,0.503547191619873,164.48672485351562,0.5283101201057434
2026-09-08T07:54:00.000+08:00,3402.918212890625,10.157275199890137,7.544596195220947,2804.089111328125,24.354839324951172,27.47265625,384.3999938964844,158.01699829101562,88.25,0.8399999737739563,60.02000045776367,154292.40625,179.58602905273438,0.48611798882484436,177.6753387451172,0.4913456439971924
2026-09-08T07:55:00.000+08:00,3459.833251953125,10.221179008483887,7.544596195220947,2826.980224609375,24.430889129638672,27.611328125,384.5,158.6699981689453,89.27100372314453,0.8450000286102295,59.97999954223633,154293.796875,176.45285034179688,0.4947497546672821,176.69764709472656,0.4940643012523651
2026-09-08T07:56:00.000+08:00,3372.46533203125,10.1786527633667,7.4524736404418945,2840.329345703125,24.486312866210938,27.5703125,384.0,160.04600524902344,90.447998046875,0.8500000238418579,59.970001220703125,154295.296875,173.7901611328125,0.5040561556816101,189.3237762451172,0.46269941329956055
2026-09-08T07:57:00.000+08:00,3478.908203125,10.182269096374512,7.29188346862793,2805.279541015625,24.490541458129883,27.625,383.3999938964844,164.13499450683594,92.74700164794922,0.8510000109672546,59.959999084472656,154296.90625,187.0444793701172,0.47314950823783875,170.8273162841797,0.5180670022964478
2026-09-08T07:58:00.000+08:00,3411.953369140625,10.16455364227295,7.2962236404418945,2809.05078125,24.469520568847656,27.8203125,383.20001220703125,163.56300354003906,92.73999786376953,0.8560000061988831,59.970001220703125,154298.5,184.52833557128906,0.4866461455821991,167.96792602539062,0.5346258878707886
2026-09-08T07:59:00.000+08:00,3359.034423828125,10.109309196472168,7.263888835906982,2824.307861328125,24.493610382080078,27.8203125,383.1000061035156,166.63499450683594,94.01599884033203,0.8500000238418579,59.959999084472656,154300.0,189.50997924804688,0.4844071865081787,176.33587646484375,0.5205973982810974
2026-09-08T08:00:00.000+08:00,3416.3818359375,10.10639476776123,7.228841304779053,2822.78564453125,24.37705421447754,27.875,383.1000061035156,166.02099609375,93.802001953125,0.8510000109672546,60.02000045776367,154301.59375,194.43038940429688,0.4726627469062805,186.49688720703125,0.49276962876319885
2026-09-08T08:01:00.000+08:00,3378.637939453125,10.021571159362793,7.167426109313965,2821.774169921875,24.39116668701172,27.958984375,382.70001220703125,165.7239990234375,93.9280014038086,0.8550000190734863,59.970001220703125,154303.203125,191.60812377929688,0.4801466763019562,186.25363159179688,0.49395009875297546
2026-09-08T08:02:00.000+08:00,3387.841552734375,10.006129264831543,7.1712236404418945,2818.259521484375,24.3796329498291,27.90283203125,382.79998779296875,165.24899291992188,93.78600311279297,0.8539999723434448,59.959999084472656,154304.703125,193.42611694335938,0.48028674721717834,195.59719848632812,0.47495564818382263
2026-09-08T08:03:00.000+08:00,3459.301513671875,9.932772636413574,7.138888835906982,2829.5537109375,24.389787673950195,27.958984375,383.0,166.08599853515625,93.69999694824219,0.8500000238418579,59.970001220703125,154306.203125,195.89939880371094,0.4754246473312378,200.30380249023438,0.4703359603881836
2026-09-08T08:04:00.000+08:00,3520.08154296875,9.892725944519043,7.076930999755859,2800.904052734375,24.412147521972656,27.931640625,383.0,167.7239990234375,94.61199951171875,0.8489999771118164,60.060001373291016,154307.796875,197.9976043701172,0.4691975712776184,194.32876586914062,0.47805583477020264
2026-09-08T08:05:00.000+08:00,3401.877685546875,9.923853874206543,7.0774736404418945,2831.700927734375,24.500104904174805,28.01416015625,383.1000061035156,168.91299438476562,95.61399841308594,0.8529999852180481,60.02000045776367,154309.40625,186.10980224609375,0.4986303746700287,198.59962463378906,0.4672717750072479
2026-09-08T08:06:00.000+08:00,3468.04052734375,9.890704154968262,7.043510913848877,2826.50634765625,24.57444190979004,28.01416015625,383.0,169.2740020751953,95.86000061035156,0.8539999723434448,60.0099983215332,154311.0,193.45054626464844,0.4853953719139099,197.35464477539062,0.47579318284988403
2026-09-08T08:07:00.000+08:00,3433.5634765625,9.874361991882324,7.045138835906982,2818.896240234375,24.575307846069336,28.083984375,383.3999938964844,169.53500366210938,95.75800323486328,0.8510000109672546,60.0099983215332,154312.703125,189.79408264160156,0.5005424618721008,192.2452850341797,0.49416035413742065
2026-09-08T08:08:00.000+08:00,3487.510009765625,9.867709159851074,7.040798187255859,2821.137451171875,24.584596633911133,28.0419921875,382.8999938964844,169.906005859375,95.63999938964844,0.8489999771118164,60.0,154314.203125,197.0157928466797,0.4816872775554657,192.5376739501953,0.49289053678512573
2026-09-08T08:09:00.000+08:00,3498.8662109375,9.845606803894043,7.044053554534912,2833.21484375,24.57444190979004,28.083984375,382.70001220703125,169.0260009765625,95.61399841308594,0.8539999723434448,59.959999084472656,154315.796875,196.40980529785156,0.4836825728416443,198.20477294921875,0.4793022871017456
2026-09-08T08:10:00.000+08:00,3457.6494140625,9.83100414276123,7.042426109313965,2830.369384765625,24.590776443481445,28.0,383.20001220703125,168.47799682617188,95.58899688720703,0.8550000190734863,60.0099983215332,154317.40625,197.0238037109375,0.48116013407707214,187.9923553466797,0.5042757987976074
2026-09-08T08:11:00.000+08:00,3416.06591796875,9.845171928405762,7.0462236404418945,2816.314453125,24.71306037902832,28.06982421875,383.0,167.89999389648438,95.38899993896484,0.8560000061988831,60.0099983215332,154319.0,192.17544555664062,0.4932992160320282,185.02259826660156,0.5123698115348816
2026-09-08T08:12:00.000+08:00,3493.120849609375,9.76606273651123,7.012260913848877,2849.1044921875,24.714794158935547,28.111328125,383.0,168.47999572753906,95.46800231933594,0.8550000190734863,60.029998779296875,154320.59375,193.270263671875,0.48998743295669556,192.77145385742188,0.4912552833557129
2026-09-08T08:13:00.000+08:00,3438.690673828125,9.819720268249512,6.981553554534912,2818.384765625,24.746580123901367,28.083984375,382.8999938964844,167.43699645996094,95.49099731445312,0.859000027179718,59.959999084472656,154322.09375,190.96624755859375,0.49432820081710815,187.7109832763672,0.5029007792472839
2026-09-08T08:14:00.000+08:00,3512.615966796875,9.818140983581543,6.950846195220947,2810.999267578125,24.638269424438477,28.208984375,382.70001220703125,169.13400268554688,96.62999725341797,0.8619999885559082,60.0,154323.796875,191.92518615722656,0.4918583333492279,189.4372100830078,0.4983181357383728
2026-09-08T08:15:00.000+08:00,3451.7041015625,9.764910697937012,6.98046875,2831.677490234375,24.68973731994629,28.19482421875,382.6000061035156,169.4080047607422,96.6050033569336,0.8610000014305115,59.9900016784668,154325.40625,194.37486267089844,0.4866884648799896,187.50860595703125,0.5045101642608643
2026-09-08T08:16:00.000+08:00,3496.050048828125,9.771136283874512,6.9837236404418945,2824.445556640625,24.73191261291504,28.15283203125,382.70001220703125,169.53599548339844,96.5260009765625,0.859000027179718,59.970001220703125,154327.0,193.0480194091797,0.49624958634376526,194.95477294921875,0.4913960099220276
2026-09-08T08:17:00.000+08:00,3491.3291015625,9.794825553894043,7.0149736404418945,2818.38720703125,24.87362289428711,28.181640625,382.20001220703125,169.32400512695312,96.45899963378906,0.8619999885559082,59.959999084472656,154328.59375,194.4479217529297,0.494733989238739,196.00540161132812,0.4908027946949005
2026-09-08T08:18:00.000+08:00,3451.529296875,9.764735221862793,7.013346195220947,2816.057373046875,24.761831283569336,28.26416015625,381.8999938964844,168.718994140625,96.62799835205078,0.8669999837875366,59.970001220703125,154330.203125,190.8892364501953,0.5023855566978455,191.14059448242188,0.501724898815155
2026-09-08T08:19:00.000+08:00,3487.225341796875,9.833460807800293,7.011176109313965,2830.1240234375,24.778545379638672,28.333984375,382.1000061035156,168.17100524902344,96.41500091552734,0.8669999837875366,60.0,154331.90625,193.07888793945312,0.49461647868156433,185.75558471679688,0.5141164660453796
2026-09-08T08:20:00.000+08:00,3451.337158203125,9.83521556854248,7.014430999755859,2827.83203125,24.791776657104492,28.263671875,382.1000061035156,168.843994140625,96.41200256347656,0.8619999885559082,60.0099983215332,154333.5,188.56036376953125,0.508060097694397,196.50750732421875,0.4875131845474243
2026-09-08T08:21:00.000+08:00,3464.456298828125,9.84937572479248,7.013888835906982,2810.094970703125,24.821643829345703,28.34765625,381.3999938964844,170.25399780273438,97.69300079345703,0.8679999709129333,59.97999954223633,154335.0,194.00125122070312,0.4938112497329712,198.2361297607422,0.484505832195282
2026-09-08T08:22:00.000+08:00,3436.7421875,9.835284233093262,7.076930999755859,2832.096435546875,24.822099685668945,28.25,382.1000061035156,168.90899658203125,96.90399932861328,0.8669999837875366,60.02000045776367,154336.703125,188.72201538085938,0.510274350643158,195.0937042236328,0.4936089813709259
2026-09-08T08:23:00.000+08:00,3422.933349609375,9.859332084655762,7.045138835906982,2813.71484375,24.983619689941406,28.333984375,382.20001220703125,168.36700439453125,96.64900207519531,0.8669999837875366,60.0099983215332,154338.296875,194.421142578125,0.4989169239997864,196.82057189941406,0.4928346574306488
2026-09-08T08:24:00.000+08:00,3418.328857421875,9.852076530456543,7.076930999755859,2822.25830078125,24.894710540771484,28.431640625,382.3999938964844,168.5760040283203,96.62999725341797,0.8659999966621399,59.970001220703125,154340.0,187.0821533203125,0.5136780738830566,191.952392578125,0.5006449818611145
2026-09-08T08:25:00.000+08:00,3432.361572265625,9.94019603729248,7.076388835906982,2831.91455078125,24.898670196533203,28.486328125,381.70001220703125,170.03900146484375,97.7509994506836,0.8700000047683716,59.97999954223633,154341.5,191.65298461914062,0.5021626353263855,188.25253295898438,0.49728596210479736
2026-09-08T08:26:00.000+08:00,3463.698974609375,10.009562492370605,7.107096195220947,2819.677490234375,24.919776916503906,28.458984375,381.79998779296875,168.88600158691406,96.96399688720703,0.8679999709129333,60.0099983215332,154343.09375,190.71923828125,0.502833366394043,201.4769744873047,0.47598493099212646
2026-09-08T08:27:00.000+08:00,3529.08544921875,9.942645072937012,7.134548187255859,2809.26416015625,24.9439754486084,28.4033203125,381.70001220703125,170.23399353027344,96.99500274658203,0.8610000014305115,60.02000045776367,154344.796875,195.2455596923828,0.4978346526622772,199.973388671875,0.4860646724700928
2026-09-08T08:28:00.000+08:00,3463.391357421875,9.947543144226074,7.101128101348877,2808.0361328125,24.983137130737305,28.375,381.8999938964844,170.39700317382812,97.01799774169922,0.8610000014305115,59.97999954223633,154346.40625,195.04483032226562,0.4927072525024414,195.4409942626953,0.4917084872722626
2026-09-08T08:29:00.000+08:00,3514.15478515625,9.945956230163574,7.075846195220947,2824.395263671875,25.016569137573242,28.5419921875,381.79998779296875,171.3040008544922,97.98300170898438,0.8650000095367432,59.959999084472656,154348.0,195.7949981689453,0.4908194839954376,193.85987854003906,0.4957188665866852
2026-09-08T08:30:00.000+08:00,3515.5888671875,9.90174388885498,7.076388835906982,2820.519287109375,25.090049743652344,28.5,381.8999938964844,173.71099853515625,99.4489974975586,0.8659999966621399,59.970001220703125,154349.59375,194.80491638183594,0.4933140277862549,190.35951232910156,0.5048342347145081
2026-09-08T08:31:00.000+08:00,3434.50146484375,9.907320976257324,7.106010913848877,2816.3359375,25.015649795532227,28.708984375,381.8999938964844,172.77099609375,99.31900024414062,0.8700000047683716,60.0,154351.40625,195.6781005859375,0.496223121881485,196.7032470703125,0.49363699555397034
2026-09-08T08:32:00.000+08:00,3423.807861328125,9.94703197479248,7.074760913848877,2783.78466796875,25.007280349731445,28.6953125,381.70001220703125,173.58900451660156,99.08300018310547,0.8619999885559082,59.9900016784668,154353.0,191.93360900878906,0.5126772522926331,192.5668487548828,0.5109913945198059
2026-09-08T08:33:00.000+08:00,3469.06982421875,9.922686576843262,7.0462236404418945,2805.970947265625,25.0169677734375,28.72265625,381.79998779296875,172.8560028076172,98.96399688720703,0.8659999966621399,60.0099983215332,154354.59375,193.02992248535156,0.5118377208709717,202.41824340820312,0.48809829354286194
2026-09-08T08:34:00.000+08:00,3432.772216796875,9.93067455291748,7.044596195220947,2831.374267578125,25.140649795532227,28.625,382.29998779296875,172.53199768066406,99.20800018310547,0.8690000176429749,59.9900016784668,154356.296875,195.63162231445312,0.5034973621368408,207.18606567382812,0.4754180610179901
2026-09-08T08:35:00.000+08:00,3503.50732421875,9.922945976257324,7.0774736404418945,2803.47509765625,25.16352653503418,28.72265625,381.8999938964844,173.54200744628906,99.4209976196289,0.8659999966621399,59.970001220703125,154358.0,201.52398681640625,0.48976799845695496,206.12667846679688,0.4788317382335663
2026-09-08T08:36:00.000+08:00,3505.54052734375,9.970683097839355,7.1087236404418945,2806.3935546875,25.174516677856445,28.72265625,381.70001220703125,174.42999267578125,100.52100372314453,0.8700000047683716,60.0,154359.5,194.38162231445312,0.5067351460456848,194.01663208007812,0.5076884627342224
2026-09-08T08:37:00.000+08:00,3501.47509765625,10.002947807312012,7.10438346862793,2810.965087890625,25.22907257080078,28.6669921875,381.8999938964844,174.093994140625,99.79199981689453,0.8669999837875366,59.9900016784668,154361.296875,197.68515014648438,0.4982670843601227,193.05677795410156,0.5102126002311707
2026-09-08T08:38:00.000+08:00,3421.4560546875,9.980669975280762,7.135091304779053,2802.855224609375,25.12961196899414,28.763671875,381.8999938964844,174.73699951171875,99.42400360107422,0.8619999885559082,59.959999084472656,154363.0,194.31472778320312,0.5120558738708496,193.68524169921875,0.5137200951576233
2026-09-08T08:39:00.000+08:00,3510.243896484375,9.893153190612793,7.1087236404418945,2806.59912109375,25.12740707397461,28.833984375,381.70001220703125,175.5189971923828,100.32599639892578,0.8700000047683716,59.970001220703125,154364.5,199.9429931640625,0.4961414337158203,189.22862243652344,0.5242335796356201
2026-09-08T08:40:00.000+08:00,3392.258544921875,9.9083890914917,7.076388835906982,2804.539794921875,25.1634578704834,28.75,381.79998779296875,175.8820037841797,100.56300354003906,0.8650000095367432,59.959999084472656,154366.296875,191.45318603515625,0.5155307650566101,206.25674438476562,0.47852978110313416
2026-09-08T08:41:00.000+08:00,3437.06787109375,9.93110179901123,7.044053554534912,2806.632568359375,25.167020797729492,28.8203125,381.6000061035156,176.03700256347656,100.74099731445312,0.8700000047683716,60.0099983215332,154367.90625,190.47195434570312,0.5223866105079651,206.48086547851562,0.48188483715057373
2026-09-08T08:42:00.000+08:00,3497.01318359375,9.898226737976074,7.07801628112793,2812.66552734375,25.17800521850586,28.81982421875,382.1000061035156,174.9199981689453,100.66000366210938,0.8679999709129333,60.040000915527344,154369.59375,196.49847412109375,0.5048385262489319,200.1532440185547,0.4956202507019043
2026-09-08T08:43:00.000+08:00,3496.573486328125,9.924708366394043,7.076930999755859,2813.66650390625,25.15949821472168,28.84765625,382.20001220703125,175.61900329589844,100.53299713134766,0.8650000095367432,60.060001373291016,154371.296875,197.9945831298828,0.5035491585731506,204.22293090820312,0.48819199204444885
2026-09-08T08:44:00.000+08:00,3439.720947265625,9.924708366394043,7.076930999755859,2816.50341796875,25.324092864990234,28.8203125,382.1000061035156,174.55599975585938,100.53500366210938,0.8709999918937683,60.04999923706055,154373.0,193.0478515625,0.5159342885017395,203.56857299804688,0.48927003145217896
2026-09-08T08:45:00.000+08:00,3441.642333984375,9.93226146697998,7.0774736404418945,2832.6083984375,25.34478759765625,28.81982421875,381.79998779296875,174.53399658203125,100.41400146484375,0.8709999918937683,60.02000045776367,154374.59375,192.85009765625,0.51594477891922,207.28346252441406,0.4800190031528473
2026-09-08T08:46:00.000+08:00,3482.917236328125,9.900233268737793,7.106553554534912,2816.242431640625,25.36290168762207,28.76416015625,381.79998779296875,174.31399536132812,100.37899780273438,0.8700000047683716,60.04999923706055,154376.296875,192.3144989013672,0.5179016590118408,195.3607635498047,0.5098260045051575
2026-09-08T08:47:00.000+08:00,3462.830322265625,9.916163444519043,7.106553554534912,2830.922607421875,25.25503158569336,28.958984375,381.6000061035156,175.2519989013672,100.52100372314453,0.8679999709129333,60.040000915527344,154377.90625,195.21066284179688,0.5112425684928894,195.1892852783203,0.5112985968589783
2026-09-08T08:48:00.000+08:00,3484.077392578125,9.995448112487793,7.107638835906982,2801.033203125,25.303329467773438,28.94482421875,381.8999938964844,175.18600463867188,100.43699645996094,0.8679999709129333,60.04999923706055,154379.59375,193.71705627441406,0.5151844024658203,193.20668029785156,0.516545295715332
2026-09-08T08:49:00.000+08:00,3455.6025390625,9.970248222351074,7.1087236404418945,2801.31201171875,25.280075073242188,28.986328125,381.20001220703125,174.6929931640625,100.33300018310547,0.8700000047683716,60.0099983215332,154381.40625,197.06288146972656,0.5059298872947693,191.1169891357422,0.5216700434684753
2026-09-08T08:50:00.000+08:00,3418.982421875,9.97114086151123,7.10438346862793,2820.223388671875,25.250581741333008,28.958984375,381.79998779296875,175.63999938964844,100.55799865722656,0.8659999966621399,60.029998779296875,154383.0,196.2900390625,0.5084313154220581,207.24539184570312,0.4815547466278076
2026-09-08T08:51:00.000+08:00,3459.3505859375,9.962985038757324,7.138346195220947,2805.020751953125,25.276119232177734,28.958984375,381.79998779296875,176.22799682617188,100.68299865722656,0.8640000224113464,60.02000045776367,154384.796875,196.8872528076172,0.5063812136650085,206.4918975830078,0.48282766342163086
2026-09-08T08:52:00.000+08:00,3435.1455078125,9.96741008758545,7.139430999755859,2824.78369140625,25.415176391601562,28.9453125,381.8999938964844,176.38699340820312,100.61599731445312,0.8629999756813049,59.970001220703125,154386.40625,191.2791290283203,0.5217505693435669,201.90147399902344,0.49430051445961
2026-09-08T08:53:00.000+08:00,3565.21826171875,9.964999198913574,7.16688346862793,2795.228759765625,25.473670959472656,28.931640625,382.20001220703125,176.40199279785156,100.61599731445312,0.8619999885559082,60.0099983215332,154388.09375,199.28732299804688,0.5012862682342529,205.20460510253906,0.4868311882019043
2026-09-08T08:54:00.000+08:00,3512.4228515625,10.010249137878418,7.138346195220947,2824.292236328125,25.40984535217285,29.056640625,382.3999938964844,177.7480010986328,101.84600067138672,0.8659999966621399,60.02000045776367,154389.703125,197.0841064453125,0.5079049468040466,197.81976318359375,0.5060161352157593
2026-09-08T08:55:00.000+08:00,3367.89599609375,10.066615104675293,7.138888835906982,2815.353515625,25.435401916503906,29.056640625,382.29998779296875,177.60299682617188,101.88999938964844,0.8659999966621399,60.0,154391.5,186.9790496826172,0.5342844724655151,193.16244506835938,0.5171812772750854
2026-09-08T08:56:00.000+08:00,3482.464599609375,9.963892936706543,7.138888835906982,2791.7412109375,25.468875885009766,29.0283203125,382.20001220703125,178.21299743652344,101.76399993896484,0.8629999756813049,59.970001220703125,154393.203125,195.9412384033203,0.5159710049629211,203.58810424804688,0.49659091234207153
2026-09-08T08:57:00.000+08:00,3457.944580078125,9.981097221374512,7.137803554534912,2812.94970703125,25.592988967895508,29.056640625,382.20001220703125,178.1750030517578,101.947998046875,0.8629999756813049,59.970001220703125,154394.796875,199.79066467285156,0.5045280456542969,206.48849487304688,0.4881627857685089
2026-09-08T08:58:00.000+08:00,3462.30712890625,9.950457572937012,7.166341304779053,2784.675048828125,25.58505630493164,29.0283203125,381.79998779296875,177.67599487304688,101.79900360107422,0.8669999837875366,60.0099983215332,154396.59375,194.06771850585938,0.5194063186645508,196.66421508789062,0.5125487446784973
2026-09-08T08:59:00.000+08:00,3481.421142578125,9.965479850769043,7.168510913848877,2811.56591796875,25.590293884277344,29.056640625,381.6000061035156,178.0679931640625,101.7760009765625,0.8659999966621399,59.97999954223633,154398.296875,198.0889434814453,0.5093671679496765,196.91275024414062,0.5124096870422363
2026-09-08T09:00:00.000+08:00,3470.43603515625,10.02527904510498,7.167426109313965,2812.13232421875,25.603958129882812,29.111328125,381.3999938964844,178.9320068359375,101.69999694824219,0.8610000014305115,59.970001220703125,154399.90625,192.83319091796875,0.523250162601471,196.43136596679688,0.5136654376983643
2026-09-08T09:01:00.000+08:00,3488.144775390625,9.98200511932373,7.16688346862793,2793.030517578125,25.62106704711914,29.111328125,381.29998779296875,178.25100708007812,101.5459976196289,0.8619999885559082,60.0,154401.59375,197.83840942382812,0.5090012550354004,192.0950927734375,0.5242195129394531
2026-09-08T09:02:00.000+08:00,3499.13232421875,10.010645866394043,7.076930999755859,2789.88818359375,25.531349182128906,29.13916015625,381.20001220703125,180.3560028076172,102.93800354003906,0.8640000224113464,60.02000045776367,154403.296875,198.2617645263672,0.5094274878501892,194.75701904296875,0.5185949206352234
2026-09-08T09:03:00.000+08:00,3512.474609375,9.969820976257324,7.10546875,2828.829345703125,25.578683853149414,29.208984375,381.5,179.81900024414062,102.96199798583984,0.8659999966621399,59.970001220703125,154405.0,198.9010772705078,0.5067846179008484,195.8994598388672,0.5145496726036072
2026-09-08T09:04:00.000+08:00,3490.222900390625,9.961413383483887,7.108180999755859,2787.510986328125,25.54538917541504,29.236328125,382.20001220703125,178.77699279785156,102.66000366210938,0.8690000176429749,60.0099983215332,154406.796875,198.5792694091797,0.5126416087150574,204.21678161621094,0.4984898567199707
2026-09-08T09:05:00.000+08:00,3453.72900390625,9.954066276550293,7.076388835906982,2786.607666015625,25.51028060913086,29.181640625,382.1000061035156,178.6280059814453,102.61799621582031,0.8679999709129333,59.970001220703125,154408.40625,199.99725341796875,0.5095070004463196,199.9533233642578,0.5096189379692078
2026-09-08T09:06:00.000+08:00,3449.7880859375,9.985918998718262,7.07801628112793,2809.42529296875,25.53477668762207,29.236328125,381.8999938964844,179.2050018310547,102.73699951171875,0.8669999837875366,59.970001220703125,154410.203125,195.29818725585938,0.5212542414665222,202.4759521484375,0.5027757883071899
2026-09-08T09:07:00.000+08:00,3525.8623046875,9.902430534362793,7.043510913848877,2804.688232421875,25.54538917541504,29.20849609375,382.1000061035156,179.41299438476562,102.63200378417969,0.8640000224113464,60.02000045776367,154411.90625,202.8782501220703,0.5022717118263245,204.5762176513672,0.4981028735637665
2026-09-08T09:08:00.000+08:00,3409.28271484375,9.891314506530762,7.043510913848877,2804.753173828125,25.532608032226562,29.125,382.20001220703125,178.4709930419922,102.52799987792969,0.8669999837875366,59.959999084472656,154413.703125,196.0147705078125,0.5193486213684082,200.3062286376953,0.5082218647003174
2026-09-08T09:09:00.000+08:00,3430.8896484375,9.889132499694824,7.041341304779053,2804.5283203125,25.528278350830078,29.236328125,381.8999938964844,179.0749969482422,102.74099731445312,0.8669999837875366,59.959999084472656,154415.296875,194.61544799804688,0.5225690007209778,203.83465576171875,0.4989338219165802
2026-09-08T09:10:00.000+08:00,3462.58203125,9.897974967956543,7.045138835906982,2803.48876953125,25.530071258544922,29.1669921875,382.1000061035156,178.69400024414062,102.7229995727539,0.8669999837875366,60.029998779296875,154417.0,201.52931213378906,0.5036488175392151,198.60443115234375,0.5110661387443542
2026-09-08T09:11:00.000+08:00,3482.038818359375,9.897356986999512,7.072591304779053,2813.473876953125,25.67381477355957,29.22265625,382.5,178.9040069580078,102.74800109863281,0.8669999837875366,59.9900016784668,154418.796875,201.89474487304688,0.5037277936935425,206.872802734375,0.4916064143180847
2026-09-08T09:12:00.000+08:00,3513.888671875,9.906336784362793,7.044596195220947,2811.325927734375,25.539262771606445,29.19482421875,382.20001220703125,179.0489959716797,102.6760025024414,0.8650000095367432,60.02000045776367,154420.40625,204.32444763183594,0.4972483813762665,203.85110473632812,0.49840298295021057
2026-09-08T09:13:00.000+08:00,3454.836669921875,9.949435234069824,7.012803554534912,2808.07958984375,25.55060577392578,29.125,382.29998779296875,181.25999450683594,103.84100341796875,0.8650000095367432,60.0,154422.09375,193.6326446533203,0.5257378220558167,204.91177368164062,0.49679917097091675
2026-09-08T09:14:00.000+08:00,3508.3544921875,9.89002513885498,7.045680999755859,2801.440673828125,25.562124252319336,29.19482421875,382.20001220703125,180.91700744628906,104.05400085449219,0.8690000176429749,59.9900016784668,154423.796875,195.9226531982422,0.5190823674201965,204.29840087890625,0.4978012442588806
2026-09-08T09:15:00.000+08:00,3519.001953125,9.934840202331543,7.014430999755859,2793.19677734375,25.521623611450195,29.208984375,382.20001220703125,179.46600341796875,102.70600128173828,0.8650000095367432,60.02000045776367,154425.703125,200.2991943359375,0.5132322311401367,203.0884552001953,0.506183385848999
2026-09-08T09:16:00.000+08:00,3393.1318359375,9.907671928405762,7.045138835906982,2785.69140625,25.590665817260742,29.0703125,382.3999938964844,177.05499267578125,101.4260025024414,0.8650000095367432,59.9900016784668,154427.296875,191.89517211914062,0.534666895866394,202.81019592285156,0.505891740322113
2026-09-08T09:17:00.000+08:00,3482.44677734375,9.840533256530762,7.012260913848877,2800.162353515625,25.415990829467773,29.0703125,382.29998779296875,179.53599548339844,102.5739974975586,0.8629999756813049,59.970001220703125,154429.0,202.2779083251953,0.5012905597686768,193.79396057128906,0.523236095905304
2026-09-08T09:18:00.000+08:00,3474.74755859375,9.841570854187012,6.98046875,2812.5,25.567432403564453,29.0,382.6000061035156,178.62100219726562,102.47699737548828,0.8659999966621399,60.0,154430.703125,196.90032958984375,0.5124419927597046,191.1155242919922,0.5279529094696045
2026-09-08T09:19:00.000+08:00,3531.015869140625,9.869685173034668,6.949760913848877,2813.881103515625,25.56563949584961,29.056640625,382.8999938964844,178.50900268554688,102.20500183105469,0.8629999756813049,59.970001220703125,154432.40625,198.5679168701172,0.511160135269165,200.4911651611328,0.5062566995620728
2026-09-08T09:20:00.000+08:00,3460.852783203125,9.7783842086792,6.951930999755859,2817.017578125,25.587751388549805,29.0703125,383.29998779296875,178.59500122070312,102.39600372314453,0.8640000224113464,60.0099983215332,154434.09375,196.4649658203125,0.5151045322418213,191.85682678222656,0.5274766683578491
2026-09-08T09:21:00.000+08:00,3504.041748046875,9.762896537780762,6.94921875,2807.384521484375,25.62106704711914,29.0,382.8999938964844,180.4320068359375,103.56900024414062,0.8659999966621399,59.97999954223633,154435.90625,198.5026397705078,0.51082444190979,194.87591552734375,0.5203311443328857
2026-09-08T09:22:00.000+08:00,3540.60595703125,9.82410717010498,6.9212236404418945,2795.170654296875,25.51766586303711,29.19482421875,382.8999938964844,178.19900512695312,102.31199645996094,0.8650000095367432,59.959999084472656,154437.59375,200.66456604003906,0.5048225522041321,194.04922485351562,0.5220324993133545
2026-09-08T09:23:00.000+08:00,3486.443603515625,9.879168510437012,6.982638835906982,2808.64013671875,25.62069320678711,29.056640625,382.6000061035156,179.4010009765625,102.62999725341797,0.8640000224113464,60.0099983215332,154439.296875,196.8363800048828,0.5217531323432922,199.6515350341797,0.5143962502479553
2026-09-08T09:24:00.000+08:00,3444.628662109375,9.874285697937012,6.983180999755859,2784.82177734375,25.62285804748535,29.013671875,382.79998779296875,177.70700073242188,102.2979965209961,0.8669999837875366,60.02000045776367,154441.0,198.34060668945312,0.5188044905662537,203.834716796875,0.5048207640647888
2026-09-08T09:25:00.000+08:00,3472.468994140625,9.771563529968262,6.9837236404418945,2809.369873046875,25.54755210876465,29.181640625,382.5,178.52000427246094,102.28399658203125,0.8640000224113464,59.970001220703125,154442.796875,195.31289672851562,0.5191669464111328,191.5243682861328,0.5294365286827087
2026-09-08T09:26:00.000+08:00,3457.971435546875,9.82453441619873,6.91796875,2831.181396484375,25.607402801513672,29.09765625,382.6000061035156,179.22799682617188,103.24199676513672,0.8679999709129333,60.02000045776367,154444.40625,198.81529235839844,0.5105240941047668,190.47598266601562,0.5328755378723145
2026-09-08T09:27:00.000+08:00,3434.61572265625,9.777667045593262,6.917426109313965,2816.284423828125,25.53656768798828,29.1533203125,382.8999938964844,178.56700134277344,103.19400024414062,0.871999979019165,60.040000915527344,154446.203125,194.39610290527344,0.5205866098403931,206.12408447265625,0.4909663796424866
2026-09-08T09:28:00.000+08:00,3462.91845703125,9.7854642868042,6.950846195220947,2815.060546875,25.51459503173828,29.1533203125,383.29998779296875,177.48500061035156,102.4229965209961,0.8690000176429749,60.029998779296875,154447.796875,199.668701171875,0.5133503675460815,199.85716247558594,0.5128663182258606
2026-09-08T09:29:00.000+08:00,3501.63037109375,9.7870512008667,6.98046875,2814.3017578125,25.612775802612305,29.111328125,382.79998779296875,177.99200439453125,102.34200286865234,0.8669999837875366,60.029998779296875,154449.5,198.8330841064453,0.5165136456489563,205.80857849121094,0.4990074038505554
2026-09-08T09:30:00.000+08:00,3420.262451171875,9.771700859069824,6.95301628112793,2811.63720703125,25.60433006286621,29.02783203125,383.1000061035156,177.44500732421875,102.08200073242188,0.8669999837875366,60.02000045776367,154451.296875,191.42236328125,0.5291962623596191,204.64138793945312,0.4950122833251953
2026-09-08T09:31:00.000+08:00,3407.41259765625,9.81702709197998,6.919596195220947,2807.654541015625,25.612403869628906,29.02783203125,382.79998779296875,179.72500610351562,103.35399627685547,0.8679999709129333,60.02000045776367,154453.0,189.27920532226562,0.5351881980895996,194.8949737548828,0.5197671055793762
2026-09-08T09:32:00.000+08:00,3472.631591796875,9.775080680847168,6.919596195220947,2789.61865234375,25.523414611816406,29.19482421875,382.6000061035156,178.99099731445312,103.2979965209961,0.8709999918937683,59.959999084472656,154454.703125,194.21099853515625,0.5226274728775024,189.48899841308594,0.5356511473655701
2026-09-08T09:33:00.000+08:00,3453.77197265625,9.799952507019043,6.887803554534912,2790.98681640625,25.580474853515625,29.208984375,382.6000061035156,179.2550048828125,103.19400024414062,0.8709999918937683,59.970001220703125,154456.296875,198.55250549316406,0.5167399048805237,189.1348419189453,0.5424700975418091
2026-09-08T09:34:00.000+08:00,3487.1767578125,9.768000602722168,6.9212236404418945,2800.072998046875,25.558164596557617,29.19482421875,382.6000061035156,179.5279998779297,103.24500274658203,0.8669999837875366,59.970001220703125,154458.203125,202.50318908691406,0.5036957859992981,203.5816192626953,0.501027524471283
2026-09-08T09:35:00.000+08:00,3474.991455078125,9.7993803024292,6.920138835906982,2793.481689453125,25.569133758544922,29.1953125,382.70001220703125,181.1490020751953,104.40499877929688,0.8709999918937683,60.04999923706055,154459.796875,197.50091552734375,0.5199975967407227,203.4079132080078,0.5048967599868774
2026-09-08T09:36:00.000+08:00,3484.157958984375,9.818140983581543,6.984808921813965,2809.476806640625,25.743806838989258,29.1953125,382.79998779296875,179.6719970703125,103.60900115966797,0.8690000176429749,60.060001373291016,154461.59375,196.79763793945312,0.5203314423561096,202.7200469970703,0.5051301121711731
2026-09-08T09:37:00.000+08:00,3411.336181640625,9.886256217956543,7.013888835906982,2831.983642578125,25.645626068115234,29.333984375,383.0,180.9499969482422,104.78299713134766,0.8730000257492065,60.040000915527344,154463.296875,193.96478271484375,0.5336019992828369,205.29115295410156,0.5041620135307312
2026-09-08T09:38:00.000+08:00,3483.1630859375,9.84997844696045,6.981553554534912,2806.30615234375,25.67425537109375,29.306640625,383.20001220703125,179.11399841308594,103.5719985961914,0.8700000047683716,60.060001373291016,154465.0,195.81227111816406,0.5255033373832703,192.18179321289062,0.5354305505752563
2026-09-08T09:39:00.000+08:00,3489.736328125,9.874285697937012,6.981553554534912,2808.24609375,25.675495147705078,29.306640625,382.8999938964844,179.375,103.65799713134766,0.8709999918937683,60.040000915527344,154466.703125,195.07901000976562,0.5279911756515503,203.37623596191406,0.5064505338668823
2026-09-08T09:40:00.000+08:00,3483.72900390625,9.84186840057373,7.01171875,2803.8056640625,25.6425724029541,29.3203125,383.1000061035156,180.02200317382812,103.71600341796875,0.8690000176429749,60.04999923706055,154468.5,199.9948272705078,0.5155133605003357,201.65074157714844,0.5112800598144531
2026-09-08T09:41:00.000+08:00,3448.48681640625,9.835474967956543,7.045680999755859,2815.966064453125,25.66724395751953,29.34765625,383.20001220703125,181.3990020751953,104.02400207519531,0.8709999918937683,60.02000045776367,154470.203125,194.63436889648438,0.528683602809906,203.27130126953125,0.5062199831008911
2026-09-08T09:42:00.000+08:00,3409.12109375,9.88782787322998,7.04676628112793,2802.03759765625,25.679471969604492,29.306640625,383.20001220703125,180.19900512695312,103.96399688720703,0.8690000176429749,60.0099983215332,154472.0,191.69935607910156,0.537821352481842,205.29736328125,0.5021983981132507
2026-09-08T09:43:00.000+08:00,3501.61572265625,9.938441276550293,7.076388835906982,2789.941162109375,25.8399715423584,29.34765625,383.20001220703125,181.2270050048828,105.24400329589844,0.8740000128746033,60.02000045776367,154473.796875,197.1276092529297,0.5230114459991455,203.24472045898438,0.5072702765464783
2026-09-08T09:44:00.000+08:00,3519.73046875,9.903712272644043,7.0462236404418945,2818.244873046875,25.770179748535156,29.4033203125,382.8999938964844,182.11399841308594,104.7040023803711,0.8659999966621399,60.0,154475.40625,198.40777587890625,0.5191328525543213,202.82200622558594,0.5078344345092773
2026-09-08T09:45:00.000+08:00,3496.066162109375,9.936175346374512,7.01551628112793,2812.333740234375,25.782976150512695,29.4033203125,383.0,181.61599731445312,104.77100372314453,0.8690000176429749,60.029998779296875,154477.09375,197.3044891357422,0.5276108980178833,197.20535278320312,0.5278761386871338
2026-09-08T09:46:00.000+08:00,3441.2392578125,9.89045238494873,7.044596195220947,2809.585205078125,25.872339248657227,29.47265625,383.0,180.31900024414062,103.7040023803711,0.8679999709129333,60.029998779296875,154478.90625,196.9068603515625,0.5271527767181396,204.652587890625,0.5072010159492493
2026-09-08T09:47:00.000+08:00,3471.55810546875,9.908106803894043,7.045138835906982,2814.984619140625,25.830028533935547,29.34765625,383.1000061035156,181.1320037841797,104.06400299072266,0.8659999966621399,60.02000045776367,154480.703125,197.2820281982422,0.5251365303993225,200.89608764648438,0.515689492225647
2026-09-08T09:48:00.000+08:00,3490.56884765625,9.945704460144043,7.04296875,2791.94482421875,25.704120635986328,29.3203125,382.5,180.9010009765625,104.15599822998047,0.8690000176429749,59.95000076293945,154482.296875,202.4423828125,0.5077987909317017,205.16966247558594,0.501048743724823
2026-09-08T09:49:00.000+08:00,3449.009521484375,9.907931327819824,7.075846195220947,2791.039794921875,25.684314727783203,29.361328125,383.0,180.84500122070312,103.97100067138672,0.8669999837875366,60.0099983215332,154484.203125,196.5035858154297,0.5246723890304565,195.18553161621094,0.5282153487205505
2026-09-08T09:50:00.000+08:00,3562.06494140625,10.000514030456543,7.074760913848877,2795.62548828125,25.698352813720703,29.31982421875,383.0,180.7689971923828,103.91500091552734,0.8669999837875366,59.97999954223633,154485.796875,205.0888671875,0.502708911895752,201.39378356933594,0.511932373046875
2026-09-08T09:51:00.000+08:00,3484.568115234375,10.000041007995605,7.076930999755859,2813.753173828125,25.750391006469727,29.45849609375,383.1000061035156,182.5399932861328,105.01899719238281,0.8669999837875366,60.0099983215332,154487.59375,195.8050537109375,0.5260334014892578,205.28150939941406,0.5017500519752502
2026-09-08T09:52:00.000+08:00,3388.40771484375,9.985011100769043,7.075303554534912,2784.577392578125,25.792705535888672,29.4169921875,383.0,181.97300720214844,105.07499694824219,0.8700000047683716,60.02000045776367,154489.296875,195.72958374023438,0.527258038520813,200.1119842529297,0.51571124792099
2026-09-08T09:53:00.000+08:00,3529.53466796875,9.991671562194824,7.076930999755859,2783.74560546875,25.83749771118164,29.47265625,383.1000061035156,181.35299682617188,104.92400360107422,0.871999979019165,60.02000045776367,154491.203125,205.27001953125,0.507136881351471,204.5408935546875,0.5089446902275085
2026-09-08T09:54:00.000+08:00,3441.009033203125,10.000514030456543,7.076388835906982,2815.36181640625,25.815561294555664,29.486328125,383.20001220703125,181.85299682617188,104.9010009765625,0.8690000176429749,60.029998779296875,154492.90625,194.72708129882812,0.5351079106330872,199.93736267089844,0.5211632251739502
2026-09-08T09:55:00.000+08:00,3478.096435546875,9.965228080749512,7.138888835906982,2784.13330078125,25.85787582397461,29.431640625,382.70001220703125,180.43699645996094,103.99400329589844,0.8690000176429749,59.959999084472656,154494.703125,201.14541625976562,0.5185303092002869,199.16709899902344,0.5236808657646179
2026-09-08T09:56:00.000+08:00,3446.987548828125,10.039874076843262,7.166341304779053,2803.678955078125,25.83172607421875,29.486328125,383.20001220703125,180.406005859375,104.08000183105469,0.8700000047683716,59.95000076293945,154496.40625,199.47947692871094,0.5213568806648254,204.1990203857422,0.5093070268630981
2026-09-08T09:57:00.000+08:00,3514.15673828125,9.993853569030762,7.075303554534912,2779.7373046875,25.82958221435547,29.4169921875,383.0,182.08999633789062,105.15399932861328,0.8709999918937683,59.9900016784668,154498.09375,196.4425048828125,0.5339840650558472,200.07228088378906,0.5163134336471558
2026-09-08T09:58:00.000+08:00,3454.038818359375,9.991236686706543,7.0774736404418945,2819.177734375,25.84600257873535,29.458984375,382.8999938964844,181.8820037841797,105.03099822998047,0.871999979019165,59.970001220703125,154499.90625,200.18678283691406,0.514519453048706,201.36465454101562,0.5115098357200623
2026-09-08T09:59:00.000+08:00,3503.17724609375,9.986773490905762,7.074760913848877,2785.103759765625,25.839326858520508,29.458984375,382.70001220703125,182.85899353027344,105.19300079345703,0.8690000176429749,60.0,154501.59375,202.86068725585938,0.511188268661499,195.75074768066406,0.5297553539276123
2026-09-08T10:00:00.000+08:00,3528.66162109375,9.976168632507324,7.076388835906982,2807.992431640625,25.807964324951172,29.375,382.8999938964844,182.0260009765625,105.0979995727539,0.8709999918937683,60.02000045776367,154503.203125,204.0012664794922,0.5088203549385071,201.2937469482422,0.515664279460907
2026-09-08T10:01:00.000+08:00,3466.347900390625,10.00953197479248,7.044596195220947,2811.23486328125,25.800952911376953,29.47265625,383.20001220703125,181.8350067138672,104.98200225830078,0.8700000047683716,60.02000045776367,154505.0,200.27835083007812,0.5212745070457458,199.6776885986328,0.5228425860404968
2026-09-08T10:02:00.000+08:00,3476.1591796875,9.952570915222168,7.103841304779053,2806.895751953125,25.81284523010254,29.41650390625,383.1000061035156,182.53199768066406,105.08000183105469,0.8679999709129333,59.970001220703125,154506.796875,201.17562866210938,0.5169612169265747,201.21768188476562,0.5168531537055969
2026-09-08T10:03:00.000+08:00,3490.69580078125,9.994540214538574,7.108180999755859,2807.8046875,25.816802978515625,29.4453125,382.5,181.2010040283203,104.13099670410156,0.8669999837875366,59.970001220703125,154508.59375,199.83021545410156,0.5214426517486572,201.96141052246094,0.5159401297569275
2026-09-08T10:04:00.000+08:00,3465.830322265625,10.056864738464355,7.13671875,2803.352294921875,25.813751220703125,29.4033203125,382.8999938964844,180.64300537109375,104.23100280761719,0.8709999918937683,60.02000045776367,154510.296875,195.89671325683594,0.5319129824638367,200.4425506591797,0.5198496580123901
2026-09-08T10:05:00.000+08:00,3405.603759765625,10.065707206726074,7.138888835906982,2811.485595703125,25.86431312561035,29.486328125,383.1000061035156,179.5240020751953,104.23100280761719,0.8740000128746033,60.02000045776367,154512.09375,195.03524780273438,0.5296478271484375,203.05320739746094,0.5087336301803589
2026-09-08T10:06:00.000+08:00,3520.521728515625,9.963679313659668,7.16796875,2797.4765625,25.988723754882812,29.47216796875,383.0,180.35000610351562,104.19999694824219,0.8690000176429749,59.959999084472656,154513.796875,201.44168090820312,0.5128034949302673,199.24037170410156,0.5184692144393921
2026-09-08T10:07:00.000+08:00,3485.601318359375,10.003207206726074,7.136176109313965,2813.263916015625,25.990808486938477,29.4169921875,382.70001220703125,182.02499389648438,105.01000213623047,0.8700000047683716,59.9900016784668,154515.40625,202.41473388671875,0.5093502998352051,202.17587280273438,0.5099520683288574
2026-09-08T10:08:00.000+08:00,3466.978271484375,10.009135246276855,7.10926628112793,2814.40576171875,25.908771514892578,29.611328125,382.3999938964844,182.99600219726562,105.17500305175781,0.8659999966621399,59.95000076293945,154517.203125,192.31446838378906,0.53662109375,194.51995849609375,0.5305368304252625
2026-09-08T10:09:00.000+08:00,3560.244384765625,10.06635570526123,7.107096195220947,2788.390869140625,25.91670799255371,29.611328125,382.0,182.89700317382812,105.20700073242188,0.8679999709129333,60.029998779296875,154518.90625,201.98268127441406,0.5134103298187256,205.6891632080078,0.5041587948799133
2026-09-08T10:10:00.000+08:00,3486.328857421875,9.956385612487793,7.138888835906982,2785.095703125,25.90936279296875,29.5,382.5,182.0659942626953,105.11000061035156,0.8709999918937683,60.0099983215332,154520.796875,200.66885375976562,0.5197617411613464,199.39352416992188,0.5230861902236938
2026-09-08T10:11:00.000+08:00,3512.548583984375,9.9730863571167,7.074760913848877,2792.277099609375,25.928264617919922,29.5419921875,382.20001220703125,181.1790008544922,104.50900268554688,0.8709999918937683,59.97999954223633,154522.5,201.16787719726562,0.5179753303527832,200.03932189941406,0.520897626876831
2026-09-08T10:12:00.000+08:00,3495.67529296875,9.968493461608887,7.108180999755859,2811.16845703125,25.92156982421875,29.556640625,382.1000061035156,181.77999877929688,104.68299865722656,0.8700000047683716,59.959999084472656,154524.203125,200.82229614257812,0.5178707838058472,203.41510009765625,0.5112698078155518
2026-09-08T10:13:00.000+08:00,3468.327880859375,10.009310722351074,7.072048187255859,2813.947021484375,25.922473907470703,29.59765625,382.0,181.66400146484375,104.7249984741211,0.8709999918937683,59.97999954223633,154525.90625,200.7483673095703,0.5190578103065491,201.6942138671875,0.5166236758232117
2026-09-08T10:14:00.000+08:00,3518.861572265625,9.96204662322998,7.075303554534912,2793.43359375,25.95235252380371,29.5,382.0,183.95599365234375,105.98699951171875,0.8700000047683716,60.02000045776367,154527.703125,199.1526336669922,0.5222125053405762,199.77786254882812,0.5205782055854797
2026-09-08T10:15:00.000+08:00,3507.187744140625,10.007800102233887,7.108180999755859,2794.7880859375,25.970613479614258,29.5,382.0,182.06500244140625,104.76000213623047,0.8709999918937683,60.0099983215332,154529.40625,203.75936889648438,0.510405957698822,202.9879608154297,0.5123456716537476
2026-09-08T10:16:00.000+08:00,3504.569091796875,9.954585075378418,7.10438346862793,2799.561767578125,25.96027183532715,29.5703125,382.0,181.9199981689453,104.77100372314453,0.8709999918937683,59.959999084472656,154531.296875,203.47984313964844,0.5165130496025085,196.35012817382812,0.5352683067321777
2026-09-08T10:17:00.000+08:00,3497.71923828125,10.042742729187012,7.1399736404418945,2802.84423828125,25.977033615112305,29.59765625,382.20001220703125,182.2779998779297,105.11000061035156,0.8709999918937683,59.95000076293945,154533.09375,195.34629821777344,0.5339236259460449,200.50604248046875,0.5201838612556458
2026-09-08T10:18:00.000+08:00,3472.78173828125,10.072749137878418,7.138888835906982,2801.951171875,25.878524780273438,29.736328125,382.0,181.43600463867188,104.85199737548828,0.8740000128746033,59.95000076293945,154534.796875,196.39105224609375,0.5295556783676147,200.69715881347656,0.5181936621665955
2026-09-08T10:19:00.000+08:00,3517.994140625,10.02136516571045,7.231553554534912,2793.72509765625,26.117555618286133,29.583984375,381.79998779296875,181.68699645996094,104.98699951171875,0.8740000128746033,59.95000076293945,154536.40625,202.61715698242188,0.5147638916969299,200.96539306640625,0.5189948081970215
2026-09-08T10:20:00.000+08:00,3470.489990234375,10.075495719909668,7.23426628112793,2807.642333984375,25.96970558166504,29.58349609375,381.79998779296875,180.5959930419922,104.14700317382812,0.8709999918937683,59.959999084472656,154538.296875,196.96240234375,0.531065821647644,214.90695190429688,0.48672226071357727
2026-09-08T10:21:00.000+08:00,3434.19384765625,10.114344596862793,7.23046875,2805.78076171875,25.962398529052734,29.583984375,381.79998779296875,180.83200073242188,104.26300048828125,0.871999979019165,59.970001220703125,154540.0,192.27430725097656,0.5388135313987732,194.5493621826172,0.5325126647949219
2026-09-08T10:22:00.000+08:00,3532.033935546875,10.123652458190918,7.231553554534912,2816.592529296875,25.97610855102539,29.556640625,381.8999938964844,181.88600158691406,105.31199645996094,0.8759999871253967,59.97999954223633,154541.796875,199.1130828857422,0.5193029046058655,196.67617797851562,0.5257372856140137
2026-09-08T10:23:00.000+08:00,3535.14892578125,10.10248851776123,7.229926109313965,2804.77685546875,25.984024047851562,29.583984375,382.0,181.62899780273438,105.1050033569336,0.875,59.970001220703125,154543.5,201.5526123046875,0.5125212669372559,201.54205322265625,0.5125480890274048
2026-09-08T10:24:00.000+08:00,3447.803955078125,10.124117851257324,7.232638835906982,2799.04833984375,26.072402954101562,29.638671875,382.29998779296875,184.29600524902344,106.65299987792969,0.8740000128746033,59.959999084472656,154545.203125,198.23899841308594,0.5220970511436462,199.55836486816406,0.5186452865600586
2026-09-08T10:25:00.000+08:00,3546.099853515625,10.123225212097168,7.232638835906982,2784.351318359375,26.037004470825195,29.806640625,381.79998779296875,183.8209991455078,106.4229965209961,0.8759999871253967,59.95000076293945,154547.0,202.21217346191406,0.514805793762207,187.40174865722656,0.5554910898208618
2026-09-08T10:26:00.000+08:00,3609.76416015625,10.084338188171387,7.2337236404418945,2783.3134765625,26.038501739501953,29.84765625,382.1000061035156,183.38600158691406,106.4530029296875,0.8769999742507935,59.959999084472656,154548.796875,207.46990966796875,0.5089895129203796,197.9224090576172,0.5335423946380615
2026-09-08T10:27:00.000+08:00,3471.7373046875,10.122538566589355,7.2024736404418945,2796.968994140625,26.18605613708496,29.833984375,381.8999938964844,183.4290008544922,106.49500274658203,0.8769999742507935,59.95000076293945,154550.59375,198.5262451171875,0.5324233174324036,208.04632568359375,0.5080599188804626
2026-09-08T10:28:00.000+08:00,3513.751708984375,10.091845512390137,7.232096195220947,2815.75048828125,26.163501739501953,29.75,382.0,183.66000366210938,106.60399627685547,0.8790000081062317,59.959999084472656,154552.40625,198.73675537109375,0.5318593382835388,204.1930389404297,0.5176474452018738
2026-09-08T10:29:00.000+08:00,3486.553466796875,10.090479850769043,7.229926109313965,2799.4873046875,26.167165756225586,29.8203125,382.6000061035156,183.92999267578125,106.66200256347656,0.875,60.02000045776367,154554.09375,201.62510681152344,0.525232195854187,198.73806762695312,0.5328621864318848
2026-09-08T10:30:00.000+08:00,3462.786865234375,10.100260734558105,7.231010913848877,2786.6611328125,26.168720245361328,29.75,382.79998779296875,184.7480010986328,106.7040023803711,0.871999979019165,59.970001220703125,154555.90625,196.4818115234375,0.5374543070793152,202.65829467773438,0.5210741758346558
2026-09-08T10:31:00.000+08:00,3460.004638671875,10.173174858093262,7.263888835906982,2789.24560546875,26.20374298095703,29.8203125,382.0,184.7830047607422,106.77799987792969,0.8740000128746033,59.959999084472656,154557.703125,195.7216796875,0.540052592754364,202.1726837158203,0.5228204131126404
2026-09-08T10:32:00.000+08:00,3538.75439453125,10.227953910827637,7.295138835906982,2786.750244140625,26.127197265625,29.9033203125,381.8999938964844,185.04600524902344,106.88500213623047,0.8730000257492065,59.959999084472656,154559.40625,203.089599609375,0.5194751620292664,202.845947265625,0.5200991034507751
2026-09-08T10:33:00.000+08:00,3541.446044921875,10.205248832702637,7.326388835906982,2787.266845703125,26.300926208496094,29.88916015625,381.3999938964844,184.76699829101562,107.06999969482422,0.8759999871253967,59.959999084472656,154561.09375,202.34434509277344,0.5223768353462219,200.47708129882812,0.5272423028945923
2026-09-08T10:34:00.000+08:00,3531.1025390625,10.23047161102295,7.324760913848877,2783.71142578125,26.318891525268555,29.9169921875,381.5,185.70399475097656,106.88700103759766,0.8700000047683716,59.959999084472656,154563.0,206.605712890625,0.5120865106582642,208.39630126953125,0.5076865553855896
2026-09-08T10:35:00.000+08:00,3470.0517578125,10.205676078796387,7.388888835906982,2812.357177734375,26.321666717529297,29.958984375,381.29998779296875,183.22500610351562,105.72899627685547,0.8730000257492065,59.95000076293945,154564.796875,200.34152221679688,0.528597354888916,203.0863494873047,0.5214530825614929
2026-09-08T10:36:00.000+08:00,3504.4345703125,10.231158256530762,7.35926628112793,2786.451416015625,26.277803421020508,29.875,381.8999938964844,182.71600341796875,105.81099700927734,0.875,59.95000076293945,154566.59375,203.58026123046875,0.5223369598388672,198.59361267089844,0.5332497954368591
2026-09-08T10:37:00.000+08:00,3548.640869140625,10.29114055633545,7.388346195220947,2815.41796875,26.323774337768555,29.9033203125,381.5,185.13299560546875,107.02899932861328,0.875,59.970001220703125,154568.296875,198.14544677734375,0.5289044380187988,197.67530822753906,0.5301623344421387
2026-09-08T10:38:00.000+08:00,3485.085205078125,10.261134147644043,7.352756023406982,2772.111328125,26.36801528930664,29.97265625,381.6000061035156,186.21099853515625,107.16799926757812,0.8709999918937683,59.9900016784668,154570.203125,198.58668518066406,0.5287363529205322,197.8533477783203,0.5306960940361023
2026-09-08T10:39:00.000+08:00,3494.822998046875,10.316584587097168,7.354926109313965,2810.620849609375,26.27167320251465,30.01416015625,382.5,185.3419952392578,107.31900024414062,0.8740000128746033,60.029998779296875,154571.90625,196.53697204589844,0.5408651828765869,204.6396484375,0.5194497108459473
2026-09-08T10:40:00.000+08:00,3553.129638671875,10.309794425964355,7.389430999755859,2799.435546875,26.310611724853516,30.0283203125,382.0,187.34100341796875,108.34200286865234,0.8740000128746033,59.959999084472656,154573.703125,203.89300537109375,0.5218423008918762,201.80575561523438,0.5272396802902222
2026-09-08T10:41:00.000+08:00,3551.983642578125,10.2649564743042,7.388346195220947,2801.369140625,26.48198127746582,30.02783203125,381.70001220703125,187.88499450683594,108.12100219726562,0.8700000047683716,59.970001220703125,154575.5,208.72503662109375,0.5097615718841553,208.01719665527344,0.5114961862564087
2026-09-08T10:42:00.000+08:00,3531.7119140625,10.2838773727417,7.357096195220947,2810.3515625,26.40265655517578,30.1533203125,381.29998779296875,187.98599243164062,108.15799713134766,0.8700000047683716,59.970001220703125,154577.296875,204.64013671875,0.5253124237060547,209.7660369873047,0.5124757289886475
2026-09-08T10:43:00.000+08:00,3552.6474609375,10.292284965515137,7.358180999755859,2786.43896484375,26.596851348876953,30.208984375,381.3999938964844,189.0989990234375,109.27899932861328,0.875,59.970001220703125,154579.0,202.7690887451172,0.5306528806686401,196.03724670410156,0.5384750962257385
2026-09-08T10:44:00.000+08:00,3534.212890625,10.315211296081543,7.3587236404418945,2792.216064453125,26.536182403564453,30.3203125,381.6000061035156,189.66299438476562,109.56199645996094,0.8730000257492065,59.959999084472656,154581.0,207.4126434326172,0.5182904601097107,207.79052734375,0.5173479318618774
2026-09-08T10:45:00.000+08:00,3524.3232421875,10.347926139831543,7.450846195220947,2812.0078125,26.569034576416016,30.3203125,381.70001220703125,188.83399963378906,109.62000274658203,0.878000020980835,60.0,154582.796875,201.59915161132812,0.5372046232223511,201.71995544433594,0.5368829369544983
2026-09-08T10:46:00.000+08:00,3565.97216796875,10.30933666229248,7.387260913848877,2795.078857421875,26.724781036376953,30.2783203125,381.0,188.53900146484375,109.51300048828125,0.878000020980835,60.02000045776367,154584.5,204.25018310546875,0.5321904420852661,205.99951171875,0.5276711583137512
2026-09-08T10:47:00.000+08:00,3470.421142578125,10.310702323913574,7.388888835906982,2788.554443359375,26.62938690185547,30.486328125,380.70001220703125,188.95399475097656,109.44100189208984,0.878000020980835,59.97999954223633,154586.40625,198.35968017578125,0.5474902987480164,207.55201721191406,0.5232423543930054
2026-09-08T10:48:00.000+08:00,3518.289794921875,10.2706937789917,7.420138835906982,2804.95751953125,26.656173706054688,30.486328125,381.29998779296875,189.43800354003906,109.59700012207031,0.8759999871253967,60.02000045776367,154588.203125,201.53866577148438,0.5388544201850891,201.51736450195312,0.5389114022254944
2026-09-08T10:49:00.000+08:00,3485.6416015625,10.372515678405762,7.448676109313965,2791.444580078125,26.69464111328125,30.4169921875,381.0,188.6959991455078,109.24199676513672,0.8759999871253967,60.0,154590.0,203.25563049316406,0.533810555934906,213.61936950683594,0.5079127550125122
2026-09-08T10:50:00.000+08:00,3606.62060546875,10.34912395477295,7.4212236404418945,2788.133056640625,26.67181396484375,30.44482421875,381.29998779296875,188.38800048828125,109.41400146484375,0.878000020980835,60.0099983215332,154591.90625,203.48175048828125,0.5332173705101013,211.88409423828125,0.5120723843574524
2026-09-08T10:51:00.000+08:00,3605.471923828125,10.339510917663574,7.41796875,2794.905029296875,26.665035247802734,30.486328125,381.3999938964844,188.70599365234375,109.47799682617188,0.8790000081062317,59.97999954223633,154593.703125,210.86119079589844,0.5155050158500671,210.2021026611328,0.5171213746070862
2026-09-08T10:52:00.000+08:00,3485.7158203125,10.327776908874512,7.45301628112793,2772.993408203125,26.690900802612305,30.486328125,381.6000061035156,190.447998046875,110.99600219726562,0.8820000290870667,60.0,154595.5,202.55313110351562,0.5371430516242981,204.9344940185547,0.5309013724327087
2026-09-08T10:53:00.000+08:00,3551.68994140625,10.434290885925293,7.450846195220947,2798.894287109375,26.736337661743164,30.431640625,381.8999938964844,191.26100158691406,111.24400329589844,0.8799999952316284,60.040000915527344,154597.296875,203.11032104492188,0.5337001085281372,212.2097930908203,0.5108152627944946
2026-09-08T10:54:00.000+08:00,3468.5107421875,10.412951469421387,7.481553554534912,2782.802734375,26.626052856445312,30.56982421875,381.6000061035156,190.8179931640625,111.11399841308594,0.8830000162124634,60.029998779296875,154599.203125,198.76893615722656,0.5534064173698425,207.83868408203125,0.5292566418647766
2026-09-08T10:55:00.000+08:00,3575.208251953125,10.421359062194824,7.482638835906982,2785.0048828125,26.767105102539062,30.5,381.6000061035156,190.88900756835938,111.2509994506836,0.8820000290870667,60.02000045776367,154601.09375,206.0183868408203,0.5368452668190002,214.11854553222656,0.516536295413971
2026-09-08T10:56:00.000+08:00,3532.47900390625,10.399836540222168,7.482638835906982,2799.996337890625,26.781997680664062,30.5,381.70001220703125,192.59500122070312,111.2249984741211,0.8740000128746033,59.9900016784668,154603.0,205.42428588867188,0.5374243259429932,219.086669921875,0.5039101839065552
2026-09-08T10:57:00.000+08:00,3549.55322265625,10.390963554382324,7.48426628112793,2795.765625,26.76426887512207,30.5703125,381.3999938964844,191.7010040283203,111.46900177001953,0.8799999952316284,59.959999084472656,154604.90625,206.96673583984375,0.5329358577728271,214.3492431640625,0.5145807862281799
2026-09-08T10:58:00.000+08:00,3564.614990234375,10.460680961608887,7.513346195220947,2783.83251953125,26.80691146850586,30.59716796875,381.1000061035156,192.7480010986328,111.62699890136719,0.8769999742507935,59.97999954223633,154606.59375,206.54043579101562,0.534035861492157,205.3625946044922,0.53709876537323
2026-09-08T10:59:00.000+08:00,3577.019775390625,10.534327507019043,7.576388835906982,2787.82861328125,26.83953094482422,30.583984375,381.29998779296875,192.4530029296875,111.43900299072266,0.878000020980835,60.0,154608.5,206.29550170898438,0.5370936393737793,210.80941772460938,0.5255932211875916
2026-09-08T11:00:00.000+08:00,3519.68603515625,10.54419231414795,7.57421875,2788.331787109375,26.75904655456543,30.72265625,380.6000061035156,193.64700317382812,111.77999877929688,0.8759999871253967,60.029998779296875,154610.296875,203.39495849609375,0.5432779788970947,210.97653198242188,0.5237549543380737
2026-09-08T11:01:00.000+08:00,3555.0419921875,10.550250053405762,7.573676109313965,2787.1806640625,26.926668167114258,30.66650390625,381.3999938964844,192.5469970703125,111.5780029296875,0.8790000081062317,60.029998779296875,154612.203125,208.6423797607422,0.5310522317886353,207.07235717773438,0.5350786447525024
2026-09-08T11:02:00.000+08:00,3484.92919921875,10.51862621307373,7.574760913848877,2799.7392578125,26.9355525970459,30.72265625,381.79998779296875,192.10499572753906,111.80799865722656,0.8799999952316284,59.97999954223633,154614.09375,206.42477416992188,0.5367572903633118,217.3425750732422,0.5097942352294922
2026-09-08T11:03:00.000+08:00,3520.43896484375,10.567584037780762,7.57801628112793,2812.845947265625,26.979122161865234,30.681640625,381.29998779296875,191.9510040283203,111.61100006103516,0.8799999952316284,59.970001220703125,154615.90625,207.30767822265625,0.5359184145927429,207.00515747070312,0.5367016196250916
2026-09-08T11:04:00.000+08:00,3555.080322265625,10.549952507019043,7.607096195220947,2799.3720703125,26.885635375976562,30.806640625,381.5,192.25999450683594,111.61499786376953,0.8790000081062317,60.029998779296875,154617.796875,205.50738525390625,0.539639949798584,210.3470458984375,0.5272239446640015
2026-09-08T11:05:00.000+08:00,3568.888671875,10.551188468933105,7.576930999755859,2806.0703125,27.03647804260254,30.81982421875,381.29998779296875,192.34300231933594,111.59200286865234,0.878000020980835,60.0099983215332,154619.703125,211.69471740722656,0.5233951807022095,208.1042938232422,0.5324253439903259
2026-09-08T11:06:00.000+08:00,3581.07373046875,10.53454875946045,7.608180999755859,2797.6904296875,27.039474487304688,30.81982421875,381.79998779296875,192.29100036621094,111.66899871826172,0.8769999742507935,59.9900016784668,154621.59375,208.07070922851562,0.532511293888092,217.65350341796875,0.5090659856796265
2026-09-08T11:07:00.000+08:00,3601.06982421875,10.547137260437012,7.607638835906982,2781.430419921875,27.064191818237305,30.763671875,381.8999938964844,192.447998046875,111.54299926757812,0.8769999742507935,60.0099983215332,154623.40625,212.50967407226562,0.5209174752235413,208.79153442382812,0.5301939249038696
2026-09-08T11:08:00.000+08:00,3518.12841796875,10.513201713562012,7.6399736404418945,2789.33544921875,27.080991744995117,30.75,381.3999938964844,192.68499755859375,111.62000274658203,0.8759999871253967,59.97999954223633,154625.296875,204.2721710205078,0.5414344668388367,208.33607482910156,0.5308730006217957
2026-09-08T11:09:00.000+08:00,3544.210693359375,10.551066398620605,7.6399736404418945,2794.757568359375,27.0679931640625,30.77783203125,381.1000061035156,192.3769989013672,111.6780014038086,0.8790000081062317,59.97999954223633,154627.09375,206.7099609375,0.5369842648506165,210.55662536621094,0.5271740555763245
2026-09-08T11:10:00.000+08:00,3609.947509765625,10.58991527557373,7.67176628112793,2797.614990234375,27.10270118713379,30.81982421875,381.3999938964844,193.65699768066406,112.83300018310547,0.8820000290870667,60.029998779296875,154629.09375,205.79727172851562,0.5388798117637634,203.65975952148438,0.5445356369018555
2026-09-08T11:11:00.000+08:00,3520.670654296875,10.576685905456543,7.639430999755859,2831.556884765625,27.106664657592773,30.75,381.6000061035156,194.22300720214844,112.86599731445312,0.8790000081062317,60.02000045776367,154630.90625,201.9282989501953,0.5492048263549805,207.0953826904297,0.535502016544342
2026-09-08T11:12:00.000+08:00,3573.1640625,10.598162651062012,7.637803554534912,2778.25341796875,27.123628616333008,30.8203125,381.6000061035156,194.14599609375,112.80999755859375,0.878000020980835,59.970001220703125,154632.703125,208.16500854492188,0.5375543236732483,205.87437438964844,0.5435353517532349
2026-09-08T11:13:00.000+08:00,3572.316162109375,10.535487174987793,7.603298187255859,2785.2333984375,27.107786178588867,30.75,381.3999938964844,193.9149932861328,112.73799896240234,0.8809999823570251,60.0099983215332,154634.59375,208.1901397705078,0.5384500622749329,202.9047088623047,0.5524761080741882
2026-09-08T11:14:00.000+08:00,3517.98291015625,10.58509349822998,7.638346195220947,2799.280029296875,27.12252426147461,30.84765625,381.5,194.21099853515625,112.86599731445312,0.8790000081062317,60.0099983215332,154636.59375,206.70619201660156,0.5418318510055542,206.0774688720703,0.5434849262237549
2026-09-08T11:15:00.000+08:00,3546.7529296875,10.629023551940918,7.637260913848877,2781.012939453125,27.00670623779297,30.94482421875,381.70001220703125,193.9219970703125,112.9489974975586,0.8809999823570251,60.029998779296875,154638.40625,206.77191162109375,0.5406923890113831,207.65806579589844,0.5383850336074829
2026-09-08T11:16:00.000+08:00,3573.4013671875,10.622027397155762,7.637803554534912,2786.946533203125,27.014333724975586,30.986328125,381.79998779296875,193.82400512695312,112.90499877929688,0.8799999952316284,59.959999084472656,154640.296875,208.92640686035156,0.5360739231109619,205.986572265625,0.5457276701927185
2026-09-08T11:17:00.000+08:00,3605.49365234375,10.5903959274292,7.6712236404418945,2794.539794921875,27.105560302734375,30.76416015625,381.5,194.30299377441406,113.23899841308594,0.8820000290870667,60.0,154642.203125,214.0230255126953,0.5247098803520203,218.3572540283203,0.5142948031425476
2026-09-08T11:18:00.000+08:00,3568.0302734375,10.633753776550293,7.670138835906982,2789.611083984375,27.095884323120117,30.8203125,381.0,195.3040008544922,113.24199676513672,0.8790000081062317,59.970001220703125,154644.0,206.70298767089844,0.5418402552604675,218.59088134765625,0.5123727321624756
2026-09-08T11:19:00.000+08:00,3587.308349609375,10.615962028503418,7.638346195220947,2796.531005859375,27.06324577331543,30.8203125,380.6000061035156,194.5590057373047,112.97899627685547,0.8820000290870667,60.0,154646.0,207.45596313476562,0.5403556227684021,205.6873321533203,0.5450019836425781
2026-09-08T11:20:00.000+08:00,3555.342041015625,10.591151237487793,7.637260913848877,2808.58544921875,27.06023406982422,30.861328125,381.0,194.91200256347656,113.00700378417969,0.8790000081062317,59.97999954223633,154647.90625,205.00830078125,0.5472949147224426,207.81326293945312,0.5399077534675598
2026-09-08T11:21:00.000+08:00,3632.116455078125,10.59675121307373,7.6399736404418945,2786.55419921875,27.08796501159668,30.7783203125,380.70001220703125,193.60299682617188,112.78199768066406,0.8830000162124634,60.02000045776367,154649.703125,210.70726013183594,0.5321124196052551,208.26007080078125,0.5363973379135132
2026-09-08T11:22:00.000+08:00,3598.689697265625,10.591334342956543,7.669053554534912,2800.886474609375,27.117755889892578,30.84765625,381.1000061035156,194.85899353027344,113.0260009765625,0.8790000081062317,59.9900016784668,154651.59375,212.7738800048828,0.5309109687805176,207.31092834472656,0.5416983962059021
2026-09-08T11:23:00.000+08:00,3583.08447265625,10.6010160446167,7.639430999755859,2794.5341796875,27.11856460571289,30.763671875,380.79998779296875,194.92599487304688,113.09300231933594,0.8799999952316284,60.029998779296875,154653.5,210.31036376953125,0.5320707559585571,204.61912536621094,0.546869695186615
2026-09-08T11:24:00.000+08:00,3535.0693359375,10.6345853805542,7.635091304779053,2814.778076171875,27.10587501525879,30.861328125,381.20001220703125,193.98699951171875,112.9280014038086,0.8830000162124634,60.02000045776367,154655.40625,206.2055206298828,0.5441173315048218,204.64022827148438,0.5482792854309082
2026-09-08T11:25:00.000+08:00,3562.77392578125,10.607081413269043,7.639430999755859,2805.584228515625,27.104772567749023,30.84765625,380.79998779296875,195.3179931640625,112.90699768066406,0.878000020980835,59.970001220703125,154657.296875,209.8819122314453,0.5336334109306335,202.909423828125,0.5519704222679138
2026-09-08T11:26:00.000+08:00,3568.929931640625,10.591151237487793,7.638888835906982,2785.308349609375,27.121715545654297,30.81982421875,380.79998779296875,195.54100036621094,113.08100128173828,0.8769999742507935,59.9900016784668,154659.09375,212.40005493164062,0.5277776122093201,207.54115295410156,0.5401338338851929
2026-09-08T11:27:00.000+08:00,3529.951904296875,10.615015983581543,7.6399736404418945,2798.669677734375,27.087018966674805,30.81982421875,380.79998779296875,194.2989959716797,112.91400146484375,0.8790000081062317,59.97999954223633,154661.0,208.4774169921875,0.535789430141449,207.2315673828125,0.5390105247497559
2026-09-08T11:28:00.000+08:00,3594.882080078125,10.599787712097168,7.670680999755859,2788.076171875,27.101755142211914,30.84716796875,380.79998779296875,195.26300048828125,113.12999725341797,0.878000020980835,59.9900016784668,154663.0,210.57568359375,0.5337748527526855,202.20545959472656,0.5558702349662781
2026-09-08T11:29:00.000+08:00,3573.331298828125,10.6140775680542,7.634548187255859,2777.978515625,27.115863800048828,30.76416015625,381.1000061035156,194.7030029296875,113.04399871826172,0.8799999952316284,60.029998779296875,154664.703125,210.9283905029297,0.5309858918190002,205.7466583251953,0.5443587899208069
2026-09-08T11:30:00.000+08:00,3553.110595703125,10.5983304977417,7.670138835906982,2794.03125,27.098743438720703,30.861328125,381.79998779296875,195.64700317382812,112.97899627685547,0.875,60.040000915527344,154666.703125,211.4302978515625,0.5292524695396423,207.96875,0.5380616188049316
2026-09-08T11:31:00.000+08:00,3551.04052734375,10.58509349822998,7.637260913848877,2797.2880859375,27.09192657470703,30.75,381.29998779296875,194.77099609375,112.74299621582031,0.8759999871253967,59.959999084472656,154668.5,210.4506072998047,0.5336169004440308,204.25958251953125,0.549790620803833
2026-09-08T11:32:00.000+08:00,3581.720458984375,10.585558891296387,7.637803554534912,2802.9453125,27.07608985900879,30.8203125,380.8999938964844,194.95199584960938,113.0790023803711,0.8790000081062317,59.97999954223633,154670.5,208.09413146972656,0.5372568964958191,203.22836303710938,0.5501200556755066
2026-09-08T11:33:00.000+08:00,3626.969970703125,10.59162425994873,7.638346195220947,2791.036865234375,27.07496452331543,30.833984375,381.0,194.63800048828125,113.0510025024414,0.878000020980835,60.029998779296875,154672.203125,211.7794189453125,0.5293243527412415,206.40138244628906,0.5431165099143982
2026-09-08T11:34:00.000+08:00,3532.5693359375,10.607256889343262,7.6712236404418945,2787.724609375,27.05438232421875,30.806640625,381.1000061035156,195.23599243164062,112.87300109863281,0.8759999871253967,59.97999954223633,154674.09375,206.60972595214844,0.5435368418693542,207.10000610351562,0.5422500967979431
2026-09-08T11:35:00.000+08:00,3563.552978515625,10.62488079071045,7.637260913848877,2789.2392578125,27.10873031616211,30.861328125,380.79998779296875,195.48399353027344,113.12799835205078,0.8769999742507935,59.970001220703125,154676.0,209.30262756347656,0.5341547727584839,207.0404815673828,0.539991021156311
2026-09-08T11:36:00.000+08:00,3628.922607421875,10.575915336608887,7.669596195220947,2794.5615234375,27.011474609375,30.9169921875,381.29998779296875,194.94000244140625,112.87999725341797,0.8769999742507935,60.02000045776367,154678.0,212.6101531982422,0.526315450668335,207.9486846923828,0.538113534450531
2026-09-08T11:37:00.000+08:00,3634.053466796875,10.636492729187012,7.6399736404418945,2772.44775390625,27.120773315429688,30.7783203125,381.20001220703125,194.7259979248047,112.875,0.878000020980835,60.0099983215332,154679.90625,215.19827270507812,0.5190562009811401,200.3537139892578,0.5575140118598938
2026-09-08T11:38:00.000+08:00,3610.936767578125,10.624590873718262,7.67176628112793,2809.66162109375,27.040164947509766,30.9453125,381.20001220703125,194.61300659179688,112.91000366210938,0.8790000081062317,60.0,154681.703125,210.3079376220703,0.5325524210929871,220.06239318847656,0.5089465975761414
2026-09-08T11:39:00.000+08:00,3561.023193359375,10.687090873718262,7.669053554534912,2795.359375,27.176259994506836,30.888671875,381.29998779296875,194.90699768066406,113.21399688720703,0.8790000081062317,60.02000045776367,154683.59375,211.7193145751953,0.52900230884552,202.85987854003906,0.5521052479743958
2026-09-08T11:40:00.000+08:00,3648.625,10.695734977722168,7.70301628112793,2797.45068359375,27.1629581451416,30.9033203125,381.3999938964844,194.375,113.1259994506836,0.8809999823570251,59.970001220703125,154685.40625,217.4034423828125,0.5170111656188965,211.6973114013672,0.5309467911720276
2026-09-08T11:41:00.000+08:00,3580.119140625,10.695033073425293,7.670138835906982,2815.73779296875,27.04714012145996,30.875,381.1000061035156,194.78500366210938,113.09100341796875,0.878000020980835,60.029998779296875,154687.40625,214.7595977783203,0.523375928401947,207.45782470703125,0.541796863079071
2026-09-08T11:42:00.000+08:00,3590.253662109375,10.686152458190918,7.6712236404418945,2785.02685546875,27.058076858520508,30.9033203125,381.6000061035156,195.33599853515625,113.11399841308594,0.8769999742507935,60.040000915527344,154689.203125,212.15774536132812,0.529794454574585,208.66583251953125,0.5386602878570557
2026-09-08T11:43:00.000+08:00,3565.70556640625,10.577326774597168,7.669596195220947,2780.1923828125,27.049999237060547,30.97265625,381.70001220703125,194.61599731445312,113.0,0.878000020980835,60.029998779296875,154691.09375,214.00518798828125,0.5247536301612854,217.03111267089844,0.5174373388290405
2026-09-08T11:44:00.000+08:00,3554.700927734375,10.623652458190918,7.669053554534912,2811.62109375,27.16421890258789,30.88916015625,381.20001220703125,194.89599609375,113.0770034790039,0.8790000081062317,60.02000045776367,154693.09375,208.80801391601562,0.5363779067993164,215.56285095214844,0.5195700526237488
2026-09-08T11:45:00.000+08:00,3482.673583984375,10.64051342010498,7.701388835906982,2795.916015625,27.196870803833008,30.9169921875,381.29998779296875,195.48399353027344,112.94200134277344,0.875,59.9900016784668,154695.0,201.622314453125,0.5554940700531006,214.27919006347656,0.5226826071739197
2026-09-08T11:46:00.000+08:00,3546.27197265625,10.631121635437012,7.665798187255859,2789.63623046875,27.22938346862793,30.875,381.6000061035156,194.5850067138672,112.91000366210938,0.878000020980835,60.0099983215332,154696.796875,202.38601684570312,0.5548802018165588,208.57275390625,0.5384212136268616
2026-09-08T11:47:00.000+08:00,3600.584716796875,10.686816215515137,7.69921875,2786.720947265625,27.235687255859375,30.9033203125,381.5,194.60499572753906,113.03500366210938,0.8790000081062317,60.0,154698.59375,216.17608642578125,0.5185587406158447,208.10769653320312,0.538663387298584
2026-09-08T11:48:00.000+08:00,3592.181396484375,10.654009819030762,7.7041015625,2778.822265625,27.220792770385742,30.875,381.29998779296875,193.9499969482422,113.28800201416016,0.8849999904632568,60.029998779296875,154700.5,209.5225830078125,0.5355031490325928,206.29437255859375,0.5438829660415649
2026-09-08T11:49:00.000+08:00,3557.280517578125,10.584513664245605,7.701930999755859,2791.12841796875,27.23554801940918,30.88916015625,382.0,193.76300048828125,113.11599731445312,0.8820000290870667,60.029998779296875,154702.40625,210.32412719726562,0.53441321849823,203.86854553222656,0.5513356924057007
2026-09-08T11:50:00.000+08:00,3612.8486328125,10.68775463104248,7.69813346862793,2786.723388671875,27.128442764282227,31.111328125,381.79998779296875,194.23199462890625,113.26699829101562,0.8809999823570251,60.040000915527344,154704.40625,213.3267364501953,0.5264225006103516,205.2192840576172,0.5472195148468018
2026-09-08T11:51:00.000+08:00,3592.514892578125,10.655657768249512,7.731010913848877,2796.251953125,27.266014099121094,31.056640625,382.6000061035156,193.93600463867188,113.28800201416016,0.8820000290870667,60.04999923706055,154706.09375,215.048095703125,0.5222087502479553,206.61328125,0.5435274839401245
2026-09-08T11:52:00.000+08:00,3554.262939453125,10.674311637878418,7.572591304779053,2814.969482421875,27.30582046508789,31.125,382.29998779296875,222.48199462890625,132.57400512695312,0.8999999761581421,60.060001373291016,154708.203125,205.42718505859375,0.5456921458244324,217.06532287597656,0.5164344310760498
2026-09-08T11:53:00.000+08:00,3560.86962890625,10.721850395202637,7.354926109313965,2806.626220703125,27.30120277404785,31.5283203125,382.70001220703125,205.7270050048828,121.13200378417969,0.8880000114440918,60.09000015258789,154710.40625,206.02732849121094,0.5445879101753235,211.78060913085938,0.5297935605049133
2026-09-08T11:54:00.000+08:00,3537.7998046875,10.752985954284668,7.545680999755859,2783.42529296875,27.337160110473633,31.44482421875,382.8999938964844,202.6649932861328,118.87699890136719,0.8849999904632568,60.09000015258789,154712.5,214.9267120361328,0.603461503982544,215.4813995361328,0.6019080877304077
2026-09-08T11:55:00.000+08:00,3491.4013671875,10.647120475769043,7.635091304779053,2795.39794921875,27.369962692260742,31.25,383.0,199.32899475097656,117.29199981689453,0.8849999904632568,60.08000183105469,154714.296875,233.83143615722656,0.5225986838340759,234.4534149169922,0.5212122797966003
2026-09-08T11:56:00.000+08:00,3562.095458984375,10.698351860046387,7.606010913848877,2786.287109375,27.297666549682617,31.34765625,383.3999938964844,198.1529998779297,116.5199966430664,0.8849999904632568,60.09000015258789,154716.296875,226.68063354492188,0.5209972858428955,223.22537231445312,0.5290617346763611
2026-09-08T11:57:00.000+08:00,3605.34521484375,10.619929313659668,7.603298187255859,2787.298828125,27.49710464477539,31.19482421875,383.29998779296875,197.8249969482422,116.20600128173828,0.8840000033378601,60.09000015258789,154718.40625,216.59803771972656,0.537401020526886,216.14561462402344,0.5385258793830872
2026-09-08T11:58:00.000+08:00,3606.251953125,10.58112621307373,7.6087236404418945,2800.46484375,27.497005462646484,31.1953125,383.5,198.2310028076172,116.22699737548828,0.8830000162124634,60.09000015258789,154720.203125,215.10153198242188,0.5374206304550171,226.29083251953125,0.5108470320701599
2026-09-08T11:59:00.000+08:00,3593.7255859375,10.575060844421387,7.5774736404418945,2786.732177734375,27.484987258911133,31.19482421875,383.3999938964844,197.83999633789062,116.27400207519531,0.8849999904632568,60.08000183105469,154722.203125,210.57034301757812,0.5485103130340576,214.25726318359375,0.5390716195106506
2026-09-08T12:00:00.000+08:00,3601.300537109375,10.636141777038574,7.578558921813965,2792.121337890625,27.499134063720703,31.3203125,383.6000061035156,198.6909942626953,116.447998046875,0.8830000162124634,60.08000183105469,154724.09375,214.2222442626953,0.5391597151756287,206.23834228515625,0.5600316524505615
2026-09-08T12:01:00.000+08:00,3554.551025390625,10.621378898620605,7.606553554534912,2797.72998046875,27.405839920043945,31.2783203125,383.5,198.07899475097656,116.16000366210938,0.8830000162124634,60.06999969482422,154726.09375,209.1822967529297,0.5516719222068787,219.41065979003906,0.5259543657302856
2026-09-08T12:02:00.000+08:00,3551.40869140625,10.6115140914917,7.607096195220947,2797.405029296875,27.376066207885742,31.3203125,383.70001220703125,198.52999877929688,116.2040023803711,0.8809999823570251,60.04999923706055,154728.0,210.04620361328125,0.550355076789856,214.91151428222656,0.5378957986831665
2026-09-08T12:03:00.000+08:00,3612.6015625,10.548624992370605,7.544596195220947,2797.0400390625,27.304616928100586,31.236328125,383.5,198.26400756835938,116.25499725341797,0.8820000290870667,59.9900016784668,154729.90625,216.09805297851562,0.5344796180725098,214.90994262695312,0.5374343991279602
2026-09-08T12:04:00.000+08:00,3578.028564453125,10.51887035369873,7.5774736404418945,2802.298583984375,27.290924072265625,31.208984375,383.8999938964844,198.23899841308594,116.23200225830078,0.8840000033378601,60.02000045776367,154731.796875,212.1271514892578,0.5430704951286316,219.30422973632812,0.5252976417541504
2026-09-08T12:05:00.000+08:00,3643.607666015625,10.549784660339355,7.57421875,2794.8671875,27.264263153076172,31.1806640625,383.8999938964844,196.85299682617188,116.18800354003906,0.8880000114440918,60.0,154733.796875,218.8694610595703,0.5272549390792847,217.7543487548828,0.5299549698829651
2026-09-08T12:06:00.000+08:00,3537.854248046875,10.579424858093262,7.603841304779053,2779.36083984375,27.3653621673584,31.111328125,383.8999938964844,197.26600646972656,116.30599975585938,0.8870000243186951,60.0099983215332,154735.703125,211.35838317871094,0.5459920763969421,215.56076049804688,0.5353478789329529
2026-09-08T12:07:00.000+08:00,3587.170166015625,10.602595329284668,7.606553554534912,2779.30322265625,27.25320816040039,31.236328125,384.1000061035156,197.81300354003906,116.2040023803711,0.8840000033378601,59.970001220703125,154737.703125,210.8595733642578,0.5477579236030579,216.85548400878906,0.5326128005981445
2026-09-08T12:08:00.000+08:00,3577.55859375,10.561007499694824,7.573676109313965,2797.678466796875,27.286846160888672,31.1669921875,383.8999938964844,197.58999633789062,116.27799987792969,0.8859999775886536,59.97999954223633,154739.59375,211.82388305664062,0.5438480377197266,207.8224334716797,0.5543193817138672
2026-09-08T12:09:00.000+08:00,3518.91015625,10.610873222351074,7.575303554534912,2814.117431640625,27.266056060791016,31.22265625,384.0,197.2429962158203,116.25800323486328,0.8859999775886536,60.02000045776367,154741.59375,212.89898681640625,0.5425108075141907,205.78326416015625,0.5612701177597046
2026-09-08T12:10:00.000+08:00,3581.49853515625,10.547686576843262,7.544053554534912,2809.060546875,27.207712173461914,31.083984375,384.20001220703125,197.2469940185547,116.33399963378906,0.8880000114440918,60.04999923706055,154743.40625,211.023193359375,0.5454376935958862,217.83262634277344,0.5283873677253723
2026-09-08T12:11:00.000+08:00,3588.1787109375,10.547686576843262,7.542426109313965,2786.720947265625,27.1806583404541,31.09765625,384.3999938964844,196.83299255371094,116.4219970703125,0.8889999985694885,60.04999923706055,154745.40625,216.11399841308594,0.5330519676208496,200.54139709472656,0.5744450092315674
2026-09-08T12:12:00.000+08:00,3569.258056640625,10.57996654510498,7.5774736404418945,2810.718994140625,27.113407135009766,30.986328125,384.29998779296875,197.2729949951172,116.15799713134766,0.8849999904632568,60.029998779296875,154747.296875,212.33250427246094,0.5449000597000122,211.82894897460938,0.5461954474449158
2026-09-08T12:13:00.000+08:00,3559.730224609375,10.56434154510498,7.512260913848877,2780.3369140625,27.072973251342773,30.9169921875,384.1000061035156,196.91799926757812,116.13500213623047,0.8870000243186951,60.02000045776367,154749.203125,212.2598419189453,0.5432021617889404,210.574462890625,0.5475497841835022
2026-09-08T12:14:00.000+08:00,3580.324951171875,10.520831108093262,7.513346195220947,2767.125244140625,27.046035766601562,30.88916015625,384.5,197.08700561523438,116.14800262451172,0.8830000162124634,60.029998779296875,154751.203125,218.99508666992188,0.5274090766906738,223.39669799804688,0.5170174837112427
2026-09-08T12:15:00.000+08:00,3579.791015625,10.475451469421387,7.482096195220947,2787.203857421875,27.04126739501953,30.875,384.3999938964844,197.07400512695312,116.0790023803711,0.8849999904632568,60.040000915527344,154753.203125,218.20272827148438,0.5297825336456299,213.7083282470703,0.5409241914749146
2026-09-08T12:16:00.000+08:00,3581.429443359375,10.50678539276123,7.481010913848877,2777.2958984375,27.065858840942383,30.931640625,384.5,197.3000030517578,116.28800201416016,0.8849999904632568,60.040000915527344,154755.09375,213.27528381347656,0.5401469469070435,216.75193786621094,0.5314831137657166
2026-09-08T12:17:00.000+08:00,3518.500244140625,10.4763822555542,7.48046875,2786.736572265625,27.0799503326416,30.97265625,384.3999938964844,197.35299682617188,116.22000122070312,0.8849999904632568,60.040000915527344,154757.09375,208.97024536132812,0.5512746572494507,218.13140869140625,0.5281220078468323
2026-09-08T12:18:00.000+08:00,3602.8134765625,10.45483684539795,7.475043296813965,2795.143798828125,27.219846725463867,30.986328125,384.29998779296875,196.51199340820312,115.9209976196289,0.8859999775886536,60.040000915527344,154759.0,213.48263549804688,0.5396223068237305,217.2595977783203,0.5302412509918213
2026-09-08T12:19:00.000+08:00,3537.363525390625,10.512240409851074,7.449760913848877,2786.115966796875,27.116559982299805,30.958984375,384.3999938964844,197.56399536132812,116.08999633789062,0.8820000290870667,60.029998779296875,154760.90625,210.90426635742188,0.5457451939582825,215.1441650390625,0.534990131855011
2026-09-08T12:20:00.000+08:00,3598.8779296875,10.466822624206543,7.451388835906982,2801.48193359375,27.078845977783203,30.958984375,384.20001220703125,196.83599853515625,115.77300262451172,0.8849999904632568,60.04999923706055,154762.90625,213.0504608154297,0.5393088459968567,209.3592987060547,0.5488172769546509
2026-09-08T12:21:00.000+08:00,3581.8291015625,10.496317863464355,7.451388835906982,2813.025390625,27.046194076538086,30.931640625,384.1000061035156,196.92100524902344,115.8280029296875,0.8840000033378601,60.040000915527344,154764.703125,217.64398193359375,0.5283858180046082,215.1964569091797,0.5343953967094421
2026-09-08T12:22:00.000+08:00,3570.251953125,10.497729301452637,7.451930999755859,2799.52099609375,27.002431869506836,30.9453125,384.29998779296875,196.89300537109375,115.85199737548828,0.8840000033378601,60.04999923706055,154766.796875,213.60789489746094,0.5388377904891968,212.959716796875,0.5404778122901917
2026-09-08T12:23:00.000+08:00,3535.893798828125,10.450900077819824,7.45301628112793,2809.508056640625,27.115707397460938,30.8203125,384.70001220703125,196.72500610351562,115.87000274658203,0.8830000162124634,60.04999923706055,154768.59375,213.7130126953125,0.5376368761062622,218.5037841796875,0.5258490443229675
2026-09-08T12:24:00.000+08:00,3501.5478515625,10.389803886413574,7.4524736404418945,2796.167724609375,27.0688533782959,30.97265625,383.79998779296875,196.88400268554688,115.7239990234375,0.8830000162124634,60.040000915527344,154770.5,211.60690307617188,0.5444056987762451,218.74868774414062,0.5266317129135132
2026-09-08T12:25:00.000+08:00,3568.3125,10.466822624206543,7.451930999755859,2803.43359375,26.99356460571289,30.806640625,383.8999938964844,196.56100463867188,115.47799682617188,0.8840000033378601,60.040000915527344,154772.5,211.6200408935547,0.5424817204475403,215.54949951171875,0.5325922966003418
2026-09-08T12:26:00.000+08:00,3577.033447265625,10.457003593444824,7.451930999755859,2790.064697265625,26.968835830688477,30.75,383.70001220703125,197.1320037841797,115.7959976196289,0.8849999904632568,60.04999923706055,154774.5,215.24610900878906,0.5342721343040466,214.38656616210938,0.5364142060279846
2026-09-08T12:27:00.000+08:00,3511.654541015625,10.511096000671387,7.4524736404418945,2790.09619140625,26.965824127197266,30.861328125,383.8999938964844,197.24899291992188,115.91600036621094,0.8840000033378601,60.060001373291016,154776.40625,210.06423950195312,0.5445953011512756,204.7580108642578,0.5587083101272583
2026-09-08T12:28:00.000+08:00,3608.531494140625,10.4956693649292,7.418510913848877,2806.564208984375,26.92524528503418,30.861328125,383.6000061035156,196.6580047607422,115.75599670410156,0.8840000033378601,60.060001373291016,154778.296875,215.8981475830078,0.5312690138816833,210.16839599609375,0.5457528233528137
2026-09-08T12:29:00.000+08:00,3520.853759765625,10.478564262390137,7.449760913848877,2792.6591796875,26.997793197631836,30.6953125,384.1000061035156,196.8280029296875,115.74500274658203,0.8840000033378601,60.06999969482422,154780.296875,213.6694793701172,0.5396184921264648,215.8490753173828,0.5341695547103882
2026-09-08T12:30:00.000+08:00,3514.508544921875,10.402270317077637,7.420680999755859,2814.922607421875,26.861862182617188,30.63916015625,384.20001220703125,196.38800048828125,115.70800018310547,0.8859999775886536,60.04999923706055,154782.203125,214.5769500732422,0.5350062251091003,218.40248107910156,0.5256350636482239
2026-09-08T12:31:00.000+08:00,3505.11181640625,10.41797161102295,7.386176109313965,2795.034423828125,26.869781494140625,30.6669921875,384.3999938964844,195.83399963378906,115.76799774169922,0.8880000114440918,60.08000183105469,154784.09375,210.64035034179688,0.5450047850608826,205.05303955078125,0.5598551630973816
2026-09-08T12:32:00.000+08:00,3542.1767578125,10.481593132019043,7.418510913848877,2794.076904296875,26.7568359375,30.833984375,384.6000061035156,196.38099670410156,115.9229965209961,0.8859999775886536,60.060001373291016,154786.0,209.54953002929688,0.5483190417289734,213.2493896484375,0.5388057827949524
2026-09-08T12:33:00.000+08:00,3559.365234375,10.457728385925293,7.419596195220947,2792.328369140625,26.86676597595215,30.736328125,384.29998779296875,196.63099670410156,115.94400024414062,0.8849999904632568,60.08000183105469,154788.0,215.10418701171875,0.5350895524024963,207.9366912841797,0.5535338521003723
2026-09-08T12:34:00.000+08:00,3523.26904296875,10.472277641296387,7.420680999755859,2789.16455078125,26.8572940826416,30.681640625,384.3999938964844,196.2989959716797,115.6709976196289,0.8870000243186951,60.08000183105469,154789.90625,214.12782287597656,0.5365954041481018,225.63124084472656,0.5092380046844482
2026-09-08T12:35:00.000+08:00,3582.906982421875,10.5043363571167,7.388888835906982,2807.002197265625,26.827157974243164,30.69482421875,384.5,196.8489990234375,115.9489974975586,0.8849999904632568,60.09000015258789,154791.796875,215.9786376953125,nan,215.5128631591797,nan
2026-09-08T12:36:00.000+08:00,3552.649658203125,10.448847770690918,7.388346195220947,2810.705078125,26.846202850341797,30.69482421875,384.70001220703125,196.09100341796875,115.83300018310547,0.8859999775886536,60.099998474121094,154793.796875,214.5849609375,0.5359182357788086,213.27557373046875,0.5392084717750549
2026-09-08T12:37:00.000+08:00,3544.677978515625,10.39411449432373,7.388888835906982,2814.621826171875,26.813213348388672,30.736328125,384.70001220703125,195.78500366210938,115.71199798583984,0.8870000243186951,60.119998931884766,154795.59375,213.2488250732422,0.5397450923919678,216.8291015625,0.530832827091217
2026-09-08T12:38:00.000+08:00,3443.376708984375,10.424761772155762,7.358180999755859,2787.657470703125,26.81924057006836,30.65283203125,385.0,195.96400451660156,115.68000030517578,0.8859999775886536,60.099998474121094,154797.703125,209.0960235595703,0.5509430766105652,212.86936950683594,0.541176974773407
2026-09-08T12:39:00.000+08:00,3552.619140625,10.41382884979248,7.384548187255859,2804.332275390625,26.804506301879883,30.625,384.5,195.85000610351562,115.60099792480469,0.8859999775886536,60.08000183105469,154799.59375,211.8759765625,0.5422983765602112,211.97821044921875,0.5420368313789368
2026-09-08T12:40:00.000+08:00,3612.974365234375,10.431368827819824,7.3587236404418945,2799.947021484375,26.81752586364746,30.6953125,384.8999938964844,195.55299377441406,115.56800079345703,0.8859999775886536,60.06999969482422,154801.296875,221.4397735595703,0.5184253454208374,214.6558380126953,0.5348095893859863
2026-09-08T12:41:00.000+08:00,3544.284423828125,10.352953910827637,7.357638835906982,2804.3662109375,26.814332962036133,30.63916015625,384.6000061035156,196.37399291992188,115.84500122070312,0.8859999775886536,60.06999969482422,154803.296875,213.02801513671875,0.5384268164634705,214.48489379882812,0.534769594669342
2026-09-08T12:42:00.000+08:00,3572.63330078125,10.339083671569824,7.389430999755859,2797.792236328125,26.78169822692871,30.708984375,384.3999938964844,189.7570037841797,111.13700103759766,0.8799999952316284,60.060001373291016,154805.296875,212.93435668945312,0.5391333103179932,215.476806640625,0.5327719449996948
2026-09-08T12:43:00.000+08:00,3549.33154296875,10.33246898651123,7.451930999755859,2789.88232421875,26.830469131469727,30.5283203125,384.3999938964844,188.60699462890625,110.76100158691406,0.8820000290870667,60.09000015258789,154807.203125,210.3616485595703,0.5457268357276917,210.28076171875,0.5459367632865906
2026-09-08T12:44:00.000+08:00,3471.61572265625,10.365008354187012,7.419053554534912,2803.14794921875,26.823694229125977,30.59765625,384.5,188.5659942626953,110.77999877929688,0.8809999823570251,60.09000015258789,154809.0,203.1754150390625,0.5468181371688843,218.4274139404297,0.5086357593536377
2026-09-08T12:45:00.000+08:00,3534.81298828125,10.33246898651123,7.451388835906982,2788.993896484375,26.830293655395508,30.5283203125,384.5,188.75,110.6760025024414,0.8809999823570251,60.09000015258789,154810.90625,202.02664184570312,0.5434926748275757,209.22164916992188,0.5248022675514221
2026-09-08T12:46:00.000+08:00,3521.3349609375,10.364527702331543,7.420138835906982,2784.355712890625,26.815580368041992,30.59765625,384.0,188.83200073242188,110.55000305175781,0.8799999952316284,60.08000183105469,154812.703125,205.8268585205078,0.5324863791465759,208.49269104003906,0.5256779193878174
2026-09-08T12:47:00.000+08:00,3485.810546875,10.364108085632324,7.419053554534912,2791.38134765625,26.7850284576416,30.5703125,384.3999938964844,189.13600158691406,110.83300018310547,0.8799999952316284,60.06999969482422,154814.5,201.34979248046875,0.5438296794891357,207.8600311279297,0.526796817779541
2026-09-08T12:48:00.000+08:00,3515.230712890625,10.355685234069824,7.418510913848877,2796.951904296875,26.86947250366211,30.458984375,384.3999938964844,186.84100341796875,109.41100311279297,0.8790000081062317,60.060001373291016,154816.296875,204.6987762451172,0.5373749732971191,211.63954162597656,0.5229557156562805
2026-09-08T12:49:00.000+08:00,3599.654052734375,10.316157341003418,7.387803554534912,2770.887451171875,26.711641311645508,30.486328125,384.6000061035156,189.35699462890625,110.69400024414062,0.878000020980835,60.04999923706055,154818.203125,210.128173828125,0.5215864181518555,208.81625366210938,0.5248633623123169
2026-09-08T12:50:00.000+08:00,3537.546630859375,10.267748832702637,7.389430999755859,2794.0107421875,26.697673797607422,30.47265625,384.5,187.76300048828125,109.71299743652344,0.878000020980835,60.0,154820.09375,206.0819854736328,0.5255190134048462,197.5487518310547,0.5482191443443298
2026-09-08T12:51:00.000+08:00,3516.1416015625,10.26954174041748,7.38671875,2794.40087890625,26.63263511657715,30.38916015625,384.5,187.4010009765625,109.36900329589844,0.8759999871253967,60.02000045776367,154821.796875,202.0582733154297,0.5448923110961914,209.28504943847656,0.5260767340660095
2026-09-08T12:52:00.000+08:00,3564.7373046875,10.274737358093262,7.388346195220947,2774.8896484375,26.591861724853516,30.361328125,384.6000061035156,187.281005859375,109.5479965209961,0.878000020980835,60.0,154823.59375,205.89710998535156,0.5279335975646973,202.0164337158203,0.5380750298500061
2026-09-08T12:53:00.000+08:00,3488.521728515625,10.274996757507324,7.357096195220947,2808.864990234375,26.50960922241211,30.31982421875,384.5,184.46800231933594,108.24700164794922,0.8790000081062317,60.0099983215332,154825.40625,199.5391082763672,0.5427507162094116,209.3561553955078,0.5173003077507019
2026-09-08T12:54:00.000+08:00,3488.316162109375,10.20545482635498,7.323676109313965,2770.254150390625,26.601991653442383,30.208984375,384.3999938964844,185.2530059814453,108.09300231933594,0.8759999871253967,59.95000076293945,154827.296875,199.77432250976562,0.5431128740310669,207.18966674804688,0.5236747860908508
2026-09-08T12:55:00.000+08:00,3491.705322265625,10.289546012878418,7.357638835906982,2793.267333984375,26.58428382873535,30.1953125,384.1000061035156,184.70899963378906,108.09600067138672,0.8790000081062317,59.95000076293945,154829.09375,204.8804168701172,0.5237201452255249,211.33294677734375,0.5077296495437622
2026-09-08T12:56:00.000+08:00,3523.3798828125,10.25886058807373,7.293510913848877,2789.02880859375,26.42221450805664,30.138671875,383.79998779296875,187.5489959716797,109.3280029296875,0.8769999742507935,59.959999084472656,154830.796875,201.4599609375,0.5331084132194519,199.60292053222656,0.5380682945251465
2026-09-08T12:57:00.000+08:00,3501.564208984375,10.226840019226074,7.325303554534912,2790.516845703125,26.435274124145508,30.125,383.8999938964844,187.4949951171875,109.37200164794922,0.8769999742507935,59.95000076293945,154832.703125,203.6952667236328,0.5252944827079773,200.11387634277344,0.534695565700531
2026-09-08T12:58:00.000+08:00,3557.831787109375,10.282946586608887,7.357638835906982,2790.264404296875,26.41522216796875,30.208984375,383.70001220703125,186.30299377441406,108.46199798583984,0.8759999871253967,59.95000076293945,154834.5,203.05520629882812,0.5363073945045471,208.06492614746094,0.5233943462371826
2026-09-08T12:59:00.000+08:00,3577.9912109375,10.275469779968262,7.356010913848877,2794.691650390625,26.406614303588867,30.138671875,383.20001220703125,186.20799255371094,108.30899810791016,0.8759999871253967,59.95000076293945,154836.296875,211.21209716796875,0.5137016177177429,209.63607788085938,0.5175635814666748
2026-09-08T13:00:00.000+08:00,3512.782958984375,10.268427848815918,7.356553554534912,2813.545654296875,26.412189483642578,30.1953125,383.20001220703125,186.21299743652344,108.27400207519531,0.8759999871253967,59.95000076293945,154838.203125,204.4588623046875,0.5252890586853027,213.3618621826172,0.5033701658248901
2026-09-08T13:01:00.000+08:00,3444.44482421875,10.235255241394043,7.325846195220947,2799.55224609375,26.41057586669922,30.1953125,382.79998779296875,186.5500030517578,108.12100219726562,0.8740000128746033,59.95000076293945,154839.90625,199.47988891601562,0.5373975038528442,208.0283660888672,0.5153143405914307
2026-09-08T13:02:00.000+08:00,3471.9794921875,10.205248832702637,7.324760913848877,2773.47412109375,26.38471221923828,30.1953125,383.0,186.875,108.3740005493164,0.8740000128746033,59.959999084472656,154841.703125,200.59422302246094,0.5349107384681702,211.2465057373047,0.5079373717308044
2026-09-08T13:03:00.000+08:00,3450.277587890625,10.315936088562012,7.323676109313965,2810.19287109375,26.496889114379883,30.0283203125,382.79998779296875,186.26400756835938,108.19599914550781,0.8759999871253967,59.959999084472656,154843.59375,205.1397705078125,0.5230579972267151,213.35357666015625,0.5029209852218628
2026-09-08T13:04:00.000+08:00,3540.59619140625,10.206141471862793,7.326930999755859,2797.8251953125,26.487789154052734,30.09716796875,382.5,186.19900512695312,108.21900177001953,0.8769999742507935,59.95000076293945,154845.40625,202.65725708007812,0.5304522514343262,213.29818725585938,0.5039892792701721
2026-09-08T13:05:00.000+08:00,3542.522216796875,10.211390495300293,7.3291015625,2790.218017578125,26.30876350402832,30.06982421875,381.8999938964844,185.8730010986328,108.0770034790039,0.878000020980835,59.970001220703125,154847.203125,210.31997680664062,0.5111259818077087,195.5048370361328,0.5498585104942322
2026-09-08T13:06:00.000+08:00,3512.972412109375,10.242083549499512,7.294053554534912,2784.855712890625,26.295448303222656,30.083984375,382.0,186.71099853515625,108.1050033569336,0.875,59.95000076293945,154849.0,200.6560821533203,0.5347458124160767,199.8223419189453,0.5369769930839539
2026-09-08T13:07:00.000+08:00,3469.96337890625,10.258173942565918,7.295680999755859,2795.4140625,26.26030921936035,30.111328125,382.20001220703125,186.46200561523438,107.98699951171875,0.875,60.0099983215332,154850.796875,200.77427673339844,0.534430980682373,211.22950744628906,0.5079782605171204
2026-09-08T13:08:00.000+08:00,3530.69482421875,10.15503215789795,7.263888835906982,2772.6025390625,26.37104606628418,29.94482421875,382.29998779296875,183.55299377441406,106.40699768066406,0.8759999871253967,60.0,154852.59375,206.70932006835938,0.5190864205360413,203.84521484375,0.5263797640800476
2026-09-08T13:09:00.000+08:00,3576.585693359375,10.192767143249512,7.23046875,2802.28173828125,26.28692054748535,29.958984375,382.1000061035156,184.19500732421875,106.55799865722656,0.8740000128746033,59.970001220703125,154854.296875,209.1569061279297,0.5120557546615601,214.11941528320312,0.5001881718635559
2026-09-08T13:10:00.000+08:00,3503.73388671875,10.147982597351074,7.264430999755859,2786.76904296875,26.15004539489746,29.94482421875,382.20001220703125,183.7169952392578,106.42500305175781,0.875,59.939998626708984,154856.0,200.98765563964844,0.5254054069519043,197.6046600341797,0.5344003438949585
2026-09-08T13:11:00.000+08:00,3451.15869140625,10.198481559753418,7.233180999755859,2789.005615234375,26.142404556274414,29.9453125,382.5,184.0030059814453,106.40699768066406,0.8730000257492065,59.959999084472656,154857.90625,203.16920471191406,0.5197638273239136,202.0542755126953,0.5226318836212158
2026-09-08T13:12:00.000+08:00,3503.0712890625,10.162280082702637,7.231553554534912,2784.4365234375,26.13724136352539,29.958984375,382.29998779296875,183.35000610351562,106.23999786376953,0.875,59.959999084472656,154859.59375,202.532958984375,0.52189040184021,210.58030700683594,0.5019462704658508
2026-09-08T13:13:00.000+08:00,3486.486083984375,10.14704418182373,7.262803554534912,2812.311767578125,26.167081832885742,29.9169921875,381.8999938964844,183.6540069580078,106.40699768066406,0.8759999871253967,59.970001220703125,154861.296875,205.12815856933594,0.5138251185417175,210.89352416992188,0.49977827072143555
2026-09-08T13:14:00.000+08:00,3531.357177734375,10.164774894714355,7.263346195220947,2789.354736328125,26.29180908203125,29.931640625,382.0,184.18600463867188,106.5739974975586,0.8740000128746033,59.959999084472656,154863.203125,206.46673583984375,0.5124312043190002,203.10107421875,0.5209228992462158
2026-09-08T13:15:00.000+08:00,3474.34912109375,10.171374320983887,7.263346195220947,2809.510009765625,26.284164428710938,29.888671875,382.20001220703125,184.46600341796875,106.47200012207031,0.8740000128746033,59.959999084472656,154865.0,204.28590393066406,0.5159435868263245,203.10467529296875,0.5189442038536072
2026-09-08T13:16:00.000+08:00,3522.4423828125,10.19434642791748,7.294053554534912,2785.531494140625,26.161664962768555,29.97265625,382.0,183.68699645996094,106.45800018310547,0.8759999871253967,59.959999084472656,154866.703125,202.7796630859375,0.5212554335594177,201.16757202148438,0.5254325866699219
2026-09-08T13:17:00.000+08:00,3461.76513671875,10.13910961151123,7.264430999755859,2777.54150390625,26.23939323425293,29.861328125,381.8999938964844,184.0399932861328,106.27899932861328,0.8730000257492065,59.959999084472656,154868.59375,199.81443786621094,0.5289908051490784,208.8292236328125,0.5061551928520203
2026-09-08T13:18:00.000+08:00,3524.445556640625,10.084338188171387,7.22938346862793,2797.628173828125,26.233306884765625,29.81982421875,382.0,184.3730010986328,106.28399658203125,0.871999979019165,60.0099983215332,154870.296875,204.2991180419922,0.517868161201477,211.54197692871094,0.5001371502876282
2026-09-08T13:19:00.000+08:00,3488.504150390625,10.0820951461792,7.232638835906982,2795.835693359375,26.231477737426758,29.806640625,382.5,183.76100158691406,106.55799865722656,0.875,60.0,154872.09375,201.17491149902344,nan,209.57386779785156,nan
2026-09-08T13:20:00.000+08:00,3454.0810546875,10.090479850769043,7.233180999755859,2783.510009765625,26.22538948059082,29.833984375,382.5,184.31300354003906,106.48100280761719,0.871999979019165,59.9900016784668,154873.90625,197.85122680664062,0.5342397689819336,200.9587860107422,0.5259785056114197
2026-09-08T13:21:00.000+08:00,3495.238037109375,10.090044975280762,7.232638835906982,2813.32177734375,26.232402801513672,29.806640625,382.6000061035156,184.3300018310547,106.68800354003906,0.8730000257492065,59.970001220703125,154875.59375,197.81076049804688,0.5333380103111267,200.78646850585938,0.5254338383674622
2026-09-08T13:22:00.000+08:00,3511.041015625,10.089137077331543,7.22938346862793,2795.708984375,26.22538948059082,29.861328125,382.8999938964844,183.6739959716797,106.33300018310547,0.8730000257492065,59.97999954223633,154877.40625,199.0112762451172,0.530623197555542,195.24884033203125,0.5408483147621155
2026-09-08T13:23:00.000+08:00,3504.556884765625,10.1295804977417,7.203558921813965,2785.654052734375,26.231477737426758,29.84765625,382.79998779296875,183.21200561523438,106.31199645996094,0.875,59.959999084472656,154879.09375,200.44068908691406,0.5268391370773315,198.87635803222656,0.5309832096099854
2026-09-08T13:24:00.000+08:00,3551.251220703125,10.121424674987793,7.2337236404418945,2794.9033203125,26.242151260375977,29.763671875,382.3999938964844,186.13999938964844,107.92400360107422,0.8759999871253967,59.970001220703125,154880.90625,206.2303466796875,0.5115638971328735,201.29087829589844,0.524117112159729
2026-09-08T13:25:00.000+08:00,3484.67236328125,10.108843803405762,7.2024736404418945,2787.18505859375,26.308866500854492,29.986328125,382.79998779296875,186.11300659179688,107.92400360107422,0.8730000257492065,59.959999084472656,154882.703125,202.90512084960938,0.5204402804374695,211.19744873046875,0.5000060796737671
2026-09-08T13:26:00.000+08:00,3491.952392578125,10.092280387878418,7.232638835906982,2797.40576171875,26.33961296081543,29.94482421875,382.6000061035156,186.58399963378906,107.91000366210938,0.8730000257492065,59.959999084472656,154884.5,203.0706329345703,0.5190312266349792,197.4182586669922,0.5338918566703796
2026-09-08T13:27:00.000+08:00,3547.03369140625,10.146151542663574,7.263888835906982,2790.43994140625,26.356647491455078,29.986328125,383.0,185.8280029296875,107.88700103759766,0.875,59.9900016784668,154886.296875,205.44081115722656,0.5198577642440796,203.8944854736328,0.5238003134727478
2026-09-08T13:28:00.000+08:00,3491.439697265625,10.162074089050293,7.260091304779053,2794.792724609375,26.36919593811035,29.986328125,383.20001220703125,185.62600708007812,107.8270034790039,0.875,60.0099983215332,154888.203125,197.3871307373047,0.5415753722190857,199.98219299316406,0.5345475673675537
2026-09-08T13:29:00.000+08:00,3496.6103515625,10.193194389343262,7.232638835906982,2790.341796875,26.25489044189453,29.94482421875,382.6000061035156,186.2469940185547,107.90299987792969,0.875,59.959999084472656,154889.90625,203.3495330810547,0.5271711349487305,198.47698974609375,0.5401129722595215
2026-09-08T13:30:00.000+08:00,3533.75,10.140002250671387,7.264430999755859,2803.490234375,26.35335922241211,29.986328125,382.79998779296875,186.4199981689453,108.052001953125,0.8740000128746033,59.959999084472656,154891.796875,203.5272216796875,0.525728166103363,194.78912353515625,0.5493119359016418
2026-09-08T13:31:00.000+08:00,3474.313720703125,10.161166191101074,7.26551628112793,2797.939208984375,26.336578369140625,29.958984375,382.79998779296875,186.2310028076172,107.83100128173828,0.8730000257492065,59.959999084472656,154893.40625,204.46609497070312,0.5233141183853149,201.6465606689453,0.530631422996521
2026-09-08T13:32:00.000+08:00,3452.640380859375,10.191859245300293,7.228841304779053,2781.22998046875,26.337505340576172,29.986328125,382.70001220703125,186.07200622558594,108.00299835205078,0.8759999871253967,59.959999084472656,154895.40625,196.98995971679688,0.5441901683807373,200.47821044921875,0.5347214937210083
2026-09-08T13:33:00.000+08:00,3494.4140625,10.18481731414795,7.232638835906982,2797.26123046875,26.362201690673828,29.95849609375,382.20001220703125,185.91299438476562,107.91899871826172,0.8759999871253967,59.95000076293945,154897.09375,200.76548767089844,0.5334582328796387,201.0475311279297,0.5327098369598389
2026-09-08T13:34:00.000+08:00,3528.2197265625,10.101153373718262,7.231010913848877,2792.761474609375,26.273780822753906,30.083984375,382.3999938964844,185.13600158691406,107.8239974975586,0.8790000081062317,59.970001220703125,154898.90625,207.4237823486328,0.5153700113296509,199.626220703125,0.5355008244514465
2026-09-08T13:35:00.000+08:00,3519.262939453125,10.16498851776123,7.233180999755859,2798.626708984375,26.291488647460938,30.111328125,382.3999938964844,186.6699981689453,107.8270034790039,0.8730000257492065,59.970001220703125,154900.796875,206.14031982421875,0.518578827381134,198.2045135498047,0.539341926574707
2026-09-08T13:36:00.000+08:00,3507.616455078125,10.17615795135498,7.263888835906982,2806.7783203125,26.2710018157959,30.0,382.3999938964844,185.57699584960938,107.84500122070312,0.875,60.02000045776367,154902.5,205.022705078125,0.5214056372642517,213.4438018798828,0.5008344054222107
2026-09-08T13:37:00.000+08:00,3490.30419921875,10.1868314743042,7.263888835906982,2786.10986328125,26.371973037719727,29.9453125,382.5,186.02999877929688,107.87100219726562,0.8759999871253967,59.97999954223633,154904.40625,203.03334045410156,0.5260220170021057,211.16014099121094,0.5057772397994995
2026-09-08T13:38:00.000+08:00,3496.558349609375,10.193194389343262,7.232096195220947,2808.36572265625,26.250261306762695,30.01416015625,382.70001220703125,184.8730010986328,107.53700256347656,0.8769999742507935,60.0099983215332,154906.09375,202.0040283203125,0.5296924114227295,209.5049285888672,0.5107278227806091
2026-09-08T13:39:00.000+08:00,3488.22607421875,10.171809196472168,7.259548187255859,2809.8076171875,26.344240188598633,29.88916015625,382.5,184.39700317382812,106.6760025024414,0.8730000257492065,59.970001220703125,154907.90625,202.7868194580078,0.5276477336883545,212.81307983398438,0.5027886629104614
2026-09-08T13:40:00.000+08:00,3536.751220703125,10.085909843444824,7.262803554534912,2802.076904296875,26.342388153076172,29.931640625,382.8999938964844,183.6739959716797,106.63200378417969,0.8759999871253967,59.97999954223633,154909.59375,207.6888427734375,0.5142308473587036,209.2601776123047,0.5103694200515747
2026-09-08T13:41:00.000+08:00,3493.099365234375,10.100260734558105,7.232638835906982,2786.676513671875,26.372228622436523,29.875,382.6000061035156,185.06300354003906,107.8219985961914,0.878000020980835,59.959999084472656,154911.5,201.87399291992188,0.5240892767906189,200.44717407226562,0.5278198719024658
2026-09-08T13:42:00.000+08:00,3466.867431640625,10.12867259979248,7.2024736404418945,2787.171875,26.261903762817383,30.0283203125,382.6000061035156,185.51499938964844,107.70600128173828,0.8759999871253967,59.959999084472656,154913.296875,199.75375366210938,0.5281502604484558,196.18121337890625,0.5377681255340576
2026-09-08T13:43:00.000+08:00,3538.56640625,10.0834379196167,7.2337236404418945,2805.861083984375,26.44234848022461,30.056640625,382.5,187.42799377441406,108.87999725341797,0.8759999871253967,59.959999084472656,154915.0,203.5974884033203,0.5245644450187683,198.8411102294922,0.537112295627594
2026-09-08T13:44:00.000+08:00,3480.454345703125,10.100260734558105,7.22938346862793,2781.534423828125,26.490135192871094,30.09716796875,382.3999938964844,187.19200134277344,108.8010025024414,0.8769999742507935,59.95000076293945,154916.90625,202.07305908203125,0.5295114517211914,208.6195526123047,0.5128953456878662
2026-09-08T13:45:00.000+08:00,3574.260498046875,10.11523723602295,7.228841304779053,2800.202880859375,26.40846824645996,30.22265625,382.20001220703125,187.97500610351562,108.78199768066406,0.8759999871253967,59.959999084472656,154918.59375,201.4853515625,0.5345301628112793,200.47096252441406,0.537234902381897
2026-09-08T13:46:00.000+08:00,3510.99755859375,10.075495719909668,7.232638835906982,2787.190673828125,26.47429847717285,30.0283203125,382.29998779296875,187.28599548339844,108.6709976196289,0.8759999871253967,59.970001220703125,154920.5,203.8909912109375,0.5296947956085205,196.961181640625,0.5483314394950867
2026-09-08T13:47:00.000+08:00,3513.0166015625,10.138201713562012,7.264430999755859,2791.953125,26.390758514404297,30.20849609375,381.79998779296875,187.91200256347656,108.73400115966797,0.8759999871253967,59.959999084472656,154922.296875,200.9449462890625,0.5364653468132019,211.8453826904297,0.5088617205619812
2026-09-08T13:48:00.000+08:00,3472.518798828125,10.115450859069824,7.200303554534912,2791.962646484375,26.392629623413086,30.19482421875,381.8999938964844,188.10000610351562,108.90499877929688,0.875,59.970001220703125,154924.09375,195.87013244628906,0.5303921103477478,200.4315185546875,0.5370044112205505
2026-09-08T13:49:00.000+08:00,3586.451416015625,10.152071952819824,7.231553554534912,2782.874267578125,26.40846824645996,30.1953125,381.6000061035156,188.11399841308594,108.87999725341797,0.875,59.959999084472656,154925.90625,207.4554901123047,0.5201115608215332,207.01171875,0.5212265253067017
2026-09-08T13:50:00.000+08:00,3460.04443359375,10.075495719909668,7.200303554534912,2796.53076171875,26.38890838623047,30.125,382.0,187.66099548339844,108.7760009765625,0.8759999871253967,59.959999084472656,154927.796875,200.06906127929688,0.5418128967285156,211.1259307861328,0.5134376287460327
2026-09-08T13:51:00.000+08:00,3511.34423828125,10.131381034851074,7.197591304779053,2789.589599609375,26.470083236694336,30.02783203125,382.29998779296875,188.17799377441406,109.20700073242188,0.8759999871253967,59.959999084472656,154929.59375,199.39305114746094,0.542145311832428,210.47427368164062,0.5136019587516785
2026-09-08T13:52:00.000+08:00,3546.12451171875,10.16846752166748,7.2337236404418945,2791.814697265625,26.491079330444336,30.111328125,382.5,187.22999572753906,108.92900085449219,0.878000020980835,59.970001220703125,154931.40625,202.29701232910156,0.5353514552116394,203.89710998535156,0.531150221824646
2026-09-08T13:53:00.000+08:00,3489.858642578125,10.167101860046387,7.231553554534912,2798.89892578125,26.394973754882812,30.138671875,382.29998779296875,187.41600036621094,108.96299743652344,0.8759999871253967,59.970001220703125,154933.203125,202.457275390625,0.5329519510269165,201.4336395263672,0.5356602668762207
2026-09-08T13:54:00.000+08:00,3527.098876953125,10.193194389343262,7.231553554534912,2788.581787109375,26.377958297729492,30.1669921875,382.6000061035156,186.21600341796875,107.77999877929688,0.8740000128746033,60.029998779296875,154935.0,204.99220275878906,0.5278249382972717,199.7199249267578,0.54175865650177
2026-09-08T13:55:00.000+08:00,3504.089599609375,10.1788969039917,7.264430999755859,2810.919677734375,26.491079330444336,30.0419921875,382.70001220703125,185.57000732421875,107.70099639892578,0.8759999871253967,59.9900016784668,154936.703125,203.86093139648438,0.5287918448448181,208.79393005371094,0.5162985324859619
2026-09-08T13:56:00.000+08:00,3561.607421875,10.082316398620605,7.2337236404418945,2804.802001953125,26.28565788269043,30.0703125,383.0,185.9759979248047,108.0009994506836,0.8769999742507935,59.970001220703125,154938.59375,208.1154327392578,0.5146182775497437,206.07424926757812,0.5197156071662903
2026-09-08T13:57:00.000+08:00,3554.754150390625,10.115931510925293,7.200303554534912,2809.284423828125,26.35849952697754,29.94482421875,383.0,185.66799926757812,107.90299987792969,0.8759999871253967,59.959999084472656,154940.40625,205.39895629882812,0.521911084651947,198.8104705810547,0.5392069816589355
2026-09-08T13:58:00.000+08:00,3504.829833984375,10.1008939743042,7.2024736404418945,2801.724609375,26.31770896911621,29.875,382.79998779296875,185.5489959716797,107.73799896240234,0.8769999742507935,59.95000076293945,154942.203125,201.04981994628906,0.5317090153694153,211.99209594726562,0.5042640566825867
2026-09-08T13:59:00.000+08:00,3439.92919921875,10.115931510925293,7.200846195220947,2785.02587890625,26.17169189453125,29.931640625,382.6000061035156,185.66299438476562,107.88899993896484,0.878000020980835,59.959999084472656,154943.90625,198.44874572753906,0.5381742119789124,198.17433166503906,0.5389194488525391
2026-09-08T14:00:00.000+08:00,3467.509033203125,10.194308280944824,7.201930999755859,2791.91455078125,26.15335464477539,29.9453125,382.70001220703125,186.00799560546875,107.94300079345703,0.875,59.95000076293945,154945.703125,199.41030883789062,0.5365821123123169,202.2323760986328,0.5290943384170532
2026-09-08T14:01:00.000+08:00,3540.30810546875,10.130908012390137,7.198676109313965,2805.9755859375,26.150970458984375,29.94482421875,382.70001220703125,183.48899841308594,106.52999877929688,0.875,59.970001220703125,154947.59375,200.20065307617188,0.5354627966880798,204.87600708007812,0.5232433080673218
2026-09-08T14:02:00.000+08:00,3510.85986328125,10.12360668182373,7.169053554534912,2793.2822265625,26.212862014770508,29.861328125,382.29998779296875,183.7779998779297,106.14700317382812,0.8730000257492065,59.959999084472656,154949.40625,198.0572052001953,0.5412577390670776,208.4351043701172,0.514308750629425
2026-09-08T14:03:00.000+08:00,3532.10595703125,10.135722160339355,7.19921875,2792.9228515625,26.181169509887695,29.806640625,382.6000061035156,184.0019989013672,106.58300018310547,0.8740000128746033,59.970001220703125,154951.09375,203.5310516357422,0.5168744921684265,206.45449829101562,0.5095553398132324
2026-09-08T14:04:00.000+08:00,3498.125,10.129794120788574,7.169053554534912,2794.97314453125,26.209535598754883,29.861328125,382.3999938964844,183.29200744628906,106.2490005493164,0.8759999871253967,59.95000076293945,154952.90625,202.78506469726562,0.5197621583938599,200.37283325195312,0.5260193943977356
2026-09-08T14:05:00.000+08:00,3433.561767578125,10.13001537322998,7.19813346862793,2792.151611328125,26.204668045043945,29.84765625,382.3999938964844,183.2259979248047,106.31600189208984,0.8769999742507935,60.0099983215332,154954.703125,197.3120574951172,0.5351928472518921,200.85009765625,0.5257652401924133
2026-09-08T14:06:00.000+08:00,3523.691162109375,10.122538566589355,7.201388835906982,2791.680908203125,26.192140579223633,29.84716796875,382.20001220703125,183.2480010986328,106.35600280761719,0.8769999742507935,59.959999084472656,154956.5,206.99832153320312,0.5086997747421265,201.24949645996094,0.5232310891151428
2026-09-08T14:07:00.000+08:00,3506.12255859375,10.019343376159668,7.17176628112793,2813.455322265625,26.163501739501953,29.806640625,382.70001220703125,183.31300354003906,106.3949966430664,0.8759999871253967,59.959999084472656,154958.203125,201.8988494873047,0.5235294699668884,203.9542999267578,0.5182533860206604
2026-09-08T14:08:00.000+08:00,3497.533447265625,10.02955150604248,7.200303554534912,2792.504150390625,26.190940856933594,29.8203125,382.3999938964844,183.2779998779297,106.33699798583984,0.8759999871253967,59.959999084472656,154960.09375,202.7142791748047,0.5214235782623291,198.40391540527344,0.5327515602111816
2026-09-08T14:09:00.000+08:00,3507.801513671875,10.122065544128418,7.19813346862793,2795.948486328125,26.169921875,29.833984375,382.5,183.89300537109375,106.64800262451172,0.8759999871253967,59.970001220703125,154961.796875,201.51512145996094,0.5240301489830017,199.24530029296875,0.5299999713897705
2026-09-08T14:10:00.000+08:00,3535.001220703125,10.091845512390137,7.232096195220947,2807.864501953125,26.178136825561523,29.75,382.29998779296875,183.73500061035156,106.33499908447266,0.8740000128746033,59.959999084472656,154963.5,198.36387634277344,0.5328590869903564,204.2303466796875,0.5175528526306152
2026-09-08T14:11:00.000+08:00,3476.995361328125,10.136622428894043,7.200303554534912,2787.907958984375,26.17784309387207,29.833984375,382.5,183.39700317382812,106.43699645996094,0.8759999871253967,59.959999084472656,154965.203125,201.52870178222656,0.5244910717010498,202.24136352539062,0.5226428508758545
2026-09-08T14:12:00.000+08:00,3430.848876953125,10.114558219909668,7.201930999755859,2794.96142578125,26.190013885498047,29.833984375,382.29998779296875,183.24000549316406,106.31199645996094,0.8759999871253967,59.970001220703125,154967.09375,193.531494140625,0.546164333820343,197.3027801513672,0.5357248187065125
2026-09-08T14:13:00.000+08:00,3524.381591796875,10.050463676452637,7.168510913848877,2829.5751953125,26.190940856933594,29.75,382.5,183.07699584960938,106.40899658203125,0.8769999742507935,59.959999084472656,154968.796875,204.23245239257812,0.5155889391899109,205.2607879638672,0.5130059123039246
2026-09-08T14:14:00.000+08:00,3531.93310546875,10.050036430358887,7.166341304779053,2806.617431640625,26.185131072998047,29.861328125,382.70001220703125,183.1540069580078,106.30500030517578,0.8759999871253967,59.95000076293945,154970.703125,203.57066345214844,0.5172650814056396,204.49388122558594,0.5149298310279846
2026-09-08T14:15:00.000+08:00,3499.326171875,10.06067943572998,7.170138835906982,2784.1943359375,26.20587158203125,29.861328125,382.3999938964844,183.51499938964844,106.55999755859375,0.8759999871253967,59.970001220703125,154972.40625,200.21421813964844,0.5264361500740051,196.2379913330078,0.5371029376983643
2026-09-08T14:16:00.000+08:00,3500.178466796875,10.114336967468262,7.17176628112793,2784.57275390625,26.214420318603516,29.84716796875,382.29998779296875,183.5019989013672,106.28600311279297,0.8730000257492065,59.939998626708984,154974.203125,197.8611297607422,0.5311806201934814,196.53465270996094,0.5347657799720764
2026-09-08T14:17:00.000+08:00,3496.04248046875,10.095965385437012,7.195963382720947,2790.78076171875,26.199153900146484,29.84765625,382.70001220703125,182.91400146484375,106.302001953125,0.8769999742507935,59.97999954223633,154975.90625,194.93556213378906,0.5401785373687744,202.6312255859375,0.5196632742881775
2026-09-08T14:18:00.000+08:00,3531.640380859375,10.082751274108887,7.201388835906982,2794.75537109375,26.178136825561523,29.81982421875,382.6000061035156,182.91900634765625,106.40699768066406,0.878000020980835,59.95000076293945,154977.703125,206.76158142089844,0.5097658634185791,201.44088745117188,0.5232304334640503
2026-09-08T14:19:00.000+08:00,3518.35400390625,10.113444328308105,7.231010913848877,2796.39404296875,26.207700729370117,29.7919921875,382.70001220703125,182.74000549316406,106.35800170898438,0.878000020980835,59.970001220703125,154979.40625,202.44471740722656,0.5206359624862671,202.43313598632812,0.5206657648086548
2026-09-08T14:20:00.000+08:00,3510.223876953125,10.130908012390137,7.201930999755859,2791.3037109375,26.24638557434082,29.806640625,382.8999938964844,182.8040008544922,106.28600311279297,0.8769999742507935,59.959999084472656,154981.203125,202.23233032226562,0.522171676158905,197.9966583251953,0.5333423614501953
2026-09-08T14:21:00.000+08:00,3486.542724609375,10.09730052947998,7.200846195220947,2790.358154296875,26.130229949951172,29.81982421875,382.79998779296875,182.2689971923828,106.32099914550781,0.8790000081062317,59.959999084472656,154983.09375,199.20542907714844,0.5296040177345276,201.64064025878906,0.5232080221176147
2026-09-08T14:22:00.000+08:00,3447.702880859375,10.1061429977417,7.200846195220947,2786.27490234375,26.236360549926758,29.81982421875,382.5,183.2010040283203,106.3949966430664,0.8769999742507935,59.95000076293945,154984.796875,199.3294677734375,0.5297761559486389,210.91758728027344,0.5006694793701172
2026-09-08T14:23:00.000+08:00,3509.4140625,10.121851921081543,7.233180999755859,2790.470947265625,26.26038932800293,29.9453125,382.5,185.0070037841797,107.55500030517578,0.8769999742507935,59.959999084472656,154986.59375,201.68328857421875,0.523887574672699,204.2794647216797,0.4988587200641632
2026-09-08T14:24:00.000+08:00,3538.021728515625,10.14636516571045,7.232096195220947,2815.191650390625,26.307939529418945,29.9033203125,382.6000061035156,185.60000610351562,107.93299865722656,0.878000020980835,59.959999084472656,154988.40625,206.12579345703125,0.5118233561515808,209.6738739013672,0.5031623244285583
2026-09-08T14:25:00.000+08:00,3440.629638671875,10.077296257019043,7.2337236404418945,2809.65966796875,26.336322784423828,29.931640625,382.5,185.65499877929688,107.64099884033203,0.875,59.959999084472656,154990.09375,194.69503784179688,0.5490638613700867,199.8280029296875,0.5349600315093994
2026-09-08T14:26:00.000+08:00,3549.704833984375,10.17773723602295,7.233180999755859,2802.77490234375,26.336322784423828,29.875,382.1000061035156,185.697998046875,107.89399719238281,0.878000020980835,59.95000076293945,154992.0,205.2534637451172,0.5203322768211365,199.94091796875,0.5388149619102478
2026-09-08T14:27:00.000+08:00,3542.285400390625,10.19520092010498,7.199760913848877,2780.989990234375,26.313196182250977,29.986328125,382.70001220703125,183.968994140625,106.91000366210938,0.8769999742507935,59.959999084472656,154993.796875,199.7918701171875,0.5350568294525146,199.62896728515625,0.5354934334754944
2026-09-08T14:28:00.000+08:00,3506.1416015625,10.188883781433105,7.2962236404418945,2805.463134765625,26.33104133605957,29.97265625,382.6000061035156,184.48599243164062,106.7969970703125,0.8740000128746033,59.95000076293945,154995.5,204.84149169921875,0.5218669176101685,196.9763641357422,0.542704701423645
2026-09-08T14:29:00.000+08:00,3490.03857421875,10.186144828796387,7.29676628112793,2796.89599609375,26.331436157226562,29.875,382.6000061035156,183.92999267578125,106.81700134277344,0.8759999871253967,59.970001220703125,154997.40625,207.42422485351562,0.5110299587249756,198.96766662597656,0.5327498912811279
2026-09-08T14:30:00.000+08:00,3560.92919921875,10.147982597351074,7.263888835906982,2803.218994140625,26.255815505981445,30.083984375,382.70001220703125,185.10499572753906,108.05899810791016,0.8809999823570251,59.959999084472656,154999.09375,203.8254852294922,0.5205433368682861,201.74742126464844,0.5259050726890564
2026-09-08T14:31:00.000+08:00,3503.0673828125,10.193453788757324,7.263346195220947,2814.00341796875,26.27984619140625,30.111328125,382.6000061035156,186.0229949951172,108.07499694824219,0.8759999871253967,59.959999084472656,155000.90625,199.8358154296875,0.5289341807365417,199.2609405517578,0.5304602384567261
2026-09-08T14:32:00.000+08:00,3473.3466796875,10.163874626159668,7.264430999755859,2809.711669921875,26.2661190032959,30.0,382.5,185.03900146484375,107.93299865722656,0.8799999952316284,59.939998626708984,155002.703125,200.47071838378906,0.5342426300048828,213.38351440429688,0.5019131898880005
2026-09-08T14:33:00.000+08:00,3506.05078125,10.169116020202637,7.261176109313965,2806.432861328125,26.35917091369629,29.9169921875,382.0,183.6529998779297,106.44400024414062,0.875,59.970001220703125,155004.59375,197.8667449951172,0.5402625799179077,210.4539337158203,0.5079496502876282
2026-09-08T14:34:00.000+08:00,3469.028076171875,10.162074089050293,7.262803554534912,2788.614013671875,26.313749313354492,29.95849609375,382.5,184.1199951171875,106.78700256347656,0.875,59.959999084472656,155006.296875,200.29083251953125,0.5352216958999634,211.94293212890625,0.5057965517044067
2026-09-08T14:35:00.000+08:00,3515.650390625,10.139796257019043,7.29296875,2792.860107421875,26.345422744750977,29.97265625,382.29998779296875,183.9250030517578,106.625,0.875,59.970001220703125,155008.0,202.84286499023438,0.5201070308685303,195.8534698486328,0.5386680364608765
2026-09-08T14:36:00.000+08:00,3487.859130859375,10.146838188171387,7.290798187255859,2793.306640625,26.34754753112793,29.9453125,382.29998779296875,183.0399932861328,106.27899932861328,0.8769999742507935,59.959999084472656,155009.90625,201.77037048339844,0.5238628387451172,200.63360595703125,0.5268309712409973
2026-09-08T14:37:00.000+08:00,3509.742431640625,10.085017204284668,7.26063346862793,2783.725830078125,26.371578216552734,29.91650390625,382.3999938964844,185.89500427246094,107.72000122070312,0.875,60.02000045776367,155011.59375,198.61740112304688,0.5321789383888245,199.31651306152344,0.5303122997283936
2026-09-08T14:38:00.000+08:00,3505.83251953125,10.140002250671387,7.259548187255859,2791.917236328125,26.364309310913086,29.9453125,383.0,185.4969940185547,107.83599853515625,0.8759999871253967,59.959999084472656,155013.40625,198.77944946289062,0.5307389497756958,197.02024841308594,0.5354779362678528
2026-09-08T14:39:00.000+08:00,3484.80615234375,10.0913724899292,7.228841304779053,2804.776611328125,26.359426498413086,29.958984375,382.70001220703125,185.14300537109375,107.76200103759766,0.8790000081062317,59.959999084472656,155015.203125,200.6755828857422,0.5327005982398987,197.27587890625,0.54188072681427
2026-09-08T14:40:00.000+08:00,3550.54638671875,10.136622428894043,7.201930999755859,2791.339111328125,26.316505432128906,29.97265625,381.3999938964844,183.96299743652344,106.33000183105469,0.8740000128746033,59.959999084472656,155017.0,208.87539672851562,0.5127458572387695,201.10865783691406,0.5325479507446289
2026-09-08T14:41:00.000+08:00,3484.40087890625,10.128252983093262,7.200303554534912,2819.446533203125,26.357402801513672,29.833984375,382.8999938964844,183.53900146484375,106.20999908447266,0.8730000257492065,59.959999084472656,155018.796875,197.9451904296875,0.5390380620956421,201.36390686035156,0.5298864245414734
2026-09-08T14:42:00.000+08:00,3470.87255859375,10.183924674987793,7.231010913848877,2857.256591796875,26.339988708496094,29.861328125,382.8999938964844,183.9739990234375,106.64099884033203,0.8740000128746033,59.959999084472656,155020.59375,206.07420349121094,0.5129220485687256,208.15248107910156,0.507800817489624
2026-09-08T14:43:00.000+08:00,3552.506591796875,10.13001537322998,7.200846195220947,2859.54345703125,26.263168334960938,29.875,383.20001220703125,184.78199768066406,107.55799865722656,0.8769999742507935,60.02000045776367,155022.40625,206.6569366455078,0.5105079412460327,194.3505401611328,0.5428335666656494
2026-09-08T14:44:00.000+08:00,3444.999755859375,10.128458976745605,7.17176628112793,2848.931640625,26.316505432128906,29.94482421875,383.1000061035156,184.98399353027344,107.66699981689453,0.8769999742507935,59.95000076293945,155024.203125,197.02943420410156,0.5364680886268616,199.04832458496094,0.5310268402099609
2026-09-08T14:45:00.000+08:00,3508.01513671875,10.083003044128418,7.232638835906982,2794.061279296875,26.33382225036621,29.875,382.79998779296875,185.9530029296875,107.83599853515625,0.875,59.97999954223633,155025.90625,203.87405395507812,0.5238528251647949,189.5789794921875,0.5633535981178284
2026-09-08T14:46:00.000+08:00,3542.9462890625,10.0982084274292,7.20301628112793,2787.807373046875,26.35917091369629,29.986328125,382.70001220703125,188.54800415039062,107.85700225830078,0.8619999885559082,59.959999084472656,155027.796875,206.4131622314453,0.5174088478088379,197.3817138671875,0.541083574295044
2026-09-08T14:47:00.000+08:00,3513.8447265625,10.12915325164795,7.201388835906982,2796.478271484375,26.323774337768555,29.958984375,382.6000061035156,188.67799377441406,107.75499725341797,0.8619999885559082,59.970001220703125,155029.59375,198.28114318847656,0.5381247997283936,197.60765075683594,0.5399588346481323
2026-09-08T14:48:00.000+08:00,3466.721435546875,10.112330436706543,7.201388835906982,2774.347900390625,26.3701229095459,29.9169921875,382.70001220703125,188.88499450683594,107.80599975585938,0.859000027179718,59.970001220703125,155031.40625,200.7971954345703,0.5313819050788879,198.69912719726562,0.5369927883148193
2026-09-08T14:49:00.000+08:00,3513.46142578125,10.075922966003418,7.22938346862793,2794.655029296875,26.368938446044922,29.986328125,382.5,188.08599853515625,107.71299743652344,0.8640000224113464,59.970001220703125,155033.09375,202.0030517578125,0.5287048816680908,201.0797882080078,0.5311324596405029
2026-09-08T14:50:00.000+08:00,3517.904541015625,10.122538566589355,7.200303554534912,2788.936767578125,26.25211524963379,30.056640625,382.8999938964844,188.40899658203125,107.72000122070312,0.8610000014305115,59.959999084472656,155034.796875,202.1285400390625,0.5268924832344055,211.64027404785156,0.5032123923301697
2026-09-08T14:51:00.000+08:00,3503.7060546875,10.114336967468262,7.17176628112793,2788.907958984375,26.25699806213379,30.09765625,382.5,188.29299926757812,107.50399780273438,0.8619999885559082,59.959999084472656,155036.796875,197.91763305664062,0.5396184325218201,200.16957092285156,0.5335476398468018
2026-09-08T14:52:00.000+08:00,3490.387451171875,10.084071159362793,7.200846195220947,2784.942138671875,26.261232376098633,30.083984375,382.70001220703125,188.7449951171875,107.80599975585938,0.8619999885559082,59.970001220703125,155038.59375,202.375244140625,0.5277325510978699,210.98089599609375,0.5062069892883301
2026-09-08T14:53:00.000+08:00,3455.25341796875,10.115450859069824,7.200303554534912,2804.609619140625,26.253314971923828,30.04150390625,382.5,188.7010040283203,107.71299743652344,0.8610000014305115,59.959999084472656,155040.40625,201.7322998046875,0.5299102067947388,200.09825134277344,0.5342375636100769
2026-09-08T14:54:00.000+08:00,3488.1708984375,10.114336967468262,7.16796875,2812.80712890625,26.375539779663086,30.0703125,382.6000061035156,189.44900512695312,107.77999877929688,0.8579999804496765,59.959999084472656,155042.09375,200.44435119628906,0.5323173403739929,208.82810974121094,0.5109465718269348
2026-09-08T14:55:00.000+08:00,3533.2587890625,10.058627128601074,7.137260913848877,2788.5869140625,26.36246109008789,29.97265625,382.79998779296875,191.15699768066406,108.84500122070312,0.8579999804496765,59.970001220703125,155043.90625,203.52947998046875,0.5242483615875244,211.19760131835938,0.5052140951156616
2026-09-08T14:56:00.000+08:00,3502.9736328125,10.051371574401855,7.168510913848877,2807.386474609375,26.359426498413086,29.88916015625,382.8999938964844,188.7429962158203,107.77999877929688,0.8610000014305115,59.959999084472656,155045.796875,200.77801513671875,0.5314326882362366,215.06915283203125,0.49611949920654297
2026-09-08T14:57:00.000+08:00,3458.550048828125,10.122538566589355,7.201930999755859,2792.4150390625,26.29180908203125,29.97265625,382.8999938964844,187.67599487304688,106.59500122070312,0.8579999804496765,59.959999084472656,155047.40625,195.47068786621094,0.5520009398460388,200.02268981933594,0.5394388437271118
2026-09-08T14:58:00.000+08:00,3506.140380859375,10.0820951461792,7.232638835906982,2805.48828125,26.21471405029297,29.806640625,382.70001220703125,187.04400634765625,106.5199966430664,0.8600000143051147,59.9900016784668,155049.296875,200.5494842529297,0.5354588031768799,198.2499542236328,0.536696195602417
2026-09-08T14:59:00.000+08:00,3560.248046875,10.101153373718262,7.232638835906982,2789.103271484375,26.241519927978516,29.75,382.70001220703125,187.83299255371094,106.6709976196289,0.8579999804496765,60.0099983215332,155051.0,204.6804962158203,0.5159260034561157,198.22476196289062,0.5327285528182983
2026-09-08T15:00:00.000+08:00,3563.920166015625,10.17798900604248,7.263346195220947,2792.86865234375,26.224740982055664,29.861328125,382.8999938964844,187.0919952392578,106.52999877929688,0.8579999804496765,59.970001220703125,155052.90625,202.1818389892578,0.5237859487533569,198.80502319335938,0.5326827168464661
2026-09-08T15:01:00.000+08:00,3483.86962890625,10.077975273132324,7.264430999755859,2813.08740234375,26.207700729370117,29.806640625,383.29998779296875,186.97000122070312,106.58499908447266,0.859000027179718,60.0099983215332,155054.59375,200.38966369628906,0.5284703969955444,199.50234985351562,0.5308207869529724
2026-09-08T15:02:00.000+08:00,3460.06689453125,10.124293327331543,7.201930999755859,2814.4775390625,26.208904266357422,29.833984375,383.3999938964844,187.06399536132812,106.4530029296875,0.8569999933242798,59.970001220703125,155056.40625,200.0960235595703,0.5287461280822754,199.80075073242188,0.5295275449752808
2026-09-08T15:03:00.000+08:00,3570.3095703125,10.177096366882324,7.259548187255859,2789.84814453125,26.234783172607422,29.76416015625,383.0,186.79600524902344,106.58100128173828,0.8600000143051147,59.97999954223633,155058.09375,199.23765563964844,0.5300202965736389,198.7254638671875,0.5313863158226013
2026-09-08T15:04:00.000+08:00,3494.19775390625,10.183924674987793,7.23046875,2800.882568359375,26.232402801513672,29.861328125,383.3999938964844,185.81100463867188,106.43900299072266,0.8619999885559082,59.970001220703125,155059.90625,202.60499572753906,0.5217047929763794,201.45640563964844,0.5246792435646057
2026-09-08T15:05:00.000+08:00,3525.7353515625,10.1852445602417,7.231010913848877,2816.13671875,26.217117309570312,29.7919921875,383.20001220703125,186.6020050048828,106.51599884033203,0.8600000143051147,60.0099983215332,155061.796875,203.84840393066406,0.5180320143699646,200.75877380371094,0.526004433631897
2026-09-08T15:06:00.000+08:00,3489.027587890625,10.08386516571045,7.233180999755859,2792.707275390625,26.202817916870117,29.84765625,383.1000061035156,186.92799377441406,106.76399993896484,0.8600000143051147,59.970001220703125,155063.5,199.1168975830078,0.5303417444229126,201.0313720703125,0.5252911448478699
2026-09-08T15:07:00.000+08:00,3491.91162109375,10.128252983093262,7.201388835906982,2787.3349609375,26.213788986206055,29.76416015625,382.70001220703125,186.92999267578125,106.61599731445312,0.8579999804496765,59.959999084472656,155065.296875,204.6806182861328,0.5178800225257874,197.70542907714844,0.5361511707305908
2026-09-08T15:08:00.000+08:00,3565.103271484375,10.08979320526123,7.201930999755859,2788.242431640625,26.160175323486328,29.861328125,383.3999938964844,186.0780029296875,106.4020004272461,0.8610000014305115,59.97999954223633,155067.0,201.64610290527344,0.5236897468566895,201.64031982421875,0.5237047672271729
2026-09-08T15:09:00.000+08:00,3511.192138671875,10.035914421081543,7.170680999755859,2795.5224609375,26.165037155151367,29.833984375,383.20001220703125,186.51199340820312,106.33999633789062,0.8600000143051147,59.959999084472656,155068.796875,203.9965057373047,0.5181461572647095,196.9270477294922,0.5367470383644104
2026-09-08T15:10:00.000+08:00,3507.55517578125,10.051371574401855,7.170138835906982,2798.8173828125,26.17841339111328,29.84765625,383.1000061035156,188.56199645996094,107.56400299072266,0.859000027179718,59.970001220703125,155070.703125,202.32545471191406,0.5209428668022156,199.46827697753906,0.5284048318862915
2026-09-08T15:11:00.000+08:00,3508.6318359375,10.081156730651855,7.170680999755859,2794.434814453125,26.215620040893555,29.861328125,383.1000061035156,188.1490020751953,107.62200164794922,0.8619999885559082,59.97999954223633,155072.40625,200.47772216796875,0.5257441997528076,201.99180603027344,0.5218033194541931
2026-09-08T15:12:00.000+08:00,3556.50830078125,10.025744438171387,7.169596195220947,2813.074462890625,26.28573989868164,29.9453125,383.1000061035156,188.3820037841797,107.74099731445312,0.8610000014305115,59.959999084472656,155074.203125,201.725830078125,0.528439998626709,205.13478088378906,0.5196583271026611
2026-09-08T15:13:00.000+08:00,3487.9462890625,10.027071952819824,7.169596195220947,2795.00048828125,26.292734146118164,29.94482421875,382.8999938964844,188.13400268554688,107.46900177001953,0.8610000014305115,59.97999954223633,155076.0,203.5001983642578,0.5253066420555115,202.1772918701172,0.5287438631057739
2026-09-08T15:14:00.000+08:00,3514.90185546875,10.122714042663574,7.169053554534912,2776.077392578125,26.321666717529297,29.94482421875,383.1000061035156,188.77200317382812,107.8290023803711,0.8610000014305115,59.9900016784668,155077.796875,199.18772888183594,0.5366796255111694,201.57215881347656,0.5303311944007874
2026-09-08T15:15:00.000+08:00,3525.469970703125,10.080950736999512,7.200846195220947,2805.4609375,26.323244094848633,29.958984375,383.20001220703125,188.40699768066406,107.6709976196289,0.8619999885559082,60.0099983215332,155079.5,206.87106323242188,0.516746997833252,205.36375427246094,0.5205397605895996
2026-09-08T15:16:00.000+08:00,3525.169921875,10.082064628601074,7.170138835906982,2809.146240234375,26.372228622436523,29.9453125,383.5,189.61599731445312,108.63600158691406,0.8619999885559082,59.97999954223633,155081.40625,207.47679138183594,0.5147563815116882,198.1703643798828,0.5389302372932434
2026-09-08T15:17:00.000+08:00,3551.39892578125,10.083392143249512,7.169053554534912,2815.773193359375,26.284988403320312,30.0703125,383.1000061035156,189.71600341796875,108.77799987792969,0.8640000224113464,59.970001220703125,155083.203125,207.49859619140625,0.5137384533882141,200.57760620117188,0.5314651131629944
2026-09-08T15:18:00.000+08:00,3531.354736328125,10.043597221374512,7.139430999755859,2802.627685546875,26.258201599121094,30.013671875,383.20001220703125,189.98399353027344,108.75700378417969,0.8619999885559082,60.0099983215332,155085.09375,204.02822875976562,0.5278680920600891,200.2110595703125,0.5379323363304138
2026-09-08T15:19:00.000+08:00,3528.175537109375,10.056864738464355,7.138888835906982,2784.72119140625,26.305728912353516,30.111328125,381.79998779296875,190.4459991455078,108.66000366210938,0.8610000014305115,59.970001220703125,155086.796875,206.55873107910156,0.5209172368049622,207.64830017089844,0.5181838870048523
2026-09-08T15:20:00.000+08:00,3524.341796875,10.017550468444824,7.138346195220947,2784.781982421875,26.41977882385254,30.0,382.70001220703125,189.82400512695312,108.53399658203125,0.8619999885559082,59.970001220703125,155088.59375,203.0804443359375,0.5303317308425903,195.3086700439453,0.5514348149299622
2026-09-08T15:21:00.000+08:00,3466.095947265625,10.01269817352295,7.14051628112793,2789.71240234375,26.449359893798828,30.08349609375,382.79998779296875,189.8470001220703,108.56199645996094,0.8619999885559082,60.0099983215332,155090.40625,200.202880859375,0.5379543304443359,207.24537658691406,0.5196738243103027
2026-09-08T15:22:00.000+08:00,3438.45703125,10.042277336120605,7.134548187255859,2786.718505859375,26.460567474365234,30.0703125,382.79998779296875,189.38800048828125,108.53900146484375,0.8640000224113464,60.0,155092.296875,196.4285888671875,0.547781765460968,202.60096740722656,0.5310932397842407
2026-09-08T15:23:00.000+08:00,3494.489013671875,10.065020561218262,7.132920742034912,2804.337646484375,26.471519470214844,30.02783203125,382.6000061035156,189.41200256347656,108.43900299072266,0.8640000224113464,59.9900016784668,155094.09375,201.2633819580078,0.5356165170669556,202.2088165283203,0.5331122875213623
2026-09-08T15:24:00.000+08:00,3437.365234375,10.074725151062012,7.107096195220947,2793.215087890625,26.463090896606445,30.01416015625,382.3999938964844,190.0449981689453,108.47899627685547,0.8610000014305115,59.970001220703125,155095.796875,198.31166076660156,0.542076051235199,202.73397827148438,0.5302515029907227
2026-09-08T15:25:00.000+08:00,3488.466552734375,10.009562492370605,7.135091304779053,2801.935546875,26.48221778869629,30.056640625,382.29998779296875,190.14500427246094,108.4229965209961,0.8629999756813049,59.9900016784668,155097.703125,200.6680450439453,0.5352122783660889,197.7091064453125,0.5432223081588745
2026-09-08T15:26:00.000+08:00,3535.697021484375,9.955477714538574,7.137803554534912,2757.922119140625,26.476837158203125,30.0,382.5,189.63499450683594,108.58300018310547,0.8619999885559082,59.970001220703125,155099.5,204.10888671875,0.52569979429245,194.85110473632812,0.5506768822669983
2026-09-08T15:27:00.000+08:00,3442.66455078125,10.025057792663574,7.136176109313965,2809.39599609375,26.496889114379883,30.013671875,383.0,189.66700744628906,108.61799621582031,0.8640000224113464,59.970001220703125,155101.296875,202.26634216308594,0.5299942493438721,200.5618896484375,0.534498393535614
2026-09-08T15:28:00.000+08:00,3462.876708984375,10.049357414245605,7.138888835906982,2811.81640625,26.468231201171875,30.0,382.70001220703125,190.0050048828125,108.62200164794922,0.8619999885559082,59.9900016784668,155103.0,194.2913360595703,0.5543221831321716,196.556884765625,0.5479329824447632
2026-09-08T15:29:00.000+08:00,3480.8427734375,10.01313304901123,7.1399736404418945,2772.009521484375,26.478256225585938,30.0283203125,382.70001220703125,189.7969970703125,108.8219985961914,0.8650000095367432,60.0,155104.90625,201.6533966064453,0.5325970649719238,209.63534545898438,0.5123181939125061
2026-09-08T15:30:00.000+08:00,3505.830810546875,10.019091606140137,7.170138835906982,2805.415771484375,26.47429847717285,30.0,382.79998779296875,189.447998046875,108.33000183105469,0.8619999885559082,60.0,155106.796875,201.2691650390625,0.5341106057167053,196.18495178222656,0.5479522943496704
2026-09-08T15:31:00.000+08:00,3523.18798828125,10.074114799499512,7.168510913848877,2786.5810546875,26.38471221923828,30.19482421875,382.70001220703125,189.05599975585938,108.38999938964844,0.8650000095367432,59.970001220703125,155108.5,204.1485137939453,0.5265774130821228,196.2801971435547,0.5476864576339722
2026-09-08T15:32:00.000+08:00,3419.1328125,10.050005912780762,7.107638835906982,2799.5810546875,26.412683486938477,30.20849609375,383.0,191.12600708007812,109.86100006103516,0.8659999966621399,59.97999954223633,155110.40625,195.576416015625,0.5517024993896484,200.17079162597656,0.539039671421051
2026-09-08T15:33:00.000+08:00,3505.21533203125,10.057948112487793,7.106553554534912,2795.0,26.41175651550293,30.1953125,383.0,191.3280029296875,109.59700012207031,0.8640000224113464,59.970001220703125,155112.09375,199.4349365234375,0.5390229225158691,197.4616241455078,0.5444095730781555
2026-09-08T15:34:00.000+08:00,3473.755126953125,9.987025260925293,7.103298187255859,2790.302490234375,26.49570655822754,30.08349609375,383.0,188.7469940185547,108.30899810791016,0.8650000095367432,59.9900016784668,155113.90625,202.79847717285156,0.536493182182312,210.147705078125,0.5177310705184937
2026-09-08T15:35:00.000+08:00,3482.740478515625,9.986605644226074,7.106553554534912,2796.979248046875,26.461240768432617,30.056640625,382.6000061035156,188.67799377441406,108.32099914550781,0.8659999966621399,59.9900016784668,155115.796875,202.10894775390625,0.5373339653015137,211.0386962890625,0.5145975351333618
2026-09-08T15:36:00.000+08:00,3537.636962890625,10.046442985534668,7.106010913848877,2802.11767578125,26.462421417236328,30.08349609375,383.20001220703125,189.19900512695312,108.34600067138672,0.8629999756813049,60.02000045776367,155117.5,203.80340576171875,0.5264877676963806,212.56838989257812,0.5047786831855774
2026-09-08T15:37:00.000+08:00,3466.869384765625,10.048930168151855,7.137803554534912,2799.051025390625,26.452396392822266,30.0703125,382.79998779296875,189.3679962158203,108.6780014038086,0.8650000095367432,59.9900016784668,155119.5,195.95150756835938,0.5475844740867615,199.6249542236328,0.537507951259613
2026-09-08T15:38:00.000+08:00,3455.05078125,10.017550468444824,7.138888835906982,2796.372802734375,26.44818115234375,30.0703125,383.6000061035156,189.17100524902344,108.58100128173828,0.8640000224113464,60.0099983215332,155121.203125,200.54747009277344,0.5370299816131592,199.8289031982422,0.5389611124992371
2026-09-08T15:39:00.000+08:00,3504.766845703125,10.027728080749512,7.134548187255859,2812.51171875,26.458459854125977,30.111328125,383.20001220703125,189.37600708007812,108.44100189208984,0.8650000095367432,59.959999084472656,155123.0,202.43650817871094,0.5320186614990234,201.33364868164062,0.5349329710006714
2026-09-08T15:40:00.000+08:00,3478.413330078125,10.031245231628418,7.138888835906982,2771.1884765625,26.481054306030273,30.09765625,383.5,189.9320068359375,108.55999755859375,0.8610000014305115,59.9900016784668,155124.796875,199.40562438964844,0.5411081314086914,201.34889221191406,0.535885751247406
2026-09-08T15:41:00.000+08:00,3480.985107421875,10.056178092956543,7.107638835906982,2815.101806640625,26.423736572265625,30.06982421875,383.29998779296875,189.4530029296875,108.41799926757812,0.8619999885559082,59.970001220703125,155126.59375,200.82821655273438,0.5362792015075684,204.03126525878906,0.5278602838516235
2026-09-08T15:42:00.000+08:00,3449.839111328125,10.01269817352295,7.1399736404418945,2790.702392578125,26.45214080810547,30.01416015625,383.6000061035156,189.81199645996094,108.53900146484375,0.8619999885559082,60.0099983215332,155128.40625,200.56495666503906,0.5354873538017273,206.35044860839844,0.5204737782478333
2026-09-08T15:43:00.000+08:00,3497.593017578125,10.040507316589355,7.1399736404418945,2798.0927734375,26.457279205322266,30.0419921875,383.20001220703125,189.19500732421875,108.48600006103516,0.8619999885559082,59.97999954223633,155130.296875,199.02613830566406,0.5396276116371155,202.8616943359375,0.5294247269630432
2026-09-08T15:44:00.000+08:00,3443.369873046875,10.065020561218262,7.10546875,2783.84814453125,26.45913314819336,30.0,383.5,189.59800720214844,108.38999938964844,0.8610000014305115,60.0099983215332,155132.09375,201.5671844482422,0.5333209037780762,196.0040283203125,0.5484580993652344
2026-09-08T15:45:00.000+08:00,3388.157958984375,9.986605644226074,7.107096195220947,2793.5869140625,26.451213836669922,30.056640625,383.5,189.9499969482422,108.61299896240234,0.8610000014305115,59.970001220703125,155133.796875,195.59588623046875,0.55011385679245,198.57737731933594,0.5418542623519897
2026-09-08T15:46:00.000+08:00,3471.19140625,10.030993461608887,7.104926109313965,2812.57275390625,26.44538116455078,30.06982421875,383.8999938964844,188.9709930419922,108.41400146484375,0.8619999885559082,60.02000045776367,155135.703125,203.83236694335938,0.5278847813606262,197.6592559814453,0.5443711876869202
2026-09-08T15:47:00.000+08:00,3465.798828125,9.977763175964355,7.106553554534912,2815.63623046875,26.452396392822266,30.083984375,383.3999938964844,189.14100646972656,108.30500030517578,0.8629999756813049,59.970001220703125,155137.5,198.0115203857422,0.5434027314186096,201.41964721679688,0.5342080593109131
2026-09-08T15:48:00.000+08:00,3404.893798828125,9.984835624694824,7.108180999755859,2809.476806640625,26.288434982299805,30.013671875,383.79998779296875,188.92100524902344,108.5989990234375,0.8629999756813049,60.02000045776367,155139.203125,197.6771697998047,0.5443218350410461,202.03904724121094,0.5325703024864197
2026-09-08T15:49:00.000+08:00,3451.810546875,9.976901054382324,7.103841304779053,2788.99609375,26.409732818603516,30.111328125,383.79998779296875,189.4459991455078,108.52300262451172,0.8619999885559082,60.0,155141.09375,201.69078063964844,0.5344815254211426,202.00282287597656,0.5336559414863586
2026-09-08T15:50:00.000+08:00,3422.853515625,10.016818046569824,7.106010913848877,2787.50537109375,26.433504104614258,30.06982421875,383.70001220703125,189.47799682617188,108.48100280761719,0.8619999885559082,60.0099983215332,155142.90625,194.47657775878906,0.5522515773773193,208.32334899902344,0.5155447125434875
2026-09-08T15:51:00.000+08:00,3508.505859375,9.955653190612793,7.108180999755859,2800.719970703125,26.412508010864258,30.0703125,383.5,189.29800415039062,108.5459976196289,0.8629999756813049,59.97999954223633,155144.59375,200.00253295898438,0.5384931564331055,204.93690490722656,0.5255275964736938
2026-09-08T15:52:00.000+08:00,3460.33984375,10.025057792663574,7.1399736404418945,2799.75048828125,26.291074752807617,30.111328125,383.8999938964844,189.5290069580078,108.3949966430664,0.8600000143051147,60.02000045776367,155146.5,199.70736694335938,0.5382876396179199,203.62100219726562,0.5279415845870972
2026-09-08T15:53:00.000+08:00,3459.01806640625,9.970683097839355,7.107096195220947,2801.305419921875,26.434688568115234,30.111328125,384.29998779296875,189.1529998779297,108.45999908447266,0.8619999885559082,60.0,155148.40625,205.0640869140625,0.5222757458686829,205.02151489257812,0.5223842263221741
2026-09-08T15:54:00.000+08:00,3482.627197265625,9.970683097839355,7.1087236404418945,2801.894775390625,26.421628952026367,30.0,383.70001220703125,189.24400329589844,108.4000015258789,0.8610000014305115,59.97999954223633,155150.203125,199.55447387695312,0.5381988883018494,206.77171325683594,0.519413411617279
2026-09-08T15:55:00.000+08:00,3536.0419921875,10.064562797546387,7.108180999755859,2791.106689453125,26.431398391723633,30.02783203125,384.1000061035156,189.08799743652344,108.36699676513672,0.8610000014305115,60.0099983215332,155151.90625,200.90762329101562,0.534574031829834,203.60858154296875,0.5274826884269714
2026-09-08T15:56:00.000+08:00,3450.173828125,9.977763175964355,7.10546875,2801.658203125,26.429548263549805,30.09765625,383.8999938964844,189.12100219726562,108.46900177001953,0.8629999756813049,60.02000045776367,155153.703125,195.91741943359375,0.5481901168823242,204.14854431152344,0.5260875225067139
2026-09-08T15:57:00.000+08:00,3528.420166015625,9.994112968444824,7.109808921813965,2773.772216796875,26.406700134277344,30.08349609375,384.0,189.2239990234375,108.46900177001953,0.8619999885559082,59.97999954223633,155155.5,205.68894958496094,0.5240923166275024,198.16189575195312,0.5439996123313904
2026-09-08T15:58:00.000+08:00,3440.037841796875,10.063700675964355,7.106010913848877,2787.950927734375,26.44538116455078,30.013671875,383.79998779296875,189.343994140625,108.23500061035156,0.8600000143051147,59.9900016784668,155157.296875,196.1675567626953,0.5495302081108093,202.84556579589844,0.5314387679100037
2026-09-08T15:59:00.000+08:00,3487.2099609375,10.072062492370605,7.108180999755859,2804.796630859375,26.474040985107422,30.0283203125,383.79998779296875,189.50999450683594,108.44100189208984,0.8600000143051147,60.029998779296875,155159.203125,199.56655883789062,0.5391684770584106,204.61595153808594,0.5258631706237793
2026-09-08T16:00:00.000+08:00,3529.307373046875,10.072062492370605,7.108180999755859,2794.093994140625,26.487789154052734,30.06982421875,383.8999938964844,190.86199951171875,109.54299926757812,0.8629999756813049,60.040000915527344,155161.0,201.56446838378906,0.5338242053985596,198.74876403808594,0.5413870215415955
2026-09-08T16:01:00.000+08:00,3456.04248046875,10.07386302947998,7.104926109313965,2814.947998046875,26.5441837310791,30.181640625,384.29998779296875,190.80599975585938,109.56900024414062,0.8640000224113464,60.0099983215332,155162.90625,197.9029083251953,0.5457221865653992,201.86129760742188,0.5350208282470703
2026-09-08T16:02:00.000+08:00,3499.64453125,10.065020561218262,7.10438346862793,2812.085205078125,26.601991653442383,30.22216796875,384.3999938964844,190.59300231933594,109.57099914550781,0.8629999756813049,60.029998779296875,155164.59375,205.80380249023438,0.5272011160850525,208.3877716064453,0.5206639766693115
2026-09-08T16:03:00.000+08:00,3418.687255859375,10.040263175964355,7.10438346862793,2809.07958984375,26.50752067565918,30.2919921875,384.3999938964844,191.0679931640625,109.64800262451172,0.8619999885559082,60.029998779296875,155166.5,198.7152099609375,0.5470139980316162,200.37803649902344,0.542474627494812
2026-09-08T16:04:00.000+08:00,3508.05224609375,10.025485038757324,7.137803554534912,2785.107421875,26.5166015625,30.25,384.0,190.36099243164062,109.30000305175781,0.8619999885559082,60.040000915527344,155168.296875,200.7238311767578,0.5410418510437012,199.78929138183594,0.5435726642608643
2026-09-08T16:05:00.000+08:00,3470.97509765625,10.050257682800293,7.138346195220947,2776.90478515625,26.517526626586914,30.25,384.20001220703125,191.06199645996094,109.61299896240234,0.8619999885559082,60.040000915527344,155170.09375,202.04339599609375,0.5360234379768372,197.99066162109375,0.5469954609870911
2026-09-08T16:06:00.000+08:00,3514.9521484375,10.025485038757324,7.1399736404418945,2814.68994140625,26.532440185546875,30.361328125,384.20001220703125,190.6750030517578,109.5270004272461,0.8629999756813049,60.029998779296875,155171.90625,202.93307495117188,0.5356445908546448,211.93157958984375,0.5129014253616333
2026-09-08T16:07:00.000+08:00,3468.805419921875,10.043169975280762,7.14051628112793,2795.33984375,26.68213653564453,30.361328125,384.3999938964844,190.71499633789062,109.43699645996094,0.8629999756813049,60.040000915527344,155173.796875,198.7256317138672,0.5469852685928345,206.91033935546875,0.5253483653068542
2026-09-08T16:08:00.000+08:00,3474.323974609375,10.040263175964355,7.106010913848877,2805.299560546875,26.707782745361328,30.34765625,384.20001220703125,192.29600524902344,110.6760025024414,0.8640000224113464,60.040000915527344,155175.59375,200.12747192382812,0.5431538224220276,213.84413146972656,0.5083141326904297
2026-09-08T16:09:00.000+08:00,3442.3349609375,10.061251640319824,7.076388835906982,2812.397705078125,26.715486526489258,30.361328125,384.5,192.4969940185547,110.70800018310547,0.8629999756813049,60.02000045776367,155177.40625,198.25172424316406,0.5477884411811829,205.3041534423828,0.528971254825592
2026-09-08T16:10:00.000+08:00,3496.2822265625,9.977931022644043,7.07313346862793,2808.43359375,26.646385192871094,30.4169921875,383.6000061035156,192.08099365234375,110.5250015258789,0.8629999756813049,60.029998779296875,155179.203125,202.44076538085938,0.542874813079834,203.25291442871094,0.5407056212425232
2026-09-08T16:11:00.000+08:00,3451.66455078125,10.001803398132324,7.07313346862793,2796.11572265625,26.63939094543457,30.486328125,384.6000061035156,192.27499389648438,110.63200378417969,0.8640000224113464,60.029998779296875,155181.09375,205.05003356933594,0.5349913835525513,201.42613220214844,0.5446165204048157
2026-09-08T16:12:00.000+08:00,3510.429443359375,9.953204154968262,7.07801628112793,2786.94677734375,26.820587158203125,30.41650390625,384.70001220703125,194.02699279785156,111.60800170898438,0.8629999756813049,60.029998779296875,155183.0,204.243896484375,0.5380821824073792,210.67282104492188,0.5216619968414307
2026-09-08T16:13:00.000+08:00,3424.9033203125,10.001978874206543,7.045138835906982,2796.31640625,26.66994285583496,30.4453125,384.70001220703125,194.35699462890625,111.9010009765625,0.8640000224113464,60.02000045776367,155184.90625,199.4429473876953,0.5500319600105286,213.43714904785156,0.5139686465263367
2026-09-08T16:14:00.000+08:00,3488.005615234375,9.970683097839355,7.107096195220947,2814.331787109375,26.81944465637207,30.375,384.8999938964844,191.9499969482422,110.6449966430664,0.8650000095367432,60.02000045776367,155186.703125,199.57691955566406,0.5551744103431702,203.07643127441406,0.5456073880195618
2026-09-08T16:15:00.000+08:00,3512.166259765625,10.009783744812012,7.076930999755859,2809.355712890625,26.81475830078125,30.40283203125,384.8999938964844,193.91900634765625,111.87000274658203,0.8650000095367432,60.02000045776367,155188.5,206.0494842529297,0.5401615500450134,208.1024627685547,0.5348326563835144
2026-09-08T16:16:00.000+08:00,3453.32373046875,9.999186515808105,7.078558921813965,2797.800537109375,26.838512420654297,30.458984375,385.1000061035156,194.36700439453125,112.13300323486328,0.8650000095367432,60.029998779296875,155190.5,197.22445678710938,0.5567260980606079,198.42276000976562,0.5533639192581177
2026-09-08T16:17:00.000+08:00,3450.5751953125,10.000041007995605,7.076930999755859,2814.653076171875,26.865299224853516,30.458984375,384.6000061035156,194.1009979248047,112.00299835205078,0.8650000095367432,59.97999954223633,155192.296875,195.37985229492188,0.5614703893661499,202.5570068359375,0.5415759086608887
2026-09-08T16:18:00.000+08:00,3442.2529296875,9.975054740905762,7.04676628112793,2805.74267578125,26.775970458984375,30.5703125,384.8999938964844,193.71099853515625,111.74500274658203,0.8659999966621399,60.029998779296875,155194.203125,202.2229766845703,0.5484045743942261,202.63525390625,0.5472887754440308
2026-09-08T16:19:00.000+08:00,3435.782958984375,9.974627494812012,7.045138835906982,2799.021240234375,26.752195358276367,30.611328125,384.79998779296875,193.80099487304688,111.58999633789062,0.8640000224113464,60.0099983215332,155196.09375,196.78054809570312,0.5625556111335754,198.8994598388672,0.556562602519989
2026-09-08T16:20:00.000+08:00,3445.22265625,9.920252799987793,7.01551628112793,2787.87451171875,26.841543197631836,30.375,384.70001220703125,193.8000030517578,111.53199768066406,0.8640000224113464,59.970001220703125,155197.90625,200.1124725341797,0.5521894693374634,209.55918884277344,0.52729731798172
2026-09-08T16:21:00.000+08:00,3517.6982421875,9.942713737487793,6.950846195220947,2789.45703125,26.84059715270996,30.44482421875,384.5,193.7310028076172,111.62899780273438,0.8650000095367432,59.97999954223633,155199.703125,204.56307983398438,0.5401756763458252,194.02859497070312,0.569503664970398
2026-09-08T16:22:00.000+08:00,3419.925048828125,9.91938304901123,7.014430999755859,2785.457275390625,26.845504760742188,30.458984375,384.29998779296875,193.13699340820312,111.30400085449219,0.8650000095367432,59.959999084472656,155201.5,197.10243225097656,0.5611295700073242,199.1421661376953,0.5553821325302124
2026-09-08T16:23:00.000+08:00,3434.585693359375,9.905657768249512,7.012260913848877,2795.367919921875,26.76596450805664,30.5419921875,384.5,195.80499267578125,112.75900268554688,0.8650000095367432,60.02000045776367,155203.5,198.9602813720703,0.5563924312591553,202.00181579589844,0.5480148792266846
2026-09-08T16:24:00.000+08:00,3492.409912109375,9.917811393737793,6.9837236404418945,2789.336669921875,26.825565338134766,30.56982421875,384.6000061035156,195.2830047607422,112.59400177001953,0.8659999966621399,59.970001220703125,155205.40625,203.00833129882812,0.5452978014945984,200.79295349121094,0.5513141751289368
2026-09-08T16:25:00.000+08:00,3445.09130859375,9.94806957244873,6.951930999755859,2787.44189453125,26.796710968017578,30.583984375,384.29998779296875,195.82699584960938,112.73100280761719,0.8650000095367432,59.959999084472656,155207.203125,197.66644287109375,0.5645874738693237,211.572509765625,0.5274787545204163
2026-09-08T16:26:00.000+08:00,3420.391845703125,9.935442924499512,6.977213382720947,2801.845703125,26.948497772216797,30.56982421875,384.6000061035156,195.17799377441406,112.68000030517578,0.8659999966621399,60.0099983215332,155209.09375,199.12123107910156,0.5614669919013977,208.6130828857422,0.5359203815460205
2026-09-08T16:27:00.000+08:00,3442.0,9.9120512008667,6.97938346862793,2790.055419921875,26.81538200378418,30.5,384.29998779296875,195.71200561523438,112.64099884033203,0.8650000095367432,59.97999954223633,155210.90625,204.1619873046875,0.5476043820381165,202.03213500976562,0.5533773303031921
2026-09-08T16:28:00.000+08:00,3452.6943359375,9.92682933807373,6.949760913848877,2791.60791015625,26.803504943847656,30.611328125,384.20001220703125,196.302001953125,112.8030014038086,0.8629999756813049,59.9900016784668,155212.796875,202.0595703125,0.5528072714805603,200.5814208984375,0.5568811297416687
2026-09-08T16:29:00.000+08:00,3403.2607421875,9.893977165222168,6.982638835906982,2789.548583984375,26.79556655883789,30.59716796875,384.20001220703125,195.98599243164062,112.6240005493164,0.8640000224113464,59.970001220703125,155214.703125,198.4767608642578,0.563793957233429,207.71890258789062,0.5387088060379028
2026-09-08T16:30:00.000+08:00,3417.785888671875,9.91071605682373,6.983180999755859,2796.850830078125,26.823694229125977,30.5,384.70001220703125,195.98500061035156,112.76599884033203,0.8640000224113464,59.97999954223633,155216.59375,198.430419921875,0.5644295811653137,211.51727294921875,0.529507577419281
2026-09-08T16:31:00.000+08:00,3460.919677734375,9.932185173034668,6.949760913848877,2812.1611328125,26.9564151763916,30.556640625,384.5,195.7010040283203,112.61699676513672,0.8640000224113464,59.970001220703125,155218.5,200.5370635986328,0.559497594833374,211.23745727539062,0.5311558246612549
2026-09-08T16:32:00.000+08:00,3448.1533203125,9.87140941619873,6.951930999755859,2794.478271484375,26.8193416595459,30.583984375,384.8999938964844,195.19200134277344,112.4990005493164,0.8640000224113464,60.02000045776367,155220.296875,199.7754669189453,0.5601288676261902,206.013427734375,0.5431684851646423
2026-09-08T16:33:00.000+08:00,3385.066162109375,9.849261283874512,6.949760913848877,2808.56103515625,26.957359313964844,30.5703125,384.8999938964844,195.39999389648438,112.46399688720703,0.8640000224113464,59.97999954223633,155222.203125,200.31118774414062,0.5556354522705078,200.6236572265625,0.5547700524330139
2026-09-08T16:34:00.000+08:00,3507.52978515625,9.878657341003418,6.919596195220947,2805.0263671875,26.798776626586914,30.5,384.79998779296875,195.22799682617188,112.43900299072266,0.8640000224113464,60.0,155224.09375,203.7082977294922,0.5473513007164001,209.35421752929688,0.5325901508331299
2026-09-08T16:35:00.000+08:00,3415.034423828125,9.846819877624512,6.920680999755859,2813.297607421875,26.814435958862305,30.59765625,384.79998779296875,195.39100646972656,112.3550033569336,0.8640000224113464,60.0099983215332,155226.0,196.57603454589844,0.5661931037902832,202.72019958496094,0.5490326285362244
2026-09-08T16:36:00.000+08:00,3444.235107421875,9.875903129577637,6.9524736404418945,2797.8515625,26.771066665649414,30.556640625,385.1000061035156,194.7270050048828,112.53199768066406,0.8659999966621399,60.0099983215332,155227.90625,202.64083862304688,0.5497410893440247,205.46533203125,0.5421839356422424
2026-09-08T16:37:00.000+08:00,3436.930419921875,9.873988151550293,6.949760913848877,2796.568603515625,26.805768966674805,30.5,385.20001220703125,195.70899963378906,112.63099670410156,0.8610000014305115,60.02000045776367,155229.796875,200.69337463378906,0.5560721755027771,209.38189697265625,0.5329973697662354
2026-09-08T16:38:00.000+08:00,3501.121337890625,9.83118724822998,6.948676109313965,2805.39111328125,26.817646026611328,30.5703125,385.29998779296875,195.23300170898438,112.44999694824219,0.8629999756813049,59.970001220703125,155231.5,197.777099609375,0.5637659430503845,209.66502380371094,0.5318006277084351
2026-09-08T16:39:00.000+08:00,3379.382568359375,9.88617992401123,6.920138835906982,2795.60595703125,26.777841567993164,30.556640625,385.20001220703125,195.01499938964844,112.4020004272461,0.8640000224113464,60.0099983215332,155233.40625,191.0392303466797,0.583649754524231,209.06849670410156,0.533318042755127
2026-09-08T16:40:00.000+08:00,3484.43212890625,9.86145305633545,6.920138835906982,2770.63037109375,26.788990020751953,30.5283203125,385.1000061035156,196.0449981689453,113.572998046875,0.8669999837875366,59.970001220703125,155235.296875,199.96995544433594,0.5560835599899292,204.62249755859375,0.5434397459030151
2026-09-08T16:41:00.000+08:00,3448.40185546875,9.846674919128418,6.95301628112793,2799.764404296875,26.79066276550293,30.51416015625,384.8999938964844,194.8769989013672,112.38999938964844,0.8650000095367432,59.9900016784668,155237.203125,197.52439880371094,0.5639809370040894,207.41233825683594,0.5370943546295166
2026-09-08T16:42:00.000+08:00,3474.35595703125,9.87140941619873,6.951930999755859,2794.275634765625,26.771066665649414,30.583984375,385.3999938964844,194.822998046875,112.322998046875,0.8629999756813049,59.970001220703125,155239.203125,203.5095672607422,0.5537822842597961,206.99229431152344,0.5444647073745728
2026-09-08T16:43:00.000+08:00,3370.068603515625,9.876940727233887,6.918510913848877,2812.71240234375,26.754283905029297,30.583984375,385.1000061035156,194.17100524902344,111.99600219726562,0.8650000095367432,60.0099983215332,155241.0,193.48826599121094,0.5757454633712769,207.7997283935547,0.5360931158065796
2026-09-08T16:44:00.000+08:00,3456.979248046875,9.859293937683105,6.919596195220947,2775.832275390625,26.758970260620117,30.611328125,385.20001220703125,194.73399353027344,112.31099700927734,0.8640000224113464,59.970001220703125,155242.796875,197.66050720214844,0.5635926127433777,209.33523559570312,0.532160758972168
2026-09-08T16:45:00.000+08:00,3467.33642578125,9.797839164733887,6.888346195220947,2790.55908203125,26.86228370666504,30.44482421875,384.3999938964844,194.41400146484375,112.40399932861328,0.8640000224113464,59.970001220703125,155244.59375,203.52879333496094,0.5468513369560242,207.38250732421875,0.5366894006729126
2026-09-08T16:46:00.000+08:00,3497.69384765625,9.804614067077637,6.857638835906982,2799.017822265625,26.82682991027832,30.47265625,385.0,194.99600219726562,112.13700103759766,0.8629999756813049,59.9900016784668,155246.59375,198.07701110839844,0.5613977909088135,194.75718688964844,0.5709673762321472
2026-09-08T16:47:00.000+08:00,3464.11474609375,9.7811918258667,6.8603515625,2794.544921875,26.83758544921875,30.486328125,384.8999938964844,190.2169952392578,111.86299896240234,0.8820000290870667,59.9900016784668,155248.5,200.2181854248047,0.556892454624176,201.32980346679688,0.5538176894187927
2026-09-08T16:48:00.000+08:00,3422.962646484375,9.727099418640137,6.857638835906982,2797.10595703125,26.692771911621094,30.4453125,385.20001220703125,190.6820068359375,112.13999938964844,0.8809999823570251,59.970001220703125,155250.203125,198.97250366210938,0.5583686232566833,200.86996459960938,0.5530941486358643
2026-09-08T16:49:00.000+08:00,3381.64990234375,9.725085258483887,6.82801628112793,2787.009765625,26.658044815063477,30.44482421875,385.1000061035156,190.09500122070312,111.88200378417969,0.8820000290870667,60.0099983215332,155252.203125,195.97698974609375,0.566903293132782,200.63072204589844,0.553753674030304
2026-09-08T16:50:00.000+08:00,3449.811767578125,9.742289543151855,6.82801628112793,2810.962158203125,26.62729835510254,30.47265625,385.0,190.34100341796875,111.96800231933594,0.8820000290870667,59.970001220703125,155254.0,195.2833251953125,0.5694290399551392,211.75811767578125,0.5251274108886719
2026-09-08T16:51:00.000+08:00,3428.249755859375,9.756213188171387,6.793510913848877,2786.30908203125,26.72385597229004,30.26416015625,385.20001220703125,189.6300048828125,111.91699981689453,0.8840000033378601,60.02000045776367,155256.0,198.21702575683594,0.5604967474937439,209.34754943847656,0.530696451663971
2026-09-08T16:52:00.000+08:00,3455.1005859375,9.730525016784668,6.82801628112793,2798.03125,26.709871292114258,30.333984375,385.6000061035156,189.80299377441406,111.84500122070312,0.8830000162124634,59.97999954223633,155257.703125,204.58377075195312,0.5415874123573303,206.6756134033203,0.5361058115959167
2026-09-08T16:53:00.000+08:00,3453.452392578125,9.716715812683105,6.826930999755859,2794.701416015625,26.514732360839844,30.2919921875,385.5,188.05799865722656,110.76799774169922,0.8820000290870667,59.97999954223633,155259.59375,199.3242645263672,0.5583866238594055,212.9424285888672,0.5226764678955078
2026-09-08T16:54:00.000+08:00,3482.79638671875,9.72492504119873,6.763888835906982,2797.4892578125,26.601045608520508,30.236328125,385.20001220703125,187.9550018310547,110.63800048828125,0.8820000290870667,59.959999084472656,155261.5,198.6620330810547,0.5592412352561951,200.19631958007812,0.554955244064331
2026-09-08T16:55:00.000+08:00,3474.62939453125,9.761775016784668,6.763888835906982,2767.245849609375,26.601991653442383,30.13916015625,385.29998779296875,188.19400024414062,110.74800109863281,0.8820000290870667,60.02000045776367,155263.296875,203.3248291015625,0.5405144095420837,209.2634735107422,0.5251752734184265
2026-09-08T16:56:00.000+08:00,3438.42529296875,9.690180778503418,6.732096195220947,2770.45751953125,26.554208755493164,30.138671875,384.8999938964844,187.93899536132812,110.5270004272461,0.8809999823570251,59.959999084472656,155265.203125,203.05149841308594,0.5397645235061646,199.82887268066406,0.5484693050384521
2026-09-08T16:57:00.000+08:00,3386.497314453125,9.613154411315918,6.69921875,2789.498779296875,26.414531707763672,30.22216796875,385.20001220703125,187.58299255371094,110.45800018310547,0.8820000290870667,60.02000045776367,155267.0,194.7403564453125,0.5643411874771118,201.4856414794922,0.5454483032226562
2026-09-08T16:58:00.000+08:00,3446.086669921875,9.587206840515137,6.701930999755859,2803.989013671875,26.414297103881836,30.138671875,385.5,189.03500366210938,111.55699920654297,0.8830000162124634,59.9900016784668,155268.796875,202.2578582763672,0.5424039363861084,198.6595001220703,0.5526026487350464
2026-09-08T16:59:00.000+08:00,3381.087890625,9.6342191696167,6.670138835906982,2773.3759765625,26.572153091430664,30.22265625,385.20001220703125,188.906005859375,111.447998046875,0.8840000033378601,60.02000045776367,155270.796875,195.52536010742188,0.5595182180404663,204.685791015625,0.5344777703285217
2026-09-08T17:00:00.000+08:00,3434.700439453125,9.6342191696167,6.701388835906982,2793.8671875,26.584047317504883,30.13916015625,385.29998779296875,188.65899658203125,111.38099670410156,0.8849999904632568,59.97999954223633,155272.5,202.05433654785156,0.5468825697898865,200.32589721679688,0.5516011714935303
2026-09-08T17:01:00.000+08:00,3411.7431640625,9.541659355163574,6.639430999755859,2795.77978515625,26.590330123901367,30.13916015625,385.6000061035156,188.697998046875,111.28299713134766,0.8830000162124634,59.9900016784668,155274.40625,195.38694763183594,0.5655444264411926,201.61036682128906,0.5480868816375732
2026-09-08T17:02:00.000+08:00,3524.2802734375,9.609637260437012,6.6399736404418945,2767.630859375,26.412424087524414,30.1669921875,385.5,187.94400024414062,111.18800354003906,0.8859999775886536,59.9900016784668,155276.296875,205.08126831054688,0.5397860407829285,195.22262573242188,0.5670449137687683
2026-09-08T17:03:00.000+08:00,3425.56982421875,9.56396770477295,6.608180999755859,2790.950927734375,26.530689239501953,30.22265625,386.0,187.6929931640625,111.01000213623047,0.8849999904632568,60.02000045776367,155278.203125,202.66799926757812,0.5447332262992859,197.34097290039062,0.5594378113746643
2026-09-08T17:04:00.000+08:00,3427.72509765625,9.51459789276123,6.60546875,2784.409912109375,26.48712158203125,30.056640625,385.3999938964844,191.0500030517578,110.88400268554688,0.8730000257492065,59.9900016784668,155280.0,199.8429412841797,0.5529342293739319,206.5548095703125,0.5349669456481934
2026-09-08T17:05:00.000+08:00,3387.158935546875,9.552020072937012,6.575846195220947,2787.780517578125,26.471519470214844,30.09765625,385.5,190.27099609375,110.99600219726562,0.8740000128746033,59.970001220703125,155281.703125,198.64483642578125,0.5567725896835327,212.5933837890625,0.5204133987426758
2026-09-08T17:06:00.000+08:00,3419.377685546875,9.500323295593262,6.576930999755859,2796.00927734375,26.429548263549805,30.0703125,385.70001220703125,190.0500030517578,111.18800354003906,0.8759999871253967,60.0,155283.703125,203.23513793945312,0.5412449836730957,197.28077697753906,0.5575809478759766
2026-09-08T17:07:00.000+08:00,3373.804931640625,9.55395793914795,6.6087236404418945,2818.64013671875,26.455429077148438,30.09765625,385.5,189.4320068359375,110.97699737548828,0.8769999742507935,59.970001220703125,155285.59375,196.70260620117188,0.5607450008392334,196.77064514160156,0.560551106929779
2026-09-08T17:08:00.000+08:00,3453.5517578125,9.574236869812012,6.576930999755859,2814.858642578125,26.47732925415039,30.083984375,385.5,189.53399658203125,110.98400115966797,0.8769999742507935,59.9900016784668,155287.40625,200.31878662109375,0.5501230955123901,203.33761596679688,0.541955828666687
2026-09-08T17:09:00.000+08:00,3383.86962890625,9.553133964538574,6.60546875,2799.363525390625,26.475481033325195,30.0283203125,385.20001220703125,190.33399963378906,111.18099975585938,0.875,59.97999954223633,155289.203125,197.43734741210938,0.5591647028923035,202.09381103515625,0.5462809205055237
2026-09-08T17:10:00.000+08:00,3422.4091796875,9.53052806854248,6.606010913848877,2788.255615234375,26.47732925415039,30.056640625,385.6000061035156,190.26600646972656,111.14399719238281,0.871999979019165,59.9900016784668,155291.0,197.77891540527344,0.5571877956390381,200.61647033691406,0.5493068099021912
2026-09-08T17:11:00.000+08:00,3457.203369140625,9.450953483581543,6.57801628112793,2794.427001953125,26.434431076049805,30.083984375,385.3999938964844,189.73199462890625,111.04199981689453,0.8769999742507935,59.970001220703125,155292.90625,202.6668701171875,0.5442428588867188,196.98670959472656,0.5599362850189209
2026-09-08T17:12:00.000+08:00,3429.39794921875,9.471949577331543,6.575303554534912,2792.473388671875,26.44489097595215,30.0419921875,385.3999938964844,189.7449951171875,110.7750015258789,0.8740000128746033,60.0099983215332,155294.796875,199.35647583007812,0.5522770285606384,200.26939392089844,0.5497595071792603
2026-09-08T17:13:00.000+08:00,3394.12548828125,9.491549491882324,6.5774736404418945,2788.687255859375,26.45820426940918,30.111328125,385.3999938964844,190.13999938964844,111.11399841308594,0.8759999871253967,59.970001220703125,155296.703125,195.63467407226562,0.5638059973716736,201.27610778808594,0.5480034351348877
2026-09-08T17:14:00.000+08:00,3401.55517578125,9.514208793640137,6.608180999755859,2791.412109375,26.470083236694336,30.09765625,385.3999938964844,190.51100158691406,111.30000305175781,0.875,59.9900016784668,155298.5,195.49765014648438,0.5631781220436096,200.03692626953125,0.5503983497619629
2026-09-08T17:15:00.000+08:00,3392.1162109375,9.547656059265137,6.607096195220947,2801.392333984375,26.451213836669922,30.0,385.29998779296875,191.55099487304688,111.27400207519531,0.8690000176429749,59.970001220703125,155300.296875,194.91323852539062,0.565379798412323,196.9906768798828,0.5594173073768616
2026-09-08T17:16:00.000+08:00,3423.244140625,9.52888011932373,6.606553554534912,2785.236083984375,26.433504104614258,30.111328125,385.29998779296875,191.3159942626953,111.177001953125,0.8709999918937683,59.970001220703125,155302.203125,193.18919372558594,0.5699076652526855,199.46754455566406,0.5519694685935974
2026-09-08T17:17:00.000+08:00,3450.152587890625,9.46729564666748,6.5774736404418945,2788.0927734375,26.256744384765625,30.06982421875,385.5,190.99400329589844,111.04000091552734,0.8709999918937683,59.97999954223633,155304.0,195.48529052734375,0.5637252926826477,197.02101135253906,0.5593311786651611
2026-09-08T17:18:00.000+08:00,3412.138916015625,9.465662956237793,6.57313346862793,2792.40087890625,26.401813507080078,30.06982421875,385.70001220703125,191.23500061035156,111.12999725341797,0.8700000047683716,60.0099983215332,155305.90625,202.46514892578125,0.5462668538093567,201.8565216064453,0.5479139685630798
2026-09-08T17:19:00.000+08:00,3408.963623046875,9.466876029968262,6.5774736404418945,2811.386962890625,26.278921127319336,30.01416015625,385.5,190.89700317382812,111.10199737548828,0.8709999918937683,60.0099983215332,155307.703125,192.3488006591797,0.5739573240280151,212.29347229003906,0.5200348496437073
2026-09-08T17:20:00.000+08:00,3390.084228515625,9.50593090057373,6.5462236404418945,2786.052734375,26.259126663208008,30.0,385.3999938964844,191.781005859375,111.26000213623047,0.8690000176429749,59.97999954223633,155309.5,195.9464111328125,0.5629090070724487,209.67274475097656,0.5260578989982605
2026-09-08T17:21:00.000+08:00,3424.151123046875,9.464503288269043,6.5462236404418945,2786.53515625,26.279178619384766,30.0419921875,385.5,190.78500366210938,110.73400115966797,0.8700000047683716,59.970001220703125,155311.5,200.6231231689453,0.5492886304855347,211.45263671875,0.521156907081604
2026-09-08T17:22:00.000+08:00,3415.76123046875,9.44067668914795,6.514430999755859,2791.6064453125,26.34847640991211,29.875,385.3999938964844,191.70700073242188,111.16699981689453,0.8690000176429749,60.029998779296875,155313.296875,194.84657287597656,0.564033567905426,206.88096618652344,0.5312233567237854
2026-09-08T17:23:00.000+08:00,3480.309326171875,9.432787895202637,6.481010913848877,2812.388671875,26.336578369140625,29.958984375,385.6000061035156,191.0449981689453,110.62000274658203,0.8679999709129333,60.0,155315.203125,203.73533630371094,0.5399161577224731,209.99844360351562,0.5238134264945984
2026-09-08T17:24:00.000+08:00,3439.2724609375,9.414881706237793,6.482638835906982,2803.706298828125,26.321666717529297,29.9453125,385.3999938964844,191.63600158691406,111.03800201416016,0.8679999709129333,60.0,155317.0,199.1776885986328,0.5527727603912354,196.1769256591797,0.5612280964851379
2026-09-08T17:25:00.000+08:00,3414.5107421875,9.361590385437012,6.451930999755859,2795.342041015625,26.303977966308594,29.875,385.6000061035156,190.81700134277344,110.53900146484375,0.8679999709129333,60.0,155318.90625,197.22781372070312,0.5582376718521118,202.30821228027344,0.5442191362380981
2026-09-08T17:26:00.000+08:00,3465.14208984375,9.337328910827637,6.450846195220947,2812.81396484375,26.308866500854492,29.9453125,385.3999938964844,189.77200317382812,110.32499694824219,0.871999979019165,60.0099983215332,155320.703125,201.59957885742188,0.5456360578536987,202.555419921875,0.5430612564086914
2026-09-08T17:27:00.000+08:00,3417.019775390625,9.328906059265137,6.481553554534912,2812.681884765625,26.282686233520508,29.94482421875,385.5,186.1199951171875,108.15799713134766,0.8690000176429749,59.970001220703125,155322.5,197.8911590576172,0.5548504590988159,200.30044555664062,0.5481765270233154
2026-09-08T17:28:00.000+08:00,3371.118896484375,9.30518627166748,6.825846195220947,2813.218505859375,26.292926788330078,29.583984375,385.6000061035156,172.93699645996094,99.0479965209961,0.8569999933242798,60.02000045776367,155324.203125,193.068603515625,0.5676738619804382,202.9781036376953,0.539959728717804
2026-09-08T17:29:00.000+08:00,3389.51904296875,9.26343822479248,7.013346195220947,2802.5517578125,26.26459503173828,29.208984375,385.3999938964844,171.38299560546875,97.7760009765625,0.8560000061988831,59.97999954223633,155325.796875,196.69821166992188,0.5480477213859558,199.01173400878906,0.5416766405105591
2026-09-08T17:30:00.000+08:00,3431.064208984375,9.277003288269043,7.044596195220947,2814.80517578125,26.203493118286133,28.958984375,385.79998779296875,169.33399963378906,96.33100128173828,0.8529999852180481,60.029998779296875,155327.5,170.4917449951172,0.5689424872398376,177.98065185546875,0.5450030565261841
2026-09-08T17:31:00.000+08:00,3495.65576171875,9.384058952331543,7.045138835906982,2768.271728515625,26.21978759765625,28.833984375,385.20001220703125,167.9510040283203,95.26599884033203,0.8500000238418579,59.970001220703125,155329.09375,156.06214904785156,0.6196249723434448,158.36239624023438,0.6106247901916504
2026-09-08T17:32:00.000+08:00,3416.121337890625,9.449801445007324,7.201930999755859,2807.8466796875,26.189878463745117,28.76416015625,385.29998779296875,167.1199951171875,94.73999786376953,0.8500000238418579,59.970001220703125,155330.703125,151.31268310546875,0.6311433911323547,152.72882080078125,0.6252912878990173
2026-09-08T17:33:00.000+08:00,3406.148193359375,9.476832389831543,7.264430999755859,2791.011474609375,26.186809539794922,28.84765625,385.6000061035156,167.125,94.76499938964844,0.8500000238418579,59.959999084472656,155332.203125,151.2704315185547,0.6233868598937988,141.91470336914062,0.6644836664199829
2026-09-08T17:34:00.000+08:00,3425.7666015625,9.537760734558105,7.295138835906982,2816.2509765625,26.192951202392578,28.81982421875,385.6000061035156,167.63400268554688,95.10399627685547,0.8510000109672546,59.9900016784668,155333.90625,154.55751037597656,0.6081878542900085,147.0052490234375,0.639432966709137
2026-09-08T17:35:00.000+08:00,3463.826416015625,9.634539604187012,7.325846195220947,2800.04638671875,26.208799362182617,28.833984375,385.3999938964844,166.96099853515625,95.2040023803711,0.8539999723434448,59.959999084472656,155335.5,158.3716583251953,0.5954347848892212,146.2592010498047,0.6447457075119019
2026-09-08T17:36:00.000+08:00,3497.45458984375,9.645487785339355,7.3274736404418945,2815.864990234375,26.080238342285156,28.861328125,385.5,167.5070037841797,95.31999969482422,0.8529999852180481,60.0099983215332,155337.09375,154.3177947998047,0.6097806096076965,143.30514526367188,0.6566407680511475
2026-09-08T17:37:00.000+08:00,3442.78515625,9.7377347946167,7.358180999755859,2812.17578125,25.938522338867188,28.833984375,385.20001220703125,168.94400024414062,95.75599670410156,0.8519999980926514,59.97999954223633,155338.5,155.9957275390625,0.6045037508010864,144.803466796875,0.6512275338172913
2026-09-08T17:38:00.000+08:00,3470.041259765625,9.798869132995605,7.35438346862793,2785.598876953125,25.92800521850586,28.7783203125,385.29998779296875,168.8509979248047,96.0459976196289,0.8519999980926514,60.0,155340.203125,162.1505889892578,0.5834082961082458,148.197265625,0.6383383870124817
2026-09-08T17:39:00.000+08:00,3453.18310546875,9.871607780456543,7.357096195220947,2801.700927734375,25.7884578704834,28.833984375,385.29998779296875,169.24400329589844,96.1520004272461,0.8510000109672546,59.970001220703125,155341.796875,164.44583129882812,0.5776978135108948,163.69912719726562,0.5803329944610596
2026-09-08T17:40:00.000+08:00,3496.720947265625,9.925700187683105,7.356553554534912,2794.828125,25.649396896362305,28.861328125,385.29998779296875,168.0749969482422,95.24800109863281,0.8489999771118164,59.970001220703125,155343.296875,170.6927490234375,0.5600706934928894,161.80496215820312,0.5908347964286804
2026-09-08T17:41:00.000+08:00,3475.49560546875,9.901331901550293,7.41688346862793,2812.962158203125,25.74053382873535,28.84765625,384.70001220703125,167.49000549316406,95.10600280761719,0.8510000109672546,59.959999084472656,155345.0,173.39596557617188,0.5507625341415405,169.9788360595703,0.5618346333503723
2026-09-08T17:42:00.000+08:00,3483.3515625,9.953829765319824,7.387803554534912,2801.17138671875,25.640596389770508,28.833984375,385.0,170.2550048828125,96.50299835205078,0.8479999899864197,59.970001220703125,155346.59375,177.9557342529297,0.5327167510986328,177.24293518066406,0.5348591208457947
2026-09-08T17:43:00.000+08:00,3536.1669921875,9.954081535339355,7.322048187255859,2801.412353515625,25.699092864990234,28.8203125,384.6000061035156,171.7689971923828,97.58200073242188,0.8529999852180481,59.970001220703125,155348.296875,174.11790466308594,0.5438843369483948,166.34605407714844,0.5692951083183289
2026-09-08T17:44:00.000+08:00,3443.577880859375,9.957049369812012,7.32421875,2804.498046875,25.726896286010742,28.84765625,384.70001220703125,172.343994140625,97.72799682617188,0.8510000109672546,59.970001220703125,155349.90625,175.3232879638672,0.5458487272262573,179.7555694580078,0.5323896408081055
2026-09-08T17:45:00.000+08:00,3488.0927734375,9.961817741394043,7.32313346862793,2810.051025390625,25.662992477416992,28.88916015625,384.20001220703125,174.22999572753906,99.00599670410156,0.8529999852180481,59.959999084472656,155351.5,182.16586303710938,0.5335796475410461,174.63572692871094,0.5565871000289917
2026-09-08T17:46:00.000+08:00,3440.4375,9.992716789245605,7.266058921813965,2791.693359375,25.552936553955078,28.9453125,384.29998779296875,174.61700439453125,99.22200012207031,0.8519999980926514,60.0099983215332,155353.09375,179.72364807128906,0.5369354486465454,172.86085510253906,0.5582524538040161
2026-09-08T17:47:00.000+08:00,3494.42529296875,9.974093437194824,7.2024736404418945,2804.417236328125,25.562150955200195,28.958984375,384.5,177.00399780273438,100.16600036621094,0.8500000238418579,59.9900016784668,155354.90625,183.82321166992188,0.5358409285545349,192.58616638183594,0.5114594101905823
2026-09-08T17:48:00.000+08:00,3430.946044921875,9.94006633758545,7.1712236404418945,2816.782470703125,25.57274055480957,28.97265625,384.20001220703125,176.23699951171875,100.10800170898438,0.8539999723434448,59.959999084472656,155356.5,185.62815856933594,0.5290145874023438,189.6660919189453,0.5177519917488098
2026-09-08T17:49:00.000+08:00,3501.706298828125,9.949114799499512,7.138346195220947,2785.118896484375,25.562246322631836,28.9453125,384.3999938964844,175.25799560546875,100.0270004272461,0.8579999804496765,59.97999954223633,155358.09375,193.60382080078125,0.5149691700935364,186.7354278564453,0.5339104533195496
2026-09-08T17:50:00.000+08:00,3401.79541015625,9.932291984558105,7.167426109313965,2802.23046875,25.598670959472656,28.97265625,384.20001220703125,175.1320037841797,99.95999908447266,0.8569999933242798,59.9900016784668,155359.796875,186.88528442382812,0.5324121713638306,187.0450439453125,0.5319573879241943
2026-09-08T17:51:00.000+08:00,3424.93603515625,9.940707206726074,7.139430999755859,2813.128662109375,25.58908462524414,28.95849609375,384.20001220703125,177.177001953125,101.03800201416016,0.8569999933242798,59.970001220703125,155361.40625,191.00564575195312,0.519879937171936,188.82899475097656,0.5258726477622986
2026-09-08T17:52:00.000+08:00,3501.7138671875,9.908183097839355,7.108180999755859,2815.080322265625,25.502281188964844,29.0703125,384.3999938964844,177.26699829101562,100.88999938964844,0.8569999933242798,59.970001220703125,155363.09375,189.35189819335938,0.524420440196991,189.8299560546875,0.5230997204780579
2026-09-08T17:53:00.000+08:00,3370.599853515625,9.863368034362793,7.107638835906982,2798.438720703125,25.672252655029297,29.0703125,384.3999938964844,176.85299682617188,100.88099670410156,0.8569999933242798,60.029998779296875,155364.90625,186.93055725097656,0.5376328229904175,188.65184020996094,0.5327273607254028
2026-09-08T17:54:00.000+08:00,3452.072265625,9.847002983093262,7.103841304779053,2815.662841796875,25.69369125366211,29.01416015625,384.20001220703125,176.88400268554688,101.00599670410156,0.859000027179718,59.970001220703125,155366.59375,193.0452880859375,0.5200852155685425,200.06753540039062,0.501830518245697
2026-09-08T17:55:00.000+08:00,3494.569580078125,9.875689506530762,7.047308921813965,2800.022216796875,25.722322463989258,29.056640625,384.1000061035156,178.24200439453125,101.93599700927734,0.859000027179718,60.029998779296875,155368.203125,190.58799743652344,0.5252166986465454,190.4009246826172,0.5257327556610107
2026-09-08T17:56:00.000+08:00,3392.0966796875,9.827776908874512,7.076388835906982,2787.14013671875,25.74427604675293,29.0,384.5,178.4499969482422,101.99600219726562,0.8550000190734863,59.97999954223633,155369.90625,184.62403869628906,0.5421829223632812,188.99630737304688,0.5296399593353271
2026-09-08T17:57:00.000+08:00,3429.15087890625,9.825121879577637,7.074760913848877,2805.552978515625,25.795015335083008,29.208984375,384.3999938964844,179.6649932861328,102.04499816894531,0.8539999723434448,59.9900016784668,155371.59375,188.772705078125,0.5360944867134094,185.71551513671875,0.544919490814209
2026-09-08T17:58:00.000+08:00,3424.526611328125,9.88453197479248,7.045138835906982,2809.76708984375,25.79844093322754,29.22265625,384.1000061035156,179.6959991455078,101.97599792480469,0.8529999852180481,59.970001220703125,155373.296875,186.93214416503906,0.5435127019882202,200.27374267578125,0.5073056221008301
2026-09-08T17:59:00.000+08:00,3489.618408203125,9.788592338562012,7.01171875,2813.555908203125,25.821849822998047,29.125,384.20001220703125,180.15699768066406,103.0469970703125,0.8600000143051147,60.02000045776367,155375.09375,190.43038940429688,0.5340534448623657,190.5828094482422,0.5336263179779053
2026-09-08T18:00:00.000+08:00,3408.749755859375,9.709063529968262,6.982096195220947,2790.559814453125,25.841638565063477,29.1953125,384.3999938964844,179.90699768066406,102.92900085449219,0.859000027179718,59.970001220703125,155376.796875,182.0203094482422,0.5565313100814819,189.32388305664062,0.5350619554519653
2026-09-08T18:01:00.000+08:00,3434.426513671875,9.73932933807373,6.950303554534912,2793.982666015625,25.779109954833984,29.361328125,384.3999938964844,179.9149932861328,102.81500244140625,0.859000027179718,60.02000045776367,155378.40625,188.64756774902344,0.5428111553192139,186.3234405517578,0.5495819449424744
2026-09-08T18:02:00.000+08:00,3372.385498046875,9.7534818649292,6.946506023406982,2789.32666015625,25.7645206451416,29.333984375,384.6000061035156,179.781005859375,102.68800354003906,0.8569999933242798,59.970001220703125,155380.203125,182.40992736816406,0.5613729953765869,186.79946899414062,0.548181414604187
2026-09-08T18:03:00.000+08:00,3437.619873046875,9.6752347946167,6.919053554534912,2799.90673828125,25.958648681640625,29.263671875,384.70001220703125,180.11700439453125,103.93399810791016,0.8650000095367432,59.97999954223633,155381.90625,191.15040588378906,0.5341343283653259,196.85028076171875,0.5186682939529419
2026-09-08T18:04:00.000+08:00,3405.552978515625,9.67395305633545,6.9212236404418945,2796.65185546875,25.99483871459961,29.31982421875,384.79998779296875,180.14599609375,103.62300109863281,0.8629999756813049,60.0099983215332,155383.703125,188.0779571533203,0.5423282980918884,197.10736083984375,0.5174844861030579
2026-09-08T18:05:00.000+08:00,3434.744384765625,9.659319877624512,6.919053554534912,2773.502197265625,25.984540939331055,29.333984375,384.79998779296875,181.2259979248047,103.58100128173828,0.8579999804496765,59.97999954223633,155385.40625,187.75856018066406,0.547511637210846,187.36817932128906,0.5486524105072021
2026-09-08T18:06:00.000+08:00,3443.818359375,9.656298637390137,6.920138835906982,2791.579833984375,25.912839889526367,29.47265625,384.29998779296875,182.29800415039062,104.7040023803711,0.8629999756813049,60.02000045776367,155387.09375,188.79071044921875,0.5434589385986328,181.7213592529297,0.5646006464958191
2026-09-08T18:07:00.000+08:00,3450.53125,9.687594413757324,6.858180999755859,2796.39990234375,26.063751220703125,29.47265625,384.70001220703125,181.43299865722656,104.74299621582031,0.8650000095367432,60.0099983215332,155388.796875,187.6062774658203,0.5500882267951965,185.840576171875,0.5553147196769714
2026-09-08T18:08:00.000+08:00,3401.203125,9.641413688659668,6.887803554534912,2790.564453125,26.082298278808594,29.431640625,384.3999938964844,181.71600341796875,104.76000213623047,0.8650000095367432,59.970001220703125,155390.59375,184.6471710205078,0.5643194913864136,196.09536743164062,0.5313740968704224
2026-09-08T18:09:00.000+08:00,3428.88232421875,9.603350639343262,6.8587236404418945,2808.315185546875,26.07347869873047,29.375,384.8999938964844,181.79299926757812,104.54199981689453,0.8610000014305115,60.0099983215332,155392.203125,187.11557006835938,0.5558062195777893,189.18321228027344,0.5497316718101501
2026-09-08T18:10:00.000+08:00,3427.148193359375,9.59925365447998,6.825303554534912,2800.20556640625,26.09848403930664,29.375,384.6000061035156,181.88099670410156,104.35399627685547,0.8619999885559082,59.970001220703125,155394.0,192.5852508544922,0.5384628176689148,187.1912384033203,0.5539789199829102
2026-09-08T18:11:00.000+08:00,3376.802001953125,9.551966667175293,6.7962236404418945,2811.902099609375,26.097558975219727,29.486328125,385.0,181.56500244140625,104.4489974975586,0.8619999885559082,60.0,155395.796875,188.19403076171875,0.5515584349632263,187.1332244873047,0.5546850562095642
2026-09-08T18:12:00.000+08:00,3401.828369140625,9.573992729187012,6.731553554534912,2812.69580078125,26.090234756469727,29.41650390625,384.6000061035156,183.83900451660156,105.58599853515625,0.8619999885559082,59.970001220703125,155397.5,186.68641662597656,0.5560125708580017,187.8034210205078,0.5527055859565735
2026-09-08T18:13:00.000+08:00,3378.781005859375,9.489703178405762,6.732638835906982,2788.273681640625,26.106063842773438,29.4453125,384.5,183.26300048828125,105.45800018310547,0.8640000224113464,60.029998779296875,155399.296875,185.0156707763672,0.5583310723304749,187.4761199951172,0.5510035157203674
2026-09-08T18:14:00.000+08:00,3417.55712890625,9.454340934753418,6.852756023406982,2813.306884765625,26.00401496887207,29.4033203125,384.3999938964844,178.11399841308594,102.01000213623047,0.8600000143051147,60.029998779296875,155401.09375,191.33770751953125,0.5472000241279602,190.06161499023438,0.5508739948272705
2026-09-08T18:15:00.000+08:00,3445.21923828125,9.462725639343262,6.888346195220947,2804.823486328125,26.005348205566406,29.306640625,384.8999938964844,178.6280059814453,101.80599975585938,0.8550000190734863,59.97999954223633,155402.703125,192.78460693359375,0.5420557260513306,185.83302307128906,0.5623327493667603
2026-09-08T18:16:00.000+08:00,3350.467041015625,9.503375053405762,6.888888835906982,2811.744384765625,26.102622985839844,29.1953125,384.70001220703125,176.56700134277344,100.51599884033203,0.8550000190734863,60.0,155404.5,172.9465789794922,0.5857300162315369,190.3707275390625,0.532119631767273
2026-09-08T18:17:00.000+08:00,3399.773193359375,9.46674633026123,6.949760913848877,2814.705322265625,26.081026077270508,29.125,384.79998779296875,176.4320068359375,100.81600189208984,0.8569999933242798,59.97999954223633,155406.0,176.27447509765625,0.5735374093055725,185.86375427246094,0.5439468026161194
2026-09-08T18:18:00.000+08:00,3432.74462890625,9.5580472946167,6.951930999755859,2795.255615234375,26.08750343322754,29.13916015625,384.6000061035156,176.4720001220703,100.78299713134766,0.8569999933242798,59.9900016784668,155407.703125,177.9984588623047,0.5679824352264404,168.7227020263672,0.5992080569267273
2026-09-08T18:19:00.000+08:00,3458.342529296875,9.550349235534668,6.982638835906982,2796.306396484375,26.066082000732422,29.181640625,384.79998779296875,176.81300354003906,101.00599670410156,0.8569999933242798,60.0099983215332,155409.5,173.02490234375,0.5762176513671875,169.28985595703125,0.5889307260513306
2026-09-08T18:20:00.000+08:00,3398.61865234375,9.521388053894043,7.0149736404418945,2789.823974609375,26.07255744934082,29.19482421875,384.6000061035156,175.96200561523438,100.97599792480469,0.8619999885559082,60.02000045776367,155411.203125,171.42112731933594,0.5816085934638977,168.0566864013672,0.5932522416114807
2026-09-08T18:21:00.000+08:00,3388.777099609375,9.592982292175293,7.045680999755859,2796.192138671875,26.118806838989258,29.138671875,384.6000061035156,176.72000122070312,100.95899963378906,0.8579999804496765,60.02000045776367,155412.796875,171.6051025390625,0.5827332735061646,172.85086059570312,0.578533411026001
2026-09-08T18:22:00.000+08:00,3414.01171875,9.60889720916748,7.042426109313965,2813.556884765625,26.11054039001465,29.125,384.6000061035156,175.4320068359375,99.85700225830078,0.8529999852180481,60.029998779296875,155414.5,169.7799835205078,0.5878195762634277,176.61569213867188,0.5650686621665955
2026-09-08T18:23:00.000+08:00,3473.4853515625,9.61799144744873,7.075303554534912,2805.757080078125,26.051136016845703,29.208984375,384.70001220703125,175.4199981689453,100.00399780273438,0.8569999933242798,59.97999954223633,155416.203125,175.6676483154297,0.5698260068893433,173.89117431640625,0.5756474137306213
2026-09-08T18:24:00.000+08:00,3425.951416015625,9.638957023620605,7.075846195220947,2801.44873046875,26.043222427368164,29.181640625,384.3999938964844,174.98599243164062,99.70899963378906,0.8560000061988831,60.02000045776367,155417.796875,174.45611572265625,0.5703440308570862,167.55630493164062,0.5938302278518677
2026-09-08T18:25:00.000+08:00,3422.890625,9.579974174499512,7.076930999755859,2813.322509765625,26.003625869750977,29.19482421875,384.79998779296875,175.6479949951172,100.03399658203125,0.8550000190734863,60.0099983215332,155419.5,172.68504333496094,0.5738771557807922,176.27040100097656,0.5622044205665588
2026-09-08T18:26:00.000+08:00,3438.8701171875,9.671221733093262,7.07421875,2803.880859375,25.993545532226562,29.06982421875,384.1000061035156,175.57200622558594,99.89700317382812,0.8550000190734863,60.0,155421.203125,178.6370391845703,0.5558757781982422,174.84754943847656,0.5679233074188232
2026-09-08T18:27:00.000+08:00,3428.603759765625,9.577776908874512,7.078558921813965,2816.57568359375,25.988149642944336,29.0703125,385.0,175.41200256347656,100.05899810791016,0.8550000190734863,59.97999954223633,155422.90625,170.741455078125,0.5821667313575745,177.30958557128906,0.5606014132499695
2026-09-08T18:28:00.000+08:00,3452.216552734375,9.585284233093262,7.075303554534912,2795.283935546875,26.003982543945312,29.13916015625,384.29998779296875,176.22999572753906,99.94999694824219,0.8510000109672546,59.970001220703125,155424.40625,177.88491821289062,0.5582261085510254,167.0133514404297,0.5945632457733154
2026-09-08T18:29:00.000+08:00,3430.6103515625,9.633204460144043,7.039170742034912,2801.6611328125,26.122346878051758,29.013671875,384.3999938964844,176.73199462890625,100.01100158691406,0.8500000238418579,60.0099983215332,155426.09375,170.11561584472656,0.5843085050582886,163.4738311767578,0.6080483794212341
2026-09-08T18:30:00.000+08:00,3400.37890625,9.57837963104248,7.045138835906982,2814.527587890625,25.98381996154785,29.083984375,384.1000061035156,174.73899841308594,99.5739974975586,0.8569999933242798,59.970001220703125,155427.90625,171.32630920410156,0.5790120959281921,164.9177703857422,0.6015118956565857
2026-09-08T18:31:00.000+08:00,3475.826904296875,9.673418998718262,7.071506023406982,2801.659912109375,25.961334228515625,29.0419921875,384.29998779296875,174.11900329589844,98.85299682617188,0.8539999723434448,59.97999954223633,155429.5,178.26622009277344,0.5581539869308472,174.9462432861328,0.5687461495399475
2026-09-08T18:32:00.000+08:00,3397.1865234375,9.696383476257324,7.076388835906982,2802.857177734375,25.924928665161133,29.083984375,384.20001220703125,173.9949951171875,98.92900085449219,0.8539999723434448,59.97999954223633,155431.09375,171.90309143066406,0.5764876008033752,180.4171905517578,0.549282431602478
2026-09-08T18:33:00.000+08:00,3431.77734375,9.673449516296387,7.137260913848877,2788.578125,25.908588409423828,29.0,384.70001220703125,173.80099487304688,98.91300201416016,0.8539999723434448,60.0,155432.796875,177.16604614257812,0.555411159992218,170.44915771484375,0.5772982239723206
2026-09-08T18:34:00.000+08:00,3423.032470703125,9.658900260925293,7.138888835906982,2787.991455078125,25.9001407623291,29.0419921875,384.20001220703125,174.29100036621094,99.16100311279297,0.8560000061988831,59.97999954223633,155434.40625,172.73052978515625,0.5685155987739563,173.1683807373047,0.567078173160553
2026-09-08T18:35:00.000+08:00,3472.458251953125,9.703715324401855,7.141058921813965,2811.17529296875,25.904098510742188,29.08349609375,384.6000061035156,173.61900329589844,99.13400268554688,0.8569999933242798,60.0099983215332,155436.09375,173.3572235107422,0.5681909322738647,177.72750854492188,0.5542191863059998
2026-09-08T18:36:00.000+08:00,3531.722412109375,9.70130443572998,7.168510913848877,2802.967529296875,25.88570785522461,29.09765625,384.20001220703125,174.17100524902344,99.24700164794922,0.8569999933242798,59.970001220703125,155437.703125,177.69482421875,0.5526328682899475,176.5767059326172,0.5561321973800659
2026-09-08T18:37:00.000+08:00,3492.344482421875,9.760722160339355,7.139430999755859,2784.677490234375,25.880353927612305,29.0703125,384.79998779296875,174.75599670410156,99.36100006103516,0.8529999852180481,60.02000045776367,155439.296875,177.68545532226562,0.5526620149612427,175.40428161621094,0.5598495006561279
2026-09-08T18:38:00.000+08:00,3408.971923828125,9.666850090026855,7.13671875,2783.623046875,25.99883460998535,28.97265625,384.20001220703125,174.38299560546875,99.28199768066406,0.8539999723434448,59.97999954223633,155441.09375,177.13047790527344,0.5543935894966125,183.25021362304688,0.5358793139457703
2026-09-08T18:39:00.000+08:00,3532.801025390625,9.762049674987793,7.138888835906982,2804.9853515625,25.765945434570312,29.0,384.6000061035156,173.73399353027344,99.05500030517578,0.8560000061988831,60.02000045776367,155442.703125,178.23828125,0.5531920790672302,176.62559509277344,0.5582430362701416
2026-09-08T18:40:00.000+08:00,3448.36279296875,9.712557792663574,7.13671875,2791.34228515625,25.852630615234375,28.931640625,384.6000061035156,174.1179962158203,99.16100311279297,0.8529999852180481,59.9900016784668,155444.296875,171.26809692382812,0.5739539265632629,177.7694854736328,0.5529633164405823
2026-09-08T18:41:00.000+08:00,3404.532958984375,9.666163444519043,7.106553554534912,2798.230712890625,25.818391799926758,28.958984375,384.5,173.8820037841797,99.09200286865234,0.8550000190734863,60.02000045776367,155445.90625,177.14183044433594,0.5554870963096619,175.58987426757812,0.5603967905044556
2026-09-08T18:42:00.000+08:00,3496.054931640625,9.666163444519043,7.106553554534912,2799.8876953125,25.829870223999023,28.9453125,384.5,173.927001953125,99.20099639892578,0.8550000190734863,60.02000045776367,155447.59375,180.69924926757812,0.5439978241920471,170.72943115234375,0.5757647752761841
2026-09-08T18:43:00.000+08:00,3466.1787109375,9.664835929870605,7.102756023406982,2802.1396484375,25.816205978393555,28.9033203125,384.70001220703125,173.64599609375,99.19400024414062,0.8550000190734863,60.0099983215332,155449.203125,175.0877227783203,0.5602905750274658,174.61033630371094,0.5618224143981934
2026-09-08T18:44:00.000+08:00,3408.853759765625,9.694621086120605,7.078558921813965,2802.485107421875,25.793739318847656,28.97265625,384.29998779296875,173.73399353027344,99.2030029296875,0.8579999804496765,60.02000045776367,155450.90625,172.6878204345703,0.5709725022315979,174.4119110107422,0.5653283596038818
2026-09-08T18:45:00.000+08:00,3471.131103515625,9.696635246276855,7.108180999755859,2806.71435546875,25.796812057495117,28.875,384.70001220703125,173.24899291992188,99.16100311279297,0.859000027179718,60.02000045776367,155452.59375,177.4889373779297,0.5538372993469238,172.3580780029297,0.5703243017196655
2026-09-08T18:46:00.000+08:00,3485.55712890625,9.696208000183105,7.107638835906982,2816.150146484375,25.799489974975586,28.9169921875,384.5,171.78399658203125,97.99400329589844,0.8560000061988831,60.0,155454.296875,177.88095092773438,0.5526167750358582,177.70333862304688,0.5531691312789917
2026-09-08T18:47:00.000+08:00,3439.130615234375,9.707064628601074,7.169596195220947,2767.71142578125,25.87428092956543,28.75,384.70001220703125,172.4949951171875,97.96399688720703,0.8539999723434448,60.0099983215332,155455.90625,174.4657440185547,0.5628612041473389,171.80575561523438,0.5715757012367249
2026-09-08T18:48:00.000+08:00,3480.913330078125,9.753207206726074,7.134548187255859,2802.01416015625,25.752845764160156,28.76416015625,384.6000061035156,172.16200256347656,97.85800170898438,0.8539999723434448,59.9900016784668,155457.5,178.78109741210938,0.5442409515380859,173.3188018798828,0.5613932013511658
2026-09-08T18:49:00.000+08:00,3499.68212890625,9.652247428894043,7.13563346862793,2789.25341796875,25.700883865356445,28.7919921875,384.79998779296875,172.31300354003906,98.08499908447266,0.8529999852180481,59.97999954223633,155459.09375,176.19674682617188,0.5527911186218262,176.0975341796875,0.5531026124954224
2026-09-08T18:50:00.000+08:00,3409.899658203125,9.650485038757324,7.139430999755859,2786.220947265625,25.71582794189453,28.84765625,384.6000061035156,172.22000122070312,97.86900329589844,0.8529999852180481,59.97999954223633,155460.796875,173.66473388671875,0.5608507990837097,165.63949584960938,0.5880240201950073
2026-09-08T18:51:00.000+08:00,3486.06396484375,9.674105644226074,7.1087236404418945,2805.921875,25.689878463745117,28.7919921875,384.6000061035156,171.86199951171875,97.94300079345703,0.8539999723434448,60.0099983215332,155462.296875,173.2478485107422,0.5616231560707092,172.09109497070312,0.5653982162475586
2026-09-08T18:52:00.000+08:00,3458.169921875,9.6427640914917,7.169053554534912,2809.102294921875,25.702163696289062,28.833984375,384.6000061035156,171.78900146484375,97.83899688720703,0.8550000190734863,60.029998779296875,155464.0,172.29434204101562,0.564731240272522,174.55572509765625,0.5574151277542114
2026-09-08T18:53:00.000+08:00,3417.79150390625,9.667101860046387,7.169596195220947,2799.246826171875,25.654653549194336,28.75,384.79998779296875,169.81700134277344,96.48600006103516,0.8519999980926514,59.970001220703125,155465.59375,175.14044189453125,0.5561251640319824,172.6603240966797,0.5641133785247803
2026-09-08T18:54:00.000+08:00,3483.433349609375,9.666193962097168,7.166341304779053,2800.8203125,25.656015396118164,28.84765625,384.29998779296875,172.45399475097656,98.10399627685547,0.8539999723434448,60.0,155467.296875,174.8838348388672,0.5552257299423218,173.91432189941406,0.5583208799362183
2026-09-08T18:55:00.000+08:00,3439.416259765625,9.682520866394043,7.106010913848877,2797.385498046875,25.666133880615234,28.75,384.20001220703125,172.9510040283203,98.08499908447266,0.8510000109672546,60.02000045776367,155468.90625,173.5525360107422,0.551994264125824,171.53387451171875,0.5584902763366699
2026-09-08T18:56:00.000+08:00,3465.087158203125,9.737284660339355,7.136176109313965,2813.226806640625,25.63445472717285,28.833984375,384.79998779296875,172.53900146484375,98.23600006103516,0.8529999852180481,59.97999954223633,155470.5,177.7373046875,0.5474371314048767,178.150634765625,0.5461670160293579
2026-09-08T18:57:00.000+08:00,3492.239501953125,9.744791984558105,7.13563346862793,2809.986572265625,25.64632797241211,28.76416015625,384.6000061035156,173.63400268554688,98.01499938964844,0.8479999899864197,59.97999954223633,155472.203125,181.5830841064453,0.5374950170516968,173.4384765625,0.5627355575561523
2026-09-08T18:58:00.000+08:00,3397.56640625,9.720072746276855,7.1399736404418945,2791.07421875,25.63970947265625,28.8203125,384.6000061035156,174.00799560546875,98.33999633789062,0.8479999899864197,59.97999954223633,155473.796875,175.83590698242188,0.5550629496574402,177.35470581054688,0.5503095984458923
2026-09-08T18:59:00.000+08:00,3414.09423828125,9.752741813659668,7.1399736404418945,2805.810546875,25.59968376159668,28.625,385.0,174.25399780273438,98.21299743652344,0.843999981880188,60.029998779296875,155475.40625,171.22882080078125,0.5688294768333435,179.08016967773438,0.5438904762268066
2026-09-08T19:00:00.000+08:00,3432.142578125,9.759814262390137,7.138888835906982,2817.45947265625,25.63226890563965,28.861328125,384.70001220703125,173.0260009765625,97.96399688720703,0.8489999771118164,59.9900016784668,155477.0,176.4420166015625,0.5520226955413818,186.34085083007812,0.5226980447769165
2026-09-08T19:01:00.000+08:00,3481.453125,9.753634452819824,7.137803554534912,2805.03662109375,25.6080322265625,28.625,384.6000061035156,172.74600219726562,97.947998046875,0.8519999980926514,60.0099983215332,155478.796875,177.75938415527344,0.5501819252967834,171.20826721191406,0.5712341070175171
2026-09-08T19:02:00.000+08:00,3419.3125,9.700709342956543,7.199760913848877,2809.427490234375,25.62427520751953,28.6669921875,384.5,171.375,96.76300048828125,0.847000002861023,60.02000045776367,155480.296875,177.07569885253906,0.5494824647903442,165.8885955810547,0.5865381956100464
2026-09-08T19:03:00.000+08:00,3407.05517578125,9.723666191101074,7.200846195220947,2801.37841796875,25.744905471801758,28.625,384.6000061035156,170.39999389648438,96.59300231933594,0.8510000109672546,60.02000045776367,155481.90625,175.0422821044922,0.5570082664489746,174.9434051513672,0.5573230981826782
2026-09-08T19:04:00.000+08:00,3541.807861328125,9.705523490905762,7.199760913848877,2825.79248046875,25.72468376159668,28.69482421875,384.70001220703125,169.8040008544922,96.91600036621094,0.8539999723434448,60.0,155483.5,175.63682556152344,0.5471518039703369,174.0618896484375,0.5521024465560913
2026-09-08T19:05:00.000+08:00,3450.27734375,9.754542350769043,7.133463382720947,2815.022216796875,25.652055740356445,28.861328125,384.70001220703125,168.9510040283203,97.8740005493164,0.8690000176429749,60.0099983215332,155485.203125,172.6083221435547,0.5561724901199341,162.86415100097656,0.5894482731819153
2026-09-08T19:06:00.000+08:00,3434.626953125,9.681864738464355,7.137803554534912,2812.802490234375,25.640596389770508,28.84765625,384.6000061035156,168.8780059814453,97.86000061035156,0.8690000176429749,60.02000045776367,155486.796875,170.88348388671875,0.5635418891906738,168.7638702392578,0.5706197619438171
2026-09-08T19:07:00.000+08:00,3413.3857421875,9.74634838104248,7.108180999755859,2805.26025390625,25.67623519897461,28.83349609375,385.20001220703125,169.42999267578125,97.74400329589844,0.8659999966621399,60.040000915527344,155488.5,177.5146026611328,0.5431305766105652,176.46624755859375,0.5480948090553284
2026-09-08T19:08:00.000+08:00,3463.001953125,9.649592399597168,7.1399736404418945,2821.8359375,25.637113571166992,28.83349609375,384.8999938964844,168.8090057373047,97.7020034790039,0.8679999709129333,59.9900016784668,155490.09375,176.88986206054688,0.5489291548728943,174.98497009277344,0.5549048185348511
2026-09-08T19:09:00.000+08:00,3459.345703125,9.642725944519043,7.106553554534912,2792.843994140625,25.65424156188965,28.861328125,385.1000061035156,169.11399841308594,97.82499694824219,0.8669999837875366,60.02000045776367,155491.796875,177.21246337890625,0.5479298830032349,174.95474243164062,0.5550006628036499
2026-09-08T19:10:00.000+08:00,3479.0302734375,9.705050468444824,7.13563346862793,2786.858154296875,25.64325523376465,28.861328125,384.79998779296875,169.04600524902344,98.0250015258789,0.8679999709129333,59.970001220703125,155493.40625,172.7405242919922,0.5615358948707581,177.84278869628906,0.545425534248352
2026-09-08T19:11:00.000+08:00,3407.03369140625,9.752947807312012,7.1087236404418945,2806.93603515625,25.652469635009766,28.81982421875,385.29998779296875,169.6009979248047,98.08699798583984,0.8659999966621399,60.029998779296875,155495.0,171.82046508789062,0.5651248097419739,177.40863037109375,0.547324001789093
2026-09-08T19:12:00.000+08:00,3528.16552734375,9.714106559753418,7.169053554534912,2813.177734375,25.677927017211914,28.833984375,384.8999938964844,169.4550018310547,97.9739990234375,0.8669999837875366,59.959999084472656,155496.59375,176.7126007080078,0.5494797825813293,174.54685974121094,0.5562976002693176
2026-09-08T19:13:00.000+08:00,3509.55517578125,9.707064628601074,7.170680999755859,2816.193115234375,25.667020797729492,28.84765625,385.6000061035156,169.91000366210938,98.01799774169922,0.8640000224113464,60.029998779296875,155498.203125,179.5150604248047,0.5425728559494019,174.36849975585938,0.5585871338844299
2026-09-08T19:14:00.000+08:00,3425.86376953125,9.707064628601074,7.16796875,2802.01416015625,25.69206428527832,28.861328125,385.1000061035156,169.36300659179688,98.07099914550781,0.8690000176429749,59.970001220703125,155500.0,173.48623657226562,0.5608514547348022,175.46229553222656,0.5545350909233093
2026-09-08T19:15:00.000+08:00,3446.0458984375,9.714571952819824,7.170680999755859,2803.392333984375,25.723352432250977,28.8203125,385.0,169.73599243164062,98.1240005493164,0.8669999837875366,60.029998779296875,155501.5,178.2838897705078,0.5446369647979736,172.04681396484375,0.5643812417984009
2026-09-08T19:16:00.000+08:00,3426.328125,9.700884819030762,7.169596195220947,2813.189208984375,25.71405792236328,28.8203125,384.79998779296875,169.6510009765625,97.9229965209961,0.8669999837875366,59.970001220703125,155503.09375,178.5136260986328,0.5450564026832581,176.89923095703125,0.5500306487083435
2026-09-08T19:17:00.000+08:00,3492.755859375,9.722521781921387,7.169053554534912,2801.06396484375,25.706613540649414,28.75,385.1000061035156,170.39300537109375,98.0009994506836,0.8629999756813049,60.029998779296875,155504.796875,177.8845672607422,0.5464217662811279,174.618896484375,0.5566407442092896
2026-09-08T19:18:00.000+08:00,3428.81494140625,9.683627128601074,7.138346195220947,2791.184326171875,25.69690704345703,28.833984375,385.3999938964844,169.072998046875,97.49299621582031,0.8629999756813049,59.97999954223633,155506.5,173.4518280029297,0.5598095655441284,172.41696166992188,0.5631696581840515
2026-09-08T19:19:00.000+08:00,3407.8232421875,9.66907787322998,7.14051628112793,2803.12841796875,25.703956604003906,28.75,385.6000061035156,169.48500061035156,97.91600036621094,0.8640000224113464,60.02000045776367,155508.09375,172.65379333496094,0.5629763007164001,174.71841430664062,0.5563237071037292
2026-09-08T19:20:00.000+08:00,3400.108642578125,9.683367729187012,7.108180999755859,2810.985107421875,25.7053165435791,28.806640625,385.5,169.12899780273438,97.85099792480469,0.8669999837875366,59.9900016784668,155509.703125,172.21707153320312,0.5626620054244995,176.1973419189453,0.5499515533447266
2026-09-08T19:21:00.000+08:00,3412.606201171875,9.754115104675293,7.1399736404418945,2785.146728515625,25.699092864990234,28.84765625,385.3999938964844,169.80499267578125,98.0780029296875,0.8640000224113464,60.0,155511.203125,171.20968627929688,0.565972626209259,168.3266143798828,0.5756665468215942
2026-09-08T19:22:00.000+08:00,3459.89794921875,9.759387016296387,7.139430999755859,2814.38916015625,25.72730827331543,28.833984375,385.29998779296875,169.2239990234375,98.0780029296875,0.8690000176429749,60.0099983215332,155512.90625,176.8739013671875,0.5489786863327026,170.70901489257812,0.568804144859314
2026-09-08T19:23:00.000+08:00,3417.5107421875,9.745265007019043,7.20301628112793,2810.2783203125,25.723745346069336,28.76416015625,385.3999938964844,169.28700256347656,98.00800323486328,0.8669999837875366,60.0,155514.5,173.07476806640625,0.5616070032119751,167.50860595703125,0.5802686810493469
2026-09-08T19:24:00.000+08:00,3469.0126953125,9.818194389343262,7.17176628112793,2807.16259765625,25.732959747314453,28.75,385.6000061035156,169.15699768066406,98.13600158691406,0.8690000176429749,60.02000045776367,155516.203125,174.44873046875,0.5577569603919983,172.15113830566406,0.5652010440826416
2026-09-08T19:25:00.000+08:00,3545.525390625,9.754794120788574,7.17176628112793,2804.85009765625,25.717601776123047,28.8203125,385.3999938964844,168.6230010986328,98.01300048828125,0.8709999918937683,60.0099983215332,155517.796875,178.95555114746094,0.5442692041397095,160.89752197265625,0.6053542494773865
2026-09-08T19:26:00.000+08:00,3434.092041015625,9.746806144714355,7.169596195220947,2814.948974609375,25.71364402770996,28.84765625,385.8999938964844,169.10000610351562,98.0250015258789,0.8669999837875366,60.040000915527344,155519.5,179.7827606201172,0.5412087440490723,173.44317626953125,0.5609906315803528
2026-09-08T19:27:00.000+08:00,3490.978271484375,9.708178520202637,7.199760913848877,2792.9697265625,25.705238342285156,28.84765625,385.70001220703125,169.82000732421875,98.1989974975586,0.8659999966621399,60.029998779296875,155521.09375,178.58642578125,0.5448342561721802,171.93968200683594,0.5658961534500122
2026-09-08T19:28:00.000+08:00,3480.805419921875,9.715907096862793,7.170138835906982,2811.224365234375,25.67889404296875,28.8203125,385.70001220703125,169.51600646972656,98.0780029296875,0.8659999966621399,60.029998779296875,155522.796875,177.9910430908203,0.5460948944091797,169.14157104492188,0.5746665596961975
2026-09-08T19:29:00.000+08:00,3480.8876953125,9.713427543640137,7.139430999755859,2807.591796875,25.688993453979492,28.861328125,385.6000061035156,168.8780059814453,98.02200317382812,0.8690000176429749,60.02000045776367,155524.40625,177.52671813964844,0.5475232005119324,174.77572631835938,0.5561413168907166
2026-09-08T19:30:00.000+08:00,3440.429443359375,9.706591606140137,7.169053554534912,2816.60498046875,25.69602394104004,28.81982421875,385.6000061035156,168.76499938964844,97.93399810791016,0.8679999709129333,60.029998779296875,155525.90625,173.86630249023438,0.5590502619743347,175.0645751953125,0.5552237033843994
2026-09-08T19:31:00.000+08:00,3469.453857421875,9.722262382507324,7.139430999755859,2812.6689453125,25.664756774902344,28.81982421875,385.6000061035156,168.74000549316406,97.95700073242188,0.8690000176429749,59.97999954223633,155527.59375,177.1893768310547,0.5491299629211426,177.0378875732422,0.5495998859405518
2026-09-08T19:32:00.000+08:00,3467.455322265625,9.699976921081543,7.1712236404418945,2796.5673828125,25.674049377441406,28.806640625,385.6000061035156,169.1230010986328,97.94999694824219,0.8669999837875366,59.9900016784668,155529.296875,175.02137756347656,0.5547893643379211,176.16705322265625,0.5511813759803772
2026-09-08T19:33:00.000+08:00,3400.499755859375,9.738192558288574,7.138346195220947,2803.433837890625,25.678421020507812,28.833984375,385.8999938964844,169.177001953125,98.06199645996094,0.8690000176429749,60.02000045776367,155530.90625,175.3752899169922,0.5542399883270264,172.08023071289062,0.564852774143219
2026-09-08T19:34:00.000+08:00,3460.234619140625,9.751879692077637,7.137803554534912,2811.863525390625,25.658611297607422,28.7919921875,385.6000061035156,169.44400024414062,97.86000061035156,0.8650000095367432,59.9900016784668,155532.59375,175.59271240234375,0.5518452525138855,175.08070373535156,0.5534590482711792
2026-09-08T19:35:00.000+08:00,3512.359375,9.672335624694824,7.10926628112793,2805.33251953125,25.667020797729492,28.833984375,385.8999938964844,169.20899963378906,98.13099670410156,0.8669999837875366,60.02000045776367,155534.203125,179.40501403808594,0.5417909026145935,176.6962890625,0.5500964522361755
2026-09-08T19:36:00.000+08:00,3420.6298828125,9.705477714538574,7.137803554534912,2786.515380859375,25.644142150878906,28.806640625,385.70001220703125,168.8000030517578,97.93199920654297,0.8690000176429749,60.02000045776367,155535.796875,176.115234375,0.5507757067680359,170.0628204345703,0.5703774690628052
2026-09-08T19:37:00.000+08:00,3447.9443359375,9.697062492370605,7.107638835906982,2801.558837890625,25.668712615966797,28.861328125,385.6000061035156,168.7259979248047,97.77200317382812,0.8679999709129333,60.029998779296875,155537.5,175.8282012939453,0.553381085395813,176.08932495117188,0.5525604486465454
2026-09-08T19:38:00.000+08:00,3372.842529296875,9.648730278015137,7.13671875,2802.51953125,25.658611297607422,28.861328125,385.6000061035156,168.58999633789062,97.91100311279297,0.8700000047683716,60.02000045776367,155539.0,172.88153076171875,0.5622346997261047,172.16729736328125,0.5645671486854553
2026-09-08T19:39:00.000+08:00,3406.47021484375,9.6957426071167,7.104926109313965,2817.645263671875,25.66257095336914,28.833984375,385.79998779296875,169.00399780273438,97.81400299072266,0.8659999966621399,60.029998779296875,155540.703125,175.0154266357422,0.5548082590103149,176.82882690429688,0.5491185784339905
2026-09-08T19:40:00.000+08:00,3492.096923828125,9.665263175964355,7.103298187255859,2805.780029296875,25.6713924407959,28.81982421875,385.6000061035156,168.72799682617188,97.69100189208984,0.8669999837875366,60.02000045776367,155542.296875,179.41470336914062,0.5406469106674194,173.45416259765625,0.5592255592346191
2026-09-08T19:41:00.000+08:00,3409.56884765625,9.687541007995605,7.074760913848877,2814.316650390625,25.630023956298828,28.833984375,385.6000061035156,168.23699951171875,97.69999694824219,0.8690000176429749,59.9900016784668,155543.90625,176.322265625,0.5501290559768677,178.34542846679688,0.5438883900642395
2026-09-08T19:42:00.000+08:00,3472.787109375,9.662379264831543,7.07421875,2785.98974609375,25.627819061279297,28.75,385.6000061035156,167.66600036621094,97.61399841308594,0.8709999918937683,60.0,155545.59375,175.24864196777344,0.5534992814064026,172.54322814941406,0.5621779561042786
2026-09-08T19:43:00.000+08:00,3459.5888671875,9.634234428405762,7.013888835906982,2815.548095703125,25.576351165771484,28.6953125,386.20001220703125,168.64700317382812,97.63300323486328,0.8659999966621399,60.02000045776367,155547.203125,178.70751953125,0.5427863597869873,176.44190979003906,0.5497559905052185
2026-09-08T19:44:00.000+08:00,3486.340576171875,9.576884269714355,7.074760913848877,2806.95751953125,25.551719665527344,28.6953125,385.8999938964844,168.43899536132812,97.62100219726562,0.8669999837875366,60.0099983215332,155548.90625,179.03158569335938,0.5406867265701294,165.6917724609375,0.5842173099517822
2026-09-08T19:45:00.000+08:00,3383.37158203125,9.678019523620605,7.044596195220947,2800.156005859375,25.545557022094727,28.681640625,385.8999938964844,168.99200439453125,97.84400177001953,0.8679999709129333,59.97999954223633,155550.40625,173.27801513671875,0.5586398243904114,172.93936157226562,0.5597337484359741
2026-09-08T19:46:00.000+08:00,3496.2119140625,9.632769584655762,7.0462236404418945,2815.270263671875,25.537208557128906,28.6669921875,386.0,168.75799560546875,97.76699829101562,0.8659999966621399,60.029998779296875,155552.203125,173.66172790527344,0.5579813122749329,178.03573608398438,0.544272780418396
2026-09-08T19:47:00.000+08:00,3493.232666015625,9.631434440612793,7.04188346862793,2814.43798828125,25.52181053161621,28.69482421875,385.6000061035156,169.1719970703125,97.822998046875,0.8659999966621399,59.970001220703125,155553.703125,177.837158203125,0.5454428195953369,177.7810516357422,0.5456149578094482
2026-09-08T19:48:00.000+08:00,3442.2158203125,9.622340202331543,7.0149736404418945,2786.17578125,25.51960563659668,28.736328125,385.5,168.7729949951172,97.50700378417969,0.8650000095367432,60.02000045776367,155555.296875,176.1103515625,0.5507910251617432,171.33047485351562,0.5661572813987732
2026-09-08T19:49:00.000+08:00,3482.6572265625,9.58460521697998,7.044596195220947,2801.003173828125,25.51035499572754,28.72265625,385.3999938964844,168.8520050048828,97.55799865722656,0.8669999837875366,60.02000045776367,155557.0,183.22775268554688,0.5293957591056824,176.3413543701172,0.5500695109367371
2026-09-08T19:50:00.000+08:00,3381.745361328125,9.57752513885498,7.039170742034912,2806.7236328125,25.529727935791016,28.6953125,385.5,168.75599670410156,97.62999725341797,0.8669999837875366,60.029998779296875,155558.703125,170.23123168945312,0.5698131918907166,177.2213134765625,0.5473382472991943
2026-09-08T19:51:00.000+08:00,3403.734619140625,9.58661937713623,7.075303554534912,2821.8232421875,25.538942337036133,28.69482421875,385.6000061035156,169.3489990234375,97.74600219726562,0.8650000095367432,60.029998779296875,155560.203125,173.83363342285156,0.5574295520782471,179.85174560546875,0.544538140296936
2026-09-08T19:52:00.000+08:00,3406.557373046875,9.600054740905762,7.045138835906982,2790.4501953125,25.512990951538086,28.72265625,385.29998779296875,168.4810028076172,97.39600372314453,0.8659999966621399,60.02000045776367,155561.90625,172.59727478027344,0.5625813007354736,174.97091674804688,0.5549494028091431
2026-09-08T19:53:00.000+08:00,3383.600830078125,9.576189994812012,7.045680999755859,2812.92724609375,25.51960563659668,28.70849609375,385.5,168.79800415039062,97.64199829101562,0.8669999837875366,60.029998779296875,155563.5,172.6674346923828,0.5611944198608398,178.8194580078125,0.5418873429298401
2026-09-08T19:54:00.000+08:00,3452.16064453125,9.630755424499512,7.007920742034912,2814.836669921875,25.50641441345215,28.69482421875,385.5,166.47500610351562,95.96900177001953,0.8629999756813049,60.02000045776367,155565.09375,176.61305236816406,0.547524631023407,173.3125762939453,0.5579513907432556
2026-09-08T19:55:00.000+08:00,3495.824951171875,9.61597728729248,7.044596195220947,2811.23681640625,25.586090087890625,28.59765625,385.5,166.72900390625,95.89299774169922,0.8640000224113464,60.02000045776367,155566.703125,174.7926025390625,0.5537991523742676,173.0677490234375,0.5593185424804688
2026-09-08T19:56:00.000+08:00,3447.8115234375,9.601397514343262,7.044596195220947,2788.573974609375,25.590049743652344,28.51416015625,385.6000061035156,165.9320068359375,96.0479965209961,0.8669999837875366,60.0,155568.296875,179.42503356933594,0.5311410427093506,171.79095458984375,0.5547440052032471
2026-09-08T19:57:00.000+08:00,3423.203857421875,9.554522514343262,7.01171875,2808.265380859375,25.587844848632812,28.5,385.8999938964844,165.67100524902344,95.92500305175781,0.8659999966621399,60.02000045776367,155569.90625,175.0579376220703,0.5443912148475647,168.29302978515625,0.5662741661071777
2026-09-08T19:58:00.000+08:00,3455.91064453125,9.569537162780762,7.014430999755859,2804.6513671875,25.583019256591797,28.5,385.5,166.81199645996094,96.15899658203125,0.8629999756813049,59.9900016784668,155571.5,176.9843292236328,0.5390307903289795,166.92144775390625,0.5715263485908508
2026-09-08T19:59:00.000+08:00,3470.375732421875,9.539752006530762,7.045138835906982,2796.64501953125,25.583452224731445,28.56982421875,385.70001220703125,166.36500549316406,96.30599975585938,0.8669999837875366,59.9900016784668,155573.09375,175.08863830566406,0.5501381158828735,166.15261840820312,0.5735690593719482
2026-09-08T20:00:00.000+08:00,3448.604736328125,9.513262748718262,7.0462236404418945,2831.77880859375,25.617319107055664,28.611328125,385.6000061035156,166.3070068359375,96.2239990234375,0.8669999837875366,59.959999084472656,155574.703125,174.83201599121094,0.5445226430892944,163.89340209960938,0.5808653235435486
2026-09-08T20:01:00.000+08:00,3404.204833984375,9.602252006530762,7.045680999755859,2800.211181640625,25.61292839050293,28.611328125,385.8999938964844,165.93699645996094,96.02899932861328,0.8669999837875366,59.970001220703125,155576.296875,172.0172882080078,0.55633944272995,167.0221405029297,0.5729779005050659
2026-09-08T20:02:00.000+08:00,3482.718017578125,9.592379570007324,7.073676109313965,2800.85107421875,25.618202209472656,28.556640625,385.6000061035156,166.60400390625,96.13800048828125,0.8640000224113464,59.95000076293945,155577.90625,174.99147033691406,0.5457408428192139,165.08456420898438,0.5784913897514343
2026-09-08T20:03:00.000+08:00,3388.1806640625,9.616847038269043,7.044053554534912,2810.0390625,25.61292839050293,28.5,385.79998779296875,166.1510009765625,96.19000244140625,0.8669999837875366,59.9900016784668,155579.5,171.86721801757812,0.5556614995002747,164.12559509277344,0.5818714499473572
2026-09-08T20:04:00.000+08:00,3435.091064453125,9.616671562194824,7.075303554534912,2814.84765625,25.601486206054688,28.58349609375,385.6000061035156,166.3000030517578,96.11799621582031,0.8650000095367432,59.970001220703125,155581.203125,171.72410583496094,0.5555422902107239,164.11190795898438,0.5813106894493103
2026-09-08T20:05:00.000+08:00,3448.204345703125,9.577059745788574,7.009006023406982,2788.43310546875,25.58036231994629,28.51416015625,385.6000061035156,165.91200256347656,96.03199768066406,0.8669999837875366,59.97999954223633,155582.796875,174.8206024169922,0.546846330165863,160.04705810546875,0.5973243117332458
2026-09-08T20:06:00.000+08:00,3427.397216796875,9.53528881072998,6.979926109313965,2768.0712890625,25.569374084472656,28.611328125,385.6000061035156,168.07899475097656,97.23400115966797,0.8659999966621399,59.97999954223633,155584.296875,172.97019958496094,0.5515400767326355,158.8058624267578,0.6007334589958191
2026-09-08T20:07:00.000+08:00,3360.153564453125,9.5659818649292,6.94921875,2811.1142578125,25.613811492919922,28.5703125,385.6000061035156,168.0,97.34300231933594,0.8669999837875366,60.02000045776367,155585.90625,164.81097412109375,0.5770246982574463,162.28123474121094,0.5860196948051453
2026-09-08T20:08:00.000+08:00,3417.432861328125,9.5198392868042,6.984808921813965,2805.24267578125,25.614246368408203,28.611328125,385.29998779296875,168.3249969482422,97.44200134277344,0.8669999837875366,59.970001220703125,155587.5,172.7293243408203,0.5598354339599609,166.3677520751953,0.5812424421310425
2026-09-08T20:09:00.000+08:00,3479.41015625,9.4729642868042,6.9524736404418945,2816.91748046875,25.61203956604004,28.5283203125,385.5,167.46099853515625,97.03900146484375,0.8679999709129333,60.029998779296875,155589.296875,181.07879638671875,0.5340216755867004,180.37698364257812,0.5360994338989258
2026-09-08T20:10:00.000+08:00,3335.036865234375,9.508761405944824,6.8899736404418945,2808.076171875,25.535457611083984,28.65283203125,385.70001220703125,169.468994140625,98.42400360107422,0.8700000047683716,59.970001220703125,155590.90625,172.4423065185547,0.5584476590156555,160.73233032226562,0.5991327166557312
2026-09-08T20:11:00.000+08:00,3433.359130859375,9.494990348815918,6.88671875,2814.08837890625,25.53632164001465,28.6669921875,385.79998779296875,169.2429962158203,98.16200256347656,0.8679999709129333,60.029998779296875,155592.5,172.29473876953125,0.560086727142334,179.55450439453125,0.5374412536621094
2026-09-08T20:12:00.000+08:00,3341.644775390625,9.401217460632324,6.85438346862793,2813.839599609375,25.516080856323242,28.69482421875,385.70001220703125,169.79200744628906,98.16799926757812,0.8650000095367432,59.959999084472656,155594.09375,172.3628387451172,0.5668275356292725,174.5586395263672,0.5596973299980164
2026-09-08T20:13:00.000+08:00,3451.056884765625,9.437312126159668,6.828558921813965,2804.54248046875,25.528841018676758,28.6953125,385.6000061035156,170.197998046875,98.04299926757812,0.8629999756813049,59.970001220703125,155595.796875,178.37388610839844,0.5466046929359436,175.53953552246094,0.5554304122924805
2026-09-08T20:14:00.000+08:00,3436.3857421875,9.327082633972168,6.825846195220947,2799.994873046875,25.5046443939209,28.681640625,386.0,169.2449951171875,98.05000305175781,0.8679999709129333,60.0099983215332,155597.40625,178.7883758544922,0.5447781085968018,177.3842315673828,0.5490905046463013
2026-09-08T20:15:00.000+08:00,3397.510498046875,9.333338737487793,6.826388835906982,2783.50341796875,25.619091033935547,28.583984375,386.0,168.781005859375,98.09200286865234,0.8690000176429749,59.9900016784668,155599.0,174.95985412597656,0.5566991567611694,174.6820526123047,0.5575844645500183
2026-09-08T20:16:00.000+08:00,3472.696044921875,9.365283012390137,6.795680999755859,2805.993896484375,25.5046443939209,28.5283203125,386.0,168.01400756835938,97.68599700927734,0.8700000047683716,59.9900016784668,155600.703125,172.34161376953125,0.5634158849716187,176.8772735595703,0.5489682555198669
2026-09-08T20:17:00.000+08:00,3385.43603515625,9.348544120788574,6.79296875,2804.84716796875,25.516536712646484,28.736328125,385.70001220703125,169.97799682617188,99.01300048828125,0.871999979019165,60.0,155602.296875,173.13308715820312,0.5631505846977234,166.7430877685547,0.5847318768501282
2026-09-08T20:18:00.000+08:00,3421.461181640625,9.3185453414917,6.729926109313965,2796.344970703125,25.530614852905273,28.625,386.0,169.68800354003906,98.8550033569336,0.8709999918937683,60.02000045776367,155603.90625,172.31756591796875,0.5634945034980774,162.31861877441406,0.5982061624526978
2026-09-08T20:19:00.000+08:00,3418.814453125,9.278666496276855,6.764430999755859,2827.65771484375,25.515649795532227,28.72265625,386.1000061035156,169.76199340820312,98.89700317382812,0.8709999918937683,59.970001220703125,155605.5,172.19854736328125,0.5638839602470398,180.6438446044922,0.5375217795372009
2026-09-08T20:20:00.000+08:00,3413.50341796875,9.373400688171387,6.761176109313965,2810.3896484375,25.521339416503906,28.6953125,386.0,167.85000610351562,97.58799743652344,0.8700000047683716,60.029998779296875,155607.09375,170.36570739746094,0.5752331018447876,171.71463012695312,0.5707142949104309
2026-09-08T20:21:00.000+08:00,3412.145263671875,9.381632804870605,6.795138835906982,2814.173828125,25.505962371826172,28.681640625,385.6000061035156,172.89599609375,98.18900299072266,0.8500000238418579,59.959999084472656,155608.796875,169.60240173339844,0.5801804661750793,175.9427947998047,0.5592727065086365
2026-09-08T20:22:00.000+08:00,3424.970947265625,9.271838188171387,6.794596195220947,2827.329833984375,25.624801635742188,28.708984375,385.8999938964844,171.26400756835938,97.7249984741211,0.8539999723434448,60.0,155610.40625,177.40480041503906,0.5478994846343994,178.4965362548828,0.5445483922958374
2026-09-08T20:23:00.000+08:00,3425.7578125,9.292468070983887,6.7649736404418945,2803.048828125,25.6186580657959,28.58349609375,385.70001220703125,171.8520050048828,97.73899841308594,0.8510000109672546,60.02000045776367,155612.09375,176.03250122070312,0.5521707534790039,176.05557250976562,0.5520983934402466
2026-09-08T20:24:00.000+08:00,3417.45947265625,9.310564994812012,6.7337236404418945,2802.523193359375,25.505529403686523,28.625,385.0,173.9029998779297,98.81800079345703,0.8529999852180481,59.970001220703125,155613.796875,173.3060760498047,0.5614344477653503,177.34544372558594,0.5486467480659485
2026-09-08T20:25:00.000+08:00,3472.366943359375,9.356623649597168,6.760091304779053,2812.41015625,25.52004051208496,28.63916015625,384.8999938964844,173.91000366210938,98.73899841308594,0.8529999852180481,60.029998779296875,155615.40625,173.7974853515625,0.5592716336250305,167.09500122070312,0.5817050337791443
2026-09-08T20:26:00.000+08:00,3446.697265625,9.272356986999512,6.76551628112793,2825.16259765625,25.53982925415039,28.6533203125,384.79998779296875,174.11300659179688,99.0479965209961,0.8529999852180481,60.0,155617.09375,176.2217254638672,0.5578199625015259,179.79055786132812,0.5467472672462463
2026-09-08T20:27:00.000+08:00,3424.868896484375,9.29218578338623,6.73046875,2812.563720703125,25.535022735595703,28.6669921875,384.79998779296875,173.8560028076172,98.83200073242188,0.8539999723434448,59.9900016784668,155618.703125,175.88841247558594,0.5594455599784851,177.24465942382812,0.5551648139953613
2026-09-08T20:28:00.000+08:00,3441.748291015625,9.310328483581543,6.795138835906982,2788.665771484375,25.6208438873291,28.583984375,384.70001220703125,171.88900756835938,97.86199951171875,0.8539999723434448,60.029998779296875,155620.40625,170.56117248535156,0.5775054097175598,172.2711944580078,0.5717728734016418
2026-09-08T20:29:00.000+08:00,3417.29296875,9.313593864440918,6.826930999755859,2796.534423828125,25.601486206054688,28.5419921875,385.1000061035156,171.79800415039062,98.0250015258789,0.8550000190734863,60.029998779296875,155622.0,173.50897216796875,0.5648123025894165,174.63804626464844,0.5603256821632385
2026-09-08T20:30:00.000+08:00,3441.27001953125,9.34497356414795,6.854926109313965,2800.457763671875,25.599716186523438,28.5283203125,385.1000061035156,170.7209930419922,96.74600219726562,0.8500000238418579,60.040000915527344,155623.59375,171.3638153076172,0.5689648985862732,176.23526000976562,0.553237795829773
2026-09-08T20:31:00.000+08:00,3417.014892578125,9.386309623718262,6.891058921813965,2819.9013671875,25.605010986328125,28.556640625,384.70001220703125,170.24600219726562,96.65799713134766,0.8519999980926514,60.029998779296875,155625.203125,166.9722442626953,0.5803359746932983,164.52223205566406,0.5889781713485718
2026-09-08T20:32:00.000+08:00,3428.667724609375,9.330073356628418,6.889430999755859,2796.843505859375,25.569808959960938,28.5283203125,384.8999938964844,170.38499450683594,96.91799926757812,0.8529999852180481,60.029998779296875,155626.796875,168.59803771972656,0.5717741847038269,162.4421844482422,0.593441903591156
2026-09-08T20:33:00.000+08:00,3398.681396484375,9.446696281433105,6.919053554534912,2796.9130859375,25.557050704956055,28.5556640625,385.0,171.1529998779297,97.01799774169922,0.8500000238418579,60.029998779296875,155628.40625,167.6866455078125,0.57130366563797,164.94813537597656,0.5807886123657227
2026-09-08T20:34:00.000+08:00,3417.914306640625,9.38501262664795,6.886176109313965,2809.16259765625,25.56144142150879,28.5703125,384.79998779296875,171.05799865722656,97.0199966430664,0.8510000109672546,60.040000915527344,155630.09375,169.13739013671875,0.5699508786201477,165.3656463623047,0.5829505920410156
2026-09-08T20:35:00.000+08:00,3374.2470703125,9.4017972946167,6.91688346862793,2808.25634765625,25.5662841796875,28.556640625,384.70001220703125,170.83599853515625,96.7760009765625,0.8489999771118164,60.029998779296875,155631.703125,165.62881469726562,0.5808168053627014,169.17266845703125,0.5686497688293457
2026-09-08T20:36:00.000+08:00,3430.4775390625,9.3523588180542,6.887260913848877,2814.23583984375,25.56321144104004,28.5,384.70001220703125,170.61099243164062,96.80400085449219,0.8500000238418579,60.040000915527344,155633.203125,174.08700561523438,0.5525972247123718,165.71434020996094,0.580517053604126
2026-09-08T20:37:00.000+08:00,3406.436767578125,9.344408988952637,6.88563346862793,2804.184814453125,25.55748176574707,28.556640625,384.8999938964844,171.36900329589844,96.96900177001953,0.8479999899864197,60.029998779296875,155634.796875,167.9501190185547,0.5704074501991272,166.37887573242188,0.5757942795753479
2026-09-08T20:38:00.000+08:00,3390.380615234375,9.295138359069824,6.82313346862793,2800.2998046875,25.532852172851562,28.59765625,385.1000061035156,170.71299743652344,96.51399993896484,0.8489999771118164,60.040000915527344,155636.5,171.14462280273438,0.5615134239196777,163.63697814941406,0.5872755646705627
2026-09-08T20:39:00.000+08:00,3373.07080078125,9.302645683288574,6.82421875,2801.737060546875,25.531965255737305,28.56982421875,384.8999938964844,171.00599670410156,96.56800079345703,0.847000002861023,60.02000045776367,155638.09375,164.35926818847656,0.5853031873703003,167.18960571289062,0.5753946304321289
2026-09-08T20:40:00.000+08:00,3452.6259765625,9.266695976257324,6.826388835906982,2808.919189453125,25.520978927612305,28.5419921875,384.8999938964844,170.7449951171875,96.66300201416016,0.8479999899864197,60.02000045776367,155639.703125,165.0778045654297,0.5803323984146118,168.91592407226562,0.5671460628509521
2026-09-08T20:41:00.000+08:00,3406.85595703125,9.365435600280762,6.857638835906982,2815.77490234375,25.506446838378906,28.5283203125,384.70001220703125,170.66900634765625,96.62799835205078,0.8489999771118164,60.0099983215332,155641.296875,166.92990112304688,0.5738936066627502,165.8194580078125,0.5777367949485779
2026-09-08T20:42:00.000+08:00,3473.661865234375,9.327662467956543,6.88563346862793,2793.303955078125,25.517000198364258,28.5283203125,384.70001220703125,171.28199768066406,96.71600341796875,0.847000002861023,60.0,155642.90625,170.32211303710938,0.5642250776290894,164.858642578125,0.5829236507415771
2026-09-08T20:43:00.000+08:00,3342.6728515625,9.336176872253418,6.857638835906982,2803.460205078125,25.50908660888672,28.59765625,384.70001220703125,170.53700256347656,96.66699981689453,0.8500000238418579,59.970001220703125,155644.59375,165.31800842285156,0.5831186175346375,168.0889892578125,0.5735057592391968
2026-09-08T20:44:00.000+08:00,3356.7197265625,9.304362297058105,6.826388835906982,2787.0546875,25.618255615234375,28.45849609375,384.70001220703125,171.593994140625,96.8759994506836,0.847000002861023,59.959999084472656,155646.203125,166.87278747558594,0.5758877396583557,167.96591186523438,0.5721399188041687
2026-09-08T20:45:00.000+08:00,3482.743896484375,9.28161907196045,6.85926628112793,2795.30712890625,25.508651733398438,28.56982421875,384.70001220703125,170.447998046875,96.53099822998047,0.8500000238418579,59.97999954223633,155647.796875,173.44015502929688,0.5523518919944763,170.3216094970703,0.5624653697013855
2026-09-08T20:46:00.000+08:00,3375.47705078125,9.26587200164795,6.826930999755859,2770.13427734375,25.485342025756836,28.486328125,384.70001220703125,171.63600158691406,96.67400360107422,0.8450000286102295,59.970001220703125,155649.40625,164.36105346679688,0.5859051942825317,156.10777282714844,0.6168815493583679
2026-09-08T20:47:00.000+08:00,3467.167236328125,9.293452262878418,6.828558921813965,2790.4765625,25.582616806030273,28.47265625,384.6000061035156,170.281005859375,96.54000091552734,0.8510000109672546,59.970001220703125,155651.0,166.77403259277344,0.5750295519828796,153.4403839111328,0.6249984502792358
2026-09-08T20:48:00.000+08:00,3429.2333984375,9.27295207977295,6.825303554534912,2805.05712890625,25.44222068786621,28.431640625,384.70001220703125,170.45899963378906,96.5999984741211,0.8500000238418579,59.970001220703125,155652.59375,166.9013214111328,0.5751901865005493,163.55563354492188,0.586956262588501
2026-09-08T20:49:00.000+08:00,3383.471923828125,9.282191276550293,6.822048187255859,2785.11474609375,25.458919525146484,28.4169921875,384.6000061035156,171.57899475097656,96.71399688720703,0.8460000157356262,60.0099983215332,155654.203125,164.5682373046875,0.5827369689941406,159.70387268066406,0.6004863381385803
2026-09-08T20:50:00.000+08:00,3370.51318359375,9.318278312683105,6.795680999755859,2814.833251953125,25.448366165161133,28.458984375,384.70001220703125,170.5030059814453,96.56999969482422,0.8500000238418579,59.970001220703125,155655.796875,163.55145263671875,0.5875826478004456,169.64419555664062,0.5664797425270081
2026-09-08T20:51:00.000+08:00,3435.967529296875,9.265009880065918,6.8274736404418945,2831.1064453125,25.599334716796875,28.486328125,384.3999938964844,170.63699340820312,96.64700317382812,0.8500000238418579,59.97999954223633,155657.40625,171.6516876220703,0.5604372024536133,164.0760498046875,0.5863134860992432
2026-09-08T20:52:00.000+08:00,3430.001708984375,9.289729118347168,6.825303554534912,2793.260009765625,25.59449005126953,28.47265625,384.3999938964844,170.74000549316406,96.84400177001953,0.8510000109672546,59.97999954223633,155659.0,171.2944793701172,0.561022162437439,160.7598419189453,0.5977861285209656
2026-09-08T20:53:00.000+08:00,3393.141357421875,9.37678050994873,6.85926628112793,2794.0703125,25.60108757019043,28.4033203125,384.0,169.11199951171875,95.1969985961914,0.8460000157356262,59.97999954223633,155660.59375,167.6648712158203,0.5737636089324951,167.14956665039062,0.5755324363708496
2026-09-08T20:54:00.000+08:00,3375.62548828125,9.311884880065918,6.826930999755859,2806.010498046875,25.597997665405273,28.38916015625,384.0,171.57200622558594,96.55599975585938,0.8460000157356262,59.959999084472656,155662.296875,163.5374755859375,0.5894672870635986,154.53433227539062,0.6238096356391907
2026-09-08T20:55:00.000+08:00,3335.654296875,9.272379875183105,6.856010913848877,2804.040771484375,25.618255615234375,28.4453125,383.8999938964844,171.177001953125,96.58599853515625,0.8489999771118164,59.970001220703125,155663.796875,159.43466186523438,0.5952281355857849,158.04261779785156,0.6004709005355835
2026-09-08T20:56:00.000+08:00,3458.77978515625,9.343287467956543,6.857638835906982,2787.220458984375,25.455867767333984,28.47265625,384.1000061035156,169.53399658203125,95.4540023803711,0.847000002861023,59.970001220703125,155665.5,170.63381958007812,0.5631943345069885,160.1453857421875,0.6000797152519226
2026-09-08T20:57:00.000+08:00,3441.828369140625,9.374239921569824,6.856553554534912,2807.650390625,25.596694946289062,28.4033203125,383.8999938964844,169.49400329589844,95.31999969482422,0.8460000157356262,60.02000045776367,155667.09375,164.39027404785156,0.5858011245727539,158.46803283691406,0.6076935529708862
2026-09-08T20:58:00.000+08:00,3424.174072265625,9.36755657196045,6.856010913848877,2789.142822265625,25.45102310180664,28.44482421875,384.20001220703125,169.08299255371094,95.26200103759766,0.8460000157356262,59.95000076293945,155668.703125,163.56272888183594,0.5881535410881042,160.54684448242188,0.599202036857605
2026-09-08T20:59:00.000+08:00,3386.9375,9.328783988952637,6.920138835906982,2811.737060546875,25.574270248413086,28.47265625,384.20001220703125,169.88099670410156,95.38400268554688,0.8450000286102295,59.9900016784668,155670.203125,165.96139526367188,0.5706146359443665,156.57691955566406,0.6048145294189453
2026-09-08T21:00:00.000+08:00,3436.270751953125,9.29767894744873,6.826930999755859,2783.6923828125,25.45189094543457,28.44482421875,384.20001220703125,171.63499450683594,96.75599670410156,0.847000002861023,59.970001220703125,155671.796875,171.23678588867188,0.5542033314704895,162.49395751953125,0.5840217471122742
2026-09-08T21:01:00.000+08:00,3417.57568359375,9.361590385437012,6.888888835906982,2800.027099609375,25.57952880859375,28.4453125,384.29998779296875,166.65699768066406,93.7020034790039,0.8450000286102295,60.0099983215332,155673.5,168.21360778808594,0.563569188117981,163.47259521484375,0.5799137353897095
2026-09-08T21:02:00.000+08:00,3392.822509765625,10.486323356628418,8.089192390441895,2776.805908203125,25.376934051513672,28.81982421875,384.20001220703125,176.58999633789062,101.94300079345703,0.8489999771118164,59.97999954223633,155675.09375,172.08059692382812,0.559040367603302,164.17002868652344,0.5859778523445129
2026-09-08T21:03:00.000+08:00,3641.3671875,10.1725492477417,7.451930999755859,2785.377685546875,25.526119232177734,28.97265625,384.6000061035156,184.21800231933594,104.927001953125,0.8539999723434448,59.970001220703125,155676.90625,178.65074157714844,0.5334430932998657,156.69146728515625,0.6082015633583069
2026-09-08T21:04:00.000+08:00,3629.19775390625,10.258448600769043,7.450846195220947,2810.955322265625,25.61591911315918,28.986328125,384.70001220703125,184.73300170898438,104.91000366210938,0.8529999852180481,59.97999954223633,155678.59375,168.8818359375,0.59864342212677,172.67074584960938,0.5855073928833008
2026-09-08T21:05:00.000+08:00,3582.680419921875,10.248164176940918,7.449760913848877,2807.28125,25.509309768676758,29.111328125,384.6000061035156,184.86399841308594,105.26799774169922,0.8550000190734863,59.970001220703125,155680.40625,199.39488220214844,0.5215780735015869,193.1973876953125,0.5383095741271973
2026-09-08T21:06:00.000+08:00,3572.322265625,10.410487174987793,7.606010913848877,2794.41943359375,25.453025817871094,29.06982421875,384.8999938964844,186.83099365234375,106.61299896240234,0.8560000061988831,59.970001220703125,155682.203125,192.91336059570312,0.5396205186843872,181.90185546875,0.5722866058349609
2026-09-08T21:07:00.000+08:00,3625.399658203125,10.824702262878418,7.795680999755859,2795.485107421875,25.405353546142578,29.306640625,384.70001220703125,211.15899658203125,123.0479965209961,0.875,59.970001220703125,155684.0,201.2958526611328,0.5196331739425659,197.58497619628906,0.5293924808502197
2026-09-08T21:08:00.000+08:00,3573.25927734375,11.023646354675293,7.513346195220947,2804.569580078125,25.400970458984375,29.9453125,384.8999938964844,246.7480010986328,147.2899932861328,0.8949999809265137,59.9900016784668,155686.40625,200.96998596191406,0.5264467597007751,203.39906311035156,0.5201597213745117
2026-09-08T21:09:00.000+08:00,3609.21875,11.276843070983887,7.357096195220947,2824.08447265625,25.50490951538086,30.6953125,385.0,247.21099853515625,147.79800415039062,0.8970000147819519,59.97999954223633,155689.0,211.90879821777344,0.5676970481872559,208.61648559570312,0.5766562819480896
2026-09-08T21:10:00.000+08:00,3643.01123046875,11.430453300476074,7.54676628112793,2788.400146484375,25.605087280273438,30.8203125,385.5,251.17100524902344,151.5540008544922,0.9039999842643738,59.9900016784668,155691.203125,253.7309112548828,0.5683186054229736,251.41705322265625,0.5735490322113037
2026-09-08T21:11:00.000+08:00,3614.123291015625,11.43043041229248,7.354926109313965,2809.564208984375,25.636150360107422,31.22216796875,385.3999938964844,254.52000427246094,153.77200317382812,0.9049999713897705,59.970001220703125,155693.90625,279.4271545410156,0.5321601629257202,277.8435363769531,0.5351932644844055
2026-09-08T21:12:00.000+08:00,3625.99951171875,11.431139945983887,7.5462236404418945,2812.6904296875,25.64202308654785,31.1953125,385.29998779296875,227.6199951171875,136.51300048828125,0.8989999890327454,59.959999084472656,155696.296875,277.674072265625,0.5405617952346802,291.0473327636719,0.515723705291748
2026-09-08T21:13:00.000+08:00,3567.60986328125,11.448054313659668,7.637260913848877,2804.04736328125,25.700021743774414,30.875,385.1000061035156,228.30299377441406,136.29800415039062,0.8949999809265137,59.970001220703125,155698.59375,284.131591796875,0.5370751023292542,292.34991455078125,0.5219772458076477
2026-09-08T21:14:00.000+08:00,3626.5166015625,11.403353691101074,7.670680999755859,2785.866455078125,25.79729652404785,30.97265625,385.29998779296875,228.05799865722656,136.42799377441406,0.8960000276565552,59.9900016784668,155700.796875,280.7209167480469,0.48304200172424316,305.90936279296875,0.4432685375213623
2026-09-08T21:15:00.000+08:00,3634.6845703125,11.428629875183105,7.670680999755859,2829.694091796875,25.8161563873291,30.94482421875,385.3999938964844,227.7310028076172,136.2740020751953,0.8960000276565552,60.0,155703.09375,269.7430725097656,0.5023298859596252,292.1371765136719,0.4638231694698334
2026-09-08T21:16:00.000+08:00,3618.81005859375,11.373896598815918,7.64051628112793,2815.93310546875,26.072858810424805,31.083984375,385.5,227.46600341796875,136.031005859375,0.8960000276565552,60.0099983215332,155705.296875,270.8135070800781,0.500713586807251,287.3301086425781,0.4719310402870178
2026-09-08T21:17:00.000+08:00,3634.0703125,11.29504680633545,7.63671875,2790.806884765625,26.20255470275879,31.1953125,385.5,229.36000061035156,135.97500610351562,0.8880000114440918,59.970001220703125,155707.703125,269.9892578125,0.5003902912139893,285.4855651855469,0.4732288420200348
2026-09-08T21:18:00.000+08:00,3679.1865234375,11.351664543151855,7.6712236404418945,2821.29443359375,26.34617805480957,31.333984375,385.5,229.05099487304688,135.95399475097656,0.8889999985694885,60.040000915527344,155709.90625,273.2099914550781,0.4941253960132599,287.4701843261719,0.4696139097213745
2026-09-08T21:19:00.000+08:00,3686.95947265625,11.345080375671387,7.732096195220947,2787.286865234375,26.618864059448242,31.4453125,385.70001220703125,236.23599243164062,140.61500549316406,0.890999972820282,60.02000045776367,155712.09375,268.23065185546875,0.5025525689125061,278.1802978515625,0.48457780480384827
2026-09-08T21:20:00.000+08:00,3719.875,11.441035270690918,7.48046875,2827.959716796875,26.557851791381836,31.861328125,385.3999938964844,254.69700622558594,153.28500366210938,0.9020000100135803,59.970001220703125,155714.703125,272.9241027832031,0.4946430027484894,276.9930725097656,0.4873768091201782
2026-09-08T21:21:00.000+08:00,3641.70703125,11.481730461120605,7.516058921813965,2803.637939453125,26.65723991394043,32.11328125,385.70001220703125,254.75599670410156,153.36599731445312,0.9010000228881836,60.02000045776367,155717.203125,260.96771240234375,0.5265018939971924,277.9525451660156,0.49432897567749023
2026-09-08T21:22:00.000+08:00,3625.668701171875,11.478907585144043,7.510091304779053,2786.6767578125,26.720157623291016,32.0556640625,385.20001220703125,255.24099731445312,153.44200134277344,0.8999999761581421,60.0,155719.796875,284.9141540527344,0.5334939956665039,293.2350158691406,0.5183555483818054
2026-09-08T21:23:00.000+08:00,3609.853271484375,11.484248161315918,7.545680999755859,2793.003173828125,26.74295425415039,32.16796875,385.70001220703125,255.38800048828125,153.57200622558594,0.8999999761581421,60.0099983215332,155722.40625,287.6668701171875,0.5290842056274414,302.1630859375,0.5037015080451965
2026-09-08T21:24:00.000+08:00,3640.4814453125,11.49316692352295,7.544596195220947,2798.049072265625,26.771202087402344,32.25,385.70001220703125,255.2209930419922,153.58200073242188,0.9010000228881836,59.9900016784668,155724.90625,285.4197998046875,0.5336000323295593,302.85723876953125,0.5028771758079529
2026-09-08T21:25:00.000+08:00,3694.355224609375,11.500422477722168,7.509006023406982,2802.150146484375,26.773664474487305,32.306640625,385.6000061035156,254.90499877929688,153.47500610351562,0.9010000228881836,60.02000045776367,155727.40625,290.4697265625,0.5246674418449402,300.7063293457031,0.5068067908287048
2026-09-08T21:26:00.000+08:00,3672.118408203125,11.469775199890137,7.545680999755859,2792.76416015625,26.9239559173584,32.47265625,385.6000061035156,255.7570037841797,153.5489959716797,0.8989999890327454,60.029998779296875,155730.09375,286.1780090332031,0.5325356721878052,316.5050354003906,0.48150894045829773
2026-09-08T21:27:00.000+08:00,3677.38671875,11.470240592956543,7.542426109313965,2798.544677734375,26.949739456176758,32.333984375,385.70001220703125,255.41200256347656,153.43299865722656,0.8989999890327454,60.0,155732.703125,286.17962646484375,0.5321832299232483,304.88458251953125,0.4995332956314087
2026-09-08T21:28:00.000+08:00,3614.40869140625,11.487536430358887,7.5462236404418945,2797.551025390625,27.110397338867188,32.41796875,385.79998779296875,255.1009979248047,153.3679962158203,0.8989999890327454,59.9900016784668,155735.09375,282.5074157714844,0.538392961025238,306.198486328125,0.4967365860939026
2026-09-08T21:29:00.000+08:00,3713.13330078125,11.510455131530762,7.54296875,2808.358642578125,27.163442611694336,32.61328125,385.79998779296875,254.66200256347656,153.19400024414062,0.9010000228881836,59.97999954223633,155737.703125,290.32647705078125,0.5238929986953735,295.6965637207031,0.5143786668777466
2026-09-08T21:30:00.000+08:00,3724.9521484375,11.509516716003418,7.544596195220947,2785.1943359375,27.192676544189453,32.583984375,386.0,254.33700561523438,153.16200256347656,0.9010000228881836,59.9900016784668,155740.296875,292.8729553222656,0.5196792483329773,284.0508117675781,0.5358196496963501
2026-09-08T21:31:00.000+08:00,3695.22802734375,11.41633129119873,7.575303554534912,2780.424560546875,27.337495803833008,32.583984375,385.8999938964844,253.86199951171875,153.21499633789062,0.902999997138977,59.970001220703125,155742.90625,286.8086242675781,0.5303187966346741,302.652587890625,0.5025563836097717
2026-09-08T21:32:00.000+08:00,3681.577880859375,11.50269603729248,7.57421875,2771.382568359375,27.357789993286133,32.6953125,386.0,254.24200439453125,153.19200134277344,0.9010000228881836,60.02000045776367,155745.40625,279.2097473144531,0.5440354943275452,295.46929931640625,0.5140973925590515
2026-09-08T21:33:00.000+08:00,3658.205078125,11.40698528289795,7.575846195220947,2786.37255859375,27.377145767211914,32.86328125,386.29998779296875,253.49600219726562,153.02499389648438,0.9020000100135803,60.0,155747.90625,277.2535400390625,0.5482346415519714,290.1618957519531,0.5238454937934875
2026-09-08T21:34:00.000+08:00,3643.930908203125,11.438616752624512,7.5478515625,2815.16455078125,27.384607315063477,32.8896484375,385.8999938964844,251.84800720214844,152.75100708007812,0.9070000052452087,60.02000045776367,155750.5,276.09326171875,0.5505385994911194,293.55242919921875,0.5177950859069824
2026-09-08T21:35:00.000+08:00,3702.649169921875,11.399287223815918,7.5462236404418945,2797.146240234375,27.3890438079834,32.75,385.8999938964844,252.3990020751953,152.64199829101562,0.9049999713897705,59.970001220703125,155753.09375,281.614501953125,0.5390347242355347,305.96368408203125,0.4961373209953308
2026-09-08T21:36:00.000+08:00,3664.3505859375,11.34571361541748,7.548393726348877,2802.392822265625,27.417762756347656,32.8896484375,385.79998779296875,252.29600524902344,152.60299682617188,0.9039999842643738,59.97999954223633,155755.40625,277.2622375488281,0.5474960803985596,306.3446350097656,0.49552032351493835
2026-09-08T21:37:00.000+08:00,3698.1533203125,11.353190422058105,7.545138835906982,2794.0087890625,27.542802810668945,32.75,385.5,252.48800659179688,152.48399353027344,0.9039999842643738,59.97999954223633,155758.09375,282.7220458984375,0.536569356918335,297.19305419921875,0.5104426145553589
2026-09-08T21:38:00.000+08:00,3665.107666015625,11.328852653503418,7.542426109313965,2789.746826171875,27.571020126342773,32.806640625,386.20001220703125,251.93600463867188,152.4149932861328,0.9049999713897705,60.0099983215332,155760.5,280.6582336425781,0.540158748626709,295.6147766113281,0.5128295421600342
2026-09-08T21:39:00.000+08:00,3675.3671875,11.353190422058105,7.545138835906982,2798.1337890625,27.579408645629883,32.86328125,385.8999938964844,252.1529998779297,152.5469970703125,0.9049999713897705,59.970001220703125,155763.09375,276.9024963378906,0.5467628836631775,288.8211975097656,0.5241997838020325
2026-09-08T21:40:00.000+08:00,3641.449462890625,11.345240592956543,7.543510913848877,2799.659912109375,27.60375213623047,32.7783203125,385.79998779296875,252.52000427246094,152.64199829101562,0.9039999842643738,60.029998779296875,155765.703125,273.522705078125,0.5535189509391785,292.3507995605469,0.5178709626197815
2026-09-08T21:41:00.000+08:00,3673.39013671875,11.382647514343262,7.544053554534912,2785.24609375,27.736173629760742,32.7783203125,386.0,252.88299560546875,152.7949981689453,0.9020000100135803,60.0,155768.09375,278.70599365234375,0.5432248115539551,292.2201232910156,0.5181025862693787
2026-09-08T21:42:00.000+08:00,3669.012939453125,11.335597038269043,7.5774736404418945,2791.016845703125,27.72575569152832,32.9169921875,386.0,253.18299865722656,152.6490020751953,0.9020000100135803,60.02000045776367,155770.90625,279.5770263671875,0.5415323376655579,290.15850830078125,0.5217837691307068
2026-09-08T21:43:00.000+08:00,3661.38818359375,11.439249992370605,7.576930999755859,2804.29248046875,27.73271369934082,32.890625,386.1000061035156,253.61000061035156,152.91400146484375,0.9020000100135803,60.02000045776367,155773.40625,278.23876953125,0.5459340214729309,291.22515869140625,0.5215895175933838
2026-09-08T21:44:00.000+08:00,3698.468505859375,11.448176383972168,7.576388835906982,2796.78759765625,27.74008560180664,32.86328125,386.20001220703125,253.45899963378906,152.71600341796875,0.9020000100135803,60.02000045776367,155775.90625,275.77923583984375,0.5493524074554443,291.1594543457031,0.5203334093093872
2026-09-08T21:45:00.000+08:00,3690.915283203125,11.446261405944824,7.608180999755859,2799.2529296875,27.743032455444336,32.86328125,386.1000061035156,253.9709930419922,152.8419952392578,0.8999999761581421,60.0099983215332,155778.296875,282.84649658203125,0.5370404124259949,286.4736022949219,0.5302408337593079
2026-09-08T21:46:00.000+08:00,3678.825927734375,11.390803337097168,7.6103515625,2794.938720703125,27.630491256713867,33.22265625,386.1000061035156,253.27000427246094,152.71200561523438,0.9020000100135803,60.0,155781.0,281.4144592285156,0.5394179224967957,284.10693359375,0.5343058705329895
2026-09-08T21:47:00.000+08:00,3665.137939453125,11.407618522644043,7.606553554534912,2768.856201171875,27.74908447265625,33.1953125,385.70001220703125,253.13999938964844,152.64199829101562,0.9020000100135803,60.0099983215332,155783.5,276.4460144042969,0.5487509369850159,281.01971435546875,0.5398197770118713
2026-09-08T21:48:00.000+08:00,3666.18994140625,11.41748332977295,7.607638835906982,2791.921142578125,27.640396118164062,33.22265625,385.70001220703125,253.79600524902344,152.8560028076172,0.9010000228881836,60.0099983215332,155786.203125,278.03521728515625,0.5448949933052063,277.00408935546875,0.5469233393669128
2026-09-08T21:49:00.000+08:00,3695.969482421875,11.40925121307373,7.637260913848877,2788.3095703125,27.636947631835938,33.16796875,385.8999938964844,253.1179962158203,152.8719940185547,0.9039999842643738,60.029998779296875,155788.703125,283.66839599609375,0.5347793102264404,289.177001953125,0.5245922207832336
2026-09-08T21:50:00.000+08:00,3684.476318359375,11.446429252624512,7.60546875,2784.79150390625,27.6439151763916,33.083984375,385.8999938964844,253.19500732421875,152.802001953125,0.9020000100135803,60.040000915527344,155791.09375,277.86492919921875,0.5463085770606995,308.9850158691406,0.4912859797477722
2026-09-08T21:51:00.000+08:00,3717.672119140625,11.446429252624512,7.606553554534912,2778.83203125,27.77836799621582,33.1953125,386.0,253.26300048828125,152.781005859375,0.9020000100135803,60.04999923706055,155793.703125,277.4560852050781,0.5471135973930359,304.4342346191406,0.4986298680305481
2026-09-08T21:52:00.000+08:00,3764.79931640625,11.407923698425293,7.576930999755859,2801.888671875,27.76534652709961,33.02734375,385.79998779296875,253.53399658203125,152.74400329589844,0.9010000228881836,60.060001373291016,155796.296875,280.967529296875,0.5399200320243835,302.2912902832031,0.5018338561058044
2026-09-08T21:53:00.000+08:00,3739.256103515625,11.417956352233887,7.606553554534912,2791.908447265625,27.77582359313965,33.083984375,386.1000061035156,253.53599548339844,152.802001953125,0.9020000100135803,60.029998779296875,155798.796875,278.9357604980469,0.5434943437576294,304.3264465332031,0.4981492757797241
2026-09-08T21:54:00.000+08:00,3685.8447265625,11.416544914245605,7.607638835906982,2799.450439453125,27.781766891479492,33.083984375,385.3999938964844,253.67100524902344,152.78799438476562,0.9020000100135803,60.029998779296875,155801.40625,282.4244689941406,0.5371347665786743,307.2745056152344,0.49369537830352783
2026-09-08T21:55:00.000+08:00,3703.15869140625,11.438960075378418,7.63671875,2793.25830078125,27.7812557220459,33.0,386.20001220703125,253.2480010986328,152.85299682617188,0.902999997138977,60.040000915527344,155803.90625,278.0276184082031,0.5456292629241943,300.8396911621094,0.5042552947998047
2026-09-08T21:56:00.000+08:00,3692.7353515625,11.402247428894043,7.638888835906982,2788.242431640625,27.795644760131836,33.16796875,385.6000061035156,254.781005859375,152.89300537109375,0.8980000019073486,60.029998779296875,155806.5,279.072509765625,0.5435863137245178,295.80810546875,0.5128324627876282
2026-09-08T21:57:00.000+08:00,3687.255859375,11.471423149108887,7.670138835906982,2784.1025390625,27.795190811157227,33.140625,385.79998779296875,254.81900024414062,153.16400146484375,0.8989999890327454,60.029998779296875,155809.0,279.2507629394531,0.5428812503814697,299.9340515136719,0.5054444670677185
2026-09-08T21:58:00.000+08:00,3713.7568359375,11.47590160369873,7.69813346862793,2784.1357421875,27.809463500976562,33.1953125,385.3999938964844,255.11900329589844,153.10400390625,0.8989999890327454,60.029998779296875,155811.40625,282.4494323730469,0.5374413728713989,295.6974792480469,0.5133625268936157
2026-09-08T21:59:00.000+08:00,3742.790771484375,11.50513744354248,7.700846195220947,2787.7080078125,27.81885528564453,33.083984375,385.29998779296875,255.33799743652344,153.19400024414062,0.8989999890327454,60.040000915527344,155814.09375,282.28936767578125,0.5381003022193909,287.93896484375,0.5275423526763916
2026-09-08T22:00:00.000+08:00,3717.33251953125,11.49720287322998,7.669596195220947,2796.451171875,27.81150245666504,33.02734375,385.1000061035156,254.86099243164062,153.00399780273438,0.8999999761581421,60.040000915527344,155816.59375,278.14422607421875,0.5471981167793274,299.1041564941406,0.5088528394699097
2026-09-08T22:01:00.000+08:00,3662.4013671875,11.504023551940918,7.637260913848877,2783.893798828125,27.804080963134766,33.22265625,384.8999938964844,254.29299926757812,152.90899658203125,0.9010000228881836,60.040000915527344,155819.09375,272.60406494140625,0.5583189129829407,296.97332763671875,0.5125039219856262
2026-09-08T22:02:00.000+08:00,3725.7001953125,11.490015983581543,7.63563346862793,2774.221435546875,27.811119079589844,33.1953125,385.20001220703125,254.68499755859375,152.93699645996094,0.8999999761581421,60.040000915527344,155821.796875,283.6587219238281,0.5358551740646362,289.06524658203125,0.5258328318595886
2026-09-08T22:03:00.000+08:00,3768.3759765625,11.4160795211792,7.6087236404418945,2780.67529296875,27.808053970336914,33.1953125,384.79998779296875,254.38099670410156,152.72799682617188,0.8999999761581421,60.029998779296875,155824.203125,283.0906066894531,0.5365772843360901,285.9635314941406,0.531186580657959
2026-09-08T22:04:00.000+08:00,3689.402099609375,11.422907829284668,7.575846195220947,2789.58154296875,27.80306625366211,33.22265625,384.29998779296875,254.68699645996094,152.552001953125,0.8999999761581421,59.97999954223633,155826.796875,278.22222900390625,0.5456070303916931,295.34527587890625,0.5139747262001038
2026-09-08T22:05:00.000+08:00,3748.072509765625,11.333544731140137,7.545138835906982,2784.76806640625,27.792194366455078,33.0,384.1000061035156,254.04600524902344,151.78799438476562,0.8989999890327454,59.959999084472656,155829.40625,283.02569580078125,0.535287082195282,296.2375183105469,0.5114139318466187
2026-09-08T22:06:00.000+08:00,3683.781005859375,11.25294017791748,7.387260913848877,2791.11474609375,27.781766891479492,33.11328125,384.29998779296875,252.56500244140625,151.0709991455078,0.8989999890327454,60.0,155831.90625,282.7329406738281,0.5347802639007568,295.5081481933594,0.5116610527038574
2026-09-08T22:07:00.000+08:00,3675.963134765625,11.155390739440918,7.5462236404418945,2791.6337890625,27.844348907470703,32.9443359375,384.1000061035156,229.86500549316406,135.66700744628906,0.8859999775886536,59.959999084472656,155834.296875,278.2748718261719,0.5422695875167847,299.0311584472656,0.5046296715736389
2026-09-08T22:08:00.000+08:00,3679.431884765625,11.125452995300293,7.733180999755859,2798.084228515625,27.794395446777344,32.5283203125,384.20001220703125,218.51100158691406,127.63500213623047,0.8790000081062317,59.970001220703125,155836.5,278.5928955078125,0.5380611419677734,291.359375,0.5144849419593811
2026-09-08T22:09:00.000+08:00,3683.125244140625,11.110186576843262,7.545138835906982,2785.69287109375,27.79142951965332,32.5283203125,384.20001220703125,254.41900634765625,152.91600036621094,0.902999997138977,59.959999084472656,155838.90625,271.5318298339844,0.5015986561775208,279.4409484863281,0.4874017536640167
2026-09-08T22:10:00.000+08:00,3621.7626953125,11.082209587097168,7.4837236404418945,2785.67333984375,27.79677391052246,32.890625,384.1000061035156,233.24000549316406,138.7220001220703,0.890999972820282,59.970001220703125,155841.40625,242.62744140625,0.5275577902793884,259.3189697265625,0.49360060691833496
2026-09-08T22:11:00.000+08:00,3617.404296875,11.150797843933105,7.637803554534912,2752.834716796875,27.83208465576172,32.6953125,384.0,234.41099548339844,138.57400512695312,0.8889999985694885,59.970001220703125,155843.59375,255.87686157226562,0.5889551639556885,258.7272033691406,0.5824667811393738
2026-09-08T22:12:00.000+08:00,3739.13720703125,11.156390190124512,7.608180999755859,2759.783203125,27.819154739379883,32.6953125,384.5,232.81100463867188,138.625,0.8939999938011169,59.97999954223633,155846.0,274.3294372558594,0.5023157596588135,274.7672119140625,0.5015154480934143
2026-09-08T22:13:00.000+08:00,3652.60546875,11.15272045135498,7.634548187255859,2771.98974609375,27.823617935180664,32.72265625,384.70001220703125,233.02999877929688,138.7570037841797,0.8930000066757202,59.970001220703125,155848.296875,254.8535614013672,0.5395255088806152,267.4775695800781,0.5140618085861206
2026-09-08T22:14:00.000+08:00,3709.646728515625,11.1660795211792,7.608180999755859,2756.0634765625,27.807790756225586,32.640625,384.79998779296875,232.3070068359375,138.51600646972656,0.8920000195503235,59.970001220703125,155850.40625,258.9592590332031,0.5309715270996094,266.64630126953125,0.5156643986701965
2026-09-08T22:15:00.000+08:00,3616.032958984375,11.078303337097168,7.60926628112793,2788.57275390625,27.80282211303711,32.583984375,384.3999938964844,233.83299255371094,138.4759979248047,0.8920000195503235,59.959999084472656,155852.90625,253.44456481933594,0.54410320520401,266.81976318359375,0.5168282389640808
2026-09-08T22:16:00.000+08:00,3627.6572265625,11.126116752624512,7.540256023406982,2775.72119140625,27.640636444091797,32.5,383.8999938964844,233.03700256347656,138.16299438476562,0.8920000195503235,59.970001220703125,155855.203125,256.0875244140625,0.5369257926940918,266.16217041015625,0.5166023373603821
2026-09-08T22:17:00.000+08:00,3627.5126953125,11.017291069030762,7.545680999755859,2791.96337890625,27.627241134643555,32.6953125,384.6000061035156,232.3990020751953,138.22799682617188,0.8930000066757202,60.0,155857.5,256.0729675292969,0.5353942513465881,264.99310302734375,0.5173719525337219
2026-09-08T22:18:00.000+08:00,3700.334716796875,11.059466361999512,7.482638835906982,2795.994384765625,27.731435775756836,32.4169921875,384.79998779296875,232.58599853515625,137.99099731445312,0.8899999856948853,59.97999954223633,155859.796875,263.2710266113281,0.5203763246536255,269.577880859375,0.5082018971443176
2026-09-08T22:19:00.000+08:00,3633.101806640625,11.027186393737793,7.482638835906982,2797.890625,27.7319393157959,32.333984375,384.6000061035156,232.89199829101562,138.0540008544922,0.8899999856948853,59.9900016784668,155862.09375,250.2517547607422,0.5478483438491821,281.34686279296875,0.487298846244812
2026-09-08T22:20:00.000+08:00,3616.170654296875,11.030001640319824,7.48046875,2799.195556640625,27.716079711914062,32.4169921875,384.1000061035156,232.81900024414062,137.83099365234375,0.8899999856948853,59.939998626708984,155864.296875,252.13136291503906,0.5433675050735474,259.9843444824219,0.5269548296928406
2026-09-08T22:21:00.000+08:00,3604.7802734375,11.066767692565918,7.451930999755859,2813.85009765625,27.701217651367188,32.333984375,384.20001220703125,233.63999938964844,138.052001953125,0.8880000114440918,59.970001220703125,155866.703125,254.71920776367188,0.5374545454978943,258.92889404296875,0.5287165641784668
2026-09-08T22:22:00.000+08:00,3634.6484375,11.044054985046387,7.483180999755859,2809.89306640625,27.704214096069336,32.47265625,384.5,232.05099487304688,138.01199340820312,0.8939999938011169,59.9900016784668,155868.90625,256.3705139160156,0.5336027145385742,261.7795715332031,0.5225770473480225
2026-09-08T22:23:00.000+08:00,3568.3935546875,11.0353422164917,7.51063346862793,2790.4873046875,27.576217651367188,32.47265625,384.3999938964844,232.71800231933594,138.1999969482422,0.8939999938011169,59.97999954223633,155871.203125,255.5414581298828,0.5372905135154724,256.5010070800781,0.5352805256843567
2026-09-08T22:24:00.000+08:00,3580.544677734375,11.053400993347168,7.482096195220947,2776.72802734375,27.571269989013672,32.3896484375,384.29998779296875,232.41299438476562,138.43899536132812,0.8949999809265137,59.970001220703125,155873.59375,251.78834533691406,0.5449020862579346,259.1083679199219,0.5295082330703735
2026-09-08T22:25:00.000+08:00,3546.644775390625,11.08307933807373,7.544596195220947,2793.22021484375,27.56580924987793,32.306640625,384.5,231.67300415039062,138.281005859375,0.8960000276565552,59.9900016784668,155876.0,248.0844268798828,0.5518282651901245,269.7131652832031,0.5075762271881104
2026-09-08T22:26:00.000+08:00,3604.97705078125,11.130587577819824,7.542426109313965,2799.261962890625,27.586153030395508,32.3896484375,384.29998779296875,231.1490020751953,138.3419952392578,0.8989999890327454,59.970001220703125,155878.203125,255.89759826660156,0.5338072776794434,261.0484924316406,0.5232744216918945
2026-09-08T22:27:00.000+08:00,3595.074462890625,11.084277153015137,7.51063346862793,2768.461181640625,27.56135368347168,32.4453125,384.29998779296875,231.03500366210938,138.23300170898438,0.8989999890327454,60.0099983215332,155880.5,252.02674865722656,0.544386625289917,264.8620300292969,0.5180055499076843
2026-09-08T22:28:00.000+08:00,3635.93017578125,11.051051139831543,7.48426628112793,2791.642822265625,27.545495986938477,32.306640625,384.29998779296875,231.84300231933594,138.11399841308594,0.8949999809265137,59.970001220703125,155882.90625,261.32281494140625,0.5250211358070374,267.7427673339844,0.5124321579933167
2026-09-08T22:29:00.000+08:00,3599.87451171875,11.0344877243042,7.450846195220947,2782.966064453125,27.53658676147461,32.47265625,384.79998779296875,231.60699462890625,137.97500610351562,0.8939999938011169,60.02000045776367,155885.0,255.0460968017578,0.5387261509895325,266.66015625,0.5152626037597656
2026-09-08T22:30:00.000+08:00,3587.91162109375,11.02607250213623,7.41688346862793,2768.5537109375,27.539051055908203,32.390625,384.0,232.19400024414062,137.7729949951172,0.8920000195503235,59.959999084472656,155887.40625,254.12220764160156,0.5398977398872375,265.4166259765625,0.5169231295585632
2026-09-08T22:31:00.000+08:00,3685.640625,10.969965934753418,7.417426109313965,2798.841552734375,27.533599853515625,32.3896484375,384.1000061035156,231.25100708007812,137.73800659179688,0.8960000276565552,60.0099983215332,155889.796875,261.408203125,0.5240845084190369,269.08978271484375,0.5091237425804138
2026-09-08T22:32:00.000+08:00,3556.23193359375,11.072688102722168,7.4524736404418945,2804.863037109375,27.392248153686523,32.25,384.29998779296875,231.66299438476562,137.96099853515625,0.8939999938011169,59.970001220703125,155892.09375,253.26670837402344,0.5405368804931641,271.2733459472656,0.5046570301055908
2026-09-08T22:33:00.000+08:00,3614.599365234375,11.03968334197998,7.451930999755859,2767.436279296875,27.52517318725586,32.4169921875,384.3999938964844,231.6929931640625,137.98199462890625,0.8939999938011169,60.02000045776367,155894.203125,259.931396484375,0.5270621180534363,269.3173522949219,0.5086935758590698
2026-09-08T22:34:00.000+08:00,3655.97802734375,11.039942741394043,7.42176628112793,2785.800537109375,27.525676727294922,32.25,384.6000061035156,231.33799743652344,137.74099731445312,0.8939999938011169,60.02000045776367,155896.703125,259.815185546875,0.5261432528495789,271.817626953125,0.5029107332229614
2026-09-08T22:35:00.000+08:00,3541.69140625,10.954302787780762,7.39051628112793,2791.24658203125,27.377878189086914,32.41796875,384.70001220703125,218.85499572753906,129.968994140625,0.8899999856948853,60.0099983215332,155898.796875,252.77947998046875,0.5423699617385864,270.46282958984375,0.5069088339805603
2026-09-08T22:36:00.000+08:00,3599.991455078125,10.928324699401855,7.544053554534912,2790.6552734375,27.490137100219727,31.9033203125,384.79998779296875,211.45199584960938,124.92500305175781,0.8889999985694885,59.970001220703125,155900.90625,256.84619140625,0.5330038070678711,273.21307373046875,0.5010741353034973
2026-09-08T22:37:00.000+08:00,3488.900634765625,10.92243480682373,7.57421875,2795.926513671875,27.460594177246094,31.833984375,384.20001220703125,208.44000244140625,122.70899963378906,0.8840000033378601,59.970001220703125,155903.0,248.84469604492188,0.5481330752372742,282.43841552734375,0.48293715715408325
2026-09-08T22:38:00.000+08:00,3595.303955078125,10.89111614227295,7.670680999755859,2783.54541015625,27.465715408325195,31.6533203125,384.8999938964844,204.61599731445312,120.572998046875,0.8830000162124634,59.97999954223633,155905.0,239.27508544921875,0.517396092414856,263.08929443359375,0.4705626666545868
2026-09-08T22:39:00.000+08:00,3504.27490234375,10.8585844039917,7.734808921813965,2792.98486328125,27.408409118652344,31.611328125,385.1000061035156,203.23300170898438,119.23200225830078,0.8799999952316284,59.97999954223633,155907.09375,233.3507537841797,0.5241037011146545,234.8594207763672,0.5207370519638062
2026-09-08T22:40:00.000+08:00,3518.164306640625,10.84766674041748,7.482096195220947,2798.36474609375,27.466812133789062,31.59716796875,384.5,231.51600646972656,137.71099853515625,0.8939999938011169,59.959999084472656,155909.09375,230.030517578125,0.5186268091201782,233.09190368652344,0.5118153095245361
2026-09-08T22:41:00.000+08:00,3475.823486328125,10.884982109069824,7.387260913848877,2808.1708984375,27.491275787353516,31.806640625,385.20001220703125,208.1009979248047,122.37999725341797,0.8830000162124634,60.040000915527344,155911.5,215.42999267578125,0.5430998802185059,234.2840576171875,0.4993937611579895
2026-09-08T22:42:00.000+08:00,3472.784423828125,10.870104789733887,7.6399736404418945,2796.7626953125,27.411212921142578,31.72265625,385.0,200.99899291992188,117.33899688720703,0.875,59.9900016784668,155913.5,230.30311584472656,0.5814076662063599,226.11782836914062,0.5921691060066223
2026-09-08T22:43:00.000+08:00,3468.889404296875,10.933642387390137,7.7337236404418945,2793.98583984375,27.441213607788086,31.4453125,385.1000061035156,217.95799255371094,128.80599975585938,0.8859999775886536,60.02000045776367,155915.40625,239.4691619873047,0.5090425610542297,239.5653076171875,0.5088382959365845
2026-09-08T22:44:00.000+08:00,3408.476318359375,10.927691459655762,7.35926628112793,2813.09521484375,27.461753845214844,31.6669921875,385.20001220703125,228.33900451660156,135.4530029296875,0.890999972820282,60.0,155917.703125,216.94932556152344,0.5402182936668396,239.1597900390625,0.49004894495010376
2026-09-08T22:45:00.000+08:00,3523.109130859375,10.920344352722168,7.5462236404418945,2787.903076171875,27.35162925720215,31.625,385.29998779296875,205.69900512695312,120.7239990234375,0.8790000081062317,60.029998779296875,155919.796875,215.68478393554688,0.5851131677627563,222.1780242919922,0.5680129528045654
2026-09-08T22:46:00.000+08:00,3449.5361328125,10.936335563659668,7.701930999755859,2799.49072265625,27.288549423217773,31.38916015625,385.6000061035156,198.4290008544922,115.5989990234375,0.871999979019165,60.040000915527344,155921.703125,244.26678466796875,0.5506274700164795,237.7196807861328,0.565792441368103
2026-09-08T22:47:00.000+08:00,3385.70068359375,10.908564567565918,7.607638835906982,2816.44873046875,27.19217300415039,31.31982421875,385.3999938964844,226.33099365234375,134.8800048828125,0.8920000195503235,60.040000915527344,155923.703125,226.66151428222656,0.5281002521514893,239.55821228027344,0.49966979026794434
2026-09-08T22:48:00.000+08:00,3440.8125,10.896830558776855,7.357638835906982,2785.177734375,27.241580963134766,31.5283203125,385.1000061035156,215.30799865722656,126.86199951171875,0.8880000114440918,60.04999923706055,155926.0,218.77932739257812,0.5261009335517883,225.0233154296875,0.5115025639533997
2026-09-08T22:49:00.000+08:00,3363.959228515625,10.96491527557373,7.670680999755859,2785.4951171875,27.140615463256836,31.5703125,385.20001220703125,203.66700744628906,119.34500122070312,0.878000020980835,60.02000045776367,155928.09375,220.38917541503906,0.6012092232704163,231.34927368164062,0.5727270841598511
2026-09-08T22:50:00.000+08:00,3349.317138671875,10.957797050476074,7.73426628112793,2798.918701171875,27.233060836791992,31.31982421875,385.20001220703125,222.9949951171875,132.27499389648438,0.878000020980835,60.0,155930.09375,240.04373168945312,0.5365688800811768,229.5998992919922,0.5609758496284485
2026-09-08T22:51:00.000+08:00,3361.022705078125,11.024310111999512,7.387803554534912,2785.1845703125,27.131399154663086,31.708984375,385.3999938964844,230.28700256347656,137.302001953125,0.8930000066757202,60.0,155932.40625,222.28395080566406,0.5349014401435852,244.79164123535156,0.4857192039489746
2026-09-08T22:52:00.000+08:00,3356.794189453125,11.0132474899292,7.57313346862793,2785.812744140625,27.164188385009766,31.72265625,385.3999938964844,209.13299560546875,123.33399963378906,0.8809999823570251,60.0099983215332,155934.59375,217.5199432373047,0.592129647731781,226.50051879882812,0.5686521530151367
2026-09-08T22:53:00.000+08:00,3374.5751953125,11.056963920593262,7.607096195220947,2810.808837890625,27.2327880859375,31.38916015625,385.20001220703125,209.56900024414062,123.21099853515625,0.8790000081062317,60.0,155936.59375,243.4849395751953,0.570877194404602,255.29148864746094,0.5444756150245667
2026-09-08T22:54:00.000+08:00,3405.569580078125,11.06208324432373,7.607638835906982,2789.681884765625,27.20794105529785,31.458984375,385.20001220703125,210.20399475097656,123.16400146484375,0.8790000081062317,60.02000045776367,155938.59375,240.1879425048828,0.5100172758102417,245.66644287109375,0.4986436069011688
2026-09-08T22:55:00.000+08:00,3368.949951171875,11.022799491882324,7.607096195220947,2784.76806640625,27.12981414794922,31.47265625,385.29998779296875,209.6719970703125,123.01799774169922,0.8790000081062317,59.9900016784668,155940.796875,229.50018310546875,0.534204363822937,228.9962921142578,0.5353798270225525
2026-09-08T22:56:00.000+08:00,3399.504638671875,10.984431266784668,7.576930999755859,2793.62939453125,27.241968154907227,31.25,385.29998779296875,208.32000732421875,122.87200164794922,0.8820000290870667,60.02000045776367,155942.703125,233.57632446289062,0.5240257382392883,234.49623107910156,0.5219699740409851
2026-09-08T22:57:00.000+08:00,3368.910400390625,11.038043022155762,7.576388835906982,2811.81298828125,27.236055374145508,31.27783203125,384.8999938964844,209.5749969482422,122.8949966430664,0.8809999823570251,59.970001220703125,155944.90625,229.93914794921875,0.5318798422813416,235.9586944580078,0.5183110237121582
2026-09-08T22:58:00.000+08:00,3361.254150390625,11.008585929870605,7.545680999755859,2806.825927734375,27.228134155273438,31.34765625,385.20001220703125,210.2550048828125,123.16600036621094,0.8809999823570251,59.9900016784668,155946.796875,227.3693389892578,0.5365719199180603,228.59564208984375,0.5336934924125671
2026-09-08T22:59:00.000+08:00,3370.502685546875,11.031046867370605,7.57801628112793,2810.86572265625,27.243995666503906,31.306640625,384.79998779296875,209.75,123.01100158691406,0.8799999952316284,59.970001220703125,155948.90625,231.0605926513672,0.5299974679946899,225.4140625,0.5091120004653931
2026-09-08T23:00:00.000+08:00,3357.033935546875,11.008585929870605,7.5462236404418945,2783.480224609375,27.24689292907715,31.375,385.5,207.41299438476562,122.96499633789062,0.8870000243186951,59.970001220703125,155951.09375,230.6616668701172,0.5315144062042236,235.0767059326172,0.521531879901886
2026-09-08T23:01:00.000+08:00,3305.419189453125,11.046282768249512,7.545138835906982,2766.98095703125,27.234045028686523,31.25,384.5,209.10699462890625,122.92500305175781,0.8830000162124634,59.95000076293945,155953.09375,226.45033264160156,0.541840672492981,223.46746826171875,0.5490732192993164
2026-09-08T23:02:00.000+08:00,3311.1181640625,11.015124320983887,7.57801628112793,2784.568603515625,27.242834091186523,31.3203125,384.79998779296875,208.29299926757812,123.0199966430664,0.8859999775886536,59.970001220703125,155955.0,230.96728515625,0.529079258441925,235.10211181640625,0.5197741389274597
2026-09-08T23:03:00.000+08:00,3285.23779296875,11.016993522644043,7.5774736404418945,2815.09130859375,27.24100112915039,31.31982421875,384.79998779296875,208.7989959716797,122.86000061035156,0.8830000162124634,59.97999954223633,155957.203125,228.21563720703125,0.5350202918052673,229.1427459716797,0.5328556299209595
2026-09-08T23:04:00.000+08:00,3298.638427734375,11.037104606628418,7.576930999755859,2796.501953125,27.111942291259766,31.34765625,384.6000061035156,208.3679962158203,122.68900299072266,0.8820000290870667,59.959999084472656,155959.203125,226.1040802001953,0.5400168299674988,225.93716430664062,0.5404157638549805
2026-09-08T23:05:00.000+08:00,3276.74951171875,11.028346061706543,7.514430999755859,2801.37353515625,27.097145080566406,31.26416015625,384.20001220703125,208.4949951171875,122.72599792480469,0.8830000162124634,59.97999954223633,155961.203125,223.61952209472656,0.5455695390701294,223.45709228515625,0.5459660887718201
2026-09-08T23:06:00.000+08:00,3268.115966796875,10.996539115905762,7.48426628112793,2792.81005859375,27.06244659423828,31.306640625,385.0,208.19200134277344,122.55400085449219,0.8830000162124634,59.970001220703125,155963.203125,224.9810791015625,0.5427123308181763,233.43902587890625,0.5230487585067749
2026-09-08T23:07:00.000+08:00,3277.661376953125,10.981554985046387,7.482096195220947,2791.940185546875,27.072298049926758,31.361328125,384.5,207.99400329589844,122.48200225830078,0.8830000162124634,60.02000045776367,155965.40625,229.67942810058594,0.5298689603805542,235.8981170654297,0.5159006714820862
2026-09-08T23:08:00.000+08:00,3234.3193359375,11.0094633102417,7.449760913848877,2780.8134765625,27.03866195678711,31.3203125,385.20001220703125,207.73899841308594,122.41500091552734,0.8840000033378601,60.0099983215332,155967.40625,224.435546875,0.5418036580085754,236.9844512939453,0.5131138563156128
2026-09-08T23:09:00.000+08:00,3265.35986328125,10.95563793182373,7.451388835906982,2804.759765625,27.041658401489258,31.2783203125,385.6000061035156,207.3459930419922,122.40299987792969,0.8830000162124634,60.0,155969.5,226.6804656982422,0.5387144088745117,233.7174530029297,0.5207142233848572
2026-09-08T23:10:00.000+08:00,3240.03466796875,10.9017972946167,7.388346195220947,2809.968994140625,27.01403045654297,31.26416015625,385.5,208.47500610351562,122.22200012207031,0.8799999952316284,60.0,155971.40625,228.4824981689453,0.5304564237594604,238.83457946777344,0.5074641704559326
2026-09-08T23:11:00.000+08:00,3199.45703125,10.9479398727417,7.386176109313965,2792.16845703125,27.02173614501953,31.2783203125,385.3999938964844,207.38900756835938,122.19000244140625,0.8820000290870667,59.9900016784668,155973.5,222.45382690429688,0.544832170009613,234.6578369140625,0.5164967179298401
2026-09-08T23:12:00.000+08:00,3230.385498046875,10.893389701843262,7.4212236404418945,2779.83935546875,27.005891799926758,31.306640625,385.5,206.77200317382812,122.26899719238281,0.8849999904632568,59.97999954223633,155975.59375,228.2171173095703,0.5310732126235962,238.162353515625,0.50889652967453
2026-09-08T23:13:00.000+08:00,3200.927490234375,10.923182487487793,7.3899736404418945,2792.605224609375,27.024751663208008,31.333984375,385.6000061035156,207.9040069580078,122.37100219726562,0.8820000290870667,59.9900016784668,155977.59375,226.20883178710938,0.5375563502311707,235.85189819335938,0.5155777931213379
2026-09-08T23:14:00.000+08:00,3170.7607421875,10.922709465026855,7.386176109313965,2787.2197265625,27.107328414916992,31.19482421875,386.20001220703125,208.48599243164062,122.36100006103516,0.878000020980835,60.02000045776367,155979.59375,220.45237731933594,0.5502322316169739,237.23556518554688,0.51130610704422
2026-09-08T23:15:00.000+08:00,3221.34375,10.91614055633545,7.389430999755859,2794.65966796875,27.117177963256836,31.22265625,385.79998779296875,207.58299255371094,122.3499984741211,0.8820000290870667,59.970001220703125,155981.703125,223.71258544921875,0.5431075692176819,236.38394165039062,0.5139943361282349
2026-09-08T23:16:00.000+08:00,3235.05029296875,10.921046257019043,7.420680999755859,2805.1416015625,27.087406158447266,31.138671875,385.70001220703125,207.41700744628906,122.31500244140625,0.8820000290870667,59.970001220703125,155983.59375,225.97830200195312,0.5385472774505615,227.49964904785156,0.5349459052085876
2026-09-08T23:17:00.000+08:00,3237.66259765625,10.937701225280762,7.389430999755859,2783.3427734375,26.95231819152832,31.13916015625,385.5,207.26800537109375,122.29399871826172,0.8849999904632568,59.97999954223633,155985.703125,227.3502655029297,0.5322183966636658,229.0653076171875,0.5282336473464966
2026-09-08T23:18:00.000+08:00,3279.502197265625,10.947260856628418,7.357638835906982,2783.541015625,26.95939064025879,31.181640625,385.29998779296875,207.13299560546875,121.98100280761719,0.8820000290870667,59.9900016784668,155987.796875,225.89915466308594,0.5378506183624268,223.2105712890625,0.544329047203064
2026-09-08T23:19:00.000+08:00,3246.121337890625,10.87634563446045,7.357096195220947,2797.49169921875,27.090282440185547,31.236328125,385.6000061035156,207.427001953125,122.14600372314453,0.8799999952316284,60.0099983215332,155989.796875,228.2029266357422,0.5337355136871338,235.92283630371094,0.5162704586982727
2026-09-08T23:20:00.000+08:00,3222.935302734375,10.868159294128418,7.3899736404418945,2801.0615234375,27.02892303466797,31.1953125,385.6000061035156,201.625,118.0999984741211,0.8769999742507935,59.959999084472656,155991.90625,223.39053344726562,0.5425475835800171,228.26385498046875,0.5309644937515259
2026-09-08T23:21:00.000+08:00,3201.110107421875,10.846911430358887,7.513346195220947,2775.401611328125,26.989370346069336,30.95849609375,385.70001220703125,196.03700256347656,114.93499755859375,0.8769999742507935,60.0,155993.796875,223.99830627441406,0.5419684052467346,228.42478942871094,0.5314659476280212
2026-09-08T23:22:00.000+08:00,3176.4033203125,10.860186576843262,7.54296875,2787.5029296875,26.98834228515625,30.75,385.3999938964844,196.13699340820312,114.9000015258789,0.878000020980835,59.97999954223633,155995.703125,218.27996826171875,0.5360088348388672,227.5199432373047,0.5142406225204468
2026-09-08T23:23:00.000+08:00,3219.635498046875,10.811556816101074,7.516058921813965,2813.404541015625,26.942049026489258,30.81982421875,385.79998779296875,195.52499389648438,114.61000061035156,0.8769999742507935,60.029998779296875,155997.59375,217.53753662109375,0.5249668955802917,234.80535888671875,0.4863602817058563
2026-09-08T23:24:00.000+08:00,3277.125732421875,10.810870170593262,7.482096195220947,2780.886962890625,26.908466339111328,30.7783203125,385.6000061035156,195.6020050048828,114.38800048828125,0.8769999742507935,59.970001220703125,155999.40625,215.83396911621094,0.5309621691703796,221.46502685546875,0.5152055025100708
2026-09-08T23:25:00.000+08:00,3136.018798828125,10.749308586120605,7.482096195220947,2803.663330078125,26.91526222229004,30.7919921875,385.6000061035156,195.9149932861328,114.47599792480469,0.8759999871253967,59.970001220703125,156001.296875,205.0540313720703,0.5554633736610413,215.71337890625,0.5280154347419739
2026-09-08T23:26:00.000+08:00,3166.962158203125,10.724513053894043,7.482638835906982,2820.401611328125,26.899581909179688,30.83349609375,384.70001220703125,196.7729949951172,114.55699920654297,0.8730000257492065,59.970001220703125,156003.296875,208.47825622558594,0.5453805923461914,215.89329528808594,0.5266490578651428
2026-09-08T23:27:00.000+08:00,3224.015380859375,10.738085746765137,7.478841304779053,2797.30078125,26.876596450805664,30.84716796875,385.0,196.76199340820312,114.63099670410156,0.8730000257492065,59.959999084472656,156005.203125,213.67361450195312,0.5321199893951416,219.40113830566406,0.5182288885116577
2026-09-08T23:28:00.000+08:00,3186.029541015625,10.809931755065918,7.482096195220947,2787.806884765625,26.881500244140625,30.833984375,385.20001220703125,196.41600036621094,114.69400024414062,0.875,60.02000045776367,156007.09375,204.7538604736328,0.554812490940094,215.8878173828125,0.526199221611023
2026-09-08T23:29:00.000+08:00,3216.251708984375,10.730616569519043,7.482096195220947,2777.370849609375,26.82904624938965,30.708984375,385.29998779296875,196.48399353027344,114.83999633789062,0.875,59.9900016784668,156009.0,207.31173706054688,0.5484493970870972,214.26686096191406,0.5306466817855835
2026-09-08T23:30:00.000+08:00,3254.005859375,10.769465446472168,7.513888835906982,2805.229736328125,26.809608459472656,30.72265625,385.5,196.4340057373047,114.7750015258789,0.875,60.02000045776367,156010.90625,210.3997802734375,0.5403997898101807,220.7530975341797,0.5150550603866577
2026-09-08T23:31:00.000+08:00,3266.43115234375,10.870287895202637,7.795138835906982,2805.625244140625,26.85282325744629,30.6953125,385.20001220703125,217.18699645996094,128.53700256347656,0.8870000243186951,59.970001220703125,156012.90625,214.75808715820312,0.5298985838890076,215.98472595214844,0.5268890857696533
2026-09-08T23:32:00.000+08:00,3236.193603515625,10.947260856628418,7.357638835906982,2783.611572265625,26.634855270385742,31.333984375,385.1000061035156,242.41200256347656,145.71200561523438,0.8999999761581421,59.97999954223633,156015.296875,209.6688232421875,0.5427607297897339,216.11871337890625,0.5265624523162842
2026-09-08T23:33:00.000+08:00,3753.1083984375,10.861788749694824,7.4212236404418945,2785.0185546875,26.746780395507812,31.486328125,385.0,212.2310028076172,125.0530014038086,0.8840000033378601,59.97999954223633,156017.5,229.57070922851562,0.5488504767417908,212.4398956298828,0.5931088924407959
2026-09-08T23:34:00.000+08:00,3751.208251953125,10.795634269714355,7.514430999755859,2788.5078125,26.715402603149414,31.19482421875,385.1000061035156,212.62899780273438,124.74199676513672,0.8799999952316284,60.0,156019.59375,258.52294921875,0.5686149001121521,247.55743408203125,0.5938016176223755
2026-09-08T23:35:00.000+08:00,3690.580078125,10.752894401550293,7.4524736404418945,2785.46826171875,26.742036819458008,31.01416015625,385.20001220703125,212.6300048828125,124.57499694824219,0.878000020980835,60.029998779296875,156021.703125,250.11685180664062,0.4993665814399719,261.9411315917969,0.4689937233924866
2026-09-08T23:36:00.000+08:00,3731.744384765625,10.64948558807373,7.417426109313965,2784.429443359375,26.730274200439453,31.083984375,385.29998779296875,211.2310028076172,124.33100128173828,0.8820000290870667,60.029998779296875,156023.796875,238.2176513671875,0.5205323696136475,250.5662841796875,0.4948790371417999
2026-09-08T23:37:00.000+08:00,3747.837158203125,10.610209465026855,7.387803554534912,2796.02783203125,26.691455841064453,31.06982421875,385.20001220703125,210.74200439453125,123.93900299072266,0.8799999952316284,59.9900016784668,156025.90625,246.0558624267578,0.5027313828468323,253.41360473632812,0.48813480138778687
2026-09-08T23:38:00.000+08:00,3830.096923828125,10.662455558776855,7.389430999755859,2815.080322265625,26.73326873779297,31.09765625,384.8999938964844,210.68299865722656,123.97599792480469,0.8820000290870667,59.97999954223633,156027.90625,245.46046447753906,0.501913845539093,244.05303955078125,0.5048083066940308
2026-09-08T23:39:00.000+08:00,3703.36181640625,10.626818656921387,7.35438346862793,2801.780029296875,26.74721908569336,31.0703125,385.20001220703125,211.38999938964844,124.21700286865234,0.8790000081062317,59.9900016784668,156030.0,236.26312255859375,0.52229905128479,239.81997680664062,0.5145525932312012
2026-09-08T23:40:00.000+08:00,3739.199951171875,10.668620109558105,7.419596195220947,2793.107177734375,26.770034790039062,31.1533203125,385.0,211.52099609375,124.18000030517578,0.8799999952316284,60.040000915527344,156032.09375,239.44366455078125,0.5149436593055725,241.54989624023438,0.5104535222053528
2026-09-08T23:41:00.000+08:00,3680.45166015625,10.654322624206543,7.45301628112793,2797.219482421875,26.82755470275879,31.1953125,385.29998779296875,211.13499450683594,124.5,0.8840000033378601,60.029998779296875,156034.09375,233.69189453125,0.5263340473175049,239.5148468017578,0.513538122177124
2026-09-08T23:42:00.000+08:00,3712.61669921875,10.699053764343262,7.451388835906982,2804.06884765625,26.87799644470215,31.333984375,385.3999938964844,210.67100524902344,124.1780014038086,0.8830000162124634,60.02000045776367,156036.203125,239.11769104003906,0.5164820551872253,244.6375274658203,0.5048285126686096
2026-09-08T23:43:00.000+08:00,3736.587158203125,10.594508171081543,7.4212236404418945,2788.98876953125,26.976316452026367,31.15283203125,385.3999938964844,211.05799865722656,124.00599670410156,0.8799999952316284,60.029998779296875,156038.296875,238.4352569580078,0.5167021155357361,234.56234741210938,0.5252335071563721
2026-09-08T23:44:00.000+08:00,3685.67626953125,10.632670402526855,7.389430999755859,2788.55810546875,26.831396102905273,31.181640625,385.20001220703125,210.11199951171875,124.01599884033203,0.8840000033378601,60.040000915527344,156040.296875,239.96932983398438,0.5154825448989868,245.95213317871094,0.5029433965682983
2026-09-08T23:45:00.000+08:00,3763.04931640625,10.614733695983887,7.35926628112793,2791.705322265625,26.80954360961914,31.19482421875,385.20001220703125,210.25999450683594,123.7490005493164,0.8820000290870667,60.04999923706055,156042.40625,243.00221252441406,0.5065797567367554,235.45957946777344,0.5228073596954346
2026-09-08T23:46:00.000+08:00,3662.97607421875,10.524104118347168,7.357096195220947,2793.264404296875,26.787811279296875,31.15283203125,385.29998779296875,203.81700134277344,119.33599853515625,0.875,60.060001373291016,156044.40625,235.8928680419922,0.5218470692634583,243.8640594482422,0.504789412021637
2026-09-08T23:47:00.000+08:00,3693.265869140625,10.510226249694824,7.356553554534912,2809.283935546875,26.772180557250977,31.111328125,385.5,200.94900512695312,117.35700225830078,0.875,60.04999923706055,156046.40625,234.12661743164062,0.5253567695617676,243.69915771484375,0.5047206878662109
2026-09-08T23:48:00.000+08:00,3657.772216796875,10.416529655456543,7.4524736404418945,2795.5712890625,26.77050018310547,30.875,385.79998779296875,195.60299682617188,113.66400146484375,0.8690000176429749,60.060001373291016,156048.40625,238.72364807128906,0.4959709942340851,243.62110900878906,0.48600056767463684
2026-09-08T23:49:00.000+08:00,3712.077880859375,10.419695854187012,7.51551628112793,2783.936279296875,26.756677627563477,30.76416015625,385.6000061035156,195.91299438476562,114.33399963378906,0.8730000257492065,60.040000915527344,156050.296875,225.66822814941406,0.5180171132087708,234.82423400878906,0.4978191554546356
2026-09-08T23:50:00.000+08:00,3711.908935546875,10.44898509979248,7.483180999755859,2810.06005859375,26.81545639038086,30.681640625,385.20001220703125,196.85000610351562,114.38300323486328,0.8709999918937683,60.02000045776367,156052.203125,220.72068786621094,0.5142245888710022,233.4763946533203,0.4861305058002472
2026-09-08T23:51:00.000+08:00,3715.346435546875,10.356554985046387,7.482638835906982,2800.263916015625,26.813390731811523,30.6953125,385.5,195.58999633789062,114.05999755859375,0.8740000128746033,60.040000915527344,156054.09375,213.0635223388672,0.5308276414871216,226.2383575439453,0.4999152421951294
2026-09-08T23:52:00.000+08:00,3675.8984375,10.331271171569824,7.484808921813965,2796.867919921875,26.796409606933594,30.6669921875,385.29998779296875,195.52000427246094,113.75700378417969,0.8679999709129333,60.02000045776367,156056.09375,212.22914123535156,0.5347992777824402,216.164306640625,0.5250635147094727
2026-09-08T23:53:00.000+08:00,3709.97265625,10.364954948425293,7.483180999755859,2804.752685546875,26.771867752075195,30.69482421875,385.5,196.2209930419922,114.0979995727539,0.8709999918937683,60.029998779296875,156057.796875,218.06219482421875,0.5182008147239685,215.48756408691406,0.5243921875953674
2026-09-08T23:54:00.000+08:00,3702.9248046875,10.40424633026123,7.514430999755859,2793.883056640625,26.799602508544922,30.708984375,385.1000061035156,195.33299255371094,114.28099822998047,0.8769999742507935,60.029998779296875,156059.796875,209.94883728027344,0.5363211631774902,216.28390502929688,0.5206120014190674
2026-09-08T23:55:00.000+08:00,3689.966552734375,10.4039945602417,7.54296875,2807.84423828125,26.7666072845459,30.6533203125,385.70001220703125,195.43600463867188,114.16500091552734,0.875,60.040000915527344,156061.703125,211.0993194580078,0.5352930426597595,218.13168334960938,0.5180357098579407
2026-09-08T23:56:00.000+08:00,3754.55615234375,10.436091423034668,7.512803554534912,2802.870849609375,26.871793746948242,30.59765625,385.6000061035156,195.5989990234375,114.39700317382812,0.8769999742507935,60.04999923706055,156063.59375,217.50875854492188,0.5199790596961975,217.41014099121094,0.5202149152755737
2026-09-08T23:57:00.000+08:00,3775.8447265625,10.374789237976074,7.478841304779053,2787.77294921875,26.719257354736328,30.556640625,385.5,195.58299255371094,114.42500305175781,0.8769999742507935,60.04999923706055,156065.40625,214.08660888671875,0.528290867805481,212.57867431640625,0.5320383310317993
2026-09-08T23:58:00.000+08:00,3724.276123046875,10.38977336883545,7.512803554534912,2812.330810546875,26.683408737182617,30.611328125,385.70001220703125,196.4770050048828,114.36699676513672,0.871999979019165,60.04999923706055,156067.40625,210.29449462890625,0.5387682914733887,219.86947631835938,0.515305757522583
2026-09-08T23:59:00.000+08:00,3699.987548828125,10.449923515319824,7.48426628112793,2809.976806640625,26.666608810424805,30.59765625,385.3999938964844,196.18899536132812,114.39900207519531,0.8740000128746033,60.029998779296875,156069.40625,212.34205627441406,0.5326311588287354,212.68902587890625,0.5317623019218445
