timestamp,門診大樓_AH_3_2冰水流量,門診大樓_AH_3_2溫度1,門診大樓_AH_3_2溫度2,門診大樓_AH_3_2冷凍頓,門診大樓_AH_3_2冰水效率,門診大樓_AH_3_2電壓平均,門診大樓_AH_3_2電流平均,門診大樓_AH_3_2輸出功率,門診大樓_AH_3_2輸出功率千瓦時,門診大樓_AH_3_2_1 EC_FAN直流電壓,門診大樓_AH_3_2_1 EC_FAN直流電流,門診大樓_AH_3_2_1 EC_FAN有效功率,門診大樓_AH_3_2_1 EC_FAN輸出功率千瓦時,門診大樓_AH_3_2_2 EC_FAN直流電壓,門診大樓_AH_3_2_2 EC_FAN直流電流,門診大樓_AH_3_2_2 EC_FAN有效功率,門診大樓_AH_3_2_2 EC_FAN輸出功率千瓦時,門診大樓_AH_3_2_3 EC_FAN直流電壓,門診大樓_AH_3_2_3 EC_FAN直流電流,門診大樓_AH_3_2_3 EC_FAN有效功率,門診大樓_AH_3_2_3 EC_FAN輸出功率千瓦時
2026-09-08T00:00:00.000+08:00,290.6539611816406,8.887310028076172,12.15283203125,17.93610954284668,0.20166024565696716,384.20001220703125,6.1529998779296875,3.556999921798706,1850.300048828125,nan,nan,nan,65536.0,nan,nan,nan,65536.0,nan,nan,nan,65536.0
2026-09-08T00:01:00.000+08:00,290.18853759765625,8.896442413330078,11.458251953125,18.58405113220215,0.19053973257541656,383.8999938964844,0.0,0.0,1850.300048828125,nan,nan,nan,65536.0,nan,nan,nan,65536.0,nan,nan,nan,65536.0
2026-09-08T00:02:00.000+08:00,295.80291748046875,8.94826889038086,11.326416015625,19.20940399169922,0.18480531871318817,384.0,0.0,0.0,1850.300048828125,nan,nan,nan,65536.0,nan,nan,nan,65536.0,nan,nan,nan,65536.0
2026-09-08T00:03:00.000+08:00,24.00621795654297,9.084709167480469,11.4375,1.2543623447418213,0.0,384.1000061035156,0.0,0.0,1850.300048828125,nan,nan,nan,65536.0,nan,nan,nan,65536.0,nan,nan,nan,65536.0
2026-09-08T00:04:00.000+08:00,0.0,9.127758026123047,11.5556640625,0.0,nan,384.3999938964844,0.0,0.0,1850.300048828125,nan,nan,nan,65536.0,nan,nan,nan,65536.0,nan,nan,nan,65536.0
2026-09-08T00:05:00.000+08:00,0.0,9.151050567626953,11.6669921875,0.0,nan,384.1000061035156,0.0,0.0,1850.300048828125,nan,nan,nan,65536.0,nan,nan,nan,65536.0,nan,nan,nan,65536.0
2026-09-08T00:06:00.000+08:00,0.0,9.207080841064453,11.701416015625,0.0,nan,384.3999938964844,0.0,0.0,1850.300048828125,nan,nan,nan,65536.0,nan,nan,nan,65536.0,nan,nan,nan,65536.0
2026-09-08T00:07:00.000+08:00,0.0,9.276374816894531,11.8056640625,0.0,nan,384.29998779296875,0.0,0.0,1850.300048828125,nan,nan,nan,65536.0,nan,nan,nan,65536.0,nan,nan,nan,65536.0
2026-09-08T00:08:00.000+08:00,0.0,9.286094665527344,11.75,0.0,nan,384.20001220703125,0.0,0.0,1850.300048828125,nan,nan,nan,65536.0,nan,nan,nan,65536.0,nan,nan,nan,65536.0
2026-09-08T00:09:00.000+08:00,0.0,9.260917663574219,11.8125,0.0,nan,384.3999938964844,0.0,0.0,1850.300048828125,nan,nan,nan,65536.0,nan,nan,nan,65536.0,nan,nan,nan,65536.0
2026-09-08T00:10:00.000+08:00,0.0,9.273841857910156,11.826416015625,0.0,nan,384.1000061035156,0.0,0.0,1850.300048828125,nan,nan,nan,65536.0,nan,nan,nan,65536.0,nan,nan,nan,65536.0
2026-09-08T00:11:00.000+08:00,0.0,9.305095672607422,11.8125,0.0,nan,384.1000061035156,0.0,0.0,1850.300048828125,nan,nan,nan,65536.0,nan,nan,nan,65536.0,nan,nan,nan,65536.0
2026-09-08T00:12:00.000+08:00,0.0,9.270965576171875,11.888916015625,0.0,nan,384.5,0.0,0.0,1850.300048828125,nan,nan,nan,65536.0,nan,nan,nan,65536.0,nan,nan,nan,65536.0
2026-09-08T00:13:00.000+08:00,0.0,9.284286499023438,11.882080078125,0.0,nan,384.3999938964844,0.0,0.0,1850.300048828125,nan,nan,nan,65536.0,nan,nan,nan,65536.0,nan,nan,nan,65536.0
2026-09-08T00:14:00.000+08:00,0.0,9.314064025878906,11.923583984375,0.0,nan,384.3999938964844,0.0,0.0,1850.300048828125,nan,nan,nan,65536.0,nan,nan,nan,65536.0,nan,nan,nan,65536.0
2026-09-08T00:15:00.000+08:00,0.0,9.32305908203125,11.95849609375,0.0,nan,384.1000061035156,0.0,0.0,1850.300048828125,nan,nan,nan,65536.0,nan,nan,nan,65536.0,nan,nan,nan,65536.0
2026-09-08T00:16:00.000+08:00,0.0,9.330970764160156,11.9931640625,0.0,nan,383.8999938964844,0.0,0.0,1850.300048828125,nan,nan,nan,65536.0,nan,nan,nan,65536.0,nan,nan,nan,65536.0
2026-09-08T00:17:00.000+08:00,0.0,9.35528564453125,11.9794921875,0.0,nan,384.20001220703125,0.0,0.0,1850.300048828125,nan,nan,nan,65536.0,nan,nan,nan,65536.0,nan,nan,nan,65536.0
2026-09-08T00:18:00.000+08:00,0.0,9.431495666503906,11.9375,0.0,nan,384.29998779296875,0.0,0.0,1850.300048828125,nan,nan,nan,65536.0,nan,nan,nan,65536.0,nan,nan,nan,65536.0
2026-09-08T00:19:00.000+08:00,0.0,9.395893096923828,12.013916015625,0.0,nan,384.6000061035156,0.0,0.0,1850.300048828125,nan,nan,nan,65536.0,nan,nan,nan,65536.0,nan,nan,nan,65536.0
2026-09-08T00:20:00.000+08:00,0.0,9.397621154785156,12.0,0.0,nan,384.5,0.0,0.0,1850.300048828125,nan,nan,nan,65536.0,nan,nan,nan,65536.0,nan,nan,nan,65536.0
2026-09-08T00:21:00.000+08:00,0.0,9.420719146728516,12.007080078125,0.0,nan,384.29998779296875,0.0,0.0,1850.300048828125,nan,nan,nan,65536.0,nan,nan,nan,65536.0,nan,nan,nan,65536.0
2026-09-08T00:22:00.000+08:00,0.0,9.425403594970703,12.0419921875,0.0,nan,384.3999938964844,0.0,0.0,1850.300048828125,nan,nan,nan,65536.0,nan,nan,nan,65536.0,nan,nan,nan,65536.0
2026-09-08T00:23:00.000+08:00,0.0,9.378555297851562,12.069580078125,0.0,nan,384.3999938964844,0.0,0.0,1850.300048828125,nan,nan,nan,65536.0,nan,nan,nan,65536.0,nan,nan,nan,65536.0
2026-09-08T00:24:00.000+08:00,0.0,9.46773910522461,12.0693359375,0.0,nan,384.8999938964844,0.0,0.0,1850.300048828125,nan,nan,nan,65536.0,nan,nan,nan,65536.0,nan,nan,nan,65536.0
2026-09-08T00:25:00.000+08:00,0.0,9.478477478027344,12.1181640625,0.0,nan,384.3999938964844,0.0,0.0,1850.300048828125,nan,nan,nan,65536.0,nan,nan,nan,65536.0,nan,nan,nan,65536.0
2026-09-08T00:26:00.000+08:00,0.0,9.48956298828125,12.09033203125,0.0,nan,385.0,0.0,0.0,1850.300048828125,nan,nan,nan,65536.0,nan,nan,nan,65536.0,nan,nan,nan,65536.0
2026-09-08T00:27:00.000+08:00,0.0,9.49859619140625,12.159912109375,0.0,nan,385.29998779296875,0.0,0.0,1850.300048828125,nan,nan,nan,65536.0,nan,nan,nan,65536.0,nan,nan,nan,65536.0
2026-09-08T00:28:00.000+08:00,0.0,9.494266510009766,12.0625,0.0,nan,384.29998779296875,0.0,0.0,1850.300048828125,nan,nan,nan,65536.0,nan,nan,nan,65536.0,nan,nan,nan,65536.0
2026-09-08T00:29:00.000+08:00,0.0,9.50253677368164,12.138916015625,0.0,nan,384.5,0.0,0.0,1850.300048828125,nan,nan,nan,65536.0,nan,nan,nan,65536.0,nan,nan,nan,65536.0
2026-09-08T00:30:00.000+08:00,0.0,9.514759063720703,12.173583984375,0.0,nan,384.1000061035156,0.0,0.0,1850.300048828125,nan,nan,nan,65536.0,nan,nan,nan,65536.0,nan,nan,nan,65536.0
2026-09-08T00:31:00.000+08:00,0.0,9.528121948242188,12.125,0.0,nan,384.20001220703125,0.0,0.0,1850.300048828125,nan,nan,nan,65536.0,nan,nan,nan,65536.0,nan,nan,nan,65536.0
2026-09-08T00:32:00.000+08:00,0.0,9.539974212646484,12.173828125,0.0,nan,384.29998779296875,0.0,0.0,1850.300048828125,nan,nan,nan,65536.0,nan,nan,nan,65536.0,nan,nan,nan,65536.0
2026-09-08T00:33:00.000+08:00,0.0,9.513381958007812,12.222412109375,0.0,nan,384.29998779296875,0.0,0.0,1850.300048828125,nan,nan,nan,65536.0,nan,nan,nan,65536.0,nan,nan,nan,65536.0
2026-09-08T00:34:00.000+08:00,0.0,9.619007110595703,12.125,0.0,nan,383.8999938964844,0.0,0.0,1850.300048828125,nan,nan,nan,65536.0,nan,nan,nan,65536.0,nan,nan,nan,65536.0
2026-09-08T00:35:00.000+08:00,0.0,9.507568359375,12.1875,0.0,nan,383.8999938964844,0.0,0.0,1850.300048828125,nan,nan,nan,65536.0,nan,nan,nan,65536.0,nan,nan,nan,65536.0
2026-09-08T00:36:00.000+08:00,0.0,9.615947723388672,12.208251953125,0.0,nan,384.3999938964844,0.0,0.0,1850.300048828125,nan,nan,nan,65536.0,nan,nan,nan,65536.0,nan,nan,nan,65536.0
2026-09-08T00:37:00.000+08:00,0.0,9.608421325683594,12.194580078125,0.0,nan,384.1000061035156,0.0,0.0,1850.300048828125,nan,nan,nan,65536.0,nan,nan,nan,65536.0,nan,nan,nan,65536.0
2026-09-08T00:38:00.000+08:00,0.0,9.614814758300781,12.222412109375,0.0,nan,384.0,0.0,0.0,1850.300048828125,nan,nan,nan,65536.0,nan,nan,nan,65536.0,nan,nan,nan,65536.0
2026-09-08T00:39:00.000+08:00,0.0,9.609561920166016,12.222412109375,0.0,nan,384.1000061035156,0.0,0.0,1850.300048828125,nan,nan,nan,65536.0,nan,nan,nan,65536.0,nan,nan,nan,65536.0
2026-09-08T00:40:00.000+08:00,0.0,9.638713836669922,12.263916015625,0.0,nan,384.20001220703125,0.0,0.0,1850.300048828125,nan,nan,nan,65536.0,nan,nan,nan,65536.0,nan,nan,nan,65536.0
2026-09-08T00:41:00.000+08:00,0.0,9.6424560546875,12.291748046875,0.0,nan,384.5,0.0,0.0,1850.300048828125,nan,nan,nan,65536.0,nan,nan,nan,65536.0,nan,nan,nan,65536.0
2026-09-08T00:42:00.000+08:00,0.0,9.65188217163086,12.284912109375,0.0,nan,385.0,0.0,0.0,1850.300048828125,nan,nan,nan,65536.0,nan,nan,nan,65536.0,nan,nan,nan,65536.0
2026-09-08T00:43:00.000+08:00,0.0,9.744823455810547,12.2919921875,0.0,nan,384.3999938964844,0.0,0.0,1850.300048828125,nan,nan,nan,65536.0,nan,nan,nan,65536.0,nan,nan,nan,65536.0
2026-09-08T00:44:00.000+08:00,0.0,9.68536376953125,12.3125,0.0,nan,384.3999938964844,0.0,0.0,1850.300048828125,nan,nan,nan,65536.0,nan,nan,nan,65536.0,nan,nan,nan,65536.0
2026-09-08T00:45:00.000+08:00,0.0,9.684989929199219,12.25,0.0,nan,384.29998779296875,0.0,0.0,1850.300048828125,nan,nan,nan,65536.0,nan,nan,nan,65536.0,nan,nan,nan,65536.0
2026-09-08T00:46:00.000+08:00,0.0,9.69760513305664,12.326416015625,0.0,nan,384.20001220703125,0.0,0.0,1850.300048828125,nan,nan,nan,65536.0,nan,nan,nan,65536.0,nan,nan,nan,65536.0
2026-09-08T00:47:00.000+08:00,0.0,9.652950286865234,12.361083984375,0.0,nan,384.20001220703125,0.0,0.0,1850.300048828125,nan,nan,nan,65536.0,nan,nan,nan,65536.0,nan,nan,nan,65536.0
2026-09-08T00:48:00.000+08:00,0.0,9.731243133544922,12.361083984375,0.0,nan,384.0,0.0,0.0,1850.300048828125,nan,nan,nan,65536.0,nan,nan,nan,65536.0,nan,nan,nan,65536.0
2026-09-08T00:49:00.000+08:00,0.0,9.732383728027344,12.319580078125,0.0,nan,384.1000061035156,0.0,0.0,1850.300048828125,nan,nan,nan,65536.0,nan,nan,nan,65536.0,nan,nan,nan,65536.0
2026-09-08T00:50:00.000+08:00,0.0,9.756084442138672,12.416748046875,0.0,nan,384.5,0.0,0.0,1850.300048828125,nan,nan,nan,65536.0,nan,nan,nan,65536.0,nan,nan,nan,65536.0
2026-09-08T00:51:00.000+08:00,0.0,9.76717758178711,12.4033203125,0.0,nan,384.70001220703125,0.0,0.0,1850.300048828125,nan,nan,nan,65536.0,nan,nan,nan,65536.0,nan,nan,nan,65536.0
2026-09-08T00:52:00.000+08:00,0.0,9.761177062988281,12.4169921875,0.0,nan,384.5,0.0,0.0,1850.300048828125,nan,nan,nan,65536.0,nan,nan,nan,65536.0,nan,nan,nan,65536.0
2026-09-08T00:53:00.000+08:00,0.0,9.773029327392578,12.375,0.0,nan,384.3999938964844,0.0,0.0,1850.300048828125,nan,nan,nan,65536.0,nan,nan,nan,65536.0,nan,nan,nan,65536.0
2026-09-08T00:54:00.000+08:00,0.0,9.780166625976562,12.423583984375,0.0,nan,384.29998779296875,0.0,0.0,1850.300048828125,nan,nan,nan,65536.0,nan,nan,nan,65536.0,nan,nan,nan,65536.0
2026-09-08T00:55:00.000+08:00,0.0,9.801952362060547,12.4169921875,0.0,nan,384.6000061035156,0.0,0.0,1850.300048828125,nan,nan,nan,65536.0,nan,nan,nan,65536.0,nan,nan,nan,65536.0
2026-09-08T00:56:00.000+08:00,0.0,9.870697021484375,12.395751953125,0.0,nan,384.29998779296875,0.0,0.0,1850.300048828125,nan,nan,nan,65536.0,nan,nan,nan,65536.0,nan,nan,nan,65536.0
2026-09-08T00:57:00.000+08:00,0.0,9.84616470336914,12.45166015625,0.0,nan,384.1000061035156,0.0,0.0,1850.300048828125,nan,nan,nan,65536.0,nan,nan,nan,65536.0,nan,nan,nan,65536.0
2026-09-08T00:58:00.000+08:00,0.0,9.83074951171875,12.47265625,0.0,nan,384.0,0.0,0.0,1850.300048828125,nan,nan,nan,65536.0,nan,nan,nan,65536.0,nan,nan,nan,65536.0
2026-09-08T00:59:00.000+08:00,0.0,9.83074951171875,12.4375,0.0,nan,384.3999938964844,0.0,0.0,1850.300048828125,nan,nan,nan,65536.0,nan,nan,nan,65536.0,nan,nan,nan,65536.0
2026-09-08T01:00:00.000+08:00,0.0,9.880573272705078,12.53515625,0.0,nan,384.29998779296875,0.0,0.0,1850.300048828125,nan,nan,nan,65536.0,nan,nan,nan,65536.0,nan,nan,nan,65536.0
2026-09-08T01:01:00.000+08:00,0.0,9.863895416259766,12.4931640625,0.0,nan,384.29998779296875,0.0,0.0,1850.300048828125,nan,nan,nan,65536.0,nan,nan,nan,65536.0,nan,nan,nan,65536.0
2026-09-08T01:02:00.000+08:00,0.0,9.930728912353516,12.4375,0.0,nan,384.29998779296875,0.0,0.0,1850.300048828125,nan,nan,nan,65536.0,nan,nan,nan,65536.0,nan,nan,nan,65536.0
2026-09-08T01:03:00.000+08:00,0.0,9.884899139404297,12.541748046875,0.0,nan,384.29998779296875,0.0,0.0,1850.300048828125,nan,nan,nan,65536.0,nan,nan,nan,65536.0,nan,nan,nan,65536.0
2026-09-08T01:04:00.000+08:00,0.0,9.910999298095703,12.548583984375,0.0,nan,384.5,0.0,0.0,1850.300048828125,nan,nan,nan,65536.0,nan,nan,nan,65536.0,nan,nan,nan,65536.0
2026-09-08T01:05:00.000+08:00,0.0,9.909366607666016,12.5,0.0,nan,384.6000061035156,0.0,0.0,1850.300048828125,nan,nan,nan,65536.0,nan,nan,nan,65536.0,nan,nan,nan,65536.0
2026-09-08T01:06:00.000+08:00,0.0,9.99594497680664,12.611083984375,0.0,nan,384.5,0.0,0.0,1850.300048828125,nan,nan,nan,65536.0,nan,nan,nan,65536.0,nan,nan,nan,65536.0
2026-09-08T01:07:00.000+08:00,0.0,9.91842269897461,12.5556640625,0.0,nan,384.6000061035156,0.0,0.0,1850.300048828125,nan,nan,nan,65536.0,nan,nan,nan,65536.0,nan,nan,nan,65536.0
2026-09-08T01:08:00.000+08:00,0.0,9.94173812866211,12.6044921875,0.0,nan,385.20001220703125,0.0,0.0,1850.300048828125,nan,nan,nan,65536.0,nan,nan,nan,65536.0,nan,nan,nan,65536.0
2026-09-08T01:09:00.000+08:00,0.0,9.95358657836914,12.6044921875,0.0,nan,384.5,0.0,0.0,1850.300048828125,nan,nan,nan,65536.0,nan,nan,nan,65536.0,nan,nan,nan,65536.0
2026-09-08T01:10:00.000+08:00,0.0,9.955974578857422,12.59033203125,0.0,nan,384.70001220703125,0.0,0.0,1850.300048828125,nan,nan,nan,65536.0,nan,nan,nan,65536.0,nan,nan,nan,65536.0
2026-09-08T01:11:00.000+08:00,0.0,10.038227081298828,12.576416015625,0.0,nan,384.6000061035156,0.0,0.0,1850.300048828125,nan,nan,nan,65536.0,nan,nan,nan,65536.0,nan,nan,nan,65536.0
2026-09-08T01:12:00.000+08:00,0.0,9.987968444824219,12.576416015625,0.0,nan,385.0,0.0,0.0,1850.300048828125,nan,nan,nan,65536.0,nan,nan,nan,65536.0,nan,nan,nan,65536.0
2026-09-08T01:13:00.000+08:00,0.0,10.059150695800781,12.611328125,0.0,nan,385.20001220703125,0.0,0.0,1850.300048828125,nan,nan,nan,65536.0,nan,nan,nan,65536.0,nan,nan,nan,65536.0
2026-09-08T01:14:00.000+08:00,0.0,10.056365966796875,12.6181640625,0.0,nan,385.0,0.0,0.0,1850.300048828125,nan,nan,nan,65536.0,nan,nan,nan,65536.0,nan,nan,nan,65536.0
2026-09-08T01:15:00.000+08:00,0.0,10.010498046875,12.632080078125,0.0,nan,384.79998779296875,0.0,0.0,1850.300048828125,nan,nan,nan,65536.0,nan,nan,nan,65536.0,nan,nan,nan,65536.0
2026-09-08T01:16:00.000+08:00,0.0,10.091575622558594,12.625,0.0,nan,384.3999938964844,0.0,0.0,1850.300048828125,nan,nan,nan,65536.0,nan,nan,nan,65536.0,nan,nan,nan,65536.0
2026-09-08T01:17:00.000+08:00,0.0,10.027862548828125,12.625,0.0,nan,384.3999938964844,0.0,0.0,1850.300048828125,nan,nan,nan,65536.0,nan,nan,nan,65536.0,nan,nan,nan,65536.0
2026-09-08T01:18:00.000+08:00,0.0,10.120002746582031,12.666748046875,0.0,nan,384.6000061035156,0.0,0.0,1850.300048828125,nan,nan,nan,65536.0,nan,nan,nan,65536.0,nan,nan,nan,65536.0
2026-09-08T01:19:00.000+08:00,0.0,10.110893249511719,12.659912109375,0.0,nan,384.6000061035156,0.0,0.0,1850.300048828125,nan,nan,nan,65536.0,nan,nan,nan,65536.0,nan,nan,nan,65536.0
2026-09-08T01:20:00.000+08:00,0.0,10.067352294921875,12.638916015625,0.0,nan,384.70001220703125,0.0,0.0,1850.300048828125,nan,nan,nan,65536.0,nan,nan,nan,65536.0,nan,nan,nan,65536.0
2026-09-08T01:21:00.000+08:00,0.0,10.074466705322266,12.7431640625,0.0,nan,384.70001220703125,0.0,0.0,1850.300048828125,nan,nan,nan,65536.0,nan,nan,nan,65536.0,nan,nan,nan,65536.0
2026-09-08T01:22:00.000+08:00,0.0,10.138923645019531,12.7431640625,0.0,nan,384.6000061035156,0.0,0.0,1850.300048828125,nan,nan,nan,65536.0,nan,nan,nan,65536.0,nan,nan,nan,65536.0
2026-09-08T01:23:00.000+08:00,0.0,10.150386810302734,12.7158203125,0.0,nan,384.6000061035156,0.0,0.0,1850.300048828125,nan,nan,nan,65536.0,nan,nan,nan,65536.0,nan,nan,nan,65536.0
2026-09-08T01:24:00.000+08:00,0.0,10.156307220458984,12.722412109375,0.0,nan,384.8999938964844,0.0,0.0,1850.300048828125,nan,nan,nan,65536.0,nan,nan,nan,65536.0,nan,nan,nan,65536.0
2026-09-08T01:25:00.000+08:00,0.0,10.126602172851562,12.78515625,0.0,nan,384.79998779296875,0.0,0.0,1850.300048828125,nan,nan,nan,65536.0,nan,nan,nan,65536.0,nan,nan,nan,65536.0
2026-09-08T01:26:00.000+08:00,0.0,10.17763900756836,12.729248046875,0.0,nan,384.8999938964844,0.0,0.0,1850.300048828125,nan,nan,nan,65536.0,nan,nan,nan,65536.0,nan,nan,nan,65536.0
2026-09-08T01:27:00.000+08:00,0.0,10.204910278320312,12.798583984375,0.0,nan,384.8999938964844,0.0,0.0,1850.300048828125,nan,nan,nan,65536.0,nan,nan,nan,65536.0,nan,nan,nan,65536.0
2026-09-08T01:28:00.000+08:00,0.0,10.179206848144531,12.7919921875,0.0,nan,384.6000061035156,0.0,0.0,1850.300048828125,nan,nan,nan,65536.0,nan,nan,nan,65536.0,nan,nan,nan,65536.0
2026-09-08T01:29:00.000+08:00,0.0,10.212024688720703,12.784912109375,0.0,nan,384.70001220703125,0.0,0.0,1850.300048828125,nan,nan,nan,65536.0,nan,nan,nan,65536.0,nan,nan,nan,65536.0
2026-09-08T01:30:00.000+08:00,0.0,10.221485137939453,12.7919921875,0.0,nan,384.70001220703125,0.0,0.0,1850.300048828125,nan,nan,nan,65536.0,nan,nan,nan,65536.0,nan,nan,nan,65536.0
2026-09-08T01:31:00.000+08:00,0.0,10.224246978759766,12.798828125,0.0,nan,385.1000061035156,0.0,0.0,1850.300048828125,nan,nan,nan,65536.0,nan,nan,nan,65536.0,nan,nan,nan,65536.0
2026-09-08T01:32:00.000+08:00,0.0,10.259807586669922,12.847412109375,0.0,nan,384.70001220703125,0.0,0.0,1850.300048828125,nan,nan,nan,65536.0,nan,nan,nan,65536.0,nan,nan,nan,65536.0
2026-09-08T01:33:00.000+08:00,0.0,10.306903839111328,12.75,0.0,nan,384.5,0.0,0.0,1850.300048828125,nan,nan,nan,65536.0,nan,nan,nan,65536.0,nan,nan,nan,65536.0
2026-09-08T01:34:00.000+08:00,0.0,10.266921997070312,12.826416015625,0.0,nan,384.70001220703125,0.0,0.0,1850.300048828125,nan,nan,nan,65536.0,nan,nan,nan,65536.0,nan,nan,nan,65536.0
2026-09-08T01:35:00.000+08:00,0.0,10.283916473388672,12.8544921875,0.0,nan,384.70001220703125,0.0,0.0,1850.300048828125,nan,nan,nan,65536.0,nan,nan,nan,65536.0,nan,nan,nan,65536.0
2026-09-08T01:36:00.000+08:00,0.0,10.287460327148438,12.861328125,0.0,nan,384.70001220703125,0.0,0.0,1850.300048828125,nan,nan,nan,65536.0,nan,nan,nan,65536.0,nan,nan,nan,65536.0
2026-09-08T01:37:00.000+08:00,0.0,10.283916473388672,12.819580078125,0.0,nan,384.70001220703125,0.0,0.0,1850.300048828125,nan,nan,nan,65536.0,nan,nan,nan,65536.0,nan,nan,nan,65536.0
2026-09-08T01:38:00.000+08:00,0.0,10.308021545410156,12.826416015625,0.0,nan,384.5,0.0,0.0,1850.300048828125,nan,nan,nan,65536.0,nan,nan,nan,65536.0,nan,nan,nan,65536.0
2026-09-08T01:39:00.000+08:00,0.0,10.361427307128906,12.8681640625,0.0,nan,384.6000061035156,0.0,0.0,1850.300048828125,nan,nan,nan,65536.0,nan,nan,nan,65536.0,nan,nan,nan,65536.0
2026-09-08T01:40:00.000+08:00,0.0,10.374069213867188,12.854248046875,0.0,nan,384.79998779296875,0.0,0.0,1850.300048828125,nan,nan,nan,65536.0,nan,nan,nan,65536.0,nan,nan,nan,65536.0
2026-09-08T01:41:00.000+08:00,0.0,10.331718444824219,12.882080078125,0.0,nan,384.79998779296875,0.0,0.0,1850.300048828125,nan,nan,nan,65536.0,nan,nan,nan,65536.0,nan,nan,nan,65536.0
2026-09-08T01:42:00.000+08:00,0.0,10.33883285522461,12.916748046875,0.0,nan,384.70001220703125,0.0,0.0,1850.300048828125,nan,nan,nan,65536.0,nan,nan,nan,65536.0,nan,nan,nan,65536.0
2026-09-08T01:43:00.000+08:00,0.0,10.422283172607422,12.923583984375,0.0,nan,384.79998779296875,0.0,0.0,1850.300048828125,nan,nan,nan,65536.0,nan,nan,nan,65536.0,nan,nan,nan,65536.0
2026-09-08T01:44:00.000+08:00,0.0,10.41754150390625,12.882080078125,0.0,nan,384.5,0.0,0.0,1850.300048828125,nan,nan,nan,65536.0,nan,nan,nan,65536.0,nan,nan,nan,65536.0
2026-09-08T01:45:00.000+08:00,0.0,10.41754150390625,12.882080078125,0.0,nan,384.70001220703125,0.0,0.0,1850.300048828125,nan,nan,nan,65536.0,nan,nan,nan,65536.0,nan,nan,nan,65536.0
2026-09-08T01:46:00.000+08:00,0.0,10.432182312011719,12.916748046875,0.0,nan,384.70001220703125,0.0,0.0,1850.300048828125,nan,nan,nan,65536.0,nan,nan,nan,65536.0,nan,nan,nan,65536.0
2026-09-08T01:47:00.000+08:00,0.0,10.389007568359375,12.986328125,0.0,nan,385.1000061035156,0.0,0.0,1850.300048828125,nan,nan,nan,65536.0,nan,nan,nan,65536.0,nan,nan,nan,65536.0
2026-09-08T01:48:00.000+08:00,0.0,10.38427734375,12.97265625,0.0,nan,384.8999938964844,0.0,0.0,1850.300048828125,nan,nan,nan,65536.0,nan,nan,nan,65536.0,nan,nan,nan,65536.0
2026-09-08T01:49:00.000+08:00,0.0,10.453483581542969,12.9375,0.0,nan,384.79998779296875,0.0,0.0,1850.300048828125,nan,nan,nan,65536.0,nan,nan,nan,65536.0,nan,nan,nan,65536.0
2026-09-08T01:50:00.000+08:00,0.0,10.472846984863281,12.979248046875,0.0,nan,384.8999938964844,0.0,0.0,1850.300048828125,nan,nan,nan,65536.0,nan,nan,nan,65536.0,nan,nan,nan,65536.0
2026-09-08T01:51:00.000+08:00,0.0,10.473651885986328,12.9931640625,0.0,nan,384.79998779296875,0.0,0.0,1850.300048828125,nan,nan,nan,65536.0,nan,nan,nan,65536.0,nan,nan,nan,65536.0
2026-09-08T01:52:00.000+08:00,0.0,10.480354309082031,12.958251953125,0.0,nan,385.0,0.0,0.0,1850.300048828125,nan,nan,nan,65536.0,nan,nan,nan,65536.0,nan,nan,nan,65536.0
2026-09-08T01:53:00.000+08:00,0.0,10.517059326171875,13.03515625,0.0,nan,385.0,0.0,0.0,1850.300048828125,nan,nan,nan,65536.0,nan,nan,nan,65536.0,nan,nan,nan,65536.0
2026-09-08T01:54:00.000+08:00,0.0,10.43841552734375,13.007080078125,0.0,nan,384.79998779296875,0.0,0.0,1850.300048828125,nan,nan,nan,65536.0,nan,nan,nan,65536.0,nan,nan,nan,65536.0
2026-09-08T01:55:00.000+08:00,0.0,10.513160705566406,13.013916015625,0.0,nan,385.1000061035156,0.0,0.0,1850.300048828125,nan,nan,nan,65536.0,nan,nan,nan,65536.0,nan,nan,nan,65536.0
2026-09-08T01:56:00.000+08:00,0.0,10.530921936035156,13.034912109375,0.0,nan,385.1000061035156,0.0,0.0,1850.300048828125,nan,nan,nan,65536.0,nan,nan,nan,65536.0,nan,nan,nan,65536.0
2026-09-08T01:57:00.000+08:00,0.0,10.535663604736328,13.0283203125,0.0,nan,385.29998779296875,0.0,0.0,1850.300048828125,nan,nan,nan,65536.0,nan,nan,nan,65536.0,nan,nan,nan,65536.0
2026-09-08T01:58:00.000+08:00,0.0,10.54156494140625,13.048828125,0.0,nan,384.70001220703125,0.0,0.0,1850.300048828125,nan,nan,nan,65536.0,nan,nan,nan,65536.0,nan,nan,nan,65536.0
2026-09-08T01:59:00.000+08:00,0.0,10.503170013427734,13.0419921875,0.0,nan,385.1000061035156,0.0,0.0,1850.300048828125,nan,nan,nan,65536.0,nan,nan,nan,65536.0,nan,nan,nan,65536.0
2026-09-08T02:00:00.000+08:00,0.0,10.59332275390625,13.0625,0.0,nan,384.8999938964844,0.0,0.0,1850.300048828125,nan,nan,nan,65536.0,nan,nan,nan,65536.0,nan,nan,nan,65536.0
2026-09-08T02:01:00.000+08:00,0.0,10.571231842041016,13.09765625,0.0,nan,384.70001220703125,0.0,0.0,1850.300048828125,nan,nan,nan,65536.0,nan,nan,nan,65536.0,nan,nan,nan,65536.0
2026-09-08T02:02:00.000+08:00,0.0,10.59808349609375,13.097412109375,0.0,nan,384.70001220703125,0.0,0.0,1850.300048828125,nan,nan,nan,65536.0,nan,nan,nan,65536.0,nan,nan,nan,65536.0
2026-09-08T02:03:00.000+08:00,0.0,10.589462280273438,13.0625,0.0,nan,384.70001220703125,0.0,0.0,1850.300048828125,nan,nan,nan,65536.0,nan,nan,nan,65536.0,nan,nan,nan,65536.0
2026-09-08T02:04:00.000+08:00,0.0,10.66372299194336,13.083251953125,0.0,nan,384.6000061035156,0.0,0.0,1850.300048828125,nan,nan,nan,65536.0,nan,nan,nan,65536.0,nan,nan,nan,65536.0
2026-09-08T02:05:00.000+08:00,0.0,10.610748291015625,13.076416015625,0.0,nan,384.79998779296875,0.0,0.0,1850.300048828125,nan,nan,nan,65536.0,nan,nan,nan,65536.0,nan,nan,nan,65536.0
2026-09-08T02:06:00.000+08:00,0.0,10.681144714355469,13.0908203125,0.0,nan,384.8999938964844,0.0,0.0,1850.300048828125,nan,nan,nan,65536.0,nan,nan,nan,65536.0,nan,nan,nan,65536.0
2026-09-08T02:07:00.000+08:00,0.0,10.574684143066406,13.16015625,0.0,nan,385.0,0.0,0.0,1850.300048828125,nan,nan,nan,65536.0,nan,nan,nan,65536.0,nan,nan,nan,65536.0
2026-09-08T02:08:00.000+08:00,0.0,10.65298080444336,13.1806640625,0.0,nan,385.20001220703125,0.0,0.0,1850.300048828125,nan,nan,nan,65536.0,nan,nan,nan,65536.0,nan,nan,nan,65536.0
2026-09-08T02:09:00.000+08:00,0.0,10.648632049560547,13.16015625,0.0,nan,385.0,0.0,0.0,1850.300048828125,nan,nan,nan,65536.0,nan,nan,nan,65536.0,nan,nan,nan,65536.0
2026-09-08T02:10:00.000+08:00,0.0,10.732105255126953,13.166748046875,0.0,nan,384.79998779296875,0.0,0.0,1850.300048828125,nan,nan,nan,65536.0,nan,nan,nan,65536.0,nan,nan,nan,65536.0
2026-09-08T02:11:00.000+08:00,0.0,10.734142303466797,13.2294921875,0.0,nan,384.70001220703125,0.0,0.0,1850.300048828125,nan,nan,nan,65536.0,nan,nan,nan,65536.0,nan,nan,nan,65536.0
2026-09-08T02:12:00.000+08:00,0.0,10.70352554321289,13.1875,0.0,nan,385.20001220703125,0.0,0.0,1850.300048828125,nan,nan,nan,65536.0,nan,nan,nan,65536.0,nan,nan,nan,65536.0
2026-09-08T02:13:00.000+08:00,0.0,10.709522247314453,13.201416015625,0.0,nan,384.70001220703125,0.0,0.0,1850.300048828125,nan,nan,nan,65536.0,nan,nan,nan,65536.0,nan,nan,nan,65536.0
2026-09-08T02:14:00.000+08:00,0.0,10.711833953857422,13.229248046875,0.0,nan,384.79998779296875,0.0,0.0,1850.300048828125,nan,nan,nan,65536.0,nan,nan,nan,65536.0,nan,nan,nan,65536.0
2026-09-08T02:15:00.000+08:00,0.0,10.758537292480469,13.1875,0.0,nan,384.79998779296875,0.0,0.0,1850.300048828125,nan,nan,nan,65536.0,nan,nan,nan,65536.0,nan,nan,nan,65536.0
2026-09-08T02:16:00.000+08:00,0.0,10.79764175415039,13.194580078125,0.0,nan,384.8999938964844,0.0,0.0,1850.300048828125,nan,nan,nan,65536.0,nan,nan,nan,65536.0,nan,nan,nan,65536.0
2026-09-08T02:17:00.000+08:00,0.0,10.79178237915039,13.194580078125,0.0,nan,385.0,0.0,0.0,1850.300048828125,nan,nan,nan,65536.0,nan,nan,nan,65536.0,nan,nan,nan,65536.0
2026-09-08T02:18:00.000+08:00,0.0,10.80361557006836,13.236083984375,0.0,nan,384.8999938964844,0.0,0.0,1850.300048828125,nan,nan,nan,65536.0,nan,nan,nan,65536.0,nan,nan,nan,65536.0
2026-09-08T02:19:00.000+08:00,0.0,10.75217056274414,13.236328125,0.0,nan,384.79998779296875,0.0,0.0,1850.300048828125,nan,nan,nan,65536.0,nan,nan,nan,65536.0,nan,nan,nan,65536.0
2026-09-08T02:20:00.000+08:00,0.0,10.761287689208984,13.3056640625,0.0,nan,384.70001220703125,0.0,0.0,1850.300048828125,nan,nan,nan,65536.0,nan,nan,nan,65536.0,nan,nan,nan,65536.0
2026-09-08T02:21:00.000+08:00,0.0,10.812751770019531,13.298583984375,0.0,nan,384.8999938964844,0.0,0.0,1850.300048828125,nan,nan,nan,65536.0,nan,nan,nan,65536.0,nan,nan,nan,65536.0
2026-09-08T02:22:00.000+08:00,0.0,10.827335357666016,13.2783203125,0.0,nan,384.79998779296875,0.0,0.0,1850.300048828125,nan,nan,nan,65536.0,nan,nan,nan,65536.0,nan,nan,nan,65536.0
2026-09-08T02:23:00.000+08:00,0.0,10.846675872802734,13.298828125,0.0,nan,384.5,0.0,0.0,1850.300048828125,nan,nan,nan,65536.0,nan,nan,nan,65536.0,nan,nan,nan,65536.0
2026-09-08T02:24:00.000+08:00,0.0,10.859355926513672,13.298583984375,0.0,nan,384.70001220703125,0.0,0.0,1850.300048828125,nan,nan,nan,65536.0,nan,nan,nan,65536.0,nan,nan,nan,65536.0
2026-09-08T02:25:00.000+08:00,0.0,10.92934799194336,13.284912109375,0.0,nan,385.0,0.0,0.0,1850.300048828125,nan,nan,nan,65536.0,nan,nan,nan,65536.0,nan,nan,nan,65536.0
2026-09-08T02:26:00.000+08:00,0.0,10.88808822631836,13.326416015625,0.0,nan,385.3999938964844,0.0,0.0,1850.300048828125,nan,nan,nan,65536.0,nan,nan,nan,65536.0,nan,nan,nan,65536.0
2026-09-08T02:27:00.000+08:00,0.0,10.8818359375,13.319580078125,0.0,nan,385.20001220703125,0.0,0.0,1850.300048828125,nan,nan,nan,65536.0,nan,nan,nan,65536.0,nan,nan,nan,65536.0
2026-09-08T02:28:00.000+08:00,0.0,10.897632598876953,13.319580078125,0.0,nan,385.3999938964844,0.0,0.0,1850.300048828125,nan,nan,nan,65536.0,nan,nan,nan,65536.0,nan,nan,nan,65536.0
2026-09-08T02:29:00.000+08:00,0.0,10.903629302978516,13.326416015625,0.0,nan,385.3999938964844,0.0,0.0,1850.300048828125,nan,nan,nan,65536.0,nan,nan,nan,65536.0,nan,nan,nan,65536.0
2026-09-08T02:30:00.000+08:00,0.0,10.98696517944336,13.347412109375,0.0,nan,385.1000061035156,0.0,0.0,1850.300048828125,nan,nan,nan,65536.0,nan,nan,nan,65536.0,nan,nan,nan,65536.0
2026-09-08T02:31:00.000+08:00,0.0,10.939849853515625,13.3681640625,0.0,nan,385.1000061035156,0.0,0.0,1850.300048828125,nan,nan,nan,65536.0,nan,nan,nan,65536.0,nan,nan,nan,65536.0
2026-09-08T02:32:00.000+08:00,0.0,10.988609313964844,13.3681640625,0.0,nan,385.3999938964844,0.0,0.0,1850.300048828125,nan,nan,nan,65536.0,nan,nan,nan,65536.0,nan,nan,nan,65536.0
2026-09-08T02:33:00.000+08:00,0.0,10.99692153930664,13.4169921875,0.0,nan,385.5,0.0,0.0,1850.300048828125,nan,nan,nan,65536.0,nan,nan,nan,65536.0,nan,nan,nan,65536.0
2026-09-08T02:34:00.000+08:00,0.0,10.958545684814453,13.4169921875,0.0,nan,385.5,0.0,0.0,1850.300048828125,nan,nan,nan,65536.0,nan,nan,nan,65536.0,nan,nan,nan,65536.0
2026-09-08T02:35:00.000+08:00,0.0,10.984966278076172,13.4033203125,0.0,nan,385.6000061035156,0.0,0.0,1850.300048828125,nan,nan,nan,65536.0,nan,nan,nan,65536.0,nan,nan,nan,65536.0
2026-09-08T02:36:00.000+08:00,0.0,10.963977813720703,13.388916015625,0.0,nan,386.0,0.0,0.0,1850.300048828125,nan,nan,nan,65536.0,nan,nan,nan,65536.0,nan,nan,nan,65536.0
2026-09-08T02:37:00.000+08:00,0.0,11.055774688720703,13.4169921875,0.0,nan,385.8999938964844,0.0,0.0,1850.300048828125,nan,nan,nan,65536.0,nan,nan,nan,65536.0,nan,nan,nan,65536.0
2026-09-08T02:38:00.000+08:00,0.0,10.989337921142578,13.416748046875,0.0,nan,385.70001220703125,0.0,0.0,1850.300048828125,nan,nan,nan,65536.0,nan,nan,nan,65536.0,nan,nan,nan,65536.0
2026-09-08T02:39:00.000+08:00,0.0,11.001174926757812,13.4306640625,0.0,nan,385.5,0.0,0.0,1850.300048828125,nan,nan,nan,65536.0,nan,nan,nan,65536.0,nan,nan,nan,65536.0
2026-09-08T02:40:00.000+08:00,0.0,11.005958557128906,13.4931640625,0.0,nan,385.6000061035156,0.0,0.0,1850.300048828125,nan,nan,nan,65536.0,nan,nan,nan,65536.0,nan,nan,nan,65536.0
2026-09-08T02:41:00.000+08:00,0.0,11.079082489013672,13.47265625,0.0,nan,385.3999938964844,0.0,0.0,1850.300048828125,nan,nan,nan,65536.0,nan,nan,nan,65536.0,nan,nan,nan,65536.0
2026-09-08T02:42:00.000+08:00,0.0,11.092994689941406,13.472412109375,0.0,nan,385.3999938964844,0.0,0.0,1850.300048828125,nan,nan,nan,65536.0,nan,nan,nan,65536.0,nan,nan,nan,65536.0
2026-09-08T02:43:00.000+08:00,0.0,11.095703125,13.45849609375,0.0,nan,385.8999938964844,0.0,0.0,1850.300048828125,nan,nan,nan,65536.0,nan,nan,nan,65536.0,nan,nan,nan,65536.0
2026-09-08T02:44:00.000+08:00,0.0,11.109439849853516,13.479248046875,0.0,nan,386.20001220703125,0.0,0.0,1850.300048828125,nan,nan,nan,65536.0,nan,nan,nan,65536.0,nan,nan,nan,65536.0
2026-09-08T02:45:00.000+08:00,0.0,11.112342834472656,13.4931640625,0.0,nan,385.79998779296875,0.0,0.0,1850.300048828125,nan,nan,nan,65536.0,nan,nan,nan,65536.0,nan,nan,nan,65536.0
2026-09-08T02:46:00.000+08:00,0.0,11.075420379638672,13.541748046875,0.0,nan,385.70001220703125,0.0,0.0,1850.300048828125,nan,nan,nan,65536.0,nan,nan,nan,65536.0,nan,nan,nan,65536.0
2026-09-08T02:47:00.000+08:00,0.0,11.121711730957031,13.451416015625,0.0,nan,385.6000061035156,0.0,0.0,1850.300048828125,nan,nan,nan,65536.0,nan,nan,nan,65536.0,nan,nan,nan,65536.0
2026-09-08T02:48:00.000+08:00,0.0,11.155399322509766,13.541748046875,0.0,nan,385.70001220703125,0.0,0.0,1850.300048828125,nan,nan,nan,65536.0,nan,nan,nan,65536.0,nan,nan,nan,65536.0
2026-09-08T02:49:00.000+08:00,0.0,11.158515930175781,13.541748046875,0.0,nan,385.3999938964844,0.0,0.0,1850.300048828125,nan,nan,nan,65536.0,nan,nan,nan,65536.0,nan,nan,nan,65536.0
2026-09-08T02:50:00.000+08:00,0.0,11.149364471435547,13.53515625,0.0,nan,385.6000061035156,0.0,0.0,1850.300048828125,nan,nan,nan,65536.0,nan,nan,nan,65536.0,nan,nan,nan,65536.0
2026-09-08T02:51:00.000+08:00,0.0,11.166828155517578,13.520751953125,0.0,nan,385.8999938964844,0.0,0.0,1850.300048828125,nan,nan,nan,65536.0,nan,nan,nan,65536.0,nan,nan,nan,65536.0
2026-09-08T02:52:00.000+08:00,0.0,11.196338653564453,13.576416015625,0.0,nan,386.1000061035156,0.0,0.0,1850.300048828125,nan,nan,nan,65536.0,nan,nan,nan,65536.0,nan,nan,nan,65536.0
2026-09-08T02:53:00.000+08:00,0.0,11.249927520751953,13.53515625,0.0,nan,386.0,0.0,0.0,1850.300048828125,nan,nan,nan,65536.0,nan,nan,nan,65536.0,nan,nan,nan,65536.0
2026-09-08T02:54:00.000+08:00,0.0,11.203224182128906,13.576416015625,0.0,nan,386.0,0.0,0.0,1850.300048828125,nan,nan,nan,65536.0,nan,nan,nan,65536.0,nan,nan,nan,65536.0
2026-09-08T02:55:00.000+08:00,0.0,11.228797912597656,13.5908203125,0.0,nan,385.70001220703125,0.0,0.0,1850.300048828125,nan,nan,nan,65536.0,nan,nan,nan,65536.0,nan,nan,nan,65536.0
2026-09-08T02:56:00.000+08:00,0.0,11.21944808959961,13.569580078125,0.0,nan,385.70001220703125,0.0,0.0,1850.300048828125,nan,nan,nan,65536.0,nan,nan,nan,65536.0,nan,nan,nan,65536.0
2026-09-08T02:57:00.000+08:00,0.0,11.301467895507812,13.597412109375,0.0,nan,385.3999938964844,0.0,0.0,1850.300048828125,nan,nan,nan,65536.0,nan,nan,nan,65536.0,nan,nan,nan,65536.0
2026-09-08T02:58:00.000+08:00,0.0,11.311050415039062,13.59765625,0.0,nan,385.8999938964844,0.0,0.0,1850.300048828125,nan,nan,nan,65536.0,nan,nan,nan,65536.0,nan,nan,nan,65536.0
2026-09-08T02:59:00.000+08:00,0.0,11.311050415039062,13.597412109375,0.0,nan,385.70001220703125,0.0,0.0,1850.300048828125,nan,nan,nan,65536.0,nan,nan,nan,65536.0,nan,nan,nan,65536.0
2026-09-08T03:00:00.000+08:00,0.0,11.259979248046875,13.673583984375,0.0,nan,385.79998779296875,0.0,0.0,1850.300048828125,nan,nan,nan,65536.0,nan,nan,nan,65536.0,nan,nan,nan,65536.0
2026-09-08T03:01:00.000+08:00,0.0,11.271404266357422,13.63916015625,0.0,nan,386.1000061035156,0.0,0.0,1850.300048828125,nan,nan,nan,65536.0,nan,nan,nan,65536.0,nan,nan,nan,65536.0
2026-09-08T03:02:00.000+08:00,0.0,11.266033172607422,13.673583984375,0.0,nan,386.29998779296875,0.0,0.0,1850.300048828125,nan,nan,nan,65536.0,nan,nan,nan,65536.0,nan,nan,nan,65536.0
2026-09-08T03:03:00.000+08:00,0.0,11.270816802978516,13.673828125,0.0,nan,385.6000061035156,0.0,0.0,1850.300048828125,nan,nan,nan,65536.0,nan,nan,nan,65536.0,nan,nan,nan,65536.0
2026-09-08T03:04:00.000+08:00,0.0,11.356781005859375,13.638916015625,0.0,nan,385.6000061035156,0.0,0.0,1850.300048828125,nan,nan,nan,65536.0,nan,nan,nan,65536.0,nan,nan,nan,65536.0
2026-09-08T03:05:00.000+08:00,0.0,11.361560821533203,13.659912109375,0.0,nan,385.70001220703125,0.0,0.0,1850.300048828125,nan,nan,nan,65536.0,nan,nan,nan,65536.0,nan,nan,nan,65536.0
2026-09-08T03:06:00.000+08:00,0.0,11.368049621582031,13.666748046875,0.0,nan,385.70001220703125,0.0,0.0,1850.300048828125,nan,nan,nan,65536.0,nan,nan,nan,65536.0,nan,nan,nan,65536.0
2026-09-08T03:07:00.000+08:00,0.0,11.320930480957031,13.722412109375,0.0,nan,385.70001220703125,0.0,0.0,1850.300048828125,nan,nan,nan,65536.0,nan,nan,nan,65536.0,nan,nan,nan,65536.0
2026-09-08T03:08:00.000+08:00,0.0,11.405872344970703,13.7431640625,0.0,nan,385.79998779296875,0.0,0.0,1850.300048828125,nan,nan,nan,65536.0,nan,nan,nan,65536.0,nan,nan,nan,65536.0
2026-09-08T03:09:00.000+08:00,0.0,11.39712905883789,13.729248046875,0.0,nan,385.8999938964844,0.0,0.0,1850.300048828125,nan,nan,nan,65536.0,nan,nan,nan,65536.0,nan,nan,nan,65536.0
2026-09-08T03:10:00.000+08:00,0.0,11.433528900146484,13.77783203125,0.0,nan,386.1000061035156,0.0,0.0,1850.300048828125,nan,nan,nan,65536.0,nan,nan,nan,65536.0,nan,nan,nan,65536.0
2026-09-08T03:11:00.000+08:00,0.0,11.422103881835938,13.7158203125,0.0,nan,386.3999938964844,0.0,0.0,1850.300048828125,nan,nan,nan,65536.0,nan,nan,nan,65536.0,nan,nan,nan,65536.0
2026-09-08T03:12:00.000+08:00,0.0,11.375831604003906,13.78515625,0.0,nan,385.79998779296875,0.0,0.0,1850.300048828125,nan,nan,nan,65536.0,nan,nan,nan,65536.0,nan,nan,nan,65536.0
2026-09-08T03:13:00.000+08:00,0.0,11.38201904296875,13.798828125,0.0,nan,385.5,0.0,0.0,1850.300048828125,nan,nan,nan,65536.0,nan,nan,nan,65536.0,nan,nan,nan,65536.0
2026-09-08T03:14:00.000+08:00,0.0,11.39205551147461,13.78515625,0.0,nan,385.29998779296875,0.0,0.0,1850.300048828125,nan,nan,nan,65536.0,nan,nan,nan,65536.0,nan,nan,nan,65536.0
2026-09-08T03:15:00.000+08:00,0.0,11.472610473632812,13.78515625,0.0,nan,385.5,0.0,0.0,1850.300048828125,nan,nan,nan,65536.0,nan,nan,nan,65536.0,nan,nan,nan,65536.0
2026-09-08T03:16:00.000+08:00,0.0,11.488834381103516,13.75,0.0,nan,385.79998779296875,0.0,0.0,1850.300048828125,nan,nan,nan,65536.0,nan,nan,nan,65536.0,nan,nan,nan,65536.0
2026-09-08T03:17:00.000+08:00,0.0,11.480091094970703,13.77099609375,0.0,nan,385.79998779296875,0.0,0.0,1850.300048828125,nan,nan,nan,65536.0,nan,nan,nan,65536.0,nan,nan,nan,65536.0
2026-09-08T03:18:00.000+08:00,0.0,11.489700317382812,13.757080078125,0.0,nan,386.0,0.0,0.0,1850.300048828125,nan,nan,nan,65536.0,nan,nan,nan,65536.0,nan,nan,nan,65536.0
2026-09-08T03:19:00.000+08:00,0.0,11.497596740722656,13.8056640625,0.0,nan,385.6000061035156,0.0,0.0,1850.300048828125,nan,nan,nan,65536.0,nan,nan,nan,65536.0,nan,nan,nan,65536.0
2026-09-08T03:20:00.000+08:00,0.0,11.502399444580078,13.861328125,0.0,nan,385.8999938964844,0.0,0.0,1850.300048828125,nan,nan,nan,65536.0,nan,nan,nan,65536.0,nan,nan,nan,65536.0
2026-09-08T03:21:00.000+08:00,0.0,11.532718658447266,13.8681640625,0.0,nan,385.8999938964844,0.0,0.0,1850.300048828125,nan,nan,nan,65536.0,nan,nan,nan,65536.0,nan,nan,nan,65536.0
2026-09-08T03:22:00.000+08:00,0.0,11.500572204589844,13.8681640625,0.0,nan,385.70001220703125,0.0,0.0,1850.300048828125,nan,nan,nan,65536.0,nan,nan,nan,65536.0,nan,nan,nan,65536.0
2026-09-08T03:23:00.000+08:00,0.0,11.526111602783203,13.8681640625,0.0,nan,386.0,0.0,0.0,1850.300048828125,nan,nan,nan,65536.0,nan,nan,nan,65536.0,nan,nan,nan,65536.0
2026-09-08T03:24:00.000+08:00,0.0,11.536148071289062,13.847412109375,0.0,nan,386.70001220703125,0.0,0.0,1850.300048828125,nan,nan,nan,65536.0,nan,nan,nan,65536.0,nan,nan,nan,65536.0
2026-09-08T03:25:00.000+08:00,0.0,11.546283721923828,13.8125,0.0,nan,386.70001220703125,0.0,0.0,1850.300048828125,nan,nan,nan,65536.0,nan,nan,nan,65536.0,nan,nan,nan,65536.0
2026-09-08T03:26:00.000+08:00,0.0,11.614559173583984,13.9306640625,0.0,nan,386.79998779296875,0.0,0.0,1850.300048828125,nan,nan,nan,65536.0,nan,nan,nan,65536.0,nan,nan,nan,65536.0
2026-09-08T03:27:00.000+08:00,0.0,11.571796417236328,13.875,0.0,nan,386.6000061035156,0.0,0.0,1850.300048828125,nan,nan,nan,65536.0,nan,nan,nan,65536.0,nan,nan,nan,65536.0
2026-09-08T03:28:00.000+08:00,0.0,11.583221435546875,13.923583984375,0.0,nan,386.5,0.0,0.0,1850.300048828125,nan,nan,nan,65536.0,nan,nan,nan,65536.0,nan,nan,nan,65536.0
2026-09-08T03:29:00.000+08:00,0.0,11.597240447998047,13.923828125,0.0,nan,386.3999938964844,0.0,0.0,1850.300048828125,nan,nan,nan,65536.0,nan,nan,nan,65536.0,nan,nan,nan,65536.0
2026-09-08T03:30:00.000+08:00,0.0,11.599472045898438,13.875,0.0,nan,386.5,0.0,0.0,1850.300048828125,nan,nan,nan,65536.0,nan,nan,nan,65536.0,nan,nan,nan,65536.0
2026-09-08T03:31:00.000+08:00,0.0,11.666343688964844,13.909912109375,0.0,nan,386.5,0.0,0.0,1850.300048828125,nan,nan,nan,65536.0,nan,nan,nan,65536.0,nan,nan,nan,65536.0
2026-09-08T03:32:00.000+08:00,0.0,11.67990493774414,13.875,0.0,nan,386.20001220703125,0.0,0.0,1850.300048828125,nan,nan,nan,65536.0,nan,nan,nan,65536.0,nan,nan,nan,65536.0
2026-09-08T03:33:00.000+08:00,0.0,11.626182556152344,13.9375,0.0,nan,386.20001220703125,0.0,0.0,1850.300048828125,nan,nan,nan,65536.0,nan,nan,nan,65536.0,nan,nan,nan,65536.0
2026-09-08T03:34:00.000+08:00,0.0,11.70499038696289,13.979248046875,0.0,nan,385.8999938964844,0.0,0.0,1850.300048828125,nan,nan,nan,65536.0,nan,nan,nan,65536.0,nan,nan,nan,65536.0
2026-09-08T03:35:00.000+08:00,0.0,11.627124786376953,13.972412109375,0.0,nan,385.8999938964844,0.0,0.0,1850.300048828125,nan,nan,nan,65536.0,nan,nan,nan,65536.0,nan,nan,nan,65536.0
2026-09-08T03:36:00.000+08:00,0.0,11.670143127441406,13.9931640625,0.0,nan,385.70001220703125,0.0,0.0,1850.300048828125,nan,nan,nan,65536.0,nan,nan,nan,65536.0,nan,nan,nan,65536.0
2026-09-08T03:37:00.000+08:00,0.0,11.729141235351562,13.97265625,0.0,nan,386.0,0.0,0.0,1850.300048828125,nan,nan,nan,65536.0,nan,nan,nan,65536.0,nan,nan,nan,65536.0
2026-09-08T03:38:00.000+08:00,0.0,11.740978240966797,13.951416015625,0.0,nan,386.20001220703125,0.0,0.0,1850.300048828125,nan,nan,nan,65536.0,nan,nan,nan,65536.0,nan,nan,nan,65536.0
2026-09-08T03:39:00.000+08:00,0.0,11.69033432006836,13.9375,0.0,nan,386.1000061035156,0.0,0.0,1850.300048828125,nan,nan,nan,65536.0,nan,nan,nan,65536.0,nan,nan,nan,65536.0
2026-09-08T03:40:00.000+08:00,0.0,11.694290161132812,14.0419921875,0.0,nan,386.0,0.0,0.0,1850.300048828125,nan,nan,nan,65536.0,nan,nan,nan,65536.0,nan,nan,nan,65536.0
2026-09-08T03:41:00.000+08:00,0.0,11.69601821899414,14.041748046875,0.0,nan,386.5,0.0,0.0,1850.300048828125,nan,nan,nan,65536.0,nan,nan,nan,65536.0,nan,nan,nan,65536.0
2026-09-08T03:42:00.000+08:00,0.0,11.772159576416016,14.0556640625,0.0,nan,386.79998779296875,0.0,0.0,1850.300048828125,nan,nan,nan,65536.0,nan,nan,nan,65536.0,nan,nan,nan,65536.0
2026-09-08T03:43:00.000+08:00,0.0,11.69515609741211,14.0283203125,0.0,nan,386.5,0.0,0.0,1850.300048828125,nan,nan,nan,65536.0,nan,nan,nan,65536.0,nan,nan,nan,65536.0
2026-09-08T03:44:00.000+08:00,0.0,11.801105499267578,14.0419921875,0.0,nan,386.70001220703125,0.0,0.0,1850.300048828125,nan,nan,nan,65536.0,nan,nan,nan,65536.0,nan,nan,nan,65536.0
2026-09-08T03:45:00.000+08:00,0.0,11.799808502197266,14.0283203125,0.0,nan,386.6000061035156,0.0,0.0,1850.300048828125,nan,nan,nan,65536.0,nan,nan,nan,65536.0,nan,nan,nan,65536.0
2026-09-08T03:46:00.000+08:00,0.0,11.87417221069336,14.069580078125,0.0,nan,386.3999938964844,0.0,0.0,1850.300048828125,nan,nan,nan,65536.0,nan,nan,nan,65536.0,nan,nan,nan,65536.0
2026-09-08T03:47:00.000+08:00,0.0,11.76761245727539,14.0908203125,0.0,nan,386.5,0.0,0.0,1850.300048828125,nan,nan,nan,65536.0,nan,nan,nan,65536.0,nan,nan,nan,65536.0
2026-09-08T03:48:00.000+08:00,0.0,11.770217895507812,14.104248046875,0.0,nan,386.79998779296875,0.0,0.0,1850.300048828125,nan,nan,nan,65536.0,nan,nan,nan,65536.0,nan,nan,nan,65536.0
2026-09-08T03:49:00.000+08:00,0.0,11.826602935791016,14.069580078125,0.0,nan,387.1000061035156,0.0,0.0,1850.300048828125,nan,nan,nan,65536.0,nan,nan,nan,65536.0,nan,nan,nan,65536.0
2026-09-08T03:50:00.000+08:00,0.0,11.837966918945312,14.097412109375,0.0,nan,387.20001220703125,0.0,0.0,1850.300048828125,nan,nan,nan,65536.0,nan,nan,nan,65536.0,nan,nan,nan,65536.0
2026-09-08T03:51:00.000+08:00,0.0,11.835796356201172,14.0908203125,0.0,nan,386.5,0.0,0.0,1850.300048828125,nan,nan,nan,65536.0,nan,nan,nan,65536.0,nan,nan,nan,65536.0
2026-09-08T03:52:00.000+08:00,0.0,11.852474212646484,14.083251953125,0.0,nan,386.70001220703125,0.0,0.0,1850.300048828125,nan,nan,nan,65536.0,nan,nan,nan,65536.0,nan,nan,nan,65536.0
2026-09-08T03:53:00.000+08:00,0.0,11.93695068359375,14.138916015625,0.0,nan,386.8999938964844,0.0,0.0,1850.300048828125,nan,nan,nan,65536.0,nan,nan,nan,65536.0,nan,nan,nan,65536.0
2026-09-08T03:54:00.000+08:00,0.0,11.861259460449219,14.111083984375,0.0,nan,386.8999938964844,0.0,0.0,1850.300048828125,nan,nan,nan,65536.0,nan,nan,nan,65536.0,nan,nan,nan,65536.0
2026-09-08T03:55:00.000+08:00,0.0,11.886749267578125,14.14599609375,0.0,nan,387.1000061035156,0.0,0.0,1850.300048828125,nan,nan,nan,65536.0,nan,nan,nan,65536.0,nan,nan,nan,65536.0
2026-09-08T03:56:00.000+08:00,0.0,11.902118682861328,14.132080078125,0.0,nan,387.20001220703125,0.0,0.0,1850.300048828125,nan,nan,nan,65536.0,nan,nan,nan,65536.0,nan,nan,nan,65536.0
2026-09-08T03:57:00.000+08:00,0.0,11.899467468261719,14.166748046875,0.0,nan,386.8999938964844,0.0,0.0,1850.300048828125,nan,nan,nan,65536.0,nan,nan,nan,65536.0,nan,nan,nan,65536.0
2026-09-08T03:58:00.000+08:00,0.0,11.903434753417969,14.159912109375,0.0,nan,386.6000061035156,0.0,0.0,1850.300048828125,nan,nan,nan,65536.0,nan,nan,nan,65536.0,nan,nan,nan,65536.0
2026-09-08T03:59:00.000+08:00,0.0,11.984378814697266,14.173583984375,0.0,nan,386.20001220703125,0.0,0.0,1850.300048828125,nan,nan,nan,65536.0,nan,nan,nan,65536.0,nan,nan,nan,65536.0
2026-09-08T04:00:00.000+08:00,0.0,11.942508697509766,14.222412109375,0.0,nan,386.6000061035156,0.0,0.0,1850.300048828125,nan,nan,nan,65536.0,nan,nan,nan,65536.0,nan,nan,nan,65536.0
2026-09-08T04:01:00.000+08:00,0.0,11.942508697509766,14.194580078125,0.0,nan,386.20001220703125,0.0,0.0,1850.300048828125,nan,nan,nan,65536.0,nan,nan,nan,65536.0,nan,nan,nan,65536.0
2026-09-08T04:02:00.000+08:00,0.0,11.954368591308594,14.222412109375,0.0,nan,386.0,0.0,0.0,1850.300048828125,nan,nan,nan,65536.0,nan,nan,nan,65536.0,nan,nan,nan,65536.0
2026-09-08T04:03:00.000+08:00,0.0,11.975448608398438,14.194580078125,0.0,nan,385.5,0.0,0.0,1850.300048828125,nan,nan,nan,65536.0,nan,nan,nan,65536.0,nan,nan,nan,65536.0
2026-09-08T04:04:00.000+08:00,0.0,11.967544555664062,14.2294921875,0.0,nan,385.8999938964844,0.0,0.0,1850.300048828125,nan,nan,nan,65536.0,nan,nan,nan,65536.0,nan,nan,nan,65536.0
2026-09-08T04:05:00.000+08:00,0.0,11.967109680175781,14.194580078125,0.0,nan,385.6000061035156,0.0,0.0,1850.300048828125,nan,nan,nan,65536.0,nan,nan,nan,65536.0,nan,nan,nan,65536.0
2026-09-08T04:06:00.000+08:00,0.0,11.977638244628906,14.2431640625,0.0,nan,386.0,0.0,0.0,1850.300048828125,nan,nan,nan,65536.0,nan,nan,nan,65536.0,nan,nan,nan,65536.0
2026-09-08T04:07:00.000+08:00,0.0,12.056392669677734,14.201416015625,0.0,nan,385.8999938964844,0.0,0.0,1850.300048828125,nan,nan,nan,65536.0,nan,nan,nan,65536.0,nan,nan,nan,65536.0
2026-09-08T04:08:00.000+08:00,0.0,12.022441864013672,14.25,0.0,nan,385.5,0.0,0.0,1850.300048828125,nan,nan,nan,65536.0,nan,nan,nan,65536.0,nan,nan,nan,65536.0
2026-09-08T04:09:00.000+08:00,0.0,12.014091491699219,14.263916015625,0.0,nan,385.70001220703125,0.0,0.0,1850.300048828125,nan,nan,nan,65536.0,nan,nan,nan,65536.0,nan,nan,nan,65536.0
2026-09-08T04:10:00.000+08:00,0.0,12.009696960449219,14.298583984375,0.0,nan,385.79998779296875,0.0,0.0,1850.300048828125,nan,nan,nan,65536.0,nan,nan,nan,65536.0,nan,nan,nan,65536.0
2026-09-08T04:11:00.000+08:00,0.0,12.03122329711914,14.263916015625,0.0,nan,385.70001220703125,0.0,0.0,1850.300048828125,nan,nan,nan,65536.0,nan,nan,nan,65536.0,nan,nan,nan,65536.0
2026-09-08T04:12:00.000+08:00,0.0,12.101192474365234,14.28515625,0.0,nan,385.6000061035156,0.0,0.0,1850.300048828125,nan,nan,nan,65536.0,nan,nan,nan,65536.0,nan,nan,nan,65536.0
2026-09-08T04:13:00.000+08:00,0.0,12.029033660888672,14.257080078125,0.0,nan,385.70001220703125,0.0,0.0,1850.300048828125,nan,nan,nan,65536.0,nan,nan,nan,65536.0,nan,nan,nan,65536.0
2026-09-08T04:14:00.000+08:00,0.0,12.135448455810547,14.3056640625,0.0,nan,385.70001220703125,0.0,0.0,1850.300048828125,nan,nan,nan,65536.0,nan,nan,nan,65536.0,nan,nan,nan,65536.0
2026-09-08T04:15:00.000+08:00,0.0,12.087421417236328,14.361328125,0.0,nan,386.1000061035156,0.0,0.0,1850.300048828125,nan,nan,nan,65536.0,nan,nan,nan,65536.0,nan,nan,nan,65536.0
2026-09-08T04:16:00.000+08:00,0.0,12.141151428222656,14.361083984375,0.0,nan,385.79998779296875,0.0,0.0,1850.300048828125,nan,nan,nan,65536.0,nan,nan,nan,65536.0,nan,nan,nan,65536.0
2026-09-08T04:17:00.000+08:00,0.0,12.1666259765625,14.3408203125,0.0,nan,385.8999938964844,0.0,0.0,1850.300048828125,nan,nan,nan,65536.0,nan,nan,nan,65536.0,nan,nan,nan,65536.0
2026-09-08T04:18:00.000+08:00,0.0,12.166168212890625,14.3125,0.0,nan,386.1000061035156,0.0,0.0,1850.300048828125,nan,nan,nan,65536.0,nan,nan,nan,65536.0,nan,nan,nan,65536.0
2026-09-08T04:19:00.000+08:00,0.0,12.154762268066406,14.319580078125,0.0,nan,385.79998779296875,0.0,0.0,1850.300048828125,nan,nan,nan,65536.0,nan,nan,nan,65536.0,nan,nan,nan,65536.0
2026-09-08T04:20:00.000+08:00,0.0,12.185935974121094,14.3544921875,0.0,nan,385.8999938964844,0.0,0.0,1850.300048828125,nan,nan,nan,65536.0,nan,nan,nan,65536.0,nan,nan,nan,65536.0
2026-09-08T04:21:00.000+08:00,0.0,12.20965576171875,14.4169921875,0.0,nan,386.29998779296875,0.0,0.0,1850.300048828125,nan,nan,nan,65536.0,nan,nan,nan,65536.0,nan,nan,nan,65536.0
2026-09-08T04:22:00.000+08:00,0.0,12.171466827392578,14.319580078125,0.0,nan,386.20001220703125,0.0,0.0,1850.300048828125,nan,nan,nan,65536.0,nan,nan,nan,65536.0,nan,nan,nan,65536.0
2026-09-08T04:23:00.000+08:00,0.0,12.131340026855469,14.423828125,0.0,nan,386.3999938964844,0.0,0.0,1850.300048828125,nan,nan,nan,65536.0,nan,nan,nan,65536.0,nan,nan,nan,65536.0
2026-09-08T04:24:00.000+08:00,0.0,12.210090637207031,14.4169921875,0.0,nan,386.1000061035156,0.0,0.0,1850.300048828125,nan,nan,nan,65536.0,nan,nan,nan,65536.0,nan,nan,nan,65536.0
2026-09-08T04:25:00.000+08:00,0.0,12.208793640136719,14.41015625,0.0,nan,386.29998779296875,0.0,0.0,1850.300048828125,nan,nan,nan,65536.0,nan,nan,nan,65536.0,nan,nan,nan,65536.0
2026-09-08T04:26:00.000+08:00,0.0,12.20791244506836,14.409912109375,0.0,nan,386.3999938964844,0.0,0.0,1850.300048828125,nan,nan,nan,65536.0,nan,nan,nan,65536.0,nan,nan,nan,65536.0
2026-09-08T04:27:00.000+08:00,0.0,12.22940444946289,14.41015625,0.0,nan,386.20001220703125,0.0,0.0,1850.300048828125,nan,nan,nan,65536.0,nan,nan,nan,65536.0,nan,nan,nan,65536.0
2026-09-08T04:28:00.000+08:00,0.0,12.234245300292969,14.4306640625,0.0,nan,386.5,0.0,0.0,1850.300048828125,nan,nan,nan,65536.0,nan,nan,nan,65536.0,nan,nan,nan,65536.0
2026-09-08T04:29:00.000+08:00,0.0,12.2259521484375,14.4169921875,0.0,nan,386.3999938964844,0.0,0.0,1850.300048828125,nan,nan,nan,65536.0,nan,nan,nan,65536.0,nan,nan,nan,65536.0
2026-09-08T04:30:00.000+08:00,0.0,12.254009246826172,14.479248046875,0.0,nan,386.5,0.0,0.0,1850.300048828125,nan,nan,nan,65536.0,nan,nan,nan,65536.0,nan,nan,nan,65536.0
2026-09-08T04:31:00.000+08:00,0.0,12.268989562988281,14.479248046875,0.0,nan,386.5,0.0,0.0,1850.300048828125,nan,nan,nan,65536.0,nan,nan,nan,65536.0,nan,nan,nan,65536.0
2026-09-08T04:32:00.000+08:00,0.0,12.270206451416016,14.486328125,0.0,nan,386.1000061035156,0.0,0.0,1850.300048828125,nan,nan,nan,65536.0,nan,nan,nan,65536.0,nan,nan,nan,65536.0
2026-09-08T04:33:00.000+08:00,0.0,12.285179138183594,14.4931640625,0.0,nan,386.1000061035156,0.0,0.0,1850.300048828125,nan,nan,nan,65536.0,nan,nan,nan,65536.0,nan,nan,nan,65536.0
2026-09-08T04:34:00.000+08:00,0.0,12.362606048583984,14.4375,0.0,nan,386.20001220703125,0.0,0.0,1850.300048828125,nan,nan,nan,65536.0,nan,nan,nan,65536.0,nan,nan,nan,65536.0
2026-09-08T04:35:00.000+08:00,0.0,12.368350982666016,14.4658203125,0.0,nan,385.8999938964844,0.0,0.0,1850.300048828125,nan,nan,nan,65536.0,nan,nan,nan,65536.0,nan,nan,nan,65536.0
2026-09-08T04:36:00.000+08:00,0.0,12.254310607910156,14.5419921875,0.0,nan,386.1000061035156,0.0,0.0,1850.300048828125,nan,nan,nan,65536.0,nan,nan,nan,65536.0,nan,nan,nan,65536.0
2026-09-08T04:37:00.000+08:00,0.0,12.316810607910156,14.53515625,0.0,nan,385.6000061035156,0.0,0.0,1850.300048828125,nan,nan,nan,65536.0,nan,nan,nan,65536.0,nan,nan,nan,65536.0
2026-09-08T04:38:00.000+08:00,0.0,12.329097747802734,14.5556640625,0.0,nan,385.79998779296875,0.0,0.0,1850.300048828125,nan,nan,nan,65536.0,nan,nan,nan,65536.0,nan,nan,nan,65536.0
2026-09-08T04:39:00.000+08:00,0.0,12.33835220336914,14.5,0.0,nan,386.1000061035156,0.0,0.0,1850.300048828125,nan,nan,nan,65536.0,nan,nan,nan,65536.0,nan,nan,nan,65536.0
2026-09-08T04:40:00.000+08:00,0.0,12.4127197265625,14.5556640625,0.0,nan,385.70001220703125,0.0,0.0,1850.300048828125,nan,nan,nan,65536.0,nan,nan,nan,65536.0,nan,nan,nan,65536.0
2026-09-08T04:41:00.000+08:00,0.0,12.41353988647461,14.53515625,0.0,nan,386.1000061035156,0.0,0.0,1850.300048828125,nan,nan,nan,65536.0,nan,nan,nan,65536.0,nan,nan,nan,65536.0
2026-09-08T04:42:00.000+08:00,0.0,12.345451354980469,14.5,0.0,nan,386.0,0.0,0.0,1850.300048828125,nan,nan,nan,65536.0,nan,nan,nan,65536.0,nan,nan,nan,65536.0
2026-09-08T04:43:00.000+08:00,0.0,12.38003921508789,14.569580078125,0.0,nan,386.0,0.0,0.0,1850.300048828125,nan,nan,nan,65536.0,nan,nan,nan,65536.0,nan,nan,nan,65536.0
2026-09-08T04:44:00.000+08:00,0.0,12.499824523925781,14.576416015625,0.0,nan,386.1000061035156,0.0,0.0,1850.300048828125,nan,nan,nan,65536.0,nan,nan,nan,65536.0,nan,nan,nan,65536.0
2026-09-08T04:45:00.000+08:00,0.0,12.411209106445312,14.576416015625,0.0,nan,385.79998779296875,0.0,0.0,1850.300048828125,nan,nan,nan,65536.0,nan,nan,nan,65536.0,nan,nan,nan,65536.0
2026-09-08T04:46:00.000+08:00,0.0,12.475868225097656,14.597412109375,0.0,nan,385.5,0.0,0.0,1850.300048828125,nan,nan,nan,65536.0,nan,nan,nan,65536.0,nan,nan,nan,65536.0
2026-09-08T04:47:00.000+08:00,0.0,12.467166900634766,14.604248046875,0.0,nan,385.70001220703125,0.0,0.0,1850.300048828125,nan,nan,nan,65536.0,nan,nan,nan,65536.0,nan,nan,nan,65536.0
2026-09-08T04:48:00.000+08:00,0.0,12.464553833007812,14.597412109375,0.0,nan,385.79998779296875,0.0,0.0,1850.300048828125,nan,nan,nan,65536.0,nan,nan,nan,65536.0,nan,nan,nan,65536.0
2026-09-08T04:49:00.000+08:00,0.0,12.485126495361328,14.59765625,0.0,nan,385.70001220703125,0.0,0.0,1850.300048828125,nan,nan,nan,65536.0,nan,nan,nan,65536.0,nan,nan,nan,65536.0
2026-09-08T04:50:00.000+08:00,0.0,12.495281219482422,14.583251953125,0.0,nan,386.20001220703125,0.0,0.0,1850.300048828125,nan,nan,nan,65536.0,nan,nan,nan,65536.0,nan,nan,nan,65536.0
2026-09-08T04:51:00.000+08:00,0.0,12.445072174072266,14.673828125,0.0,nan,386.29998779296875,0.0,0.0,1850.300048828125,nan,nan,nan,65536.0,nan,nan,nan,65536.0,nan,nan,nan,65536.0
2026-09-08T04:52:00.000+08:00,0.0,12.494380950927734,14.583251953125,0.0,nan,385.8999938964844,0.0,0.0,1850.300048828125,nan,nan,nan,65536.0,nan,nan,nan,65536.0,nan,nan,nan,65536.0
2026-09-08T04:53:00.000+08:00,0.0,12.522041320800781,14.6669921875,0.0,nan,386.3999938964844,0.0,0.0,1850.300048828125,nan,nan,nan,65536.0,nan,nan,nan,65536.0,nan,nan,nan,65536.0
2026-09-08T04:54:00.000+08:00,0.0,12.44113540649414,14.6806640625,0.0,nan,385.8999938964844,0.0,0.0,1850.300048828125,nan,nan,nan,65536.0,nan,nan,nan,65536.0,nan,nan,nan,65536.0
2026-09-08T04:55:00.000+08:00,0.0,12.515495300292969,14.6806640625,0.0,nan,385.70001220703125,0.0,0.0,1850.300048828125,nan,nan,nan,65536.0,nan,nan,nan,65536.0,nan,nan,nan,65536.0
2026-09-08T04:56:00.000+08:00,0.0,12.55319595336914,14.632080078125,0.0,nan,384.70001220703125,0.0,0.0,1850.300048828125,nan,nan,nan,65536.0,nan,nan,nan,65536.0,nan,nan,nan,65536.0
2026-09-08T04:57:00.000+08:00,0.0,12.54180908203125,14.6533203125,0.0,nan,384.8999938964844,0.0,0.0,1850.300048828125,nan,nan,nan,65536.0,nan,nan,nan,65536.0,nan,nan,nan,65536.0
2026-09-08T04:58:00.000+08:00,0.0,12.551063537597656,14.638916015625,0.0,nan,385.1000061035156,0.0,0.0,1850.300048828125,nan,nan,nan,65536.0,nan,nan,nan,65536.0,nan,nan,nan,65536.0
2026-09-08T04:59:00.000+08:00,0.0,12.614910125732422,14.673828125,0.0,nan,385.20001220703125,0.0,0.0,1850.300048828125,nan,nan,nan,65536.0,nan,nan,nan,65536.0,nan,nan,nan,65536.0
2026-09-08T05:00:00.000+08:00,0.0,12.507423400878906,14.729248046875,0.0,nan,384.79998779296875,0.0,0.0,1850.300048828125,nan,nan,nan,65536.0,nan,nan,nan,65536.0,nan,nan,nan,65536.0
2026-09-08T05:01:00.000+08:00,0.0,12.604137420654297,14.7431640625,0.0,nan,384.79998779296875,0.0,0.0,1850.300048828125,nan,nan,nan,65536.0,nan,nan,nan,65536.0,nan,nan,nan,65536.0
2026-09-08T05:02:00.000+08:00,0.0,12.585269927978516,14.736083984375,0.0,nan,384.8999938964844,0.0,0.0,1850.300048828125,nan,nan,nan,65536.0,nan,nan,nan,65536.0,nan,nan,nan,65536.0
2026-09-08T05:03:00.000+08:00,0.0,12.593177795410156,14.701416015625,0.0,nan,384.3999938964844,0.0,0.0,1850.300048828125,nan,nan,nan,65536.0,nan,nan,nan,65536.0,nan,nan,nan,65536.0
2026-09-08T05:04:00.000+08:00,0.0,12.671951293945312,14.694580078125,0.0,nan,384.20001220703125,0.0,0.0,1850.300048828125,nan,nan,nan,65536.0,nan,nan,nan,65536.0,nan,nan,nan,65536.0
2026-09-08T05:05:00.000+08:00,0.0,12.670578002929688,14.701416015625,0.0,nan,384.79998779296875,0.0,0.0,1850.300048828125,nan,nan,nan,65536.0,nan,nan,nan,65536.0,nan,nan,nan,65536.0
2026-09-08T05:06:00.000+08:00,0.0,12.6728515625,14.694580078125,0.0,nan,385.0,0.0,0.0,1850.300048828125,nan,nan,nan,65536.0,nan,nan,nan,65536.0,nan,nan,nan,65536.0
2026-09-08T05:07:00.000+08:00,0.0,12.628292083740234,14.75,0.0,nan,385.20001220703125,0.0,0.0,1850.300048828125,nan,nan,nan,65536.0,nan,nan,nan,65536.0,nan,nan,nan,65536.0
2026-09-08T05:08:00.000+08:00,0.0,12.639698028564453,14.798828125,0.0,nan,385.5,0.0,0.0,1850.300048828125,nan,nan,nan,65536.0,nan,nan,nan,65536.0,nan,nan,nan,65536.0
2026-09-08T05:09:00.000+08:00,0.0,12.646385192871094,14.78515625,0.0,nan,384.8999938964844,0.0,0.0,1850.300048828125,nan,nan,nan,65536.0,nan,nan,nan,65536.0,nan,nan,nan,65536.0
2026-09-08T05:10:00.000+08:00,0.0,12.649879455566406,14.784912109375,0.0,nan,385.79998779296875,0.0,0.0,1850.300048828125,nan,nan,nan,65536.0,nan,nan,nan,65536.0,nan,nan,nan,65536.0
2026-09-08T05:11:00.000+08:00,0.0,12.715885162353516,14.798828125,0.0,nan,385.5,0.0,0.0,1850.300048828125,nan,nan,nan,65536.0,nan,nan,nan,65536.0,nan,nan,nan,65536.0
2026-09-08T05:12:00.000+08:00,0.0,12.724685668945312,14.784912109375,0.0,nan,385.6000061035156,0.0,0.0,1850.300048828125,nan,nan,nan,65536.0,nan,nan,nan,65536.0,nan,nan,nan,65536.0
2026-09-08T05:13:00.000+08:00,0.0,12.74188232421875,14.784912109375,0.0,nan,385.20001220703125,0.0,0.0,1850.300048828125,nan,nan,nan,65536.0,nan,nan,nan,65536.0,nan,nan,nan,65536.0
2026-09-08T05:14:00.000+08:00,0.0,12.724685668945312,14.7919921875,0.0,nan,384.8999938964844,0.0,0.0,1850.300048828125,nan,nan,nan,65536.0,nan,nan,nan,65536.0,nan,nan,nan,65536.0
2026-09-08T05:15:00.000+08:00,0.0,12.764213562011719,14.819580078125,0.0,nan,385.3999938964844,0.0,0.0,1850.300048828125,nan,nan,nan,65536.0,nan,nan,nan,65536.0,nan,nan,nan,65536.0
2026-09-08T05:16:00.000+08:00,0.0,12.747962951660156,14.8125,0.0,nan,385.3999938964844,0.0,0.0,1850.300048828125,nan,nan,nan,65536.0,nan,nan,nan,65536.0,nan,nan,nan,65536.0
2026-09-08T05:17:00.000+08:00,0.0,12.69732666015625,14.819580078125,0.0,nan,385.20001220703125,0.0,0.0,1850.300048828125,nan,nan,nan,65536.0,nan,nan,nan,65536.0,nan,nan,nan,65536.0
2026-09-08T05:18:00.000+08:00,0.0,12.79052734375,14.8125,0.0,nan,385.0,0.0,0.0,1850.300048828125,nan,nan,nan,65536.0,nan,nan,nan,65536.0,nan,nan,nan,65536.0
2026-09-08T05:19:00.000+08:00,0.0,12.766799926757812,14.84033203125,0.0,nan,384.8999938964844,0.0,0.0,1850.300048828125,nan,nan,nan,65536.0,nan,nan,nan,65536.0,nan,nan,nan,65536.0
2026-09-08T05:20:00.000+08:00,0.0,12.794940948486328,14.847412109375,0.0,nan,385.29998779296875,0.0,0.0,1850.300048828125,nan,nan,nan,65536.0,nan,nan,nan,65536.0,nan,nan,nan,65536.0
2026-09-08T05:21:00.000+08:00,0.0,12.863044738769531,14.819580078125,0.0,nan,385.5,0.0,0.0,1850.300048828125,nan,nan,nan,65536.0,nan,nan,nan,65536.0,nan,nan,nan,65536.0
2026-09-08T05:22:00.000+08:00,0.0,12.810741424560547,14.8125,0.0,nan,385.5,0.0,0.0,1850.300048828125,nan,nan,nan,65536.0,nan,nan,nan,65536.0,nan,nan,nan,65536.0
2026-09-08T05:23:00.000+08:00,0.0,12.871421813964844,14.861328125,0.0,nan,385.6000061035156,0.0,0.0,1850.300048828125,nan,nan,nan,65536.0,nan,nan,nan,65536.0,nan,nan,nan,65536.0
2026-09-08T05:24:00.000+08:00,0.0,12.846309661865234,14.9306640625,0.0,nan,386.20001220703125,0.0,0.0,1850.300048828125,nan,nan,nan,65536.0,nan,nan,nan,65536.0,nan,nan,nan,65536.0
2026-09-08T05:25:00.000+08:00,0.0,12.823528289794922,14.875,0.0,nan,385.5,0.0,0.0,1850.300048828125,nan,nan,nan,65536.0,nan,nan,nan,65536.0,nan,nan,nan,65536.0
2026-09-08T05:26:00.000+08:00,0.0,12.83795166015625,14.9306640625,0.0,nan,386.29998779296875,0.0,0.0,1850.300048828125,nan,nan,nan,65536.0,nan,nan,nan,65536.0,nan,nan,nan,65536.0
2026-09-08T05:27:00.000+08:00,0.0,12.916999816894531,14.923828125,0.0,nan,385.5,0.0,0.0,1850.300048828125,nan,nan,nan,65536.0,nan,nan,nan,65536.0,nan,nan,nan,65536.0
2026-09-08T05:28:00.000+08:00,0.0,12.854225158691406,14.882080078125,0.0,nan,385.29998779296875,0.0,0.0,1850.300048828125,nan,nan,nan,65536.0,nan,nan,nan,65536.0,nan,nan,nan,65536.0
2026-09-08T05:29:00.000+08:00,0.0,12.920219421386719,14.909912109375,0.0,nan,385.3999938964844,0.0,0.0,1850.300048828125,nan,nan,nan,65536.0,nan,nan,nan,65536.0,nan,nan,nan,65536.0
2026-09-08T05:30:00.000+08:00,0.0,12.921142578125,14.916748046875,0.0,nan,385.29998779296875,0.0,0.0,1850.300048828125,nan,nan,nan,65536.0,nan,nan,nan,65536.0,nan,nan,nan,65536.0
2026-09-08T05:31:00.000+08:00,0.0,12.936023712158203,14.9306640625,0.0,nan,385.3999938964844,0.0,0.0,1850.300048828125,nan,nan,nan,65536.0,nan,nan,nan,65536.0,nan,nan,nan,65536.0
2026-09-08T05:32:00.000+08:00,0.0,12.89468002319336,14.972412109375,0.0,nan,385.3999938964844,0.0,0.0,1850.300048828125,nan,nan,nan,65536.0,nan,nan,nan,65536.0,nan,nan,nan,65536.0
2026-09-08T05:33:00.000+08:00,0.0,12.89328384399414,14.972412109375,0.0,nan,385.3999938964844,0.0,0.0,1850.300048828125,nan,nan,nan,65536.0,nan,nan,nan,65536.0,nan,nan,nan,65536.0
2026-09-08T05:34:00.000+08:00,0.0,12.901653289794922,14.944580078125,0.0,nan,385.0,0.0,0.0,1850.300048828125,nan,nan,nan,65536.0,nan,nan,nan,65536.0,nan,nan,nan,65536.0
2026-09-08T05:35:00.000+08:00,0.0,12.908638000488281,14.9375,0.0,nan,384.79998779296875,0.0,0.0,1850.300048828125,nan,nan,nan,65536.0,nan,nan,nan,65536.0,nan,nan,nan,65536.0
2026-09-08T05:36:00.000+08:00,0.0,12.992076873779297,14.958251953125,0.0,nan,384.70001220703125,0.0,0.0,1850.300048828125,nan,nan,nan,65536.0,nan,nan,nan,65536.0,nan,nan,nan,65536.0
2026-09-08T05:37:00.000+08:00,0.0,12.980884552001953,14.9794921875,0.0,nan,384.6000061035156,0.0,0.0,1850.300048828125,nan,nan,nan,65536.0,nan,nan,nan,65536.0,nan,nan,nan,65536.0
2026-09-08T05:38:00.000+08:00,0.0,12.993919372558594,14.979248046875,0.0,nan,384.8999938964844,0.0,0.0,1850.300048828125,nan,nan,nan,65536.0,nan,nan,nan,65536.0,nan,nan,nan,65536.0
2026-09-08T05:39:00.000+08:00,0.0,12.952102661132812,15.048583984375,0.0,nan,384.3999938964844,0.0,0.0,1850.300048828125,nan,nan,nan,65536.0,nan,nan,nan,65536.0,nan,nan,nan,65536.0
2026-09-08T05:40:00.000+08:00,0.0,12.94723892211914,15.0419921875,0.0,nan,385.20001220703125,0.0,0.0,1850.300048828125,nan,nan,nan,65536.0,nan,nan,nan,65536.0,nan,nan,nan,65536.0
2026-09-08T05:41:00.000+08:00,0.0,12.955596923828125,15.007080078125,0.0,nan,384.70001220703125,0.0,0.0,1850.300048828125,nan,nan,nan,65536.0,nan,nan,nan,65536.0,nan,nan,nan,65536.0
2026-09-08T05:42:00.000+08:00,0.0,13.020408630371094,15.048828125,0.0,nan,384.70001220703125,0.0,0.0,1850.300048828125,nan,nan,nan,65536.0,nan,nan,nan,65536.0,nan,nan,nan,65536.0
2026-09-08T05:43:00.000+08:00,0.0,13.042739868164062,15.03515625,0.0,nan,384.70001220703125,0.0,0.0,1850.300048828125,nan,nan,nan,65536.0,nan,nan,nan,65536.0,nan,nan,nan,65536.0
2026-09-08T05:44:00.000+08:00,0.0,13.020881652832031,15.048583984375,0.0,nan,384.5,0.0,0.0,1850.300048828125,nan,nan,nan,65536.0,nan,nan,nan,65536.0,nan,nan,nan,65536.0
2026-09-08T05:45:00.000+08:00,0.0,13.05459976196289,15.0419921875,0.0,nan,384.6000061035156,0.0,0.0,1850.300048828125,nan,nan,nan,65536.0,nan,nan,nan,65536.0,nan,nan,nan,65536.0
2026-09-08T05:46:00.000+08:00,0.0,13.046699523925781,15.0556640625,0.0,nan,384.5,0.0,0.0,1850.300048828125,nan,nan,nan,65536.0,nan,nan,nan,65536.0,nan,nan,nan,65536.0
2026-09-08T05:47:00.000+08:00,0.0,13.008842468261719,15.1181640625,0.0,nan,384.79998779296875,0.0,0.0,1850.300048828125,nan,nan,nan,65536.0,nan,nan,nan,65536.0,nan,nan,nan,65536.0
2026-09-08T05:48:00.000+08:00,0.0,13.085281372070312,15.076416015625,0.0,nan,385.20001220703125,0.0,0.0,1850.300048828125,nan,nan,nan,65536.0,nan,nan,nan,65536.0,nan,nan,nan,65536.0
2026-09-08T05:49:00.000+08:00,0.0,13.030685424804688,15.069580078125,0.0,nan,385.3999938964844,0.0,0.0,1850.300048828125,nan,nan,nan,65536.0,nan,nan,nan,65536.0,nan,nan,nan,65536.0
2026-09-08T05:50:00.000+08:00,0.0,13.094127655029297,15.111328125,0.0,nan,385.0,0.0,0.0,1850.300048828125,nan,nan,nan,65536.0,nan,nan,nan,65536.0,nan,nan,nan,65536.0
2026-09-08T05:51:00.000+08:00,0.0,13.102027893066406,15.0625,0.0,nan,385.20001220703125,0.0,0.0,1850.300048828125,nan,nan,nan,65536.0,nan,nan,nan,65536.0,nan,nan,nan,65536.0
2026-09-08T05:52:00.000+08:00,0.0,13.064411163330078,15.132080078125,0.0,nan,385.29998779296875,0.0,0.0,1850.300048828125,nan,nan,nan,65536.0,nan,nan,nan,65536.0,nan,nan,nan,65536.0
2026-09-08T05:53:00.000+08:00,0.0,13.184764862060547,15.1181640625,0.0,nan,385.5,0.0,0.0,1850.300048828125,nan,nan,nan,65536.0,nan,nan,nan,65536.0,nan,nan,nan,65536.0
2026-09-08T05:54:00.000+08:00,0.0,13.159454345703125,15.159912109375,0.0,nan,385.79998779296875,0.0,0.0,1850.300048828125,nan,nan,nan,65536.0,nan,nan,nan,65536.0,nan,nan,nan,65536.0
2026-09-08T05:55:00.000+08:00,0.0,13.143630981445312,15.132080078125,0.0,nan,385.5,0.0,0.0,1850.300048828125,nan,nan,nan,65536.0,nan,nan,nan,65536.0,nan,nan,nan,65536.0
2026-09-08T05:56:00.000+08:00,0.0,13.145515441894531,15.145751953125,0.0,nan,385.70001220703125,0.0,0.0,1850.300048828125,nan,nan,nan,65536.0,nan,nan,nan,65536.0,nan,nan,nan,65536.0
2026-09-08T05:57:00.000+08:00,0.0,13.15924072265625,15.16015625,0.0,nan,385.29998779296875,0.0,0.0,1850.300048828125,nan,nan,nan,65536.0,nan,nan,nan,65536.0,nan,nan,nan,65536.0
2026-09-08T05:58:00.000+08:00,0.0,13.155967712402344,15.138916015625,0.0,nan,385.70001220703125,0.0,0.0,1850.300048828125,nan,nan,nan,65536.0,nan,nan,nan,65536.0,nan,nan,nan,65536.0
2026-09-08T05:59:00.000+08:00,0.0,13.151084899902344,15.173583984375,0.0,nan,385.1000061035156,0.0,0.0,1850.300048828125,nan,nan,nan,65536.0,nan,nan,nan,65536.0,nan,nan,nan,65536.0
2026-09-08T06:00:00.000+08:00,0.0,13.16131591796875,15.166748046875,0.0,nan,385.1000061035156,0.0,0.0,1850.300048828125,nan,nan,nan,65536.0,nan,nan,nan,65536.0,nan,nan,nan,65536.0
2026-09-08T06:01:00.000+08:00,0.0,13.242168426513672,15.159912109375,0.0,nan,384.79998779296875,0.0,0.0,1850.300048828125,nan,nan,nan,65536.0,nan,nan,nan,65536.0,nan,nan,nan,65536.0
2026-09-08T06:02:00.000+08:00,0.0,13.200843811035156,15.222412109375,0.0,nan,384.20001220703125,0.0,0.0,1850.300048828125,nan,nan,nan,65536.0,nan,nan,nan,65536.0,nan,nan,nan,65536.0
2026-09-08T06:03:00.000+08:00,0.0,13.190593719482422,15.222412109375,0.0,nan,384.3999938964844,0.0,0.0,1850.300048828125,nan,nan,nan,65536.0,nan,nan,nan,65536.0,nan,nan,nan,65536.0
2026-09-08T06:04:00.000+08:00,0.0,13.201786041259766,15.2431640625,0.0,nan,384.3999938964844,0.0,0.0,1850.300048828125,nan,nan,nan,65536.0,nan,nan,nan,65536.0,nan,nan,nan,65536.0
2026-09-08T06:05:00.000+08:00,0.0,13.206668853759766,15.2431640625,0.0,nan,384.20001220703125,0.0,0.0,1850.300048828125,nan,nan,nan,65536.0,nan,nan,nan,65536.0,nan,nan,nan,65536.0
2026-09-08T06:06:00.000+08:00,0.0,13.218059539794922,15.236328125,0.0,nan,384.29998779296875,0.0,0.0,1850.300048828125,nan,nan,nan,65536.0,nan,nan,nan,65536.0,nan,nan,nan,65536.0
2026-09-08T06:07:00.000+08:00,0.0,13.289127349853516,15.229248046875,0.0,nan,384.29998779296875,0.0,0.0,1850.300048828125,nan,nan,nan,65536.0,nan,nan,nan,65536.0,nan,nan,nan,65536.0
2026-09-08T06:08:00.000+08:00,0.0,13.297027587890625,15.201416015625,0.0,nan,384.3999938964844,0.0,0.0,1850.300048828125,nan,nan,nan,65536.0,nan,nan,nan,65536.0,nan,nan,nan,65536.0
2026-09-08T06:09:00.000+08:00,0.0,13.30428695678711,15.2431640625,0.0,nan,384.6000061035156,0.0,0.0,1850.300048828125,nan,nan,nan,65536.0,nan,nan,nan,65536.0,nan,nan,nan,65536.0
2026-09-08T06:10:00.000+08:00,0.0,13.269172668457031,15.298828125,0.0,nan,384.8999938964844,0.0,0.0,1850.300048828125,nan,nan,nan,65536.0,nan,nan,nan,65536.0,nan,nan,nan,65536.0
2026-09-08T06:11:00.000+08:00,0.0,13.309165954589844,15.298583984375,0.0,nan,384.6000061035156,0.0,0.0,1850.300048828125,nan,nan,nan,65536.0,nan,nan,nan,65536.0,nan,nan,nan,65536.0
2026-09-08T06:12:00.000+08:00,0.0,13.338909149169922,15.291748046875,0.0,nan,384.8999938964844,0.0,0.0,1850.300048828125,nan,nan,nan,65536.0,nan,nan,nan,65536.0,nan,nan,nan,65536.0
2026-09-08T06:13:00.000+08:00,0.0,13.277351379394531,15.2919921875,0.0,nan,384.29998779296875,0.0,0.0,1850.300048828125,nan,nan,nan,65536.0,nan,nan,nan,65536.0,nan,nan,nan,65536.0
2026-09-08T06:14:00.000+08:00,0.0,13.348884582519531,15.2783203125,0.0,nan,384.20001220703125,0.0,0.0,1850.300048828125,nan,nan,nan,65536.0,nan,nan,nan,65536.0,nan,nan,nan,65536.0
2026-09-08T06:15:00.000+08:00,0.0,13.350299835205078,15.2919921875,0.0,nan,384.1000061035156,0.0,0.0,1850.300048828125,nan,nan,nan,65536.0,nan,nan,nan,65536.0,nan,nan,nan,65536.0
2026-09-08T06:16:00.000+08:00,0.0,13.354728698730469,15.257080078125,0.0,nan,384.1000061035156,0.0,0.0,1850.300048828125,nan,nan,nan,65536.0,nan,nan,nan,65536.0,nan,nan,nan,65536.0
2026-09-08T06:17:00.000+08:00,0.0,13.324954986572266,15.3681640625,0.0,nan,384.1000061035156,0.0,0.0,1850.300048828125,nan,nan,nan,65536.0,nan,nan,nan,65536.0,nan,nan,nan,65536.0
2026-09-08T06:18:00.000+08:00,0.0,13.373065948486328,15.326416015625,0.0,nan,384.20001220703125,0.0,0.0,1850.300048828125,nan,nan,nan,65536.0,nan,nan,nan,65536.0,nan,nan,nan,65536.0
2026-09-08T06:19:00.000+08:00,0.0,13.331283569335938,15.34765625,0.0,nan,384.1000061035156,0.0,0.0,1850.300048828125,nan,nan,nan,65536.0,nan,nan,nan,65536.0,nan,nan,nan,65536.0
2026-09-08T06:20:00.000+08:00,0.0,13.336170196533203,15.361328125,0.0,nan,384.5,0.0,0.0,1850.300048828125,nan,nan,nan,65536.0,nan,nan,nan,65536.0,nan,nan,nan,65536.0
2026-09-08T06:21:00.000+08:00,0.0,13.334285736083984,15.326416015625,0.0,nan,384.20001220703125,0.0,0.0,1850.300048828125,nan,nan,nan,65536.0,nan,nan,nan,65536.0,nan,nan,nan,65536.0
2026-09-08T06:22:00.000+08:00,0.0,13.420490264892578,15.3544921875,0.0,nan,384.0,0.0,0.0,1850.300048828125,nan,nan,nan,65536.0,nan,nan,nan,65536.0,nan,nan,nan,65536.0
2026-09-08T06:23:00.000+08:00,0.0,13.416080474853516,15.3125,0.0,nan,384.0,0.0,0.0,1850.300048828125,nan,nan,nan,65536.0,nan,nan,nan,65536.0,nan,nan,nan,65536.0
2026-09-08T06:24:00.000+08:00,0.0,13.414958953857422,15.3544921875,0.0,nan,384.3999938964844,0.0,0.0,1850.300048828125,nan,nan,nan,65536.0,nan,nan,nan,65536.0,nan,nan,nan,65536.0
2026-09-08T06:25:00.000+08:00,0.0,13.377754211425781,15.375,0.0,nan,384.3999938964844,0.0,0.0,1850.300048828125,nan,nan,nan,65536.0,nan,nan,nan,65536.0,nan,nan,nan,65536.0
2026-09-08T06:26:00.000+08:00,0.0,13.386615753173828,15.375,0.0,nan,384.6000061035156,0.0,0.0,1850.300048828125,nan,nan,nan,65536.0,nan,nan,nan,65536.0,nan,nan,nan,65536.0
2026-09-08T06:27:00.000+08:00,0.0,13.400520324707031,15.4306640625,0.0,nan,384.5,0.0,0.0,1850.300048828125,nan,nan,nan,65536.0,nan,nan,nan,65536.0,nan,nan,nan,65536.0
2026-09-08T06:28:00.000+08:00,0.0,13.453056335449219,15.4306640625,0.0,nan,384.6000061035156,0.0,0.0,1850.300048828125,nan,nan,nan,65536.0,nan,nan,nan,65536.0,nan,nan,nan,65536.0
2026-09-08T06:29:00.000+08:00,0.0,13.457019805908203,15.423828125,0.0,nan,384.6000061035156,0.0,0.0,1850.300048828125,nan,nan,nan,65536.0,nan,nan,nan,65536.0,nan,nan,nan,65536.0
2026-09-08T06:30:00.000+08:00,0.0,13.478221893310547,15.375,0.0,nan,384.5,0.0,0.0,1850.300048828125,nan,nan,nan,65536.0,nan,nan,nan,65536.0,nan,nan,nan,65536.0
2026-09-08T06:31:00.000+08:00,0.0,13.441967010498047,15.486328125,0.0,nan,384.79998779296875,0.0,0.0,1850.300048828125,nan,nan,nan,65536.0,nan,nan,nan,65536.0,nan,nan,nan,65536.0
2026-09-08T06:32:00.000+08:00,0.0,13.473793029785156,15.409912109375,0.0,nan,384.70001220703125,0.0,0.0,1850.300048828125,nan,nan,nan,65536.0,nan,nan,nan,65536.0,nan,nan,nan,65536.0
2026-09-08T06:33:00.000+08:00,0.0,13.438629150390625,15.375,0.0,nan,384.3999938964844,0.0,0.0,1850.300048828125,nan,nan,nan,65536.0,nan,nan,nan,65536.0,nan,nan,nan,65536.0
2026-09-08T06:34:00.000+08:00,0.0,13.441028594970703,15.458251953125,0.0,nan,384.6000061035156,0.0,0.0,1850.300048828125,nan,nan,nan,65536.0,nan,nan,nan,65536.0,nan,nan,nan,65536.0
2026-09-08T06:35:00.000+08:00,0.0,13.51885986328125,15.46533203125,0.0,nan,384.5,0.0,0.0,1850.300048828125,nan,nan,nan,65536.0,nan,nan,nan,65536.0,nan,nan,nan,65536.0
2026-09-08T06:36:00.000+08:00,0.0,13.522808074951172,15.479248046875,0.0,nan,384.3999938964844,0.0,0.0,1850.300048828125,nan,nan,nan,65536.0,nan,nan,nan,65536.0,nan,nan,nan,65536.0
2026-09-08T06:37:00.000+08:00,0.0,13.516334533691406,15.47265625,0.0,nan,384.3999938964844,0.0,0.0,1850.300048828125,nan,nan,nan,65536.0,nan,nan,nan,65536.0,nan,nan,nan,65536.0
2026-09-08T06:38:00.000+08:00,0.0,13.542579650878906,15.472412109375,0.0,nan,384.5,0.0,0.0,1850.300048828125,nan,nan,nan,65536.0,nan,nan,nan,65536.0,nan,nan,nan,65536.0
2026-09-08T06:39:00.000+08:00,0.0,13.503791809082031,15.548828125,0.0,nan,384.70001220703125,0.0,0.0,1850.300048828125,nan,nan,nan,65536.0,nan,nan,nan,65536.0,nan,nan,nan,65536.0
2026-09-08T06:40:00.000+08:00,0.0,13.53957748413086,15.486083984375,0.0,nan,385.0,0.0,0.0,1850.300048828125,nan,nan,nan,65536.0,nan,nan,nan,65536.0,nan,nan,nan,65536.0
2026-09-08T06:41:00.000+08:00,0.0,13.611412048339844,15.444580078125,0.0,nan,385.20001220703125,0.0,0.0,1850.300048828125,nan,nan,nan,65536.0,nan,nan,nan,65536.0,nan,nan,nan,65536.0
2026-09-08T06:42:00.000+08:00,0.0,13.570720672607422,15.541748046875,0.0,nan,385.20001220703125,0.0,0.0,1850.300048828125,nan,nan,nan,65536.0,nan,nan,nan,65536.0,nan,nan,nan,65536.0
2026-09-08T06:43:00.000+08:00,0.0,13.567741394042969,15.513916015625,0.0,nan,385.1000061035156,0.0,0.0,1850.300048828125,nan,nan,nan,65536.0,nan,nan,nan,65536.0,nan,nan,nan,65536.0
2026-09-08T06:44:00.000+08:00,0.0,13.606792449951172,15.513916015625,0.0,nan,384.8999938964844,0.0,0.0,1850.300048828125,nan,nan,nan,65536.0,nan,nan,nan,65536.0,nan,nan,nan,65536.0
2026-09-08T06:45:00.000+08:00,0.0,13.565818786621094,15.541748046875,0.0,nan,384.20001220703125,0.0,0.0,1850.300048828125,nan,nan,nan,65536.0,nan,nan,nan,65536.0,nan,nan,nan,65536.0
2026-09-08T06:46:00.000+08:00,0.0,13.5860595703125,15.5,0.0,nan,384.3999938964844,0.0,0.0,1850.300048828125,nan,nan,nan,65536.0,nan,nan,nan,65536.0,nan,nan,nan,65536.0
2026-09-08T06:47:00.000+08:00,0.0,13.668819427490234,15.5419921875,0.0,nan,384.6000061035156,0.0,0.0,1850.300048828125,nan,nan,nan,65536.0,nan,nan,nan,65536.0,nan,nan,nan,65536.0
2026-09-08T06:48:00.000+08:00,0.0,13.673725128173828,15.541748046875,0.0,nan,384.1000061035156,0.0,0.0,1850.300048828125,nan,nan,nan,65536.0,nan,nan,nan,65536.0,nan,nan,nan,65536.0
2026-09-08T06:49:00.000+08:00,0.0,13.639389038085938,15.604248046875,0.0,nan,384.3999938964844,0.0,0.0,1850.300048828125,nan,nan,nan,65536.0,nan,nan,nan,65536.0,nan,nan,nan,65536.0
2026-09-08T06:50:00.000+08:00,0.0,13.679706573486328,15.534912109375,0.0,nan,384.5,0.0,0.0,1850.300048828125,nan,nan,nan,65536.0,nan,nan,nan,65536.0,nan,nan,nan,65536.0
2026-09-08T06:51:00.000+08:00,0.0,13.633995056152344,15.604248046875,0.0,nan,384.1000061035156,0.0,0.0,1850.300048828125,nan,nan,nan,65536.0,nan,nan,nan,65536.0,nan,nan,nan,65536.0
2026-09-08T06:52:00.000+08:00,0.0,13.645370483398438,15.597412109375,0.0,nan,384.3999938964844,0.0,0.0,1850.300048828125,nan,nan,nan,65536.0,nan,nan,nan,65536.0,nan,nan,nan,65536.0
2026-09-08T06:53:00.000+08:00,0.0,13.724170684814453,15.59765625,0.0,nan,384.5,0.0,0.0,1850.300048828125,nan,nan,nan,65536.0,nan,nan,nan,65536.0,nan,nan,nan,65536.0
2026-09-08T06:54:00.000+08:00,0.0,13.706790924072266,15.6044921875,0.0,nan,384.6000061035156,0.0,0.0,1850.300048828125,nan,nan,nan,65536.0,nan,nan,nan,65536.0,nan,nan,nan,65536.0
2026-09-08T06:55:00.000+08:00,0.0,13.740474700927734,15.569580078125,0.0,nan,384.70001220703125,0.0,0.0,1850.300048828125,nan,nan,nan,65536.0,nan,nan,nan,65536.0,nan,nan,nan,65536.0
2026-09-08T06:56:00.000+08:00,0.0,13.740474700927734,15.583251953125,0.0,nan,384.5,0.0,0.0,1850.300048828125,nan,nan,nan,65536.0,nan,nan,nan,65536.0,nan,nan,nan,65536.0
2026-09-08T06:57:00.000+08:00,0.0,13.740474700927734,15.611328125,0.0,nan,384.70001220703125,0.0,0.0,1850.300048828125,nan,nan,nan,65536.0,nan,nan,nan,65536.0,nan,nan,nan,65536.0
2026-09-08T06:58:00.000+08:00,0.0,13.73495864868164,15.611328125,0.0,nan,384.6000061035156,0.0,0.0,1850.300048828125,nan,nan,nan,65536.0,nan,nan,nan,65536.0,nan,nan,nan,65536.0
2026-09-08T06:59:00.000+08:00,0.0,13.749336242675781,15.6806640625,0.0,nan,384.29998779296875,0.0,0.0,1850.300048828125,nan,nan,nan,65536.0,nan,nan,nan,65536.0,nan,nan,nan,65536.0
2026-09-08T07:00:00.000+08:00,0.0,13.71847152709961,15.673583984375,0.0,nan,384.1000061035156,0.0,0.0,1850.300048828125,nan,nan,nan,65536.0,nan,nan,nan,65536.0,nan,nan,nan,65536.0
2026-09-08T07:01:00.000+08:00,0.0,13.782035827636719,15.625,0.0,nan,383.79998779296875,6.047999858856201,3.4489998817443848,1850.300048828125,nan,nan,nan,65536.0,nan,nan,nan,65536.0,nan,nan,nan,65536.0
2026-09-08T07:02:00.000+08:00,0.0,13.801311492919922,15.625,0.0,nan,383.29998779296875,6.038000106811523,3.4260001182556152,1850.4000244140625,nan,nan,nan,65536.0,nan,nan,nan,65536.0,nan,nan,nan,65536.0
2026-09-08T07:03:00.000+08:00,0.0,13.78048324584961,15.673828125,0.0, +inf,383.3999938964844,6.050000190734863,3.431999921798706,1850.4000244140625,nan,nan,nan,65536.0,nan,nan,nan,65536.0,nan,nan,nan,65536.0
2026-09-08T07:04:00.000+08:00,0.0,13.802928924560547,16.375,0.0, +inf,383.79998779296875,6.064000129699707,3.4539999961853027,1850.5,nan,nan,nan,65536.0,nan,nan,nan,65536.0,nan,nan,nan,65536.0
2026-09-08T07:05:00.000+08:00,0.0,12.75512409210205,19.02783203125,0.0, +inf,383.79998779296875,6.064000129699707,3.4489998817443848,1850.5,nan,nan,nan,65536.0,nan,nan,nan,65536.0,nan,nan,nan,65536.0
2026-09-08T07:06:00.000+08:00,14.720390319824219,12.477723121643066,18.111328125,0.623932421207428,5.540664196014404,384.0,6.084000110626221,3.4649999141693115,1850.5999755859375,nan,nan,nan,65536.0,nan,nan,nan,65536.0,nan,nan,nan,65536.0
2026-09-08T07:07:00.000+08:00,0.0,12.686294555664062,17.236328125,0.0, +inf,384.1000061035156,6.114999771118164,3.4769999980926514,1850.699951171875,nan,nan,nan,65536.0,nan,nan,nan,65536.0,nan,nan,nan,65536.0
2026-09-08T07:08:00.000+08:00,0.0,12.17696762084961,16.47265625,0.0, +inf,384.29998779296875,6.0970001220703125,3.493000030517578,1850.699951171875,nan,nan,nan,65536.0,nan,nan,nan,65536.0,nan,nan,nan,65536.0
2026-09-08T07:09:00.000+08:00,124.75666809082031,10.807321548461914,16.0703125,11.262815475463867,0.30898135900497437,383.8999938964844,6.294000148773193,3.490000009536743,1850.800048828125,nan,nan,nan,65536.0,nan,nan,nan,65536.0,nan,nan,nan,65536.0
2026-09-08T07:10:00.000+08:00,123.7905502319336,10.263805389404297,15.4375,10.550885200500488,0.33106228709220886,383.79998779296875,6.314000129699707,3.503000020980835,1850.800048828125,nan,nan,nan,65536.0,nan,nan,nan,65536.0,nan,nan,nan,65536.0
2026-09-08T07:11:00.000+08:00,122.33157348632812,9.92525863647461,15.125,12.774377822875977,0.27320313453674316,384.6000061035156,6.144000053405762,3.5139999389648438,1850.9000244140625,nan,nan,nan,65536.0,nan,nan,nan,65536.0,nan,nan,nan,65536.0
2026-09-08T07:12:00.000+08:00,125.45269775390625,9.701370239257812,14.9375,12.878028869628906,0.27201369404792786,384.6000061035156,6.1539998054504395,3.51200008392334,1850.9000244140625,nan,nan,nan,65536.0,nan,nan,nan,65536.0,nan,nan,nan,65536.0
2026-09-08T07:13:00.000+08:00,131.50108337402344,9.724067687988281,14.819580078125,13.828716278076172,0.2530241906642914,384.1000061035156,6.307000160217285,3.50600004196167,1851.0,nan,nan,nan,65536.0,nan,nan,nan,65536.0,nan,nan,nan,65536.0
2026-09-08T07:14:00.000+08:00,137.89511108398438,9.791427612304688,14.8125,14.569581985473633,0.2413933277130127,384.29998779296875,6.307000160217285,3.5139999389648438,1851.0999755859375,nan,nan,nan,65536.0,nan,nan,nan,65536.0,nan,nan,nan,65536.0
2026-09-08T07:15:00.000+08:00,143.4340057373047,9.765884399414062,14.8125,14.434892654418945,0.24309152364730835,383.79998779296875,6.336999893188477,3.5220000743865967,1851.0999755859375,nan,nan,nan,65536.0,nan,nan,nan,65536.0,nan,nan,nan,65536.0
2026-09-08T07:16:00.000+08:00,151.2256622314453,9.626937866210938,14.7294921875,15.091108322143555,0.23298488557338715,384.0,6.3379998207092285,3.5160000324249268,1851.199951171875,nan,nan,nan,65536.0,nan,nan,nan,65536.0,nan,nan,nan,65536.0
2026-09-08T07:17:00.000+08:00,157.697509765625,9.604454040527344,14.5625,15.891575813293457,0.220305398106575,384.3999938964844,6.333000183105469,3.5260000228881836,1851.199951171875,nan,nan,nan,65536.0,nan,nan,nan,65536.0,nan,nan,nan,65536.0
2026-09-08T07:18:00.000+08:00,171.60447692871094,9.582332611083984,14.486083984375,17.373401641845703,0.20237833261489868,384.29998779296875,6.324999809265137,3.515000104904175,1851.300048828125,nan,nan,nan,65536.0,nan,nan,nan,65536.0,nan,nan,nan,65536.0
2026-09-08T07:19:00.000+08:00,174.6773223876953,9.66750717163086,14.326416015625,17.18366050720215,0.20519493520259857,384.3999938964844,6.349999904632568,3.5250000953674316,1851.4000244140625,nan,nan,nan,65536.0,nan,nan,nan,65536.0,nan,nan,nan,65536.0
2026-09-08T07:20:00.000+08:00,188.01124572753906,9.74258041381836,14.2431640625,18.292827606201172,0.19215179979801178,384.29998779296875,6.375,3.5320000648498535,1851.4000244140625,nan,nan,nan,65536.0,nan,nan,nan,65536.0,nan,nan,nan,65536.0
2026-09-08T07:21:00.000+08:00,194.86395263671875,9.69427490234375,14.201416015625,17.959123611450195,0.19627906382083893,384.20001220703125,6.334000110626221,3.5260000228881836,1851.5,nan,nan,nan,65536.0,nan,nan,nan,65536.0,nan,nan,nan,65536.0
2026-09-08T07:22:00.000+08:00,201.61917114257812,9.803577423095703,14.1181640625,18.319408416748047,0.19291016459465027,385.1000061035156,6.188000202178955,3.5409998893737793,1851.5,nan,nan,nan,65536.0,nan,nan,nan,65536.0,nan,nan,nan,65536.0
2026-09-08T07:23:00.000+08:00,206.62388610839844,9.793365478515625,13.986328125,18.378353118896484,0.1919649839401245,385.1000061035156,6.198999881744385,3.549999952316284,1851.5999755859375,nan,nan,nan,65536.0,nan,nan,nan,65536.0,nan,nan,nan,65536.0
2026-09-08T07:24:00.000+08:00,224.76693725585938,9.849174499511719,13.84765625,19.2403507232666,0.18419623374938965,385.29998779296875,6.170000076293945,3.546999931335449,1851.699951171875,nan,nan,nan,65536.0,nan,nan,nan,65536.0,nan,nan,nan,65536.0
2026-09-08T07:25:00.000+08:00,230.12059020996094,9.817131042480469,13.819580078125,19.595849990844727,0.18172216415405273,385.0,6.193999767303467,3.5480000972747803,1851.699951171875,nan,nan,nan,65536.0,nan,nan,nan,65536.0,nan,nan,nan,65536.0
2026-09-08T07:26:00.000+08:00,241.58175659179688,9.849018096923828,13.7294921875,19.47566032409668,0.1823814958333969,385.1000061035156,6.2129998207092285,3.556999921798706,1851.800048828125,nan,nan,nan,65536.0,nan,nan,nan,65536.0,nan,nan,nan,65536.0
2026-09-08T07:27:00.000+08:00,239.2021026611328,9.924491882324219,13.6669921875,18.995880126953125,0.1867247074842453,384.70001220703125,6.3480000495910645,3.5380001068115234,1851.800048828125,nan,nan,nan,65536.0,nan,nan,nan,65536.0,nan,nan,nan,65536.0
2026-09-08T07:28:00.000+08:00,262.0556335449219,9.889347076416016,13.632080078125,20.176549911499023,0.1760459691286087,384.6000061035156,6.3460001945495605,3.5429999828338623,1851.9000244140625,nan,nan,nan,65536.0,nan,nan,nan,65536.0,nan,nan,nan,65536.0
2026-09-08T07:29:00.000+08:00,262.6197204589844,9.946044921875,13.5,19.501041412353516,0.18142621219158173,384.29998779296875,6.348999977111816,3.5380001068115234,1851.9000244140625,nan,nan,nan,65536.0,nan,nan,nan,65536.0,nan,nan,nan,65536.0
2026-09-08T07:30:00.000+08:00,268.3053283691406,9.946159362792969,13.4375,19.924468994140625,0.1778215616941452,383.8999938964844,6.323999881744385,3.5350000858306885,1852.0,nan,nan,nan,65536.0,nan,nan,nan,65536.0,nan,nan,nan,65536.0
2026-09-08T07:31:00.000+08:00,284.2961730957031,9.9498291015625,13.375,20.212312698364258,0.17499233782291412,384.1000061035156,6.35099983215332,3.5369999408721924,1852.0999755859375,nan,nan,nan,65536.0,nan,nan,nan,65536.0,nan,nan,nan,65536.0
2026-09-08T07:32:00.000+08:00,286.2628479003906,9.951297760009766,13.375,19.737993240356445,0.17879223823547363,384.0,6.3470001220703125,3.5399999618530273,1852.0999755859375,nan,nan,nan,65536.0,nan,nan,nan,65536.0,nan,nan,nan,65536.0
2026-09-08T07:33:00.000+08:00,291.8263854980469,9.964073181152344,13.333251953125,20.028833389282227,0.177444189786911,384.0,6.144999980926514,3.5329999923706055,1852.199951171875,nan,nan,nan,65536.0,nan,nan,nan,65536.0,nan,nan,nan,65536.0
2026-09-08T07:34:00.000+08:00,298.90057373046875,9.975639343261719,13.25,20.23411750793457,0.17544624209403992,384.29998779296875,6.168000221252441,3.5399999618530273,1852.199951171875,nan,nan,nan,65536.0,nan,nan,nan,65536.0,nan,nan,nan,65536.0
2026-09-08T07:35:00.000+08:00,302.14508056640625,9.944435119628906,13.298828125,20.275447845458984,0.17449676990509033,384.20001220703125,6.192999839782715,3.5480000972747803,1852.300048828125,nan,nan,nan,65536.0,nan,nan,nan,65536.0,nan,nan,nan,65536.0
2026-09-08T07:36:00.000+08:00,308.4054870605469,9.973793029785156,13.132080078125,20.171415328979492,0.17574374377727509,384.20001220703125,6.199999809265137,3.5450000762939453,1852.4000244140625,nan,nan,nan,65536.0,nan,nan,nan,65536.0,nan,nan,nan,65536.0
2026-09-08T07:37:00.000+08:00,326.8169250488281,9.954841613769531,13.16015625,21.720521926879883,0.1632097065448761,383.79998779296875,6.183000087738037,3.5369999408721924,1852.4000244140625,nan,nan,nan,65536.0,nan,nan,nan,65536.0,nan,nan,nan,65536.0
2026-09-08T07:38:00.000+08:00,334.51348876953125,10.019771575927734,13.111083984375,20.962053298950195,0.1691151112318039,384.1000061035156,6.202000141143799,3.5480000972747803,1852.5,nan,nan,nan,65536.0,nan,nan,nan,65536.0,nan,nan,nan,65536.0
2026-09-08T07:39:00.000+08:00,334.0567321777344,10.01461410522461,13.1181640625,21.245134353637695,0.16700294613838196,384.29998779296875,6.184000015258789,3.5460000038146973,1852.5,nan,nan,nan,65536.0,nan,nan,nan,65536.0,nan,nan,nan,65536.0
2026-09-08T07:40:00.000+08:00,343.23321533203125,9.989368438720703,13.048828125,21.05236053466797,0.16853216290473938,384.3999938964844,6.210000038146973,3.553999900817871,1852.5999755859375,nan,nan,nan,65536.0,nan,nan,nan,65536.0,nan,nan,nan,65536.0
2026-09-08T07:41:00.000+08:00,348.530029296875,10.037700653076172,12.9931640625,21.344585418701172,0.1661311239004135,384.29998779296875,6.211999893188477,3.552000045776367,1852.699951171875,nan,nan,nan,65536.0,nan,nan,nan,65536.0,nan,nan,nan,65536.0
2026-09-08T07:42:00.000+08:00,353.95233154296875,10.059906005859375,12.882080078125,20.807666778564453,0.17080242931842804,383.79998779296875,6.201000213623047,3.5420000553131104,1852.699951171875,nan,nan,nan,65536.0,nan,nan,nan,65536.0,nan,nan,nan,65536.0
2026-09-08T07:43:00.000+08:00,365.9965515136719,9.943267822265625,12.9033203125,21.147218704223633,0.16768161952495575,383.79998779296875,6.210000038146973,3.5490000247955322,1852.800048828125,nan,nan,nan,65536.0,nan,nan,nan,65536.0,nan,nan,nan,65536.0
2026-09-08T07:44:00.000+08:00,372.46014404296875,9.946525573730469,12.854248046875,21.160688400268555,0.16729134321212769,383.6000061035156,6.159999847412109,3.5360000133514404,1852.800048828125,509.765625,1.990625023841858,1.0204046964645386,2644.0,509.765625,1.990625023841858,1.0204046964645386,2644.0,509.765625,1.990625023841858,1.0204046964645386,2644.0
2026-09-08T07:45:00.000+08:00,366.6165771484375,9.988079071044922,12.757080078125,21.644392013549805,0.16378375887870789,383.6000061035156,6.209000110626221,3.5409998893737793,1852.9000244140625,509.765625,1.990625023841858,1.0224233865737915,2644.0,509.765625,1.990625023841858,1.0224233865737915,2644.0,509.765625,1.990625023841858,1.0224233865737915,2644.0
2026-09-08T07:46:00.000+08:00,374.58966064453125,9.973461151123047,12.757080078125,21.218673706054688,0.1670226901769638,383.5,6.185999870300293,3.5360000133514404,1853.0,509.765625,1.990625023841858,1.0224233865737915,2644.0,509.765625,1.990625023841858,1.0224233865737915,2644.0,509.765625,1.990625023841858,1.0224233865737915,2644.0
2026-09-08T07:47:00.000+08:00,390.8739318847656,9.978202819824219,12.791748046875,21.474763870239258,0.16428585350513458,383.70001220703125,6.188000202178955,3.5360000133514404,1853.0,509.765625,1.990625023841858,1.0260571241378784,2644.0,509.765625,1.990625023841858,1.0260571241378784,2644.0,509.765625,1.990625023841858,1.0260571241378784,2644.0
2026-09-08T07:48:00.000+08:00,388.0992736816406,9.996467590332031,12.694580078125,21.434886932373047,0.16515132784843445,383.3999938964844,6.173999786376953,3.5369999408721924,1853.0999755859375,509.765625,1.990625023841858,1.0224233865737915,2644.0,509.765625,1.990625023841858,1.0224233865737915,2644.0,509.765625,1.990625023841858,1.0224233865737915,2644.0
2026-09-08T07:49:00.000+08:00,364.8744812011719,9.988571166992188,12.7294921875,20.90144157409668,0.169174924492836,384.0,6.203000068664551,3.5510001182556152,1853.0999755859375,509.765625,1.990625023841858,1.0282104015350342,2644.0,509.765625,1.990625023841858,1.0282104015350342,2644.0,509.765625,1.990625023841858,1.0282104015350342,2644.0
2026-09-08T07:50:00.000+08:00,376.2438659667969,10.02176284790039,12.8056640625,20.14179039001465,0.17560504376888275,383.8999938964844,6.188000202178955,3.5429999828338623,1853.199951171875,509.765625,1.990625023841858,1.0232309103012085,2644.0,509.765625,1.990625023841858,1.0232309103012085,2644.0,509.765625,1.990625023841858,1.0232309103012085,2644.0
2026-09-08T07:51:00.000+08:00,388.28759765625,10.150306701660156,12.784912109375,21.53512954711914,0.16489335894584656,384.0,6.178999900817871,3.5439999103546143,1853.199951171875,509.765625,1.990625023841858,1.0306329727172852,2644.0,509.765625,1.990625023841858,1.0306329727172852,2644.0,509.765625,1.990625023841858,1.0306329727172852,2644.0
2026-09-08T07:52:00.000+08:00,380.23638916015625,10.140823364257812,12.75,20.64657211303711,0.17160232365131378,384.29998779296875,6.191999912261963,3.552000045776367,1853.300048828125,513.28125,1.990625023841858,1.0302292108535767,2644.0,513.28125,1.990625023841858,1.0302292108535767,2644.0,513.28125,1.990625023841858,1.0302292108535767,2644.0
2026-09-08T07:53:00.000+08:00,403.4595031738281,10.078323364257812,12.757080078125,20.836021423339844,0.1702820211648941,384.79998779296875,6.197000026702881,3.559999942779541,1853.4000244140625,513.28125,1.990625023841858,1.032786250114441,2644.0,513.28125,1.990625023841858,1.032786250114441,2644.0,513.28125,1.990625023841858,1.032786250114441,2644.0
2026-09-08T07:54:00.000+08:00,400.739013671875,10.098072052001953,12.7919921875,20.805143356323242,0.17063087224960327,384.79998779296875,6.284999847412109,3.565999984741211,1853.4000244140625,513.28125,1.990625023841858,1.038169503211975,2644.0,513.28125,1.990625023841858,1.038169503211975,2644.0,513.28125,1.990625023841858,1.038169503211975,2644.0
2026-09-08T07:55:00.000+08:00,397.2969665527344,10.012275695800781,12.798828125,21.060455322265625,0.16908466815948486,385.0,6.21999979019165,3.566999912261963,1853.5,513.28125,1.990625023841858,1.0409958362579346,2644.0,513.28125,1.990625023841858,1.0409958362579346,2644.0,513.28125,1.990625023841858,1.0409958362579346,2644.0
2026-09-08T07:56:00.000+08:00,387.8094787597656,9.986595153808594,12.736328125,20.32341194152832,0.17575788497924805,384.5,6.171000003814697,3.549999952316284,1853.5,513.28125,1.990625023841858,1.0380349159240723,2644.0,513.28125,1.990625023841858,1.0380349159240723,2644.0,513.28125,1.990625023841858,1.0380349159240723,2644.0
2026-09-08T07:57:00.000+08:00,383.61151123046875,9.998954772949219,12.722412109375,21.209354400634766,0.1682276576757431,383.5,6.173999786376953,3.5329999923706055,1853.5999755859375,509.765625,1.990625023841858,1.034266710281372,2644.0,509.765625,1.990625023841858,1.034266710281372,2644.0,509.765625,1.990625023841858,1.034266710281372,2644.0
2026-09-08T07:58:00.000+08:00,395.4384460449219,9.926643371582031,12.5625,21.574363708496094,0.1645471453666687,384.0,6.165999889373779,3.5420000553131104,1853.699951171875,509.765625,1.990625023841858,1.0338629484176636,2644.0,509.765625,1.990625023841858,1.0338629484176636,2644.0,509.765625,1.990625023841858,1.0338629484176636,2644.0
2026-09-08T07:59:00.000+08:00,392.61065673828125,9.905330657958984,12.611328125,21.215402603149414,0.16652995347976685,383.6000061035156,6.177000045776367,3.5339999198913574,1853.699951171875,509.765625,1.990625023841858,1.037900447845459,2644.0,509.765625,1.990625023841858,1.037900447845459,2644.0,509.765625,1.990625023841858,1.037900447845459,2644.0
2026-09-08T08:00:00.000+08:00,402.9208984375,9.917186737060547,12.569580078125,21.976463317871094,0.16117243468761444,383.3999938964844,6.160999774932861,3.5369999408721924,1853.800048828125,509.765625,1.990625023841858,1.0325170755386353,2644.0,509.765625,1.990625023841858,1.0325170755386353,2644.0,509.765625,1.990625023841858,1.0325170755386353,2644.0
2026-09-08T08:01:00.000+08:00,398.68560791015625,9.898216247558594,12.604248046875,21.503629684448242,0.16383281350135803,382.70001220703125,6.144999980926514,3.5179998874664307,1853.800048828125,509.765625,1.990625023841858,1.0278067588806152,2644.0,509.765625,1.990625023841858,1.0278067588806152,2644.0,509.765625,1.990625023841858,1.0278067588806152,2644.0
2026-09-08T08:02:00.000+08:00,395.0713806152344,9.93344497680664,12.52099609375,20.88117790222168,0.16943489015102386,382.20001220703125,6.125999927520752,3.50600004196167,1853.9000244140625,509.765625,1.990625023841858,1.0282104015350342,2644.0,509.765625,1.990625023841858,1.0282104015350342,2644.0,509.765625,1.990625023841858,1.0282104015350342,2644.0
2026-09-08T08:03:00.000+08:00,407.2592468261719,9.8978271484375,12.6181640625,21.744367599487305,0.16146709024906158,382.79998779296875,6.14300012588501,3.510999917984009,1854.0,509.765625,1.990625023841858,1.032786250114441,2644.0,509.765625,1.990625023841858,1.032786250114441,2644.0,509.765625,1.990625023841858,1.032786250114441,2644.0
2026-09-08T08:04:00.000+08:00,395.0064697265625,9.932289123535156,12.513916015625,20.5573673248291,0.17088764905929565,382.6000061035156,6.14300012588501,3.50600004196167,1854.0,509.765625,1.990625023841858,1.0261917114257812,2644.0,509.765625,1.990625023841858,1.0261917114257812,2644.0,509.765625,1.990625023841858,1.0261917114257812,2644.0
2026-09-08T08:05:00.000+08:00,398.0682373046875,9.932685852050781,12.507080078125,21.485666275024414,0.1636439859867096,382.8999938964844,6.170000076293945,3.5250000953674316,1854.0999755859375,509.765625,1.990625023841858,1.029152512550354,2644.0,509.765625,1.990625023841858,1.029152512550354,2644.0,509.765625,1.990625023841858,1.029152512550354,2644.0
2026-09-08T08:06:00.000+08:00,397.70452880859375,9.93344497680664,12.52099609375,20.37148094177246,0.17210333049297333,382.8999938964844,6.145999908447266,3.5199999809265137,1854.0999755859375,509.765625,1.990625023841858,1.0315749645233154,2644.0,509.765625,1.990625023841858,1.0315749645233154,2644.0,509.765625,1.990625023841858,1.0315749645233154,2644.0
2026-09-08T08:07:00.000+08:00,398.73553466796875,9.888465881347656,12.5283203125,20.3670711517334,0.17307348549365997,382.70001220703125,6.13100004196167,3.5139999389648438,1854.199951171875,509.765625,1.990625023841858,1.0339975357055664,2644.0,509.765625,1.990625023841858,1.0339975357055664,2644.0,509.765625,1.990625023841858,1.0339975357055664,2644.0
2026-09-08T08:08:00.000+08:00,400.60748291015625,9.849281311035156,12.513916015625,20.56726837158203,0.16317114233970642,382.79998779296875,6.171999931335449,3.5250000953674316,1854.300048828125,509.765625,1.990625023841858,1.0352087020874023,2644.0,509.765625,1.990625023841858,1.0352087020874023,2644.0,509.765625,1.990625023841858,1.0352087020874023,2644.0
2026-09-08T08:09:00.000+08:00,392.64166259765625,9.825576782226562,12.5419921875,21.17047882080078,0.16617479920387268,382.3999938964844,6.14300012588501,3.51200008392334,1854.300048828125,509.765625,1.990625023841858,1.0330554246902466,2644.0,509.765625,1.990625023841858,1.0330554246902466,2644.0,509.765625,1.990625023841858,1.0330554246902466,2644.0
2026-09-08T08:10:00.000+08:00,386.3896789550781,9.782417297363281,12.4931640625,20.30691146850586,0.17289678752422333,382.79998779296875,6.144000053405762,3.5209999084472656,1854.4000244140625,509.765625,1.990625023841858,1.0352087020874023,2644.0,509.765625,1.990625023841858,1.0352087020874023,2644.0,509.765625,1.990625023841858,1.0352087020874023,2644.0
2026-09-08T08:11:00.000+08:00,388.9485168457031,9.827186584472656,12.486328125,21.016687393188477,0.16724805533885956,383.0,6.14900016784668,3.5220000743865967,1854.4000244140625,509.765625,1.990625023841858,1.0339975357055664,2644.0,509.765625,1.990625023841858,1.0339975357055664,2644.0,509.765625,1.990625023841858,1.0339975357055664,2644.0
2026-09-08T08:12:00.000+08:00,393.0465393066406,9.872737884521484,12.409912109375,20.525156021118164,0.17115582525730133,382.3999938964844,6.142000198364258,3.507999897003174,1854.5,509.765625,1.990625023841858,1.0306329727172852,2644.0,509.765625,1.990625023841858,1.0306329727172852,2644.0,509.765625,1.990625023841858,1.0306329727172852,2644.0
2026-09-08T08:13:00.000+08:00,406.70068359375,9.86484146118164,12.382080078125,21.37449073791504,0.16463549435138702,381.70001220703125,6.116000175476074,3.48799991607666,1854.5,506.25,1.990625023841858,1.026460886001587,2644.0,506.25,1.990625023841858,1.026460886001587,2644.0,506.25,1.990625023841858,1.026460886001587,2644.0
2026-09-08T08:14:00.000+08:00,398.629150390625,9.854907989501953,12.423828125,20.15870475769043,0.17406873404979706,382.3999938964844,6.15500020980835,3.5199999809265137,1854.5999755859375,509.765625,1.990625023841858,1.0330554246902466,2644.0,509.765625,1.990625023841858,1.0330554246902466,2644.0,509.765625,1.990625023841858,1.0330554246902466,2644.0
2026-09-08T08:15:00.000+08:00,401.3755798339844,9.856555938720703,12.375,20.402734756469727,0.1713985949754715,382.1000061035156,6.1539998054504395,3.5169999599456787,1854.699951171875,509.765625,1.990625023841858,1.0294216871261597,2644.0,509.765625,1.990625023841858,1.0294216871261597,2644.0,509.765625,1.990625023841858,1.0294216871261597,2644.0
2026-09-08T08:16:00.000+08:00,401.9916687011719,9.816116333007812,12.4375,20.458330154418945,0.1716660112142563,381.5,6.130000114440918,3.502000093460083,1854.699951171875,509.765625,1.990625023841858,1.0268646478652954,2644.0,509.765625,1.990625023841858,1.0268646478652954,2644.0,509.765625,1.990625023841858,1.0268646478652954,2644.0
2026-09-08T08:17:00.000+08:00,394.8062744140625,9.86484146118164,12.41015625,19.728086471557617,0.1779189258813858,381.5,6.103000164031982,3.490000009536743,1854.800048828125,509.765625,1.990625023841858,1.0292870998382568,2644.0,509.765625,1.990625023841858,1.0292870998382568,2644.0,509.765625,1.990625023841858,1.0292870998382568,2644.0
2026-09-08T08:18:00.000+08:00,410.15081787109375,9.868797302246094,12.4306640625,21.332550048828125,0.164162278175354,381.6000061035156,6.117000102996826,3.500999927520752,1854.800048828125,506.25,1.990625023841858,1.02471125125885,2644.0,506.25,1.990625023841858,1.02471125125885,2644.0,506.25,1.990625023841858,1.02471125125885,2644.0
2026-09-08T08:19:00.000+08:00,402.47943115234375,9.81252670288086,12.4169921875,20.326087951660156,0.17170052230358124,381.8999938964844,6.127999782562256,3.503000020980835,1854.9000244140625,506.25,1.990625023841858,1.0252496004104614,2644.0,506.25,1.990625023841858,1.0252496004104614,2644.0,506.25,1.990625023841858,1.0252496004104614,2644.0
2026-09-08T08:20:00.000+08:00,396.7854919433594,9.850189208984375,12.4169921875,20.14385223388672,0.17379991710186005,381.8999938964844,6.144999980926514,3.507999897003174,1855.0,506.25,1.990625023841858,1.0280758142471313,2644.0,506.25,1.990625023841858,1.0280758142471313,2644.0,506.25,1.990625023841858,1.0280758142471313,2644.0
2026-09-08T08:21:00.000+08:00,388.5573425292969,9.847892761230469,12.4306640625,20.50815200805664,0.170615091919899,381.20001220703125,6.130000114440918,3.490999937057495,1855.0,506.25,1.990625023841858,1.0251150131225586,2644.0,506.25,1.990625023841858,1.0251150131225586,2644.0,506.25,1.990625023841858,1.0251150131225586,2644.0
2026-09-08T08:22:00.000+08:00,394.5452880859375,9.849933624267578,12.388916015625,20.200637817382812,0.1732618510723114,381.8999938964844,6.11299991607666,3.500999927520752,1855.0999755859375,506.25,1.990625023841858,1.026460886001587,2644.0,506.25,1.990625023841858,1.026460886001587,2644.0,506.25,1.990625023841858,1.026460886001587,2644.0
2026-09-08T08:23:00.000+08:00,393.33929443359375,9.867332458496094,12.333251953125,19.543498992919922,0.17842251062393188,382.20001220703125,6.116000175476074,3.509999990463257,1855.0999755859375,509.765625,1.990625023841858,1.0298254489898682,2644.0,509.765625,1.990625023841858,1.0298254489898682,2644.0,509.765625,1.990625023841858,1.0298254489898682,2644.0
2026-09-08T08:24:00.000+08:00,408.1170959472656,9.740806579589844,12.319580078125,20.668842315673828,0.16948215663433075,381.8999938964844,6.126999855041504,3.5,1855.199951171875,509.765625,1.990625023841858,1.0298254489898682,2644.0,509.765625,1.990625023841858,1.0298254489898682,2644.0,509.765625,1.990625023841858,1.0298254489898682,2644.0
2026-09-08T08:25:00.000+08:00,405.99169921875,9.543060302734375,12.284912109375,20.944053649902344,0.16768482327461243,381.70001220703125,6.146999835968018,3.505000114440918,1855.199951171875,506.25,1.990625023841858,1.027268409729004,2644.0,506.25,1.990625023841858,1.027268409729004,2644.0,506.25,1.990625023841858,1.027268409729004,2644.0
2026-09-08T08:26:00.000+08:00,394.00445556640625,9.508636474609375,12.2783203125,20.15964698791504,0.17411018908023834,381.5,6.116000175476074,3.496999979019165,1855.300048828125,506.25,1.990625023841858,1.0276721715927124,2644.0,506.25,1.990625023841858,1.0276721715927124,2644.0,506.25,1.990625023841858,1.0276721715927124,2644.0
2026-09-08T08:27:00.000+08:00,396.92547607421875,9.473407745361328,12.291748046875,21.593425750732422,0.1623179167509079,382.1000061035156,6.1519999504089355,3.5139999389648438,1855.4000244140625,509.765625,1.990625023841858,1.0322479009628296,2644.0,509.765625,1.990625023841858,1.0322479009628296,2644.0,509.765625,1.990625023841858,1.0322479009628296,2644.0
2026-09-08T08:28:00.000+08:00,381.74591064453125,9.551700592041016,12.2919921875,20.95142364501953,0.16690988838672638,381.70001220703125,6.140999794006348,3.503999948501587,1855.4000244140625,509.765625,1.990625023841858,1.0300946235656738,2644.0,509.765625,1.990625023841858,1.0300946235656738,2644.0,509.765625,1.990625023841858,1.0300946235656738,2644.0
2026-09-08T08:29:00.000+08:00,373.3387756347656,9.538734436035156,12.257080078125,20.87685775756836,0.16832035779953003,382.0,6.111999988555908,3.500999927520752,1855.5,506.25,1.990625023841858,1.0292870998382568,2644.0,506.25,1.990625023841858,1.0292870998382568,2644.0,506.25,1.990625023841858,1.0292870998382568,2644.0
2026-09-08T08:30:00.000+08:00,379.8569641113281,9.549053192138672,12.2783203125,20.25583267211914,0.17249351739883423,381.5,6.109000205993652,3.496999979019165,1855.5,506.25,1.990625023841858,1.02471125125885,2644.0,506.25,1.990625023841858,1.02471125125885,2644.0,506.25,1.990625023841858,1.02471125125885,2644.0
2026-09-08T08:31:00.000+08:00,374.8183288574219,9.614593505859375,12.298828125,20.198444366455078,0.1731816530227661,381.70001220703125,6.093999862670898,3.49399995803833,1855.5999755859375,506.25,1.990625023841858,1.0288833379745483,2644.0,506.25,1.990625023841858,1.0288833379745483,2644.0,506.25,1.990625023841858,1.0288833379745483,2644.0
2026-09-08T08:32:00.000+08:00,382.8998107910156,9.685909271240234,12.27783203125,20.816755294799805,0.16798968613147736,381.5,6.0920000076293945,3.4830000400543213,1855.699951171875,506.25,1.990625023841858,1.0230963230133057,2644.0,506.25,1.990625023841858,1.0230963230133057,2644.0,506.25,1.990625023841858,1.0230963230133057,2644.0
2026-09-08T08:33:00.000+08:00,371.04815673828125,9.6243896484375,12.28515625,20.23463249206543,0.17237772047519684,381.8999938964844,6.124000072479248,3.496999979019165,1855.699951171875,506.25,1.990625023841858,1.0260571241378784,2644.0,506.25,1.990625023841858,1.0260571241378784,2644.0,506.25,1.990625023841858,1.0260571241378784,2644.0
2026-09-08T08:34:00.000+08:00,374.6471252441406,9.578971862792969,12.354248046875,20.806167602539062,0.1682674139738083,382.0,6.11299991607666,3.502000093460083,1855.800048828125,509.765625,1.990625023841858,1.0280758142471313,2644.0,509.765625,1.990625023841858,1.0280758142471313,2644.0,509.765625,1.990625023841858,1.0280758142471313,2644.0
2026-09-08T08:35:00.000+08:00,375.0687255859375,9.570316314697266,12.319580078125,19.80095863342285,0.17625409364700317,381.70001220703125,6.131999969482422,3.4860000610351562,1855.800048828125,506.25,1.990625023841858,1.02471125125885,2644.0,506.25,1.990625023841858,1.02471125125885,2644.0,506.25,1.990625023841858,1.02471125125885,2644.0
2026-09-08T08:36:00.000+08:00,374.80023193359375,9.564689636230469,12.347412109375,20.593597412109375,0.16981005668640137,381.29998779296875,6.0980000495910645,3.4830000400543213,1855.9000244140625,506.25,1.990625023841858,1.0214812755584717,2644.0,506.25,1.990625023841858,1.0214812755584717,2644.0,506.25,1.990625023841858,1.0214812755584717,2644.0
2026-09-08T08:37:00.000+08:00,369.016357421875,9.56674575805664,12.347412109375,20.129390716552734,0.17317961156368256,381.6000061035156,6.10099983215332,3.48799991607666,1855.9000244140625,506.25,1.990625023841858,1.0198663473129272,2644.0,506.25,1.990625023841858,1.0198663473129272,2644.0,506.25,1.990625023841858,1.0198663473129272,2644.0
2026-09-08T08:38:00.000+08:00,372.4833984375,9.549270629882812,12.2919921875,19.52427101135254,0.17890553176403046,380.70001220703125,6.0929999351501465,3.4769999980926514,1856.0,506.25,2.0289063453674316,1.031844139099121,2644.0,506.25,2.0289063453674316,1.031844139099121,2644.0,506.25,2.0289063453674316,1.031844139099121,2644.0
2026-09-08T08:39:00.000+08:00,372.4579772949219,9.591808319091797,12.257080078125,20.549192428588867,0.1697390377521515,381.1000061035156,6.084000110626221,3.4709999561309814,1856.0999755859375,506.25,1.990625023841858,1.019327998161316,2645.0,506.25,1.990625023841858,1.019327998161316,2645.0,506.25,1.990625023841858,1.019327998161316,2645.0
2026-09-08T08:40:00.000+08:00,377.25042724609375,9.521240234375,12.25,20.268259048461914,0.17110498249530792,381.20001220703125,6.099999904632568,3.490999937057495,1856.0999755859375,506.25,1.990625023841858,1.0189242362976074,2645.0,506.25,1.990625023841858,1.0189242362976074,2645.0,506.25,1.990625023841858,1.0189242362976074,2645.0
2026-09-08T08:41:00.000+08:00,381.87176513671875,9.606304168701172,12.298828125,20.599815368652344,0.16898208856582642,381.20001220703125,6.0970001220703125,3.4730000495910645,1856.199951171875,506.25,1.990625023841858,1.0235000848770142,2645.0,506.25,1.990625023841858,1.0235000848770142,2645.0,506.25,1.990625023841858,1.0235000848770142,2645.0
2026-09-08T08:42:00.000+08:00,376.5895080566406,9.581855773925781,12.2919921875,20.03838539123535,0.17376649379730225,381.79998779296875,6.0970001220703125,3.49399995803833,1856.199951171875,506.25,1.990625023841858,1.025518774986267,2645.0,506.25,1.990625023841858,1.025518774986267,2645.0,506.25,1.990625023841858,1.025518774986267,2645.0
2026-09-08T08:43:00.000+08:00,382.87713623046875,9.589752197265625,12.3056640625,20.451425552368164,0.17035487294197083,381.79998779296875,6.119999885559082,3.499000072479248,1856.300048828125,506.25,1.990625023841858,1.02471125125885,2645.0,506.25,1.990625023841858,1.02471125125885,2645.0,506.25,1.990625023841858,1.02471125125885,2645.0
2026-09-08T08:44:00.000+08:00,371.47198486328125,9.588611602783203,12.263916015625,19.97495460510254,0.17456859350204468,382.20001220703125,6.0929999351501465,3.503000020980835,1856.300048828125,509.765625,1.990625023841858,1.0268646478652954,2645.0,509.765625,1.990625023841858,1.0268646478652954,2645.0,509.765625,1.990625023841858,1.0268646478652954,2645.0
2026-09-08T08:45:00.000+08:00,380.15850830078125,9.578659057617188,12.2919921875,20.485614776611328,0.17055870592594147,381.70001220703125,6.093999862670898,3.49399995803833,1856.4000244140625,506.25,1.990625023841858,1.0252496004104614,2645.0,506.25,1.990625023841858,1.0252496004104614,2645.0,506.25,1.990625023841858,1.0252496004104614,2645.0
2026-09-08T08:46:00.000+08:00,378.4844970703125,9.586185455322266,12.298828125,20.0904598236084,0.17436136305332184,381.79998779296875,6.107999801635742,3.494999885559082,1856.5,509.765625,1.990625023841858,1.0268646478652954,2645.0,509.765625,1.990625023841858,1.0268646478652954,2645.0,509.765625,1.990625023841858,1.0268646478652954,2645.0
2026-09-08T08:47:00.000+08:00,377.27618408203125,9.6229248046875,12.2431640625,20.214330673217773,0.1728476732969284,381.6000061035156,6.125999927520752,3.500999927520752,1856.5,506.25,1.990625023841858,1.026460886001587,2645.0,506.25,1.990625023841858,1.026460886001587,2645.0,506.25,1.990625023841858,1.026460886001587,2645.0
2026-09-08T08:48:00.000+08:00,372.0925598144531,9.5948486328125,12.25,20.008859634399414,0.17467261850833893,381.8999938964844,6.13100004196167,3.502000093460083,1856.5999755859375,509.765625,1.990625023841858,1.0280758142471313,2645.0,509.765625,1.990625023841858,1.0280758142471313,2645.0,509.765625,1.990625023841858,1.0280758142471313,2645.0
2026-09-08T08:49:00.000+08:00,381.8588562011719,9.682716369628906,12.3056640625,20.667444229125977,0.16852591931819916,381.20001220703125,6.0970001220703125,3.4860000610351562,1856.5999755859375,506.25,1.990625023841858,1.0243076086044312,2645.0,506.25,1.990625023841858,1.0243076086044312,2645.0,506.25,1.990625023841858,1.0243076086044312,2645.0
2026-09-08T08:50:00.000+08:00,370.4334716796875,9.669136047363281,12.33349609375,20.50843048095703,0.17061275243759155,381.8999938964844,6.116000175476074,3.499000072479248,1856.699951171875,509.765625,1.990625023841858,1.022019624710083,2645.0,509.765625,1.990625023841858,1.022019624710083,2645.0,509.765625,1.990625023841858,1.022019624710083,2645.0
2026-09-08T08:51:00.000+08:00,368.5936584472656,9.684928894042969,12.3125,19.082551956176758,0.18320401012897491,381.79998779296875,6.11299991607666,3.493000030517578,1856.800048828125,509.765625,1.990625023841858,1.0268646478652954,2645.0,509.765625,1.990625023841858,1.0268646478652954,2645.0,509.765625,1.990625023841858,1.0268646478652954,2645.0
2026-09-08T08:52:00.000+08:00,373.9708251953125,9.637847900390625,12.382080078125,19.951494216918945,0.1753753423690796,381.6000061035156,6.11299991607666,3.490000009536743,1856.800048828125,506.25,2.0289063453674316,1.038977026939392,2645.0,506.25,2.0289063453674316,1.038977026939392,2645.0,506.25,2.0289063453674316,1.038977026939392,2645.0
2026-09-08T08:53:00.000+08:00,372.0811462402344,9.629951477050781,12.382080078125,19.409461975097656,0.18058203160762787,381.8999938964844,6.126999855041504,3.497999906539917,1856.9000244140625,509.765625,1.990625023841858,1.0329208374023438,2645.0,509.765625,1.990625023841858,1.0329208374023438,2645.0,509.765625,1.990625023841858,1.0329208374023438,2645.0
2026-09-08T08:54:00.000+08:00,364.8694152832031,9.669136047363281,12.3681640625,19.86675262451172,0.17567037045955658,382.1000061035156,6.127999782562256,3.509000062942505,1856.9000244140625,509.765625,1.990625023841858,1.0302292108535767,2645.0,509.765625,1.990625023841858,1.0302292108535767,2645.0,509.765625,1.990625023841858,1.0302292108535767,2645.0
2026-09-08T08:55:00.000+08:00,379.2568359375,9.648860931396484,12.361328125,20.70955467224121,0.1689075529575348,382.1000061035156,6.114999771118164,3.503999948501587,1857.0,509.765625,1.990625023841858,1.027268409729004,2645.0,509.765625,1.990625023841858,1.027268409729004,2645.0,509.765625,1.990625023841858,1.027268409729004,2645.0
2026-09-08T08:56:00.000+08:00,376.4059753417969,9.682632446289062,12.3681640625,20.157304763793945,0.17408080399036407,381.79998779296875,6.139999866485596,3.492000102996826,1857.0,506.25,1.990625023841858,1.0276721715927124,2645.0,506.25,1.990625023841858,1.0276721715927124,2645.0,506.25,1.990625023841858,1.0276721715927124,2645.0
2026-09-08T08:57:00.000+08:00,374.803955078125,9.666313171386719,12.319580078125,20.065954208374023,0.17462414503097534,381.79998779296875,6.168000221252441,3.502000093460083,1857.0999755859375,506.25,1.990625023841858,1.026460886001587,2645.0,506.25,1.990625023841858,1.026460886001587,2645.0,506.25,1.990625023841858,1.026460886001587,2645.0
2026-09-08T08:58:00.000+08:00,375.09051513671875,9.686454772949219,12.3681640625,19.621891021728516,0.17796450853347778,381.5,6.107999801635742,3.48799991607666,1857.199951171875,506.25,1.990625023841858,1.025518774986267,2645.0,506.25,1.990625023841858,1.025518774986267,2645.0,506.25,1.990625023841858,1.025518774986267,2645.0
2026-09-08T08:59:00.000+08:00,369.6790771484375,9.645370483398438,12.395751953125,19.657278060913086,0.17784762382507324,381.29998779296875,6.111000061035156,3.4820001125335693,1857.199951171875,506.25,1.990625023841858,1.0275375843048096,2645.0,506.25,1.990625023841858,1.0275375843048096,2645.0,506.25,1.990625023841858,1.0275375843048096,2645.0
2026-09-08T09:00:00.000+08:00,375.0236511230469,9.626754760742188,12.423583984375,19.887224197387695,0.17564038932323456,380.8999938964844,6.090000152587891,3.4609999656677246,1857.300048828125,506.25,1.990625023841858,1.0298254489898682,2645.0,506.25,1.990625023841858,1.0298254489898682,2645.0,506.25,1.990625023841858,1.0298254489898682,2645.0
2026-09-08T09:01:00.000+08:00,369.1723327636719,9.628280639648438,12.423828125,20.352270126342773,0.1709883064031601,380.79998779296875,6.09499979019165,3.4649999141693115,1857.300048828125,506.25,1.990625023841858,1.0197317600250244,2645.0,506.25,1.990625023841858,1.0197317600250244,2645.0,506.25,1.990625023841858,1.0197317600250244,2645.0
2026-09-08T09:02:00.000+08:00,367.28143310546875,9.684928894042969,12.319580078125,19.34522819519043,0.17978593707084656,381.0,6.110000133514404,3.4749999046325684,1857.4000244140625,506.25,1.990625023841858,1.019327998161316,2645.0,506.25,1.990625023841858,1.019327998161316,2645.0,506.25,1.990625023841858,1.019327998161316,2645.0
2026-09-08T09:03:00.000+08:00,375.7025451660156,9.681732177734375,12.3681640625,20.73778533935547,0.1678096354007721,381.3999938964844,6.11899995803833,3.48799991607666,1857.5,506.25,2.0289063453674316,1.0323824882507324,2645.0,506.25,2.0289063453674316,1.0323824882507324,2645.0,506.25,2.0289063453674316,1.0323824882507324,2645.0
2026-09-08T09:04:00.000+08:00,371.7947082519531,9.641036987304688,12.382080078125,19.43546485900879,0.1790541112422943,382.0,6.085999965667725,3.489000082015991,1857.5,506.25,1.990625023841858,1.0218850374221802,2645.0,506.25,1.990625023841858,1.0218850374221802,2645.0,506.25,1.990625023841858,1.0218850374221802,2645.0
2026-09-08T09:05:00.000+08:00,365.85394287109375,9.65372085571289,12.3681640625,19.50078773498535,0.17886456847190857,381.8999938964844,6.0960001945495605,3.490000009536743,1857.5999755859375,506.25,1.990625023841858,1.0230963230133057,2645.0,506.25,1.990625023841858,1.0230963230133057,2645.0,506.25,1.990625023841858,1.0230963230133057,2645.0
2026-09-08T09:06:00.000+08:00,373.8135681152344,9.660846710205078,12.319580078125,20.330101013183594,0.17196176946163177,381.70001220703125,6.081999778747559,3.4779999256134033,1857.5999755859375,506.25,1.990625023841858,1.0214812755584717,2645.0,506.25,1.990625023841858,1.0214812755584717,2645.0,506.25,1.990625023841858,1.0214812755584717,2645.0
2026-09-08T09:07:00.000+08:00,367.9613037109375,9.71112060546875,12.361328125,19.8176212310791,0.17610590159893036,381.8999938964844,6.138000011444092,3.497999906539917,1857.699951171875,506.25,1.990625023841858,1.0243076086044312,2645.0,506.25,1.990625023841858,1.0243076086044312,2645.0,506.25,1.990625023841858,1.0243076086044312,2645.0
2026-09-08T09:08:00.000+08:00,362.800048828125,9.779792785644531,12.382080078125,19.34833526611328,0.178917795419693,382.29998779296875,6.11299991607666,3.505000114440918,1857.699951171875,509.765625,1.990625023841858,1.0304983854293823,2645.0,509.765625,1.990625023841858,1.0304983854293823,2645.0,509.765625,1.990625023841858,1.0304983854293823,2645.0
2026-09-08T09:09:00.000+08:00,371.81689453125,9.75283432006836,12.472412109375,19.448726654052734,0.17960046231746674,381.5,6.0980000495910645,3.4839999675750732,1857.800048828125,506.25,1.990625023841858,1.026326298713684,2645.0,506.25,1.990625023841858,1.026326298713684,2645.0,506.25,1.990625023841858,1.026326298713684,2645.0
2026-09-08T09:10:00.000+08:00,367.0172119140625,9.864452362060547,12.395751953125,18.61414337158203,0.18770673871040344,381.70001220703125,6.11299991607666,3.490000009536743,1857.9000244140625,506.25,1.990625023841858,1.025518774986267,2645.0,506.25,1.990625023841858,1.025518774986267,2645.0,506.25,1.990625023841858,1.025518774986267,2645.0
2026-09-08T09:11:00.000+08:00,381.7247314453125,9.821701049804688,12.4931640625,19.60065460205078,0.17785120010375977,382.20001220703125,6.119999885559082,3.5,1857.9000244140625,509.765625,1.990625023841858,1.02565336227417,2645.0,509.765625,1.990625023841858,1.02565336227417,2645.0,509.765625,1.990625023841858,1.02565336227417,2645.0
2026-09-08T09:12:00.000+08:00,385.55401611328125,9.869171142578125,12.4169921875,19.49148178100586,0.1795143187046051,381.79998779296875,6.125,3.5,1858.0,506.25,1.990625023841858,1.0260571241378784,2645.0,506.25,1.990625023841858,1.0260571241378784,2645.0,506.25,1.990625023841858,1.0260571241378784,2645.0
2026-09-08T09:13:00.000+08:00,385.7223815917969,9.85451889038086,12.4306640625,20.44525909423828,0.1712866574525833,381.8999938964844,6.114999771118164,3.48799991607666,1858.0,506.25,1.990625023841858,1.0252496004104614,2645.0,506.25,1.990625023841858,1.0252496004104614,2645.0,506.25,1.990625023841858,1.0252496004104614,2645.0
2026-09-08T09:14:00.000+08:00,378.4974670410156,9.862918853759766,12.409912109375,19.13376808166504,0.18234777450561523,381.8999938964844,6.110000133514404,3.4830000400543213,1858.0999755859375,506.25,1.990625023841858,1.0260571241378784,2645.0,506.25,1.990625023841858,1.0260571241378784,2645.0,506.25,1.990625023841858,1.0260571241378784,2645.0
2026-09-08T09:15:00.000+08:00,381.5065002441406,9.860118865966797,12.41015625,19.118576049804688,0.1824403703212738,382.0,6.114999771118164,3.4839999675750732,1858.199951171875,506.25,1.990625023841858,1.0267300605773926,2645.0,506.25,1.990625023841858,1.0267300605773926,2645.0,506.25,1.990625023841858,1.0267300605773926,2645.0
2026-09-08T09:16:00.000+08:00,378.9249267578125,9.858474731445312,12.4169921875,19.149152755737305,0.1818879395723343,382.0,6.140999794006348,3.505000114440918,1858.199951171875,506.25,1.990625023841858,1.0280758142471313,2645.0,506.25,1.990625023841858,1.0280758142471313,2645.0,506.25,1.990625023841858,1.0280758142471313,2645.0
2026-09-08T09:17:00.000+08:00,385.692138671875,9.850189208984375,12.382080078125,19.48126983642578,0.17945443093776703,382.20001220703125,6.111999988555908,3.497999906539917,1858.300048828125,509.765625,1.990625023841858,1.0268646478652954,2645.0,509.765625,1.990625023841858,1.0268646478652954,2645.0,509.765625,1.990625023841858,1.0268646478652954,2645.0
2026-09-08T09:18:00.000+08:00,379.6539611816406,9.821781158447266,12.382080078125,19.12932777404785,0.18270374834537506,382.29998779296875,6.110000133514404,3.505000114440918,1858.300048828125,509.765625,1.990625023841858,1.02565336227417,2645.0,509.765625,1.990625023841858,1.02565336227417,2645.0,509.765625,1.990625023841858,1.02565336227417,2645.0
2026-09-08T09:19:00.000+08:00,383.4354553222656,9.837200164794922,12.41015625,19.45449447631836,0.17980420589447021,382.70001220703125,6.129000186920166,3.50600004196167,1858.4000244140625,509.765625,1.990625023841858,1.0306329727172852,2645.0,509.765625,1.990625023841858,1.0306329727172852,2645.0,509.765625,1.990625023841858,1.0306329727172852,2645.0
2026-09-08T09:20:00.000+08:00,386.4475402832031,9.860511779785156,12.40283203125,19.846025466918945,0.17640811204910278,383.0,6.131999969482422,3.51200008392334,1858.4000244140625,509.765625,1.990625023841858,1.031844139099121,2645.0,509.765625,1.990625023841858,1.031844139099121,2645.0,509.765625,1.990625023841858,1.031844139099121,2645.0
2026-09-08T09:21:00.000+08:00,381.8902282714844,9.824577331542969,12.4033203125,19.581981658935547,0.17924641072750092,382.70001220703125,6.127999782562256,3.503999948501587,1858.5,509.765625,1.990625023841858,1.0302292108535767,2645.0,509.765625,1.990625023841858,1.0302292108535767,2645.0,509.765625,1.990625023841858,1.0302292108535767,2645.0
2026-09-08T09:22:00.000+08:00,387.68310546875,9.85171890258789,12.41015625,19.55580711364746,0.17912837862968445,382.70001220703125,6.123000144958496,3.507999897003174,1858.5999755859375,509.765625,1.990625023841858,1.0306329727172852,2645.0,509.765625,1.990625023841858,1.0306329727172852,2645.0,509.765625,1.990625023841858,1.0306329727172852,2645.0
2026-09-08T09:23:00.000+08:00,381.1004333496094,9.86407470703125,12.416748046875,19.499168395996094,0.17969997227191925,382.3999938964844,6.14900016784668,3.509000062942505,1858.5999755859375,509.765625,1.990625023841858,1.0298254489898682,2645.0,509.765625,1.990625023841858,1.0298254489898682,2645.0,509.765625,1.990625023841858,1.0298254489898682,2645.0
2026-09-08T09:24:00.000+08:00,390.81787109375,9.83074951171875,12.4794921875,19.838911056518555,0.17682422697544098,382.6000061035156,6.14900016784668,3.509000062942505,1858.699951171875,509.765625,1.990625023841858,1.0282104015350342,2645.0,509.765625,1.990625023841858,1.0282104015350342,2645.0,509.765625,1.990625023841858,1.0282104015350342,2645.0
2026-09-08T09:25:00.000+08:00,375.83477783203125,9.835468292236328,12.4375,18.896358489990234,0.18569715321063995,382.6000061035156,6.140999794006348,3.5160000324249268,1858.699951171875,509.765625,1.990625023841858,1.0310367345809937,2645.0,509.765625,1.990625023841858,1.0310367345809937,2645.0,509.765625,1.990625023841858,1.0310367345809937,2645.0
2026-09-08T09:26:00.000+08:00,387.7095642089844,9.822460174560547,12.4794921875,20.076784133911133,0.1747789978981018,382.5,6.139999866485596,3.509000062942505,1858.800048828125,509.765625,2.0289063453674316,1.0428799390792847,2645.0,509.765625,2.0289063453674316,1.0428799390792847,2645.0,509.765625,2.0289063453674316,1.0428799390792847,2645.0
2026-09-08T09:27:00.000+08:00,381.84539794921875,9.824382781982422,12.472412109375,19.665491104125977,0.17843438684940338,382.8999938964844,6.132999897003174,3.510999917984009,1858.9000244140625,509.765625,2.0289063453674316,1.0364199876785278,2645.0,509.765625,2.0289063453674316,1.0364199876785278,2645.0,509.765625,2.0289063453674316,1.0364199876785278,2645.0
2026-09-08T09:28:00.000+08:00,390.3054504394531,9.840679168701172,12.4375,19.534526824951172,0.17932350933551788,382.70001220703125,6.145999908447266,3.5160000324249268,1858.9000244140625,509.765625,1.990625023841858,1.0339975357055664,2645.0,509.765625,1.990625023841858,1.0339975357055664,2645.0,509.765625,1.990625023841858,1.0339975357055664,2645.0
2026-09-08T09:29:00.000+08:00,387.3453674316406,9.772209167480469,12.444580078125,20.433979034423828,0.17245784401893616,382.79998779296875,6.1519999504089355,3.5190000534057617,1859.0,509.765625,1.990625023841858,1.033593773841858,2645.0,509.765625,1.990625023841858,1.033593773841858,2645.0,509.765625,1.990625023841858,1.033593773841858,2645.0
2026-09-08T09:30:00.000+08:00,377.3118591308594,9.777301788330078,12.486328125,19.74671745300293,0.17825746536254883,383.1000061035156,6.164000034332275,3.5190000534057617,1859.0,509.765625,1.990625023841858,1.033593773841858,2645.0,509.765625,1.990625023841858,1.033593773841858,2645.0,509.765625,1.990625023841858,1.033593773841858,2645.0
2026-09-08T09:31:00.000+08:00,382.4410095214844,9.76864242553711,12.472412109375,19.831953048706055,0.17754176259040833,382.8999938964844,6.123000144958496,3.515000104904175,1859.0999755859375,509.765625,1.990625023841858,1.032786250114441,2645.0,509.765625,1.990625023841858,1.032786250114441,2645.0,509.765625,1.990625023841858,1.032786250114441,2645.0
2026-09-08T09:32:00.000+08:00,391.6657409667969,9.814193725585938,12.486328125,20.41193389892578,0.17269308865070343,382.70001220703125,6.14300012588501,3.5160000324249268,1859.0999755859375,509.765625,1.990625023841858,1.031978726387024,2645.0,509.765625,1.990625023841858,1.031978726387024,2645.0,509.765625,1.990625023841858,1.031978726387024,2645.0
2026-09-08T09:33:00.000+08:00,381.8085632324219,9.75283432006836,12.486328125,20.482547760009766,0.17180480062961578,382.6000061035156,6.109000205993652,3.506999969482422,1859.199951171875,509.765625,1.990625023841858,1.0352087020874023,2645.0,509.765625,1.990625023841858,1.0352087020874023,2645.0,509.765625,1.990625023841858,1.0352087020874023,2645.0
2026-09-08T09:34:00.000+08:00,372.5013427734375,9.841835021972656,12.444580078125,19.749439239501953,0.1780303716659546,382.79998779296875,6.125,3.5169999599456787,1859.300048828125,509.765625,1.990625023841858,1.0339975357055664,2645.0,509.765625,1.990625023841858,1.0339975357055664,2645.0,509.765625,1.990625023841858,1.0339975357055664,2645.0
2026-09-08T09:35:00.000+08:00,375.0880126953125,9.839431762695312,12.458251953125,19.979839324951172,0.1755269318819046,382.79998779296875,6.144999980926514,3.5220000743865967,1859.300048828125,509.765625,1.990625023841858,1.0364199876785278,2645.0,509.765625,1.990625023841858,1.0364199876785278,2645.0,509.765625,1.990625023841858,1.0364199876785278,2645.0
2026-09-08T09:36:00.000+08:00,389.00848388671875,9.818134307861328,12.479248046875,20.463829040527344,0.17186421155929565,382.70001220703125,6.1539998054504395,3.5239999294281006,1859.4000244140625,509.765625,1.990625023841858,1.0303637981414795,2645.0,509.765625,1.990625023841858,1.0303637981414795,2645.0,509.765625,1.990625023841858,1.0303637981414795,2645.0
2026-09-08T09:37:00.000+08:00,373.2506103515625,9.812923431396484,12.4931640625,19.287853240966797,0.1824982762336731,383.0,6.14900016784668,3.5239999294281006,1859.4000244140625,509.765625,1.990625023841858,1.031978726387024,2646.0,509.765625,1.990625023841858,1.031978726387024,2646.0,509.765625,1.990625023841858,1.031978726387024,2646.0
2026-09-08T09:38:00.000+08:00,385.7470397949219,9.83343505859375,12.4931640625,20.176408767700195,0.17421336472034454,383.0,6.13700008392334,3.5309998989105225,1859.5,509.765625,1.990625023841858,1.0349395275115967,2646.0,509.765625,1.990625023841858,1.0349395275115967,2646.0,509.765625,1.990625023841858,1.0349395275115967,2646.0
2026-09-08T09:39:00.000+08:00,385.4266662597656,9.826812744140625,12.444580078125,19.49834632873535,0.18037427961826324,382.8999938964844,6.14900016784668,3.5209999084472656,1859.5999755859375,509.765625,1.990625023841858,1.0331900119781494,2646.0,509.765625,1.990625023841858,1.0331900119781494,2646.0,509.765625,1.990625023841858,1.0331900119781494,2646.0
2026-09-08T09:40:00.000+08:00,381.1727600097656,9.819290161132812,12.409912109375,20.006797790527344,0.17599019408226013,383.0,6.144000053405762,3.5250000953674316,1859.5999755859375,509.765625,1.990625023841858,1.033593773841858,2646.0,509.765625,1.990625023841858,1.033593773841858,2646.0,509.765625,1.990625023841858,1.033593773841858,2646.0
2026-09-08T09:41:00.000+08:00,377.9953308105469,9.872657775878906,12.4658203125,19.64204216003418,0.17936016619205475,382.8999938964844,6.145999908447266,3.5169999599456787,1859.699951171875,509.765625,1.990625023841858,1.031978726387024,2646.0,509.765625,1.990625023841858,1.031978726387024,2646.0,509.765625,1.990625023841858,1.031978726387024,2646.0
2026-09-08T09:42:00.000+08:00,377.7438049316406,9.776165008544922,12.486083984375,19.07225227355957,0.18482346832752228,383.0,6.133999824523926,3.5190000534057617,1859.699951171875,509.765625,1.990625023841858,1.034401297569275,2646.0,509.765625,1.990625023841858,1.034401297569275,2646.0,509.765625,1.990625023841858,1.034401297569275,2646.0
2026-09-08T09:43:00.000+08:00,385.7427978515625,9.77346420288086,12.486328125,19.84705924987793,0.17720510065555573,383.6000061035156,6.165999889373779,3.5409998893737793,1859.800048828125,509.765625,1.990625023841858,1.034401297569275,2646.0,509.765625,1.990625023841858,1.034401297569275,2646.0,509.765625,1.990625023841858,1.034401297569275,2646.0
2026-09-08T09:44:00.000+08:00,383.3406066894531,9.75986099243164,12.472412109375,20.611507415771484,0.1707298755645752,383.20001220703125,6.150000095367432,3.5199999809265137,1859.9000244140625,509.765625,1.990625023841858,1.034401297569275,2646.0,509.765625,1.990625023841858,1.034401297569275,2646.0,509.765625,1.990625023841858,1.034401297569275,2646.0
2026-09-08T09:45:00.000+08:00,375.44207763671875,9.752460479736328,12.4375,19.938684463500977,0.17759446799755096,382.8999938964844,6.131999969482422,3.51200008392334,1859.9000244140625,509.765625,1.990625023841858,1.032786250114441,2646.0,509.765625,1.990625023841858,1.032786250114441,2646.0,509.765625,1.990625023841858,1.032786250114441,2646.0
2026-09-08T09:46:00.000+08:00,375.1891784667969,9.810237884521484,12.4169921875,19.96767807006836,0.17673562467098236,382.6000061035156,6.139999866485596,3.507999897003174,1860.0,509.765625,1.990625023841858,1.033593773841858,2646.0,509.765625,1.990625023841858,1.033593773841858,2646.0,509.765625,1.990625023841858,1.033593773841858,2646.0
2026-09-08T09:47:00.000+08:00,390.60235595703125,9.812156677246094,12.4306640625,21.024484634399414,0.1671384572982788,382.70001220703125,6.171000003814697,3.509999990463257,1860.0,509.765625,1.990625023841858,1.031844139099121,2646.0,509.765625,1.990625023841858,1.031844139099121,2646.0,509.765625,1.990625023841858,1.031844139099121,2646.0
2026-09-08T09:48:00.000+08:00,388.0963134765625,9.801952362060547,12.4306640625,20.840362548828125,0.16842316091060638,382.29998779296875,6.125999927520752,3.503999948501587,1860.0999755859375,509.765625,1.990625023841858,1.0310367345809937,2646.0,509.765625,1.990625023841858,1.0310367345809937,2646.0,509.765625,1.990625023841858,1.0310367345809937,2646.0
2026-09-08T09:49:00.000+08:00,386.61492919921875,9.754867553710938,12.4931640625,19.87958335876465,0.17676426470279694,382.70001220703125,6.151000022888184,3.51200008392334,1860.0999755859375,509.765625,1.990625023841858,1.033593773841858,2646.0,509.765625,1.990625023841858,1.033593773841858,2646.0,509.765625,1.990625023841858,1.033593773841858,2646.0
2026-09-08T09:50:00.000+08:00,394.4156494140625,9.755634307861328,12.472412109375,20.560144424438477,0.17052410542964935,382.70001220703125,6.151000022888184,3.509000062942505,1860.199951171875,509.765625,1.990625023841858,1.0294216871261597,2646.0,509.765625,1.990625023841858,1.0294216871261597,2646.0,509.765625,1.990625023841858,1.0294216871261597,2646.0
2026-09-08T09:51:00.000+08:00,389.89764404296875,9.84897232055664,12.479248046875,21.183595657348633,0.16564704477787018,382.79998779296875,6.175000190734863,3.5179998874664307,1860.300048828125,509.765625,1.990625023841858,1.033593773841858,2646.0,509.765625,1.990625023841858,1.033593773841858,2646.0,509.765625,1.990625023841858,1.033593773841858,2646.0
2026-09-08T09:52:00.000+08:00,381.1563720703125,9.858783721923828,12.4931640625,20.545934677124023,0.17078803479671478,382.8999938964844,6.173999786376953,3.5179998874664307,1860.300048828125,509.765625,1.990625023841858,1.0352087020874023,2646.0,509.765625,1.990625023841858,1.0352087020874023,2646.0,509.765625,1.990625023841858,1.0352087020874023,2646.0
2026-09-08T09:53:00.000+08:00,388.2159423828125,9.842231750488281,12.444580078125,20.260177612304688,0.1736411303281784,382.6000061035156,6.159999847412109,3.51200008392334,1860.4000244140625,509.765625,1.990625023841858,1.0310367345809937,2646.0,509.765625,1.990625023841858,1.0310367345809937,2646.0,509.765625,1.990625023841858,1.0310367345809937,2646.0
2026-09-08T09:54:00.000+08:00,383.9429016113281,9.813720703125,12.541748046875,20.068445205688477,0.17530009150505066,382.79998779296875,6.140999794006348,3.509000062942505,1860.4000244140625,509.765625,1.990625023841858,1.0330554246902466,2646.0,509.765625,1.990625023841858,1.0330554246902466,2646.0,509.765625,1.990625023841858,1.0330554246902466,2646.0
2026-09-08T09:55:00.000+08:00,383.8650817871094,9.887680053710938,12.513916015625,19.993194580078125,0.17565977573394775,381.8999938964844,6.136000156402588,3.499000072479248,1860.5,509.765625,1.990625023841858,1.02565336227417,2646.0,509.765625,1.990625023841858,1.02565336227417,2646.0,509.765625,1.990625023841858,1.02565336227417,2646.0
2026-09-08T09:56:00.000+08:00,378.6755676269531,9.857254028320312,12.45849609375,20.442419052124023,0.1716528832912445,382.70001220703125,6.119999885559082,3.509000062942505,1860.5999755859375,509.765625,2.0289063453674316,1.0338629484176636,2646.0,509.765625,2.0289063453674316,1.0338629484176636,2646.0,509.765625,2.0289063453674316,1.0338629484176636,2646.0
2026-09-08T09:57:00.000+08:00,386.96075439453125,9.827186584472656,12.472412109375,20.606494903564453,0.17009200155735016,382.29998779296875,6.123000144958496,3.502000093460083,1860.5999755859375,509.765625,1.990625023841858,1.0260571241378784,2646.0,509.765625,1.990625023841858,1.0260571241378784,2646.0,509.765625,1.990625023841858,1.0260571241378784,2646.0
2026-09-08T09:58:00.000+08:00,389.1875305175781,9.85049819946289,12.4794921875,20.30690574645996,0.17225666344165802,382.5,6.117000102996826,3.505000114440918,1860.699951171875,509.765625,1.990625023841858,1.0284795761108398,2646.0,509.765625,1.990625023841858,1.0284795761108398,2646.0,509.765625,1.990625023841858,1.0284795761108398,2646.0
2026-09-08T09:59:00.000+08:00,388.40179443359375,9.825576782226562,12.5419921875,20.131208419799805,0.1738097220659256,382.29998779296875,6.125,3.500999927520752,1860.699951171875,509.765625,1.990625023841858,1.0268646478652954,2646.0,509.765625,1.990625023841858,1.0268646478652954,2646.0,509.765625,1.990625023841858,1.0268646478652954,2646.0
2026-09-08T10:00:00.000+08:00,395.22119140625,9.857254028320312,12.4658203125,20.555559158325195,0.17056213319301605,382.5,6.151000022888184,3.499000072479248,1860.800048828125,509.765625,1.990625023841858,1.0310367345809937,2646.0,509.765625,1.990625023841858,1.0310367345809937,2646.0,509.765625,1.990625023841858,1.0310367345809937,2646.0
2026-09-08T10:01:00.000+08:00,393.09716796875,9.831512451171875,12.472412109375,21.149991989135742,0.16557925939559937,382.70001220703125,6.125999927520752,3.499000072479248,1860.800048828125,509.765625,1.990625023841858,1.0306329727172852,2646.0,509.765625,1.990625023841858,1.0306329727172852,2646.0,509.765625,1.990625023841858,1.0306329727172852,2646.0
2026-09-08T10:02:00.000+08:00,391.58782958984375,9.841835021972656,12.479248046875,20.267475128173828,0.17264114320278168,382.79998779296875,6.133999824523926,3.50600004196167,1860.9000244140625,509.765625,1.990625023841858,1.0306329727172852,2646.0,509.765625,1.990625023841858,1.0306329727172852,2646.0,509.765625,1.990625023841858,1.0306329727172852,2646.0
2026-09-08T10:03:00.000+08:00,384.1240539550781,9.77065658569336,12.486328125,20.127601623535156,0.17413899302482605,382.5,6.159999847412109,3.50600004196167,1861.0,509.765625,1.990625023841858,1.0302292108535767,2646.0,509.765625,1.990625023841858,1.0302292108535767,2646.0,509.765625,1.990625023841858,1.0302292108535767,2646.0
2026-09-08T10:04:00.000+08:00,400.66485595703125,9.682498931884766,12.3408203125,20.792802810668945,0.16861604154109955,382.6000061035156,6.125999927520752,3.503000020980835,1861.0,509.765625,1.990625023841858,1.0302292108535767,2646.0,509.765625,1.990625023841858,1.0302292108535767,2646.0,509.765625,1.990625023841858,1.0302292108535767,2646.0
2026-09-08T10:05:00.000+08:00,394.34857177734375,9.51690673828125,12.257080078125,21.10369300842285,0.16613206267356873,382.8999938964844,6.129000186920166,3.5139999389648438,1861.0999755859375,509.765625,1.990625023841858,1.0310367345809937,2646.0,509.765625,1.990625023841858,1.0310367345809937,2646.0,509.765625,1.990625023841858,1.0310367345809937,2646.0
2026-09-08T10:06:00.000+08:00,397.83502197265625,9.505077362060547,12.3056640625,21.183345794677734,0.16546016931533813,382.6000061035156,6.123000144958496,3.510999917984009,1861.0999755859375,509.765625,1.990625023841858,1.0290179252624512,2646.0,509.765625,1.990625023841858,1.0290179252624512,2646.0,509.765625,1.990625023841858,1.0290179252624512,2646.0
2026-09-08T10:07:00.000+08:00,390.81744384765625,9.545551300048828,12.208251953125,21.2397518157959,0.1656799018383026,382.29998779296875,6.114999771118164,3.494999885559082,1861.199951171875,509.765625,1.990625023841858,1.027268409729004,2646.0,509.765625,1.990625023841858,1.027268409729004,2646.0,509.765625,1.990625023841858,1.027268409729004,2646.0
2026-09-08T10:08:00.000+08:00,389.341552734375,9.547805786132812,12.236328125,20.27831268310547,0.17279544472694397,381.70001220703125,6.131999969482422,3.48799991607666,1861.300048828125,506.25,1.990625023841858,1.02471125125885,2646.0,506.25,1.990625023841858,1.02471125125885,2646.0,506.25,1.990625023841858,1.02471125125885,2646.0
2026-09-08T10:09:00.000+08:00,400.1667175292969,9.483818054199219,12.3056640625,21.07861328125,0.16604506969451904,382.1000061035156,6.151000022888184,3.500999927520752,1861.300048828125,509.765625,1.990625023841858,1.026460886001587,2646.0,509.765625,1.990625023841858,1.026460886001587,2646.0,509.765625,1.990625023841858,1.026460886001587,2646.0
2026-09-08T10:10:00.000+08:00,395.7563781738281,9.508636474609375,12.25,21.274015426635742,0.16390886902809143,382.3999938964844,6.130000114440918,3.509999990463257,1861.4000244140625,509.765625,1.990625023841858,1.0298254489898682,2646.0,509.765625,1.990625023841858,1.0298254489898682,2646.0,509.765625,1.990625023841858,1.0298254489898682,2646.0
2026-09-08T10:11:00.000+08:00,406.67620849609375,9.623779296875,12.28515625,23.09174919128418,0.1516992151737213,382.3999938964844,6.129000186920166,3.505000114440918,1861.4000244140625,509.765625,1.990625023841858,1.0302292108535767,2646.0,509.765625,1.990625023841858,1.0302292108535767,2646.0,509.765625,1.990625023841858,1.0302292108535767,2646.0
2026-09-08T10:12:00.000+08:00,380.8995056152344,9.664413452148438,12.347412109375,20.9811954498291,0.16691136360168457,382.0,6.13100004196167,3.492000102996826,1861.5,506.25,1.990625023841858,1.0288833379745483,2646.0,506.25,1.990625023841858,1.0288833379745483,2646.0,506.25,1.990625023841858,1.0288833379745483,2646.0
2026-09-08T10:13:00.000+08:00,375.60546875,9.673835754394531,12.34033203125,19.833845138549805,0.17671813070774078,381.8999938964844,6.125,3.500999927520752,1861.5,506.25,1.990625023841858,1.0235000848770142,2646.0,506.25,1.990625023841858,1.0235000848770142,2646.0,506.25,1.990625023841858,1.0235000848770142,2646.0
2026-09-08T10:14:00.000+08:00,376.0106506347656,9.684928894042969,12.423583984375,20.016550064086914,0.1744556427001953,381.70001220703125,6.160999774932861,3.496999979019165,1861.5999755859375,506.25,1.990625023841858,1.0284795761108398,2646.0,506.25,1.990625023841858,1.0284795761108398,2646.0,506.25,1.990625023841858,1.0284795761108398,2646.0
2026-09-08T10:15:00.000+08:00,376.8526611328125,9.563552856445312,12.326416015625,19.806659698486328,0.17675873637199402,381.8999938964844,6.138999938964844,3.496999979019165,1861.699951171875,506.25,1.990625023841858,1.027268409729004,2646.0,506.25,1.990625023841858,1.027268409729004,2646.0,506.25,1.990625023841858,1.027268409729004,2646.0
2026-09-08T10:16:00.000+08:00,384.2120361328125,9.617786407470703,12.3056640625,20.372093200683594,0.17146004736423492,381.6000061035156,6.123000144958496,3.496999979019165,1861.699951171875,506.25,1.990625023841858,1.0296908617019653,2646.0,506.25,1.990625023841858,1.0296908617019653,2646.0,506.25,1.990625023841858,1.0296908617019653,2646.0
2026-09-08T10:17:00.000+08:00,380.25701904296875,9.56674575805664,12.3408203125,20.68058967590332,0.16904740035533905,381.70001220703125,6.117000102996826,3.492000102996826,1861.800048828125,506.25,1.990625023841858,1.0243076086044312,2646.0,506.25,1.990625023841858,1.0243076086044312,2646.0,506.25,1.990625023841858,1.0243076086044312,2646.0
2026-09-08T10:18:00.000+08:00,384.08172607421875,9.573131561279297,12.34765625,21.318492889404297,0.16384835541248322,381.29998779296875,6.113999843597412,3.490000009536743,1861.800048828125,506.25,1.990625023841858,1.0267300605773926,2646.0,506.25,1.990625023841858,1.0267300605773926,2646.0,506.25,1.990625023841858,1.0267300605773926,2646.0
2026-09-08T10:19:00.000+08:00,384.1414489746094,9.563552856445312,12.3681640625,20.8228816986084,0.16750803589820862,381.0,6.0879998207092285,3.4760000705718994,1861.9000244140625,506.25,1.990625023841858,1.0198663473129272,2646.0,506.25,1.990625023841858,1.0198663473129272,2646.0,506.25,1.990625023841858,1.0198663473129272,2646.0
2026-09-08T10:20:00.000+08:00,392.94342041015625,9.543804168701172,12.27099609375,21.600805282592773,0.16142916679382324,382.1000061035156,6.113999843597412,3.496999979019165,1862.0,506.25,1.990625023841858,1.0240384340286255,2646.0,506.25,1.990625023841858,1.0240384340286255,2646.0,506.25,1.990625023841858,1.0240384340286255,2646.0
2026-09-08T10:21:00.000+08:00,386.35986328125,9.569942474365234,12.3125,21.49974250793457,0.16195543110370636,382.0,6.122000217437744,3.5,1862.0,509.765625,1.990625023841858,1.0298254489898682,2646.0,509.765625,1.990625023841858,1.0298254489898682,2646.0,509.765625,1.990625023841858,1.0298254489898682,2646.0
2026-09-08T10:22:00.000+08:00,381.2701721191406,9.591064453125,12.298583984375,20.63085174560547,0.16950343549251556,382.1000061035156,6.119999885559082,3.499000072479248,1862.0999755859375,509.765625,1.990625023841858,1.0298254489898682,2646.0,509.765625,1.990625023841858,1.0298254489898682,2646.0,509.765625,1.990625023841858,1.0298254489898682,2646.0
2026-09-08T10:23:00.000+08:00,378.5965576171875,9.588985443115234,12.25,20.752099990844727,0.16865763068199158,382.20001220703125,6.118000030517578,3.499000072479248,1862.0999755859375,509.765625,2.0289063453674316,1.0411304235458374,2646.0,509.765625,2.0289063453674316,1.0411304235458374,2646.0,509.765625,2.0289063453674316,1.0411304235458374,2646.0
2026-09-08T10:24:00.000+08:00,385.6722717285156,9.590126037597656,12.298828125,20.79531478881836,0.1683071404695511,382.29998779296875,6.11899995803833,3.500999927520752,1862.199951171875,509.765625,1.990625023841858,1.0322479009628296,2646.0,509.765625,1.990625023841858,1.0322479009628296,2646.0,509.765625,1.990625023841858,1.0322479009628296,2646.0
2026-09-08T10:25:00.000+08:00,392.39849853515625,9.613067626953125,12.298828125,20.905868530273438,0.1675606071949005,381.6000061035156,6.138999938964844,3.5,1862.199951171875,506.25,1.990625023841858,1.027268409729004,2646.0,506.25,1.990625023841858,1.027268409729004,2646.0,506.25,1.990625023841858,1.027268409729004,2646.0
2026-09-08T10:26:00.000+08:00,392.8531494140625,9.563179016113281,12.3125,21.157915115356445,0.16584809124469757,381.6000061035156,6.122000217437744,3.492000102996826,1862.300048828125,506.25,1.990625023841858,1.02471125125885,2646.0,506.25,1.990625023841858,1.02471125125885,2646.0,506.25,1.990625023841858,1.02471125125885,2646.0
2026-09-08T10:27:00.000+08:00,391.7603759765625,9.677032470703125,12.3681640625,20.829082489013672,0.16731412708759308,381.6000061035156,6.114999771118164,3.492000102996826,1862.4000244140625,506.25,1.990625023841858,1.0235000848770142,2646.0,506.25,1.990625023841858,1.0235000848770142,2646.0,506.25,1.990625023841858,1.0235000848770142,2646.0
2026-09-08T10:28:00.000+08:00,401.9677429199219,9.670780181884766,12.3681640625,21.445232391357422,0.16278676688671112,381.3999938964844,6.099999904632568,3.4809999465942383,1862.4000244140625,506.25,1.990625023841858,1.0239038467407227,2646.0,506.25,1.990625023841858,1.0239038467407227,2646.0,506.25,1.990625023841858,1.0239038467407227,2646.0
2026-09-08T10:29:00.000+08:00,395.4730224609375,9.589691162109375,12.347412109375,21.395458221435547,0.16349264979362488,381.8999938964844,6.124000072479248,3.496999979019165,1862.5,506.25,1.990625023841858,1.0240384340286255,2646.0,506.25,1.990625023841858,1.0240384340286255,2646.0,506.25,1.990625023841858,1.0240384340286255,2646.0
2026-09-08T10:30:00.000+08:00,392.5347595214844,9.633125305175781,12.416748046875,21.008230209350586,0.1657445728778839,382.70001220703125,6.130000114440918,3.51200008392334,1862.5,509.765625,1.990625023841858,1.031844139099121,2646.0,509.765625,1.990625023841858,1.031844139099121,2646.0,509.765625,1.990625023841858,1.031844139099121,2646.0
2026-09-08T10:31:00.000+08:00,392.44952392578125,9.652950286865234,12.3544921875,21.473493576049805,0.16285192966461182,382.1000061035156,6.145999908447266,3.510999917984009,1862.5999755859375,509.765625,1.990625023841858,1.0284795761108398,2646.0,509.765625,1.990625023841858,1.0284795761108398,2646.0,509.765625,1.990625023841858,1.0284795761108398,2646.0
2026-09-08T10:32:00.000+08:00,389.27685546875,9.667980194091797,12.3125,21.349720001220703,0.16449864208698273,380.8999938964844,6.127999782562256,3.4839999675750732,1862.699951171875,506.25,1.990625023841858,1.0239038467407227,2646.0,506.25,1.990625023841858,1.0239038467407227,2646.0,506.25,1.990625023841858,1.0239038467407227,2646.0
2026-09-08T10:33:00.000+08:00,393.92120361328125,9.633651733398438,12.39599609375,21.149873733520508,0.1660057157278061,381.0,6.129000186920166,3.4769999980926514,1862.699951171875,506.25,1.990625023841858,1.0205392837524414,2646.0,506.25,1.990625023841858,1.0205392837524414,2646.0,506.25,1.990625023841858,1.0205392837524414,2646.0
2026-09-08T10:34:00.000+08:00,396.8832702636719,9.704303741455078,12.4306640625,21.30713653564453,0.16351328790187836,381.0,6.150000095367432,3.4839999675750732,1862.800048828125,506.25,1.990625023841858,1.0217504501342773,2646.0,506.25,1.990625023841858,1.0217504501342773,2646.0,506.25,1.990625023841858,1.0217504501342773,2646.0
2026-09-08T10:35:00.000+08:00,401.4980773925781,9.668289184570312,12.388916015625,21.253097534179688,0.16407020390033722,381.1000061035156,6.132999897003174,3.489000082015991,1862.800048828125,506.25,1.990625023841858,1.016501784324646,2647.0,506.25,1.990625023841858,1.016501784324646,2647.0,506.25,1.990625023841858,1.016501784324646,2647.0
2026-09-08T10:36:00.000+08:00,401.53973388671875,9.65872573852539,12.4306640625,21.236581802368164,0.16405652463436127,381.1000061035156,6.089000225067139,3.4739999771118164,1862.9000244140625,506.25,1.990625023841858,1.02471125125885,2647.0,506.25,1.990625023841858,1.02471125125885,2647.0,506.25,1.990625023841858,1.02471125125885,2647.0
2026-09-08T10:37:00.000+08:00,392.4384765625,9.644973754882812,12.39599609375,21.202829360961914,0.16403470933437347,380.79998779296875,6.107999801635742,3.4660000801086426,1862.9000244140625,506.25,1.990625023841858,1.0189242362976074,2647.0,506.25,1.990625023841858,1.0189242362976074,2647.0,506.25,1.990625023841858,1.0189242362976074,2647.0
2026-09-08T10:38:00.000+08:00,390.83056640625,9.668289184570312,12.39599609375,21.359411239624023,0.16297265887260437,380.70001220703125,6.124000072479248,3.4709999561309814,1863.0,506.25,1.990625023841858,1.0177130699157715,2647.0,506.25,1.990625023841858,1.0177130699157715,2647.0,506.25,1.990625023841858,1.0177130699157715,2647.0
2026-09-08T10:39:00.000+08:00,401.7008056640625,9.731178283691406,12.423828125,21.981515884399414,0.1583603173494339,381.79998779296875,6.127999782562256,3.5,1863.0999755859375,506.25,1.990625023841858,1.0252496004104614,2647.0,506.25,1.990625023841858,1.0252496004104614,2647.0,506.25,1.990625023841858,1.0252496004104614,2647.0
2026-09-08T10:40:00.000+08:00,403.0535583496094,9.740608215332031,12.409912109375,21.81368637084961,0.15925781428813934,381.5,6.13100004196167,3.490999937057495,1863.0999755859375,506.25,1.990625023841858,1.0235000848770142,2647.0,506.25,1.990625023841858,1.0235000848770142,2647.0,506.25,1.990625023841858,1.0235000848770142,2647.0
2026-09-08T10:41:00.000+08:00,403.0359802246094,9.644973754882812,12.4306640625,21.532392501831055,0.1625458002090454,381.29998779296875,6.118000030517578,3.4830000400543213,1863.199951171875,506.25,1.990625023841858,1.0214812755584717,2647.0,506.25,1.990625023841858,1.0214812755584717,2647.0,506.25,1.990625023841858,1.0214812755584717,2647.0
2026-09-08T10:42:00.000+08:00,412.3083801269531,9.774700164794922,12.388916015625,21.836788177490234,0.15986782312393188,380.6000061035156,6.122000217437744,3.4760000705718994,1863.199951171875,506.25,1.990625023841858,1.0253841876983643,2647.0,506.25,1.990625023841858,1.0253841876983643,2647.0,506.25,1.990625023841858,1.0253841876983643,2647.0
2026-09-08T10:43:00.000+08:00,413.18829345703125,9.865917205810547,12.4375,22.837547302246094,0.1598995178937912,381.20001220703125,6.11299991607666,3.4800000190734863,1863.300048828125,506.25,1.990625023841858,1.0214812755584717,2647.0,506.25,1.990625023841858,1.0214812755584717,2647.0,506.25,1.990625023841858,1.0214812755584717,2647.0
2026-09-08T10:44:00.000+08:00,420.94598388671875,9.849342346191406,12.4375,22.052082061767578,0.15803496539592743,381.0,6.122000217437744,3.4769999980926514,1863.300048828125,506.25,1.990625023841858,1.0226925611495972,2647.0,506.25,1.990625023841858,1.0226925611495972,2647.0,506.25,1.990625023841858,1.0226925611495972,2647.0
2026-09-08T10:45:00.000+08:00,406.57733154296875,9.845405578613281,12.4375,21.64881134033203,0.16074785590171814,381.20001220703125,6.099999904632568,3.4830000400543213,1863.4000244140625,506.25,1.990625023841858,1.0226925611495972,2647.0,506.25,1.990625023841858,1.0226925611495972,2647.0,506.25,1.990625023841858,1.0226925611495972,2647.0
2026-09-08T10:46:00.000+08:00,419.09716796875,9.861274719238281,12.40283203125,21.459022521972656,0.16202974319458008,380.29998779296875,6.116000175476074,3.4600000381469727,1863.5,506.25,1.990625023841858,1.019327998161316,2647.0,506.25,1.990625023841858,1.019327998161316,2647.0,506.25,1.990625023841858,1.019327998161316,2647.0
2026-09-08T10:47:00.000+08:00,417.2207946777344,9.865726470947266,12.375,21.55832290649414,0.16151534020900726,380.70001220703125,6.107999801635742,3.4719998836517334,1863.5,506.25,2.0289063453674316,1.0356124639511108,2647.0,506.25,2.0289063453674316,1.0356124639511108,2647.0,506.25,2.0289063453674316,1.0356124639511108,2647.0
2026-09-08T10:48:00.000+08:00,415.9354553222656,9.865352630615234,12.388916015625,21.90796661376953,0.15852680802345276,381.1000061035156,6.132999897003174,3.4820001125335693,1863.5999755859375,506.25,1.990625023841858,1.0226925611495972,2647.0,506.25,1.990625023841858,1.0226925611495972,2647.0,506.25,1.990625023841858,1.0226925611495972,2647.0
2026-09-08T10:49:00.000+08:00,418.8074951171875,9.860885620117188,12.41015625,20.989755630493164,0.16550931334495544,381.0,6.123000144958496,3.48799991607666,1863.5999755859375,506.25,1.990625023841858,1.0214812755584717,2647.0,506.25,1.990625023841858,1.0214812755584717,2647.0,506.25,1.990625023841858,1.0214812755584717,2647.0
2026-09-08T10:50:00.000+08:00,425.1021423339844,9.855110168457031,12.3681640625,21.285120010375977,0.16377638280391693,381.3999938964844,6.104000091552734,3.4839999675750732,1863.699951171875,506.25,1.990625023841858,1.0235000848770142,2647.0,506.25,1.990625023841858,1.0235000848770142,2647.0,506.25,1.990625023841858,1.0235000848770142,2647.0
2026-09-08T10:51:00.000+08:00,426.9766540527344,9.83120346069336,12.4169921875,21.596763610839844,0.16150568425655365,381.1000061035156,6.13100004196167,3.4860000610351562,1863.800048828125,506.25,1.990625023841858,1.0243076086044312,2647.0,506.25,1.990625023841858,1.0243076086044312,2647.0,506.25,1.990625023841858,1.0243076086044312,2647.0
2026-09-08T10:52:00.000+08:00,436.4488220214844,9.877265930175781,12.4306640625,21.23568344116211,0.1640634834766388,380.79998779296875,6.13100004196167,3.48799991607666,1863.800048828125,506.25,1.990625023841858,1.0243076086044312,2647.0,506.25,1.990625023841858,1.0243076086044312,2647.0,506.25,1.990625023841858,1.0243076086044312,2647.0
2026-09-08T10:53:00.000+08:00,436.2500915527344,9.874858856201172,12.4306640625,22.57457733154297,0.1546872854232788,380.8999938964844,6.118000030517578,3.4779999256134033,1863.9000244140625,506.25,1.990625023841858,1.0198663473129272,2647.0,506.25,1.990625023841858,1.0198663473129272,2647.0,506.25,1.990625023841858,1.0198663473129272,2647.0
2026-09-08T10:54:00.000+08:00,440.7254333496094,9.862632751464844,12.3408203125,21.749055862426758,0.16032880544662476,381.1000061035156,6.127999782562256,3.486999988555908,1863.9000244140625,506.25,1.990625023841858,1.0230963230133057,2647.0,506.25,1.990625023841858,1.0230963230133057,2647.0,506.25,1.990625023841858,1.0230963230133057,2647.0
2026-09-08T10:55:00.000+08:00,429.7634582519531,9.823421478271484,12.416748046875,20.856534957885742,0.16747747361660004,381.5,6.14300012588501,3.499000072479248,1864.0,506.25,1.990625023841858,1.026460886001587,2647.0,506.25,1.990625023841858,1.026460886001587,2647.0,506.25,1.990625023841858,1.026460886001587,2647.0
2026-09-08T10:56:00.000+08:00,441.47039794921875,9.851463317871094,12.39599609375,22.043907165527344,0.15841111540794373,381.3999938964844,6.1529998779296875,3.500999927520752,1864.0,506.25,1.990625023841858,1.02471125125885,2647.0,506.25,1.990625023841858,1.02471125125885,2647.0,506.25,1.990625023841858,1.02471125125885,2647.0
2026-09-08T10:57:00.000+08:00,440.6045837402344,9.837200164794922,12.416748046875,22.195898056030273,0.1574164777994156,381.20001220703125,6.125999927520752,3.4839999675750732,1864.0999755859375,506.25,1.990625023841858,1.0267300605773926,2647.0,506.25,1.990625023841858,1.0267300605773926,2647.0,506.25,1.990625023841858,1.0267300605773926,2647.0
2026-09-08T10:58:00.000+08:00,446.11932373046875,9.853500366210938,12.375,22.779661178588867,0.15289954841136932,380.70001220703125,6.10699987411499,3.4649999141693115,1864.199951171875,506.25,1.990625023841858,1.0189242362976074,2647.0,506.25,1.990625023841858,1.0189242362976074,2647.0,506.25,1.990625023841858,1.0189242362976074,2647.0
2026-09-08T10:59:00.000+08:00,447.2084045410156,9.83114242553711,12.472412109375,22.88875389099121,0.15221449732780457,380.6000061035156,6.116000175476074,3.4679999351501465,1864.199951171875,506.25,1.990625023841858,1.017309308052063,2647.0,506.25,1.990625023841858,1.017309308052063,2647.0,506.25,1.990625023841858,1.017309308052063,2647.0
2026-09-08T11:00:00.000+08:00,426.26007080078125,9.851375579833984,12.486328125,21.325645446777344,0.162480428814888,380.1000061035156,6.110000133514404,3.4590001106262207,1864.300048828125,506.25,1.990625023841858,1.0171747207641602,2647.0,506.25,1.990625023841858,1.0171747207641602,2647.0,506.25,1.990625023841858,1.0171747207641602,2647.0
2026-09-08T11:01:00.000+08:00,434.94573974609375,9.872657775878906,12.4931640625,23.060998916625977,0.1506873220205307,380.8999938964844,6.122000217437744,3.4839999675750732,1864.300048828125,506.25,1.990625023841858,1.018520474433899,2647.0,506.25,1.990625023841858,1.018520474433899,2647.0,506.25,1.990625023841858,1.018520474433899,2647.0
2026-09-08T11:02:00.000+08:00,449.2855224609375,9.856864929199219,12.4794921875,23.2648983001709,0.14867892861366272,381.20001220703125,6.111999988555908,3.4860000610351562,1864.4000244140625,506.25,1.990625023841858,1.026326298713684,2647.0,506.25,1.990625023841858,1.026326298713684,2647.0,506.25,1.990625023841858,1.026326298713684,2647.0
2026-09-08T11:03:00.000+08:00,439.9982604980469,9.834903717041016,12.4306640625,23.909584045410156,0.14554832875728607,380.6000061035156,6.138000011444092,3.4779999256134033,1864.5,506.25,1.990625023841858,1.0177130699157715,2647.0,506.25,1.990625023841858,1.0177130699157715,2647.0,506.25,1.990625023841858,1.0177130699157715,2647.0
2026-09-08T11:04:00.000+08:00,447.57904052734375,9.839920043945312,12.4794921875,23.303197860717773,0.14959320425987244,380.6000061035156,6.111000061035156,3.4709999561309814,1864.5,506.25,1.990625023841858,1.020135521888733,2647.0,506.25,1.990625023841858,1.020135521888733,2647.0,506.25,1.990625023841858,1.020135521888733,2647.0
2026-09-08T11:05:00.000+08:00,445.7430114746094,9.861274719238281,12.41015625,22.58437156677246,0.15422168374061584,381.1000061035156,6.120999813079834,3.4779999256134033,1864.5999755859375,506.25,1.990625023841858,1.02471125125885,2647.0,506.25,1.990625023841858,1.02471125125885,2647.0,506.25,1.990625023841858,1.02471125125885,2647.0
2026-09-08T11:06:00.000+08:00,445.8089904785156,9.849342346191406,12.4794921875,22.997955322265625,0.15092645585536957,381.29998779296875,6.13700008392334,3.486999988555908,1864.5999755859375,506.25,1.990625023841858,1.0218850374221802,2647.0,506.25,1.990625023841858,1.0218850374221802,2647.0,506.25,1.990625023841858,1.0218850374221802,2647.0
2026-09-08T11:07:00.000+08:00,443.68353271484375,9.882587432861328,12.5,22.362117767333984,0.15593335032463074,381.5,6.1479997634887695,3.49399995803833,1864.699951171875,506.25,1.990625023841858,1.0235000848770142,2647.0,506.25,1.990625023841858,1.0235000848770142,2647.0,506.25,1.990625023841858,1.0235000848770142,2647.0
2026-09-08T11:08:00.000+08:00,449.59796142578125,9.906356811523438,12.4794921875,23.462453842163086,0.14879091084003448,381.1000061035156,6.158999919891357,3.4820001125335693,1864.699951171875,506.25,1.990625023841858,1.0239038467407227,2647.0,506.25,1.990625023841858,1.0239038467407227,2647.0,506.25,1.990625023841858,1.0239038467407227,2647.0
2026-09-08T11:09:00.000+08:00,447.78057861328125,9.837879180908203,12.4375,23.25444793701172,0.15025082230567932,381.0,6.1479997634887695,3.489000082015991,1864.800048828125,506.25,1.990625023841858,1.0222887992858887,2647.0,506.25,1.990625023841858,1.0222887992858887,2647.0,506.25,1.990625023841858,1.0222887992858887,2647.0
2026-09-08T11:10:00.000+08:00,460.6673278808594,9.85455322265625,12.472412109375,23.456506729125977,0.14844495058059692,380.79998779296875,6.110000133514404,3.4800000190734863,1864.9000244140625,506.25,1.990625023841858,1.0205392837524414,2647.0,506.25,1.990625023841858,1.0205392837524414,2647.0,506.25,1.990625023841858,1.0205392837524414,2647.0
2026-09-08T11:11:00.000+08:00,469.7359619140625,9.82571792602539,12.41015625,24.22882843017578,0.1440020054578781,381.1000061035156,6.1529998779296875,3.48799991607666,1864.9000244140625,506.25,1.990625023841858,1.0251150131225586,2647.0,506.25,1.990625023841858,1.0251150131225586,2647.0,506.25,1.990625023841858,1.0251150131225586,2647.0
2026-09-08T11:12:00.000+08:00,460.0106201171875,9.858219146728516,12.423828125,23.44931983947754,0.14823457598686218,381.0,6.14900016784668,3.4830000400543213,1865.0,506.25,1.990625023841858,1.0235000848770142,2647.0,506.25,1.990625023841858,1.0235000848770142,2647.0,506.25,1.990625023841858,1.0235000848770142,2647.0
2026-09-08T11:13:00.000+08:00,459.730712890625,9.919933319091797,12.375,23.3000431060791,0.14961345493793488,380.5,6.117000102996826,3.4719998836517334,1865.0,506.25,1.990625023841858,1.017309308052063,2647.0,506.25,1.990625023841858,1.017309308052063,2647.0,506.25,1.990625023841858,1.017309308052063,2647.0
2026-09-08T11:14:00.000+08:00,458.19122314453125,9.899303436279297,12.409912109375,23.27445411682129,0.14960607886314392,380.6000061035156,6.118000030517578,3.4670000076293945,1865.0999755859375,506.25,1.990625023841858,1.0197317600250244,2647.0,506.25,1.990625023841858,1.0197317600250244,2647.0,506.25,1.990625023841858,1.0197317600250244,2647.0
2026-09-08T11:15:00.000+08:00,455.2991943359375,9.872032165527344,12.361083984375,22.853965759277344,0.1516585797071457,381.1000061035156,6.140999794006348,3.4809999465942383,1865.199951171875,506.25,1.990625023841858,1.0198663473129272,2647.0,506.25,1.990625023841858,1.0198663473129272,2647.0,506.25,1.990625023841858,1.0198663473129272,2647.0
2026-09-08T11:16:00.000+08:00,448.61163330078125,9.903266906738281,12.4306640625,22.074220657348633,0.15728753805160522,381.1000061035156,6.105000019073486,3.4730000495910645,1865.199951171875,506.25,1.990625023841858,1.0210776329040527,2647.0,506.25,1.990625023841858,1.0210776329040527,2647.0,506.25,1.990625023841858,1.0210776329040527,2647.0
2026-09-08T11:17:00.000+08:00,454.9389343261719,9.863006591796875,12.361328125,22.534587860107422,0.15438489615917206,381.0,6.1539998054504395,3.490000009536743,1865.300048828125,506.25,1.990625023841858,1.0198663473129272,2647.0,506.25,1.990625023841858,1.0198663473129272,2647.0,506.25,1.990625023841858,1.0198663473129272,2647.0
2026-09-08T11:18:00.000+08:00,463.9656066894531,9.857990264892578,12.298828125,23.34966278076172,0.1492098718881607,380.29998779296875,6.144000053405762,3.4760000705718994,1865.300048828125,506.25,1.990625023841858,1.0225579738616943,2647.0,506.25,1.990625023841858,1.0225579738616943,2647.0,506.25,1.990625023841858,1.0225579738616943,2647.0
2026-09-08T11:19:00.000+08:00,474.4661865234375,9.812808990478516,12.347412109375,23.519180297851562,0.1477092206478119,379.6000061035156,6.107999801635742,3.4519999027252197,1865.4000244140625,506.25,1.990625023841858,1.010983943939209,2647.0,506.25,1.990625023841858,1.010983943939209,2647.0,506.25,1.990625023841858,1.010983943939209,2647.0
2026-09-08T11:20:00.000+08:00,473.3125915527344,9.850013732910156,12.361328125,22.716136932373047,0.1516692340373993,380.5,6.105999946594238,3.4809999465942383,1865.4000244140625,506.25,1.990625023841858,1.0210776329040527,2647.0,506.25,1.990625023841858,1.0210776329040527,2647.0,506.25,1.990625023841858,1.0210776329040527,2647.0
2026-09-08T11:21:00.000+08:00,485.344482421875,9.812808990478516,12.3408203125,22.97844696044922,0.15255597233772278,380.5,6.104000091552734,3.4790000915527344,1865.5,506.25,1.990625023841858,1.019327998161316,2647.0,506.25,1.990625023841858,1.019327998161316,2647.0,506.25,1.990625023841858,1.019327998161316,2647.0
2026-09-08T11:22:00.000+08:00,470.2107849121094,9.933479309082031,12.263916015625,23.044132232666016,0.15092778205871582,380.3999938964844,6.110000133514404,3.4709999561309814,1865.5999755859375,506.25,1.990625023841858,1.020135521888733,2647.0,506.25,1.990625023841858,1.020135521888733,2647.0,506.25,1.990625023841858,1.020135521888733,2647.0
2026-09-08T11:23:00.000+08:00,479.1983947753906,9.855480194091797,12.3544921875,23.95889663696289,0.14512354135513306,380.70001220703125,6.150000095367432,3.490999937057495,1865.5999755859375,506.25,1.990625023841858,1.018520474433899,2647.0,506.25,1.990625023841858,1.018520474433899,2647.0,506.25,1.990625023841858,1.018520474433899,2647.0
2026-09-08T11:24:00.000+08:00,467.3818359375,9.846057891845703,12.361328125,22.898876190185547,0.15227821469306946,380.8999938964844,6.127999782562256,3.4800000190734863,1865.699951171875,506.25,1.990625023841858,1.0202701091766357,2647.0,506.25,1.990625023841858,1.0202701091766357,2647.0,506.25,1.990625023841858,1.0202701091766357,2647.0
2026-09-08T11:25:00.000+08:00,468.9584655761719,9.847213745117188,12.3125,22.294374465942383,0.1561829000711441,380.3999938964844,6.124000072479248,3.4709999561309814,1865.699951171875,506.25,1.990625023841858,1.020135521888733,2647.0,506.25,1.990625023841858,1.020135521888733,2647.0,506.25,1.990625023841858,1.020135521888733,2647.0
2026-09-08T11:26:00.000+08:00,475.8630676269531,9.814765930175781,12.423583984375,23.351070404052734,0.1493721604347229,380.3999938964844,6.125,3.4739999771118164,1865.800048828125,506.25,1.990625023841858,1.0189242362976074,2647.0,506.25,1.990625023841858,1.0189242362976074,2647.0,506.25,1.990625023841858,1.0189242362976074,2647.0
2026-09-08T11:27:00.000+08:00,478.40435791015625,9.844390869140625,12.3125,23.820453643798828,0.14584104716777802,380.5,6.116000175476074,3.4739999771118164,1865.800048828125,506.25,1.990625023841858,1.0205392837524414,2647.0,506.25,1.990625023841858,1.0205392837524414,2647.0,506.25,1.990625023841858,1.0205392837524414,2647.0
2026-09-08T11:28:00.000+08:00,478.10504150390625,9.827465057373047,12.34033203125,24.74774932861328,0.14037640392780304,380.0,6.135000228881836,3.4670000076293945,1865.9000244140625,506.25,1.990625023841858,1.020135521888733,2647.0,506.25,1.990625023841858,1.020135521888733,2647.0,506.25,1.990625023841858,1.020135521888733,2647.0
2026-09-08T11:29:00.000+08:00,475.5587158203125,9.821449279785156,12.361328125,23.46319580078125,0.14793381094932556,380.70001220703125,6.14900016784668,3.4820001125335693,1866.0,506.25,1.990625023841858,1.0198663473129272,2647.0,506.25,1.990625023841858,1.0198663473129272,2647.0,506.25,1.990625023841858,1.0198663473129272,2647.0
2026-09-08T11:30:00.000+08:00,477.7325439453125,9.864276885986328,12.333251953125,23.49986457824707,0.14800085127353668,381.1000061035156,6.127999782562256,3.4820001125335693,1866.0,506.25,1.990625023841858,1.02471125125885,2647.0,506.25,1.990625023841858,1.02471125125885,2647.0,506.25,1.990625023841858,1.02471125125885,2647.0
2026-09-08T11:31:00.000+08:00,473.5030822753906,9.825782775878906,12.34765625,23.599205017089844,0.1473354697227478,381.1000061035156,6.175000190734863,3.494999885559082,1866.0999755859375,506.25,1.990625023841858,1.0230963230133057,2647.0,506.25,1.990625023841858,1.0230963230133057,2647.0,506.25,1.990625023841858,1.0230963230133057,2647.0
2026-09-08T11:32:00.000+08:00,465.7363586425781,9.820316314697266,12.3125,22.881145477294922,0.15226510167121887,380.1000061035156,6.13700008392334,3.4719998836517334,1866.0999755859375,506.25,1.990625023841858,1.0155596733093262,2647.0,506.25,1.990625023841858,1.0155596733093262,2647.0,506.25,1.990625023841858,1.0155596733093262,2647.0
2026-09-08T11:33:00.000+08:00,480.9697570800781,9.845314025878906,12.3681640625,23.824234008789062,0.14623765647411346,380.1000061035156,6.119999885559082,3.4649999141693115,1866.199951171875,506.25,1.990625023841858,1.0155596733093262,2648.0,506.25,1.990625023841858,1.0155596733093262,2648.0,506.25,1.990625023841858,1.0155596733093262,2648.0
2026-09-08T11:34:00.000+08:00,477.7964172363281,9.817119598388672,12.3681640625,23.175546646118164,0.1497267782688141,380.8999938964844,6.169000148773193,3.497999906539917,1866.300048828125,506.25,1.990625023841858,1.025518774986267,2648.0,506.25,1.990625023841858,1.025518774986267,2648.0,506.25,1.990625023841858,1.025518774986267,2648.0
2026-09-08T11:35:00.000+08:00,475.69366455078125,9.833694458007812,12.3125,23.68109130859375,0.1465304046869278,380.29998779296875,6.158999919891357,3.4679999351501465,1866.300048828125,506.25,1.990625023841858,1.0213466882705688,2648.0,506.25,1.990625023841858,1.0213466882705688,2648.0,506.25,1.990625023841858,1.0213466882705688,2648.0
2026-09-08T11:36:00.000+08:00,475.8089599609375,9.799427032470703,12.257080078125,24.083480834960938,0.14520326256752014,380.6000061035156,6.135000228881836,3.4779999256134033,1866.4000244140625,506.25,1.990625023841858,1.0181167125701904,2648.0,506.25,1.990625023841858,1.0181167125701904,2648.0,506.25,1.990625023841858,1.0181167125701904,2648.0
2026-09-08T11:37:00.000+08:00,479.7043762207031,9.867786407470703,12.284912109375,23.59308624267578,0.14690744876861572,380.20001220703125,6.124000072479248,3.4749999046325684,1866.4000244140625,506.25,1.990625023841858,1.0225579738616943,2648.0,506.25,1.990625023841858,1.0225579738616943,2648.0,506.25,1.990625023841858,1.0225579738616943,2648.0
2026-09-08T11:38:00.000+08:00,479.314208984375,9.817512512207031,12.3125,23.372732162475586,0.1488058865070343,380.6000061035156,6.109000205993652,3.4739999771118164,1866.5,506.25,1.990625023841858,1.018520474433899,2648.0,506.25,1.990625023841858,1.018520474433899,2648.0,506.25,1.990625023841858,1.018520474433899,2648.0
2026-09-08T11:39:00.000+08:00,469.0509948730469,9.83542251586914,12.263916015625,22.495098114013672,0.15447810292243958,381.0,6.14300012588501,3.490000009536743,1866.5,506.25,1.990625023841858,1.0251150131225586,2648.0,506.25,1.990625023841858,1.0251150131225586,2648.0,506.25,1.990625023841858,1.0251150131225586,2648.0
2026-09-08T11:40:00.000+08:00,467.434326171875,9.859130859375,12.26416015625,23.431110382080078,0.14856316149234772,380.70001220703125,6.138999938964844,3.486999988555908,1866.5999755859375,506.25,1.990625023841858,1.0287487506866455,2648.0,506.25,1.990625023841858,1.0287487506866455,2648.0,506.25,1.990625023841858,1.0287487506866455,2648.0
2026-09-08T11:41:00.000+08:00,486.024169921875,9.846508026123047,12.27783203125,23.13518524169922,0.15046346187591553,380.8999938964844,6.1579999923706055,3.490000009536743,1866.699951171875,506.25,1.990625023841858,1.0214812755584717,2648.0,506.25,1.990625023841858,1.0214812755584717,2648.0,506.25,1.990625023841858,1.0214812755584717,2648.0
2026-09-08T11:42:00.000+08:00,481.9804382324219,9.86551284790039,12.284912109375,23.022737503051758,0.15115492045879364,381.3999938964844,6.127999782562256,3.490999937057495,1866.699951171875,506.25,1.990625023841858,1.0260571241378784,2648.0,506.25,1.990625023841858,1.0260571241378784,2648.0,506.25,1.990625023841858,1.0260571241378784,2648.0
2026-09-08T11:43:00.000+08:00,492.966796875,9.769729614257812,12.25,23.94153594970703,0.1455211639404297,381.5,6.177000045776367,3.496000051498413,1866.800048828125,509.765625,1.990625023841858,1.026460886001587,2648.0,509.765625,1.990625023841858,1.026460886001587,2648.0,509.765625,1.990625023841858,1.026460886001587,2648.0
2026-09-08T11:44:00.000+08:00,481.3120422363281,9.822822570800781,12.284912109375,23.27597999572754,0.14993996918201447,381.1000061035156,6.186999797821045,3.489000082015991,1866.800048828125,506.25,1.990625023841858,1.025518774986267,2648.0,506.25,1.990625023841858,1.025518774986267,2648.0,506.25,1.990625023841858,1.025518774986267,2648.0
2026-09-08T11:45:00.000+08:00,485.92718505859375,9.823192596435547,12.257080078125,24.448286056518555,0.14307750761508942,381.29998779296875,6.151000022888184,3.486999988555908,1866.9000244140625,506.25,1.990625023841858,1.027268409729004,2648.0,506.25,1.990625023841858,1.027268409729004,2648.0,506.25,1.990625023841858,1.027268409729004,2648.0
2026-09-08T11:46:00.000+08:00,485.6676330566406,9.778938293457031,12.298828125,24.491836547851562,0.1423739641904831,381.0,6.138999938964844,3.49399995803833,1866.9000244140625,506.25,1.990625023841858,1.025518774986267,2648.0,506.25,1.990625023841858,1.025518774986267,2648.0,506.25,1.990625023841858,1.025518774986267,2648.0
2026-09-08T11:47:00.000+08:00,479.9084167480469,9.841064453125,12.291748046875,23.175411224365234,0.1508926898241043,381.1000061035156,6.11899995803833,3.484999895095825,1867.0,506.25,1.990625023841858,1.0235000848770142,2648.0,506.25,1.990625023841858,1.0235000848770142,2648.0,506.25,1.990625023841858,1.0235000848770142,2648.0
2026-09-08T11:48:00.000+08:00,485.0773010253906,9.859130859375,12.2919921875,24.252756118774414,0.14373624324798584,381.1000061035156,6.129000186920166,3.494999885559082,1867.0999755859375,506.25,1.990625023841858,1.0260571241378784,2648.0,506.25,1.990625023841858,1.0260571241378784,2648.0,506.25,1.990625023841858,1.0260571241378784,2648.0
2026-09-08T11:49:00.000+08:00,492.1130065917969,9.814105987548828,12.3125,23.36695098876953,0.14914226531982422,381.6000061035156,6.14300012588501,3.503000020980835,1867.0999755859375,509.765625,1.990625023841858,1.0310367345809937,2648.0,509.765625,1.990625023841858,1.0310367345809937,2648.0,509.765625,1.990625023841858,1.0310367345809937,2648.0
2026-09-08T11:50:00.000+08:00,484.25665283203125,9.856460571289062,12.298583984375,23.54120445251465,0.14863300323486328,381.5,6.142000198364258,3.5,1867.199951171875,509.765625,1.990625023841858,1.0268646478652954,2648.0,509.765625,1.990625023841858,1.0268646478652954,2648.0,509.765625,1.990625023841858,1.0268646478652954,2648.0
2026-09-08T11:51:00.000+08:00,470.2445068359375,9.841808319091797,12.3056640625,23.7188663482666,0.14751969277858734,381.5,6.144000053405762,3.502000093460083,1867.199951171875,509.765625,1.990625023841858,1.0280758142471313,2648.0,509.765625,1.990625023841858,1.0280758142471313,2648.0,509.765625,1.990625023841858,1.0280758142471313,2648.0
2026-09-08T11:52:00.000+08:00,479.86541748046875,9.83597183227539,12.2919921875,22.847034454345703,0.15301766991615295,381.3999938964844,6.13100004196167,3.492000102996826,1867.300048828125,506.25,1.990625023841858,1.0260571241378784,2648.0,506.25,1.990625023841858,1.0260571241378784,2648.0,506.25,1.990625023841858,1.0260571241378784,2648.0
2026-09-08T11:53:00.000+08:00,476.5867614746094,9.765281677246094,12.1875,23.03451919555664,0.15203268826007843,382.0,6.156000137329102,3.509999990463257,1867.4000244140625,509.765625,1.990625023841858,1.0302292108535767,2648.0,509.765625,1.990625023841858,1.0302292108535767,2648.0,509.765625,1.990625023841858,1.0302292108535767,2648.0
2026-09-08T11:54:00.000+08:00,486.4468994140625,9.598026275634766,12.111328125,23.891048431396484,0.14628911018371582,382.5,6.164999961853027,3.51200008392334,1867.4000244140625,509.765625,1.990625023841858,1.032786250114441,2648.0,509.765625,1.990625023841858,1.032786250114441,2648.0,509.765625,1.990625023841858,1.032786250114441,2648.0
2026-09-08T11:55:00.000+08:00,481.2311706542969,9.5521240234375,12.041748046875,23.643844604492188,0.14798776805400848,382.5,6.138999938964844,3.509000062942505,1867.5,509.765625,1.990625023841858,1.033593773841858,2648.0,509.765625,1.990625023841858,1.033593773841858,2648.0,509.765625,1.990625023841858,1.033593773841858,2648.0
2026-09-08T11:56:00.000+08:00,491.9322509765625,9.517265319824219,12.1181640625,24.531187057495117,0.1434500515460968,383.1000061035156,6.210999965667725,3.5309998989105225,1867.5,509.765625,1.990625023841858,1.0353432893753052,2648.0,509.765625,1.990625023841858,1.0353432893753052,2648.0,509.765625,1.990625023841858,1.0353432893753052,2648.0
2026-09-08T11:57:00.000+08:00,469.3759765625,9.539897918701172,12.0283203125,23.18585968017578,0.15185979008674622,383.20001220703125,6.211999893188477,3.5320000648498535,1867.5999755859375,509.765625,2.0289063453674316,1.0393807888031006,2648.0,509.765625,2.0289063453674316,1.0393807888031006,2648.0,509.765625,2.0289063453674316,1.0393807888031006,2648.0
2026-09-08T11:58:00.000+08:00,472.4578857421875,9.53521728515625,12.0,24.06734275817871,0.14687953889369965,383.20001220703125,6.23799991607666,3.5390000343322754,1867.5999755859375,509.765625,1.990625023841858,1.0365545749664307,2648.0,509.765625,1.990625023841858,1.0365545749664307,2648.0,509.765625,1.990625023841858,1.0365545749664307,2648.0
2026-09-08T11:59:00.000+08:00,480.8342590332031,9.551380157470703,12.0556640625,23.450166702270508,0.15061727166175842,382.79998779296875,6.140999794006348,3.5209999084472656,1867.699951171875,509.765625,1.990625023841858,1.034401297569275,2648.0,509.765625,1.990625023841858,1.034401297569275,2648.0,509.765625,1.990625023841858,1.034401297569275,2648.0
2026-09-08T12:00:00.000+08:00,463.8555603027344,9.6146240234375,12.048583984375,22.67706298828125,0.1561489701271057,382.8999938964844,6.156000137329102,3.5239999294281006,1867.800048828125,509.765625,2.0289063453674316,1.0385732650756836,2648.0,509.765625,2.0289063453674316,1.0385732650756836,2648.0,509.765625,2.0289063453674316,1.0385732650756836,2648.0
2026-09-08T12:01:00.000+08:00,472.2333068847656,9.61746597290039,12.041748046875,23.053861618041992,0.15264254808425903,383.0,6.146999835968018,3.5239999294281006,1867.800048828125,509.765625,1.990625023841858,1.0349395275115967,2648.0,509.765625,1.990625023841858,1.0349395275115967,2648.0,509.765625,1.990625023841858,1.0349395275115967,2648.0
2026-09-08T12:02:00.000+08:00,475.1214294433594,9.556804656982422,12.048583984375,23.95766258239746,0.14730150997638702,383.5,6.22599983215332,3.5390000343322754,1867.9000244140625,509.765625,2.0289063453674316,1.0415340662002563,2648.0,509.765625,2.0289063453674316,1.0415340662002563,2648.0,509.765625,2.0289063453674316,1.0415340662002563,2648.0
2026-09-08T12:03:00.000+08:00,474.7901611328125,9.508255004882812,12.104248046875,22.93614959716797,0.15377472341060638,383.5,6.214000225067139,3.5350000858306885,1867.9000244140625,509.765625,2.0289063453674316,1.0419378280639648,2648.0,509.765625,2.0289063453674316,1.0419378280639648,2648.0,509.765625,2.0289063453674316,1.0419378280639648,2648.0
2026-09-08T12:04:00.000+08:00,459.9143981933594,9.596973419189453,12.020751953125,22.167823791503906,0.15987135469913483,383.70001220703125,6.232999801635742,3.5450000762939453,1868.0,509.765625,2.0289063453674316,1.040726661682129,2648.0,509.765625,2.0289063453674316,1.040726661682129,2648.0,509.765625,2.0289063453674316,1.040726661682129,2648.0
2026-09-08T12:05:00.000+08:00,477.7930908203125,9.507946014404297,12.0283203125,24.58976936340332,0.14388097822666168,383.5,6.131999969482422,3.5380001068115234,1868.0999755859375,509.765625,2.0289063453674316,1.0369583368301392,2648.0,509.765625,2.0289063453674316,1.0369583368301392,2648.0,509.765625,2.0289063453674316,1.0369583368301392,2648.0
2026-09-08T12:06:00.000+08:00,466.0987548828125,9.51114273071289,12.034912109375,22.672428131103516,0.1563573181629181,383.29998779296875,6.125,3.5230000019073486,1868.0999755859375,509.765625,2.0289063453674316,1.040726661682129,2648.0,509.765625,2.0289063453674316,1.040726661682129,2648.0,509.765625,2.0289063453674316,1.040726661682129,2648.0
2026-09-08T12:07:00.000+08:00,478.8695068359375,9.547489166259766,11.979248046875,24.036291122436523,0.14719408750534058,383.1000061035156,6.129000186920166,3.5220000743865967,1868.199951171875,509.765625,1.990625023841858,1.0345358848571777,2648.0,509.765625,1.990625023841858,1.0345358848571777,2648.0,509.765625,1.990625023841858,1.0345358848571777,2648.0
2026-09-08T12:08:00.000+08:00,459.9388122558594,9.51076889038086,12.013916015625,23.031293869018555,0.15296579897403717,383.5,6.144999980926514,3.5280001163482666,1868.199951171875,509.765625,2.0289063453674316,1.038169503211975,2648.0,509.765625,2.0289063453674316,1.038169503211975,2648.0,509.765625,2.0289063453674316,1.038169503211975,2648.0
2026-09-08T12:09:00.000+08:00,460.39495849609375,9.526996612548828,11.944580078125,22.061391830444336,0.15978139638900757,383.3999938964844,6.145999908447266,3.5280001163482666,1868.300048828125,509.765625,2.0289063453674316,1.0393807888031006,2648.0,509.765625,2.0289063453674316,1.0393807888031006,2648.0,509.765625,2.0289063453674316,1.0393807888031006,2648.0
2026-09-08T12:10:00.000+08:00,467.3489074707031,9.523056030273438,11.9375,23.12138557434082,0.15236976742744446,383.70001220703125,6.14900016784668,3.5380001068115234,1868.4000244140625,509.765625,2.0289063453674316,1.0419378280639648,2648.0,509.765625,2.0289063453674316,1.0419378280639648,2648.0,509.765625,2.0289063453674316,1.0419378280639648,2648.0
2026-09-08T12:11:00.000+08:00,469.1832275390625,9.557849884033203,11.944580078125,22.684715270996094,0.15569955110549927,384.1000061035156,6.144999980926514,3.546999931335449,1868.4000244140625,509.765625,2.0289063453674316,1.0424761772155762,2648.0,509.765625,2.0289063453674316,1.0424761772155762,2648.0,509.765625,2.0289063453674316,1.0424761772155762,2648.0
2026-09-08T12:12:00.000+08:00,469.3073425292969,9.485713958740234,11.979248046875,23.144142150878906,0.1529976725578308,383.6000061035156,6.132999897003174,3.5329999923706055,1868.5,509.765625,2.0289063453674316,1.039111614227295,2648.0,509.765625,2.0289063453674316,1.039111614227295,2648.0,509.765625,2.0289063453674316,1.039111614227295,2648.0
2026-09-08T12:13:00.000+08:00,465.3094482421875,9.479934692382812,11.986328125,22.32227897644043,0.15903393924236298,383.79998779296875,6.1620001792907715,3.5460000038146973,1868.5,509.765625,2.0289063453674316,1.0471866130828857,2648.0,509.765625,2.0289063453674316,1.0471866130828857,2648.0,509.765625,2.0289063453674316,1.0471866130828857,2648.0
2026-09-08T12:14:00.000+08:00,466.62744140625,9.445491790771484,11.972412109375,22.7916316986084,0.15496915578842163,383.8999938964844,6.164000034332275,3.5350000858306885,1868.5999755859375,509.765625,2.0289063453674316,1.047724962234497,2648.0,509.765625,2.0289063453674316,1.047724962234497,2648.0,509.765625,2.0289063453674316,1.047724962234497,2648.0
2026-09-08T12:15:00.000+08:00,481.8592529296875,9.45697021484375,11.944580078125,23.962825775146484,0.14752015471458435,384.0,6.1570000648498535,3.5380001068115234,1868.5999755859375,509.765625,2.0289063453674316,1.0444949865341187,2648.0,509.765625,2.0289063453674316,1.0444949865341187,2648.0,509.765625,2.0289063453674316,1.0444949865341187,2648.0
2026-09-08T12:16:00.000+08:00,458.40863037109375,9.510414123535156,12.013916015625,22.98332977294922,0.15363310277462006,384.1000061035156,6.179999828338623,3.5510001182556152,1868.699951171875,509.765625,2.0289063453674316,1.0448986291885376,2648.0,509.765625,2.0289063453674316,1.0448986291885376,2648.0,509.765625,2.0289063453674316,1.0448986291885376,2648.0
2026-09-08T12:17:00.000+08:00,458.7950439453125,9.554267883300781,11.9931640625,22.64485740661621,0.15623857080936432,383.79998779296875,6.177000045776367,3.5320000648498535,1868.800048828125,509.765625,2.0289063453674316,1.0403228998184204,2648.0,509.765625,2.0289063453674316,1.0403228998184204,2648.0,509.765625,2.0289063453674316,1.0403228998184204,2648.0
2026-09-08T12:18:00.000+08:00,461.50714111328125,9.575126647949219,12.007080078125,23.306520462036133,0.15236079692840576,384.0,6.159999847412109,3.5380001068115234,1868.800048828125,509.765625,2.0289063453674316,1.038304090499878,2648.0,509.765625,2.0289063453674316,1.038304090499878,2648.0,509.765625,2.0289063453674316,1.038304090499878,2648.0
2026-09-08T12:19:00.000+08:00,464.2449951171875,9.5697021484375,12.0,21.76045036315918,0.1623128205537796,383.3999938964844,6.164000034332275,3.5280001163482666,1868.9000244140625,509.765625,2.0289063453674316,1.0369583368301392,2648.0,509.765625,2.0289063453674316,1.0369583368301392,2648.0,509.765625,2.0289063453674316,1.0369583368301392,2648.0
2026-09-08T12:20:00.000+08:00,468.8499755859375,9.61355209350586,11.979248046875,23.07879066467285,0.15317094326019287,383.5,6.156000137329102,3.5250000953674316,1868.9000244140625,509.765625,1.990625023841858,1.038169503211975,2648.0,509.765625,1.990625023841858,1.038169503211975,2648.0,509.765625,1.990625023841858,1.038169503211975,2648.0
2026-09-08T12:21:00.000+08:00,465.7575988769531,9.624305725097656,11.9931640625,22.740861892700195,0.15500731766223907,383.79998779296875,6.159999847412109,3.5309998989105225,1869.0,509.765625,2.0289063453674316,1.0444949865341187,2648.0,509.765625,2.0289063453674316,1.0444949865341187,2648.0,509.765625,2.0289063453674316,1.0444949865341187,2648.0
2026-09-08T12:22:00.000+08:00,460.19842529296875,9.57370376586914,11.9658203125,21.21552848815918,0.1664818376302719,384.0,6.164000034332275,3.5420000553131104,1869.0999755859375,509.765625,2.0289063453674316,1.0419378280639648,2648.0,509.765625,2.0289063453674316,1.0419378280639648,2648.0,509.765625,2.0289063453674316,1.0419378280639648,2648.0
2026-09-08T12:23:00.000+08:00,460.93463134765625,9.60171890258789,11.972412109375,22.16683006286621,0.15960784256458282,384.20001220703125,6.179999828338623,3.5380001068115234,1869.0999755859375,509.765625,2.0289063453674316,1.0404574871063232,2648.0,509.765625,2.0289063453674316,1.0404574871063232,2648.0,509.765625,2.0289063453674316,1.0404574871063232,2648.0
2026-09-08T12:24:00.000+08:00,467.5659484863281,9.578014373779297,11.986328125,22.148406982421875,0.16005665063858032,383.5,6.15500020980835,3.5290000438690186,1869.199951171875,509.765625,2.0289063453674316,1.0403228998184204,2648.0,509.765625,2.0289063453674316,1.0403228998184204,2648.0,509.765625,2.0289063453674316,1.0403228998184204,2648.0
2026-09-08T12:25:00.000+08:00,463.811767578125,9.565437316894531,11.944580078125,21.816532135009766,0.16235394775867462,383.3999938964844,6.1570000648498535,3.5239999294281006,1869.199951171875,509.765625,1.990625023841858,1.0387078523635864,2648.0,509.765625,1.990625023841858,1.0387078523635864,2648.0,509.765625,1.990625023841858,1.0387078523635864,2648.0
2026-09-08T12:26:00.000+08:00,472.1937255859375,9.558265686035156,11.9033203125,22.874116897583008,0.1542791724205017,383.79998779296875,6.168000221252441,3.5369999408721924,1869.300048828125,509.765625,2.0289063453674316,1.05256986618042,2648.0,509.765625,2.0289063453674316,1.05256986618042,2648.0,509.765625,2.0289063453674316,1.05256986618042,2648.0
2026-09-08T12:27:00.000+08:00,467.5069885253906,9.546058654785156,11.895751953125,22.19978904724121,0.15941593050956726,384.1000061035156,6.165999889373779,3.5429999828338623,1869.4000244140625,509.765625,1.990625023841858,1.0387078523635864,2648.0,509.765625,1.990625023841858,1.0387078523635864,2648.0,509.765625,1.990625023841858,1.0387078523635864,2648.0
2026-09-08T12:28:00.000+08:00,472.053955078125,9.541725158691406,11.923828125,22.567373275756836,0.15704087913036346,384.0,6.176000118255615,3.5439999103546143,1869.4000244140625,509.765625,2.0289063453674316,1.0436874628067017,2648.0,509.765625,2.0289063453674316,1.0436874628067017,2648.0,509.765625,2.0289063453674316,1.0436874628067017,2648.0
2026-09-08T12:29:00.000+08:00,469.9845275878906,9.533458709716797,11.875,22.310426712036133,0.1590287834405899,384.0,6.171999931335449,3.5390000343322754,1869.5,509.765625,2.0289063453674316,1.040726661682129,2648.0,509.765625,2.0289063453674316,1.040726661682129,2648.0,509.765625,2.0289063453674316,1.040726661682129,2648.0
2026-09-08T12:30:00.000+08:00,473.7659912109375,9.532814025878906,11.923583984375,21.894899368286133,0.1617271602153778,384.29998779296875,6.181000232696533,3.553999900817871,1869.5,509.765625,2.0289063453674316,1.0416686534881592,2648.0,509.765625,2.0289063453674316,1.0416686534881592,2648.0,509.765625,2.0289063453674316,1.0416686534881592,2648.0
2026-09-08T12:31:00.000+08:00,471.0269775390625,9.613243103027344,11.875,22.059017181396484,0.16056925058364868,384.1000061035156,6.177999973297119,3.5450000762939453,1869.5999755859375,509.765625,1.990625023841858,1.036285400390625,2649.0,509.765625,1.990625023841858,1.036285400390625,2649.0,509.765625,1.990625023841858,1.036285400390625,2649.0
2026-09-08T12:32:00.000+08:00,465.1891784667969,9.699756622314453,12.03515625,21.809741973876953,0.1627712994813919,384.0,6.1570000648498535,3.5250000953674316,1869.699951171875,509.765625,2.0289063453674316,1.0436874628067017,2649.0,509.765625,2.0289063453674316,1.0436874628067017,2649.0,509.765625,2.0289063453674316,1.0436874628067017,2649.0
2026-09-08T12:33:00.000+08:00,476.8702697753906,9.710494995117188,12.013916015625,22.56150245666504,0.1572147160768509,383.5,6.166999816894531,3.5329999923706055,1869.699951171875,509.765625,2.0289063453674316,1.039919137954712,2649.0,509.765625,2.0289063453674316,1.039919137954712,2649.0,509.765625,2.0289063453674316,1.039919137954712,2649.0
2026-09-08T12:34:00.000+08:00,465.29449462890625,9.733081817626953,12.007080078125,20.920333862304688,0.16849635541439056,383.5,6.144999980926514,3.5380001068115234,1869.800048828125,509.765625,1.990625023841858,1.0331900119781494,2649.0,509.765625,1.990625023841858,1.0331900119781494,2649.0,509.765625,1.990625023841858,1.0331900119781494,2649.0
2026-09-08T12:35:00.000+08:00,474.2875671386719,9.747386932373047,12.0419921875,21.676225662231445,0.16298963129520416,383.8999938964844,6.145999908447266,3.5339999198913574,1869.800048828125,509.765625,2.0289063453674316,1.0400537252426147,2649.0,509.765625,2.0289063453674316,1.0400537252426147,2649.0,509.765625,2.0289063453674316,1.0400537252426147,2649.0
2026-09-08T12:36:00.000+08:00,452.4946594238281,9.730609893798828,12.0,20.409393310546875,0.17276358604431152,384.29998779296875,6.1579999923706055,3.5490000247955322,1869.9000244140625,509.765625,2.0289063453674316,1.0458407402038574,2649.0,509.765625,2.0289063453674316,1.0458407402038574,2649.0,509.765625,2.0289063453674316,1.0458407402038574,2649.0
2026-09-08T12:37:00.000+08:00,455.8144836425781,9.69580078125,12.0556640625,21.005247116088867,0.1682436764240265,383.8999938964844,6.150000095367432,3.5409998893737793,1869.9000244140625,509.765625,2.0289063453674316,1.0448986291885376,2649.0,509.765625,2.0289063453674316,1.0448986291885376,2649.0,509.765625,2.0289063453674316,1.0448986291885376,2649.0
2026-09-08T12:38:00.000+08:00,466.2608947753906,9.72567367553711,12.048828125,21.619129180908203,0.16416017711162567,383.79998779296875,6.165999889373779,3.5380001068115234,1870.0,509.765625,2.0289063453674316,1.0432837009429932,2649.0,509.765625,2.0289063453674316,1.0432837009429932,2649.0,509.765625,2.0289063453674316,1.0432837009429932,2649.0
2026-09-08T12:39:00.000+08:00,458.78668212890625,9.700462341308594,12.0625,21.068910598754883,0.16835232079029083,383.70001220703125,6.163000106811523,3.5450000762939453,1870.0999755859375,509.765625,2.0289063453674316,1.0473212003707886,2649.0,509.765625,2.0289063453674316,1.0473212003707886,2649.0,509.765625,2.0289063453674316,1.0473212003707886,2649.0
2026-09-08T12:40:00.000+08:00,458.674072265625,9.785152435302734,12.1044921875,21.223712921142578,0.1667003333568573,384.1000061035156,6.205999851226807,3.566999912261963,1870.0999755859375,509.765625,2.0289063453674316,1.0428799390792847,2649.0,509.765625,2.0289063453674316,1.0428799390792847,2649.0,509.765625,2.0289063453674316,1.0428799390792847,2649.0
2026-09-08T12:41:00.000+08:00,459.60882568359375,9.688602447509766,12.1181640625,20.86823844909668,0.1695878654718399,384.0,6.188000202178955,3.552999973297119,1870.199951171875,509.765625,2.0289063453674316,1.0436874628067017,2649.0,509.765625,2.0289063453674316,1.0436874628067017,2649.0,509.765625,2.0289063453674316,1.0436874628067017,2649.0
2026-09-08T12:42:00.000+08:00,453.9873352050781,9.777259826660156,12.076416015625,21.027877807617188,0.16986973583698273,383.6000061035156,6.170000076293945,3.5409998893737793,1870.199951171875,509.765625,2.0289063453674316,1.038304090499878,2649.0,509.765625,2.0289063453674316,1.038304090499878,2649.0,509.765625,2.0289063453674316,1.038304090499878,2649.0
2026-09-08T12:43:00.000+08:00,459.6593017578125,9.784782409667969,12.097412109375,22.15810203552246,0.1601671427488327,383.8999938964844,6.172999858856201,3.552000045776367,1870.300048828125,509.765625,2.0289063453674316,1.0424761772155762,2649.0,509.765625,2.0289063453674316,1.0424761772155762,2649.0,509.765625,2.0289063453674316,1.0424761772155762,2649.0
2026-09-08T12:44:00.000+08:00,463.60101318359375,9.770854949951172,12.111328125,21.148591995239258,0.16743431985378265,384.29998779296875,6.175000190734863,3.555999994277954,1870.4000244140625,509.765625,2.0289063453674316,1.0446295738220215,2649.0,509.765625,2.0289063453674316,1.0446295738220215,2649.0,509.765625,2.0289063453674316,1.0446295738220215,2649.0
2026-09-08T12:45:00.000+08:00,457.24945068359375,9.770484924316406,12.111328125,20.981081008911133,0.16929537057876587,384.1000061035156,6.183000087738037,3.5490000247955322,1870.4000244140625,509.765625,2.0289063453674316,1.0428799390792847,2649.0,509.765625,2.0289063453674316,1.0428799390792847,2649.0,509.765625,2.0289063453674316,1.0428799390792847,2649.0
2026-09-08T12:46:00.000+08:00,463.25006103515625,9.810768127441406,12.013916015625,21.466657638549805,0.16565223038196564,383.79998779296875,6.158999919891357,3.5399999618530273,1870.5,509.765625,2.0289063453674316,1.0424761772155762,2649.0,509.765625,2.0289063453674316,1.0424761772155762,2649.0,509.765625,2.0289063453674316,1.0424761772155762,2649.0
2026-09-08T12:47:00.000+08:00,465.6769714355469,9.788414001464844,12.0,21.42177963256836,0.16562582552433014,383.5,6.185999870300293,3.5439999103546143,1870.5,509.765625,2.0289063453674316,1.0493398904800415,2649.0,509.765625,2.0289063453674316,1.0493398904800415,2649.0,509.765625,2.0289063453674316,1.0493398904800415,2649.0
2026-09-08T12:48:00.000+08:00,467.36090087890625,9.708393096923828,12.007080078125,20.6914119720459,0.17171375453472137,383.6000061035156,6.163000106811523,3.5439999103546143,1870.5999755859375,509.765625,2.0289063453674316,1.0424761772155762,2649.0,509.765625,2.0289063453674316,1.0424761772155762,2649.0,509.765625,2.0289063453674316,1.0424761772155762,2649.0
2026-09-08T12:49:00.000+08:00,461.30108642578125,9.766586303710938,12.0,20.537927627563477,0.17255879938602448,384.29998779296875,6.201000213623047,3.566999912261963,1870.699951171875,513.28125,2.0289063453674316,1.0420724153518677,2649.0,513.28125,2.0289063453674316,1.0420724153518677,2649.0,513.28125,2.0289063453674316,1.0420724153518677,2649.0
2026-09-08T12:50:00.000+08:00,455.6836242675781,9.761512756347656,12.007080078125,20.84284019470215,0.16989046335220337,383.8999938964844,6.184000015258789,3.5350000858306885,1870.699951171875,509.765625,2.0289063453674316,1.0424761772155762,2649.0,509.765625,2.0289063453674316,1.0424761772155762,2649.0,509.765625,2.0289063453674316,1.0424761772155762,2649.0
2026-09-08T12:51:00.000+08:00,455.9615783691406,9.791015625,12.041748046875,20.517173767089844,0.17331822216510773,383.70001220703125,6.171000003814697,3.5360000133514404,1870.800048828125,509.765625,2.0289063453674316,1.0439566373825073,2649.0,509.765625,2.0289063453674316,1.0439566373825073,2649.0,509.765625,2.0289063453674316,1.0439566373825073,2649.0
2026-09-08T12:52:00.000+08:00,467.4026184082031,9.798164367675781,12.007080078125,20.928905487060547,0.1688573658466339,384.0,6.169000148773193,3.5380001068115234,1870.800048828125,509.765625,1.990625023841858,1.038304090499878,2649.0,509.765625,1.990625023841858,1.038304090499878,2649.0,509.765625,1.990625023841858,1.038304090499878,2649.0
2026-09-08T12:53:00.000+08:00,473.0690002441406,9.786331176757812,12.0,21.12598419189453,0.16756616532802582,383.70001220703125,6.171000003814697,3.5350000858306885,1870.9000244140625,509.765625,2.0289063453674316,1.0415340662002563,2649.0,509.765625,2.0289063453674316,1.0415340662002563,2649.0,509.765625,2.0289063453674316,1.0415340662002563,2649.0
2026-09-08T12:54:00.000+08:00,460.0733947753906,9.78237533569336,12.0,20.127769470214844,0.17582672834396362,383.5,6.127999782562256,3.5269999504089355,1871.0,509.765625,2.0289063453674316,1.0411304235458374,2649.0,509.765625,2.0289063453674316,1.0411304235458374,2649.0,509.765625,2.0289063453674316,1.0411304235458374,2649.0
2026-09-08T12:55:00.000+08:00,461.3143005371094,9.70876693725586,12.041748046875,20.26180648803711,0.17446617782115936,383.8999938964844,6.158999919891357,3.5460000038146973,1871.0,509.765625,2.0289063453674316,1.040726661682129,2649.0,509.765625,2.0289063453674316,1.040726661682129,2649.0,509.765625,2.0289063453674316,1.040726661682129,2649.0
2026-09-08T12:56:00.000+08:00,458.6528625488281,9.69580078125,12.0556640625,20.687467575073242,0.17048969864845276,383.6000061035156,6.131999969482422,3.5250000953674316,1871.0999755859375,509.765625,2.0289063453674316,1.0411304235458374,2649.0,509.765625,2.0289063453674316,1.0411304235458374,2649.0,509.765625,2.0289063453674316,1.0411304235458374,2649.0
2026-09-08T12:57:00.000+08:00,469.3312072753906,9.727092742919922,11.9794921875,21.751117706298828,0.1627962291240692,382.6000061035156,6.127999782562256,3.5160000324249268,1871.0999755859375,509.765625,1.990625023841858,1.0341321229934692,2649.0,509.765625,1.990625023841858,1.0341321229934692,2649.0,509.765625,1.990625023841858,1.0341321229934692,2649.0
2026-09-08T12:58:00.000+08:00,470.4385070800781,9.750404357910156,12.041748046875,21.711923599243164,0.16295194625854492,382.79998779296875,6.111999988555908,3.51200008392334,1871.199951171875,509.765625,1.990625023841858,1.0303637981414795,2649.0,509.765625,1.990625023841858,1.0303637981414795,2649.0,509.765625,1.990625023841858,1.0303637981414795,2649.0
2026-09-08T12:59:00.000+08:00,466.678466796875,9.71917724609375,11.9931640625,20.350753784179688,0.173359677195549,382.6000061035156,6.11299991607666,3.51200008392334,1871.199951171875,509.765625,1.990625023841858,1.034266710281372,2649.0,509.765625,1.990625023841858,1.034266710281372,2649.0,509.765625,1.990625023841858,1.034266710281372,2649.0
2026-09-08T13:00:00.000+08:00,468.8529052734375,9.69864273071289,12.013916015625,20.737028121948242,0.16935887932777405,382.70001220703125,6.118000030517578,3.509000062942505,1871.300048828125,509.765625,1.990625023841858,1.0360162258148193,2649.0,509.765625,1.990625023841858,1.0360162258148193,2649.0,509.765625,1.990625023841858,1.0360162258148193,2649.0
2026-09-08T13:01:00.000+08:00,474.369140625,9.696800231933594,12.041748046875,21.389129638671875,0.163774773478508,382.6000061035156,6.111999988555908,3.502000093460083,1871.4000244140625,509.765625,1.990625023841858,1.0282104015350342,2649.0,509.765625,1.990625023841858,1.0282104015350342,2649.0,509.765625,1.990625023841858,1.0282104015350342,2649.0
2026-09-08T13:02:00.000+08:00,456.7777099609375,9.726348876953125,11.9931640625,20.983396530151367,0.16698917746543884,382.6000061035156,6.122000217437744,3.505000114440918,1871.4000244140625,509.765625,1.990625023841858,1.0348049402236938,2649.0,509.765625,1.990625023841858,1.0348049402236938,2649.0,509.765625,1.990625023841858,1.0348049402236938,2649.0
2026-09-08T13:03:00.000+08:00,460.91552734375,9.748977661132812,11.909912109375,21.444854736328125,0.16330257058143616,382.6000061035156,6.145999908447266,3.5230000019073486,1871.5,509.765625,1.990625023841858,1.0282104015350342,2649.0,509.765625,1.990625023841858,1.0282104015350342,2649.0,509.765625,1.990625023841858,1.0282104015350342,2649.0
2026-09-08T13:04:00.000+08:00,454.6409912109375,9.74538803100586,11.923828125,20.448116302490234,0.17140944302082062,382.29998779296875,6.126999855041504,3.505000114440918,1871.5,509.765625,1.990625023841858,1.0284795761108398,2649.0,509.765625,1.990625023841858,1.0284795761108398,2649.0,509.765625,1.990625023841858,1.0284795761108398,2649.0
2026-09-08T13:05:00.000+08:00,460.0772705078125,9.72054672241211,11.944580078125,19.726089477539062,0.17859597504138947,382.20001220703125,6.11899995803833,3.500999927520752,1871.5999755859375,509.765625,1.990625023841858,1.0298254489898682,2649.0,509.765625,1.990625023841858,1.0298254489898682,2649.0,509.765625,1.990625023841858,1.0298254489898682,2649.0
2026-09-08T13:06:00.000+08:00,461.7568359375,9.799957275390625,11.9658203125,19.94478416442871,0.17568503320217133,382.1000061035156,6.114999771118164,3.496999979019165,1871.699951171875,509.765625,1.990625023841858,1.0292870998382568,2649.0,509.765625,1.990625023841858,1.0292870998382568,2649.0,509.765625,1.990625023841858,1.0292870998382568,2649.0
2026-09-08T13:07:00.000+08:00,454.8569641113281,9.724605560302734,11.9931640625,20.24300193786621,0.1728004515171051,382.29998779296875,6.130000114440918,3.503999948501587,1871.699951171875,509.765625,1.990625023841858,1.027268409729004,2649.0,509.765625,1.990625023841858,1.027268409729004,2649.0,509.765625,1.990625023841858,1.027268409729004,2649.0
2026-09-08T13:08:00.000+08:00,468.9119567871094,9.732872009277344,11.944580078125,20.11446189880371,0.17360642552375793,382.3999938964844,6.119999885559082,3.51200008392334,1871.800048828125,509.765625,1.990625023841858,1.0314403772354126,2649.0,509.765625,1.990625023841858,1.0314403772354126,2649.0,509.765625,1.990625023841858,1.0314403772354126,2649.0
2026-09-08T13:09:00.000+08:00,445.0177001953125,9.729934692382812,11.9375,19.517229080200195,0.17937996983528137,382.29998779296875,6.130000114440918,3.496999979019165,1871.800048828125,509.765625,1.990625023841858,1.0278067588806152,2649.0,509.765625,1.990625023841858,1.0278067588806152,2649.0,509.765625,1.990625023841858,1.0278067588806152,2649.0
2026-09-08T13:10:00.000+08:00,453.00274658203125,9.73892593383789,11.944580078125,19.779142379760742,0.17705519497394562,382.1000061035156,6.126999855041504,3.499000072479248,1871.9000244140625,509.765625,1.990625023841858,1.0284795761108398,2649.0,509.765625,1.990625023841858,1.0284795761108398,2649.0,509.765625,1.990625023841858,1.0284795761108398,2649.0
2026-09-08T13:11:00.000+08:00,452.3525695800781,9.708442687988281,11.9794921875,19.81340980529785,0.17690040171146393,381.29998779296875,6.10099983215332,3.4779999256134033,1871.9000244140625,506.25,1.990625023841858,1.0214812755584717,2649.0,506.25,1.990625023841858,1.0214812755584717,2649.0,506.25,1.990625023841858,1.0214812755584717,2649.0
2026-09-08T13:12:00.000+08:00,458.7605285644531,9.719551086425781,11.986328125,20.076688766479492,0.17428173124790192,381.5,6.11299991607666,3.490999937057495,1872.0,506.25,2.0289063453674316,1.0345358848571777,2649.0,506.25,2.0289063453674316,1.0345358848571777,2649.0,506.25,2.0289063453674316,1.0345358848571777,2649.0
2026-09-08T13:13:00.000+08:00,463.8620300292969,9.72671890258789,11.944580078125,20.413101196289062,0.17038078606128693,381.3999938964844,6.110000133514404,3.48799991607666,1872.0999755859375,506.25,1.990625023841858,1.027268409729004,2649.0,506.25,1.990625023841858,1.027268409729004,2649.0,506.25,1.990625023841858,1.027268409729004,2649.0
2026-09-08T13:14:00.000+08:00,459.33428955078125,9.716964721679688,11.9931640625,20.55167007446289,0.16986453533172607,381.8999938964844,6.113999843597412,3.49399995803833,1872.0999755859375,509.765625,1.990625023841858,1.0260571241378784,2649.0,509.765625,1.990625023841858,1.0260571241378784,2649.0,509.765625,1.990625023841858,1.0260571241378784,2649.0
2026-09-08T13:15:00.000+08:00,461.9423828125,9.710556030273438,11.9375,20.354354858398438,0.17136381566524506,382.1000061035156,6.118000030517578,3.500999927520752,1872.199951171875,509.765625,1.990625023841858,1.0310367345809937,2649.0,509.765625,1.990625023841858,1.0310367345809937,2649.0,509.765625,1.990625023841858,1.0310367345809937,2649.0
2026-09-08T13:16:00.000+08:00,459.72442626953125,9.733871459960938,11.95166015625,20.363937377929688,0.1715778261423111,382.1000061035156,6.131999969482422,3.50600004196167,1872.199951171875,509.765625,1.990625023841858,1.0292870998382568,2649.0,509.765625,1.990625023841858,1.0292870998382568,2649.0,509.765625,1.990625023841858,1.0292870998382568,2649.0
2026-09-08T13:17:00.000+08:00,472.6424255371094,9.734615325927734,11.9794921875,21.27431869506836,0.16428259015083313,381.5,6.119999885559082,3.48799991607666,1872.300048828125,506.25,1.990625023841858,1.0210776329040527,2649.0,506.25,1.990625023841858,1.0210776329040527,2649.0,506.25,1.990625023841858,1.0210776329040527,2649.0
2026-09-08T13:18:00.000+08:00,466.08056640625,9.716964721679688,11.9794921875,20.60562515258789,0.16961386799812317,381.6000061035156,6.118000030517578,3.496999979019165,1872.4000244140625,506.25,1.990625023841858,1.0260571241378784,2649.0,506.25,1.990625023841858,1.0260571241378784,2649.0,506.25,1.990625023841858,1.0260571241378784,2649.0
2026-09-08T13:19:00.000+08:00,470.0437316894531,9.70697021484375,11.972412109375,21.009918212890625,0.1659216433763504,382.20001220703125,6.11899995803833,3.502000093460083,1872.4000244140625,509.765625,1.990625023841858,1.0302292108535767,2649.0,509.765625,1.990625023841858,1.0302292108535767,2649.0,509.765625,1.990625023841858,1.0302292108535767,2649.0
2026-09-08T13:20:00.000+08:00,468.47357177734375,9.726348876953125,11.951416015625,21.19666290283203,0.164790078997612,382.20001220703125,6.119999885559082,3.5,1872.5,509.765625,1.990625023841858,1.0278067588806152,2649.0,509.765625,1.990625023841858,1.0278067588806152,2649.0,509.765625,1.990625023841858,1.0278067588806152,2649.0
2026-09-08T13:21:00.000+08:00,469.859130859375,9.734989166259766,11.944580078125,21.004013061523438,0.16720613837242126,382.3999938964844,6.142000198364258,3.506999969482422,1872.5,509.765625,1.990625023841858,1.0310367345809937,2649.0,509.765625,1.990625023841858,1.0310367345809937,2649.0,509.765625,1.990625023841858,1.0310367345809937,2649.0
2026-09-08T13:22:00.000+08:00,461.34759521484375,9.723133087158203,11.97265625,20.367605209350586,0.17184151709079742,382.0,6.132999897003174,3.500999927520752,1872.5999755859375,509.765625,1.990625023841858,1.02565336227417,2649.0,509.765625,1.990625023841858,1.02565336227417,2649.0,509.765625,1.990625023841858,1.02565336227417,2649.0
2026-09-08T13:23:00.000+08:00,460.537109375,9.75082015991211,11.951416015625,20.19040870666504,0.1736963391304016,381.70001220703125,6.118000030517578,3.499000072479248,1872.5999755859375,509.765625,1.990625023841858,1.02565336227417,2649.0,509.765625,1.990625023841858,1.02565336227417,2649.0,509.765625,1.990625023841858,1.02565336227417,2649.0
2026-09-08T13:24:00.000+08:00,478.9516296386719,9.755149841308594,11.944580078125,21.555150985717773,0.16242057085037231,381.8999938964844,6.132999897003174,3.503999948501587,1872.699951171875,509.765625,1.990625023841858,1.02565336227417,2649.0,509.765625,1.990625023841858,1.02565336227417,2649.0,509.765625,1.990625023841858,1.02565336227417,2649.0
2026-09-08T13:25:00.000+08:00,473.930908203125,9.704757690429688,11.951416015625,21.1762752532959,0.1649959683418274,382.20001220703125,6.113999843597412,3.499000072479248,1872.800048828125,509.765625,1.990625023841858,1.0294216871261597,2649.0,509.765625,1.990625023841858,1.0294216871261597,2649.0,509.765625,1.990625023841858,1.0294216871261597,2649.0
2026-09-08T13:26:00.000+08:00,472.6769714355469,9.712024688720703,11.9375,21.386493682861328,0.16356118023395538,382.1000061035156,6.140999794006348,3.500999927520752,1872.800048828125,509.765625,1.990625023841858,1.0302292108535767,2649.0,509.765625,1.990625023841858,1.0302292108535767,2649.0,509.765625,1.990625023841858,1.0302292108535767,2649.0
2026-09-08T13:27:00.000+08:00,458.7692565917969,9.74893569946289,11.9658203125,20.563613891601562,0.17030079662799835,382.3999938964844,6.14900016784668,3.5169999599456787,1872.9000244140625,509.765625,1.990625023841858,1.0310367345809937,2649.0,509.765625,1.990625023841858,1.0310367345809937,2649.0,509.765625,1.990625023841858,1.0310367345809937,2649.0
2026-09-08T13:28:00.000+08:00,478.9515075683594,9.788101196289062,11.9931640625,21.63344955444336,0.16220252215862274,382.20001220703125,6.146999835968018,3.506999969482422,1872.9000244140625,509.765625,1.990625023841858,1.0290179252624512,2650.0,509.765625,1.990625023841858,1.0290179252624512,2650.0,509.765625,1.990625023841858,1.0290179252624512,2650.0
2026-09-08T13:29:00.000+08:00,463.4885559082031,9.751518249511719,12.034912109375,20.951641082763672,0.16738545894622803,381.8999938964844,6.123000144958496,3.493000030517578,1873.0,509.765625,1.990625023841858,1.0260571241378784,2650.0,509.765625,1.990625023841858,1.0260571241378784,2650.0,509.765625,1.990625023841858,1.0260571241378784,2650.0
2026-09-08T13:30:00.000+08:00,480.8663330078125,9.809337615966797,11.944580078125,20.962574005126953,0.16705963015556335,382.29998779296875,6.145999908447266,3.50600004196167,1873.0999755859375,509.765625,1.990625023841858,1.0294216871261597,2650.0,509.765625,1.990625023841858,1.0294216871261597,2650.0,509.765625,1.990625023841858,1.0294216871261597,2650.0
2026-09-08T13:31:00.000+08:00,457.5540771484375,9.763744354248047,12.03515625,20.729644775390625,0.16879208385944366,382.20001220703125,6.13700008392334,3.503999948501587,1873.0999755859375,509.765625,1.990625023841858,1.0278067588806152,2650.0,509.765625,1.990625023841858,1.0278067588806152,2650.0,509.765625,1.990625023841858,1.0278067588806152,2650.0
2026-09-08T13:32:00.000+08:00,463.4824523925781,9.762626647949219,12.007080078125,19.635822296142578,0.1786530762910843,382.20001220703125,6.130000114440918,3.51200008392334,1873.199951171875,509.765625,1.990625023841858,1.0310367345809937,2650.0,509.765625,1.990625023841858,1.0310367345809937,2650.0,509.765625,1.990625023841858,1.0310367345809937,2650.0
2026-09-08T13:33:00.000+08:00,458.6010437011719,9.688278198242188,12.0419921875,20.668052673339844,0.1695370227098465,381.3999938964844,6.111000061035156,3.4839999675750732,1873.199951171875,506.25,1.990625023841858,1.0235000848770142,2650.0,506.25,1.990625023841858,1.0235000848770142,2650.0,506.25,1.990625023841858,1.0235000848770142,2650.0
2026-09-08T13:34:00.000+08:00,454.39776611328125,9.759414672851562,12.048583984375,20.235567092895508,0.17355580627918243,381.70001220703125,6.124000072479248,3.494999885559082,1873.300048828125,506.25,1.990625023841858,1.0252496004104614,2650.0,506.25,1.990625023841858,1.0252496004104614,2650.0,506.25,1.990625023841858,1.0252496004104614,2650.0
2026-09-08T13:35:00.000+08:00,452.8802490234375,9.678539276123047,11.944580078125,21.208213806152344,0.16503040492534637,382.0,6.1479997634887695,3.493000030517578,1873.300048828125,506.25,1.990625023841858,1.0300946235656738,2650.0,506.25,1.990625023841858,1.0300946235656738,2650.0,506.25,1.990625023841858,1.0300946235656738,2650.0
2026-09-08T13:36:00.000+08:00,467.68487548828125,9.437618255615234,11.861328125,21.26774024963379,0.16405127942562103,381.8999938964844,6.11899995803833,3.490000009536743,1873.4000244140625,509.765625,1.990625023841858,1.0292870998382568,2650.0,509.765625,1.990625023841858,1.0292870998382568,2650.0,509.765625,1.990625023841858,1.0292870998382568,2650.0
2026-09-08T13:37:00.000+08:00,462.25543212890625,9.45309829711914,11.8408203125,20.685832977294922,0.16914957761764526,382.1000061035156,6.14900016784668,3.502000093460083,1873.5,509.765625,1.990625023841858,1.0260571241378784,2650.0,509.765625,1.990625023841858,1.0260571241378784,2650.0,509.765625,1.990625023841858,1.0260571241378784,2650.0
2026-09-08T13:38:00.000+08:00,456.7349548339844,9.463481903076172,11.819580078125,21.729446411132812,0.16079562902450562,382.29998779296875,6.13700008392334,3.502000093460083,1873.5,509.765625,1.990625023841858,1.0306329727172852,2650.0,509.765625,1.990625023841858,1.0306329727172852,2650.0,509.765625,1.990625023841858,1.0306329727172852,2650.0
2026-09-08T13:39:00.000+08:00,470.34332275390625,9.384090423583984,11.8681640625,22.179365158081055,0.1576690673828125,382.1000061035156,6.140999794006348,3.499000072479248,1873.5999755859375,509.765625,1.990625023841858,1.0306329727172852,2650.0,509.765625,1.990625023841858,1.0306329727172852,2650.0,509.765625,1.990625023841858,1.0306329727172852,2650.0
2026-09-08T13:40:00.000+08:00,452.55157470703125,9.455215454101562,11.861328125,22.024824142456055,0.15882079303264618,382.6000061035156,6.158999919891357,3.513000011444092,1873.5999755859375,509.765625,1.990625023841858,1.032786250114441,2650.0,509.765625,1.990625023841858,1.032786250114441,2650.0,509.765625,1.990625023841858,1.032786250114441,2650.0
2026-09-08T13:41:00.000+08:00,453.8389587402344,9.408504486083984,11.819580078125,22.368396759033203,0.1564260572195053,382.3999938964844,6.132999897003174,3.50600004196167,1873.699951171875,509.765625,1.990625023841858,1.0306329727172852,2650.0,509.765625,1.990625023841858,1.0306329727172852,2650.0,509.765625,1.990625023841858,1.0306329727172852,2650.0
2026-09-08T13:42:00.000+08:00,458.21453857421875,9.447998046875,11.9306640625,21.2967472076416,0.16481389105319977,381.79998779296875,6.113999843597412,3.499000072479248,1873.800048828125,509.765625,1.990625023841858,1.0292870998382568,2650.0,509.765625,1.990625023841858,1.0292870998382568,2650.0,509.765625,1.990625023841858,1.0292870998382568,2650.0
2026-09-08T13:43:00.000+08:00,450.9111022949219,9.444786071777344,11.909912109375,22.061363220214844,0.15846708416938782,381.8999938964844,6.124000072479248,3.496999979019165,1873.800048828125,509.765625,1.990625023841858,1.0268646478652954,2650.0,509.765625,1.990625023841858,1.0268646478652954,2650.0,509.765625,1.990625023841858,1.0268646478652954,2650.0
2026-09-08T13:44:00.000+08:00,445.22247314453125,9.452327728271484,11.909912109375,21.533910751342773,0.16234858334064484,382.3999938964844,6.114999771118164,3.50600004196167,1873.9000244140625,509.765625,1.990625023841858,1.031844139099121,2650.0,509.765625,1.990625023841858,1.031844139099121,2650.0,509.765625,1.990625023841858,1.031844139099121,2650.0
2026-09-08T13:45:00.000+08:00,458.6431579589844,9.444061279296875,11.909912109375,22.10085678100586,0.15804818272590637,382.20001220703125,6.125,3.492000102996826,1873.9000244140625,509.765625,1.990625023841858,1.024845838546753,2650.0,509.765625,1.990625023841858,1.024845838546753,2650.0,509.765625,1.990625023841858,1.024845838546753,2650.0
2026-09-08T13:46:00.000+08:00,459.5067443847656,9.529525756835938,11.923828125,22.061365127563477,0.1588297039270401,382.29998779296875,6.117000102996826,3.499000072479248,1874.0,509.765625,1.990625023841858,1.0278067588806152,2650.0,509.765625,1.990625023841858,1.0278067588806152,2650.0,509.765625,1.990625023841858,1.0278067588806152,2650.0
2026-09-08T13:47:00.000+08:00,460.08514404296875,9.537422180175781,11.9306640625,22.361207962036133,0.15638691186904907,381.0,6.099999904632568,3.4809999465942383,1874.0,506.25,1.990625023841858,1.017309308052063,2650.0,506.25,1.990625023841858,1.017309308052063,2650.0,506.25,1.990625023841858,1.017309308052063,2650.0
2026-09-08T13:48:00.000+08:00,444.9509582519531,9.477481842041016,11.9306640625,21.023462295532227,0.16686119139194489,381.8999938964844,6.113999843597412,3.489000082015991,1874.0999755859375,509.765625,1.990625023841858,1.02565336227417,2650.0,509.765625,1.990625023841858,1.02565336227417,2650.0,509.765625,1.990625023841858,1.02565336227417,2650.0
2026-09-08T13:49:00.000+08:00,455.4727478027344,9.464534759521484,11.875,21.36581802368164,0.1632046103477478,381.79998779296875,6.105999946594238,3.489000082015991,1874.199951171875,506.25,1.990625023841858,1.026460886001587,2650.0,506.25,1.990625023841858,1.026460886001587,2650.0,506.25,1.990625023841858,1.026460886001587,2650.0
2026-09-08T13:50:00.000+08:00,448.9129638671875,9.539981842041016,11.9306640625,21.8504581451416,0.15967628359794617,382.0,6.111000061035156,3.496999979019165,1874.199951171875,509.765625,1.990625023841858,1.0280758142471313,2650.0,509.765625,1.990625023841858,1.0280758142471313,2650.0,509.765625,1.990625023841858,1.0280758142471313,2650.0
2026-09-08T13:51:00.000+08:00,442.1729431152344,9.552860260009766,11.923583984375,21.360042572021484,0.16220296919345856,381.8999938964844,6.118000030517578,3.494999885559082,1874.300048828125,509.765625,1.990625023841858,1.02565336227417,2650.0,509.765625,1.990625023841858,1.02565336227417,2650.0,509.765625,1.990625023841858,1.02565336227417,2650.0
2026-09-08T13:52:00.000+08:00,445.0617370605469,9.506912231445312,11.909912109375,21.032032012939453,0.1662701964378357,381.8999938964844,6.124000072479248,3.490000009536743,1874.300048828125,506.25,1.990625023841858,1.0276721715927124,2650.0,506.25,1.990625023841858,1.0276721715927124,2650.0,506.25,1.990625023841858,1.0276721715927124,2650.0
2026-09-08T13:53:00.000+08:00,455.5314025878906,9.497570037841797,11.84765625,21.287647247314453,0.16436761617660522,381.79998779296875,6.120999813079834,3.493000030517578,1874.4000244140625,506.25,2.0289063453674316,1.039784550666809,2650.0,506.25,2.0289063453674316,1.039784550666809,2650.0,506.25,2.0289063453674316,1.039784550666809,2650.0
2026-09-08T13:54:00.000+08:00,453.63873291015625,9.477527618408203,11.8681640625,22.355745315551758,0.1561567187309265,382.0,6.120999813079834,3.493000030517578,1874.5,509.765625,1.990625023841858,1.02565336227417,2650.0,509.765625,1.990625023841858,1.02565336227417,2650.0,509.765625,1.990625023841858,1.02565336227417,2650.0
2026-09-08T13:55:00.000+08:00,445.60833740234375,9.45916748046875,11.84033203125,20.663082122802734,0.1691422313451767,382.1000061035156,6.138999938964844,3.507999897003174,1874.5,509.765625,1.990625023841858,1.0265954732894897,2650.0,509.765625,1.990625023841858,1.0265954732894897,2650.0,509.765625,1.990625023841858,1.0265954732894897,2650.0
2026-09-08T13:56:00.000+08:00,466.81842041015625,9.460269927978516,11.847412109375,22.156278610229492,0.1580590307712555,382.5,6.125,3.50600004196167,1874.5999755859375,509.765625,1.990625023841858,1.0298254489898682,2650.0,509.765625,1.990625023841858,1.0298254489898682,2650.0,509.765625,1.990625023841858,1.0298254489898682,2650.0
2026-09-08T13:57:00.000+08:00,460.0418701171875,9.542144775390625,11.8681640625,21.792760848999023,0.16078734397888184,382.5,6.116000175476074,3.507999897003174,1874.5999755859375,509.765625,1.990625023841858,1.0298254489898682,2650.0,509.765625,1.990625023841858,1.0298254489898682,2650.0,509.765625,1.990625023841858,1.0298254489898682,2650.0
2026-09-08T13:58:00.000+08:00,453.82879638671875,9.511966705322266,11.916748046875,21.519908905029297,0.16282597184181213,382.5,6.111999988555908,3.505000114440918,1874.699951171875,509.765625,1.990625023841858,1.0298254489898682,2650.0,509.765625,1.990625023841858,1.0298254489898682,2650.0,509.765625,1.990625023841858,1.0298254489898682,2650.0
2026-09-08T13:59:00.000+08:00,455.7823181152344,9.511966705322266,11.923583984375,21.034847259521484,0.1669134944677353,382.3999938964844,6.114999771118164,3.513000011444092,1874.699951171875,509.765625,1.990625023841858,1.0306329727172852,2650.0,509.765625,1.990625023841858,1.0306329727172852,2650.0,509.765625,1.990625023841858,1.0306329727172852,2650.0
2026-09-08T14:00:00.000+08:00,439.44024658203125,9.537792205810547,11.91015625,20.96737289428711,0.16716448962688446,382.6000061035156,6.116000175476074,3.510999917984009,1874.800048828125,509.765625,1.990625023841858,1.0315749645233154,2650.0,509.765625,1.990625023841858,1.0315749645233154,2650.0,509.765625,1.990625023841858,1.0315749645233154,2650.0
2026-09-08T14:01:00.000+08:00,450.1564636230469,9.520606994628906,11.888916015625,21.53974151611328,0.16309387981891632,382.6000061035156,6.111999988555908,3.506999969482422,1874.9000244140625,509.765625,1.990625023841858,1.0298254489898682,2650.0,509.765625,1.990625023841858,1.0298254489898682,2650.0,509.765625,1.990625023841858,1.0298254489898682,2650.0
2026-09-08T14:02:00.000+08:00,444.53839111328125,9.550369262695312,11.882080078125,21.000940322875977,0.16718298196792603,382.5,6.10099983215332,3.505000114440918,1874.9000244140625,509.765625,1.990625023841858,1.0265954732894897,2650.0,509.765625,1.990625023841858,1.0265954732894897,2650.0,509.765625,1.990625023841858,1.0265954732894897,2650.0
2026-09-08T14:03:00.000+08:00,438.03997802734375,9.497230529785156,11.888916015625,20.4958438873291,0.17110785841941833,382.70001220703125,6.110000133514404,3.509000062942505,1875.0,509.765625,1.990625023841858,1.0265954732894897,2650.0,509.765625,1.990625023841858,1.0265954732894897,2650.0,509.765625,1.990625023841858,1.0265954732894897,2650.0
2026-09-08T14:04:00.000+08:00,449.9192199707031,9.546409606933594,11.9306640625,21.23369026184082,0.16478531062602997,382.3999938964844,6.0970001220703125,3.496000051498413,1875.0,509.765625,1.990625023841858,1.0290179252624512,2650.0,509.765625,1.990625023841858,1.0290179252624512,2650.0,509.765625,1.990625023841858,1.0290179252624512,2650.0
2026-09-08T14:05:00.000+08:00,443.89166259765625,9.51913833618164,11.923583984375,20.46010971069336,0.17140670120716095,382.29998779296875,6.093999862670898,3.496999979019165,1875.0999755859375,509.765625,1.990625023841858,1.0290179252624512,2650.0,509.765625,1.990625023841858,1.0290179252624512,2650.0,509.765625,1.990625023841858,1.0290179252624512,2650.0
2026-09-08T14:06:00.000+08:00,447.02972412109375,9.558303833007812,11.8681640625,20.786884307861328,0.16832728683948517,382.20001220703125,6.0879998207092285,3.49399995803833,1875.199951171875,509.765625,1.990625023841858,1.0260571241378784,2650.0,509.765625,1.990625023841858,1.0260571241378784,2650.0,509.765625,1.990625023841858,1.0260571241378784,2650.0
2026-09-08T14:07:00.000+08:00,445.6990966796875,9.549995422363281,11.882080078125,21.250049591064453,0.16494078934192657,382.3999938964844,6.085999965667725,3.493000030517578,1875.199951171875,509.765625,1.990625023841858,1.0302292108535767,2650.0,509.765625,1.990625023841858,1.0302292108535767,2650.0,509.765625,1.990625023841858,1.0302292108535767,2650.0
2026-09-08T14:08:00.000+08:00,443.4301452636719,9.549995422363281,11.923828125,19.801319122314453,0.1767559051513672,382.3999938964844,6.098999977111816,3.5,1875.300048828125,509.765625,1.990625023841858,1.023634672164917,2650.0,509.765625,1.990625023841858,1.023634672164917,2650.0,509.765625,1.990625023841858,1.023634672164917,2650.0
2026-09-08T14:09:00.000+08:00,431.5856628417969,9.529464721679688,11.9931640625,20.108686447143555,0.1737060248851776,382.29998779296875,6.105999946594238,3.5,1875.300048828125,509.765625,1.990625023841858,1.02565336227417,2650.0,509.765625,1.990625023841858,1.02565336227417,2650.0,509.765625,1.990625023841858,1.02565336227417,2650.0
2026-09-08T14:10:00.000+08:00,438.4791259765625,9.546371459960938,11.9375,20.62813377380371,0.16923488676548004,382.20001220703125,6.083000183105469,3.49399995803833,1875.4000244140625,509.765625,1.990625023841858,1.0228271484375,2650.0,509.765625,1.990625023841858,1.0228271484375,2650.0,509.765625,1.990625023841858,1.0228271484375,2650.0
2026-09-08T14:11:00.000+08:00,433.00238037109375,9.565437316894531,11.9375,20.988094329833984,0.16676121950149536,382.20001220703125,6.090000152587891,3.497999906539917,1875.4000244140625,509.765625,1.990625023841858,1.024442195892334,2650.0,509.765625,1.990625023841858,1.024442195892334,2650.0,509.765625,1.990625023841858,1.024442195892334,2650.0
2026-09-08T14:12:00.000+08:00,421.0526428222656,9.70444107055664,12.034912109375,20.35157585144043,0.17168202996253967,382.0,6.1519999504089355,3.493000030517578,1875.5,506.25,1.990625023841858,1.0240384340286255,2650.0,506.25,1.990625023841858,1.0240384340286255,2650.0,506.25,1.990625023841858,1.0240384340286255,2650.0
2026-09-08T14:13:00.000+08:00,427.0340270996094,9.673164367675781,12.034912109375,20.56983757019043,0.17005480825901031,382.29998779296875,6.084000110626221,3.494999885559082,1875.5999755859375,509.765625,1.990625023841858,1.024845838546753,2650.0,509.765625,1.990625023841858,1.024845838546753,2650.0,509.765625,1.990625023841858,1.024845838546753,2650.0
2026-09-08T14:14:00.000+08:00,435.47210693359375,9.692169189453125,12.076416015625,20.664457321166992,0.16893741488456726,382.3999938964844,6.072000026702881,3.49399995803833,1875.5999755859375,509.765625,1.990625023841858,1.0290179252624512,2650.0,509.765625,1.990625023841858,1.0290179252624512,2650.0,509.765625,1.990625023841858,1.0290179252624512,2650.0
2026-09-08T14:15:00.000+08:00,439.25006103515625,9.72922134399414,12.1181640625,19.830791473388672,0.1763923615217209,382.29998779296875,6.0879998207092285,3.496000051498413,1875.699951171875,509.765625,1.990625023841858,1.024845838546753,2650.0,509.765625,1.990625023841858,1.024845838546753,2650.0,509.765625,1.990625023841858,1.024845838546753,2650.0
2026-09-08T14:16:00.000+08:00,428.1272277832031,9.720184326171875,12.083251953125,20.378881454467773,0.1714029312133789,382.5,6.085000038146973,3.497999906539917,1875.699951171875,509.765625,1.990625023841858,1.0284795761108398,2650.0,509.765625,1.990625023841858,1.0284795761108398,2650.0,509.765625,1.990625023841858,1.0284795761108398,2650.0
2026-09-08T14:17:00.000+08:00,433.6952209472656,9.715873718261719,12.097412109375,20.081188201904297,0.1740434765815735,382.3999938964844,6.099999904632568,3.497999906539917,1875.800048828125,509.765625,1.990625023841858,1.0253841876983643,2650.0,509.765625,1.990625023841858,1.0253841876983643,2650.0,509.765625,1.990625023841858,1.0253841876983643,2650.0
2026-09-08T14:18:00.000+08:00,433.75262451171875,9.733158111572266,12.1181640625,20.336997985839844,0.17185427248477936,382.5,6.085999965667725,3.496000051498413,1875.800048828125,509.765625,2.0289063453674316,1.0374966859817505,2650.0,509.765625,2.0289063453674316,1.0374966859817505,2650.0,509.765625,2.0289063453674316,1.0374966859817505,2650.0
2026-09-08T14:19:00.000+08:00,436.9874267578125,9.697620391845703,12.111328125,20.648813247680664,0.16940440237522125,382.29998779296875,6.078000068664551,3.493000030517578,1875.9000244140625,509.765625,1.990625023841858,1.024845838546753,2650.0,509.765625,1.990625023841858,1.024845838546753,2650.0,509.765625,1.990625023841858,1.024845838546753,2650.0
2026-09-08T14:20:00.000+08:00,428.0505065917969,9.702533721923828,12.083251953125,20.134347915649414,0.1736336350440979,382.6000061035156,6.0980000495910645,3.505000114440918,1876.0,509.765625,1.990625023841858,1.0269992351531982,2650.0,509.765625,1.990625023841858,1.0269992351531982,2650.0,509.765625,1.990625023841858,1.0269992351531982,2650.0
2026-09-08T14:21:00.000+08:00,435.1812744140625,9.716995239257812,12.1181640625,19.510831832885742,0.1791825145483017,382.3999938964844,6.099999904632568,3.5,1876.0,509.765625,1.990625023841858,1.0278067588806152,2650.0,509.765625,1.990625023841858,1.0278067588806152,2650.0,509.765625,1.990625023841858,1.0278067588806152,2650.0
2026-09-08T14:22:00.000+08:00,435.6964111328125,9.80282974243164,12.069580078125,20.82999610900879,0.1679789125919342,382.0,6.091000080108643,3.4820001125335693,1876.0999755859375,506.25,1.990625023841858,1.0252496004104614,2650.0,506.25,1.990625023841858,1.0252496004104614,2650.0,506.25,1.990625023841858,1.0252496004104614,2650.0
2026-09-08T14:23:00.000+08:00,431.5253601074219,9.790542602539062,12.173828125,20.568950653076172,0.1701107621192932,382.29998779296875,6.114999771118164,3.493000030517578,1876.0999755859375,509.765625,1.990625023841858,1.027268409729004,2650.0,509.765625,1.990625023841858,1.027268409729004,2650.0,509.765625,1.990625023841858,1.027268409729004,2650.0
2026-09-08T14:24:00.000+08:00,431.01007080078125,9.767601013183594,12.173828125,20.37171745300293,0.17121776938438416,382.5,6.119999885559082,3.493000030517578,1876.199951171875,509.765625,1.990625023841858,1.0260571241378784,2650.0,509.765625,1.990625023841858,1.0260571241378784,2650.0,509.765625,1.990625023841858,1.0260571241378784,2650.0
2026-09-08T14:25:00.000+08:00,440.70587158203125,9.782276153564453,12.159912109375,20.72024917602539,0.168434277176857,382.3999938964844,6.090000152587891,3.490000009536743,1876.300048828125,509.765625,1.990625023841858,1.0298254489898682,2650.0,509.765625,1.990625023841858,1.0298254489898682,2650.0,509.765625,1.990625023841858,1.0298254489898682,2650.0
2026-09-08T14:26:00.000+08:00,428.3530578613281,9.77267074584961,12.125,19.910930633544922,0.1755819469690323,382.0,6.072999954223633,3.493000030517578,1876.300048828125,506.25,1.990625023841858,1.02471125125885,2651.0,506.25,1.990625023841858,1.02471125125885,2651.0,506.25,1.990625023841858,1.02471125125885,2651.0
2026-09-08T14:27:00.000+08:00,433.33404541015625,9.79134750366211,12.097412109375,20.442628860473633,0.17047709226608276,382.29998779296875,6.081999778747559,3.497999906539917,1876.4000244140625,509.765625,1.990625023841858,1.0260571241378784,2651.0,509.765625,1.990625023841858,1.0260571241378784,2651.0,509.765625,1.990625023841858,1.0260571241378784,2651.0
2026-09-08T14:28:00.000+08:00,433.8757629394531,9.764015197753906,12.173828125,20.250329971313477,0.17249101400375366,382.5,6.080999851226807,3.49399995803833,1876.4000244140625,509.765625,1.990625023841858,1.0278067588806152,2651.0,509.765625,1.990625023841858,1.0278067588806152,2651.0,509.765625,1.990625023841858,1.0278067588806152,2651.0
2026-09-08T14:29:00.000+08:00,446.7743835449219,9.802764892578125,12.166748046875,20.44223403930664,0.17111633718013763,382.3999938964844,6.09499979019165,3.496000051498413,1876.5,509.765625,1.990625023841858,1.0302292108535767,2651.0,509.765625,1.990625023841858,1.0302292108535767,2651.0,509.765625,1.990625023841858,1.0302292108535767,2651.0
2026-09-08T14:30:00.000+08:00,436.0502014160156,9.790168762207031,12.159912109375,20.050392150878906,0.1742609292268753,382.3999938964844,6.085000038146973,3.497999906539917,1876.5,509.765625,1.990625023841858,1.0278067588806152,2651.0,509.765625,1.990625023841858,1.0278067588806152,2651.0,509.765625,1.990625023841858,1.0278067588806152,2651.0
2026-09-08T14:31:00.000+08:00,429.1072082519531,9.783760070800781,12.159912109375,19.984603881835938,0.17468447983264923,382.29998779296875,6.089000225067139,3.494999885559082,1876.5999755859375,509.765625,1.990625023841858,1.024845838546753,2651.0,509.765625,1.990625023841858,1.024845838546753,2651.0,509.765625,1.990625023841858,1.024845838546753,2651.0
2026-09-08T14:32:00.000+08:00,427.6416931152344,9.782058715820312,12.132080078125,20.764766693115234,0.16874738037586212,382.20001220703125,6.085999965667725,3.494999885559082,1876.699951171875,509.765625,1.990625023841858,1.0278067588806152,2651.0,509.765625,1.990625023841858,1.0278067588806152,2651.0,509.765625,1.990625023841858,1.0278067588806152,2651.0
2026-09-08T14:33:00.000+08:00,437.5929870605469,9.764015197753906,12.159912109375,20.417333602905273,0.17108012735843658,382.29998779296875,6.089000225067139,3.492000102996826,1876.699951171875,509.765625,1.990625023841858,1.024845838546753,2651.0,509.765625,1.990625023841858,1.024845838546753,2651.0,509.765625,1.990625023841858,1.024845838546753,2651.0
2026-09-08T14:34:00.000+08:00,437.1644287109375,9.771537780761719,12.145751953125,20.700159072875977,0.1690325140953064,382.70001220703125,6.103000164031982,3.509999990463257,1876.800048828125,509.765625,1.990625023841858,1.0310367345809937,2651.0,509.765625,1.990625023841858,1.0310367345809937,2651.0,509.765625,1.990625023841858,1.0310367345809937,2651.0
2026-09-08T14:35:00.000+08:00,431.3033142089844,9.795242309570312,12.125,20.748260498046875,0.1684478521347046,382.6000061035156,6.105999946594238,3.513000011444092,1876.800048828125,509.765625,1.990625023841858,1.0282104015350342,2651.0,509.765625,1.990625023841858,1.0282104015350342,2651.0,509.765625,1.990625023841858,1.0282104015350342,2651.0
2026-09-08T14:36:00.000+08:00,430.60272216796875,9.780567169189453,12.1669921875,20.462820053100586,0.17123739421367645,382.6000061035156,6.0970001220703125,3.505000114440918,1876.9000244140625,509.765625,1.990625023841858,1.0306329727172852,2651.0,509.765625,1.990625023841858,1.0306329727172852,2651.0,509.765625,1.990625023841858,1.0306329727172852,2651.0
2026-09-08T14:37:00.000+08:00,426.5662536621094,9.799571990966797,12.173828125,19.718135833740234,0.17770443856716156,382.70001220703125,6.103000164031982,3.503999948501587,1877.0,509.765625,1.990625023841858,1.0298254489898682,2651.0,509.765625,1.990625023841858,1.0298254489898682,2651.0,509.765625,1.990625023841858,1.0298254489898682,2651.0
2026-09-08T14:38:00.000+08:00,437.630859375,9.795242309570312,12.173828125,20.721649169921875,0.16914676129817963,383.0,6.114999771118164,3.5139999389648438,1877.0,509.765625,1.990625023841858,1.0331900119781494,2651.0,509.765625,1.990625023841858,1.0331900119781494,2651.0,509.765625,1.990625023841858,1.0331900119781494,2651.0
2026-09-08T14:39:00.000+08:00,429.2946472167969,9.772235870361328,12.229248046875,20.223281860351562,0.17326565086841583,382.79998779296875,6.107999801635742,3.510999917984009,1877.0999755859375,509.765625,1.990625023841858,1.0315749645233154,2651.0,509.765625,1.990625023841858,1.0315749645233154,2651.0,509.765625,1.990625023841858,1.0315749645233154,2651.0
2026-09-08T14:40:00.000+08:00,431.2618408203125,9.752861022949219,12.229248046875,20.163190841674805,0.17388121783733368,382.5,6.11299991607666,3.507999897003174,1877.0999755859375,509.765625,1.990625023841858,1.0294216871261597,2651.0,509.765625,1.990625023841858,1.0294216871261597,2651.0,509.765625,1.990625023841858,1.0294216871261597,2651.0
2026-09-08T14:41:00.000+08:00,419.38214111328125,9.791656494140625,12.16015625,20.534072875976562,0.17098410427570343,383.1000061035156,6.125999927520752,3.5209999084472656,1877.199951171875,509.765625,1.990625023841858,1.034401297569275,2651.0,509.765625,1.990625023841858,1.034401297569275,2651.0,509.765625,1.990625023841858,1.034401297569275,2651.0
2026-09-08T14:42:00.000+08:00,443.7409973144531,9.873905181884766,12.159912109375,21.86256980895996,0.160273939371109,382.79998779296875,6.11299991607666,3.503000020980835,1877.300048828125,509.765625,1.990625023841858,1.0274029970169067,2651.0,509.765625,1.990625023841858,1.0274029970169067,2651.0,509.765625,1.990625023841858,1.0274029970169067,2651.0
2026-09-08T14:43:00.000+08:00,430.0661315917969,9.758312225341797,12.236083984375,19.876760482788086,0.17709122598171234,383.0,6.118000030517578,3.5139999389648438,1877.300048828125,509.765625,1.990625023841858,1.029152512550354,2651.0,509.765625,1.990625023841858,1.029152512550354,2651.0,509.765625,1.990625023841858,1.029152512550354,2651.0
2026-09-08T14:44:00.000+08:00,436.80474853515625,9.838676452636719,12.1875,20.202951431274414,0.17329151928424835,382.70001220703125,6.114999771118164,3.510999917984009,1877.4000244140625,509.765625,1.990625023841858,1.0323824882507324,2651.0,509.765625,1.990625023841858,1.0323824882507324,2651.0,509.765625,1.990625023841858,1.0323824882507324,2651.0
2026-09-08T14:45:00.000+08:00,445.50494384765625,9.780879974365234,12.236328125,21.844844818115234,0.16044975817203522,382.6000061035156,6.119999885559082,3.502000093460083,1877.4000244140625,509.765625,1.990625023841858,1.0306329727172852,2651.0,509.765625,1.990625023841858,1.0306329727172852,2651.0,509.765625,1.990625023841858,1.0306329727172852,2651.0
2026-09-08T14:46:00.000+08:00,435.2016906738281,9.796730041503906,12.132080078125,21.019725799560547,0.16684328019618988,382.6000061035156,6.1020002365112305,3.497999906539917,1877.5,509.765625,1.990625023841858,1.0294216871261597,2651.0,509.765625,1.990625023841858,1.0294216871261597,2651.0,509.765625,1.990625023841858,1.0294216871261597,2651.0
2026-09-08T14:47:00.000+08:00,441.3035888671875,9.838676452636719,12.236328125,21.499919891357422,0.16255874931812286,382.6000061035156,6.0970001220703125,3.502000093460083,1877.5,509.765625,1.990625023841858,1.0302292108535767,2651.0,509.765625,1.990625023841858,1.0302292108535767,2651.0,509.765625,1.990625023841858,1.0302292108535767,2651.0
2026-09-08T14:48:00.000+08:00,428.73779296875,9.851295471191406,12.1875,20.051963806152344,0.17444674670696259,382.6000061035156,6.091000080108643,3.503999948501587,1877.5999755859375,509.765625,1.990625023841858,1.0294216871261597,2651.0,509.765625,1.990625023841858,1.0294216871261597,2651.0,509.765625,1.990625023841858,1.0294216871261597,2651.0
2026-09-08T14:49:00.000+08:00,438.0745544433594,9.832290649414062,12.2431640625,20.733871459960938,0.16890236735343933,382.6000061035156,6.089000225067139,3.496999979019165,1877.699951171875,509.765625,1.990625023841858,1.0290179252624512,2651.0,509.765625,1.990625023841858,1.0290179252624512,2651.0,509.765625,1.990625023841858,1.0290179252624512,2651.0
2026-09-08T14:50:00.000+08:00,431.5411071777344,9.76019287109375,12.201416015625,20.40057373046875,0.1714167445898056,382.70001220703125,6.078000068664551,3.497999906539917,1877.699951171875,509.765625,1.990625023841858,1.0306329727172852,2651.0,509.765625,1.990625023841858,1.0306329727172852,2651.0,509.765625,1.990625023841858,1.0306329727172852,2651.0
2026-09-08T14:51:00.000+08:00,443.5103454589844,9.822513580322266,12.2431640625,20.77185821533203,0.16835276782512665,382.5,6.0920000076293945,3.50600004196167,1877.800048828125,509.765625,1.990625023841858,1.0278067588806152,2651.0,509.765625,1.990625023841858,1.0278067588806152,2651.0,509.765625,1.990625023841858,1.0278067588806152,2651.0
2026-09-08T14:52:00.000+08:00,442.5761413574219,9.874237060546875,12.2158203125,20.684341430664062,0.16921013593673706,382.3999938964844,6.0879998207092285,3.494999885559082,1877.800048828125,509.765625,1.990625023841858,1.02565336227417,2651.0,509.765625,1.990625023841858,1.02565336227417,2651.0,509.765625,1.990625023841858,1.02565336227417,2651.0
2026-09-08T14:53:00.000+08:00,444.5748596191406,9.772235870361328,12.2158203125,21.20139503479004,0.16475330293178558,382.3999938964844,6.085000038146973,3.494999885559082,1877.9000244140625,509.765625,1.990625023841858,1.0260571241378784,2651.0,509.765625,1.990625023841858,1.0260571241378784,2651.0,509.765625,1.990625023841858,1.0260571241378784,2651.0
2026-09-08T14:54:00.000+08:00,429.0199890136719,9.829666137695312,12.222412109375,20.0828914642334,0.1739291399717331,382.3999938964844,6.0929999351501465,3.493000030517578,1877.9000244140625,509.765625,1.990625023841858,1.024845838546753,2651.0,509.765625,1.990625023841858,1.024845838546753,2651.0,509.765625,1.990625023841858,1.024845838546753,2651.0
2026-09-08T14:55:00.000+08:00,445.8406066894531,9.821182250976562,12.2294921875,21.96550750732422,0.15902204811573029,382.5,6.105000019073486,3.497999906539917,1878.0,509.765625,1.990625023841858,1.0278067588806152,2651.0,509.765625,1.990625023841858,1.0278067588806152,2651.0,509.765625,1.990625023841858,1.0278067588806152,2651.0
2026-09-08T14:56:00.000+08:00,432.80194091796875,9.80313491821289,12.173828125,20.547283172607422,0.17009548842906952,382.6000061035156,6.110000133514404,3.503999948501587,1878.0999755859375,509.765625,1.990625023841858,1.0306329727172852,2651.0,509.765625,1.990625023841858,1.0306329727172852,2651.0,509.765625,1.990625023841858,1.0306329727172852,2651.0
2026-09-08T14:57:00.000+08:00,438.0126953125,9.822139739990234,12.222412109375,21.569965362548828,0.162169948220253,383.20001220703125,6.09499979019165,3.5179998874664307,1878.0999755859375,509.765625,2.0289063453674316,1.0393807888031006,2651.0,509.765625,2.0289063453674316,1.0393807888031006,2651.0,509.765625,2.0289063453674316,1.0393807888031006,2651.0
2026-09-08T14:58:00.000+08:00,445.30743408203125,9.789031982421875,12.159912109375,21.042125701904297,0.16652309894561768,382.70001220703125,6.090000152587891,3.502000093460083,1878.199951171875,509.765625,1.990625023841858,1.0306329727172852,2651.0,509.765625,1.990625023841858,1.0306329727172852,2651.0,509.765625,1.990625023841858,1.0306329727172852,2651.0
2026-09-08T14:59:00.000+08:00,433.47076416015625,9.798809051513672,12.125,20.165021896362305,0.1744605004787445,382.79998779296875,6.105999946594238,3.509999990463257,1878.199951171875,509.765625,1.990625023841858,1.0269992351531982,2651.0,509.765625,1.990625023841858,1.0269992351531982,2651.0,509.765625,1.990625023841858,1.0269992351531982,2651.0
2026-09-08T15:00:00.000+08:00,437.8636474609375,9.852298736572266,12.16015625,20.274097442626953,0.17302866280078888,382.79998779296875,6.131999969482422,3.515000104904175,1878.300048828125,509.765625,1.990625023841858,1.029152512550354,2651.0,509.765625,1.990625023841858,1.029152512550354,2651.0,509.765625,1.990625023841858,1.029152512550354,2651.0
2026-09-08T15:01:00.000+08:00,429.2236328125,9.769084930419922,12.138916015625,21.095596313476562,0.16614842414855957,383.29998779296875,6.140999794006348,3.515000104904175,1878.4000244140625,509.765625,1.990625023841858,1.0311713218688965,2651.0,509.765625,1.990625023841858,1.0311713218688965,2651.0,509.765625,1.990625023841858,1.0311713218688965,2651.0
2026-09-08T15:02:00.000+08:00,439.9385681152344,9.764015197753906,12.1806640625,20.818931579589844,0.16821227967739105,383.1000061035156,6.1539998054504395,3.5199999809265137,1878.4000244140625,509.765625,1.990625023841858,1.0353432893753052,2651.0,509.765625,1.990625023841858,1.0353432893753052,2651.0,509.765625,1.990625023841858,1.0353432893753052,2651.0
2026-09-08T15:03:00.000+08:00,440.75494384765625,9.776607513427734,12.138916015625,20.543479919433594,0.17129522562026978,383.1000061035156,6.131999969482422,3.5220000743865967,1878.5,509.765625,1.990625023841858,1.0311713218688965,2651.0,509.765625,1.990625023841858,1.0311713218688965,2651.0,509.765625,1.990625023841858,1.0311713218688965,2651.0
2026-09-08T15:04:00.000+08:00,438.49053955078125,9.808841705322266,12.069580078125,20.695878982543945,0.17032377421855927,383.1000061035156,6.136000156402588,3.5320000648498535,1878.5,509.765625,1.990625023841858,1.0311713218688965,2651.0,509.765625,1.990625023841858,1.0311713218688965,2651.0,509.765625,1.990625023841858,1.0311713218688965,2651.0
2026-09-08T15:05:00.000+08:00,434.6458435058594,9.780567169189453,12.138916015625,20.372331619262695,0.17248883843421936,383.29998779296875,6.120999813079834,3.5299999713897705,1878.5999755859375,509.765625,1.990625023841858,1.0323824882507324,2651.0,509.765625,1.990625023841858,1.0323824882507324,2651.0,509.765625,1.990625023841858,1.0323824882507324,2651.0
2026-09-08T15:06:00.000+08:00,428.46697998046875,9.821006774902344,12.194580078125,19.219242095947266,0.1837741583585739,383.0,6.116000175476074,3.5179998874664307,1878.699951171875,509.765625,1.990625023841858,1.031978726387024,2651.0,509.765625,1.990625023841858,1.031978726387024,2651.0,509.765625,1.990625023841858,1.031978726387024,2651.0
2026-09-08T15:07:00.000+08:00,438.5909118652344,9.79598617553711,12.125,20.522785186767578,0.17200395464897156,383.29998779296875,6.119999885559082,3.5209999084472656,1878.699951171875,509.765625,1.990625023841858,1.0357470512390137,2651.0,509.765625,1.990625023841858,1.0357470512390137,2651.0,509.765625,1.990625023841858,1.0357470512390137,2651.0
2026-09-08T15:08:00.000+08:00,429.5618896484375,9.777355194091797,12.125,19.903005599975586,0.17675721645355225,383.5,6.123000144958496,3.5250000953674316,1878.800048828125,509.765625,1.990625023841858,1.0337283611297607,2651.0,509.765625,1.990625023841858,1.0337283611297607,2651.0,509.765625,1.990625023841858,1.0337283611297607,2651.0
2026-09-08T15:09:00.000+08:00,457.4919128417969,9.789798736572266,12.132080078125,20.583749771118164,0.1712515950202942,383.20001220703125,6.13700008392334,3.5199999809265137,1878.800048828125,509.765625,1.990625023841858,1.0329208374023438,2651.0,509.765625,1.990625023841858,1.0329208374023438,2651.0,509.765625,1.990625023841858,1.0329208374023438,2651.0
2026-09-08T15:10:00.000+08:00,449.84033203125,9.842693328857422,12.173828125,21.22710609436035,0.1661083698272705,383.20001220703125,6.140999794006348,3.5139999389648438,1878.9000244140625,509.765625,1.990625023841858,1.029152512550354,2651.0,509.765625,1.990625023841858,1.029152512550354,2651.0,509.765625,1.990625023841858,1.029152512550354,2651.0
2026-09-08T15:11:00.000+08:00,442.84808349609375,9.77923583984375,12.138916015625,20.663061141967773,0.17054587602615356,383.20001220703125,6.14300012588501,3.5220000743865967,1878.9000244140625,509.765625,1.990625023841858,1.0353432893753052,2651.0,509.765625,1.990625023841858,1.0353432893753052,2651.0,509.765625,1.990625023841858,1.0353432893753052,2651.0
2026-09-08T15:12:00.000+08:00,447.6777038574219,9.765129089355469,12.173583984375,20.65508460998535,0.17051491141319275,383.20001220703125,6.117000102996826,3.5160000324249268,1879.0,509.765625,1.990625023841858,1.033593773841858,2651.0,509.765625,1.990625023841858,1.033593773841858,2651.0,509.765625,1.990625023841858,1.033593773841858,2651.0
2026-09-08T15:13:00.000+08:00,446.4167175292969,9.84737777709961,12.159912109375,21.296598434448242,0.1651906967163086,383.1000061035156,6.119999885559082,3.5160000324249268,1879.0999755859375,509.765625,2.0289063453674316,1.045436978340149,2651.0,509.765625,2.0289063453674316,1.045436978340149,2651.0,509.765625,2.0289063453674316,1.045436978340149,2651.0
2026-09-08T15:14:00.000+08:00,447.4041442871094,9.814987182617188,12.2294921875,21.087831497192383,0.16711057722568512,382.29998779296875,6.124000072479248,3.5,1879.0999755859375,509.765625,1.990625023841858,1.0265954732894897,2651.0,509.765625,1.990625023841858,1.0265954732894897,2651.0,509.765625,1.990625023841858,1.0265954732894897,2651.0
2026-09-08T15:15:00.000+08:00,444.5938720703125,9.825138092041016,12.201416015625,20.399534225463867,0.17245490849018097,382.79998779296875,6.125999927520752,3.509000062942505,1879.199951171875,509.765625,1.990625023841858,1.0286141633987427,2651.0,509.765625,1.990625023841858,1.0286141633987427,2651.0,509.765625,1.990625023841858,1.0286141633987427,2651.0
2026-09-08T15:16:00.000+08:00,440.8312072753906,9.814228057861328,12.194580078125,20.100500106811523,0.1742742657661438,383.5,6.120999813079834,3.5230000019073486,1879.199951171875,509.765625,1.990625023841858,1.0357470512390137,2651.0,509.765625,1.990625023841858,1.0357470512390137,2651.0,509.765625,1.990625023841858,1.0357470512390137,2651.0
2026-09-08T15:17:00.000+08:00,432.0196533203125,9.862071990966797,12.132080078125,20.368982315063477,0.1722717434167862,383.20001220703125,6.120999813079834,3.5260000228881836,1879.300048828125,509.765625,1.990625023841858,1.0341321229934692,2651.0,509.765625,1.990625023841858,1.0341321229934692,2651.0,509.765625,1.990625023841858,1.0341321229934692,2651.0
2026-09-08T15:18:00.000+08:00,432.17242431640625,9.755485534667969,12.201416015625,20.62560272216797,0.1708071380853653,383.29998779296875,6.120999813079834,3.5190000534057617,1879.4000244140625,509.765625,1.990625023841858,1.0317095518112183,2651.0,509.765625,1.990625023841858,1.0317095518112183,2651.0,509.765625,1.990625023841858,1.0317095518112183,2651.0
2026-09-08T15:19:00.000+08:00,432.36285400390625,9.773048400878906,12.1533203125,20.827177047729492,0.16891391575336456,382.5,6.111000061035156,3.503999948501587,1879.4000244140625,509.765625,1.990625023841858,1.0274029970169067,2651.0,509.765625,1.990625023841858,1.0274029970169067,2651.0,509.765625,1.990625023841858,1.0274029970169067,2651.0
2026-09-08T15:20:00.000+08:00,437.55780029296875,9.775123596191406,12.173828125,21.542232513427734,0.16326069831848145,383.0,6.13100004196167,3.51200008392334,1879.5,509.765625,1.990625023841858,1.0331900119781494,2651.0,509.765625,1.990625023841858,1.0331900119781494,2651.0,509.765625,1.990625023841858,1.0331900119781494,2651.0
2026-09-08T15:21:00.000+08:00,448.70867919921875,9.85171127319336,12.159912109375,20.54340362548828,0.1710037887096405,383.29998779296875,6.1479997634887695,3.5230000019073486,1879.5,509.765625,1.990625023841858,1.0341321229934692,2651.0,509.765625,1.990625023841858,1.0341321229934692,2651.0,509.765625,1.990625023841858,1.0341321229934692,2651.0
2026-09-08T15:22:00.000+08:00,446.9282531738281,9.860939025878906,12.125,20.206968307495117,0.1741478443145752,383.20001220703125,6.150000095367432,3.5209999084472656,1879.5999755859375,509.765625,1.990625023841858,1.0331900119781494,2651.0,509.765625,1.990625023841858,1.0331900119781494,2651.0,509.765625,1.990625023841858,1.0331900119781494,2651.0
2026-09-08T15:23:00.000+08:00,440.6156921386719,9.760444641113281,12.1533203125,20.030710220336914,0.17538069188594818,383.0,6.146999835968018,3.5179998874664307,1879.5999755859375,509.765625,1.990625023841858,1.0331900119781494,2651.0,509.765625,1.990625023841858,1.0331900119781494,2651.0,509.765625,1.990625023841858,1.0331900119781494,2651.0
2026-09-08T15:24:00.000+08:00,443.2166442871094,9.820106506347656,12.166748046875,20.37753677368164,0.17219941318035126,382.8999938964844,6.13100004196167,3.5250000953674316,1879.699951171875,509.765625,1.990625023841858,1.0323824882507324,2652.0,509.765625,1.990625023841858,1.0323824882507324,2652.0,509.765625,1.990625023841858,1.0323824882507324,2652.0
2026-09-08T15:25:00.000+08:00,442.6878662109375,9.865264892578125,12.159912109375,21.01775550842285,0.16738228499889374,382.8999938964844,6.11299991607666,3.5139999389648438,1879.800048828125,509.765625,1.990625023841858,1.030767560005188,2652.0,509.765625,1.990625023841858,1.030767560005188,2652.0,509.765625,1.990625023841858,1.030767560005188,2652.0
2026-09-08T15:26:00.000+08:00,435.64605712890625,9.76583480834961,12.208251953125,20.28379249572754,0.173784077167511,383.1000061035156,6.124000072479248,3.51200008392334,1879.800048828125,509.765625,1.990625023841858,1.0295562744140625,2652.0,509.765625,1.990625023841858,1.0295562744140625,2652.0,509.765625,1.990625023841858,1.0295562744140625,2652.0
2026-09-08T15:27:00.000+08:00,441.4017028808594,9.750041961669922,12.173583984375,20.4534854888916,0.17180445790290833,383.1000061035156,6.1479997634887695,3.5169999599456787,1879.9000244140625,509.765625,1.990625023841858,1.033593773841858,2652.0,509.765625,1.990625023841858,1.033593773841858,2652.0,509.765625,1.990625023841858,1.033593773841858,2652.0
2026-09-08T15:28:00.000+08:00,435.9060974121094,9.625732421875,12.069580078125,20.769052505493164,0.169627383351326,382.79998779296875,6.14300012588501,3.50600004196167,1879.9000244140625,509.765625,1.990625023841858,1.0298254489898682,2652.0,509.765625,1.990625023841858,1.0298254489898682,2652.0,509.765625,1.990625023841858,1.0298254489898682,2652.0
2026-09-08T15:29:00.000+08:00,431.63775634765625,9.543903350830078,11.9375,21.136232376098633,0.16582898795604706,382.79998779296875,6.123000144958496,3.500999927520752,1880.0,509.765625,1.990625023841858,1.0310367345809937,2652.0,509.765625,1.990625023841858,1.0310367345809937,2652.0,509.765625,1.990625023841858,1.0310367345809937,2652.0
2026-09-08T15:30:00.000+08:00,446.3333740234375,9.458812713623047,11.958251953125,21.830738067626953,0.1610115021467209,383.0,6.1570000648498535,3.5209999084472656,1880.0999755859375,509.765625,1.990625023841858,1.032786250114441,2652.0,509.765625,1.990625023841858,1.032786250114441,2652.0,509.765625,1.990625023841858,1.032786250114441,2652.0
2026-09-08T15:31:00.000+08:00,440.95672607421875,9.441905975341797,11.944580078125,21.001081466674805,0.16694378852844238,383.0,6.1519999504089355,3.5250000953674316,1880.0999755859375,509.765625,1.990625023841858,1.031978726387024,2652.0,509.765625,1.990625023841858,1.031978726387024,2652.0,509.765625,1.990625023841858,1.031978726387024,2652.0
2026-09-08T15:32:00.000+08:00,446.16455078125,9.526248931884766,11.972412109375,21.86337661743164,0.16081687808036804,383.1000061035156,6.113999843597412,3.5199999809265137,1880.199951171875,509.765625,1.990625023841858,1.0295562744140625,2652.0,509.765625,1.990625023841858,1.0295562744140625,2652.0,509.765625,1.990625023841858,1.0295562744140625,2652.0
2026-09-08T15:33:00.000+08:00,441.9496765136719,9.473899841308594,11.916748046875,22.076671600341797,0.15939903259277344,383.1000061035156,6.11299991607666,3.51200008392334,1880.199951171875,509.765625,1.990625023841858,1.031978726387024,2652.0,509.765625,1.990625023841858,1.031978726387024,2652.0,509.765625,1.990625023841858,1.031978726387024,2652.0
2026-09-08T15:34:00.000+08:00,454.26416015625,9.533164978027344,11.972412109375,21.82891845703125,0.16139142215251923,383.1000061035156,6.105999946594238,3.5179998874664307,1880.300048828125,509.765625,2.0289063453674316,1.0458407402038574,2652.0,509.765625,2.0289063453674316,1.0458407402038574,2652.0,509.765625,2.0289063453674316,1.0458407402038574,2652.0
2026-09-08T15:35:00.000+08:00,444.908447265625,9.545013427734375,11.944580078125,21.56431770324707,0.162861630320549,382.79998779296875,6.10699987411499,3.513000011444092,1880.4000244140625,509.765625,2.0289063453674316,1.0376312732696533,2652.0,509.765625,2.0289063453674316,1.0376312732696533,2652.0,509.765625,2.0289063453674316,1.0376312732696533,2652.0
2026-09-08T15:36:00.000+08:00,436.2497863769531,9.538475036621094,11.9375,21.27556037902832,0.16511903703212738,383.20001220703125,6.10099983215332,3.5190000534057617,1880.4000244140625,509.765625,1.990625023841858,1.033593773841858,2652.0,509.765625,1.990625023841858,1.033593773841858,2652.0,509.765625,1.990625023841858,1.033593773841858,2652.0
2026-09-08T15:37:00.000+08:00,451.52447509765625,9.530208587646484,11.944580078125,21.879009246826172,0.16033633053302765,383.0,6.09499979019165,3.51200008392334,1880.5,509.765625,1.990625023841858,1.031978726387024,2652.0,509.765625,1.990625023841858,1.031978726387024,2652.0,509.765625,1.990625023841858,1.031978726387024,2652.0
2026-09-08T15:38:00.000+08:00,450.89593505859375,9.52811050415039,11.951416015625,21.999021530151367,0.15987074375152588,383.6000061035156,6.116000175476074,3.5250000953674316,1880.5,509.765625,1.990625023841858,1.0387078523635864,2652.0,509.765625,1.990625023841858,1.0387078523635864,2652.0,509.765625,1.990625023841858,1.0387078523635864,2652.0
2026-09-08T15:39:00.000+08:00,433.6589660644531,9.515514373779297,11.986328125,20.343076705932617,0.17278604209423065,383.3999938964844,6.104000091552734,3.5179998874664307,1880.5999755859375,509.765625,1.990625023841858,1.0349395275115967,2652.0,509.765625,1.990625023841858,1.0349395275115967,2652.0,509.765625,1.990625023841858,1.0349395275115967,2652.0
2026-09-08T15:40:00.000+08:00,445.1076965332031,9.53921890258789,11.96533203125,21.799457550048828,0.16188475489616394,383.6000061035156,6.129000186920166,3.5260000228881836,1880.5999755859375,509.765625,1.990625023841858,1.0357470512390137,2652.0,509.765625,1.990625023841858,1.0357470512390137,2652.0,509.765625,1.990625023841858,1.0357470512390137,2652.0
2026-09-08T15:41:00.000+08:00,439.1289367675781,9.622936248779297,11.9931640625,20.93895721435547,0.16829872131347656,383.0,6.111999988555908,3.5160000324249268,1880.699951171875,509.765625,1.990625023841858,1.0295562744140625,2652.0,509.765625,1.990625023841858,1.0295562744140625,2652.0,509.765625,1.990625023841858,1.0295562744140625,2652.0
2026-09-08T15:42:00.000+08:00,438.5291748046875,9.515098571777344,12.0556640625,21.2620906829834,0.16602319478988647,383.5,6.144000053405762,3.5369999408721924,1880.800048828125,509.765625,2.0289063453674316,1.040726661682129,2652.0,509.765625,2.0289063453674316,1.040726661682129,2652.0,509.765625,2.0289063453674316,1.040726661682129,2652.0
2026-09-08T15:43:00.000+08:00,442.3435974121094,9.538848876953125,11.9375,20.80263900756836,0.16882473230361938,383.3999938964844,6.130000114440918,3.5350000858306885,1880.800048828125,509.765625,1.990625023841858,1.0341321229934692,2652.0,509.765625,1.990625023841858,1.0341321229934692,2652.0,509.765625,1.990625023841858,1.0341321229934692,2652.0
2026-09-08T15:44:00.000+08:00,435.073486328125,9.55142593383789,11.9794921875,21.450645446777344,0.1648901402950287,383.70001220703125,6.124000072479248,3.5280001163482666,1880.9000244140625,509.765625,2.0289063453674316,1.039919137954712,2652.0,509.765625,2.0289063453674316,1.039919137954712,2652.0,509.765625,2.0289063453674316,1.039919137954712,2652.0
2026-09-08T15:45:00.000+08:00,447.76727294921875,9.525249481201172,11.958251953125,21.68329429626465,0.16256755590438843,383.5,6.118000030517578,3.5280001163482666,1880.9000244140625,509.765625,2.0289063453674316,1.0504165887832642,2652.0,509.765625,2.0289063453674316,1.0504165887832642,2652.0,509.765625,2.0289063453674316,1.0504165887832642,2652.0
2026-09-08T15:46:00.000+08:00,440.0565490722656,9.560478210449219,11.895751953125,21.426040649414062,0.16465944051742554,384.1000061035156,6.142000198364258,3.5480000972747803,1881.0,509.765625,2.0289063453674316,1.0523006916046143,2652.0,509.765625,2.0289063453674316,1.0523006916046143,2652.0,509.765625,2.0289063453674316,1.0523006916046143,2652.0
2026-09-08T15:47:00.000+08:00,445.82611083984375,9.548622131347656,11.9306640625,21.871931076049805,0.16107402741909027,383.5,6.123000144958496,3.5320000648498535,1881.0999755859375,509.765625,1.990625023841858,1.0349395275115967,2652.0,509.765625,1.990625023841858,1.0349395275115967,2652.0,509.765625,1.990625023841858,1.0349395275115967,2652.0
2026-09-08T15:48:00.000+08:00,453.4590148925781,9.517631530761719,11.958251953125,22.359554290771484,0.15809796750545502,384.0,6.124000072479248,3.5369999408721924,1881.0999755859375,509.765625,2.0289063453674316,1.0395153760910034,2652.0,509.765625,2.0289063453674316,1.0395153760910034,2652.0,509.765625,2.0289063453674316,1.0395153760910034,2652.0
2026-09-08T15:49:00.000+08:00,446.4644775390625,9.580131530761719,11.9931640625,21.556642532348633,0.16347628831863403,384.0,6.13100004196167,3.5299999713897705,1881.199951171875,509.765625,1.990625023841858,1.0374966859817505,2652.0,509.765625,1.990625023841858,1.0374966859817505,2652.0,509.765625,1.990625023841858,1.0374966859817505,2652.0
2026-09-08T15:50:00.000+08:00,451.7771301269531,9.582344055175781,11.9931640625,21.655141830444336,0.16328686475753784,384.1000061035156,6.144999980926514,3.5390000343322754,1881.199951171875,509.765625,1.990625023841858,1.0392462015151978,2652.0,509.765625,1.990625023841858,1.0392462015151978,2652.0,509.765625,1.990625023841858,1.0392462015151978,2652.0
2026-09-08T15:51:00.000+08:00,459.2076721191406,9.603561401367188,11.986328125,21.11493682861328,0.16774854063987732,384.0,6.144999980926514,3.5409998893737793,1881.300048828125,509.765625,2.0289063453674316,1.0412650108337402,2652.0,509.765625,2.0289063453674316,1.0412650108337402,2652.0,509.765625,2.0289063453674316,1.0412650108337402,2652.0
2026-09-08T15:52:00.000+08:00,450.09881591796875,9.571174621582031,12.03515625,21.999069213867188,0.16127954423427582,384.3999938964844,6.168000221252441,3.5480000972747803,1881.4000244140625,509.765625,2.0289063453674316,1.046244502067566,2652.0,509.765625,2.0289063453674316,1.046244502067566,2652.0,509.765625,2.0289063453674316,1.046244502067566,2652.0
2026-09-08T15:53:00.000+08:00,434.3521728515625,9.608497619628906,11.9375,20.53487777709961,0.17307139933109283,384.5,6.139999866485596,3.5420000553131104,1881.4000244140625,513.28125,2.0289063453674316,1.0450332164764404,2652.0,513.28125,2.0289063453674316,1.0450332164764404,2652.0,513.28125,2.0289063453674316,1.0450332164764404,2652.0
2026-09-08T15:54:00.000+08:00,438.6440734863281,9.58376693725586,12.007080078125,21.444618225097656,0.16544942557811737,384.20001220703125,6.144999980926514,3.5429999828338623,1881.5,509.765625,2.0289063453674316,1.0416686534881592,2652.0,509.765625,2.0289063453674316,1.0416686534881592,2652.0,509.765625,2.0289063453674316,1.0416686534881592,2652.0
2026-09-08T15:55:00.000+08:00,450.1360168457031,9.575870513916016,12.0,20.800907135009766,0.17066563665866852,384.5,6.145999908447266,3.549999952316284,1881.5,513.28125,2.0289063453674316,1.045436978340149,2652.0,513.28125,2.0289063453674316,1.045436978340149,2652.0,513.28125,2.0289063453674316,1.045436978340149,2652.0
2026-09-08T15:56:00.000+08:00,446.5435791015625,9.608081817626953,12.013916015625,21.71708106994629,0.16314347088336945,384.29998779296875,6.140999794006348,3.5399999618530273,1881.5999755859375,509.765625,2.0289063453674316,1.0392462015151978,2652.0,509.765625,2.0289063453674316,1.0392462015151978,2652.0,509.765625,2.0289063453674316,1.0392462015151978,2652.0
2026-09-08T15:57:00.000+08:00,444.33349609375,9.571174621582031,12.048583984375,22.331886291503906,0.15860728919506073,384.29998779296875,6.136000156402588,3.5390000343322754,1881.5999755859375,509.765625,2.0289063453674316,1.0416686534881592,2652.0,509.765625,2.0289063453674316,1.0416686534881592,2652.0,509.765625,2.0289063453674316,1.0416686534881592,2652.0
2026-09-08T15:58:00.000+08:00,438.4427490234375,9.58563232421875,12.034912109375,21.257369995117188,0.1668127328157425,384.29998779296875,6.138999938964844,3.5390000343322754,1881.699951171875,509.765625,1.990625023841858,1.0380349159240723,2652.0,509.765625,1.990625023841858,1.0380349159240723,2652.0,509.765625,1.990625023841858,1.0380349159240723,2652.0
2026-09-08T15:59:00.000+08:00,438.6028747558594,9.621837615966797,11.972412109375,21.630666732788086,0.1639801561832428,384.29998779296875,6.135000228881836,3.5390000343322754,1881.800048828125,509.765625,2.0289063453674316,1.0440912246704102,2652.0,509.765625,2.0289063453674316,1.0440912246704102,2652.0,509.765625,2.0289063453674316,1.0440912246704102,2652.0
2026-09-08T16:00:00.000+08:00,445.9429626464844,9.608497619628906,11.9375,21.444515228271484,0.16493727266788483,384.6000061035156,6.139999866485596,3.5439999103546143,1881.800048828125,513.28125,2.0289063453674316,1.0438220500946045,2652.0,513.28125,2.0289063453674316,1.0438220500946045,2652.0,513.28125,2.0289063453674316,1.0438220500946045,2652.0
2026-09-08T16:01:00.000+08:00,430.1244812011719,9.605659484863281,11.9931640625,21.120891571044922,0.16760656237602234,384.8999938964844,6.165999889373779,3.556999921798706,1881.9000244140625,513.28125,2.0289063453674316,1.0508203506469727,2652.0,513.28125,2.0289063453674316,1.0508203506469727,2652.0,513.28125,2.0289063453674316,1.0508203506469727,2652.0
2026-09-08T16:02:00.000+08:00,451.90106201171875,9.617137908935547,11.986328125,20.935932159423828,0.16966046392917633,384.8999938964844,6.164000034332275,3.559000015258789,1881.9000244140625,513.28125,2.0289063453674316,1.043418288230896,2652.0,513.28125,2.0289063453674316,1.043418288230896,2652.0,513.28125,2.0289063453674316,1.043418288230896,2652.0
2026-09-08T16:03:00.000+08:00,440.0335998535156,9.570117950439453,11.9931640625,20.819564819335938,0.17041662335395813,384.5,6.181000232696533,3.5460000038146973,1882.0,513.28125,2.0289063453674316,1.0471866130828857,2652.0,513.28125,2.0289063453674316,1.0471866130828857,2652.0,513.28125,2.0289063453674316,1.0471866130828857,2652.0
2026-09-08T16:04:00.000+08:00,447.9656677246094,9.66885757446289,12.02783203125,21.057811737060547,0.16901090741157532,384.79998779296875,6.181000232696533,3.555000066757202,1882.0999755859375,513.28125,2.0289063453674316,1.0446295738220215,2652.0,513.28125,2.0289063453674316,1.0446295738220215,2652.0,513.28125,2.0289063453674316,1.0446295738220215,2652.0
2026-09-08T16:05:00.000+08:00,449.1494140625,9.796791076660156,12.111328125,21.442737579345703,0.16537067294120789,384.8999938964844,6.159999847412109,3.552999973297119,1882.0999755859375,513.28125,2.0289063453674316,1.0471866130828857,2652.0,513.28125,2.0289063453674316,1.0471866130828857,2652.0,513.28125,2.0289063453674316,1.0471866130828857,2652.0
2026-09-08T16:06:00.000+08:00,439.5115661621094,9.766838073730469,12.125,20.70840835571289,0.1716693937778473,384.70001220703125,6.158999919891357,3.552000045776367,1882.199951171875,513.28125,2.0289063453674316,1.0496090650558472,2652.0,513.28125,2.0289063453674316,1.0496090650558472,2652.0,513.28125,2.0289063453674316,1.0496090650558472,2652.0
2026-09-08T16:07:00.000+08:00,451.0021057128906,9.782276153564453,12.132080078125,20.28134536743164,0.17523492872714996,384.79998779296875,6.197000026702881,3.563999891281128,1882.199951171875,513.28125,2.0289063453674316,1.0463790893554688,2652.0,513.28125,2.0289063453674316,1.0463790893554688,2652.0,513.28125,2.0289063453674316,1.0463790893554688,2652.0
2026-09-08T16:08:00.000+08:00,449.9440002441406,9.80239486694336,12.173583984375,21.571155548095703,0.16443254053592682,385.0,6.198999881744385,3.562000036239624,1882.300048828125,513.28125,2.0289063453674316,1.0463790893554688,2652.0,513.28125,2.0289063453674316,1.0463790893554688,2652.0,513.28125,2.0289063453674316,1.0463790893554688,2652.0
2026-09-08T16:09:00.000+08:00,448.98858642578125,9.80313491821289,12.132080078125,21.270172119140625,0.16741755604743958,384.8999938964844,6.190999984741211,3.555999994277954,1882.4000244140625,513.28125,2.0289063453674316,1.0475903749465942,2652.0,513.28125,2.0289063453674316,1.0475903749465942,2652.0,513.28125,2.0289063453674316,1.0475903749465942,2652.0
2026-09-08T16:10:00.000+08:00,441.9593505859375,9.789798736572266,12.173583984375,20.895959854125977,0.1699371486902237,384.6000061035156,6.190000057220459,3.559000015258789,1882.4000244140625,513.28125,2.0289063453674316,1.0483977794647217,2652.0,513.28125,2.0289063453674316,1.0483977794647217,2652.0,513.28125,2.0289063453674316,1.0483977794647217,2652.0
2026-09-08T16:11:00.000+08:00,439.4518127441406,9.788135528564453,12.1044921875,20.45696449279785,0.17392610013484955,384.79998779296875,6.188000202178955,3.559000015258789,1882.5,513.28125,2.0289063453674316,1.0451678037643433,2652.0,513.28125,2.0289063453674316,1.0451678037643433,2652.0,513.28125,2.0289063453674316,1.0451678037643433,2652.0
2026-09-08T16:12:00.000+08:00,432.4437255859375,9.798500061035156,12.0625,20.45339012145996,0.1735653579235077,384.79998779296875,6.191999912261963,3.559000015258789,1882.5,513.28125,2.0289063453674316,1.0471866130828857,2652.0,513.28125,2.0289063453674316,1.0471866130828857,2652.0,513.28125,2.0289063453674316,1.0471866130828857,2652.0
2026-09-08T16:13:00.000+08:00,442.1235656738281,9.80206298828125,12.0908203125,20.319719314575195,0.175150066614151,384.79998779296875,6.171000003814697,3.558000087738037,1882.5999755859375,513.28125,2.0289063453674316,1.0451678037643433,2652.0,513.28125,2.0289063453674316,1.0451678037643433,2652.0,513.28125,2.0289063453674316,1.0451678037643433,2652.0
2026-09-08T16:14:00.000+08:00,445.6913146972656,9.78887939453125,12.097412109375,20.329425811767578,0.17506642639636993,385.1000061035156,6.189000129699707,3.562999963760376,1882.699951171875,513.28125,2.0289063453674316,1.0475903749465942,2652.0,513.28125,2.0289063453674316,1.0475903749465942,2652.0,513.28125,2.0289063453674316,1.0475903749465942,2652.0
2026-09-08T16:15:00.000+08:00,449.2891540527344,9.813980102539062,12.1181640625,21.534048080444336,0.16508740186691284,385.20001220703125,6.170000076293945,3.558000087738037,1882.699951171875,513.28125,2.0289063453674316,1.0467828512191772,2652.0,513.28125,2.0289063453674316,1.0467828512191772,2652.0,513.28125,2.0289063453674316,1.0467828512191772,2652.0
2026-09-08T16:16:00.000+08:00,450.8411865234375,9.850589752197266,12.1806640625,20.70037841796875,0.17178429663181305,385.20001220703125,6.188000202178955,3.569999933242798,1882.800048828125,513.28125,2.0289063453674316,1.0492053031921387,2652.0,513.28125,2.0289063453674316,1.0492053031921387,2652.0,513.28125,2.0289063453674316,1.0492053031921387,2652.0
2026-09-08T16:17:00.000+08:00,437.5546875,9.84552001953125,12.1669921875,19.45224952697754,0.18347492814064026,385.0,6.164000034332275,3.561000108718872,1882.800048828125,513.28125,2.0289063453674316,1.0451678037643433,2652.0,513.28125,2.0289063453674316,1.0451678037643433,2652.0,513.28125,2.0289063453674316,1.0451678037643433,2652.0
2026-09-08T16:18:00.000+08:00,452.5494384765625,9.841499328613281,12.22265625,20.677047729492188,0.17251011729240417,385.0,6.186999797821045,3.568000078201294,1882.9000244140625,513.28125,2.0289063453674316,1.0451678037643433,2652.0,513.28125,2.0289063453674316,1.0451678037643433,2652.0,513.28125,2.0289063453674316,1.0451678037643433,2652.0
2026-09-08T16:19:00.000+08:00,449.0115661621094,9.85378646850586,12.15283203125,20.567501068115234,0.1728454977273941,384.8999938964844,6.184000015258789,3.552000045776367,1883.0,513.28125,2.0289063453674316,1.0463790893554688,2652.0,513.28125,2.0289063453674316,1.0463790893554688,2652.0,513.28125,2.0289063453674316,1.0463790893554688,2652.0
2026-09-08T16:20:00.000+08:00,436.38592529296875,9.853416442871094,12.132080078125,20.576860427856445,0.17320427298545837,385.1000061035156,6.181000232696533,3.552000045776367,1883.0,513.28125,2.0289063453674316,1.051762342453003,2652.0,513.28125,2.0289063453674316,1.051762342453003,2652.0,513.28125,2.0289063453674316,1.051762342453003,2652.0
2026-09-08T16:21:00.000+08:00,442.0280456542969,9.847965240478516,12.166748046875,19.92593002319336,0.1787620484828949,384.8999938964844,6.160999774932861,3.556999921798706,1883.0999755859375,513.28125,2.0289063453674316,1.0500128269195557,2652.0,513.28125,2.0289063453674316,1.0500128269195557,2652.0,513.28125,2.0289063453674316,1.0500128269195557,2652.0
2026-09-08T16:22:00.000+08:00,447.7903747558594,9.817874908447266,12.159912109375,20.245269775390625,0.17544838786125183,384.8999938964844,6.1529998779296875,3.555999994277954,1883.0999755859375,513.28125,2.0289063453674316,1.0475903749465942,2653.0,513.28125,2.0289063453674316,1.0475903749465942,2653.0,513.28125,2.0289063453674316,1.0475903749465942,2653.0
2026-09-08T16:23:00.000+08:00,441.7575988769531,9.843635559082031,12.159912109375,20.32416534423828,0.17501334846019745,385.0,6.171999931335449,3.563999891281128,1883.199951171875,513.28125,2.0289063453674316,1.051762342453003,2653.0,513.28125,2.0289063453674316,1.051762342453003,2653.0,513.28125,2.0289063453674316,1.051762342453003,2653.0
2026-09-08T16:24:00.000+08:00,439.70166015625,9.796356201171875,12.173828125,20.015716552734375,0.17766039073467255,385.1000061035156,6.175000190734863,3.571000099182129,1883.199951171875,513.28125,2.0289063453674316,1.0475903749465942,2653.0,513.28125,2.0289063453674316,1.0475903749465942,2653.0,513.28125,2.0289063453674316,1.0475903749465942,2653.0
2026-09-08T16:25:00.000+08:00,440.0999755859375,9.835857391357422,12.236328125,20.077085494995117,0.17726677656173706,384.79998779296875,6.1570000648498535,3.552999973297119,1883.300048828125,513.28125,2.0289063453674316,1.0496090650558472,2653.0,513.28125,2.0289063453674316,1.0496090650558472,2653.0,513.28125,2.0289063453674316,1.0496090650558472,2653.0
2026-09-08T16:26:00.000+08:00,441.1969299316406,9.780879974365234,12.229248046875,20.91461181640625,0.17012029886245728,385.0,6.1519999504089355,3.558000087738037,1883.4000244140625,513.28125,2.0289063453674316,1.0488015413284302,2653.0,513.28125,2.0289063453674316,1.0488015413284302,2653.0,513.28125,2.0289063453674316,1.0488015413284302,2653.0
2026-09-08T16:27:00.000+08:00,443.143798828125,9.811031341552734,12.138916015625,21.047250747680664,0.16904820501804352,384.6000061035156,6.160999774932861,3.552999973297119,1883.4000244140625,513.28125,2.0289063453674316,1.0478595495224,2653.0,513.28125,2.0289063453674316,1.0478595495224,2653.0,513.28125,2.0289063453674316,1.0478595495224,2653.0
2026-09-08T16:28:00.000+08:00,439.1861877441406,9.803943634033203,12.09765625,21.335063934326172,0.16700206696987152,384.70001220703125,6.164999961853027,3.555999994277954,1883.5,513.28125,2.0289063453674316,1.045436978340149,2653.0,513.28125,2.0289063453674316,1.045436978340149,2653.0,513.28125,2.0289063453674316,1.045436978340149,2653.0
2026-09-08T16:29:00.000+08:00,442.4622497558594,9.764389038085938,12.173828125,20.43648910522461,0.17385569214820862,384.5,6.166999816894531,3.553999900817871,1883.5,513.28125,2.0289063453674316,1.045436978340149,2653.0,513.28125,2.0289063453674316,1.045436978340149,2653.0,513.28125,2.0289063453674316,1.045436978340149,2653.0
2026-09-08T16:30:00.000+08:00,456.0823669433594,9.806396484375,12.1181640625,20.76373291015625,0.17126014828681946,384.79998779296875,6.150000095367432,3.555999994277954,1883.5999755859375,513.28125,2.0289063453674316,1.0459753274917603,2653.0,513.28125,2.0289063453674316,1.0459753274917603,2653.0,513.28125,2.0289063453674316,1.0459753274917603,2653.0
2026-09-08T16:31:00.000+08:00,436.06591796875,9.803245544433594,12.020751953125,20.705078125,0.17164871096611023,384.5,6.145999908447266,3.549999952316284,1883.699951171875,513.28125,2.0289063453674316,1.0413994789123535,2653.0,513.28125,2.0289063453674316,1.0413994789123535,2653.0,513.28125,2.0289063453674316,1.0413994789123535,2653.0
2026-09-08T16:32:00.000+08:00,439.06829833984375,9.76370620727539,12.097412109375,19.706371307373047,0.1804492473602295,384.8999938964844,6.150000095367432,3.558000087738037,1883.699951171875,513.28125,2.0289063453674316,1.0606448650360107,2653.0,513.28125,2.0289063453674316,1.0606448650360107,2653.0,513.28125,2.0289063453674316,1.0606448650360107,2653.0
2026-09-08T16:33:00.000+08:00,444.46734619140625,9.838409423828125,12.069580078125,20.6436824798584,0.17182011902332306,384.70001220703125,6.132999897003174,3.5450000762939453,1883.800048828125,513.28125,2.0289063453674316,1.0478595495224,2653.0,513.28125,2.0289063453674316,1.0478595495224,2653.0,513.28125,2.0289063453674316,1.0478595495224,2653.0
2026-09-08T16:34:00.000+08:00,448.59136962890625,9.764450073242188,12.0625,20.90822410583496,0.17012444138526917,384.6000061035156,6.144000053405762,3.5510001182556152,1883.800048828125,513.28125,2.0289063453674316,1.042610764503479,2653.0,513.28125,2.0289063453674316,1.042610764503479,2653.0,513.28125,2.0289063453674316,1.042610764503479,2653.0
2026-09-08T16:35:00.000+08:00,453.7933349609375,9.766151428222656,12.09765625,20.923784255981445,0.1699979156255722,385.20001220703125,6.140999794006348,3.559000015258789,1883.9000244140625,513.28125,2.0289063453674316,1.0451678037643433,2653.0,513.28125,2.0289063453674316,1.0451678037643433,2653.0,513.28125,2.0289063453674316,1.0451678037643433,2653.0
2026-09-08T16:36:00.000+08:00,455.1567687988281,9.789859771728516,12.09765625,20.714462280273438,0.17152267694473267,385.1000061035156,6.142000198364258,3.556999921798706,1884.0,513.28125,2.0289063453674316,1.0471866130828857,2653.0,513.28125,2.0289063453674316,1.0471866130828857,2653.0,513.28125,2.0289063453674316,1.0471866130828857,2653.0
2026-09-08T16:37:00.000+08:00,446.61212158203125,9.771598815917969,12.104248046875,20.835376739501953,0.17134319245815277,385.0,6.184999942779541,3.5829999446868896,1884.0,513.28125,2.0289063453674316,1.0463790893554688,2653.0,513.28125,2.0289063453674316,1.0463790893554688,2653.0,513.28125,2.0289063453674316,1.0463790893554688,2653.0
2026-09-08T16:38:00.000+08:00,444.5833435058594,9.77010726928711,12.069580078125,20.357257843017578,0.17463058233261108,384.8999938964844,6.144999980926514,3.555999994277954,1884.0999755859375,513.28125,2.0289063453674316,1.0446295738220215,2653.0,513.28125,2.0289063453674316,1.0446295738220215,2653.0,513.28125,2.0289063453674316,1.0446295738220215,2653.0
2026-09-08T16:39:00.000+08:00,453.093017578125,9.791763305664062,12.041748046875,20.9703369140625,0.1708603948354721,385.0,6.144000053405762,3.558000087738037,1884.0999755859375,513.28125,2.0289063453674316,1.0446295738220215,2653.0,513.28125,2.0289063453674316,1.0446295738220215,2653.0,513.28125,2.0289063453674316,1.0446295738220215,2653.0
2026-09-08T16:40:00.000+08:00,463.6438293457031,9.803245544433594,12.0419921875,21.4117374420166,0.1660771369934082,385.20001220703125,6.139999866485596,3.556999921798706,1884.199951171875,513.28125,2.0289063453674316,1.0451678037643433,2653.0,513.28125,2.0289063453674316,1.0451678037643433,2653.0,513.28125,2.0289063453674316,1.0451678037643433,2653.0
2026-09-08T16:41:00.000+08:00,459.84503173828125,9.806804656982422,12.034912109375,20.62934112548828,0.17223042249679565,385.0,6.138000011444092,3.553999900817871,1884.300048828125,513.28125,2.0289063453674316,1.0483977794647217,2653.0,513.28125,2.0289063453674316,1.0483977794647217,2653.0,513.28125,2.0289063453674316,1.0483977794647217,2653.0
2026-09-08T16:42:00.000+08:00,454.088623046875,9.764076232910156,12.097412109375,20.29693031311035,0.17505109310150146,385.20001220703125,6.160999774932861,3.563999891281128,1884.300048828125,513.28125,2.0289063453674316,1.0492053031921387,2653.0,513.28125,2.0289063453674316,1.0492053031921387,2653.0,513.28125,2.0289063453674316,1.0492053031921387,2653.0
2026-09-08T16:43:00.000+08:00,453.5090026855469,9.784408569335938,12.097412109375,19.721303939819336,0.1800083965063095,385.29998779296875,6.1570000648498535,3.568000078201294,1884.4000244140625,513.28125,2.0289063453674316,1.051762342453003,2653.0,513.28125,2.0289063453674316,1.051762342453003,2653.0,513.28125,2.0289063453674316,1.051762342453003,2653.0
2026-09-08T16:44:00.000+08:00,450.4798583984375,9.774791717529297,12.111328125,20.70376968383789,0.17223916947841644,385.20001220703125,6.146999835968018,3.556999921798706,1884.4000244140625,513.28125,2.0289063453674316,1.0607794523239136,2653.0,513.28125,2.0289063453674316,1.0607794523239136,2653.0,513.28125,2.0289063453674316,1.0607794523239136,2653.0
2026-09-08T16:45:00.000+08:00,440.9909362792969,9.70120620727539,12.0908203125,20.30414581298828,0.17513664066791534,385.20001220703125,6.1579999923706055,3.563999891281128,1884.5,513.28125,2.0289063453674316,1.0451678037643433,2653.0,513.28125,2.0289063453674316,1.0451678037643433,2653.0,513.28125,2.0289063453674316,1.0451678037643433,2653.0
2026-09-08T16:46:00.000+08:00,450.5808410644531,9.794975280761719,12.041748046875,21.315898895263672,0.16724605858325958,385.20001220703125,6.171999931335449,3.566999912261963,1884.5999755859375,513.28125,2.0289063453674316,1.0479941368103027,2653.0,513.28125,2.0289063453674316,1.0479941368103027,2653.0,513.28125,2.0289063453674316,1.0479941368103027,2653.0
2026-09-08T16:47:00.000+08:00,458.594482421875,9.717777252197266,12.013916015625,21.28584098815918,0.16748222708702087,385.20001220703125,6.1620001792907715,3.558000087738037,1884.5999755859375,513.28125,2.0289063453674316,1.053377389907837,2653.0,513.28125,2.0289063453674316,1.053377389907837,2653.0,513.28125,2.0289063453674316,1.053377389907837,2653.0
2026-09-08T16:48:00.000+08:00,451.2265625,9.718154907226562,12.034912109375,20.050561904907227,0.1777506321668625,385.3999938964844,6.166999816894531,3.566999912261963,1884.699951171875,513.28125,2.0289063453674316,1.0509549379348755,2653.0,513.28125,2.0289063453674316,1.0509549379348755,2653.0,513.28125,2.0289063453674316,1.0509549379348755,2653.0
2026-09-08T16:49:00.000+08:00,452.02459716796875,9.69186019897461,12.03515625,20.593435287475586,0.17325909435749054,385.3999938964844,6.173999786376953,3.569000005722046,1884.699951171875,513.28125,2.0289063453674316,1.04974365234375,2653.0,513.28125,2.0289063453674316,1.04974365234375,2653.0,513.28125,2.0289063453674316,1.04974365234375,2653.0
2026-09-08T16:50:00.000+08:00,456.24847412109375,9.812175750732422,12.0283203125,20.978662490844727,0.1702682375907898,385.3999938964844,6.173999786376953,3.568000078201294,1884.800048828125,513.28125,2.067187547683716,1.064009428024292,2653.0,513.28125,2.067187547683716,1.064009428024292,2653.0,513.28125,2.067187547683716,1.064009428024292,2653.0
2026-09-08T16:51:00.000+08:00,457.65509033203125,9.747936248779297,11.97265625,21.2946834564209,0.16731876134872437,385.5,6.195000171661377,3.571000099182129,1884.9000244140625,513.28125,2.0289063453674316,1.048936128616333,2653.0,513.28125,2.0289063453674316,1.048936128616333,2653.0,513.28125,2.0289063453674316,1.048936128616333,2653.0
2026-09-08T16:52:00.000+08:00,452.1155700683594,9.687904357910156,12.0556640625,21.2078914642334,0.1677677482366562,385.70001220703125,6.171000003814697,3.568000078201294,1884.9000244140625,513.28125,2.0289063453674316,1.0518969297409058,2653.0,513.28125,2.0289063453674316,1.0518969297409058,2653.0,513.28125,2.0289063453674316,1.0518969297409058,2653.0
2026-09-08T16:53:00.000+08:00,450.974609375,9.78521728515625,12.03515625,20.922330856323242,0.17091786861419678,385.70001220703125,6.211999893188477,3.5759999752044678,1885.0,513.28125,2.0289063453674316,1.048128604888916,2653.0,513.28125,2.0289063453674316,1.048128604888916,2653.0,513.28125,2.0289063453674316,1.048128604888916,2653.0
2026-09-08T16:54:00.000+08:00,440.64599609375,9.708393096923828,12.048828125,19.227779388427734,0.1857728809118271,385.29998779296875,6.210999965667725,3.565999984741211,1885.0,513.28125,2.0289063453674316,1.04974365234375,2653.0,513.28125,2.0289063453674316,1.04974365234375,2653.0,513.28125,2.0289063453674316,1.04974365234375,2653.0
2026-09-08T16:55:00.000+08:00,441.51654052734375,9.707283020019531,12.03515625,20.47504997253418,0.1743585467338562,385.3999938964844,6.208000183105469,3.563999891281128,1885.0999755859375,513.28125,2.0289063453674316,1.048936128616333,2653.0,513.28125,2.0289063453674316,1.048936128616333,2653.0,513.28125,2.0289063453674316,1.048936128616333,2653.0
2026-09-08T16:56:00.000+08:00,437.64678955078125,9.72665786743164,12.03515625,20.32305145263672,0.1753673553466797,385.20001220703125,6.175000190734863,3.555999994277954,1885.0999755859375,513.28125,2.0289063453674316,1.0512241125106812,2653.0,513.28125,2.0289063453674316,1.0512241125106812,2653.0,513.28125,2.0289063453674316,1.0512241125106812,2653.0
2026-09-08T16:57:00.000+08:00,447.15753173828125,9.68359375,12.048583984375,20.65325355529785,0.17141863703727722,385.29998779296875,6.171000003814697,3.562999963760376,1885.199951171875,513.28125,2.0289063453674316,1.051762342453003,2653.0,513.28125,2.0289063453674316,1.051762342453003,2653.0,513.28125,2.0289063453674316,1.051762342453003,2653.0
2026-09-08T16:58:00.000+08:00,442.673095703125,9.735713958740234,11.9794921875,20.275955200195312,0.17434759438037872,385.29998779296875,6.183000087738037,3.572999954223633,1885.300048828125,513.28125,2.0289063453674316,1.051358699798584,2653.0,513.28125,2.0289063453674316,1.051358699798584,2653.0,513.28125,2.0289063453674316,1.051358699798584,2653.0
2026-09-08T16:59:00.000+08:00,460.48486328125,9.696586608886719,11.9794921875,21.353647232055664,0.16685675084590912,385.5,6.193999767303467,3.578000068664551,1885.300048828125,513.28125,2.0289063453674316,1.050551176071167,2653.0,513.28125,2.0289063453674316,1.050551176071167,2653.0,513.28125,2.0289063453674316,1.050551176071167,2653.0
2026-09-08T17:00:00.000+08:00,461.29571533203125,9.746883392333984,11.875,21.543964385986328,0.1658933311700821,385.6000061035156,6.177999973297119,3.572000026702881,1885.4000244140625,513.28125,2.0289063453674316,1.0523006916046143,2653.0,513.28125,2.0289063453674316,1.0523006916046143,2653.0,513.28125,2.0289063453674316,1.0523006916046143,2653.0
2026-09-08T17:01:00.000+08:00,459.4834289550781,9.701545715332031,11.986328125,20.649009704589844,0.1732286512851715,385.8999938964844,6.183000087738037,3.5799999237060547,1885.4000244140625,513.28125,2.0289063453674316,1.0527044534683228,2653.0,513.28125,2.0289063453674316,1.0527044534683228,2653.0,513.28125,2.0289063453674316,1.0527044534683228,2653.0
2026-09-08T17:02:00.000+08:00,460.0619201660156,9.737220764160156,11.9169921875,20.89779281616211,0.1709749847650528,385.70001220703125,6.177000045776367,3.575000047683716,1885.5,513.28125,2.0289063453674316,1.0539157390594482,2653.0,513.28125,2.0289063453674316,1.0539157390594482,2653.0,513.28125,2.0289063453674316,1.0539157390594482,2653.0
2026-09-08T17:03:00.000+08:00,473.28173828125,9.74972152709961,11.91015625,21.53289222717285,0.16630372405052185,386.0,6.188000202178955,3.5850000381469727,1885.5999755859375,513.28125,2.067187547683716,1.0680469274520874,2653.0,513.28125,2.067187547683716,1.0680469274520874,2653.0,513.28125,2.067187547683716,1.0680469274520874,2653.0
2026-09-08T17:04:00.000+08:00,464.42120361328125,9.743297576904297,11.895751953125,20.004610061645508,0.17890876531600952,386.0,6.181000232696533,3.5810000896453857,1885.5999755859375,513.28125,2.0289063453674316,1.057684063911438,2653.0,513.28125,2.0289063453674316,1.057684063911438,2653.0,513.28125,2.0289063453674316,1.057684063911438,2653.0
2026-09-08T17:05:00.000+08:00,455.92724609375,9.689414978027344,11.972412109375,19.29047966003418,0.18573929369449615,385.79998779296875,6.177999973297119,3.568000078201294,1885.699951171875,513.28125,2.0289063453674316,1.0523006916046143,2653.0,513.28125,2.0289063453674316,1.0523006916046143,2653.0,513.28125,2.0289063453674316,1.0523006916046143,2653.0
2026-09-08T17:06:00.000+08:00,455.5725402832031,9.686851501464844,11.923828125,19.4562931060791,0.18359099328517914,385.79998779296875,6.150000095367432,3.575000047683716,1885.699951171875,513.28125,2.0289063453674316,1.0539157390594482,2653.0,513.28125,2.0289063453674316,1.0539157390594482,2653.0,513.28125,2.0289063453674316,1.0539157390594482,2653.0
2026-09-08T17:07:00.000+08:00,457.2893371582031,9.732166290283203,11.888916015625,20.29629135131836,0.17579567432403564,385.70001220703125,6.169000148773193,3.578000068664551,1885.800048828125,513.28125,2.0289063453674316,1.0510895252227783,2653.0,513.28125,2.0289063453674316,1.0510895252227783,2653.0,513.28125,2.0289063453674316,1.0510895252227783,2653.0
2026-09-08T17:08:00.000+08:00,464.8193359375,9.611087799072266,11.826416015625,20.630712509155273,0.1732853353023529,385.6000061035156,6.163000106811523,3.569000005722046,1885.9000244140625,513.28125,2.0289063453674316,1.0584914684295654,2653.0,513.28125,2.0289063453674316,1.0584914684295654,2653.0,513.28125,2.0289063453674316,1.0584914684295654,2653.0
2026-09-08T17:09:00.000+08:00,469.221435546875,9.466365814208984,11.75,20.361637115478516,0.17562437057495117,385.6000061035156,6.195000171661377,3.5859999656677246,1885.9000244140625,513.28125,2.0289063453674316,1.050551176071167,2653.0,513.28125,2.0289063453674316,1.050551176071167,2653.0,513.28125,2.0289063453674316,1.050551176071167,2653.0
2026-09-08T17:10:00.000+08:00,456.16650390625,9.384136199951172,11.784912109375,21.252073287963867,0.1682659387588501,385.70001220703125,6.193999767303467,3.5810000896453857,1886.0,513.28125,2.0289063453674316,1.0564727783203125,2653.0,513.28125,2.0289063453674316,1.0564727783203125,2653.0,513.28125,2.0289063453674316,1.0564727783203125,2653.0
2026-09-08T17:11:00.000+08:00,459.9203796386719,9.402099609375,11.763916015625,21.14022445678711,0.16944001615047455,385.6000061035156,6.170000076293945,3.5820000171661377,1886.0,513.28125,2.0289063453674316,1.0547232627868652,2653.0,513.28125,2.0289063453674316,1.0547232627868652,2653.0,513.28125,2.0289063453674316,1.0547232627868652,2653.0
2026-09-08T17:12:00.000+08:00,442.89971923828125,9.432601928710938,11.798828125,21.122549057006836,0.1693924367427826,385.70001220703125,6.171999931335449,3.5810000896453857,1886.0999755859375,513.28125,2.0289063453674316,1.0510895252227783,2653.0,513.28125,2.0289063453674316,1.0510895252227783,2653.0,513.28125,2.0289063453674316,1.0510895252227783,2653.0
2026-09-08T17:13:00.000+08:00,443.1188049316406,9.36651611328125,11.763916015625,21.01544189453125,0.17049367725849152,385.6000061035156,6.179999828338623,3.5850000381469727,1886.199951171875,513.28125,2.0289063453674316,1.0555306673049927,2653.0,513.28125,2.0289063453674316,1.0555306673049927,2653.0,513.28125,2.0289063453674316,1.0555306673049927,2653.0
2026-09-08T17:14:00.000+08:00,439.8844299316406,9.362930297851562,11.75,20.23219108581543,0.17674803733825684,385.79998779296875,6.166999816894531,3.578000068664551,1886.199951171875,513.28125,2.0289063453674316,1.048936128616333,2653.0,513.28125,2.0289063453674316,1.048936128616333,2653.0,513.28125,2.0289063453674316,1.048936128616333,2653.0
2026-09-08T17:15:00.000+08:00,440.1627502441406,9.398120880126953,11.8125,20.950008392333984,0.17040567100048065,385.70001220703125,6.158999919891357,3.562999963760376,1886.300048828125,513.28125,2.0289063453674316,1.0493398904800415,2653.0,513.28125,2.0289063453674316,1.0493398904800415,2653.0,513.28125,2.0289063453674316,1.0493398904800415,2653.0
2026-09-08T17:16:00.000+08:00,440.4131774902344,9.407367706298828,11.923583984375,20.25020980834961,0.17619569599628448,385.70001220703125,6.169000148773193,3.572000026702881,1886.300048828125,513.28125,2.0289063453674316,1.051358699798584,2653.0,513.28125,2.0289063453674316,1.051358699798584,2653.0,513.28125,2.0289063453674316,1.051358699798584,2653.0
2026-09-08T17:17:00.000+08:00,426.58477783203125,9.497230529785156,11.909912109375,20.435224533081055,0.17508983612060547,385.70001220703125,6.173999786376953,3.565000057220459,1886.4000244140625,513.28125,2.0289063453674316,1.048936128616333,2653.0,513.28125,2.0289063453674316,1.048936128616333,2653.0,513.28125,2.0289063453674316,1.048936128616333,2653.0
2026-09-08T17:18:00.000+08:00,429.7978210449219,9.449077606201172,11.9375,21.45758056640625,0.16646797955036163,385.79998779296875,6.178999900817871,3.5840001106262207,1886.5,513.28125,2.0289063453674316,1.0617214441299438,2653.0,513.28125,2.0289063453674316,1.0617214441299438,2653.0,513.28125,2.0289063453674316,1.0617214441299438,2653.0
2026-09-08T17:19:00.000+08:00,407.9091796875,9.445491790771484,11.97265625,20.558189392089844,0.17341020703315735,385.70001220703125,6.182000160217285,3.571000099182129,1886.5,513.28125,2.0289063453674316,1.047724962234497,2654.0,513.28125,2.0289063453674316,1.047724962234497,2654.0,513.28125,2.0289063453674316,1.047724962234497,2654.0
2026-09-08T17:20:00.000+08:00,405.2328796386719,9.490409851074219,11.944580078125,20.198915481567383,0.1769401878118515,385.5,6.209000110626221,3.5739998817443848,1886.5999755859375,513.28125,2.0289063453674316,1.047724962234497,2654.0,513.28125,2.0289063453674316,1.047724962234497,2654.0,513.28125,2.0289063453674316,1.047724962234497,2654.0
2026-09-08T17:21:00.000+08:00,411.39471435546875,9.458442687988281,11.979248046875,19.758403778076172,0.18068261444568634,385.70001220703125,6.186999797821045,3.568000078201294,1886.5999755859375,513.28125,2.0289063453674316,1.047724962234497,2654.0,513.28125,2.0289063453674316,1.047724962234497,2654.0,513.28125,2.0289063453674316,1.047724962234497,2654.0
2026-09-08T17:22:00.000+08:00,400.7093811035156,9.48782730102539,11.972412109375,20.489124298095703,0.17394594848155975,385.6000061035156,6.171000003814697,3.572999954223633,1886.699951171875,513.28125,2.0289063453674316,1.04974365234375,2654.0,513.28125,2.0289063453674316,1.04974365234375,2654.0,513.28125,2.0289063453674316,1.04974365234375,2654.0
2026-09-08T17:23:00.000+08:00,412.95550537109375,9.44580078125,12.03515625,20.530902862548828,0.17388421297073364,385.70001220703125,6.150000095367432,3.565000057220459,1886.800048828125,513.28125,2.0289063453674316,1.0521661043167114,2654.0,513.28125,2.0289063453674316,1.0521661043167114,2654.0,513.28125,2.0289063453674316,1.0521661043167114,2654.0
2026-09-08T17:24:00.000+08:00,409.559814453125,9.461654663085938,11.972412109375,20.124286651611328,0.17704974114894867,385.5,6.1539998054504395,3.563999891281128,1886.800048828125,513.28125,2.0289063453674316,1.0479941368103027,2654.0,513.28125,2.0289063453674316,1.0479941368103027,2654.0,513.28125,2.0289063453674316,1.0479941368103027,2654.0
2026-09-08T17:25:00.000+08:00,404.203125,9.498603820800781,11.923583984375,20.766338348388672,0.17162390053272247,385.70001220703125,6.170000076293945,3.566999912261963,1886.9000244140625,513.28125,2.0289063453674316,1.0465136766433716,2654.0,513.28125,2.0289063453674316,1.0465136766433716,2654.0,513.28125,2.0289063453674316,1.0465136766433716,2654.0
2026-09-08T17:26:00.000+08:00,409.2334899902344,9.499351501464844,11.875,20.39321517944336,0.1747640073299408,385.5,6.144999980926514,3.566999912261963,1886.9000244140625,513.28125,2.0289063453674316,1.0492053031921387,2654.0,513.28125,2.0289063453674316,1.0492053031921387,2654.0,513.28125,2.0289063453674316,1.0492053031921387,2654.0
2026-09-08T17:27:00.000+08:00,407.5009460449219,9.453758239746094,11.979248046875,20.174654006958008,0.1768060028553009,385.70001220703125,6.1620001792907715,3.566999912261963,1887.0,513.28125,2.0289063453674316,1.0501474142074585,2654.0,513.28125,2.0289063453674316,1.0501474142074585,2654.0,513.28125,2.0289063453674316,1.0501474142074585,2654.0
2026-09-08T17:28:00.000+08:00,412.1249694824219,9.473880767822266,11.986328125,20.14458656311035,0.17706990242004395,385.70001220703125,6.156000137329102,3.566999912261963,1887.0999755859375,513.28125,2.0289063453674316,1.05256986618042,2654.0,513.28125,2.0289063453674316,1.05256986618042,2654.0,513.28125,2.0289063453674316,1.05256986618042,2654.0
2026-09-08T17:29:00.000+08:00,392.1084289550781,9.442230224609375,12.034912109375,18.84862518310547,0.1894567757844925,385.5,6.165999889373779,3.569000005722046,1887.0999755859375,513.28125,2.0289063453674316,1.0471866130828857,2654.0,513.28125,2.0289063453674316,1.0471866130828857,2654.0,513.28125,2.0289063453674316,1.0471866130828857,2654.0
2026-09-08T17:30:00.000+08:00,408.1199951171875,9.40420913696289,11.9931640625,20.255590438842773,0.17629700899124146,385.79998779296875,6.164999961853027,3.5739998817443848,1887.199951171875,513.28125,2.0289063453674316,1.0501474142074585,2654.0,513.28125,2.0289063453674316,1.0501474142074585,2654.0,513.28125,2.0289063453674316,1.0501474142074585,2654.0
2026-09-08T17:31:00.000+08:00,405.16265869140625,9.497566223144531,11.944580078125,19.919450759887695,0.1791716068983078,385.3999938964844,6.159999847412109,3.561000108718872,1887.199951171875,513.28125,2.0289063453674316,1.051762342453003,2654.0,513.28125,2.0289063453674316,1.051762342453003,2654.0,513.28125,2.0289063453674316,1.051762342453003,2654.0
2026-09-08T17:32:00.000+08:00,406.02606201171875,9.473506927490234,11.944580078125,20.70086669921875,0.17226332426071167,385.29998779296875,6.135000228881836,3.559000015258789,1887.300048828125,513.28125,2.0289063453674316,1.0488015413284302,2654.0,513.28125,2.0289063453674316,1.0488015413284302,2654.0,513.28125,2.0289063453674316,1.0488015413284302,2654.0
2026-09-08T17:33:00.000+08:00,396.2306823730469,9.446914672851562,12.048583984375,19.606666564941406,0.18167290091514587,385.5,6.138000011444092,3.556999921798706,1887.300048828125,513.28125,2.0289063453674316,1.0455715656280518,2654.0,513.28125,2.0289063453674316,1.0455715656280518,2654.0,513.28125,2.0289063453674316,1.0455715656280518,2654.0
2026-09-08T17:34:00.000+08:00,391.75189208984375,9.520153045654297,12.0556640625,19.20725440979004,0.18649204075336456,385.70001220703125,6.163000106811523,3.571000099182129,1887.4000244140625,513.28125,2.0289063453674316,1.05256986618042,2654.0,513.28125,2.0289063453674316,1.05256986618042,2654.0,513.28125,2.0289063453674316,1.05256986618042,2654.0
2026-09-08T17:35:00.000+08:00,400.134765625,9.52410888671875,12.048828125,20.65508460998535,0.17220941185951233,385.29998779296875,6.1519999504089355,3.563999891281128,1887.5,513.28125,2.0289063453674316,1.04974365234375,2654.0,513.28125,2.0289063453674316,1.04974365234375,2654.0,513.28125,2.0289063453674316,1.04974365234375,2654.0
2026-09-08T17:36:00.000+08:00,396.0724792480469,9.54632568359375,12.048583984375,20.291629791259766,0.17588531970977783,385.5,6.1539998054504395,3.569999933242798,1887.5,513.28125,2.0289063453674316,1.0509549379348755,2654.0,513.28125,2.0289063453674316,1.0509549379348755,2654.0,513.28125,2.0289063453674316,1.0509549379348755,2654.0
2026-09-08T17:37:00.000+08:00,395.2280578613281,9.50583267211914,12.0556640625,19.682424545288086,0.18127848207950592,385.5,6.142000198364258,3.568000078201294,1887.5999755859375,513.28125,2.0289063453674316,1.0467828512191772,2654.0,513.28125,2.0289063453674316,1.0467828512191772,2654.0,513.28125,2.0289063453674316,1.0467828512191772,2654.0
2026-09-08T17:38:00.000+08:00,394.515625,9.506946563720703,12.041748046875,19.52723503112793,0.18266795575618744,385.5,6.127999782562256,3.565000057220459,1887.5999755859375,513.28125,2.0289063453674316,1.0455715656280518,2654.0,513.28125,2.0289063453674316,1.0455715656280518,2654.0,513.28125,2.0289063453674316,1.0455715656280518,2654.0
2026-09-08T17:39:00.000+08:00,401.9766540527344,9.463447570800781,12.0,20.16560935974121,0.17673653364181519,385.20001220703125,6.1519999504089355,3.566999912261963,1887.699951171875,513.28125,2.0289063453674316,1.0479941368103027,2654.0,513.28125,2.0289063453674316,1.0479941368103027,2654.0,513.28125,2.0289063453674316,1.0479941368103027,2654.0
2026-09-08T17:40:00.000+08:00,401.684326171875,9.5596923828125,11.9794921875,19.95442008972168,0.17885760962963104,385.29998779296875,6.150000095367432,3.561000108718872,1887.800048828125,513.28125,2.0289063453674316,1.0492053031921387,2654.0,513.28125,2.0289063453674316,1.0492053031921387,2654.0,513.28125,2.0289063453674316,1.0492053031921387,2654.0
2026-09-08T17:41:00.000+08:00,399.8165588378906,9.441905975341797,11.9931640625,20.60624885559082,0.17295725643634796,384.8999938964844,6.13700008392334,3.555999994277954,1887.800048828125,513.28125,2.0289063453674316,1.0459753274917603,2654.0,513.28125,2.0289063453674316,1.0459753274917603,2654.0,513.28125,2.0289063453674316,1.0459753274917603,2654.0
2026-09-08T17:42:00.000+08:00,414.0509338378906,9.467453002929688,11.958251953125,20.45264434814453,0.1740606129169464,384.8999938964844,6.133999824523926,3.555999994277954,1887.9000244140625,513.28125,2.0289063453674316,1.0459753274917603,2654.0,513.28125,2.0289063453674316,1.0459753274917603,2654.0,513.28125,2.0289063453674316,1.0459753274917603,2654.0
2026-09-08T17:43:00.000+08:00,414.2856750488281,9.55859375,11.97265625,20.641342163085938,0.17237251996994019,384.79998779296875,6.136000156402588,3.552000045776367,1887.9000244140625,513.28125,2.0289063453674316,1.0478595495224,2654.0,513.28125,2.0289063453674316,1.0478595495224,2654.0,513.28125,2.0289063453674316,1.0478595495224,2654.0
2026-09-08T17:44:00.000+08:00,399.13214111328125,9.456668853759766,12.03515625,19.72531509399414,0.18022525310516357,384.79998779296875,6.138999938964844,3.5510001182556152,1888.0,513.28125,2.0289063453674316,1.0466482639312744,2654.0,513.28125,2.0289063453674316,1.0466482639312744,2654.0,513.28125,2.0289063453674316,1.0466482639312744,2654.0
2026-09-08T17:45:00.000+08:00,402.3863830566406,9.55496597290039,12.013916015625,19.27349090576172,0.1841908097267151,384.6000061035156,6.129000186920166,3.553999900817871,1888.0999755859375,509.765625,2.0289063453674316,1.0396499633789062,2654.0,509.765625,2.0289063453674316,1.0396499633789062,2654.0,509.765625,2.0289063453674316,1.0396499633789062,2654.0
2026-09-08T17:46:00.000+08:00,387.4562072753906,9.588783264160156,12.1044921875,19.822399139404297,0.17914077639579773,384.79998779296875,6.144000053405762,3.5480000972747803,1888.0999755859375,513.28125,2.0289063453674316,1.0450332164764404,2654.0,513.28125,2.0289063453674316,1.0450332164764404,2654.0,513.28125,2.0289063453674316,1.0450332164764404,2654.0
2026-09-08T17:47:00.000+08:00,387.55584716796875,9.65802001953125,12.125,18.798450469970703,0.18905813992023468,384.79998779296875,6.160999774932861,3.553999900817871,1888.199951171875,513.28125,2.0289063453674316,1.0471866130828857,2654.0,513.28125,2.0289063453674316,1.0471866130828857,2654.0,513.28125,2.0289063453674316,1.0471866130828857,2654.0
2026-09-08T17:48:00.000+08:00,383.4553527832031,9.656688690185547,12.132080078125,19.063199996948242,0.1857505589723587,384.6000061035156,6.14900016784668,3.5510001182556152,1888.199951171875,513.28125,1.990625023841858,1.0388424396514893,2654.0,513.28125,1.990625023841858,1.0388424396514893,2654.0,513.28125,1.990625023841858,1.0388424396514893,2654.0
2026-09-08T17:49:00.000+08:00,388.4275207519531,9.679252624511719,12.1533203125,19.378005981445312,0.18330058455467224,385.29998779296875,6.192999839782715,3.569999933242798,1888.300048828125,513.28125,2.0289063453674316,1.0485323667526245,2654.0,513.28125,2.0289063453674316,1.0485323667526245,2654.0,513.28125,2.0289063453674316,1.0485323667526245,2654.0
2026-09-08T17:50:00.000+08:00,388.8808288574219,9.659503936767578,12.125,19.384138107299805,0.18267512321472168,385.20001220703125,6.192999839782715,3.572999954223633,1888.4000244140625,513.28125,2.0289063453674316,1.051762342453003,2654.0,513.28125,2.0289063453674316,1.051762342453003,2654.0,513.28125,2.0289063453674316,1.051762342453003,2654.0
2026-09-08T17:51:00.000+08:00,388.67822265625,9.718814849853516,12.159912109375,19.322851181030273,0.18439307808876038,385.20001220703125,6.203999996185303,3.5759999752044678,1888.4000244140625,513.28125,2.0289063453674316,1.0455715656280518,2654.0,513.28125,2.0289063453674316,1.0455715656280518,2654.0,513.28125,2.0289063453674316,1.0455715656280518,2654.0
2026-09-08T17:52:00.000+08:00,396.0959777832031,9.698257446289062,12.1875,19.8093204498291,0.17986483871936798,384.70001220703125,6.144999980926514,3.5490000247955322,1888.5,509.765625,2.0289063453674316,1.0458407402038574,2654.0,509.765625,2.0289063453674316,1.0458407402038574,2654.0,509.765625,2.0289063453674316,1.0458407402038574,2654.0
2026-09-08T17:53:00.000+08:00,390.2420959472656,9.651176452636719,12.22265625,18.839988708496094,0.18864129483699799,384.70001220703125,6.1479997634887695,3.5510001182556152,1888.5,509.765625,2.0289063453674316,1.047052025794983,2654.0,509.765625,2.0289063453674316,1.047052025794983,2654.0,509.765625,2.0289063453674316,1.047052025794983,2654.0
2026-09-08T17:54:00.000+08:00,388.9541015625,9.644420623779297,12.229248046875,19.6838321685791,0.18035106360912323,384.6000061035156,6.145999908447266,3.5429999828338623,1888.5999755859375,509.765625,2.0289063453674316,1.0432837009429932,2654.0,509.765625,2.0289063453674316,1.0432837009429932,2654.0,509.765625,2.0289063453674316,1.0432837009429932,2654.0
2026-09-08T17:55:00.000+08:00,381.7867431640625,9.724784851074219,12.201416015625,19.479263305664062,0.1819884032011032,384.29998779296875,6.163000106811523,3.5460000038146973,1888.699951171875,509.765625,2.0289063453674316,1.0416686534881592,2654.0,509.765625,2.0289063453674316,1.0416686534881592,2654.0,509.765625,2.0289063453674316,1.0416686534881592,2654.0
2026-09-08T17:56:00.000+08:00,380.6221008300781,9.70184326171875,12.201416015625,19.520645141601562,0.1815001517534256,384.8999938964844,6.1570000648498535,3.5480000972747803,1888.699951171875,513.28125,2.0289063453674316,1.0450332164764404,2654.0,513.28125,2.0289063453674316,1.0450332164764404,2654.0,513.28125,2.0289063453674316,1.0450332164764404,2654.0
2026-09-08T17:57:00.000+08:00,377.3956298828125,9.727409362792969,12.2294921875,19.377222061157227,0.18299835920333862,384.5,6.190000057220459,3.555000066757202,1888.800048828125,509.765625,1.990625023841858,1.0396499633789062,2654.0,509.765625,1.990625023841858,1.0396499633789062,2654.0,509.765625,1.990625023841858,1.0396499633789062,2654.0
2026-09-08T17:58:00.000+08:00,386.1405334472656,9.737754821777344,12.208251953125,19.38593292236328,0.18317405879497528,384.3999938964844,6.1479997634887695,3.5390000343322754,1888.800048828125,509.765625,2.0289063453674316,1.057684063911438,2654.0,509.765625,2.0289063453674316,1.057684063911438,2654.0,509.765625,2.0289063453674316,1.057684063911438,2654.0
2026-09-08T17:59:00.000+08:00,377.5184020996094,9.698627471923828,12.222412109375,19.246915817260742,0.18449710309505463,384.3999938964844,6.13700008392334,3.546999931335449,1888.9000244140625,509.765625,1.990625023841858,1.0374966859817505,2654.0,509.765625,1.990625023841858,1.0374966859817505,2654.0,509.765625,1.990625023841858,1.0374966859817505,2654.0
2026-09-08T18:00:00.000+08:00,383.36370849609375,9.739696502685547,12.138916015625,18.6303653717041,0.1907101720571518,384.79998779296875,6.144000053405762,3.5490000247955322,1889.0,513.28125,2.0289063453674316,1.045436978340149,2654.0,513.28125,2.0289063453674316,1.045436978340149,2654.0,513.28125,2.0289063453674316,1.045436978340149,2654.0
2026-09-08T18:01:00.000+08:00,392.0736083984375,9.674942016601562,12.125,19.73493003845215,0.17942805588245392,384.79998779296875,6.142000198364258,3.5480000972747803,1889.0,513.28125,2.0289063453674316,1.0432837009429932,2654.0,513.28125,2.0289063453674316,1.0432837009429932,2654.0,513.28125,2.0289063453674316,1.0432837009429932,2654.0
2026-09-08T18:02:00.000+08:00,391.16351318359375,9.744640350341797,12.1044921875,18.90105438232422,0.18755567073822021,384.79998779296875,6.1539998054504395,3.5510001182556152,1889.0999755859375,513.28125,2.0289063453674316,1.0450332164764404,2654.0,513.28125,2.0289063453674316,1.0450332164764404,2654.0,513.28125,2.0289063453674316,1.0450332164764404,2654.0
2026-09-08T18:03:00.000+08:00,395.41400146484375,9.693656921386719,12.076416015625,18.917560577392578,0.1873391717672348,384.79998779296875,6.150000095367432,3.553999900817871,1889.0999755859375,513.28125,2.0289063453674316,1.0450332164764404,2654.0,513.28125,2.0289063453674316,1.0450332164764404,2654.0,513.28125,2.0289063453674316,1.0450332164764404,2654.0
2026-09-08T18:04:00.000+08:00,427.5802917480469,9.688602447509766,12.1181640625,20.95058822631836,0.16925539076328278,384.79998779296875,6.140999794006348,3.552000045776367,1889.199951171875,513.28125,2.0289063453674316,1.0492053031921387,2654.0,513.28125,2.0289063453674316,1.0492053031921387,2654.0,513.28125,2.0289063453674316,1.0492053031921387,2654.0
2026-09-08T18:05:00.000+08:00,419.5296936035156,9.704021453857422,12.069580078125,20.045148849487305,0.17729975283145905,385.0,6.159999847412109,3.555999994277954,1889.199951171875,513.28125,2.0289063453674316,1.0430145263671875,2654.0,513.28125,2.0289063453674316,1.0430145263671875,2654.0,513.28125,2.0289063453674316,1.0430145263671875,2654.0
2026-09-08T18:06:00.000+08:00,426.3236083984375,9.693656921386719,12.104248046875,20.339139938354492,0.17478615045547485,384.70001220703125,6.156000137329102,3.5480000972747803,1889.300048828125,509.765625,2.0289063453674316,1.0450332164764404,2654.0,509.765625,2.0289063453674316,1.0450332164764404,2654.0,509.765625,2.0289063453674316,1.0450332164764404,2654.0
2026-09-08T18:07:00.000+08:00,417.0338134765625,9.704765319824219,12.1044921875,19.639509201049805,0.18106357753276825,385.1000061035156,6.146999835968018,3.556999921798706,1889.4000244140625,513.28125,2.0289063453674316,1.0496090650558472,2654.0,513.28125,2.0289063453674316,1.0496090650558472,2654.0,513.28125,2.0289063453674316,1.0496090650558472,2654.0
2026-09-08T18:08:00.000+08:00,425.53973388671875,9.70947265625,12.08349609375,20.301742553710938,0.1754036545753479,384.70001220703125,6.122000217437744,3.5510001182556152,1889.4000244140625,509.765625,2.0289063453674316,1.042610764503479,2654.0,509.765625,2.0289063453674316,1.042610764503479,2654.0,509.765625,2.0289063453674316,1.042610764503479,2654.0
2026-09-08T18:09:00.000+08:00,428.0097961425781,9.749385833740234,12.1181640625,20.006317138671875,0.17779383063316345,384.8999938964844,6.14900016784668,3.556999921798706,1889.5,513.28125,2.0289063453674316,1.045436978340149,2654.0,513.28125,2.0289063453674316,1.045436978340149,2654.0,513.28125,2.0289063453674316,1.045436978340149,2654.0
2026-09-08T18:10:00.000+08:00,415.8204040527344,9.741348266601562,12.0556640625,20.393640518188477,0.17392677068710327,384.5,6.107999801635742,3.5480000972747803,1889.5,509.765625,2.0289063453674316,1.047052025794983,2654.0,509.765625,2.0289063453674316,1.047052025794983,2654.0,509.765625,2.0289063453674316,1.047052025794983,2654.0
2026-09-08T18:11:00.000+08:00,415.87689208984375,9.726749420166016,12.1044921875,19.564001083374023,0.18145573139190674,385.1000061035156,6.142000198364258,3.562999963760376,1889.5999755859375,513.28125,2.0289063453674316,1.0471866130828857,2654.0,513.28125,2.0289063453674316,1.0471866130828857,2654.0,513.28125,2.0289063453674316,1.0471866130828857,2654.0
2026-09-08T18:12:00.000+08:00,407.018310546875,9.729961395263672,12.1181640625,18.387178421020508,0.19268861413002014,384.6000061035156,6.130000114440918,3.555999994277954,1889.699951171875,513.28125,2.0289063453674316,1.0438220500946045,2654.0,513.28125,2.0289063453674316,1.0438220500946045,2654.0,513.28125,2.0289063453674316,1.0438220500946045,2654.0
2026-09-08T18:13:00.000+08:00,421.7256164550781,9.744266510009766,12.1044921875,19.895893096923828,0.17893140017986298,384.6000061035156,6.126999855041504,3.549999952316284,1889.699951171875,513.28125,2.0289063453674316,1.046244502067566,2654.0,513.28125,2.0289063453674316,1.046244502067566,2654.0,513.28125,2.0289063453674316,1.046244502067566,2654.0
2026-09-08T18:14:00.000+08:00,424.5707092285156,9.711917877197266,12.1044921875,20.11823081970215,0.18054035305976868,384.79998779296875,6.14300012588501,3.5510001182556152,1889.800048828125,513.28125,2.0289063453674316,1.0466482639312744,2654.0,513.28125,2.0289063453674316,1.0466482639312744,2654.0,513.28125,2.0289063453674316,1.0466482639312744,2654.0
2026-09-08T18:15:00.000+08:00,417.8084716796875,9.724891662597656,12.104248046875,19.256763458251953,0.18466240167617798,385.0,6.1529998779296875,3.558000087738037,1889.800048828125,513.28125,2.0289063453674316,1.0459753274917603,2655.0,513.28125,2.0289063453674316,1.0459753274917603,2655.0,513.28125,2.0289063453674316,1.0459753274917603,2655.0
2026-09-08T18:16:00.000+08:00,416.6014099121094,9.764389038085938,12.125,19.818143844604492,0.17917923629283905,385.0,6.138999938964844,3.555000066757202,1889.9000244140625,513.28125,2.0289063453674316,1.0483977794647217,2655.0,513.28125,2.0289063453674316,1.0483977794647217,2655.0,513.28125,2.0289063453674316,1.0483977794647217,2655.0
2026-09-08T18:17:00.000+08:00,422.2221374511719,9.731449127197266,12.111328125,18.969579696655273,0.18729987740516663,384.70001220703125,6.176000118255615,3.556999921798706,1890.0,513.28125,2.0289063453674316,1.044225811958313,2655.0,513.28125,2.0289063453674316,1.044225811958313,2655.0,513.28125,2.0289063453674316,1.044225811958313,2655.0
2026-09-08T18:18:00.000+08:00,424.232666015625,9.68966293334961,12.173828125,20.81597328186035,0.17131073772907257,384.79998779296875,6.1620001792907715,3.558000087738037,1890.0,513.28125,2.0289063453674316,1.0528390407562256,2655.0,513.28125,2.0289063453674316,1.0528390407562256,2655.0,513.28125,2.0289063453674316,1.0528390407562256,2655.0
2026-09-08T18:19:00.000+08:00,409.8722839355469,9.810726165771484,12.1181640625,19.211135864257812,0.18489275872707367,385.0,6.158999919891357,3.559000015258789,1890.0999755859375,513.28125,2.0289063453674316,1.0463790893554688,2655.0,513.28125,2.0289063453674316,1.0463790893554688,2655.0,513.28125,2.0289063453674316,1.0463790893554688,2655.0
2026-09-08T18:20:00.000+08:00,413.50982666015625,9.78921127319336,12.125,19.556743621826172,0.18177874386310577,385.0,6.165999889373779,3.572000026702881,1890.0999755859375,513.28125,2.0289063453674316,1.043418288230896,2655.0,513.28125,2.0289063453674316,1.043418288230896,2655.0,513.28125,2.0289063453674316,1.043418288230896,2655.0
2026-09-08T18:21:00.000+08:00,408.9070739746094,9.779060363769531,12.166748046875,19.247758865356445,0.1851644217967987,384.70001220703125,6.1529998779296875,3.553999900817871,1890.199951171875,513.28125,2.0289063453674316,1.0413994789123535,2655.0,513.28125,2.0289063453674316,1.0413994789123535,2655.0,513.28125,2.0289063453674316,1.0413994789123535,2655.0
2026-09-08T18:22:00.000+08:00,414.8058166503906,9.80313491821289,12.1669921875,19.540237426757812,0.18254639208316803,384.70001220703125,6.138000011444092,3.553999900817871,1890.300048828125,513.28125,2.0289063453674316,1.045436978340149,2655.0,513.28125,2.0289063453674316,1.045436978340149,2655.0,513.28125,2.0289063453674316,1.045436978340149,2655.0
2026-09-08T18:23:00.000+08:00,416.9441223144531,9.807838439941406,12.138916015625,19.752586364746094,0.1800270527601242,384.70001220703125,6.138999938964844,3.552000045776367,1890.300048828125,513.28125,2.0289063453674316,1.044225811958313,2655.0,513.28125,2.0289063453674316,1.044225811958313,2655.0,513.28125,2.0289063453674316,1.044225811958313,2655.0
2026-09-08T18:24:00.000+08:00,406.1695861816406,9.80709457397461,12.132080078125,19.050100326538086,0.1865607053041458,383.79998779296875,6.144000053405762,3.5320000648498535,1890.4000244140625,509.765625,2.0289063453674316,1.039111614227295,2655.0,509.765625,2.0289063453674316,1.039111614227295,2655.0,509.765625,2.0289063453674316,1.039111614227295,2655.0
2026-09-08T18:25:00.000+08:00,422.54132080078125,9.765460968017578,12.194580078125,19.543148040771484,0.18175168335437775,384.79998779296875,6.129000186920166,3.5460000038146973,1890.4000244140625,513.28125,1.990625023841858,1.0388424396514893,2655.0,513.28125,1.990625023841858,1.0388424396514893,2655.0,513.28125,1.990625023841858,1.0388424396514893,2655.0
2026-09-08T18:26:00.000+08:00,398.7700500488281,9.787715911865234,12.1669921875,18.55482292175293,0.19051650166511536,384.3999938964844,6.127999782562256,3.5429999828338623,1890.5,509.765625,1.990625023841858,1.0380349159240723,2655.0,509.765625,1.990625023841858,1.0380349159240723,2655.0,509.765625,1.990625023841858,1.0380349159240723,2655.0
2026-09-08T18:27:00.000+08:00,407.583984375,9.688175201416016,12.1806640625,19.9007511138916,0.17883747816085815,385.0,6.1479997634887695,3.552000045776367,1890.5999755859375,513.28125,2.0289063453674316,1.045436978340149,2655.0,513.28125,2.0289063453674316,1.045436978340149,2655.0,513.28125,2.0289063453674316,1.045436978340149,2655.0
2026-09-08T18:28:00.000+08:00,413.54656982421875,9.809391021728516,12.1044921875,20.076725006103516,0.17642319202423096,384.29998779296875,6.139999866485596,3.5390000343322754,1890.5999755859375,509.765625,2.0289063453674316,1.0424761772155762,2655.0,509.765625,2.0289063453674316,1.0424761772155762,2655.0,509.765625,2.0289063453674316,1.0424761772155762,2655.0
2026-09-08T18:29:00.000+08:00,421.7749938964844,9.765525817871094,12.159912109375,20.681720733642578,0.17203597724437714,384.6000061035156,6.124000072479248,3.5409998893737793,1890.699951171875,509.765625,2.0289063453674316,1.0432837009429932,2655.0,509.765625,2.0289063453674316,1.0432837009429932,2655.0,509.765625,2.0289063453674316,1.0432837009429932,2655.0
2026-09-08T18:30:00.000+08:00,409.6832580566406,9.711662292480469,12.138916015625,19.482900619506836,0.1817491203546524,384.70001220703125,6.123000144958496,3.5480000972747803,1890.699951171875,509.765625,2.0289063453674316,1.0420724153518677,2655.0,509.765625,2.0289063453674316,1.0420724153518677,2655.0,509.765625,2.0289063453674316,1.0420724153518677,2655.0
2026-09-08T18:31:00.000+08:00,423.1275634765625,9.747478485107422,12.069580078125,20.152362823486328,0.17610837519168854,384.6000061035156,6.119999885559082,3.5399999618530273,1890.800048828125,509.765625,2.0289063453674316,1.0432837009429932,2655.0,509.765625,2.0289063453674316,1.0432837009429932,2655.0,509.765625,2.0289063453674316,1.0432837009429932,2655.0
2026-09-08T18:32:00.000+08:00,414.32220458984375,9.726009368896484,12.083251953125,19.95363426208496,0.17826327681541443,384.6000061035156,6.118000030517578,3.549999952316284,1890.800048828125,509.765625,2.0289063453674316,1.0396499633789062,2655.0,509.765625,2.0289063453674316,1.0396499633789062,2655.0,509.765625,2.0289063453674316,1.0396499633789062,2655.0
2026-09-08T18:33:00.000+08:00,414.789794921875,9.72878646850586,12.132080078125,19.110755920410156,0.18570692837238312,384.8999938964844,6.132999897003174,3.5480000972747803,1890.9000244140625,513.28125,2.0289063453674316,1.041803240776062,2655.0,513.28125,2.0289063453674316,1.041803240776062,2655.0,513.28125,2.0289063453674316,1.041803240776062,2655.0
2026-09-08T18:34:00.000+08:00,410.20086669921875,9.788089752197266,12.1806640625,19.185338973999023,0.18503713607788086,384.6000061035156,6.13700008392334,3.5420000553131104,1891.0,509.765625,2.0289063453674316,1.0408612489700317,2655.0,509.765625,2.0289063453674316,1.0408612489700317,2655.0,509.765625,2.0289063453674316,1.0408612489700317,2655.0
2026-09-08T18:35:00.000+08:00,410.0123596191406,9.811775207519531,12.173828125,20.053983688354492,0.17692245543003082,384.8999938964844,6.145999908447266,3.5490000247955322,1891.0,513.28125,2.0289063453674316,1.0450332164764404,2655.0,513.28125,2.0289063453674316,1.0450332164764404,2655.0,513.28125,2.0289063453674316,1.0450332164764404,2655.0
2026-09-08T18:36:00.000+08:00,405.7711181640625,9.701080322265625,12.208251953125,19.69304084777832,0.18011438846588135,384.70001220703125,6.125,3.549999952316284,1891.0999755859375,509.765625,2.0289063453674316,1.0432837009429932,2655.0,509.765625,2.0289063453674316,1.0432837009429932,2655.0,509.765625,2.0289063453674316,1.0432837009429932,2655.0
2026-09-08T18:37:00.000+08:00,397.5648193359375,9.729156494140625,12.15283203125,19.506038665771484,0.18235377967357635,385.0,6.1529998779296875,3.5480000972747803,1891.0999755859375,513.28125,2.0289063453674316,1.044225811958313,2655.0,513.28125,2.0289063453674316,1.044225811958313,2655.0,513.28125,2.0289063453674316,1.044225811958313,2655.0
2026-09-08T18:38:00.000+08:00,403.3567810058594,9.723518371582031,12.173828125,20.21310806274414,0.17503492534160614,384.70001220703125,6.151000022888184,3.5480000972747803,1891.199951171875,513.28125,2.0289063453674316,1.0432837009429932,2655.0,513.28125,2.0289063453674316,1.0432837009429932,2655.0,513.28125,2.0289063453674316,1.0432837009429932,2655.0
2026-09-08T18:39:00.000+08:00,398.1849670410156,9.6839599609375,12.138916015625,19.34870719909668,0.1840433031320572,384.8999938964844,6.1479997634887695,3.5510001182556152,1891.300048828125,513.28125,2.0289063453674316,1.042610764503479,2655.0,513.28125,2.0289063453674316,1.042610764503479,2655.0,513.28125,2.0289063453674316,1.042610764503479,2655.0
2026-09-08T18:40:00.000+08:00,405.2984313964844,9.66628646850586,12.173583984375,19.560157775878906,0.18123576045036316,385.0,6.1519999504089355,3.546999931335449,1891.300048828125,513.28125,2.0289063453674316,1.044225811958313,2655.0,513.28125,2.0289063453674316,1.044225811958313,2655.0,513.28125,2.0289063453674316,1.044225811958313,2655.0
2026-09-08T18:41:00.000+08:00,394.84466552734375,9.442977905273438,12.0,19.405899047851562,0.18283100426197052,384.8999938964844,6.140999794006348,3.5510001182556152,1891.4000244140625,509.765625,2.0289063453674316,1.046244502067566,2655.0,509.765625,2.0289063453674316,1.046244502067566,2655.0,509.765625,2.0289063453674316,1.046244502067566,2655.0
2026-09-08T18:42:00.000+08:00,390.15045166015625,9.38582992553711,11.9794921875,19.40915298461914,0.18347014486789703,384.79998779296875,6.150000095367432,3.5510001182556152,1891.4000244140625,513.28125,2.0289063453674316,1.0446295738220215,2655.0,513.28125,2.0289063453674316,1.0446295738220215,2655.0,513.28125,2.0289063453674316,1.0446295738220215,2655.0
2026-09-08T18:43:00.000+08:00,403.2669372558594,9.317279815673828,11.951416015625,20.459531784057617,0.17356212437152863,385.1000061035156,6.144000053405762,3.555000066757202,1891.5,513.28125,2.0289063453674316,1.0459753274917603,2655.0,513.28125,2.0289063453674316,1.0459753274917603,2655.0,513.28125,2.0289063453674316,1.0459753274917603,2655.0
2026-09-08T18:44:00.000+08:00,413.78594970703125,9.315532684326172,11.9658203125,21.294023513793945,0.1667603999376297,384.79998779296875,6.1539998054504395,3.552999973297119,1891.5999755859375,513.28125,2.0289063453674316,1.042610764503479,2655.0,513.28125,2.0289063453674316,1.042610764503479,2655.0,513.28125,2.0289063453674316,1.042610764503479,2655.0
2026-09-08T18:45:00.000+08:00,409.7603454589844,9.349231719970703,11.9931640625,21.125473022460938,0.1683749258518219,384.70001220703125,6.150000095367432,3.552000045776367,1891.5999755859375,509.765625,2.0289063453674316,1.0446295738220215,2655.0,509.765625,2.0289063453674316,1.0446295738220215,2655.0,509.765625,2.0289063453674316,1.0446295738220215,2655.0
2026-09-08T18:46:00.000+08:00,406.2066955566406,9.356029510498047,11.986328125,20.506820678710938,0.173405721783638,384.6000061035156,6.122000217437744,3.5369999408721924,1891.699951171875,509.765625,2.0289063453674316,1.0440912246704102,2655.0,509.765625,2.0289063453674316,1.0440912246704102,2655.0,509.765625,2.0289063453674316,1.0440912246704102,2655.0
2026-09-08T18:47:00.000+08:00,393.2136535644531,9.388046264648438,11.986083984375,20.470014572143555,0.1731312870979309,384.6000061035156,6.144999980926514,3.5420000553131104,1891.699951171875,509.765625,2.0289063453674316,1.0446295738220215,2655.0,509.765625,2.0289063453674316,1.0446295738220215,2655.0,509.765625,2.0289063453674316,1.0446295738220215,2655.0
2026-09-08T18:48:00.000+08:00,401.28070068359375,9.430011749267578,11.97265625,20.718338012695312,0.17110446095466614,384.70001220703125,6.163000106811523,3.549999952316284,1891.800048828125,509.765625,2.0289063453674316,1.0420724153518677,2655.0,509.765625,2.0289063453674316,1.0420724153518677,2655.0,509.765625,2.0289063453674316,1.0420724153518677,2655.0
2026-09-08T18:49:00.000+08:00,394.34857177734375,9.408164978027344,11.979248046875,20.45346450805664,0.1740536391735077,384.79998779296875,6.145999908447266,3.5510001182556152,1891.800048828125,513.28125,1.990625023841858,1.0400537252426147,2655.0,513.28125,1.990625023841858,1.0400537252426147,2655.0,513.28125,1.990625023841858,1.0400537252426147,2655.0
2026-09-08T18:50:00.000+08:00,393.6999206542969,9.43222427368164,11.9375,19.861845016479492,0.17903675138950348,385.29998779296875,6.150000095367432,3.571000099182129,1891.9000244140625,513.28125,2.0289063453674316,1.0485323667526245,2655.0,513.28125,2.0289063453674316,1.0485323667526245,2655.0,513.28125,2.0289063453674316,1.0485323667526245,2655.0
2026-09-08T18:51:00.000+08:00,399.85711669921875,9.387256622314453,12.0556640625,20.398090362548828,0.17413394153118134,385.5,6.146999835968018,3.568000078201294,1892.0,513.28125,2.0289063453674316,1.0479941368103027,2655.0,513.28125,2.0289063453674316,1.0479941368103027,2655.0,513.28125,2.0289063453674316,1.0479941368103027,2655.0
2026-09-08T18:52:00.000+08:00,394.68988037109375,9.399524688720703,11.979248046875,19.6191463470459,0.18201607465744019,385.5,6.173999786376953,3.571000099182129,1892.0,513.28125,2.0289063453674316,1.051358699798584,2655.0,513.28125,2.0289063453674316,1.051358699798584,2655.0,513.28125,2.0289063453674316,1.051358699798584,2655.0
2026-09-08T18:53:00.000+08:00,398.18634033203125,9.403465270996094,11.986083984375,19.77049446105957,0.1813308149576187,385.6000061035156,6.146999835968018,3.569000005722046,1892.0999755859375,513.28125,2.0289063453674316,1.048936128616333,2655.0,513.28125,2.0289063453674316,1.048936128616333,2655.0,513.28125,2.0289063453674316,1.048936128616333,2655.0
2026-09-08T18:54:00.000+08:00,402.2904052734375,9.405952453613281,11.9375,20.73682403564453,0.17230217158794403,385.29998779296875,6.175000190734863,3.569999933242798,1892.0999755859375,513.28125,2.0289063453674316,1.0479941368103027,2655.0,513.28125,2.0289063453674316,1.0479941368103027,2655.0,513.28125,2.0289063453674316,1.0479941368103027,2655.0
2026-09-08T18:55:00.000+08:00,397.1918029785156,9.42938232421875,11.9375,20.207500457763672,0.17721141874790192,385.1000061035156,6.175000190734863,3.563999891281128,1892.199951171875,513.28125,2.0289063453674316,1.0475903749465942,2655.0,513.28125,2.0289063453674316,1.0475903749465942,2655.0,513.28125,2.0289063453674316,1.0475903749465942,2655.0
2026-09-08T18:56:00.000+08:00,393.9720764160156,9.406326293945312,11.9931640625,19.847782135009766,0.18037278950214386,385.29998779296875,6.1479997634887695,3.562000036239624,1892.300048828125,513.28125,2.0289063453674316,1.050551176071167,2655.0,513.28125,2.0289063453674316,1.050551176071167,2655.0,513.28125,2.0289063453674316,1.050551176071167,2655.0
2026-09-08T18:57:00.000+08:00,397.73712158203125,9.365409851074219,11.944580078125,21.139780044555664,0.16887593269348145,385.20001220703125,6.169000148773193,3.558000087738037,1892.300048828125,513.28125,2.0289063453674316,1.0492053031921387,2655.0,513.28125,2.0289063453674316,1.0492053031921387,2655.0,513.28125,2.0289063453674316,1.0492053031921387,2655.0
2026-09-08T18:58:00.000+08:00,396.3520812988281,9.380477905273438,12.048828125,20.15616798400879,0.17716661095619202,385.1000061035156,6.172999858856201,3.562999963760376,1892.4000244140625,513.28125,2.0289063453674316,1.051762342453003,2655.0,513.28125,2.0289063453674316,1.051762342453003,2655.0,513.28125,2.0289063453674316,1.051762342453003,2655.0
2026-09-08T18:59:00.000+08:00,393.3326416015625,9.404953002929688,11.9375,20.846973419189453,0.17119991779327393,385.29998779296875,6.177999973297119,3.563999891281128,1892.4000244140625,513.28125,2.0289063453674316,1.0479941368103027,2655.0,513.28125,2.0289063453674316,1.0479941368103027,2655.0,513.28125,2.0289063453674316,1.0479941368103027,2655.0
2026-09-08T19:00:00.000+08:00,395.28057861328125,9.356403350830078,11.96533203125,20.544527053833008,0.17362289130687714,385.29998779296875,6.181000232696533,3.566999912261963,1892.5,513.28125,2.0289063453674316,1.0485323667526245,2655.0,513.28125,2.0289063453674316,1.0485323667526245,2655.0,513.28125,2.0289063453674316,1.0485323667526245,2655.0
2026-09-08T19:01:00.000+08:00,385.6822204589844,9.390140533447266,11.944580078125,19.38008689880371,0.18426130712032318,385.20001220703125,6.185999870300293,3.555999994277954,1892.5999755859375,513.28125,2.0289063453674316,1.0479941368103027,2655.0,513.28125,2.0289063453674316,1.0479941368103027,2655.0,513.28125,2.0289063453674316,1.0479941368103027,2655.0
2026-09-08T19:02:00.000+08:00,398.2086486816406,9.378620147705078,11.9375,20.613014221191406,0.1730460226535797,385.20001220703125,6.188000202178955,3.561000108718872,1892.5999755859375,513.28125,2.0289063453674316,1.050551176071167,2655.0,513.28125,2.0289063453674316,1.050551176071167,2655.0,513.28125,2.0289063453674316,1.050551176071167,2655.0
2026-09-08T19:03:00.000+08:00,394.1529235839844,9.427494049072266,12.0419921875,20.555307388305664,0.17299668490886688,385.29998779296875,6.206999778747559,3.568000078201294,1892.699951171875,513.28125,2.0289063453674316,1.0492053031921387,2655.0,513.28125,2.0289063453674316,1.0492053031921387,2655.0,513.28125,2.0289063453674316,1.0492053031921387,2655.0
2026-09-08T19:04:00.000+08:00,377.1617736816406,9.378555297851562,12.0625,19.63212776184082,0.18138635158538818,385.5,6.188000202178955,3.566999912261963,1892.699951171875,513.28125,2.0289063453674316,1.050551176071167,2655.0,513.28125,2.0289063453674316,1.050551176071167,2655.0,513.28125,2.0289063453674316,1.050551176071167,2655.0
2026-09-08T19:05:00.000+08:00,379.1352844238281,9.443286895751953,12.111328125,19.96479606628418,0.17843860387802124,385.5,6.156000137329102,3.562999963760376,1892.800048828125,513.28125,2.0289063453674316,1.0455715656280518,2655.0,513.28125,2.0289063453674316,1.0455715656280518,2655.0,513.28125,2.0289063453674316,1.0455715656280518,2655.0
2026-09-08T19:06:00.000+08:00,378.39324951171875,9.452323913574219,12.0908203125,20.8623046875,0.17097823321819305,385.6000061035156,6.197999954223633,3.562999963760376,1892.9000244140625,513.28125,2.0289063453674316,1.0521661043167114,2655.0,513.28125,2.0289063453674316,1.0521661043167114,2655.0,513.28125,2.0289063453674316,1.0521661043167114,2655.0
2026-09-08T19:07:00.000+08:00,375.5033264160156,9.440467834472656,12.111083984375,19.415945053100586,0.18361197412014008,385.79998779296875,6.191999912261963,3.5759999752044678,1892.9000244140625,513.28125,2.0289063453674316,1.0543195009231567,2655.0,513.28125,2.0289063453674316,1.0543195009231567,2655.0,513.28125,2.0289063453674316,1.0543195009231567,2655.0
2026-09-08T19:08:00.000+08:00,386.6966247558594,9.48748779296875,12.09765625,20.440732955932617,0.17465128004550934,385.6000061035156,6.177999973297119,3.5759999752044678,1893.0,513.28125,2.0289063453674316,1.051358699798584,2655.0,513.28125,2.0289063453674316,1.051358699798584,2655.0,513.28125,2.0289063453674316,1.051358699798584,2655.0
2026-09-08T19:09:00.000+08:00,386.94854736328125,9.484291076660156,12.083251953125,20.0872802734375,0.17787374556064606,385.8999938964844,6.192999839782715,3.5869998931884766,1893.0,513.28125,2.0289063453674316,1.0518969297409058,2655.0,513.28125,2.0289063453674316,1.0518969297409058,2655.0,513.28125,2.0289063453674316,1.0518969297409058,2655.0
2026-09-08T19:10:00.000+08:00,375.0502014160156,9.450183868408203,12.132080078125,19.35481834411621,0.1846051961183548,385.29998779296875,6.182000160217285,3.565999984741211,1893.0999755859375,513.28125,2.0289063453674316,1.0485323667526245,2655.0,513.28125,2.0289063453674316,1.0485323667526245,2655.0,513.28125,2.0289063453674316,1.0485323667526245,2655.0
2026-09-08T19:11:00.000+08:00,374.7020568847656,9.559978485107422,12.104248046875,19.32210350036621,0.18528002500534058,385.8999938964844,6.176000118255615,3.5799999237060547,1893.199951171875,513.28125,2.0289063453674316,1.0523006916046143,2655.0,513.28125,2.0289063453674316,1.0523006916046143,2655.0,513.28125,2.0289063453674316,1.0523006916046143,2655.0
2026-09-08T19:12:00.000+08:00,370.79486083984375,9.49575424194336,12.1181640625,20.122844696044922,0.17731091380119324,385.79998779296875,6.184000015258789,3.572999954223633,1893.199951171875,513.28125,2.0289063453674316,1.0518969297409058,2656.0,513.28125,2.0289063453674316,1.0518969297409058,2656.0,513.28125,2.0289063453674316,1.0518969297409058,2656.0
2026-09-08T19:13:00.000+08:00,377.6103210449219,9.561836242675781,12.076416015625,19.964176177978516,0.17917093634605408,386.0,6.191999912261963,3.5769999027252197,1893.300048828125,513.28125,2.0289063453674316,1.0535119771957397,2656.0,513.28125,2.0289063453674316,1.0535119771957397,2656.0,513.28125,2.0289063453674316,1.0535119771957397,2656.0
2026-09-08T19:14:00.000+08:00,384.3686828613281,9.553508758544922,12.125,19.76844596862793,0.18074259161949158,385.79998779296875,6.160999774932861,3.572000026702881,1893.300048828125,513.28125,2.0289063453674316,1.0493398904800415,2656.0,513.28125,2.0289063453674316,1.0493398904800415,2656.0,513.28125,2.0289063453674316,1.0493398904800415,2656.0
2026-09-08T19:15:00.000+08:00,377.5301513671875,9.545612335205078,12.132080078125,19.716794967651367,0.18167252838611603,385.70001220703125,6.192999839782715,3.575000047683716,1893.4000244140625,513.28125,2.0289063453674316,1.05256986618042,2656.0,513.28125,2.0289063453674316,1.05256986618042,2656.0,513.28125,2.0289063453674316,1.05256986618042,2656.0
2026-09-08T19:16:00.000+08:00,377.7264099121094,9.51156234741211,12.166748046875,19.67572784423828,0.18195006251335144,385.6000061035156,6.183000087738037,3.569000005722046,1893.5,513.28125,2.0289063453674316,1.050551176071167,2656.0,513.28125,2.0289063453674316,1.050551176071167,2656.0,513.28125,2.0289063453674316,1.050551176071167,2656.0
2026-09-08T19:17:00.000+08:00,382.3443603515625,9.534133911132812,12.145751953125,20.022396087646484,0.17855006456375122,385.79998779296875,6.179999828338623,3.572000026702881,1893.5,513.28125,2.0289063453674316,1.0555306673049927,2656.0,513.28125,2.0289063453674316,1.0555306673049927,2656.0,513.28125,2.0289063453674316,1.0555306673049927,2656.0
2026-09-08T19:18:00.000+08:00,388.2196960449219,9.499710083007812,12.125,20.66375160217285,0.17310506105422974,386.20001220703125,6.183000087738037,3.5799999237060547,1893.5999755859375,513.28125,2.0289063453674316,1.0514931678771973,2656.0,513.28125,2.0289063453674316,1.0514931678771973,2656.0,513.28125,2.0289063453674316,1.0514931678771973,2656.0
2026-09-08T19:19:00.000+08:00,393.4266662597656,9.510074615478516,12.1533203125,20.678085327148438,0.172598198056221,386.1000061035156,6.171000003814697,3.575000047683716,1893.5999755859375,513.28125,2.0289063453674316,1.058895230293274,2656.0,513.28125,2.0289063453674316,1.058895230293274,2656.0,513.28125,2.0289063453674316,1.058895230293274,2656.0
2026-09-08T19:20:00.000+08:00,382.048828125,9.526657104492188,12.097412109375,19.90053367614746,0.17670853435993195,385.70001220703125,6.184000015258789,3.5820000171661377,1893.699951171875,513.28125,2.0289063453674316,1.051358699798584,2656.0,513.28125,2.0289063453674316,1.051358699798584,2656.0,513.28125,2.0289063453674316,1.051358699798584,2656.0
2026-09-08T19:21:00.000+08:00,386.7393493652344,9.605667114257812,12.1533203125,20.28264045715332,0.17690004408359528,385.5,6.173999786376953,3.565999984741211,1893.800048828125,513.28125,2.0289063453674316,1.048936128616333,2656.0,513.28125,2.0289063453674316,1.048936128616333,2656.0,513.28125,2.0289063453674316,1.048936128616333,2656.0
2026-09-08T19:22:00.000+08:00,388.1942138671875,9.65475845336914,12.222412109375,19.78890609741211,0.18070730566978455,385.6000061035156,6.205999851226807,3.578000068664551,1893.800048828125,513.28125,2.0289063453674316,1.04691743850708,2656.0,513.28125,2.0289063453674316,1.04691743850708,2656.0,513.28125,2.0289063453674316,1.04691743850708,2656.0
2026-09-08T19:23:00.000+08:00,380.0264892578125,9.734626770019531,12.145751953125,18.906341552734375,0.1889842003583908,385.3999938964844,6.184999942779541,3.565999984741211,1893.9000244140625,513.28125,2.0289063453674316,1.053377389907837,2656.0,513.28125,2.0289063453674316,1.053377389907837,2656.0,513.28125,2.0289063453674316,1.053377389907837,2656.0
2026-09-08T19:24:00.000+08:00,387.7437438964844,9.744205474853516,12.1806640625,19.300487518310547,0.18502122163772583,385.70001220703125,6.186999797821045,3.5769999027252197,1893.9000244140625,513.28125,2.067187547683716,1.0629327297210693,2656.0,513.28125,2.067187547683716,1.0629327297210693,2656.0,513.28125,2.067187547683716,1.0629327297210693,2656.0
2026-09-08T19:25:00.000+08:00,401.1760559082031,9.71010971069336,12.22265625,19.334880828857422,0.18484728038311005,385.6000061035156,6.201000213623047,3.5769999027252197,1894.0,513.28125,2.0289063453674316,1.0501474142074585,2656.0,513.28125,2.0289063453674316,1.0501474142074585,2656.0,513.28125,2.0289063453674316,1.0501474142074585,2656.0
2026-09-08T19:26:00.000+08:00,391.8944396972656,9.697513580322266,12.1875,18.81048583984375,0.1901598870754242,386.0,6.203000068664551,3.578000068664551,1894.0999755859375,513.28125,2.0289063453674316,1.0535119771957397,2656.0,513.28125,2.0289063453674316,1.0535119771957397,2656.0,513.28125,2.0289063453674316,1.0535119771957397,2656.0
2026-09-08T19:27:00.000+08:00,384.4883728027344,9.743263244628906,12.173828125,19.115922927856445,0.18712149560451508,385.70001220703125,6.188000202178955,3.5759999752044678,1894.0999755859375,513.28125,2.0289063453674316,1.0531082153320312,2656.0,513.28125,2.0289063453674316,1.0531082153320312,2656.0,513.28125,2.0289063453674316,1.0531082153320312,2656.0
2026-09-08T19:28:00.000+08:00,403.1704406738281,9.711616516113281,12.22265625,19.91839027404785,0.17958277463912964,385.70001220703125,6.209000110626221,3.5859999656677246,1894.199951171875,513.28125,2.0289063453674316,1.0531082153320312,2656.0,513.28125,2.0289063453674316,1.0531082153320312,2656.0,513.28125,2.0289063453674316,1.0531082153320312,2656.0
2026-09-08T19:29:00.000+08:00,388.9111328125,9.740028381347656,12.22265625,18.755393981933594,0.19066515564918518,385.79998779296875,6.201000213623047,3.5789999961853027,1894.199951171875,513.28125,2.0289063453674316,1.0547232627868652,2656.0,513.28125,2.0289063453674316,1.0547232627868652,2656.0,513.28125,2.0289063453674316,1.0547232627868652,2656.0
2026-09-08T19:30:00.000+08:00,398.1102600097656,9.739635467529297,12.2431640625,19.895713806152344,0.1801895648241043,385.8999938964844,6.203000068664551,3.5829999446868896,1894.300048828125,513.28125,2.0289063453674316,1.0523006916046143,2656.0,513.28125,2.0289063453674316,1.0523006916046143,2656.0,513.28125,2.0289063453674316,1.0523006916046143,2656.0
2026-09-08T19:31:00.000+08:00,397.65863037109375,9.69769287109375,12.229248046875,19.737491607666016,0.18133002519607544,385.8999938964844,6.190999984741211,3.5829999446868896,1894.4000244140625,513.28125,2.0289063453674316,1.0535119771957397,2656.0,513.28125,2.0289063453674316,1.0535119771957397,2656.0,513.28125,2.0289063453674316,1.0535119771957397,2656.0
2026-09-08T19:32:00.000+08:00,388.228759765625,9.738933563232422,12.173828125,20.0687313079834,0.17853645980358124,385.79998779296875,6.204999923706055,3.5840001106262207,1894.4000244140625,513.28125,2.0289063453674316,1.050551176071167,2656.0,513.28125,2.0289063453674316,1.050551176071167,2656.0,513.28125,2.0289063453674316,1.050551176071167,2656.0
2026-09-08T19:33:00.000+08:00,387.72760009765625,9.714813232421875,12.22265625,19.264469146728516,0.1859900802373886,386.0,6.169000148773193,3.578000068664551,1894.5,513.28125,2.0289063453674316,1.0539157390594482,2656.0,513.28125,2.0289063453674316,1.0539157390594482,2656.0,513.28125,2.0289063453674316,1.0539157390594482,2656.0
2026-09-08T19:34:00.000+08:00,395.53643798828125,9.714069366455078,12.2158203125,19.010326385498047,0.1885291039943695,385.70001220703125,6.201000213623047,3.5799999237060547,1894.5,513.28125,2.0289063453674316,1.0465136766433716,2656.0,513.28125,2.0289063453674316,1.0465136766433716,2656.0,513.28125,2.0289063453674316,1.0465136766433716,2656.0
2026-09-08T19:35:00.000+08:00,408.28961181640625,9.690299987792969,12.298828125,20.008319854736328,0.17897555232048035,385.8999938964844,6.203999996185303,3.5810000896453857,1894.5999755859375,513.28125,2.0289063453674316,1.0547232627868652,2656.0,513.28125,2.0289063453674316,1.0547232627868652,2656.0,513.28125,2.0289063453674316,1.0547232627868652,2656.0
2026-09-08T19:36:00.000+08:00,397.2315368652344,9.700138092041016,12.2158203125,19.65546989440918,0.18193408846855164,386.0,6.191999912261963,3.5850000381469727,1894.699951171875,513.28125,2.0289063453674316,1.0559344291687012,2656.0,513.28125,2.0289063453674316,1.0559344291687012,2656.0,513.28125,2.0289063453674316,1.0559344291687012,2656.0
2026-09-08T19:37:00.000+08:00,392.78204345703125,9.707664489746094,12.236328125,20.003633499145508,0.17926743626594543,386.20001220703125,6.191999912261963,3.5810000896453857,1894.699951171875,513.28125,2.0289063453674316,1.0544540882110596,2656.0,513.28125,2.0289063453674316,1.0544540882110596,2656.0,513.28125,2.0289063453674316,1.0544540882110596,2656.0
2026-09-08T19:38:00.000+08:00,380.2335205078125,9.705036163330078,12.194580078125,19.071271896362305,0.1877693384885788,386.29998779296875,6.203000068664551,3.5889999866485596,1894.800048828125,513.28125,2.0289063453674316,1.0514931678771973,2656.0,513.28125,2.0289063453674316,1.0514931678771973,2656.0,513.28125,2.0289063453674316,1.0514931678771973,2656.0
2026-09-08T19:39:00.000+08:00,387.6512451171875,9.724395751953125,12.236328125,19.449159622192383,0.18458381295204163,386.3999938964844,6.204999923706055,3.5899999141693115,1894.800048828125,513.28125,2.067187547683716,1.0704693794250488,2656.0,513.28125,2.067187547683716,1.0704693794250488,2656.0,513.28125,2.067187547683716,1.0704693794250488,2656.0
2026-09-08T19:40:00.000+08:00,406.3431701660156,9.71048355102539,12.2431640625,20.071569442749023,0.17881013453006744,386.20001220703125,6.214000225067139,3.5969998836517334,1894.9000244140625,513.28125,2.0289063453674316,1.053242802619934,2656.0,513.28125,2.0289063453674316,1.053242802619934,2656.0,513.28125,2.0289063453674316,1.053242802619934,2656.0
2026-09-08T19:41:00.000+08:00,392.9413757324219,9.695068359375,12.194580078125,19.620206832885742,0.18297463655471802,386.29998779296875,6.183000087738037,3.5859999656677246,1894.9000244140625,513.28125,2.0289063453674316,1.0544540882110596,2656.0,513.28125,2.0289063453674316,1.0544540882110596,2656.0,513.28125,2.0289063453674316,1.0544540882110596,2656.0
2026-09-08T19:42:00.000+08:00,387.9060974121094,9.711990356445312,12.208251953125,19.289220809936523,0.18559588491916656,386.3999938964844,6.173999786376953,3.5869998931884766,1895.0,513.28125,2.0289063453674316,1.0556652545928955,2656.0,513.28125,2.0289063453674316,1.0556652545928955,2656.0,513.28125,2.0289063453674316,1.0556652545928955,2656.0
2026-09-08T19:43:00.000+08:00,396.834716796875,9.72909164428711,12.2158203125,20.068830490112305,0.1787348836660385,386.3999938964844,6.192999839782715,3.5959999561309814,1895.0999755859375,513.28125,2.067187547683716,1.0684505701065063,2656.0,513.28125,2.067187547683716,1.0684505701065063,2656.0,513.28125,2.067187547683716,1.0684505701065063,2656.0
2026-09-08T19:44:00.000+08:00,391.3711853027344,9.645164489746094,12.2294921875,19.412799835205078,0.18503256142139435,386.5,6.171000003814697,3.5899999141693115,1895.0999755859375,513.28125,2.0289063453674316,1.0586260557174683,2656.0,513.28125,2.0289063453674316,1.0586260557174683,2656.0,513.28125,2.0289063453674316,1.0586260557174683,2656.0
2026-09-08T19:45:00.000+08:00,389.6944885253906,9.667732238769531,12.222412109375,19.268577575683594,0.1863137036561966,386.29998779296875,6.190000057220459,3.5829999446868896,1895.199951171875,513.28125,2.0289063453674316,1.056876540184021,2656.0,513.28125,2.0289063453674316,1.056876540184021,2656.0,513.28125,2.0289063453674316,1.056876540184021,2656.0
2026-09-08T19:46:00.000+08:00,385.9971008300781,9.647235870361328,12.236083984375,18.9461669921875,0.1897481381893158,386.5,6.189000129699707,3.5929999351501465,1895.300048828125,513.28125,2.0289063453674316,1.056069016456604,2656.0,513.28125,2.0289063453674316,1.056069016456604,2656.0,513.28125,2.0289063453674316,1.056069016456604,2656.0
2026-09-08T19:47:00.000+08:00,386.0180969238281,9.729862213134766,12.222412109375,19.698484420776367,0.18265365064144135,386.20001220703125,6.2210001945495605,3.5869998931884766,1895.300048828125,513.28125,2.0289063453674316,1.056876540184021,2656.0,513.28125,2.0289063453674316,1.056876540184021,2656.0,513.28125,2.0289063453674316,1.056876540184021,2656.0
2026-09-08T19:48:00.000+08:00,398.12701416015625,9.664539337158203,12.2294921875,20.48078155517578,0.1755792498588562,386.1000061035156,6.216000080108643,3.5850000381469727,1895.4000244140625,513.28125,2.0289063453674316,1.053242802619934,2656.0,513.28125,2.0289063453674316,1.053242802619934,2656.0,513.28125,2.0289063453674316,1.053242802619934,2656.0
2026-09-08T19:49:00.000+08:00,389.6710205078125,9.694259643554688,12.257080078125,19.27128028869629,0.1860281229019165,386.3999938964844,6.211999893188477,3.5899999141693115,1895.4000244140625,513.28125,2.0289063453674316,1.0548577308654785,2656.0,513.28125,2.0289063453674316,1.0548577308654785,2656.0,513.28125,2.0289063453674316,1.0548577308654785,2656.0
2026-09-08T19:50:00.000+08:00,395.3486633300781,9.695377349853516,12.3056640625,20.120014190673828,0.17818079888820648,386.3999938964844,6.228000164031982,3.5920000076293945,1895.5,513.28125,2.0289063453674316,1.0578186511993408,2656.0,513.28125,2.0289063453674316,1.0578186511993408,2656.0,513.28125,2.0289063453674316,1.0578186511993408,2656.0
2026-09-08T19:51:00.000+08:00,392.845458984375,9.679584503173828,12.1875,19.410194396972656,0.18495434522628784,386.6000061035156,6.186999797821045,3.5940001010894775,1895.5,513.28125,2.0289063453674316,1.0578186511993408,2656.0,513.28125,2.0289063453674316,1.0578186511993408,2656.0,513.28125,2.0289063453674316,1.0578186511993408,2656.0
2026-09-08T19:52:00.000+08:00,393.716552734375,9.729682922363281,12.222412109375,19.963972091674805,0.18012447655200958,386.3999938964844,6.179999828338623,3.5899999141693115,1895.5999755859375,513.28125,2.0289063453674316,1.0556652545928955,2656.0,513.28125,2.0289063453674316,1.0556652545928955,2656.0,513.28125,2.0289063453674316,1.0556652545928955,2656.0
2026-09-08T19:53:00.000+08:00,393.37603759765625,9.670921325683594,12.2431640625,19.708572387695312,0.1822049766778946,386.3999938964844,6.199999809265137,3.5910000801086426,1895.699951171875,513.28125,2.0289063453674316,1.0592989921569824,2656.0,513.28125,2.0289063453674316,1.0592989921569824,2656.0,513.28125,2.0289063453674316,1.0592989921569824,2656.0
2026-09-08T19:54:00.000+08:00,389.5047912597656,9.64190673828125,12.28515625,19.182222366333008,0.1873609721660614,386.1000061035156,6.203000068664551,3.5869998931884766,1895.699951171875,513.28125,2.0289063453674316,1.055261492729187,2656.0,513.28125,2.0289063453674316,1.055261492729187,2656.0,513.28125,2.0289063453674316,1.055261492729187,2656.0
2026-09-08T19:55:00.000+08:00,382.8440246582031,9.738517761230469,12.20849609375,19.489280700683594,0.18425513803958893,385.8999938964844,6.186999797821045,3.569999933242798,1895.800048828125,513.28125,2.0289063453674316,1.0531082153320312,2656.0,513.28125,2.0289063453674316,1.0531082153320312,2656.0,513.28125,2.0289063453674316,1.0531082153320312,2656.0
2026-09-08T19:56:00.000+08:00,391.7591857910156,9.730232238769531,12.1875,20.0699405670166,0.17852570116519928,385.6000061035156,6.170000076293945,3.572000026702881,1895.800048828125,513.28125,2.0289063453674316,1.0509549379348755,2656.0,513.28125,2.0289063453674316,1.0509549379348755,2656.0,513.28125,2.0289063453674316,1.0509549379348755,2656.0
2026-09-08T19:57:00.000+08:00,386.41680908203125,9.749980926513672,12.1875,19.13385581970215,0.18689385056495667,385.79998779296875,6.176000118255615,3.572999954223633,1895.9000244140625,513.28125,2.0289063453674316,1.0531082153320312,2656.0,513.28125,2.0289063453674316,1.0531082153320312,2656.0,513.28125,2.0289063453674316,1.0531082153320312,2656.0
2026-09-08T19:58:00.000+08:00,384.961669921875,9.66622543334961,12.22265625,18.768888473510742,0.19004854559898376,385.70001220703125,6.182000160217285,3.572999954223633,1896.0,513.28125,2.0289063453674316,1.0509549379348755,2656.0,513.28125,2.0289063453674316,1.0509549379348755,2656.0,513.28125,2.0289063453674316,1.0509549379348755,2656.0
2026-09-08T19:59:00.000+08:00,399.704345703125,9.626113891601562,12.298828125,19.331050872802734,0.1727849841117859,386.29998779296875,6.184999942779541,3.5920000076293945,1896.0,513.28125,2.0289063453674316,1.0564727783203125,2656.0,513.28125,2.0289063453674316,1.0564727783203125,2656.0,513.28125,2.0289063453674316,1.0564727783203125,2656.0
2026-09-08T20:00:00.000+08:00,389.55364990234375,9.704666137695312,12.2158203125,19.759225845336914,0.18082691729068756,386.1000061035156,6.170000076293945,3.5829999446868896,1896.0999755859375,513.28125,2.0289063453674316,1.0527044534683228,2656.0,513.28125,2.0289063453674316,1.0527044534683228,2656.0,513.28125,2.0289063453674316,1.0527044534683228,2656.0
2026-09-08T20:01:00.000+08:00,379.2801818847656,9.734935760498047,12.2431640625,19.610858917236328,0.18306183815002441,385.8999938964844,6.170000076293945,3.5810000896453857,1896.0999755859375,513.28125,2.0289063453674316,1.0501474142074585,2656.0,513.28125,2.0289063453674316,1.0501474142074585,2656.0,513.28125,2.0289063453674316,1.0501474142074585,2656.0
2026-09-08T20:02:00.000+08:00,397.2947692871094,9.725898742675781,12.201416015625,19.970550537109375,0.17961446940898895,385.79998779296875,6.168000221252441,3.569999933242798,1896.199951171875,513.28125,2.0289063453674316,1.0521661043167114,2656.0,513.28125,2.0289063453674316,1.0521661043167114,2656.0,513.28125,2.0289063453674316,1.0521661043167114,2656.0
2026-09-08T20:03:00.000+08:00,389.48443603515625,9.74245834350586,12.2158203125,19.222932815551758,0.1866520643234253,386.0,6.172999858856201,3.572999954223633,1896.300048828125,513.28125,2.0289063453674316,1.050551176071167,2656.0,513.28125,2.0289063453674316,1.050551176071167,2656.0,513.28125,2.0289063453674316,1.050551176071167,2656.0
2026-09-08T20:04:00.000+08:00,394.34619140625,9.749980926513672,12.2294921875,20.047924041748047,0.17787379026412964,385.79998779296875,6.182000160217285,3.5769999027252197,1896.300048828125,513.28125,2.0289063453674316,1.0501474142074585,2656.0,513.28125,2.0289063453674316,1.0501474142074585,2656.0,513.28125,2.0289063453674316,1.0501474142074585,2656.0
2026-09-08T20:05:00.000+08:00,392.7292785644531,9.672435760498047,12.22265625,19.213024139404297,0.18633192777633667,386.1000061035156,6.166999816894531,3.5820000171661377,1896.4000244140625,513.28125,2.0289063453674316,1.0572803020477295,2656.0,513.28125,2.0289063453674316,1.0572803020477295,2656.0,513.28125,2.0289063453674316,1.0572803020477295,2656.0
2026-09-08T20:06:00.000+08:00,390.3607482910156,9.692733764648438,12.257080078125,19.528697967529297,0.18285909295082092,385.79998779296875,6.168000221252441,3.569000005722046,1896.4000244140625,513.28125,2.0289063453674316,1.0551269054412842,2656.0,513.28125,2.0289063453674316,1.0551269054412842,2656.0,513.28125,2.0289063453674316,1.0551269054412842,2656.0
2026-09-08T20:07:00.000+08:00,390.6496887207031,9.63326644897461,12.28515625,19.76668357849121,0.18121400475502014,385.79998779296875,6.179999828338623,3.5859999656677246,1896.5,513.28125,2.0289063453674316,1.0543195009231567,2656.0,513.28125,2.0289063453674316,1.0543195009231567,2656.0,513.28125,2.0289063453674316,1.0543195009231567,2656.0
2026-09-08T20:08:00.000+08:00,384.38934326171875,9.700843811035156,12.284912109375,19.557647705078125,0.1824861615896225,385.6000061035156,6.164999961853027,3.568000078201294,1896.5999755859375,513.28125,2.0289063453674316,1.0447640419006348,2656.0,513.28125,2.0289063453674316,1.0447640419006348,2656.0,513.28125,2.0289063453674316,1.0447640419006348,2656.0
2026-09-08T20:09:00.000+08:00,383.484130859375,9.697822570800781,12.3056640625,20.177692413330078,0.17697612941265106,386.20001220703125,6.176000118255615,3.5910000801086426,1896.5999755859375,513.28125,2.0289063453674316,1.057684063911438,2657.0,513.28125,2.0289063453674316,1.057684063911438,2657.0,513.28125,2.0289063453674316,1.057684063911438,2657.0
2026-09-08T20:10:00.000+08:00,396.3200988769531,9.651176452636719,12.201416015625,20.38185691833496,0.1754501461982727,386.29998779296875,6.1570000648498535,3.5880000591278076,1896.699951171875,513.28125,2.0289063453674316,1.0638748407363892,2657.0,513.28125,2.0289063453674316,1.0638748407363892,2657.0,513.28125,2.0289063453674316,1.0638748407363892,2657.0
2026-09-08T20:11:00.000+08:00,383.30279541015625,9.657012939453125,12.208251953125,19.70428466796875,0.18209238350391388,386.79998779296875,6.188000202178955,3.5999999046325684,1896.699951171875,513.28125,2.0289063453674316,1.0606448650360107,2657.0,513.28125,2.0289063453674316,1.0606448650360107,2657.0,513.28125,2.0289063453674316,1.0606448650360107,2657.0
2026-09-08T20:12:00.000+08:00,389.87005615234375,9.71725845336914,12.201416015625,19.510494232177734,0.18446482717990875,386.20001220703125,6.22599983215332,3.5959999561309814,1896.800048828125,513.28125,2.0289063453674316,1.061317801475525,2657.0,513.28125,2.0289063453674316,1.061317801475525,2657.0,513.28125,2.0289063453674316,1.061317801475525,2657.0
2026-09-08T20:13:00.000+08:00,379.19854736328125,9.720256805419922,12.2431640625,19.038217544555664,0.18951353430747986,386.29998779296875,6.216000080108643,3.5889999866485596,1896.9000244140625,513.28125,2.0289063453674316,1.055261492729187,2657.0,513.28125,2.0289063453674316,1.055261492729187,2657.0,513.28125,2.0289063453674316,1.055261492729187,2657.0
2026-09-08T20:14:00.000+08:00,397.892822265625,9.724586486816406,12.222412109375,20.28421401977539,0.17678771913051605,386.5,6.211999893188477,3.5950000286102295,1896.9000244140625,513.28125,2.0289063453674316,1.056069016456604,2657.0,513.28125,2.0289063453674316,1.056069016456604,2657.0,513.28125,2.0289063453674316,1.056069016456604,2657.0
2026-09-08T20:15:00.000+08:00,388.0820617675781,9.726669311523438,12.194580078125,19.129045486450195,0.1874113231897354,386.6000061035156,6.178999900817871,3.5940001010894775,1897.0,513.28125,2.0289063453674316,1.0548577308654785,2657.0,513.28125,2.0289063453674316,1.0548577308654785,2657.0,513.28125,2.0289063453674316,1.0548577308654785,2657.0
2026-09-08T20:16:00.000+08:00,390.1883850097656,9.725898742675781,12.22265625,19.337711334228516,0.18559591472148895,386.70001220703125,6.184000015258789,3.5940001010894775,1897.0,513.28125,2.0289063453674316,1.0548577308654785,2657.0,513.28125,2.0289063453674316,1.0548577308654785,2657.0,513.28125,2.0289063453674316,1.0548577308654785,2657.0
2026-09-08T20:17:00.000+08:00,390.71295166015625,9.692180633544922,12.257080078125,19.13180160522461,0.1878024935722351,386.6000061035156,6.197999954223633,3.5889999866485596,1897.0999755859375,513.28125,2.0289063453674316,1.0548577308654785,2657.0,513.28125,2.0289063453674316,1.0548577308654785,2657.0,513.28125,2.0289063453674316,1.0548577308654785,2657.0
2026-09-08T20:18:00.000+08:00,393.78704833984375,9.634445190429688,12.22265625,19.59784507751465,0.18338750302791595,386.70001220703125,6.190000057220459,3.5929999351501465,1897.199951171875,513.28125,2.0289063453674316,1.0578186511993408,2657.0,513.28125,2.0289063453674316,1.0578186511993408,2657.0,513.28125,2.0289063453674316,1.0578186511993408,2657.0
2026-09-08T20:19:00.000+08:00,393.317626953125,9.722339630126953,12.229248046875,20.078271865844727,0.1787504404783249,386.70001220703125,6.210000038146973,3.6029999256134033,1897.199951171875,513.28125,2.0289063453674316,1.0566073656082153,2657.0,513.28125,2.0289063453674316,1.0566073656082153,2657.0,513.28125,2.0289063453674316,1.0566073656082153,2657.0
2026-09-08T20:20:00.000+08:00,391.7361755371094,9.67269515991211,12.166748046875,19.94251251220703,0.18021801114082336,386.79998779296875,6.218999862670898,3.5980000495910645,1897.300048828125,513.28125,2.0289063453674316,1.0566073656082153,2657.0,513.28125,2.0289063453674316,1.0566073656082153,2657.0,513.28125,2.0289063453674316,1.0566073656082153,2657.0
2026-09-08T20:21:00.000+08:00,398.9040832519531,9.689987182617188,12.229248046875,19.558795928955078,0.18375363945960999,386.3999938964844,6.197000026702881,3.5899999141693115,1897.300048828125,513.28125,2.0289063453674316,1.0544540882110596,2657.0,513.28125,2.0289063453674316,1.0544540882110596,2657.0,513.28125,2.0289063453674316,1.0544540882110596,2657.0
2026-09-08T20:22:00.000+08:00,393.0040283203125,9.626548767089844,12.2294921875,19.49435806274414,0.18441234529018402,386.5,6.190999984741211,3.5929999351501465,1897.4000244140625,513.28125,2.0289063453674316,1.0556652545928955,2657.0,513.28125,2.0289063453674316,1.0556652545928955,2657.0,513.28125,2.0289063453674316,1.0556652545928955,2657.0
2026-09-08T20:23:00.000+08:00,394.5992126464844,9.518341064453125,12.173828125,19.78849220275879,0.18126696348190308,386.6000061035156,6.197000026702881,3.5920000076293945,1897.5,513.28125,2.0289063453674316,1.0544540882110596,2657.0,513.28125,2.0289063453674316,1.0544540882110596,2657.0,513.28125,2.0289063453674316,1.0544540882110596,2657.0
2026-09-08T20:24:00.000+08:00,401.9850158691406,9.383628845214844,12.097412109375,19.84640884399414,0.18104031682014465,385.70001220703125,6.166999816894531,3.572000026702881,1897.5,513.28125,2.0289063453674316,1.0521661043167114,2657.0,513.28125,2.0289063453674316,1.0521661043167114,2657.0,513.28125,2.0289063453674316,1.0521661043167114,2657.0
2026-09-08T20:25:00.000+08:00,405.8537292480469,9.31833267211914,12.0556640625,21.355504989624023,0.16801288723945618,385.6000061035156,6.185999870300293,3.5769999027252197,1897.5999755859375,513.28125,2.0289063453674316,1.048936128616333,2657.0,513.28125,2.0289063453674316,1.048936128616333,2657.0,513.28125,2.0289063453674316,1.048936128616333,2657.0
2026-09-08T20:26:00.000+08:00,393.56939697265625,9.36404037475586,11.986083984375,21.11546516418457,0.16878624260425568,385.70001220703125,6.185999870300293,3.568000078201294,1897.5999755859375,513.28125,2.0289063453674316,1.050551176071167,2657.0,513.28125,2.0289063453674316,1.050551176071167,2657.0,513.28125,2.0289063453674316,1.050551176071167,2657.0
2026-09-08T20:27:00.000+08:00,391.190185546875,9.356403350830078,11.958251953125,21.24633026123047,0.16826434433460236,385.5,6.1620001792907715,3.572000026702881,1897.699951171875,513.28125,2.0289063453674316,1.0443603992462158,2657.0,513.28125,2.0289063453674316,1.0443603992462158,2657.0,513.28125,2.0289063453674316,1.0443603992462158,2657.0
2026-09-08T20:28:00.000+08:00,386.2621765136719,9.345294952392578,11.958251953125,20.628379821777344,0.17296560108661652,385.3999938964844,6.163000106811523,3.565000057220459,1897.800048828125,513.28125,2.0289063453674316,1.0500128269195557,2657.0,513.28125,2.0289063453674316,1.0500128269195557,2657.0,513.28125,2.0289063453674316,1.0500128269195557,2657.0
2026-09-08T20:29:00.000+08:00,393.1329040527344,9.368621826171875,11.972412109375,20.364910125732422,0.17443551123142242,385.70001220703125,6.172999858856201,3.578000068664551,1897.800048828125,513.28125,2.0289063453674316,1.051358699798584,2657.0,513.28125,2.0289063453674316,1.051358699798584,2657.0,513.28125,2.0289063453674316,1.051358699798584,2657.0
2026-09-08T20:30:00.000+08:00,394.7268981933594,9.348880767822266,11.9931640625,20.701818466186523,0.17235200107097626,385.70001220703125,6.164000034332275,3.5769999027252197,1897.9000244140625,513.28125,2.0289063453674316,1.04974365234375,2657.0,513.28125,2.0289063453674316,1.04974365234375,2657.0,513.28125,2.0289063453674316,1.04974365234375,2657.0
2026-09-08T20:31:00.000+08:00,394.2806091308594,9.400249481201172,11.944580078125,20.260618209838867,0.1766481101512909,385.0,6.159999847412109,3.562999963760376,1897.9000244140625,513.28125,2.0289063453674316,1.0466482639312744,2657.0,513.28125,2.0289063453674316,1.0466482639312744,2657.0,513.28125,2.0289063453674316,1.0466482639312744,2657.0
2026-09-08T20:32:00.000+08:00,398.3497009277344,9.416999816894531,12.020751953125,20.73000144958496,0.17235888540744781,385.6000061035156,6.165999889373779,3.5759999752044678,1898.0,513.28125,2.0289063453674316,1.0509549379348755,2657.0,513.28125,2.0289063453674316,1.0509549379348755,2657.0,513.28125,2.0289063453674316,1.0509549379348755,2657.0
2026-09-08T20:33:00.000+08:00,398.66961669921875,9.377262115478516,12.048828125,20.041259765625,0.17793293297290802,385.5,6.175000190734863,3.578000068664551,1898.0999755859375,513.28125,2.0289063453674316,1.051358699798584,2657.0,513.28125,2.0289063453674316,1.051358699798584,2657.0,513.28125,2.0289063453674316,1.051358699798584,2657.0
2026-09-08T20:34:00.000+08:00,384.9432373046875,9.377262115478516,12.041748046875,19.97974395751953,0.17923152446746826,385.6000061035156,6.168000221252441,3.5810000896453857,1898.0999755859375,513.28125,2.0289063453674316,1.05256986618042,2657.0,513.28125,2.0289063453674316,1.05256986618042,2657.0,513.28125,2.0289063453674316,1.05256986618042,2657.0
2026-09-08T20:35:00.000+08:00,397.24493408203125,9.41421890258789,11.979248046875,21.053876876831055,0.17008742690086365,384.8999938964844,6.15500020980835,3.556999921798706,1898.199951171875,513.28125,2.0289063453674316,1.0466482639312744,2657.0,513.28125,2.0289063453674316,1.0466482639312744,2657.0,513.28125,2.0289063453674316,1.0466482639312744,2657.0
2026-09-08T20:36:00.000+08:00,405.70159912109375,9.380477905273438,12.013916015625,21.549182891845703,0.166224405169487,385.1000061035156,6.1529998779296875,3.562999963760376,1898.199951171875,513.28125,2.0289063453674316,1.0446295738220215,2657.0,513.28125,2.0289063453674316,1.0446295738220215,2657.0,513.28125,2.0289063453674316,1.0446295738220215,2657.0
2026-09-08T20:37:00.000+08:00,403.3638610839844,9.414592742919922,11.979248046875,20.528532028198242,0.1732710301876068,385.1000061035156,6.159999847412109,3.565000057220459,1898.300048828125,513.28125,2.0289063453674316,1.0459753274917603,2657.0,513.28125,2.0289063453674316,1.0459753274917603,2657.0,513.28125,2.0289063453674316,1.0459753274917603,2657.0
2026-09-08T20:38:00.000+08:00,403.1468811035156,9.408164978027344,11.97265625,20.32760238647461,0.175278902053833,385.20001220703125,6.164999961853027,3.569000005722046,1898.4000244140625,513.28125,2.0289063453674316,1.0479941368103027,2657.0,513.28125,2.0289063453674316,1.0479941368103027,2657.0,513.28125,2.0289063453674316,1.0479941368103027,2657.0
2026-09-08T20:39:00.000+08:00,387.5365905761719,9.392311096191406,12.013916015625,19.821584701538086,0.17975354194641113,385.0,6.178999900817871,3.568000078201294,1898.4000244140625,513.28125,2.0289063453674316,1.0466482639312744,2657.0,513.28125,2.0289063453674316,1.0466482639312744,2657.0,513.28125,2.0289063453674316,1.0466482639312744,2657.0
2026-09-08T20:40:00.000+08:00,397.34283447265625,9.422489166259766,11.972412109375,20.309106826782227,0.17573396861553192,385.20001220703125,6.177999973297119,3.566999912261963,1898.5,513.28125,2.0289063453674316,1.0618560314178467,2657.0,513.28125,2.0289063453674316,1.0618560314178467,2657.0,513.28125,2.0289063453674316,1.0618560314178467,2657.0
2026-09-08T20:41:00.000+08:00,399.521240234375,9.382572174072266,12.02783203125,21.62592887878418,0.16447848081588745,384.8999938964844,6.1620001792907715,3.555000066757202,1898.5,513.28125,2.0289063453674316,1.0459753274917603,2657.0,513.28125,2.0289063453674316,1.0459753274917603,2657.0,513.28125,2.0289063453674316,1.0459753274917603,2657.0
2026-09-08T20:42:00.000+08:00,390.1213073730469,9.419273376464844,11.9375,19.818313598632812,0.18013641238212585,384.8999938964844,6.182000160217285,3.563999891281128,1898.5999755859375,513.28125,2.0289063453674316,1.045436978340149,2657.0,513.28125,2.0289063453674316,1.045436978340149,2657.0,513.28125,2.0289063453674316,1.045436978340149,2657.0
2026-09-08T20:43:00.000+08:00,390.6775207519531,9.41848373413086,12.02783203125,20.71831512451172,0.17192517220973969,385.1000061035156,6.151000022888184,3.553999900817871,1898.699951171875,513.28125,2.0289063453674316,1.0471866130828857,2657.0,513.28125,2.0289063453674316,1.0471866130828857,2657.0,513.28125,2.0289063453674316,1.0471866130828857,2657.0
2026-09-08T20:44:00.000+08:00,401.9945373535156,9.318702697753906,12.0,20.472745895385742,0.17418278753757477,384.8999938964844,6.177000045776367,3.556999921798706,1898.699951171875,513.28125,2.0289063453674316,1.043418288230896,2657.0,513.28125,2.0289063453674316,1.043418288230896,2657.0,513.28125,2.0289063453674316,1.043418288230896,2657.0
2026-09-08T20:45:00.000+08:00,385.2061462402344,9.37689208984375,12.034912109375,19.844900131225586,0.17577137053012848,385.1000061035156,6.169000148773193,3.565000057220459,1898.800048828125,513.28125,2.0289063453674316,1.0475903749465942,2657.0,513.28125,2.0289063453674316,1.0475903749465942,2657.0,513.28125,2.0289063453674316,1.0475903749465942,2657.0
2026-09-08T20:46:00.000+08:00,387.5965270996094,9.434272766113281,12.007080078125,20.620227813720703,0.17250052094459534,385.0,6.191999912261963,3.563999891281128,1898.800048828125,513.28125,2.0289063453674316,1.0496090650558472,2657.0,513.28125,2.0289063453674316,1.0496090650558472,2657.0,513.28125,2.0289063453674316,1.0496090650558472,2657.0
2026-09-08T20:47:00.000+08:00,384.7358093261719,9.36611557006836,12.034912109375,20.232921600341797,0.17619799077510834,385.3999938964844,6.176000118255615,3.572000026702881,1898.9000244140625,513.28125,2.0289063453674316,1.051762342453003,2657.0,513.28125,2.0289063453674316,1.051762342453003,2657.0,513.28125,2.0289063453674316,1.051762342453003,2657.0
2026-09-08T20:48:00.000+08:00,380.3774719238281,9.361038208007812,12.0,19.960420608520508,0.17790205776691437,385.3999938964844,6.13700008392334,3.563999891281128,1898.9000244140625,513.28125,2.0289063453674316,1.0521661043167114,2657.0,513.28125,2.0289063453674316,1.0521661043167114,2657.0,513.28125,2.0289063453674316,1.0521661043167114,2657.0
2026-09-08T20:49:00.000+08:00,378.73651123046875,9.410526275634766,12.1044921875,20.04653549194336,0.17803575098514557,385.5,6.192999839782715,3.572999954223633,1899.0,513.28125,2.0289063453674316,1.0479941368103027,2657.0,513.28125,2.0289063453674316,1.0479941368103027,2657.0,513.28125,2.0289063453674316,1.0479941368103027,2657.0
2026-09-08T20:50:00.000+08:00,381.6291198730469,9.45083236694336,12.069580078125,20.051923751831055,0.17778843641281128,385.3999938964844,6.182000160217285,3.571000099182129,1899.0999755859375,513.28125,2.0289063453674316,1.0479941368103027,2657.0,513.28125,2.0289063453674316,1.0479941368103027,2657.0,513.28125,2.0289063453674316,1.0479941368103027,2657.0
2026-09-08T20:51:00.000+08:00,384.70068359375,9.470954895019531,12.083251953125,20.694650650024414,0.1725083440542221,385.29998779296875,6.192999839782715,3.572000026702881,1899.0999755859375,513.28125,2.0289063453674316,1.0463790893554688,2657.0,513.28125,2.0289063453674316,1.0463790893554688,2657.0,513.28125,2.0289063453674316,1.0463790893554688,2657.0
2026-09-08T20:52:00.000+08:00,388.5884094238281,9.40523910522461,12.09765625,20.202234268188477,0.17671313881874084,385.3999938964844,6.168000221252441,3.565999984741211,1899.199951171875,513.28125,2.0289063453674316,1.050551176071167,2657.0,513.28125,2.0289063453674316,1.050551176071167,2657.0,513.28125,2.0289063453674316,1.050551176071167,2657.0
2026-09-08T20:53:00.000+08:00,395.3772888183594,9.474555969238281,12.03515625,20.392175674438477,0.17492003738880157,385.1000061035156,6.168000221252441,3.565000057220459,1899.199951171875,513.28125,2.0289063453674316,1.0446295738220215,2657.0,513.28125,2.0289063453674316,1.0446295738220215,2657.0,513.28125,2.0289063453674316,1.0446295738220215,2657.0
2026-09-08T20:54:00.000+08:00,385.19854736328125,9.475303649902344,12.0556640625,20.577640533447266,0.17324629426002502,385.20001220703125,6.1479997634887695,3.563999891281128,1899.300048828125,513.28125,2.0289063453674316,1.0422070026397705,2657.0,513.28125,2.0289063453674316,1.0422070026397705,2657.0,513.28125,2.0289063453674316,1.0422070026397705,2657.0
2026-09-08T20:55:00.000+08:00,393.6662902832031,9.438602447509766,12.111083984375,20.185489654541016,0.1766120195388794,385.0,6.144999980926514,3.562999963760376,1899.4000244140625,513.28125,2.0289063453674316,1.0430145263671875,2657.0,513.28125,2.0289063453674316,1.0430145263671875,2657.0,513.28125,2.0289063453674316,1.0430145263671875,2657.0
2026-09-08T20:56:00.000+08:00,375.3647155761719,9.454021453857422,12.097412109375,19.293174743652344,0.18472854793071747,385.1000061035156,6.14300012588501,3.559999942779541,1899.4000244140625,513.28125,2.0289063453674316,1.0471866130828857,2657.0,513.28125,2.0289063453674316,1.0471866130828857,2657.0,513.28125,2.0289063453674316,1.0471866130828857,2657.0
2026-09-08T20:57:00.000+08:00,384.3583068847656,9.398086547851562,12.111328125,20.38072395324707,0.17482206225395203,385.0,6.142000198364258,3.555000066757202,1899.5,513.28125,2.0289063453674316,1.0496090650558472,2657.0,513.28125,2.0289063453674316,1.0496090650558472,2657.0,513.28125,2.0289063453674316,1.0496090650558472,2657.0
2026-09-08T20:58:00.000+08:00,390.9625549316406,9.474891662597656,12.1044921875,20.36078643798828,0.17479677498340607,385.29998779296875,6.139999866485596,3.562000036239624,1899.5,513.28125,2.0289063453674316,1.0467828512191772,2657.0,513.28125,2.0289063453674316,1.0467828512191772,2657.0,513.28125,2.0289063453674316,1.0467828512191772,2657.0
2026-09-08T20:59:00.000+08:00,393.140625,9.483158111572266,12.111328125,20.506681442260742,0.1736994832754135,385.0,6.144000053405762,3.552999973297119,1899.5999755859375,513.28125,2.0289063453674316,1.0466482639312744,2657.0,513.28125,2.0289063453674316,1.0466482639312744,2657.0,513.28125,2.0289063453674316,1.0466482639312744,2657.0
2026-09-08T21:00:00.000+08:00,381.3958740234375,9.46811294555664,12.069580078125,19.855899810791016,0.17939253151416779,385.0,6.164000034332275,3.562999963760376,1899.699951171875,513.28125,2.0289063453674316,1.0504165887832642,2657.0,513.28125,2.0289063453674316,1.0504165887832642,2657.0,513.28125,2.0289063453674316,1.0504165887832642,2657.0
2026-09-08T21:01:00.000+08:00,386.47100830078125,9.492549896240234,11.909912109375,20.051959991455078,0.17748887836933136,385.20001220703125,6.135000228881836,3.559000015258789,1899.699951171875,513.28125,2.0289063453674316,1.0496090650558472,2657.0,513.28125,2.0289063453674316,1.0496090650558472,2657.0,513.28125,2.0289063453674316,1.0496090650558472,2657.0
2026-09-08T21:02:00.000+08:00,381.4746398925781,9.546852111816406,11.729248046875,19.616657257080078,0.1811215728521347,385.0,6.140999794006348,3.561000108718872,1899.800048828125,513.28125,2.0289063453674316,1.045436978340149,2657.0,513.28125,2.0289063453674316,1.045436978340149,2657.0,513.28125,2.0289063453674316,1.045436978340149,2657.0
2026-09-08T21:03:00.000+08:00,479.1416320800781,9.484699249267578,11.8544921875,23.779626846313477,0.1500023454427719,385.5,6.139999866485596,3.556999921798706,1899.800048828125,513.28125,2.0289063453674316,1.0439566373825073,2657.0,513.28125,2.0289063453674316,1.0439566373825073,2657.0,513.28125,2.0289063453674316,1.0439566373825073,2657.0
2026-09-08T21:04:00.000+08:00,486.0085144042969,10.910785675048828,13.236328125,21.107208251953125,0.16842587292194366,385.3999938964844,6.11899995803833,3.549999952316284,1899.9000244140625,513.28125,2.0289063453674316,1.0439566373825073,2657.0,513.28125,2.0289063453674316,1.0439566373825073,2657.0,513.28125,2.0289063453674316,1.0439566373825073,2657.0
2026-09-08T21:05:00.000+08:00,331.69183349609375,11.180252075195312,13.604248046875,16.253801345825195,0.21896417438983917,385.5,6.119999885559082,3.555999994277954,1900.0,513.28125,2.0289063453674316,1.0512241125106812,2657.0,513.28125,2.0289063453674316,1.0512241125106812,2657.0,513.28125,2.0289063453674316,1.0512241125106812,2657.0
2026-09-08T21:06:00.000+08:00,281.74627685546875,11.034358978271484,13.659912109375,12.650843620300293,0.28116703033447266,385.5,6.111999988555908,3.556999921798706,1900.0,513.28125,2.0289063453674316,1.0467828512191772,2658.0,513.28125,2.0289063453674316,1.0467828512191772,2658.0,513.28125,2.0289063453674316,1.0467828512191772,2658.0
2026-09-08T21:07:00.000+08:00,291.5188293457031,10.50284194946289,13.486328125,14.648794174194336,0.24240903556346893,385.0,6.125999927520752,3.5480000972747803,1900.0999755859375,513.28125,2.0289063453674316,1.0466482639312744,2658.0,513.28125,2.0289063453674316,1.0466482639312744,2658.0,513.28125,2.0289063453674316,1.0466482639312744,2658.0
2026-09-08T21:08:00.000+08:00,287.6188049316406,9.689140319824219,13.1181640625,15.0481538772583,0.23637451231479645,385.1000061035156,6.142000198364258,3.552999973297119,1900.0999755859375,513.28125,2.0289063453674316,1.0478595495224,2658.0,513.28125,2.0289063453674316,1.0478595495224,2658.0,513.28125,2.0289063453674316,1.0478595495224,2658.0
2026-09-08T21:09:00.000+08:00,289.6816101074219,9.277862548828125,12.625,16.690372467041016,0.21239788830280304,385.1000061035156,6.140999794006348,3.555000066757202,1900.199951171875,513.28125,2.0289063453674316,1.045436978340149,2658.0,513.28125,2.0289063453674316,1.045436978340149,2658.0,513.28125,2.0289063453674316,1.045436978340149,2658.0
2026-09-08T21:10:00.000+08:00,292.7862854003906,9.139144897460938,12.59765625,18.948749542236328,0.1874529868364334,385.29998779296875,6.1579999923706055,3.562000036239624,1900.300048828125,513.28125,2.0289063453674316,1.0463790893554688,2658.0,513.28125,2.0289063453674316,1.0463790893554688,2658.0,513.28125,2.0289063453674316,1.0463790893554688,2658.0
2026-09-08T21:11:00.000+08:00,279.0207824707031,9.297687530517578,12.597412109375,18.653470993041992,0.1905275285243988,385.5,6.150000095367432,3.565000057220459,1900.300048828125,513.28125,2.0289063453674316,1.0537811517715454,2658.0,513.28125,2.0289063453674316,1.0537811517715454,2658.0,513.28125,2.0289063453674316,1.0537811517715454,2658.0
2026-09-08T21:12:00.000+08:00,275.8846435546875,9.300392150878906,12.6669921875,18.832056045532227,0.18919867277145386,385.29998779296875,6.159999847412109,3.559999942779541,1900.4000244140625,513.28125,2.0289063453674316,1.0500128269195557,2658.0,513.28125,2.0289063453674316,1.0500128269195557,2658.0,513.28125,2.0289063453674316,1.0500128269195557,2658.0
2026-09-08T21:13:00.000+08:00,278.6084899902344,9.298469543457031,12.6044921875,18.264598846435547,0.19480307400226593,385.29998779296875,6.168000221252441,3.561000108718872,1900.4000244140625,513.28125,2.0289063453674316,1.0488015413284302,2658.0,513.28125,2.0289063453674316,1.0488015413284302,2658.0,513.28125,2.0289063453674316,1.0488015413284302,2658.0
2026-09-08T21:14:00.000+08:00,273.70294189453125,9.338497161865234,12.5625,18.282669067382812,0.19499340653419495,385.29998779296875,6.173999786376953,3.565000057220459,1900.5,513.28125,2.0289063453674316,1.043418288230896,2658.0,513.28125,2.0289063453674316,1.043418288230896,2658.0,513.28125,2.0289063453674316,1.043418288230896,2658.0
2026-09-08T21:15:00.000+08:00,290.8564147949219,9.3787841796875,12.645751953125,19.37513542175293,0.18379226326942444,385.5,6.170000076293945,3.569999933242798,1900.5,513.28125,2.0289063453674316,1.0509549379348755,2658.0,513.28125,2.0289063453674316,1.0509549379348755,2658.0,513.28125,2.0289063453674316,1.0509549379348755,2658.0
2026-09-08T21:16:00.000+08:00,288.3045959472656,9.444828033447266,12.6669921875,18.48085594177246,0.1929023116827011,385.6000061035156,6.1579999923706055,3.569000005722046,1900.5999755859375,513.28125,2.0289063453674316,1.0455715656280518,2658.0,513.28125,2.0289063453674316,1.0455715656280518,2658.0,513.28125,2.0289063453674316,1.0455715656280518,2658.0
2026-09-08T21:17:00.000+08:00,293.16632080078125,9.60409164428711,12.736328125,18.963472366333008,0.1882566660642624,385.6000061035156,6.14900016784668,3.569999933242798,1900.699951171875,513.28125,2.0289063453674316,1.050551176071167,2658.0,513.28125,2.0289063453674316,1.050551176071167,2658.0,513.28125,2.0289063453674316,1.050551176071167,2658.0
2026-09-08T21:18:00.000+08:00,283.9362487792969,9.675189971923828,12.798828125,17.663894653320312,0.20222041010856628,385.70001220703125,6.168000221252441,3.569000005722046,1900.699951171875,513.28125,2.0289063453674316,1.0500128269195557,2658.0,513.28125,2.0289063453674316,1.0500128269195557,2658.0,513.28125,2.0289063453674316,1.0500128269195557,2658.0
2026-09-08T21:19:00.000+08:00,281.08740234375,9.697307586669922,12.84765625,17.45802879333496,0.20449043810367584,385.6000061035156,6.14300012588501,3.569999933242798,1900.800048828125,513.28125,2.0289063453674316,1.0492053031921387,2658.0,513.28125,2.0289063453674316,1.0492053031921387,2658.0,513.28125,2.0289063453674316,1.0492053031921387,2658.0
2026-09-08T21:20:00.000+08:00,288.9530944824219,9.667293548583984,12.77783203125,17.899295806884766,0.199337437748909,385.5,6.119999885559082,3.561000108718872,1900.800048828125,513.28125,2.0289063453674316,1.0475903749465942,2658.0,513.28125,2.0289063453674316,1.0475903749465942,2658.0,513.28125,2.0289063453674316,1.0475903749465942,2658.0
2026-09-08T21:21:00.000+08:00,293.9541931152344,9.689411163330078,12.826416015625,18.552814483642578,0.19215412437915802,385.79998779296875,6.156000137329102,3.575000047683716,1900.9000244140625,513.28125,2.0289063453674316,1.04974365234375,2658.0,513.28125,2.0289063453674316,1.04974365234375,2658.0,513.28125,2.0289063453674316,1.04974365234375,2658.0
2026-09-08T21:22:00.000+08:00,292.2936706542969,9.666881561279297,12.78515625,18.091163635253906,0.19755502045154572,385.6000061035156,6.138999938964844,3.571000099182129,1901.0,513.28125,2.0289063453674316,1.0467828512191772,2658.0,513.28125,2.0289063453674316,1.0467828512191772,2658.0,513.28125,2.0289063453674316,1.0467828512191772,2658.0
2026-09-08T21:23:00.000+08:00,284.9043273925781,9.671745300292969,12.701416015625,17.73302459716797,0.20131929218769073,385.79998779296875,6.1539998054504395,3.572000026702881,1901.0,513.28125,2.0289063453674316,1.051358699798584,2658.0,513.28125,2.0289063453674316,1.051358699798584,2658.0,513.28125,2.0289063453674316,1.051358699798584,2658.0
2026-09-08T21:24:00.000+08:00,288.4350891113281,9.622665405273438,12.729248046875,17.845596313476562,0.20010539889335632,386.20001220703125,6.151000022888184,3.5829999446868896,1901.0999755859375,513.28125,2.0289063453674316,1.0523006916046143,2658.0,513.28125,2.0289063453674316,1.0523006916046143,2658.0,513.28125,2.0289063453674316,1.0523006916046143,2658.0
2026-09-08T21:25:00.000+08:00,286.1504211425781,9.491004943847656,12.645751953125,17.201684951782227,0.20747967064380646,386.29998779296875,6.165999889373779,3.5910000801086426,1901.0999755859375,513.28125,2.0289063453674316,1.0527044534683228,2658.0,513.28125,2.0289063453674316,1.0527044534683228,2658.0,513.28125,2.0289063453674316,1.0527044534683228,2658.0
2026-09-08T21:26:00.000+08:00,293.03564453125,9.48154067993164,12.632080078125,17.921171188354492,0.19993112981319427,386.3999938964844,6.176000118255615,3.5920000076293945,1901.199951171875,513.28125,2.0289063453674316,1.055261492729187,2658.0,513.28125,2.0289063453674316,1.055261492729187,2658.0,513.28125,2.0289063453674316,1.055261492729187,2658.0
2026-09-08T21:27:00.000+08:00,292.27630615234375,9.47247314453125,12.66015625,19.07269859313965,0.18838445842266083,386.29998779296875,6.139999866485596,3.5850000381469727,1901.300048828125,513.28125,2.0289063453674316,1.0527044534683228,2658.0,513.28125,2.0289063453674316,1.0527044534683228,2658.0,513.28125,2.0289063453674316,1.0527044534683228,2658.0
2026-09-08T21:28:00.000+08:00,296.8464660644531,9.487968444824219,12.6181640625,18.671056747436523,0.1922762095928192,386.3999938964844,6.132999897003174,3.5820000171661377,1901.300048828125,513.28125,2.0289063453674316,1.0556652545928955,2658.0,513.28125,2.0289063453674316,1.0556652545928955,2658.0,513.28125,2.0289063453674316,1.0556652545928955,2658.0
2026-09-08T21:29:00.000+08:00,300.67877197265625,9.47451400756836,12.6181640625,19.15114974975586,0.1871950328350067,386.5,6.14300012588501,3.5899999141693115,1901.4000244140625,513.28125,2.0289063453674316,1.0544540882110596,2658.0,513.28125,2.0289063453674316,1.0544540882110596,2658.0,513.28125,2.0289063453674316,1.0544540882110596,2658.0
2026-09-08T21:30:00.000+08:00,304.0443420410156,9.548843383789062,12.583251953125,18.809690475463867,0.19059325754642487,386.70001220703125,6.1519999504089355,3.5959999561309814,1901.4000244140625,513.28125,2.0289063453674316,1.0586260557174683,2658.0,513.28125,2.0289063453674316,1.0586260557174683,2658.0,513.28125,2.0289063453674316,1.0586260557174683,2658.0
2026-09-08T21:31:00.000+08:00,296.2869873046875,9.550079345703125,12.6181640625,18.00037384033203,0.19971807301044464,386.6000061035156,6.14300012588501,3.5869998931884766,1901.5,513.28125,2.0289063453674316,1.0544540882110596,2658.0,513.28125,2.0289063453674316,1.0544540882110596,2658.0,513.28125,2.0289063453674316,1.0544540882110596,2658.0
2026-09-08T21:32:00.000+08:00,302.6745300292969,9.561935424804688,12.59765625,18.222942352294922,0.19772422313690186,386.6000061035156,6.160999774932861,3.5910000801086426,1901.5999755859375,513.28125,2.0289063453674316,1.0556652545928955,2658.0,513.28125,2.0289063453674316,1.0556652545928955,2658.0,513.28125,2.0289063453674316,1.0556652545928955,2658.0
2026-09-08T21:33:00.000+08:00,296.1439208984375,9.55923080444336,12.520751953125,17.975343704223633,0.19955113530158997,386.70001220703125,6.166999816894531,3.6019999980926514,1901.5999755859375,513.28125,2.0289063453674316,1.0590298175811768,2658.0,513.28125,2.0289063453674316,1.0590298175811768,2658.0,513.28125,2.0289063453674316,1.0590298175811768,2658.0
2026-09-08T21:34:00.000+08:00,305.04705810546875,9.501453399658203,12.6044921875,19.06093406677246,0.1886056512594223,386.79998779296875,6.142000198364258,3.5880000591278076,1901.699951171875,513.28125,2.0289063453674316,1.0544540882110596,2658.0,513.28125,2.0289063453674316,1.0544540882110596,2658.0,513.28125,2.0289063453674316,1.0544540882110596,2658.0
2026-09-08T21:35:00.000+08:00,306.8680419921875,9.558841705322266,12.541748046875,18.65437889099121,0.1929841786623001,385.8999938964844,6.135000228881836,3.575000047683716,1901.699951171875,513.28125,2.0289063453674316,1.0539157390594482,2658.0,513.28125,2.0289063453674316,1.0539157390594482,2658.0,513.28125,2.0289063453674316,1.0539157390594482,2658.0
2026-09-08T21:36:00.000+08:00,313.7770080566406,9.514930725097656,12.576416015625,18.99074935913086,0.18919737637043,386.6000061035156,6.164000034332275,3.5899999141693115,1901.800048828125,513.28125,2.0289063453674316,1.057684063911438,2658.0,513.28125,2.0289063453674316,1.057684063911438,2658.0,513.28125,2.0289063453674316,1.057684063911438,2658.0
2026-09-08T21:37:00.000+08:00,303.5940856933594,9.553726196289062,12.5,17.768896102905273,0.2023761123418808,386.6000061035156,6.1479997634887695,3.5910000801086426,1901.9000244140625,513.28125,2.0289063453674316,1.0527044534683228,2658.0,513.28125,2.0289063453674316,1.0527044534683228,2658.0,513.28125,2.0289063453674316,1.0527044534683228,2658.0
2026-09-08T21:38:00.000+08:00,307.9318542480469,9.494876861572266,12.46533203125,18.59610366821289,0.19353516399860382,386.6000061035156,6.135000228881836,3.5889999866485596,1901.9000244140625,513.28125,2.0289063453674316,1.0548577308654785,2658.0,513.28125,2.0289063453674316,1.0548577308654785,2658.0,513.28125,2.0289063453674316,1.0548577308654785,2658.0
2026-09-08T21:39:00.000+08:00,308.83831787109375,9.50423812866211,12.611083984375,18.163490295410156,0.19792450964450836,386.5,6.135000228881836,3.5869998931884766,1902.0,513.28125,2.0289063453674316,1.0556652545928955,2658.0,513.28125,2.0289063453674316,1.0556652545928955,2658.0,513.28125,2.0289063453674316,1.0556652545928955,2658.0
2026-09-08T21:40:00.000+08:00,302.4606628417969,9.520500183105469,12.5,18.20045280456543,0.19724783301353455,386.1000061035156,6.145999908447266,3.5850000381469727,1902.0,513.28125,2.0289063453674316,1.0502820014953613,2658.0,513.28125,2.0289063453674316,1.0502820014953613,2658.0,513.28125,2.0289063453674316,1.0502820014953613,2658.0
2026-09-08T21:41:00.000+08:00,311.92901611328125,9.5228271484375,12.597412109375,18.525779724121094,0.19373004138469696,386.70001220703125,6.170000076293945,3.5969998836517334,1902.0999755859375,513.28125,2.0289063453674316,1.0566073656082153,2658.0,513.28125,2.0289063453674316,1.0566073656082153,2658.0,513.28125,2.0289063453674316,1.0566073656082153,2658.0
2026-09-08T21:42:00.000+08:00,299.7510986328125,9.508190155029297,12.5625,17.938827514648438,0.19984585046768188,386.70001220703125,6.150000095367432,3.5889999866485596,1902.199951171875,513.28125,2.0289063453674316,1.056069016456604,2658.0,513.28125,2.0289063453674316,1.056069016456604,2658.0,513.28125,2.0289063453674316,1.056069016456604,2658.0
2026-09-08T21:43:00.000+08:00,303.4942321777344,9.558841705322266,12.507080078125,18.514225006103516,0.19395896792411804,386.6000061035156,6.15500020980835,3.5899999141693115,1902.199951171875,513.28125,2.0289063453674316,1.0598373413085938,2658.0,513.28125,2.0289063453674316,1.0598373413085938,2658.0,513.28125,2.0289063453674316,1.0598373413085938,2658.0
2026-09-08T21:44:00.000+08:00,296.4033508300781,9.552860260009766,12.5,17.962419509887695,0.19980604946613312,386.79998779296875,6.176000118255615,3.6019999980926514,1902.300048828125,513.28125,2.0289063453674316,1.0590298175811768,2658.0,513.28125,2.0289063453674316,1.0590298175811768,2658.0,513.28125,2.0289063453674316,1.0590298175811768,2658.0
2026-09-08T21:45:00.000+08:00,305.9916687011719,9.518474578857422,12.597412109375,18.12687873840332,0.1980484277009964,386.70001220703125,6.171000003814697,3.5920000076293945,1902.300048828125,513.28125,2.0289063453674316,1.0572803020477295,2658.0,513.28125,2.0289063453674316,1.0572803020477295,2658.0,513.28125,2.0289063453674316,1.0572803020477295,2658.0
2026-09-08T21:46:00.000+08:00,306.93768310546875,9.542186737060547,12.611328125,18.221717834472656,0.19712740182876587,386.5,6.178999900817871,3.5950000286102295,1902.4000244140625,513.28125,2.0289063453674316,1.056876540184021,2658.0,513.28125,2.0289063453674316,1.056876540184021,2658.0,513.28125,2.0289063453674316,1.056876540184021,2658.0
2026-09-08T21:47:00.000+08:00,299.3963623046875,9.475811004638672,12.548828125,18.398481369018555,0.19523349404335022,385.1000061035156,6.166999816894531,3.5869998931884766,1902.5,513.28125,2.0289063453674316,1.0531082153320312,2658.0,513.28125,2.0289063453674316,1.0531082153320312,2658.0,513.28125,2.0289063453674316,1.0531082153320312,2658.0
2026-09-08T21:48:00.000+08:00,301.1899719238281,9.486892700195312,12.534912109375,18.590953826904297,0.1935350000858307,386.29998779296875,6.146999835968018,3.5899999141693115,1902.5,513.28125,2.0289063453674316,1.0580878257751465,2658.0,513.28125,2.0289063453674316,1.0580878257751465,2658.0,513.28125,2.0289063453674316,1.0580878257751465,2658.0
2026-09-08T21:49:00.000+08:00,305.47821044921875,9.552959442138672,12.5419921875,18.088069915771484,0.19808636605739594,386.3999938964844,6.132999897003174,3.5889999866485596,1902.5999755859375,513.28125,2.0289063453674316,1.0518969297409058,2658.0,513.28125,2.0289063453674316,1.0518969297409058,2658.0,513.28125,2.0289063453674316,1.0518969297409058,2658.0
2026-09-08T21:50:00.000+08:00,308.8479309082031,9.534290313720703,12.5625,18.973735809326172,0.18868187069892883,386.3999938964844,6.1519999504089355,3.5980000495910645,1902.5999755859375,513.28125,2.0289063453674316,1.056069016456604,2658.0,513.28125,2.0289063453674316,1.056069016456604,2658.0,513.28125,2.0289063453674316,1.056069016456604,2658.0
2026-09-08T21:51:00.000+08:00,300.8608703613281,9.532665252685547,12.597412109375,18.37339210510254,0.19566337764263153,386.6000061035156,6.132999897003174,3.5920000076293945,1902.699951171875,513.28125,2.0289063453674316,1.056069016456604,2658.0,513.28125,2.0289063453674316,1.056069016456604,2658.0,513.28125,2.0289063453674316,1.056069016456604,2658.0
2026-09-08T21:52:00.000+08:00,302.8066101074219,9.529491424560547,12.5625,18.14859390258789,0.19830738008022308,386.5,6.14300012588501,3.5920000076293945,1902.800048828125,513.28125,2.0289063453674316,1.0544540882110596,2658.0,513.28125,2.0289063453674316,1.0544540882110596,2658.0,513.28125,2.0289063453674316,1.0544540882110596,2658.0
2026-09-08T21:53:00.000+08:00,305.7568359375,9.550945281982422,12.5,18.592567443847656,0.19308790564537048,386.3999938964844,6.1479997634887695,3.5989999771118164,1902.800048828125,513.28125,2.0289063453674316,1.0572803020477295,2658.0,513.28125,2.0289063453674316,1.0572803020477295,2658.0,513.28125,2.0289063453674316,1.0572803020477295,2658.0
2026-09-08T21:54:00.000+08:00,301.7188415527344,9.53622817993164,12.597412109375,18.157024383544922,0.19782978296279907,386.0,6.151000022888184,3.5769999027252197,1902.9000244140625,513.28125,2.0289063453674316,1.05256986618042,2658.0,513.28125,2.0289063453674316,1.05256986618042,2658.0,513.28125,2.0289063453674316,1.05256986618042,2658.0
2026-09-08T21:55:00.000+08:00,310.0176086425781,9.542186737060547,12.6181640625,18.45097541809082,0.1950574368238449,386.20001220703125,6.166999816894531,3.5940001010894775,1902.9000244140625,513.28125,2.0289063453674316,1.0523006916046143,2658.0,513.28125,2.0289063453674316,1.0523006916046143,2658.0,513.28125,2.0289063453674316,1.0523006916046143,2658.0
2026-09-08T21:56:00.000+08:00,309.66754150390625,9.51608657836914,12.611328125,19.095855712890625,0.18784180283546448,386.20001220703125,6.192999839782715,3.5889999866485596,1903.0,513.28125,2.0289063453674316,1.0539157390594482,2658.0,513.28125,2.0289063453674316,1.0539157390594482,2658.0,513.28125,2.0289063453674316,1.0539157390594482,2658.0
2026-09-08T21:57:00.000+08:00,301.795166015625,9.561622619628906,12.604248046875,18.054988861083984,0.19850468635559082,386.29998779296875,6.190000057220459,3.5859999656677246,1903.0999755859375,513.28125,2.067187547683716,1.073968529701233,2658.0,513.28125,2.067187547683716,1.073968529701233,2658.0,513.28125,2.067187547683716,1.073968529701233,2658.0
2026-09-08T21:58:00.000+08:00,302.44696044921875,9.522438049316406,12.5625,18.30268669128418,0.19565433263778687,386.29998779296875,6.172999858856201,3.5789999961853027,1903.0999755859375,513.28125,2.0289063453674316,1.0572803020477295,2658.0,513.28125,2.0289063453674316,1.0572803020477295,2658.0,513.28125,2.0289063453674316,1.0572803020477295,2658.0
2026-09-08T21:59:00.000+08:00,300.1041564941406,9.511760711669922,12.604248046875,18.423261642456055,0.1942109912633896,385.8999938964844,6.186999797821045,3.5769999027252197,1903.199951171875,513.28125,2.0289063453674316,1.051358699798584,2658.0,513.28125,2.0289063453674316,1.051358699798584,2658.0,513.28125,2.0289063453674316,1.051358699798584,2658.0
2026-09-08T22:00:00.000+08:00,306.2383117675781,9.506645202636719,12.597412109375,18.67905044555664,0.19165855646133423,386.3999938964844,6.171999931335449,3.5959999561309814,1903.199951171875,513.28125,2.0289063453674316,1.0580878257751465,2658.0,513.28125,2.0289063453674316,1.0580878257751465,2658.0,513.28125,2.0289063453674316,1.0580878257751465,2658.0
2026-09-08T22:01:00.000+08:00,304.17791748046875,9.602825164794922,12.548583984375,18.725311279296875,0.1911850869655609,385.29998779296875,6.159999847412109,3.572999954223633,1903.300048828125,nan,nan,nan,65536.0,nan,nan,nan,65536.0,nan,nan,nan,65536.0
2026-09-08T22:02:00.000+08:00,318.3565979003906,9.59616470336914,12.4794921875,19.52309799194336,0.18388475477695465,386.1000061035156,6.163000106811523,3.5820000171661377,1903.4000244140625,nan,nan,nan,65536.0,nan,nan,nan,65536.0,nan,nan,nan,65536.0
2026-09-08T22:03:00.000+08:00,323.4114074707031,9.576416015625,12.47265625,19.290884017944336,0.18620194494724274,385.79998779296875,6.144999980926514,3.5769999027252197,1903.4000244140625,nan,nan,nan,65536.0,nan,nan,nan,65536.0,nan,nan,nan,65536.0
2026-09-08T22:04:00.000+08:00,323.0400695800781,9.565269470214844,12.513916015625,18.41057586669922,0.19477935135364532,385.29998779296875,6.177000045776367,3.578000068664551,1903.5,nan,nan,nan,65536.0,nan,nan,nan,65536.0,nan,nan,nan,65536.0
2026-09-08T22:05:00.000+08:00,320.9189453125,9.565658569335938,12.5,18.393163681030273,0.19452880322933197,384.8999938964844,6.150000095367432,3.566999912261963,1903.5,nan,nan,nan,65536.0,nan,nan,nan,65536.0,nan,nan,nan,65536.0
2026-09-08T22:06:00.000+08:00,321.4024353027344,9.602352142333984,12.53515625,18.752613067626953,0.19026681780815125,385.3999938964844,6.171999931335449,3.5820000171661377,1903.5999755859375,nan,nan,nan,65536.0,nan,nan,nan,65536.0,nan,nan,nan,65536.0
2026-09-08T22:07:00.000+08:00,315.07440185546875,9.565269470214844,12.541748046875,18.505876541137695,0.1925874650478363,385.0,6.132999897003174,3.562000036239624,1903.699951171875,nan,nan,nan,65536.0,nan,nan,nan,65536.0,nan,nan,nan,65536.0
2026-09-08T22:08:00.000+08:00,325.2662353515625,9.611583709716797,12.4794921875,19.05545425415039,0.18703307211399078,385.20001220703125,6.146999835968018,3.568000078201294,1903.699951171875,nan,nan,nan,65536.0,nan,nan,nan,65536.0,nan,nan,nan,65536.0
2026-09-08T22:09:00.000+08:00,326.3867492675781,9.586624145507812,12.4794921875,18.581668853759766,0.19169430434703827,384.70001220703125,6.123000144958496,3.556999921798706,1903.800048828125,nan,nan,nan,65536.0,nan,nan,nan,65536.0,nan,nan,nan,65536.0
2026-09-08T22:10:00.000+08:00,309.35113525390625,9.53799819946289,12.4375,17.595861434936523,0.20300227403640747,385.0,6.13700008392334,3.563999891281128,1903.800048828125,nan,nan,nan,65536.0,nan,nan,nan,65536.0,nan,nan,nan,65536.0
2026-09-08T22:11:00.000+08:00,322.322998046875,9.42850112915039,12.375,18.500715255737305,0.19264119863510132,384.70001220703125,6.133999824523926,3.558000087738037,1903.9000244140625,nan,nan,nan,65536.0,nan,nan,nan,65536.0,nan,nan,nan,65536.0
2026-09-08T22:12:00.000+08:00,319.07861328125,9.526931762695312,12.458251953125,18.423870086669922,0.1933361291885376,385.20001220703125,6.1479997634887695,3.572000026702881,1904.0,nan,nan,nan,65536.0,nan,nan,nan,65536.0,nan,nan,nan,65536.0
2026-09-08T22:13:00.000+08:00,317.4281005859375,9.529335021972656,12.451416015625,18.810571670532227,0.18946793675422668,385.5,6.120999813079834,3.571000099182129,1904.0,nan,nan,nan,65536.0,nan,nan,nan,65536.0,nan,nan,nan,65536.0
2026-09-08T22:14:00.000+08:00,320.0142822265625,9.414348602294922,12.409912109375,18.58672523498535,0.19191116094589233,385.6000061035156,6.164000034332275,3.578000068664551,1904.0999755859375,nan,nan,nan,65536.0,nan,nan,nan,65536.0,nan,nan,nan,65536.0
2026-09-08T22:15:00.000+08:00,315.15130615234375,9.440719604492188,12.486328125,18.445775985717773,0.19402816891670227,384.8999938964844,6.133999824523926,3.562000036239624,1904.0999755859375,nan,nan,nan,65536.0,nan,nan,nan,65536.0,nan,nan,nan,65536.0
2026-09-08T22:16:00.000+08:00,319.90863037109375,9.506790161132812,12.479248046875,18.850831985473633,0.18959374725818634,384.8999938964844,6.151000022888184,3.569999933242798,1904.199951171875,nan,nan,nan,65536.0,nan,nan,nan,65536.0,nan,nan,nan,65536.0
2026-09-08T22:17:00.000+08:00,314.4229431152344,9.502460479736328,12.4931640625,18.287628173828125,0.19515925645828247,385.6000061035156,6.156000137329102,3.5769999027252197,1904.300048828125,nan,nan,nan,65536.0,nan,nan,nan,65536.0,nan,nan,nan,65536.0
2026-09-08T22:18:00.000+08:00,321.2552185058594,9.534061431884766,12.4794921875,18.623905181884766,0.19142064452171326,385.5,6.1529998779296875,3.566999912261963,1904.300048828125,nan,nan,nan,65536.0,nan,nan,nan,65536.0,nan,nan,nan,65536.0
2026-09-08T22:19:00.000+08:00,325.842529296875,9.486644744873047,12.38916015625,18.287092208862305,0.19532902538776398,385.3999938964844,6.15500020980835,3.569000005722046,1904.4000244140625,nan,nan,nan,65536.0,nan,nan,nan,65536.0,nan,nan,nan,65536.0
2026-09-08T22:20:00.000+08:00,321.783447265625,9.499267578125,12.47265625,18.57225799560547,0.19249141216278076,385.1000061035156,6.1529998779296875,3.5739998817443848,1904.4000244140625,nan,nan,nan,65536.0,nan,nan,nan,65536.0,nan,nan,nan,65536.0
2026-09-08T22:21:00.000+08:00,320.6806640625,9.444290161132812,12.472412109375,18.606252670288086,0.1916559934616089,385.1000061035156,6.169000148773193,3.561000108718872,1904.5,nan,nan,nan,65536.0,nan,nan,nan,65536.0,nan,nan,nan,65536.0
2026-09-08T22:22:00.000+08:00,317.2555236816406,9.423774719238281,12.4169921875,18.45237922668457,0.19368776679039001,385.0,6.166999816894531,3.563999891281128,1904.5,nan,nan,nan,65536.0,nan,nan,nan,65536.0,nan,nan,nan,65536.0
2026-09-08T22:23:00.000+08:00,317.1141052246094,9.422306060791016,12.3681640625,18.790666580200195,0.18950897455215454,384.8999938964844,6.150000095367432,3.555999994277954,1904.5999755859375,nan,nan,nan,65536.0,nan,nan,nan,65536.0,nan,nan,nan,65536.0
2026-09-08T22:24:00.000+08:00,315.9681701660156,9.423835754394531,12.3681640625,18.517045974731445,0.19252529740333557,385.0,6.160999774932861,3.565000057220459,1904.699951171875,nan,nan,nan,65536.0,nan,nan,nan,65536.0,nan,nan,nan,65536.0
2026-09-08T22:25:00.000+08:00,316.5686950683594,9.357383728027344,12.3681640625,18.3729190826416,0.19409000873565674,385.29998779296875,6.135000228881836,3.561000108718872,1904.699951171875,nan,nan,nan,65536.0,nan,nan,nan,65536.0,nan,nan,nan,65536.0
2026-09-08T22:26:00.000+08:00,317.81982421875,9.332931518554688,12.3544921875,18.657289505004883,0.19091732800006866,385.1000061035156,6.156000137329102,3.562999963760376,1904.800048828125,nan,nan,nan,65536.0,nan,nan,nan,65536.0,nan,nan,nan,65536.0
2026-09-08T22:27:00.000+08:00,312.64111328125,9.364593505859375,12.263916015625,18.44864273071289,0.19378119707107544,384.5,6.163000106811523,3.555999994277954,1904.800048828125,nan,nan,nan,65536.0,nan,nan,nan,65536.0,nan,nan,nan,65536.0
2026-09-08T22:28:00.000+08:00,319.7051696777344,9.321075439453125,12.34765625,19.151723861694336,0.186406210064888,384.70001220703125,6.1539998054504395,3.555000066757202,1904.9000244140625,nan,nan,nan,65536.0,nan,nan,nan,65536.0,nan,nan,nan,65536.0
2026-09-08T22:29:00.000+08:00,324.6582946777344,9.323352813720703,12.3681640625,19.238853454589844,0.18551000952720642,385.20001220703125,6.172999858856201,3.565000057220459,1905.0,nan,nan,nan,65536.0,nan,nan,nan,65536.0,nan,nan,nan,65536.0
2026-09-08T22:30:00.000+08:00,313.04705810546875,9.339160919189453,12.3544921875,18.267690658569336,0.19477009773254395,384.5,6.171000003814697,3.558000087738037,1905.0,nan,nan,nan,65536.0,nan,nan,nan,65536.0,nan,nan,nan,65536.0
2026-09-08T22:31:00.000+08:00,321.2469787597656,9.375617980957031,12.4306640625,19.40743064880371,0.18369252979755402,384.70001220703125,6.1570000648498535,3.555000066757202,1905.0999755859375,nan,nan,nan,65536.0,nan,nan,nan,65536.0,nan,nan,nan,65536.0
2026-09-08T22:32:00.000+08:00,314.4530029296875,9.360736846923828,12.173828125,18.81305694580078,0.18864558637142181,384.79998779296875,6.1519999504089355,3.568000078201294,1905.0999755859375,nan,nan,nan,65536.0,nan,nan,nan,65536.0,nan,nan,nan,65536.0
2026-09-08T22:33:00.000+08:00,313.8030700683594,9.334781646728516,12.132080078125,18.77752113342285,0.18964163959026337,384.8999938964844,6.1539998054504395,3.558000087738037,1905.199951171875,nan,nan,nan,65536.0,nan,nan,nan,65536.0,nan,nan,nan,65536.0
2026-09-08T22:34:00.000+08:00,351.5056457519531,9.353416442871094,12.16015625,19.948083877563477,0.17861364781856537,385.20001220703125,6.181000232696533,3.572000026702881,1905.300048828125,nan,nan,nan,65536.0,nan,nan,nan,65536.0,nan,nan,nan,65536.0
2026-09-08T22:35:00.000+08:00,341.7406921386719,9.349456787109375,12.16015625,19.2404842376709,0.1854943037033081,385.3999938964844,6.164999961853027,3.5799999237060547,1905.300048828125,nan,nan,nan,65536.0,nan,nan,nan,65536.0,nan,nan,nan,65536.0
2026-09-08T22:36:00.000+08:00,338.7271423339844,9.278865814208984,12.1806640625,18.962087631225586,0.18800672888755798,385.29998779296875,6.173999786376953,3.5769999027252197,1905.4000244140625,nan,nan,nan,65536.0,nan,nan,nan,65536.0,nan,nan,nan,65536.0
2026-09-08T22:37:00.000+08:00,346.2457580566406,9.306766510009766,12.1044921875,19.06210708618164,0.1878071427345276,385.0,6.177999973297119,3.571000099182129,1905.4000244140625,nan,nan,nan,65536.0,nan,nan,nan,65536.0,nan,nan,nan,65536.0
2026-09-08T22:38:00.000+08:00,348.4841003417969,9.252906799316406,12.138916015625,19.533449172973633,0.1829170137643814,385.5,6.1620001792907715,3.5739998817443848,1905.5,nan,nan,nan,65536.0,nan,nan,nan,65536.0,nan,nan,nan,65536.0
2026-09-08T22:39:00.000+08:00,334.1090087890625,9.31109619140625,12.0625,19.39458656311035,0.18407198786735535,385.3999938964844,6.164000034332275,3.571000099182129,1905.5999755859375,nan,nan,nan,65536.0,nan,nan,nan,65536.0,nan,nan,nan,65536.0
2026-09-08T22:40:00.000+08:00,336.4720764160156,9.30206298828125,12.1181640625,19.007631301879883,0.18781930208206177,385.6000061035156,6.175000190734863,3.5769999027252197,1905.5999755859375,nan,nan,nan,65536.0,nan,nan,nan,65536.0,nan,nan,nan,65536.0
2026-09-08T22:41:00.000+08:00,343.9041442871094,9.37359619140625,12.0625,19.295574188232422,0.18506833910942078,386.1000061035156,6.173999786376953,3.5859999656677246,1905.699951171875,nan,nan,nan,65536.0,nan,nan,nan,65536.0,nan,nan,nan,65536.0
2026-09-08T22:42:00.000+08:00,338.60137939453125,9.250083923339844,12.125,18.953279495239258,0.18856896460056305,386.0,6.172999858856201,3.5899999141693115,1905.699951171875,nan,nan,nan,65536.0,nan,nan,nan,65536.0,nan,nan,nan,65536.0
2026-09-08T22:43:00.000+08:00,347.5997619628906,9.323692321777344,12.1806640625,18.864795684814453,0.19019553065299988,386.20001220703125,6.184999942779541,3.5920000076293945,1905.800048828125,nan,nan,nan,65536.0,nan,nan,nan,65536.0,nan,nan,nan,65536.0
2026-09-08T22:44:00.000+08:00,347.14569091796875,9.31936264038086,12.125,19.038896560668945,0.188193678855896,386.1000061035156,6.182000160217285,3.5810000896453857,1905.9000244140625,nan,nan,nan,65536.0,nan,nan,nan,65536.0,nan,nan,nan,65536.0
2026-09-08T22:45:00.000+08:00,346.4797668457031,9.23739242553711,12.048828125,19.497833251953125,0.1839691549539566,386.29998779296875,6.181000232696533,3.5950000286102295,1905.9000244140625,nan,nan,nan,65536.0,nan,nan,nan,65536.0,nan,nan,nan,65536.0
2026-09-08T22:46:00.000+08:00,351.8880615234375,9.248268127441406,12.041748046875,19.84732437133789,0.1810319572687149,386.3999938964844,6.178999900817871,3.5929999351501465,1906.0,nan,nan,nan,65536.0,nan,nan,nan,65536.0,nan,nan,nan,65536.0
2026-09-08T22:47:00.000+08:00,334.42022705078125,9.360626220703125,12.0625,18.52666664123535,0.19382871687412262,386.29998779296875,6.189000129699707,3.5969998836517334,1906.0,nan,nan,nan,65536.0,nan,nan,nan,65536.0,nan,nan,nan,65536.0
2026-09-08T22:48:00.000+08:00,354.033447265625,9.269878387451172,12.1044921875,19.6226863861084,0.18325728178024292,386.20001220703125,6.175000190734863,3.5920000076293945,1906.0999755859375,nan,nan,nan,65536.0,nan,nan,nan,65536.0,nan,nan,nan,65536.0
2026-09-08T22:49:00.000+08:00,337.5371398925781,9.182178497314453,12.007080078125,18.678136825561523,0.19247101247310638,386.20001220703125,6.177000045776367,3.5950000286102295,1906.199951171875,nan,nan,nan,65536.0,nan,nan,nan,65536.0,nan,nan,nan,65536.0
2026-09-08T22:50:00.000+08:00,352.37835693359375,9.19009780883789,12.0908203125,20.122297286987305,0.1785084456205368,386.20001220703125,6.159999847412109,3.5810000896453857,1906.199951171875,nan,nan,nan,65536.0,nan,nan,nan,65536.0,nan,nan,nan,65536.0
2026-09-08T22:51:00.000+08:00,344.9913024902344,9.303943634033203,12.111083984375,19.29562759399414,0.18631163239479065,386.20001220703125,6.184000015258789,3.5929999351501465,1906.300048828125,nan,nan,nan,65536.0,nan,nan,nan,65536.0,nan,nan,nan,65536.0
2026-09-08T22:52:00.000+08:00,341.69110107421875,9.194408416748047,12.111328125,19.77256965637207,0.18181754648685455,386.5,6.181000232696533,3.5910000801086426,1906.300048828125,nan,nan,nan,65536.0,nan,nan,nan,65536.0,nan,nan,nan,65536.0
2026-09-08T22:53:00.000+08:00,348.8912048339844,9.139114379882812,12.007080078125,19.424100875854492,0.1849249005317688,386.20001220703125,6.193999767303467,3.5969998836517334,1906.4000244140625,nan,nan,nan,65536.0,nan,nan,nan,65536.0,nan,nan,nan,65536.0
2026-09-08T22:54:00.000+08:00,337.91845703125,9.288135528564453,12.104248046875,18.771976470947266,0.19156213104724884,386.5,6.186999797821045,3.5999999046325684,1906.5,nan,nan,nan,65536.0,nan,nan,nan,65536.0,nan,nan,nan,65536.0
2026-09-08T22:55:00.000+08:00,338.7519836425781,9.229961395263672,12.1044921875,19.482858657836914,0.1846751570701599,386.29998779296875,6.199999809265137,3.6080000400543213,1906.5,nan,nan,nan,65536.0,nan,nan,nan,65536.0,nan,nan,nan,65536.0
2026-09-08T22:56:00.000+08:00,347.1982421875,9.130199432373047,12.0625,19.55255889892578,0.18365882337093353,386.3999938964844,6.192999839782715,3.5959999561309814,1906.5999755859375,nan,nan,nan,65536.0,nan,nan,nan,65536.0,nan,nan,nan,65536.0
2026-09-08T22:57:00.000+08:00,343.9762268066406,9.201576232910156,12.1044921875,19.641199111938477,0.18349185585975647,386.1000061035156,6.185999870300293,3.5899999141693115,1906.5999755859375,nan,nan,nan,65536.0,nan,nan,nan,65536.0,nan,nan,nan,65536.0
2026-09-08T22:58:00.000+08:00,333.6726989746094,9.30245590209961,12.08349609375,19.401914596557617,0.18575486540794373,386.29998779296875,6.1570000648498535,3.5829999446868896,1906.699951171875,nan,nan,nan,65536.0,nan,nan,nan,65536.0,nan,nan,nan,65536.0
2026-09-08T22:59:00.000+08:00,327.776123046875,9.29134750366211,12.076416015625,18.879060745239258,0.19026796519756317,386.1000061035156,6.160999774932861,3.5869998931884766,1906.800048828125,nan,nan,nan,65536.0,nan,nan,nan,65536.0,nan,nan,nan,65536.0
2026-09-08T23:00:00.000+08:00,337.755615234375,9.217369079589844,12.0625,18.637104034423828,0.19225089251995087,386.6000061035156,6.178999900817871,3.6019999980926514,1906.800048828125,nan,nan,nan,65536.0,nan,nan,nan,65536.0,nan,nan,nan,65536.0
2026-09-08T23:01:00.000+08:00,346.94183349609375,9.214527130126953,12.1181640625,19.18157196044922,0.18747161328792572,386.1000061035156,6.136000156402588,3.578000068664551,1906.9000244140625,nan,nan,nan,65536.0,nan,nan,nan,65536.0,nan,nan,nan,65536.0
2026-09-08T23:02:00.000+08:00,338.7375183105469,9.197334289550781,11.9375,19.380165100097656,0.1854989379644394,386.20001220703125,6.164000034332275,3.5959999561309814,1906.9000244140625,nan,nan,nan,65536.0,nan,nan,nan,65536.0,nan,nan,nan,65536.0
2026-09-08T23:03:00.000+08:00,346.7637023925781,9.198429107666016,11.972412109375,19.920650482177734,0.1802150011062622,386.20001220703125,6.1579999923706055,3.5829999446868896,1907.0,nan,nan,nan,65536.0,nan,nan,nan,65536.0,nan,nan,nan,65536.0
2026-09-08T23:04:00.000+08:00,358.4372863769531,9.191905975341797,11.986328125,19.893957138061523,0.18055734038352966,386.20001220703125,6.160999774932861,3.5880000591278076,1907.0999755859375,nan,nan,nan,65536.0,nan,nan,nan,65536.0,nan,nan,nan,65536.0
2026-09-08T23:05:00.000+08:00,353.708740234375,9.125858306884766,11.916748046875,19.55810546875,0.18355560302734375,385.5,6.1620001792907715,3.5799999237060547,1907.0999755859375,nan,nan,nan,65536.0,nan,nan,nan,65536.0,nan,nan,nan,65536.0
2026-09-08T23:06:00.000+08:00,347.4599304199219,9.17721176147461,11.875,19.088871002197266,0.18806768953800201,386.0,6.160999774932861,3.5880000591278076,1907.199951171875,nan,nan,nan,65536.0,nan,nan,nan,65536.0,nan,nan,nan,65536.0
2026-09-08T23:07:00.000+08:00,355.5252685546875,9.06911849975586,11.972412109375,19.595745086669922,0.1826927214860916,385.6000061035156,6.171000003814697,3.5880000591278076,1907.199951171875,nan,nan,nan,65536.0,nan,nan,nan,65536.0,nan,nan,nan,65536.0
2026-09-08T23:08:00.000+08:00,343.9587707519531,9.080970764160156,11.9931640625,18.72808837890625,0.19169068336486816,386.0,6.144999980926514,3.572000026702881,1907.300048828125,nan,nan,nan,65536.0,nan,nan,nan,65536.0,nan,nan,nan,65536.0
2026-09-08T23:09:00.000+08:00,336.5161437988281,9.128307342529297,11.972412109375,18.839893341064453,0.18986307084560394,386.0,6.138999938964844,3.5850000381469727,1907.4000244140625,nan,nan,nan,65536.0,nan,nan,nan,65536.0,nan,nan,nan,65536.0
2026-09-08T23:10:00.000+08:00,329.51116943359375,9.08197021484375,11.9931640625,18.859655380249023,0.1898231953382492,385.8999938964844,6.170000076293945,3.5840001106262207,1907.4000244140625,nan,nan,nan,65536.0,nan,nan,nan,65536.0,nan,nan,nan,65536.0
2026-09-08T23:11:00.000+08:00,336.5506591796875,9.069747924804688,11.9931640625,18.341257095336914,0.1954609751701355,385.79998779296875,6.15500020980835,3.5829999446868896,1907.5,nan,nan,nan,65536.0,nan,nan,nan,65536.0,nan,nan,nan,65536.0
2026-09-08T23:12:00.000+08:00,327.8864440917969,9.033164978027344,11.9375,18.755769729614258,0.19135445356369019,386.1000061035156,6.175000190734863,3.5920000076293945,1907.5,nan,nan,nan,65536.0,nan,nan,nan,65536.0,nan,nan,nan,65536.0
2026-09-08T23:13:00.000+08:00,322.3310546875,9.020195007324219,11.9375,17.812532424926758,0.20103822648525238,386.1000061035156,6.1539998054504395,3.5850000381469727,1907.5999755859375,nan,nan,nan,65536.0,nan,nan,nan,65536.0,nan,nan,nan,65536.0
2026-09-08T23:14:00.000+08:00,321.96527099609375,9.022037506103516,11.986328125,18.845643997192383,0.1902296394109726,386.3999938964844,6.175000190734863,3.5910000801086426,1907.699951171875,nan,nan,nan,65536.0,nan,nan,nan,65536.0,nan,nan,nan,65536.0
2026-09-08T23:15:00.000+08:00,324.0832214355469,9.040687561035156,11.986083984375,19.18105697631836,0.18705956637859344,386.29998779296875,6.166999816894531,3.5920000076293945,1907.699951171875,nan,nan,nan,65536.0,nan,nan,nan,65536.0,nan,nan,nan,65536.0
2026-09-08T23:16:00.000+08:00,331.0885925292969,8.983985900878906,11.96533203125,19.222211837768555,0.18676310777664185,386.20001220703125,6.160999774932861,3.5869998931884766,1907.800048828125,nan,nan,nan,65536.0,nan,nan,nan,65536.0,nan,nan,nan,65536.0
2026-09-08T23:17:00.000+08:00,315.6360778808594,8.963497161865234,11.944580078125,18.50403594970703,0.19401173293590546,386.0,6.177999973297119,3.5920000076293945,1907.800048828125,nan,nan,nan,65536.0,nan,nan,nan,65536.0,nan,nan,nan,65536.0
2026-09-08T23:18:00.000+08:00,322.8108215332031,8.9749755859375,11.944580078125,19.031620025634766,0.18810801208019257,386.1000061035156,6.14300012588501,3.5739998817443848,1907.9000244140625,nan,nan,nan,65536.0,nan,nan,nan,65536.0,nan,nan,nan,65536.0
2026-09-08T23:19:00.000+08:00,318.15557861328125,8.970619201660156,12.013916015625,18.908126831054688,0.1894952356815338,386.8999938964844,6.184999942779541,3.6050000190734863,1907.9000244140625,nan,nan,nan,65536.0,nan,nan,nan,65536.0,nan,nan,nan,65536.0
2026-09-08T23:20:00.000+08:00,323.6177978515625,8.949756622314453,12.013916015625,19.202009201049805,0.18654298782348633,386.6000061035156,6.179999828338623,3.5959999561309814,1908.0,nan,nan,nan,65536.0,nan,nan,nan,65536.0,nan,nan,nan,65536.0
2026-09-08T23:21:00.000+08:00,311.10736083984375,8.898479461669922,12.0556640625,18.64626121520996,0.19344361126422882,386.6000061035156,6.171999931335449,3.5969998836517334,1908.0999755859375,nan,nan,nan,65536.0,nan,nan,nan,65536.0,nan,nan,nan,65536.0
2026-09-08T23:22:00.000+08:00,312.7598876953125,8.90737533569336,12.048828125,19.306787490844727,0.18630753457546234,386.6000061035156,6.173999786376953,3.6010000705718994,1908.0999755859375,nan,nan,nan,65536.0,nan,nan,nan,65536.0,nan,nan,nan,65536.0
2026-09-08T23:23:00.000+08:00,314.21075439453125,8.893016815185547,12.069580078125,19.28704833984375,0.18639451265335083,386.79998779296875,6.177999973297119,3.6019999980926514,1908.199951171875,nan,nan,nan,65536.0,nan,nan,nan,65536.0,nan,nan,nan,65536.0
2026-09-08T23:24:00.000+08:00,299.4714050292969,8.896537780761719,12.173828125,18.228540420532227,0.19716334342956543,386.70001220703125,6.165999889373779,3.5959999561309814,1908.300048828125,nan,nan,nan,65536.0,nan,nan,nan,65536.0,nan,nan,nan,65536.0
2026-09-08T23:25:00.000+08:00,301.11962890625,8.88016128540039,12.166748046875,19.240835189819336,0.18720601499080658,386.6000061035156,6.188000202178955,3.6029999256134033,1908.300048828125,nan,nan,nan,65536.0,nan,nan,nan,65536.0,nan,nan,nan,65536.0
2026-09-08T23:26:00.000+08:00,295.1469421386719,8.98781967163086,12.173828125,18.882938385009766,0.19091308116912842,385.8999938964844,6.173999786376953,3.5799999237060547,1908.4000244140625,nan,nan,nan,65536.0,nan,nan,nan,65536.0,nan,nan,nan,65536.0
2026-09-08T23:27:00.000+08:00,290.4238586425781,8.96273422241211,12.236328125,18.977909088134766,0.1897469460964203,386.0,6.173999786376953,3.5899999141693115,1908.4000244140625,nan,nan,nan,65536.0,nan,nan,nan,65536.0,nan,nan,nan,65536.0
2026-09-08T23:28:00.000+08:00,293.1563720703125,8.991378784179688,12.173583984375,18.500398635864258,0.1917286366224289,386.5,6.172999858856201,3.5969998836517334,1908.5,nan,nan,nan,65536.0,nan,nan,nan,65536.0,nan,nan,nan,65536.0
2026-09-08T23:29:00.000+08:00,290.6338195800781,8.965946197509766,12.2431640625,18.796619415283203,0.19077898561954498,386.6000061035156,6.175000190734863,3.5980000495910645,1908.5,nan,nan,nan,65536.0,nan,nan,nan,65536.0,nan,nan,nan,65536.0
2026-09-08T23:30:00.000+08:00,294.1510925292969,8.950881958007812,12.208251953125,19.286144256591797,0.18697361648082733,386.79998779296875,6.168000221252441,3.5940001010894775,1908.5999755859375,nan,nan,nan,65536.0,nan,nan,nan,65536.0,nan,nan,nan,65536.0
2026-09-08T23:31:00.000+08:00,286.373046875,8.995010375976562,12.076416015625,18.519214630126953,0.19439269602298737,386.5,6.170000076293945,3.5880000591278076,1908.699951171875,nan,nan,nan,65536.0,nan,nan,nan,65536.0,nan,nan,nan,65536.0
2026-09-08T23:32:00.000+08:00,298.69818115234375,8.957378387451172,12.104248046875,19.63028335571289,0.18344105780124664,386.29998779296875,6.177000045776367,3.5899999141693115,1908.699951171875,nan,nan,nan,65536.0,nan,nan,nan,65536.0,nan,nan,nan,65536.0
2026-09-08T23:33:00.000+08:00,307.342529296875,8.904495239257812,12.083251953125,18.76610565185547,0.1913023442029953,386.20001220703125,6.164000034332275,3.5869998931884766,1908.800048828125,nan,nan,nan,65536.0,nan,nan,nan,65536.0,nan,nan,nan,65536.0
2026-09-08T23:34:00.000+08:00,305.0168762207031,8.904869079589844,12.076416015625,19.05934715270996,0.18835902214050293,386.3999938964844,6.190000057220459,3.5989999771118164,1908.9000244140625,nan,nan,nan,65536.0,nan,nan,nan,65536.0,nan,nan,nan,65536.0
2026-09-08T23:35:00.000+08:00,299.11981201171875,9.119266510009766,12.1181640625,18.780492782592773,0.1907830536365509,386.3999938964844,6.188000202178955,3.5980000495910645,1908.9000244140625,nan,nan,nan,65536.0,nan,nan,nan,65536.0,nan,nan,nan,65536.0
2026-09-08T23:36:00.000+08:00,304.3927917480469,9.082290649414062,12.194580078125,19.22399139404297,0.18658976256847382,386.79998779296875,6.165999889373779,3.5999999046325684,1909.0,nan,nan,nan,65536.0,nan,nan,nan,65536.0,nan,nan,nan,65536.0
2026-09-08T23:37:00.000+08:00,304.3643493652344,8.97952651977539,12.173828125,18.110231399536133,0.19845137000083923,386.5,6.177000045776367,3.5929999351501465,1909.0,nan,nan,nan,65536.0,nan,nan,nan,65536.0,nan,nan,nan,65536.0
2026-09-08T23:38:00.000+08:00,296.149658203125,9.035835266113281,12.1669921875,18.465347290039062,0.1945265382528305,386.20001220703125,6.168000221252441,3.6010000705718994,1909.0999755859375,nan,nan,nan,65536.0,nan,nan,nan,65536.0,nan,nan,nan,65536.0
2026-09-08T23:39:00.000+08:00,297.689453125,8.95376968383789,12.1806640625,18.418054580688477,0.19518890976905823,386.29998779296875,6.1529998779296875,3.5850000381469727,1909.0999755859375,nan,nan,nan,65536.0,nan,nan,nan,65536.0,nan,nan,nan,65536.0
2026-09-08T23:40:00.000+08:00,305.0938415527344,8.947185516357422,12.138916015625,19.417232513427734,0.18519631028175354,386.29998779296875,6.166999816894531,3.5850000381469727,1909.199951171875,nan,nan,nan,65536.0,nan,nan,nan,65536.0,nan,nan,nan,65536.0
2026-09-08T23:41:00.000+08:00,299.9026794433594,8.999710083007812,12.1181640625,19.109617233276367,0.18828214704990387,386.3999938964844,6.190999984741211,3.6050000190734863,1909.300048828125,nan,nan,nan,65536.0,nan,nan,nan,65536.0,nan,nan,nan,65536.0
2026-09-08T23:42:00.000+08:00,307.9307556152344,8.889450073242188,12.069580078125,19.77517318725586,0.18189473450183868,386.5,6.164999961853027,3.5980000495910645,1909.300048828125,nan,nan,nan,65536.0,nan,nan,nan,65536.0,nan,nan,nan,65536.0
2026-09-08T23:43:00.000+08:00,307.63262939453125,8.925357818603516,12.1181640625,19.687896728515625,0.18290425837039948,386.3999938964844,6.171999931335449,3.5859999656677246,1909.4000244140625,nan,nan,nan,65536.0,nan,nan,nan,65536.0,nan,nan,nan,65536.0
2026-09-08T23:44:00.000+08:00,304.3248596191406,8.91164779663086,12.09765625,19.232601165771484,0.18692220747470856,385.8999938964844,6.171999931335449,3.5789999961853027,1909.4000244140625,nan,nan,nan,65536.0,nan,nan,nan,65536.0,nan,nan,nan,65536.0
2026-09-08T23:45:00.000+08:00,305.66558837890625,8.96811294555664,12.083251953125,19.32681655883789,0.18606270849704742,386.1000061035156,6.177000045776367,3.5880000591278076,1909.5,nan,nan,nan,65536.0,nan,nan,nan,65536.0,nan,nan,nan,65536.0
2026-09-08T23:46:00.000+08:00,303.9516296386719,8.992557525634766,12.104248046875,19.299171447753906,0.18596653640270233,386.20001220703125,6.164000034332275,3.5859999656677246,1909.5999755859375,nan,nan,nan,65536.0,nan,nan,nan,65536.0,nan,nan,nan,65536.0
2026-09-08T23:47:00.000+08:00,309.0360107421875,8.917835235595703,12.097412109375,19.100955963134766,0.1878589689731598,386.20001220703125,6.156000137329102,3.5889999866485596,1909.5999755859375,nan,nan,nan,65536.0,nan,nan,nan,65536.0,nan,nan,nan,65536.0
2026-09-08T23:48:00.000+08:00,305.9023742675781,8.96133041381836,12.104248046875,19.26716423034668,0.18611975014209747,386.20001220703125,6.173999786376953,3.5869998931884766,1909.699951171875,nan,nan,nan,65536.0,nan,nan,nan,65536.0,nan,nan,nan,65536.0
2026-09-08T23:49:00.000+08:00,301.9637145996094,8.928943634033203,12.111328125,18.780620574951172,0.19110125303268433,386.29998779296875,6.177999973297119,3.5929999351501465,1909.699951171875,nan,nan,nan,65536.0,nan,nan,nan,65536.0,nan,nan,nan,65536.0
2026-09-08T23:50:00.000+08:00,303.48828125,8.902400970458984,12.097412109375,19.0678653717041,0.18822243809700012,385.8999938964844,6.164999961853027,3.5840001106262207,1909.800048828125,nan,nan,nan,65536.0,nan,nan,nan,65536.0,nan,nan,nan,65536.0
2026-09-08T23:51:00.000+08:00,305.03167724609375,8.879631042480469,12.125,19.101091384887695,0.1879473775625229,385.8999938964844,6.144999980926514,3.5810000896453857,1909.9000244140625,nan,nan,nan,65536.0,nan,nan,nan,65536.0,nan,nan,nan,65536.0
2026-09-08T23:52:00.000+08:00,303.18023681640625,8.885818481445312,12.166748046875,19.150442123413086,0.18667975068092346,385.8999938964844,6.156000137329102,3.5820000171661377,1909.9000244140625,nan,nan,nan,65536.0,nan,nan,nan,65536.0,nan,nan,nan,65536.0
2026-09-08T23:53:00.000+08:00,301.27435302734375,8.926475524902344,12.1181640625,18.518747329711914,0.19353361427783966,386.29998779296875,6.159999847412109,3.5940001010894775,1910.0,nan,nan,nan,65536.0,nan,nan,nan,65536.0,nan,nan,nan,65536.0
2026-09-08T23:54:00.000+08:00,303.2080078125,8.993309020996094,12.14599609375,19.041580200195312,0.18785205483436584,386.29998779296875,6.168000221252441,3.5899999141693115,1910.0,nan,nan,nan,65536.0,nan,nan,nan,65536.0,nan,nan,nan,65536.0
2026-09-08T23:55:00.000+08:00,303.0699768066406,8.9810791015625,12.1044921875,19.242298126220703,0.18662013113498688,385.8999938964844,6.172999858856201,3.5969998836517334,1910.0999755859375,nan,nan,nan,65536.0,nan,nan,nan,65536.0,nan,nan,nan,65536.0
2026-09-08T23:56:00.000+08:00,305.4293212890625,8.985626220703125,12.09765625,19.39544677734375,0.1852496713399887,386.1000061035156,6.1529998779296875,3.5810000896453857,1910.199951171875,nan,nan,nan,65536.0,nan,nan,nan,65536.0,nan,nan,nan,65536.0
2026-09-08T23:57:00.000+08:00,306.76226806640625,8.924243927001953,12.1181640625,18.917373657226562,0.18961405754089355,386.20001220703125,6.165999889373779,3.5920000076293945,1910.199951171875,nan,nan,nan,65536.0,nan,nan,nan,65536.0,nan,nan,nan,65536.0
2026-09-08T23:58:00.000+08:00,305.0364685058594,8.948738098144531,12.104248046875,18.799057006835938,0.1904882788658142,386.70001220703125,6.196000099182129,3.61299991607666,1910.300048828125,nan,nan,nan,65536.0,nan,nan,nan,65536.0,nan,nan,nan,65536.0
2026-09-08T23:59:00.000+08:00,314.5362854003906,8.941585540771484,12.0625,19.210445404052734,0.18640901148319244,386.6000061035156,6.176000118255615,3.5959999561309814,1910.300048828125,nan,nan,nan,65536.0,nan,nan,nan,65536.0,nan,nan,nan,65536.0
