timestamp,門診大樓_AH_1_4冰水流量,門診大樓_AH_1_4溫度1,門診大樓_AH_1_4溫度2,門診大樓_AH_1_4冷凍頓,門診大樓_AH_1_4冰水效率,門診大樓_AH_1_4電壓平均,門診大樓_AH_1_4電流平均,門診大樓_AH_1_4輸出功率,門診大樓_AH_1_4輸出功率千瓦時,門診大樓_AH_1_4 EC_FAN直流電壓,門診大樓_AH_1_4 EC_FAN直流電流,門診大樓_AH_1_4 EC_FAN有效功率,門診大樓_AH_1_4 EC_FAN輸出功率千瓦時
2026-09-12T00:00:00.000+08:00,0.0,18.989013671875,13.048583984375,0.0,nan,389.20001220703125,0.0,0.0,1257.699951171875,nan,nan,nan,65536.0
2026-09-12T00:01:00.000+08:00,0.0,19.043968200683594,13.097412109375,0.0,nan,389.5,0.0,0.0,1257.699951171875,nan,nan,nan,65536.0
2026-09-12T00:02:00.000+08:00,0.0,18.953887939453125,13.034912109375,0.0,nan,390.1000061035156,0.0,0.0,1257.699951171875,nan,nan,nan,65536.0
2026-09-12T00:03:00.000+08:00,0.0,18.999359130859375,13.0556640625,0.0,nan,389.6000061035156,0.0,0.0,1257.699951171875,nan,nan,nan,65536.0
2026-09-12T00:04:00.000+08:00,0.0,18.894264221191406,13.0,0.0,nan,389.8999938964844,0.0,0.0,1257.699951171875,nan,nan,nan,65536.0
2026-09-12T00:05:00.000+08:00,0.0,19.08869171142578,13.076416015625,0.0,nan,389.8999938964844,0.0,0.0,1257.699951171875,nan,nan,nan,65536.0
2026-09-12T00:06:00.000+08:00,0.0,18.943702697753906,13.1181640625,0.0,nan,389.70001220703125,0.0,0.0,1257.699951171875,nan,nan,nan,65536.0
2026-09-12T00:07:00.000+08:00,0.0,18.98603057861328,13.125,0.0,nan,390.1000061035156,0.0,0.0,1257.699951171875,nan,nan,nan,65536.0
2026-09-12T00:08:00.000+08:00,0.0,18.88573455810547,13.0625,0.0,nan,389.70001220703125,0.0,0.0,1257.699951171875,nan,nan,nan,65536.0
2026-09-12T00:09:00.000+08:00,0.0,19.12311553955078,13.132080078125,0.0,nan,389.3999938964844,0.0,0.0,1257.699951171875,nan,nan,nan,65536.0
2026-09-12T00:10:00.000+08:00,0.0,18.955810546875,13.1806640625,0.0,nan,389.5,0.0,0.0,1257.699951171875,nan,nan,nan,65536.0
2026-09-12T00:11:00.000+08:00,0.0,19.016250610351562,13.194580078125,0.0,nan,390.0,0.0,0.0,1257.699951171875,nan,nan,nan,65536.0
2026-09-12T00:12:00.000+08:00,0.0,19.025039672851562,13.208251953125,0.0,nan,389.70001220703125,0.0,0.0,1257.699951171875,nan,nan,nan,65536.0
2026-09-12T00:13:00.000+08:00,0.0,19.01409912109375,13.33349609375,0.0,nan,389.5,0.0,0.0,1257.699951171875,nan,nan,nan,65536.0
2026-09-12T00:14:00.000+08:00,0.0,19.03002166748047,13.3125,0.0,nan,389.29998779296875,0.0,0.0,1257.699951171875,nan,nan,nan,65536.0
2026-09-12T00:15:00.000+08:00,0.0,19.116378784179688,13.33349609375,0.0,nan,390.0,0.0,0.0,1257.699951171875,nan,nan,nan,65536.0
2026-09-12T00:16:00.000+08:00,0.0,19.01026153564453,13.388916015625,0.0,nan,389.8999938964844,0.0,0.0,1257.699951171875,nan,nan,nan,65536.0
2026-09-12T00:17:00.000+08:00,0.0,19.07024383544922,13.4375,0.0,nan,389.6000061035156,0.0,0.0,1257.699951171875,nan,nan,nan,65536.0
2026-09-12T00:18:00.000+08:00,0.0,19.042137145996094,13.423583984375,0.0,nan,389.3999938964844,0.0,0.0,1257.699951171875,nan,nan,nan,65536.0
2026-09-12T00:19:00.000+08:00,0.0,19.074867248535156,13.395751953125,0.0,nan,390.0,0.0,0.0,1257.699951171875,nan,nan,nan,65536.0
2026-09-12T00:20:00.000+08:00,0.0,19.06604766845703,13.40283203125,0.0,nan,389.79998779296875,0.0,0.0,1257.699951171875,nan,nan,nan,65536.0
2026-09-12T00:21:00.000+08:00,0.0,19.042526245117188,13.548583984375,0.0,nan,389.5,0.0,0.0,1257.699951171875,nan,nan,nan,65536.0
2026-09-12T00:22:00.000+08:00,0.0,19.118492126464844,13.486083984375,0.0,nan,389.6000061035156,0.0,0.0,1257.699951171875,nan,nan,nan,65536.0
2026-09-12T00:23:00.000+08:00,0.0,19.21485137939453,13.6181640625,0.0,nan,389.8999938964844,0.0,0.0,1257.699951171875,nan,nan,nan,65536.0
2026-09-12T00:24:00.000+08:00,0.0,19.165817260742188,13.569580078125,0.0,nan,389.6000061035156,0.0,0.0,1257.699951171875,nan,nan,nan,65536.0
2026-09-12T00:25:00.000+08:00,0.0,19.016075134277344,13.5556640625,0.0,nan,389.5,0.0,0.0,1257.699951171875,nan,nan,nan,65536.0
2026-09-12T00:26:00.000+08:00,0.0,19.08447265625,13.576416015625,0.0,nan,390.0,0.0,0.0,1257.699951171875,nan,nan,nan,65536.0
2026-09-12T00:27:00.000+08:00,0.0,19.093223571777344,13.569580078125,0.0,nan,389.8999938964844,0.0,0.0,1257.699951171875,nan,nan,nan,65536.0
2026-09-12T00:28:00.000+08:00,0.0,19.053863525390625,13.6181640625,0.0,nan,389.8999938964844,0.0,0.0,1257.699951171875,nan,nan,nan,65536.0
2026-09-12T00:29:00.000+08:00,0.0,19.2215576171875,13.673583984375,0.0,nan,389.70001220703125,0.0,0.0,1257.699951171875,nan,nan,nan,65536.0
2026-09-12T00:30:00.000+08:00,0.0,19.13892364501953,13.7431640625,0.0,nan,389.3999938964844,0.0,0.0,1257.699951171875,nan,nan,nan,65536.0
2026-09-12T00:31:00.000+08:00,0.0,19.141433715820312,13.798583984375,0.0,nan,389.20001220703125,0.0,0.0,1257.699951171875,nan,nan,nan,65536.0
2026-09-12T00:32:00.000+08:00,0.0,19.20184326171875,13.722412109375,0.0,nan,389.6000061035156,0.0,0.0,1257.699951171875,nan,nan,nan,65536.0
2026-09-12T00:33:00.000+08:00,0.0,19.203529357910156,13.708251953125,0.0,nan,389.20001220703125,0.0,0.0,1257.699951171875,nan,nan,nan,65536.0
2026-09-12T00:34:00.000+08:00,0.0,19.18299102783203,13.784912109375,0.0,nan,389.5,0.0,0.0,1257.699951171875,nan,nan,nan,65536.0
2026-09-12T00:35:00.000+08:00,0.0,19.152732849121094,13.8125,0.0,nan,389.70001220703125,0.0,0.0,1257.699951171875,nan,nan,nan,65536.0
2026-09-12T00:36:00.000+08:00,0.0,19.190078735351562,13.798583984375,0.0,nan,389.3999938964844,0.0,0.0,1257.699951171875,nan,nan,nan,65536.0
2026-09-12T00:37:00.000+08:00,0.0,19.234573364257812,13.70849609375,0.0,nan,389.20001220703125,0.0,0.0,1257.699951171875,nan,nan,nan,65536.0
2026-09-12T00:38:00.000+08:00,0.0,19.135948181152344,13.77783203125,0.0,nan,389.5,0.0,0.0,1257.699951171875,nan,nan,nan,65536.0
2026-09-12T00:39:00.000+08:00,0.0,19.182907104492188,13.83349609375,0.0,nan,389.1000061035156,0.0,0.0,1257.699951171875,nan,nan,nan,65536.0
2026-09-12T00:40:00.000+08:00,0.0,19.135086059570312,13.8125,0.0,nan,389.3999938964844,0.0,0.0,1257.699951171875,nan,nan,nan,65536.0
2026-09-12T00:41:00.000+08:00,0.0,19.132110595703125,13.9931640625,0.0,nan,389.79998779296875,0.0,0.0,1257.699951171875,nan,nan,nan,65536.0
2026-09-12T00:42:00.000+08:00,0.0,19.161476135253906,13.895751953125,0.0,nan,390.0,0.0,0.0,1257.699951171875,nan,nan,nan,65536.0
2026-09-12T00:43:00.000+08:00,0.0,19.232421875,13.847412109375,0.0,nan,389.79998779296875,0.0,0.0,1257.699951171875,nan,nan,nan,65536.0
2026-09-12T00:44:00.000+08:00,0.0,19.159637451171875,13.9931640625,0.0,nan,389.6000061035156,0.0,0.0,1257.699951171875,nan,nan,nan,65536.0
2026-09-12T00:45:00.000+08:00,0.0,19.194992065429688,13.979248046875,0.0,nan,390.1000061035156,0.0,0.0,1257.699951171875,nan,nan,nan,65536.0
2026-09-12T00:46:00.000+08:00,0.0,19.227828979492188,13.909912109375,0.0,nan,389.8999938964844,0.0,0.0,1257.699951171875,nan,nan,nan,65536.0
2026-09-12T00:47:00.000+08:00,0.0,19.24877166748047,14.0,0.0,nan,390.0,0.0,0.0,1257.699951171875,nan,nan,nan,65536.0
2026-09-12T00:48:00.000+08:00,0.0,19.19373321533203,14.1181640625,0.0,nan,389.8999938964844,0.0,0.0,1257.699951171875,nan,nan,nan,65536.0
2026-09-12T00:49:00.000+08:00,0.0,19.238304138183594,13.9931640625,0.0,nan,390.0,0.0,0.0,1257.699951171875,nan,nan,nan,65536.0
2026-09-12T00:50:00.000+08:00,0.0,19.23120880126953,14.048583984375,0.0,nan,389.79998779296875,0.0,0.0,1257.699951171875,nan,nan,nan,65536.0
2026-09-12T00:51:00.000+08:00,0.0,19.25572967529297,14.083251953125,0.0,nan,389.8999938964844,0.0,0.0,1257.699951171875,nan,nan,nan,65536.0
2026-09-12T00:52:00.000+08:00,0.0,19.28687286376953,14.097412109375,0.0,nan,389.8999938964844,0.0,0.0,1257.699951171875,nan,nan,nan,65536.0
2026-09-12T00:53:00.000+08:00,0.0,19.350616455078125,14.097412109375,0.0,nan,390.1000061035156,0.0,0.0,1257.699951171875,nan,nan,nan,65536.0
2026-09-12T00:54:00.000+08:00,0.0,19.36998748779297,14.173583984375,0.0,nan,389.79998779296875,0.0,0.0,1257.699951171875,nan,nan,nan,65536.0
2026-09-12T00:55:00.000+08:00,0.0,19.37090301513672,14.166748046875,0.0,nan,389.8999938964844,0.0,0.0,1257.699951171875,nan,nan,nan,65536.0
2026-09-12T00:56:00.000+08:00,0.0,19.276870727539062,14.201416015625,0.0,nan,390.20001220703125,0.0,0.0,1257.699951171875,nan,nan,nan,65536.0
2026-09-12T00:57:00.000+08:00,0.0,19.3106689453125,14.173583984375,0.0,nan,390.0,0.0,0.0,1257.699951171875,nan,nan,nan,65536.0
2026-09-12T00:58:00.000+08:00,0.0,19.290924072265625,14.27099609375,0.0,nan,389.8999938964844,0.0,0.0,1257.699951171875,nan,nan,nan,65536.0
2026-09-12T00:59:00.000+08:00,0.0,19.300865173339844,14.173583984375,0.0,nan,389.8999938964844,0.0,0.0,1257.699951171875,nan,nan,nan,65536.0
2026-09-12T01:00:00.000+08:00,0.0,19.342147827148438,14.3681640625,0.0,nan,389.6000061035156,0.0,0.0,1257.699951171875,nan,nan,nan,65536.0
2026-09-12T01:01:00.000+08:00,0.0,19.350250244140625,14.25,0.0,nan,389.6000061035156,0.0,0.0,1257.699951171875,nan,nan,nan,65536.0
2026-09-12T01:02:00.000+08:00,0.0,19.279281616210938,14.347412109375,0.0,nan,389.8999938964844,0.0,0.0,1257.699951171875,nan,nan,nan,65536.0
2026-09-12T01:03:00.000+08:00,0.0,19.274856567382812,14.354248046875,0.0,nan,390.0,0.0,0.0,1257.699951171875,nan,nan,nan,65536.0
2026-09-12T01:04:00.000+08:00,0.0,19.35810089111328,14.3125,0.0,nan,390.0,0.0,0.0,1257.699951171875,nan,nan,nan,65536.0
2026-09-12T01:05:00.000+08:00,0.0,19.344818115234375,14.333251953125,0.0,nan,390.0,0.0,0.0,1257.699951171875,nan,nan,nan,65536.0
2026-09-12T01:06:00.000+08:00,0.0,19.271217346191406,14.382080078125,0.0,nan,389.8999938964844,0.0,0.0,1257.699951171875,nan,nan,nan,65536.0
2026-09-12T01:07:00.000+08:00,0.0,19.29694366455078,14.416748046875,0.0,nan,390.20001220703125,0.0,0.0,1257.699951171875,nan,nan,nan,65536.0
2026-09-12T01:08:00.000+08:00,0.0,19.365997314453125,14.479248046875,0.0,nan,390.20001220703125,0.0,0.0,1257.699951171875,nan,nan,nan,65536.0
2026-09-12T01:09:00.000+08:00,0.0,19.27997589111328,14.479248046875,0.0,nan,389.79998779296875,0.0,0.0,1257.699951171875,nan,nan,nan,65536.0
2026-09-12T01:10:00.000+08:00,0.0,19.302993774414062,14.458251953125,0.0,nan,390.29998779296875,0.0,0.0,1257.699951171875,nan,nan,nan,65536.0
2026-09-12T01:11:00.000+08:00,0.0,19.2958984375,14.479248046875,0.0,nan,390.1000061035156,0.0,0.0,1257.699951171875,nan,nan,nan,65536.0
2026-09-12T01:12:00.000+08:00,0.0,19.325103759765625,14.4931640625,0.0,nan,390.20001220703125,0.0,0.0,1257.699951171875,nan,nan,nan,65536.0
2026-09-12T01:13:00.000+08:00,0.0,19.44738006591797,14.513916015625,0.0,nan,389.8999938964844,0.0,0.0,1257.699951171875,nan,nan,nan,65536.0
2026-09-12T01:14:00.000+08:00,0.0,19.3897705078125,14.548583984375,0.0,nan,390.29998779296875,0.0,0.0,1257.699951171875,nan,nan,nan,65536.0
2026-09-12T01:15:00.000+08:00,0.0,19.44556427001953,14.548583984375,0.0,nan,390.1000061035156,0.0,0.0,1257.699951171875,nan,nan,nan,65536.0
2026-09-12T01:16:00.000+08:00,0.0,19.361312866210938,14.513916015625,0.0,nan,389.79998779296875,0.0,0.0,1257.699951171875,nan,nan,nan,65536.0
2026-09-12T01:17:00.000+08:00,0.0,19.445388793945312,14.576416015625,0.0,nan,389.79998779296875,0.0,0.0,1257.699951171875,nan,nan,nan,65536.0
2026-09-12T01:18:00.000+08:00,0.0,19.488876342773438,14.576416015625,0.0,nan,389.5,0.0,0.0,1257.699951171875,nan,nan,nan,65536.0
2026-09-12T01:19:00.000+08:00,0.0,19.37708282470703,14.5625,0.0,nan,389.70001220703125,0.0,0.0,1257.699951171875,nan,nan,nan,65536.0
2026-09-12T01:20:00.000+08:00,0.0,19.3807373046875,14.65283203125,0.0,nan,389.6000061035156,0.0,0.0,1257.699951171875,nan,nan,nan,65536.0
2026-09-12T01:21:00.000+08:00,0.0,19.427627563476562,14.666748046875,0.0,nan,389.5,0.0,0.0,1257.699951171875,nan,nan,nan,65536.0
2026-09-12T01:22:00.000+08:00,0.0,19.45610809326172,14.6806640625,0.0,nan,389.70001220703125,0.0,0.0,1257.699951171875,nan,nan,nan,65536.0
2026-09-12T01:23:00.000+08:00,0.0,19.376869201660156,14.71533203125,0.0,nan,389.8999938964844,0.0,0.0,1257.699951171875,nan,nan,nan,65536.0
2026-09-12T01:24:00.000+08:00,0.0,19.39215850830078,14.736083984375,0.0,nan,389.70001220703125,0.0,0.0,1257.699951171875,nan,nan,nan,65536.0
2026-09-12T01:25:00.000+08:00,0.0,19.46453857421875,14.722412109375,0.0,nan,390.5,0.0,0.0,1257.699951171875,nan,nan,nan,65536.0
2026-09-12T01:26:00.000+08:00,0.0,19.492103576660156,14.708251953125,0.0,nan,389.70001220703125,0.0,0.0,1257.699951171875,nan,nan,nan,65536.0
2026-09-12T01:27:00.000+08:00,0.0,19.40514373779297,14.763916015625,0.0,nan,390.0,0.0,0.0,1257.699951171875,nan,nan,nan,65536.0
2026-09-12T01:28:00.000+08:00,0.0,19.39745330810547,14.798583984375,0.0,nan,390.3999938964844,0.0,0.0,1257.699951171875,nan,nan,nan,65536.0
2026-09-12T01:29:00.000+08:00,0.0,19.424758911132812,14.77783203125,0.0,nan,389.5,0.0,0.0,1257.699951171875,nan,nan,nan,65536.0
2026-09-12T01:30:00.000+08:00,0.0,19.467056274414062,14.75,0.0,nan,390.1000061035156,0.0,0.0,1257.699951171875,nan,nan,nan,65536.0
2026-09-12T01:31:00.000+08:00,0.0,19.411354064941406,14.854248046875,0.0,nan,389.8999938964844,0.0,0.0,1257.699951171875,nan,nan,nan,65536.0
2026-09-12T01:32:00.000+08:00,0.0,19.441390991210938,14.84033203125,0.0,nan,389.79998779296875,0.0,0.0,1257.699951171875,nan,nan,nan,65536.0
2026-09-12T01:33:00.000+08:00,0.0,19.436172485351562,14.8125,0.0,nan,389.29998779296875,0.0,0.0,1257.699951171875,nan,nan,nan,65536.0
2026-09-12T01:34:00.000+08:00,0.0,19.498130798339844,14.861083984375,0.0,nan,389.79998779296875,0.0,0.0,1257.699951171875,nan,nan,nan,65536.0
2026-09-12T01:35:00.000+08:00,0.0,19.560943603515625,14.9306640625,0.0,nan,389.8999938964844,0.0,0.0,1257.699951171875,nan,nan,nan,65536.0
2026-09-12T01:36:00.000+08:00,0.0,19.453758239746094,14.916748046875,0.0,nan,389.3999938964844,0.0,0.0,1257.699951171875,nan,nan,nan,65536.0
2026-09-12T01:37:00.000+08:00,0.0,19.4715576171875,14.916748046875,0.0,nan,389.8999938964844,0.0,0.0,1257.699951171875,nan,nan,nan,65536.0
2026-09-12T01:38:00.000+08:00,0.0,19.405136108398438,14.986083984375,0.0,nan,390.20001220703125,0.0,0.0,1257.699951171875,nan,nan,nan,65536.0
2026-09-12T01:39:00.000+08:00,0.0,19.43756866455078,14.9931640625,0.0,nan,390.20001220703125,0.0,0.0,1257.699951171875,nan,nan,nan,65536.0
2026-09-12T01:40:00.000+08:00,0.0,19.570533752441406,14.972412109375,0.0,nan,390.1000061035156,0.0,0.0,1257.699951171875,nan,nan,nan,65536.0
2026-09-12T01:41:00.000+08:00,0.0,19.55194854736328,15.0,0.0,nan,389.8999938964844,0.0,0.0,1257.699951171875,nan,nan,nan,65536.0
2026-09-12T01:42:00.000+08:00,0.0,19.55194854736328,15.034912109375,0.0,nan,389.8999938964844,0.0,0.0,1257.699951171875,nan,nan,nan,65536.0
2026-09-12T01:43:00.000+08:00,0.0,19.55756378173828,15.007080078125,0.0,nan,389.8999938964844,0.0,0.0,1257.699951171875,nan,nan,nan,65536.0
2026-09-12T01:44:00.000+08:00,0.0,19.561798095703125,15.041748046875,0.0,nan,389.8999938964844,0.0,0.0,1257.699951171875,nan,nan,nan,65536.0
2026-09-12T01:45:00.000+08:00,0.0,19.507614135742188,15.08349609375,0.0,nan,389.79998779296875,0.0,0.0,1257.699951171875,nan,nan,nan,65536.0
2026-09-12T01:46:00.000+08:00,0.0,19.570907592773438,15.0625,0.0,nan,389.70001220703125,0.0,0.0,1257.699951171875,nan,nan,nan,65536.0
2026-09-12T01:47:00.000+08:00,0.0,19.541847229003906,15.076416015625,0.0,nan,390.1000061035156,0.0,0.0,1257.699951171875,nan,nan,nan,65536.0
2026-09-12T01:48:00.000+08:00,0.0,19.54467010498047,15.069580078125,0.0,nan,389.70001220703125,0.0,0.0,1257.699951171875,nan,nan,nan,65536.0
2026-09-12T01:49:00.000+08:00,0.0,19.565460205078125,15.15283203125,0.0,nan,389.29998779296875,0.0,0.0,1257.699951171875,nan,nan,nan,65536.0
2026-09-12T01:50:00.000+08:00,0.0,19.51813507080078,15.1806640625,0.0,nan,390.0,0.0,0.0,1257.699951171875,nan,nan,nan,65536.0
2026-09-12T01:51:00.000+08:00,0.0,19.573936462402344,15.125,0.0,nan,390.1000061035156,0.0,0.0,1257.699951171875,nan,nan,nan,65536.0
2026-09-12T01:52:00.000+08:00,0.0,19.594085693359375,15.125,0.0,nan,390.29998779296875,0.0,0.0,1257.699951171875,nan,nan,nan,65536.0
2026-09-12T01:53:00.000+08:00,0.0,19.54461669921875,15.222412109375,0.0,nan,390.70001220703125,0.0,0.0,1257.699951171875,nan,nan,nan,65536.0
2026-09-12T01:54:00.000+08:00,0.0,19.552566528320312,15.208251953125,0.0,nan,390.70001220703125,0.0,0.0,1257.699951171875,nan,nan,nan,65536.0
2026-09-12T01:55:00.000+08:00,0.0,19.604568481445312,15.222412109375,0.0,nan,390.5,0.0,0.0,1257.699951171875,nan,nan,nan,65536.0
2026-09-12T01:56:00.000+08:00,0.0,19.50348663330078,15.263916015625,0.0,nan,390.5,0.0,0.0,1257.699951171875,nan,nan,nan,65536.0
2026-09-12T01:57:00.000+08:00,0.0,19.53631591796875,15.263916015625,0.0,nan,390.20001220703125,0.0,0.0,1257.699951171875,nan,nan,nan,65536.0
2026-09-12T01:58:00.000+08:00,0.0,19.55034637451172,15.25,0.0,nan,390.70001220703125,0.0,0.0,1257.699951171875,nan,nan,nan,65536.0
2026-09-12T01:59:00.000+08:00,0.0,19.513031005859375,15.354248046875,0.0,nan,390.6000061035156,0.0,0.0,1257.699951171875,nan,nan,nan,65536.0
2026-09-12T02:00:00.000+08:00,0.0,19.556076049804688,15.27783203125,0.0,nan,390.6000061035156,0.0,0.0,1257.699951171875,nan,nan,nan,65536.0
2026-09-12T02:01:00.000+08:00,0.0,19.662879943847656,15.3681640625,0.0,nan,390.8999938964844,0.0,0.0,1257.699951171875,nan,nan,nan,65536.0
2026-09-12T02:02:00.000+08:00,0.0,19.551605224609375,15.3125,0.0,nan,390.79998779296875,0.0,0.0,1257.699951171875,nan,nan,nan,65536.0
2026-09-12T02:03:00.000+08:00,0.0,19.5736083984375,15.3125,0.0,nan,390.70001220703125,0.0,0.0,1257.699951171875,nan,nan,nan,65536.0
2026-09-12T02:04:00.000+08:00,0.0,19.641220092773438,15.423583984375,0.0,nan,390.5,0.0,0.0,1257.699951171875,nan,nan,nan,65536.0
2026-09-12T02:05:00.000+08:00,0.0,19.60356903076172,15.3125,0.0,nan,391.0,0.0,0.0,1257.699951171875,nan,nan,nan,65536.0
2026-09-12T02:06:00.000+08:00,0.0,19.523231506347656,15.375,0.0,nan,390.5,0.0,0.0,1257.699951171875,nan,nan,nan,65536.0
2026-09-12T02:07:00.000+08:00,0.0,19.720962524414062,15.382080078125,0.0,nan,390.1000061035156,0.0,0.0,1257.699951171875,nan,nan,nan,65536.0
2026-09-12T02:08:00.000+08:00,0.0,19.635147094726562,15.4931640625,0.0,nan,390.29998779296875,0.0,0.0,1257.699951171875,nan,nan,nan,65536.0
2026-09-12T02:09:00.000+08:00,0.0,19.639976501464844,15.486083984375,0.0,nan,390.5,0.0,0.0,1257.699951171875,nan,nan,nan,65536.0
2026-09-12T02:10:00.000+08:00,0.0,19.70184326171875,15.4375,0.0,nan,390.6000061035156,0.0,0.0,1257.699951171875,nan,nan,nan,65536.0
2026-09-12T02:11:00.000+08:00,0.0,19.72357177734375,15.472412109375,0.0,nan,389.6000061035156,0.0,0.0,1257.699951171875,nan,nan,nan,65536.0
2026-09-12T02:12:00.000+08:00,0.0,19.6546630859375,15.5,0.0,nan,390.0,0.0,0.0,1257.699951171875,nan,nan,nan,65536.0
2026-09-12T02:13:00.000+08:00,0.0,19.6763916015625,15.5,0.0,nan,389.79998779296875,0.0,0.0,1257.699951171875,nan,nan,nan,65536.0
2026-09-12T02:14:00.000+08:00,0.0,19.722328186035156,15.500244140625,0.0,nan,390.20001220703125,0.0,0.0,1257.699951171875,nan,nan,nan,65536.0
2026-09-12T02:15:00.000+08:00,0.0,19.625335693359375,15.6181640625,0.0,nan,389.8999938964844,0.0,0.0,1257.699951171875,nan,nan,nan,65536.0
2026-09-12T02:16:00.000+08:00,0.0,19.65821075439453,15.569580078125,0.0,nan,390.29998779296875,0.0,0.0,1257.699951171875,nan,nan,nan,65536.0
2026-09-12T02:17:00.000+08:00,0.0,19.702926635742188,15.5625,0.0,nan,390.29998779296875,0.0,0.0,1257.699951171875,nan,nan,nan,65536.0
2026-09-12T02:18:00.000+08:00,0.0,19.688926696777344,15.6181640625,0.0,nan,390.6000061035156,0.0,0.0,1257.699951171875,nan,nan,nan,65536.0
2026-09-12T02:19:00.000+08:00,0.0,19.708969116210938,15.611083984375,0.0,nan,390.70001220703125,0.0,0.0,1257.699951171875,nan,nan,nan,65536.0
2026-09-12T02:20:00.000+08:00,0.0,19.728790283203125,15.604248046875,0.0,nan,390.29998779296875,0.0,0.0,1257.699951171875,nan,nan,nan,65536.0
2026-09-12T02:21:00.000+08:00,0.0,19.627906799316406,15.6806640625,0.0,nan,390.1000061035156,0.0,0.0,1257.699951171875,nan,nan,nan,65536.0
2026-09-12T02:22:00.000+08:00,0.0,19.66059112548828,15.673583984375,0.0,nan,390.5,0.0,0.0,1257.699951171875,nan,nan,nan,65536.0
2026-09-12T02:23:00.000+08:00,0.0,19.687652587890625,15.645751953125,0.0,nan,390.20001220703125,0.0,0.0,1257.699951171875,nan,nan,nan,65536.0
2026-09-12T02:24:00.000+08:00,0.0,19.747352600097656,15.701416015625,0.0,nan,390.1000061035156,0.0,0.0,1257.699951171875,nan,nan,nan,65536.0
2026-09-12T02:25:00.000+08:00,0.0,19.74249267578125,15.632080078125,0.0,nan,390.79998779296875,0.0,0.0,1257.699951171875,nan,nan,nan,65536.0
2026-09-12T02:26:00.000+08:00,0.0,19.7833251953125,15.7431640625,0.0,nan,390.79998779296875,0.0,0.0,1257.699951171875,nan,nan,nan,65536.0
2026-09-12T02:27:00.000+08:00,0.0,19.71710205078125,15.7431640625,0.0,nan,390.5,0.0,0.0,1257.699951171875,nan,nan,nan,65536.0
2026-09-12T02:28:00.000+08:00,0.0,19.75305938720703,15.770751953125,0.0,nan,390.70001220703125,0.0,0.0,1257.699951171875,nan,nan,nan,65536.0
2026-09-12T02:29:00.000+08:00,0.0,19.84711456298828,15.722412109375,0.0,nan,391.0,0.0,0.0,1257.699951171875,nan,nan,nan,65536.0
2026-09-12T02:30:00.000+08:00,0.0,19.82677459716797,15.798583984375,0.0,nan,391.29998779296875,0.0,0.0,1257.699951171875,nan,nan,nan,65536.0
2026-09-12T02:31:00.000+08:00,0.0,19.819915771484375,15.8056640625,0.0,nan,390.8999938964844,0.0,0.0,1257.699951171875,nan,nan,nan,65536.0
2026-09-12T02:32:00.000+08:00,0.0,19.83477783203125,15.784912109375,0.0,nan,390.0,0.0,0.0,1257.699951171875,nan,nan,nan,65536.0
2026-09-12T02:33:00.000+08:00,0.0,19.770614624023438,15.847412109375,0.0,nan,390.70001220703125,0.0,0.0,1257.699951171875,nan,nan,nan,65536.0
2026-09-12T02:34:00.000+08:00,0.0,19.758575439453125,15.798583984375,0.0,nan,390.3999938964844,0.0,0.0,1257.699951171875,nan,nan,nan,65536.0
2026-09-12T02:35:00.000+08:00,0.0,19.7705078125,15.833251953125,0.0,nan,390.6000061035156,0.0,0.0,1257.699951171875,nan,nan,nan,65536.0
2026-09-12T02:36:00.000+08:00,0.0,19.815414428710938,15.8681640625,0.0,nan,390.70001220703125,0.0,0.0,1257.699951171875,nan,nan,nan,65536.0
2026-09-12T02:37:00.000+08:00,0.0,19.81946563720703,15.8125,0.0,nan,390.70001220703125,0.0,0.0,1257.699951171875,nan,nan,nan,65536.0
2026-09-12T02:38:00.000+08:00,0.0,19.795150756835938,15.895751953125,0.0,nan,390.6000061035156,0.0,0.0,1257.699951171875,nan,nan,nan,65536.0
2026-09-12T02:39:00.000+08:00,0.0,19.80107879638672,15.888916015625,0.0,nan,390.8999938964844,0.0,0.0,1257.699951171875,nan,nan,nan,65536.0
2026-09-12T02:40:00.000+08:00,0.0,19.76885223388672,15.958251953125,0.0,nan,390.5,0.0,0.0,1257.699951171875,nan,nan,nan,65536.0
2026-09-12T02:41:00.000+08:00,0.0,19.84893798828125,15.882080078125,0.0,nan,390.6000061035156,0.0,0.0,1257.699951171875,nan,nan,nan,65536.0
2026-09-12T02:42:00.000+08:00,0.0,19.841995239257812,15.90283203125,0.0,nan,390.79998779296875,0.0,0.0,1257.699951171875,nan,nan,nan,65536.0
2026-09-12T02:43:00.000+08:00,0.0,19.77081298828125,15.9931640625,0.0,nan,391.20001220703125,0.0,0.0,1257.699951171875,nan,nan,nan,65536.0
2026-09-12T02:44:00.000+08:00,0.0,19.835617065429688,15.944580078125,0.0,nan,391.0,0.0,0.0,1257.699951171875,nan,nan,nan,65536.0
2026-09-12T02:45:00.000+08:00,0.0,19.833580017089844,15.9375,0.0,nan,391.29998779296875,0.0,0.0,1257.699951171875,nan,nan,nan,65536.0
2026-09-12T02:46:00.000+08:00,0.0,19.824630737304688,15.986083984375,0.0,nan,391.29998779296875,0.0,0.0,1257.699951171875,nan,nan,nan,65536.0
2026-09-12T02:47:00.000+08:00,0.0,19.750240325927734,16.09716796875,0.0,nan,391.70001220703125,0.0,0.0,1257.699951171875,nan,nan,nan,65536.0
2026-09-12T02:48:00.000+08:00,0.0,19.771656036376953,16.09716796875,0.0,nan,391.5,0.0,0.0,1257.699951171875,nan,nan,nan,65536.0
2026-09-12T02:49:00.000+08:00,0.0,19.79558563232422,16.08349609375,0.0,nan,391.5,0.0,0.0,1257.699951171875,nan,nan,nan,65536.0
2026-09-12T02:50:00.000+08:00,0.0,19.798076629638672,16.09716796875,0.0,nan,391.79998779296875,0.0,0.0,1257.699951171875,nan,nan,nan,65536.0
2026-09-12T02:51:00.000+08:00,0.0,19.818511962890625,16.0419921875,0.0,nan,391.3999938964844,0.0,0.0,1257.699951171875,nan,nan,nan,65536.0
2026-09-12T02:52:00.000+08:00,0.0,19.846912384033203,16.08349609375,0.0,nan,391.3999938964844,0.0,0.0,1257.699951171875,nan,nan,nan,65536.0
2026-09-12T02:53:00.000+08:00,0.0,19.827476501464844,16.0,0.0,nan,391.3999938964844,0.0,0.0,1257.699951171875,nan,nan,nan,65536.0
2026-09-12T02:54:00.000+08:00,0.0,19.86984634399414,16.08349609375,0.0,nan,391.5,0.0,0.0,1257.699951171875,nan,nan,nan,65536.0
2026-09-12T02:55:00.000+08:00,0.0,19.872844696044922,16.01416015625,0.0,nan,391.6000061035156,0.0,0.0,1257.699951171875,nan,nan,nan,65536.0
2026-09-12T02:56:00.000+08:00,0.0,19.88829803466797,16.22216796875,0.0,nan,391.70001220703125,0.0,0.0,1257.699951171875,nan,nan,nan,65536.0
2026-09-12T02:57:00.000+08:00,0.0,19.91372299194336,16.19482421875,0.0,nan,391.20001220703125,0.0,0.0,1257.699951171875,nan,nan,nan,65536.0
2026-09-12T02:58:00.000+08:00,0.0,19.908737182617188,16.16650390625,0.0,nan,390.6000061035156,0.0,0.0,1257.699951171875,nan,nan,nan,65536.0
2026-09-12T02:59:00.000+08:00,0.0,19.908226013183594,16.1806640625,0.0,nan,391.0,0.0,0.0,1257.699951171875,nan,nan,nan,65536.0
2026-09-12T03:00:00.000+08:00,0.0,19.946590423583984,16.15283203125,0.0,nan,390.79998779296875,0.0,0.0,1257.699951171875,nan,nan,nan,65536.0
2026-09-12T03:01:00.000+08:00,0.0,19.95855712890625,16.22216796875,0.0,nan,391.0,0.0,0.0,1257.699951171875,nan,nan,nan,65536.0
2026-09-12T03:02:00.000+08:00,0.0,19.975502014160156,16.20849609375,0.0,nan,391.20001220703125,0.0,0.0,1257.699951171875,nan,nan,nan,65536.0
2026-09-12T03:03:00.000+08:00,0.0,19.982463836669922,16.22216796875,0.0,nan,390.79998779296875,0.0,0.0,1257.699951171875,nan,nan,nan,65536.0
2026-09-12T03:04:00.000+08:00,0.0,19.9864501953125,16.236328125,0.0,nan,390.20001220703125,0.0,0.0,1257.699951171875,nan,nan,nan,65536.0
2026-09-12T03:05:00.000+08:00,0.0,19.88239288330078,16.33349609375,0.0,nan,391.20001220703125,0.0,0.0,1257.699951171875,nan,nan,nan,65536.0
2026-09-12T03:06:00.000+08:00,0.0,19.903343200683594,16.34716796875,0.0,nan,391.1000061035156,0.0,0.0,1257.699951171875,nan,nan,nan,65536.0
2026-09-12T03:07:00.000+08:00,0.0,19.902851104736328,16.27783203125,0.0,nan,390.8999938964844,0.0,0.0,1257.699951171875,nan,nan,nan,65536.0
2026-09-12T03:08:00.000+08:00,0.0,19.91632843017578,16.27783203125,0.0,nan,391.0,0.0,0.0,1257.699951171875,nan,nan,nan,65536.0
2026-09-12T03:09:00.000+08:00,0.0,19.949161529541016,16.361328125,0.0,nan,391.0,0.0,0.0,1257.699951171875,nan,nan,nan,65536.0
2026-09-12T03:10:00.000+08:00,0.0,19.949668884277344,16.361328125,0.0,nan,391.1000061035156,0.0,0.0,1257.699951171875,nan,nan,nan,65536.0
2026-09-12T03:11:00.000+08:00,0.0,19.960105895996094,16.31982421875,0.0,nan,391.29998779296875,0.0,0.0,1257.699951171875,nan,nan,nan,65536.0
2026-09-12T03:12:00.000+08:00,0.0,19.984111785888672,16.361328125,0.0,nan,390.79998779296875,0.0,0.0,1257.699951171875,nan,nan,nan,65536.0
2026-09-12T03:13:00.000+08:00,0.0,19.986995697021484,16.31982421875,0.0,nan,391.5,0.0,0.0,1257.699951171875,nan,nan,nan,65536.0
2026-09-12T03:14:00.000+08:00,0.0,19.884471893310547,16.4169921875,0.0,nan,391.70001220703125,0.0,0.0,1257.699951171875,nan,nan,nan,65536.0
2026-09-12T03:15:00.000+08:00,0.0,19.898483276367188,16.40283203125,0.0,nan,391.20001220703125,0.0,0.0,1257.699951171875,nan,nan,nan,65536.0
2026-09-12T03:16:00.000+08:00,0.0,19.895008087158203,16.486328125,0.0,nan,391.70001220703125,0.0,0.0,1257.699951171875,nan,nan,nan,65536.0
2026-09-12T03:17:00.000+08:00,0.0,20.02695083618164,16.375,0.0,nan,390.79998779296875,0.0,0.0,1257.699951171875,nan,nan,nan,65536.0
2026-09-12T03:18:00.000+08:00,0.0,20.067237854003906,16.375,0.0,nan,391.3999938964844,0.0,0.0,1257.699951171875,nan,nan,nan,65536.0
2026-09-12T03:19:00.000+08:00,0.0,19.923839569091797,16.4306640625,0.0,nan,391.20001220703125,0.0,0.0,1257.699951171875,nan,nan,nan,65536.0
2026-09-12T03:20:00.000+08:00,0.0,20.07878875732422,16.486328125,0.0,nan,391.6000061035156,0.0,0.0,1257.699951171875,nan,nan,nan,65536.0
2026-09-12T03:21:00.000+08:00,0.0,20.103736877441406,16.47216796875,0.0,nan,391.5,0.0,0.0,1257.699951171875,nan,nan,nan,65536.0
2026-09-12T03:22:00.000+08:00,0.0,20.081241607666016,16.45849609375,0.0,nan,391.1000061035156,0.0,0.0,1257.699951171875,nan,nan,nan,65536.0
2026-09-12T03:23:00.000+08:00,0.0,20.012062072753906,16.58349609375,0.0,nan,391.1000061035156,0.0,0.0,1257.699951171875,nan,nan,nan,65536.0
2026-09-12T03:24:00.000+08:00,0.0,20.114173889160156,16.611328125,0.0,nan,391.1000061035156,0.0,0.0,1257.699951171875,nan,nan,nan,65536.0
2026-09-12T03:25:00.000+08:00,0.0,20.120094299316406,16.44482421875,0.0,nan,391.3999938964844,0.0,0.0,1257.699951171875,nan,nan,nan,65536.0
2026-09-12T03:26:00.000+08:00,0.0,20.04395294189453,16.5419921875,0.0,nan,391.3999938964844,0.0,0.0,1257.699951171875,nan,nan,nan,65536.0
2026-09-12T03:27:00.000+08:00,0.0,20.03701400756836,16.611328125,0.0,nan,391.3999938964844,0.0,0.0,1257.699951171875,nan,nan,nan,65536.0
2026-09-12T03:28:00.000+08:00,0.0,20.041011810302734,16.5556640625,0.0,nan,392.0,0.0,0.0,1257.699951171875,nan,nan,nan,65536.0
2026-09-12T03:29:00.000+08:00,0.0,20.059391021728516,16.59716796875,0.0,nan,391.3999938964844,0.0,0.0,1257.699951171875,nan,nan,nan,65536.0
2026-09-12T03:30:00.000+08:00,0.0,20.058879852294922,16.52783203125,0.0,nan,391.29998779296875,0.0,0.0,1257.699951171875,nan,nan,nan,65536.0
2026-09-12T03:31:00.000+08:00,0.0,20.093360900878906,16.58349609375,0.0,nan,391.70001220703125,0.0,0.0,1257.699951171875,nan,nan,nan,65536.0
2026-09-12T03:32:00.000+08:00,0.0,20.1058349609375,16.5556640625,0.0,nan,391.70001220703125,0.0,0.0,1257.699951171875,nan,nan,nan,65536.0
2026-09-12T03:33:00.000+08:00,0.0,20.097854614257812,16.59716796875,0.0,nan,391.5,0.0,0.0,1257.699951171875,nan,nan,nan,65536.0
2026-09-12T03:34:00.000+08:00,0.0,20.014141082763672,16.72216796875,0.0,nan,391.5,0.0,0.0,1257.699951171875,nan,nan,nan,65536.0
2026-09-12T03:35:00.000+08:00,0.0,20.121780395507812,16.59716796875,0.0,nan,391.70001220703125,0.0,0.0,1257.699951171875,nan,nan,nan,65536.0
2026-09-12T03:36:00.000+08:00,0.0,20.019672393798828,16.66650390625,0.0,nan,391.8999938964844,0.0,0.0,1257.699951171875,nan,nan,nan,65536.0
2026-09-12T03:37:00.000+08:00,0.0,20.05156707763672,16.625,0.0,nan,392.0,0.0,0.0,1257.699951171875,nan,nan,nan,65536.0
2026-09-12T03:38:00.000+08:00,0.0,20.04950714111328,16.63916015625,0.0,nan,391.70001220703125,0.0,0.0,1257.699951171875,nan,nan,nan,65536.0
2026-09-12T03:39:00.000+08:00,0.0,20.074462890625,16.625,0.0,nan,391.79998779296875,0.0,0.0,1257.699951171875,nan,nan,nan,65536.0
2026-09-12T03:40:00.000+08:00,0.0,20.077075958251953,16.65283203125,0.0,nan,392.20001220703125,0.0,0.0,1257.699951171875,nan,nan,nan,65536.0
2026-09-12T03:41:00.000+08:00,0.0,20.089553833007812,16.72216796875,0.0,nan,392.1000061035156,0.0,0.0,1257.699951171875,nan,nan,nan,65536.0
2026-09-12T03:42:00.000+08:00,0.0,20.105327606201172,16.69482421875,0.0,nan,392.1000061035156,0.0,0.0,1257.699951171875,nan,nan,nan,65536.0
2026-09-12T03:43:00.000+08:00,0.0,20.016746520996094,16.77783203125,0.0,nan,392.20001220703125,0.0,0.0,1257.699951171875,nan,nan,nan,65536.0
2026-09-12T03:44:00.000+08:00,0.0,20.115398406982422,16.66650390625,0.0,nan,392.0,0.0,0.0,1257.699951171875,nan,nan,nan,65536.0
2026-09-12T03:45:00.000+08:00,0.0,20.117298126220703,16.6669921875,0.0,nan,391.3999938964844,0.0,0.0,1257.699951171875,nan,nan,nan,65536.0
2026-09-12T03:46:00.000+08:00,0.0,20.010860443115234,16.75,0.0,nan,391.8999938964844,0.0,0.0,1257.699951171875,nan,nan,nan,65536.0
2026-09-12T03:47:00.000+08:00,0.0,20.04068374633789,16.76416015625,0.0,nan,392.0,0.0,0.0,1257.699951171875,nan,nan,nan,65536.0
2026-09-12T03:48:00.000+08:00,0.0,20.17504119873047,16.83349609375,0.0,nan,391.8999938964844,0.0,0.0,1257.699951171875,nan,nan,nan,65536.0
2026-09-12T03:49:00.000+08:00,0.0,20.07415771484375,16.76416015625,0.0,nan,391.6000061035156,0.0,0.0,1257.699951171875,nan,nan,nan,65536.0
2026-09-12T03:50:00.000+08:00,0.0,20.19674301147461,16.75,0.0,nan,391.6000061035156,0.0,0.0,1257.699951171875,nan,nan,nan,65536.0
2026-09-12T03:51:00.000+08:00,0.0,20.188560485839844,16.8056640625,0.0,nan,391.3999938964844,0.0,0.0,1257.699951171875,nan,nan,nan,65536.0
2026-09-12T03:52:00.000+08:00,0.0,20.215641021728516,16.83349609375,0.0,nan,391.3999938964844,0.0,0.0,1257.699951171875,nan,nan,nan,65536.0
2026-09-12T03:53:00.000+08:00,0.0,20.205242156982422,16.8056640625,0.0,nan,391.3999938964844,0.0,0.0,1257.699951171875,nan,nan,nan,65536.0
2026-09-12T03:54:00.000+08:00,0.0,20.239582061767578,16.84716796875,0.0,nan,391.8999938964844,0.0,0.0,1257.699951171875,nan,nan,nan,65536.0
2026-09-12T03:55:00.000+08:00,0.0,20.245136260986328,16.76416015625,0.0,nan,392.0,0.0,0.0,1257.699951171875,nan,nan,nan,65536.0
2026-09-12T03:56:00.000+08:00,0.0,20.135887145996094,16.9306640625,0.0,nan,391.70001220703125,0.0,0.0,1257.699951171875,nan,nan,nan,65536.0
2026-09-12T03:57:00.000+08:00,0.0,20.14783477783203,16.97216796875,0.0,nan,391.70001220703125,0.0,0.0,1257.699951171875,nan,nan,nan,65536.0
2026-09-12T03:58:00.000+08:00,0.0,20.185096740722656,16.986328125,0.0,nan,391.79998779296875,0.0,0.0,1257.699951171875,nan,nan,nan,65536.0
2026-09-12T03:59:00.000+08:00,0.0,20.1629638671875,16.875,0.0,nan,392.0,0.0,0.0,1257.699951171875,nan,nan,nan,65536.0
2026-09-12T04:00:00.000+08:00,0.0,20.177345275878906,16.95849609375,0.0,nan,391.8999938964844,0.0,0.0,1257.699951171875,nan,nan,nan,65536.0
2026-09-12T04:01:00.000+08:00,0.0,20.182388305664062,16.986328125,0.0,nan,391.20001220703125,0.0,0.0,1257.699951171875,nan,nan,nan,65536.0
2026-09-12T04:02:00.000+08:00,0.0,20.192237854003906,16.95849609375,0.0,nan,391.6000061035156,0.0,0.0,1257.699951171875,nan,nan,nan,65536.0
2026-09-12T04:03:00.000+08:00,0.0,20.221221923828125,16.97216796875,0.0,nan,391.70001220703125,0.0,0.0,1257.699951171875,nan,nan,nan,65536.0
2026-09-12T04:04:00.000+08:00,0.0,20.128890991210938,16.9306640625,0.0,nan,391.79998779296875,0.0,0.0,1257.699951171875,nan,nan,nan,65536.0
2026-09-12T04:05:00.000+08:00,0.0,20.225204467773438,16.88916015625,0.0,nan,391.70001220703125,0.0,0.0,1257.699951171875,nan,nan,nan,65536.0
2026-09-12T04:06:00.000+08:00,0.0,20.133697509765625,17.08349609375,0.0,nan,391.5,0.0,0.0,1257.699951171875,nan,nan,nan,65536.0
2026-09-12T04:07:00.000+08:00,0.0,20.133697509765625,17.01416015625,0.0,nan,391.3999938964844,0.0,0.0,1257.699951171875,nan,nan,nan,65536.0
2026-09-12T04:08:00.000+08:00,0.0,20.151004791259766,17.08349609375,0.0,nan,391.79998779296875,0.0,0.0,1257.699951171875,nan,nan,nan,65536.0
2026-09-12T04:09:00.000+08:00,0.0,20.168289184570312,17.06982421875,0.0,nan,391.0,0.0,0.0,1257.699951171875,nan,nan,nan,65536.0
2026-09-12T04:10:00.000+08:00,0.0,20.16748809814453,17.08349609375,0.0,nan,391.6000061035156,0.0,0.0,1257.699951171875,nan,nan,nan,65536.0
2026-09-12T04:11:00.000+08:00,0.0,20.181045532226562,17.08349609375,0.0,nan,391.3999938964844,0.0,0.0,1257.699951171875,nan,nan,nan,65536.0
2026-09-12T04:12:00.000+08:00,0.0,20.189010620117188,17.111328125,0.0,nan,391.1000061035156,0.0,0.0,1257.699951171875,nan,nan,nan,65536.0
2026-09-12T04:13:00.000+08:00,0.0,20.203372955322266,17.02783203125,0.0,nan,391.29998779296875,0.0,0.0,1257.699951171875,nan,nan,nan,65536.0
2026-09-12T04:14:00.000+08:00,0.0,20.228900909423828,17.08349609375,0.0,nan,391.6000061035156,0.0,0.0,1257.699951171875,nan,nan,nan,65536.0
2026-09-12T04:15:00.000+08:00,0.0,20.214008331298828,17.04150390625,0.0,nan,391.29998779296875,0.0,0.0,1257.699951171875,nan,nan,nan,65536.0
2026-09-12T04:16:00.000+08:00,0.0,20.128643035888672,17.16650390625,0.0,nan,391.6000061035156,0.0,0.0,1257.699951171875,nan,nan,nan,65536.0
2026-09-12T04:17:00.000+08:00,0.0,20.233963012695312,17.0556640625,0.0,nan,391.29998779296875,0.0,0.0,1257.699951171875,nan,nan,nan,65536.0
2026-09-12T04:18:00.000+08:00,0.0,20.154701232910156,17.1806640625,0.0,nan,391.5,0.0,0.0,1257.699951171875,nan,nan,nan,65536.0
2026-09-12T04:19:00.000+08:00,0.0,20.134746551513672,17.15283203125,0.0,nan,391.3999938964844,0.0,0.0,1257.699951171875,nan,nan,nan,65536.0
2026-09-12T04:20:00.000+08:00,0.0,20.138748168945312,17.1806640625,0.0,nan,391.6000061035156,0.0,0.0,1257.699951171875,nan,nan,nan,65536.0
2026-09-12T04:21:00.000+08:00,0.0,20.283428192138672,17.13916015625,0.0,nan,391.5,0.0,0.0,1257.699951171875,nan,nan,nan,65536.0
2026-09-12T04:22:00.000+08:00,0.0,20.12677764892578,17.20849609375,0.0,nan,391.5,0.0,0.0,1257.699951171875,nan,nan,nan,65536.0
2026-09-12T04:23:00.000+08:00,0.0,20.3121337890625,17.20849609375,0.0,nan,391.6000061035156,0.0,0.0,1257.699951171875,nan,nan,nan,65536.0
2026-09-12T04:24:00.000+08:00,0.0,20.32994842529297,17.22216796875,0.0,nan,392.0,0.0,0.0,1257.699951171875,nan,nan,nan,65536.0
2026-09-12T04:25:00.000+08:00,0.0,20.327556610107422,17.22216796875,0.0,nan,391.79998779296875,0.0,0.0,1257.699951171875,nan,nan,nan,65536.0
2026-09-12T04:26:00.000+08:00,0.0,20.327556610107422,17.22216796875,0.0,nan,391.79998779296875,0.0,0.0,1257.699951171875,nan,nan,nan,65536.0
2026-09-12T04:27:00.000+08:00,0.0,20.32624053955078,17.22216796875,0.0,nan,391.70001220703125,0.0,0.0,1257.699951171875,nan,nan,nan,65536.0
2026-09-12T04:28:00.000+08:00,0.0,20.25702667236328,17.31982421875,0.0,nan,392.1000061035156,0.0,0.0,1257.699951171875,nan,nan,nan,65536.0
2026-09-12T04:29:00.000+08:00,0.0,20.254417419433594,17.27783203125,0.0,nan,391.70001220703125,0.0,0.0,1257.699951171875,nan,nan,nan,65536.0
2026-09-12T04:30:00.000+08:00,0.0,20.367446899414062,17.125,0.0,nan,391.79998779296875,0.0,0.0,1257.699951171875,nan,nan,nan,65536.0
2026-09-12T04:31:00.000+08:00,0.0,20.267993927001953,17.27783203125,0.0,nan,392.0,0.0,0.0,1257.699951171875,nan,nan,nan,65536.0
2026-09-12T04:32:00.000+08:00,0.0,20.288692474365234,17.27783203125,0.0,nan,391.79998779296875,0.0,0.0,1257.699951171875,nan,nan,nan,65536.0
2026-09-12T04:33:00.000+08:00,0.0,20.298290252685547,17.33349609375,0.0,nan,391.6000061035156,0.0,0.0,1257.699951171875,nan,nan,nan,65536.0
2026-09-12T04:34:00.000+08:00,0.0,20.289772033691406,17.33349609375,0.0,nan,391.8999938964844,0.0,0.0,1257.699951171875,nan,nan,nan,65536.0
2026-09-12T04:35:00.000+08:00,0.0,20.315536499023438,17.31982421875,0.0,nan,391.6000061035156,0.0,0.0,1257.699951171875,nan,nan,nan,65536.0
2026-09-12T04:36:00.000+08:00,0.0,20.30388641357422,17.3056640625,0.0,nan,391.6000061035156,0.0,0.0,1257.699951171875,nan,nan,nan,65536.0
2026-09-12T04:37:00.000+08:00,0.0,20.322757720947266,17.361328125,0.0,nan,391.8999938964844,0.0,0.0,1257.699951171875,nan,nan,nan,65536.0
2026-09-12T04:38:00.000+08:00,0.0,20.341083526611328,17.26416015625,0.0,nan,391.8999938964844,0.0,0.0,1257.699951171875,nan,nan,nan,65536.0
2026-09-12T04:39:00.000+08:00,0.0,20.328582763671875,17.3056640625,0.0,nan,392.1000061035156,0.0,0.0,1257.699951171875,nan,nan,nan,65536.0
2026-09-12T04:40:00.000+08:00,0.0,20.35650634765625,17.361328125,0.0,nan,391.79998779296875,0.0,0.0,1257.699951171875,nan,nan,nan,65536.0
2026-09-12T04:41:00.000+08:00,0.0,20.355213165283203,17.361328125,0.0,nan,391.8999938964844,0.0,0.0,1257.699951171875,nan,nan,nan,65536.0
2026-09-12T04:42:00.000+08:00,0.0,20.262115478515625,17.47216796875,0.0,nan,391.8999938964844,0.0,0.0,1257.699951171875,nan,nan,nan,65536.0
2026-09-12T04:43:00.000+08:00,0.0,20.257587432861328,17.486328125,0.0,nan,391.5,0.0,0.0,1257.699951171875,nan,nan,nan,65536.0
2026-09-12T04:44:00.000+08:00,0.0,20.276458740234375,17.486328125,0.0,nan,391.3999938964844,0.0,0.0,1257.699951171875,nan,nan,nan,65536.0
2026-09-12T04:45:00.000+08:00,0.0,20.281715393066406,17.40283203125,0.0,nan,391.70001220703125,0.0,0.0,1257.699951171875,nan,nan,nan,65536.0
2026-09-12T04:46:00.000+08:00,0.0,20.291332244873047,17.4306640625,0.0,nan,391.70001220703125,0.0,0.0,1257.699951171875,nan,nan,nan,65536.0
2026-09-12T04:47:00.000+08:00,0.0,20.300926208496094,17.486328125,0.0,nan,391.6000061035156,0.0,0.0,1257.699951171875,nan,nan,nan,65536.0
2026-09-12T04:48:00.000+08:00,0.0,20.30471420288086,17.4169921875,0.0,nan,391.79998779296875,0.0,0.0,1257.699951171875,nan,nan,nan,65536.0
2026-09-12T04:49:00.000+08:00,0.0,20.31905746459961,17.41650390625,0.0,nan,392.0,0.0,0.0,1257.699951171875,nan,nan,nan,65536.0
2026-09-12T04:50:00.000+08:00,0.0,20.339187622070312,17.45849609375,0.0,nan,391.6000061035156,0.0,0.0,1257.699951171875,nan,nan,nan,65536.0
2026-09-12T04:51:00.000+08:00,0.0,20.32666778564453,17.4169921875,0.0,nan,391.6000061035156,0.0,0.0,1257.699951171875,nan,nan,nan,65536.0
2026-09-12T04:52:00.000+08:00,0.0,20.341896057128906,17.45849609375,0.0,nan,391.79998779296875,0.0,0.0,1257.699951171875,nan,nan,nan,65536.0
2026-09-12T04:53:00.000+08:00,0.0,20.377803802490234,17.58349609375,0.0,nan,391.6000061035156,0.0,0.0,1257.699951171875,nan,nan,nan,65536.0
2026-09-12T04:54:00.000+08:00,0.0,20.37164306640625,17.44482421875,0.0,nan,391.6000061035156,0.0,0.0,1257.699951171875,nan,nan,nan,65536.0
2026-09-12T04:55:00.000+08:00,0.0,20.403545379638672,17.611328125,0.0,nan,391.6000061035156,0.0,0.0,1257.699951171875,nan,nan,nan,65536.0
2026-09-12T04:56:00.000+08:00,0.0,20.27111053466797,17.5556640625,0.0,nan,391.6000061035156,0.0,0.0,1257.699951171875,nan,nan,nan,65536.0
2026-09-12T04:57:00.000+08:00,0.0,20.408077239990234,17.5556640625,0.0,nan,391.70001220703125,0.0,0.0,1257.699951171875,nan,nan,nan,65536.0
2026-09-12T04:58:00.000+08:00,0.0,20.441082000732422,17.52783203125,0.0,nan,391.6000061035156,0.0,0.0,1257.699951171875,nan,nan,nan,65536.0
2026-09-12T04:59:00.000+08:00,0.0,20.420578002929688,17.59716796875,0.0,nan,391.6000061035156,0.0,0.0,1257.699951171875,nan,nan,nan,65536.0
2026-09-12T05:00:00.000+08:00,0.0,20.444515228271484,17.5556640625,0.0,nan,391.70001220703125,0.0,0.0,1257.699951171875,nan,nan,nan,65536.0
2026-09-12T05:01:00.000+08:00,0.0,20.452110290527344,17.52783203125,0.0,nan,391.5,0.0,0.0,1257.699951171875,nan,nan,nan,65536.0
2026-09-12T05:02:00.000+08:00,0.0,20.484954833984375,17.5556640625,0.0,nan,391.70001220703125,0.0,0.0,1257.699951171875,nan,nan,nan,65536.0
2026-09-12T05:03:00.000+08:00,0.0,20.492374420166016,17.51416015625,0.0,nan,391.8999938964844,0.0,0.0,1257.699951171875,nan,nan,nan,65536.0
2026-09-12T05:04:00.000+08:00,0.0,20.46900177001953,17.52783203125,0.0,nan,391.79998779296875,0.0,0.0,1257.699951171875,nan,nan,nan,65536.0
2026-09-12T05:05:00.000+08:00,0.0,20.486602783203125,17.52783203125,0.0,nan,391.5,0.0,0.0,1257.699951171875,nan,nan,nan,65536.0
2026-09-12T05:06:00.000+08:00,0.0,20.38098907470703,17.736328125,0.0,nan,391.6000061035156,0.0,0.0,1257.699951171875,nan,nan,nan,65536.0
2026-09-12T05:07:00.000+08:00,0.0,20.484954833984375,17.54150390625,0.0,nan,391.5,0.0,0.0,1257.699951171875,nan,nan,nan,65536.0
2026-09-12T05:08:00.000+08:00,0.0,20.381145477294922,17.65283203125,0.0,nan,391.3999938964844,0.0,0.0,1257.699951171875,nan,nan,nan,65536.0
2026-09-12T05:09:00.000+08:00,0.0,20.392959594726562,17.63916015625,0.0,nan,391.6000061035156,0.0,0.0,1257.699951171875,nan,nan,nan,65536.0
2026-09-12T05:10:00.000+08:00,0.0,20.421977996826172,17.66650390625,0.0,nan,391.6000061035156,0.0,0.0,1257.699951171875,nan,nan,nan,65536.0
2026-09-12T05:11:00.000+08:00,0.0,20.417034149169922,17.625,0.0,nan,391.8999938964844,0.0,0.0,1257.699951171875,nan,nan,nan,65536.0
2026-09-12T05:12:00.000+08:00,0.0,20.438617706298828,17.70849609375,0.0,nan,391.20001220703125,0.0,0.0,1257.699951171875,nan,nan,nan,65536.0
2026-09-12T05:13:00.000+08:00,0.0,20.434635162353516,17.625,0.0,nan,390.8999938964844,0.0,0.0,1257.699951171875,nan,nan,nan,65536.0
2026-09-12T05:14:00.000+08:00,0.0,20.453353881835938,17.625,0.0,nan,390.79998779296875,0.0,0.0,1257.699951171875,nan,nan,nan,65536.0
2026-09-12T05:15:00.000+08:00,0.0,20.463790893554688,17.65283203125,0.0,nan,391.1000061035156,0.0,0.0,1257.699951171875,nan,nan,nan,65536.0
2026-09-12T05:16:00.000+08:00,0.0,20.495010375976562,17.69482421875,0.0,nan,390.70001220703125,0.0,0.0,1257.699951171875,nan,nan,nan,65536.0
2026-09-12T05:17:00.000+08:00,0.0,20.48139190673828,17.69482421875,0.0,nan,391.5,0.0,0.0,1257.699951171875,nan,nan,nan,65536.0
2026-09-12T05:18:00.000+08:00,0.0,20.37646484375,17.72216796875,0.0,nan,390.5,0.0,0.0,1257.699951171875,nan,nan,nan,65536.0
2026-09-12T05:19:00.000+08:00,0.0,20.49722671508789,17.736328125,0.0,nan,390.8999938964844,0.0,0.0,1257.699951171875,nan,nan,nan,65536.0
2026-09-12T05:20:00.000+08:00,0.0,20.499561309814453,17.8056640625,0.0,nan,390.6000061035156,0.0,0.0,1257.699951171875,nan,nan,nan,65536.0
2026-09-12T05:21:00.000+08:00,0.0,20.381431579589844,17.76416015625,0.0,nan,390.79998779296875,0.0,0.0,1257.699951171875,nan,nan,nan,65536.0
2026-09-12T05:22:00.000+08:00,0.0,20.407703399658203,17.79150390625,0.0,nan,390.70001220703125,0.0,0.0,1257.699951171875,nan,nan,nan,65536.0
2026-09-12T05:23:00.000+08:00,0.0,20.416217803955078,17.79150390625,0.0,nan,390.8999938964844,0.0,0.0,1257.699951171875,nan,nan,nan,65536.0
2026-09-12T05:24:00.000+08:00,0.0,20.57247543334961,17.83349609375,0.0,nan,390.0,0.0,0.0,1257.699951171875,nan,nan,nan,65536.0
2026-09-12T05:25:00.000+08:00,0.0,20.568588256835938,17.7919921875,0.0,nan,390.1000061035156,0.0,0.0,1257.699951171875,nan,nan,nan,65536.0
2026-09-12T05:26:00.000+08:00,0.0,20.434391021728516,17.84716796875,0.0,nan,390.70001220703125,0.0,0.0,1257.699951171875,nan,nan,nan,65536.0
2026-09-12T05:27:00.000+08:00,0.0,20.562271118164062,17.8056640625,0.0,nan,390.79998779296875,0.0,0.0,1257.699951171875,nan,nan,nan,65536.0
2026-09-12T05:28:00.000+08:00,0.0,20.57025909423828,17.76416015625,0.0,nan,390.79998779296875,0.0,0.0,1257.699951171875,nan,nan,nan,65536.0
2026-09-12T05:29:00.000+08:00,0.0,20.570690155029297,17.75,0.0,nan,390.6000061035156,0.0,0.0,1257.699951171875,nan,nan,nan,65536.0
2026-09-12T05:30:00.000+08:00,0.0,20.607810974121094,17.84716796875,0.0,nan,391.1000061035156,0.0,0.0,1257.699951171875,nan,nan,nan,65536.0
2026-09-12T05:31:00.000+08:00,0.0,20.601612091064453,17.77783203125,0.0,nan,390.5,0.0,0.0,1257.699951171875,nan,nan,nan,65536.0
2026-09-12T05:32:00.000+08:00,0.0,20.611248016357422,17.81982421875,0.0,nan,391.6000061035156,0.0,0.0,1257.699951171875,nan,nan,nan,65536.0
2026-09-12T05:33:00.000+08:00,0.0,20.610126495361328,17.861328125,0.0,nan,391.3999938964844,0.0,0.0,1257.699951171875,nan,nan,nan,65536.0
2026-09-12T05:34:00.000+08:00,0.0,20.52446746826172,17.875,0.0,nan,391.20001220703125,0.0,0.0,1257.699951171875,nan,nan,nan,65536.0
2026-09-12T05:35:00.000+08:00,0.0,20.50906753540039,17.875,0.0,nan,391.79998779296875,0.0,0.0,1257.699951171875,nan,nan,nan,65536.0
2026-09-12T05:36:00.000+08:00,0.0,20.520465850830078,17.9306640625,0.0,nan,391.0,0.0,0.0,1257.699951171875,nan,nan,nan,65536.0
2026-09-12T05:37:00.000+08:00,0.0,20.52334976196289,17.97216796875,0.0,nan,391.5,0.0,0.0,1257.699951171875,nan,nan,nan,65536.0
2026-09-12T05:38:00.000+08:00,0.0,20.5330810546875,17.90283203125,0.0,nan,391.3999938964844,0.0,0.0,1257.699951171875,nan,nan,nan,65536.0
2026-09-12T05:39:00.000+08:00,0.0,20.54616928100586,17.875,0.0,nan,391.20001220703125,0.0,0.0,1257.699951171875,nan,nan,nan,65536.0
2026-09-12T05:40:00.000+08:00,0.0,20.562023162841797,17.9306640625,0.0,nan,390.8999938964844,0.0,0.0,1257.699951171875,nan,nan,nan,65536.0
2026-09-12T05:41:00.000+08:00,0.0,20.57232666015625,17.91650390625,0.0,nan,390.8999938964844,0.0,0.0,1257.699951171875,nan,nan,nan,65536.0
2026-09-12T05:42:00.000+08:00,0.0,20.58541488647461,17.91650390625,0.0,nan,390.1000061035156,0.0,0.0,1257.699951171875,nan,nan,nan,65536.0
2026-09-12T05:43:00.000+08:00,0.0,20.607105255126953,17.875,0.0,nan,391.20001220703125,0.0,0.0,1257.699951171875,nan,nan,nan,65536.0
2026-09-12T05:44:00.000+08:00,0.0,20.5933837890625,17.97216796875,0.0,nan,391.1000061035156,0.0,0.0,1257.699951171875,nan,nan,nan,65536.0
2026-09-12T05:45:00.000+08:00,0.0,20.60647964477539,17.986328125,0.0,nan,391.1000061035156,0.0,0.0,1257.699951171875,nan,nan,nan,65536.0
2026-09-12T05:46:00.000+08:00,0.0,20.60767364501953,17.97216796875,0.0,nan,391.3999938964844,0.0,0.0,1257.699951171875,nan,nan,nan,65536.0
2026-09-12T05:47:00.000+08:00,0.0,20.617958068847656,17.88916015625,0.0,nan,391.1000061035156,0.0,0.0,1257.699951171875,nan,nan,nan,65536.0
2026-09-12T05:48:00.000+08:00,0.0,20.621883392333984,17.90283203125,0.0,nan,391.70001220703125,0.0,0.0,1257.699951171875,nan,nan,nan,65536.0
2026-09-12T05:49:00.000+08:00,0.0,20.521381378173828,18.04150390625,0.0,nan,391.5,0.0,0.0,1257.699951171875,nan,nan,nan,65536.0
2026-09-12T05:50:00.000+08:00,0.0,20.624752044677734,18.0,0.0,nan,391.3999938964844,0.0,0.0,1257.699951171875,nan,nan,nan,65536.0
2026-09-12T05:51:00.000+08:00,0.0,20.506540298461914,18.01416015625,0.0,nan,391.6000061035156,0.0,0.0,1257.699951171875,nan,nan,nan,65536.0
2026-09-12T05:52:00.000+08:00,0.0,20.526485443115234,18.09716796875,0.0,nan,391.70001220703125,0.0,0.0,1257.699951171875,nan,nan,nan,65536.0
2026-09-12T05:53:00.000+08:00,0.0,20.555614471435547,18.01416015625,0.0,nan,391.6000061035156,0.0,0.0,1257.699951171875,nan,nan,nan,65536.0
2026-09-12T05:54:00.000+08:00,0.0,20.528858184814453,18.02783203125,0.0,nan,391.79998779296875,0.0,0.0,1257.699951171875,nan,nan,nan,65536.0
2026-09-12T05:55:00.000+08:00,0.0,20.553865432739258,18.111328125,0.0,nan,391.6000061035156,0.0,0.0,1257.699951171875,nan,nan,nan,65536.0
2026-09-12T05:56:00.000+08:00,0.0,20.556732177734375,18.0556640625,0.0,nan,391.6000061035156,0.0,0.0,1257.699951171875,nan,nan,nan,65536.0
2026-09-12T05:57:00.000+08:00,0.0,20.580110549926758,18.09716796875,0.0,nan,391.5,0.0,0.0,1257.699951171875,nan,nan,nan,65536.0
2026-09-12T05:58:00.000+08:00,0.0,20.592082977294922,18.02783203125,0.0,nan,390.8999938964844,0.0,0.0,1257.699951171875,nan,nan,nan,65536.0
2026-09-12T05:59:00.000+08:00,0.0,20.609790802001953,18.02783203125,0.0,nan,390.8999938964844,0.0,0.0,1257.699951171875,nan,nan,nan,65536.0
2026-09-12T06:00:00.000+08:00,0.0,20.601762771606445,18.0556640625,0.0,nan,391.0,0.0,0.0,1257.699951171875,nan,nan,nan,65536.0
2026-09-12T06:01:00.000+08:00,0.0,20.6063175201416,18.04150390625,0.0,nan,390.70001220703125,0.0,0.0,1257.699951171875,nan,nan,nan,65536.0
2026-09-12T06:02:00.000+08:00,0.0,20.594343185424805,18.02783203125,0.0,nan,390.5,0.0,0.0,1257.699951171875,nan,nan,nan,65536.0
2026-09-12T06:03:00.000+08:00,0.0,20.74900245666504,18.111328125,0.0,nan,390.3999938964844,0.0,0.0,1257.699951171875,nan,nan,nan,65536.0
2026-09-12T06:04:00.000+08:00,0.0,20.6165828704834,18.111328125,0.0,nan,390.29998779296875,0.0,0.0,1257.699951171875,nan,nan,nan,65536.0
2026-09-12T06:05:00.000+08:00,0.0,20.634897232055664,18.16650390625,0.0,nan,390.20001220703125,0.0,0.0,1257.699951171875,nan,nan,nan,65536.0
2026-09-12T06:06:00.000+08:00,0.0,20.65422821044922,18.1806640625,0.0,nan,389.8999938964844,0.0,0.0,1257.699951171875,nan,nan,nan,65536.0
2026-09-12T06:07:00.000+08:00,0.0,20.652503967285156,18.19482421875,0.0,nan,390.29998779296875,0.0,0.0,1257.699951171875,nan,nan,nan,65536.0
2026-09-12T06:08:00.000+08:00,0.0,20.714649200439453,18.19482421875,0.0,nan,390.20001220703125,0.0,0.0,1257.699951171875,nan,nan,nan,65536.0
2026-09-12T06:09:00.000+08:00,0.0,20.682161331176758,18.22216796875,0.0,nan,390.1000061035156,0.0,0.0,1257.699951171875,nan,nan,nan,65536.0
2026-09-12T06:10:00.000+08:00,0.0,20.703813552856445,18.125,0.0,nan,390.1000061035156,0.0,0.0,1257.699951171875,nan,nan,nan,65536.0
2026-09-12T06:11:00.000+08:00,0.0,20.6530704498291,18.15283203125,0.0,nan,390.3999938964844,0.0,0.0,1257.699951171875,nan,nan,nan,65536.0
2026-09-12T06:12:00.000+08:00,0.0,20.686126708984375,18.15283203125,0.0,nan,390.79998779296875,0.0,0.0,1257.699951171875,nan,nan,nan,65536.0
2026-09-12T06:13:00.000+08:00,0.0,20.722599029541016,18.125,0.0,nan,390.1000061035156,0.0,0.0,1257.699951171875,nan,nan,nan,65536.0
2026-09-12T06:14:00.000+08:00,0.0,20.714649200439453,18.125,0.0,nan,390.29998779296875,0.0,0.0,1257.699951171875,nan,nan,nan,65536.0
2026-09-12T06:15:00.000+08:00,0.0,20.707265853881836,18.20849609375,0.0,nan,390.8999938964844,0.0,0.0,1257.699951171875,nan,nan,nan,65536.0
2026-09-12T06:16:00.000+08:00,0.0,20.63410758972168,18.29150390625,0.0,nan,390.3999938964844,0.0,0.0,1257.699951171875,nan,nan,nan,65536.0
2026-09-12T06:17:00.000+08:00,0.0,20.745426177978516,18.125,0.0,nan,390.79998779296875,0.0,0.0,1257.699951171875,nan,nan,nan,65536.0
2026-09-12T06:18:00.000+08:00,0.0,20.73402214050293,18.19482421875,0.0,nan,391.0,0.0,0.0,1257.699951171875,nan,nan,nan,65536.0
2026-09-12T06:19:00.000+08:00,0.0,20.636383056640625,18.34716796875,0.0,nan,390.5,0.0,0.0,1257.699951171875,nan,nan,nan,65536.0
2026-09-12T06:20:00.000+08:00,0.0,20.662609100341797,18.29150390625,0.0,nan,390.3999938964844,0.0,0.0,1257.699951171875,nan,nan,nan,65536.0
2026-09-12T06:21:00.000+08:00,0.0,20.656898498535156,18.26416015625,0.0,nan,390.6000061035156,0.0,0.0,1257.699951171875,nan,nan,nan,65536.0
2026-09-12T06:22:00.000+08:00,0.0,20.634658813476562,18.3056640625,0.0,nan,390.3999938964844,0.0,0.0,1257.699951171875,nan,nan,nan,65536.0
2026-09-12T06:23:00.000+08:00,0.0,20.7093448638916,18.3056640625,0.0,nan,390.3999938964844,0.0,0.0,1257.699951171875,nan,nan,nan,65536.0
2026-09-12T06:24:00.000+08:00,0.0,20.686555862426758,18.25,0.0,nan,390.79998779296875,0.0,0.0,1257.699951171875,nan,nan,nan,65536.0
2026-09-12T06:25:00.000+08:00,0.0,20.7230281829834,18.34716796875,0.0,nan,391.1000061035156,0.0,0.0,1257.699951171875,nan,nan,nan,65536.0
2026-09-12T06:26:00.000+08:00,0.0,20.684829711914062,18.27783203125,0.0,nan,390.5,0.0,0.0,1257.699951171875,nan,nan,nan,65536.0
2026-09-12T06:27:00.000+08:00,0.0,20.70365333557129,18.33349609375,0.0,nan,390.20001220703125,0.0,0.0,1257.699951171875,nan,nan,nan,65536.0
2026-09-12T06:28:00.000+08:00,0.0,20.70365333557129,18.33349609375,0.0,nan,390.1000061035156,0.0,0.0,1257.699951171875,nan,nan,nan,65536.0
2026-09-12T06:29:00.000+08:00,0.0,20.725872039794922,18.27783203125,0.0,nan,390.20001220703125,0.0,0.0,1257.699951171875,nan,nan,nan,65536.0
2026-09-12T06:30:00.000+08:00,0.0,20.701946258544922,18.31982421875,0.0,nan,390.6000061035156,0.0,0.0,1257.699951171875,nan,nan,nan,65536.0
2026-09-12T06:31:00.000+08:00,0.0,20.73613739013672,18.34716796875,0.0,nan,390.29998779296875,0.0,0.0,1257.699951171875,nan,nan,nan,65536.0
2026-09-12T06:32:00.000+08:00,0.0,20.630512237548828,18.486328125,0.0,nan,390.6000061035156,0.0,0.0,1257.699951171875,nan,nan,nan,65536.0
2026-09-12T06:33:00.000+08:00,0.0,20.72873878479004,18.27783203125,0.0,nan,390.20001220703125,0.0,0.0,1257.699951171875,nan,nan,nan,65536.0
2026-09-12T06:34:00.000+08:00,0.0,20.64706039428711,18.47216796875,0.0,nan,390.5,0.0,0.0,1257.699951171875,nan,nan,nan,65536.0
2026-09-12T06:35:00.000+08:00,0.0,20.632221221923828,18.375,0.0,nan,390.3999938964844,0.0,0.0,1257.699951171875,nan,nan,nan,65536.0
2026-09-12T06:36:00.000+08:00,0.0,20.740692138671875,18.34716796875,0.0,nan,390.79998779296875,0.0,0.0,1257.699951171875,nan,nan,nan,65536.0
2026-09-12T06:37:00.000+08:00,0.0,20.74752426147461,18.27783203125,0.0,nan,390.8999938964844,0.0,0.0,1257.699951171875,nan,nan,nan,65536.0
2026-09-12T06:38:00.000+08:00,0.0,20.628803253173828,18.31982421875,0.0,nan,390.5,0.0,0.0,1257.699951171875,nan,nan,nan,65536.0
2026-09-12T06:39:00.000+08:00,0.0,20.778303146362305,18.41650390625,0.0,nan,390.3999938964844,0.0,0.0,1257.699951171875,nan,nan,nan,65536.0
2026-09-12T06:40:00.000+08:00,0.0,20.68694496154785,18.47216796875,0.0,nan,390.29998779296875,0.0,0.0,1257.699951171875,nan,nan,nan,65536.0
2026-09-12T06:41:00.000+08:00,0.0,20.700056076049805,18.375,0.0,nan,390.3999938964844,0.0,0.0,1257.699951171875,nan,nan,nan,65536.0
2026-09-12T06:42:00.000+08:00,0.0,20.681821823120117,18.44482421875,0.0,nan,390.6000061035156,0.0,0.0,1257.699951171875,nan,nan,nan,65536.0
2026-09-12T06:43:00.000+08:00,0.0,20.864961624145508,18.38916015625,0.0,nan,390.70001220703125,0.0,0.0,1257.699951171875,nan,nan,nan,65536.0
2026-09-12T06:44:00.000+08:00,0.0,20.681821823120117,18.41650390625,0.0,nan,390.70001220703125,0.0,0.0,1257.699951171875,nan,nan,nan,65536.0
2026-09-12T06:45:00.000+08:00,0.0,20.826196670532227,18.4306640625,0.0,nan,390.5,0.0,0.0,1257.699951171875,nan,nan,nan,65536.0
2026-09-12T06:46:00.000+08:00,0.0,20.8507137298584,18.44482421875,0.0,nan,390.5,0.0,0.0,1257.699951171875,nan,nan,nan,65536.0
2026-09-12T06:47:00.000+08:00,0.0,20.743398666381836,18.375,0.0,nan,390.3999938964844,0.0,0.0,1257.699951171875,nan,nan,nan,65536.0
2026-09-12T06:48:00.000+08:00,0.0,20.864961624145508,18.375,0.0,nan,390.1000061035156,0.0,0.0,1257.699951171875,nan,nan,nan,65536.0
2026-09-12T06:49:00.000+08:00,0.0,20.7581787109375,18.51416015625,0.0,nan,389.79998779296875,0.0,0.0,1257.699951171875,nan,nan,nan,65536.0
2026-09-12T06:50:00.000+08:00,0.0,20.853557586669922,18.4306640625,0.0,nan,389.70001220703125,0.0,0.0,1257.699951171875,nan,nan,nan,65536.0
2026-09-12T06:51:00.000+08:00,0.0,20.7587890625,18.5556640625,0.0,nan,389.70001220703125,0.0,0.0,1257.699951171875,nan,nan,nan,65536.0
2026-09-12T06:52:00.000+08:00,0.0,20.867219924926758,18.45849609375,0.0,nan,389.8999938964844,0.0,0.0,1257.699951171875,nan,nan,nan,65536.0
2026-09-12T06:53:00.000+08:00,0.0,20.846158981323242,18.45849609375,0.0,nan,389.79998779296875,0.0,0.0,1257.699951171875,nan,nan,nan,65536.0
2026-09-12T06:54:00.000+08:00,0.0,20.81802749633789,18.56982421875,0.0,nan,389.5,0.0,0.0,1257.699951171875,nan,nan,nan,65536.0
2026-09-12T06:55:00.000+08:00,0.0,20.754234313964844,18.59716796875,0.0,nan,389.6000061035156,0.0,0.0,1257.699951171875,nan,nan,nan,65536.0
2026-09-12T06:56:00.000+08:00,0.0,20.817440032958984,18.58349609375,0.0,nan,390.5,0.0,0.0,1257.699951171875,nan,nan,nan,65536.0
2026-09-12T06:57:00.000+08:00,0.0,20.84370231628418,18.58349609375,0.0,nan,390.3999938964844,0.0,0.0,1257.699951171875,nan,nan,nan,65536.0
2026-09-12T06:58:00.000+08:00,0.0,20.799753189086914,18.5,0.0,nan,390.70001220703125,0.0,0.0,1257.699951171875,nan,nan,nan,65536.0
2026-09-12T06:59:00.000+08:00,0.0,20.8140811920166,18.56982421875,0.0,nan,390.20001220703125,0.0,0.0,1257.699951171875,nan,nan,nan,65536.0
2026-09-12T07:00:00.000+08:00,0.0,20.8185977935791,18.59716796875,0.0,nan,390.29998779296875,0.0,0.0,1257.699951171875,nan,nan,nan,65536.0
2026-09-12T07:01:00.000+08:00,0.0,20.854578018188477,18.56982421875,0.0,nan,390.1000061035156,0.0,0.0,1257.699951171875,nan,nan,nan,65536.0
2026-09-12T07:02:00.000+08:00,0.0,20.82542610168457,18.5,0.0,nan,389.8999938964844,0.0,0.0,1257.699951171875,nan,nan,nan,65536.0
2026-09-12T07:03:00.000+08:00,0.0,20.846529006958008,18.59716796875,0.0,nan,390.20001220703125,0.0,0.0,1257.699951171875,nan,nan,nan,65536.0
2026-09-12T07:04:00.000+08:00,0.0,20.873872756958008,18.59716796875,0.0,nan,389.8999938964844,0.0,0.0,1257.699951171875,nan,nan,nan,65536.0
2026-09-12T07:05:00.000+08:00,0.0,20.769990921020508,18.66650390625,0.0,nan,388.8999938964844,0.0,0.0,1257.699951171875,nan,nan,nan,65536.0
2026-09-12T07:06:00.000+08:00,0.0,20.85618782043457,18.5556640625,0.0,nan,389.1000061035156,0.0,0.0,1257.699951171875,nan,nan,nan,65536.0
2026-09-12T07:07:00.000+08:00,0.0,20.771150588989258,18.69482421875,0.0,nan,388.8999938964844,0.0,0.0,1257.699951171875,nan,nan,nan,65536.0
2026-09-12T07:08:00.000+08:00,0.0,20.871614456176758,18.52783203125,0.0,nan,388.8999938964844,0.0,0.0,1257.699951171875,nan,nan,nan,65536.0
2026-09-12T07:09:00.000+08:00,0.0,20.87059211730957,18.58349609375,0.0,nan,389.1000061035156,0.0,0.0,1257.699951171875,nan,nan,nan,65536.0
2026-09-12T07:10:00.000+08:00,0.0,20.77397918701172,18.65283203125,0.0,nan,389.1000061035156,0.0,0.0,1257.699951171875,nan,nan,nan,65536.0
2026-09-12T07:11:00.000+08:00,0.0,20.766637802124023,18.72216796875,0.0,nan,389.79998779296875,0.0,0.0,1257.699951171875,nan,nan,nan,65536.0
2026-09-12T07:12:00.000+08:00,0.0,20.758588790893555,18.63916015625,0.0,nan,389.79998779296875,0.0,0.0,1257.699951171875,nan,nan,nan,65536.0
2026-09-12T07:13:00.000+08:00,0.0,20.7802791595459,18.72216796875,0.0,nan,390.1000061035156,0.0,0.0,1257.699951171875,nan,nan,nan,65536.0
2026-09-12T07:14:00.000+08:00,0.0,20.779708862304688,18.6806640625,0.0,nan,389.70001220703125,0.0,0.0,1257.699951171875,nan,nan,nan,65536.0
2026-09-12T07:15:00.000+08:00,0.0,20.804813385009766,18.6806640625,0.0,nan,389.6000061035156,0.0,0.0,1257.699951171875,nan,nan,nan,65536.0
2026-09-12T07:16:00.000+08:00,0.0,20.834396362304688,18.70849609375,0.0,nan,389.6000061035156,0.0,0.0,1257.699951171875,nan,nan,nan,65536.0
2026-09-12T07:17:00.000+08:00,0.0,20.808799743652344,18.70849609375,0.0,nan,389.70001220703125,0.0,0.0,1257.699951171875,nan,nan,nan,65536.0
2026-09-12T07:18:00.000+08:00,0.0,20.818437576293945,18.65283203125,0.0,nan,389.3999938964844,0.0,0.0,1257.699951171875,nan,nan,nan,65536.0
2026-09-12T07:19:00.000+08:00,0.0,20.81568717956543,18.66650390625,0.0,nan,389.3999938964844,0.0,0.0,1257.699951171875,nan,nan,nan,65536.0
2026-09-12T07:20:00.000+08:00,0.0,20.8287410736084,18.65283203125,0.0,nan,389.5,0.0,0.0,1257.699951171875,nan,nan,nan,65536.0
2026-09-12T07:21:00.000+08:00,0.0,20.82709503173828,18.69482421875,0.0,nan,389.1000061035156,0.0,0.0,1257.699951171875,nan,nan,nan,65536.0
2026-09-12T07:22:00.000+08:00,0.0,20.76584815979004,18.81982421875,0.0,nan,389.70001220703125,0.0,0.0,1257.699951171875,nan,nan,nan,65536.0
2026-09-12T07:23:00.000+08:00,0.0,20.990154266357422,18.65283203125,0.0,nan,389.3999938964844,0.0,0.0,1257.699951171875,nan,nan,nan,65536.0
2026-09-12T07:24:00.000+08:00,0.0,20.75397300720215,18.84716796875,0.0,nan,389.3999938964844,0.0,0.0,1257.699951171875,nan,nan,nan,65536.0
2026-09-12T07:25:00.000+08:00,0.0,20.87946128845215,18.81982421875,0.0,nan,389.3999938964844,0.0,0.0,1257.699951171875,nan,nan,nan,65536.0
2026-09-12T07:26:00.000+08:00,0.0,20.88452911376953,18.76416015625,0.0,nan,389.3999938964844,0.0,0.0,1257.699951171875,nan,nan,nan,65536.0
2026-09-12T07:27:00.000+08:00,0.0,20.878284454345703,18.75,0.0,nan,389.3999938964844,0.0,0.0,1257.699951171875,nan,nan,nan,65536.0
2026-09-12T07:28:00.000+08:00,0.0,20.911968231201172,18.76416015625,0.0,nan,389.70001220703125,0.0,0.0,1257.699951171875,nan,nan,nan,65536.0
2026-09-12T07:29:00.000+08:00,0.0,20.90680694580078,18.77783203125,0.0,nan,389.5,0.0,0.0,1257.699951171875,nan,nan,nan,65536.0
2026-09-12T07:30:00.000+08:00,0.0,20.923450469970703,18.77783203125,0.0,nan,390.20001220703125,0.0,0.0,1257.699951171875,nan,nan,nan,65536.0
2026-09-12T07:31:00.000+08:00,0.0,20.902231216430664,18.861328125,0.0,nan,390.5,0.0,0.0,1257.699951171875,nan,nan,nan,65536.0
2026-09-12T07:32:00.000+08:00,0.0,20.93132209777832,18.861328125,0.0,nan,390.5,0.0,0.0,1257.699951171875,nan,nan,nan,65536.0
2026-09-12T07:33:00.000+08:00,0.0,20.899993896484375,18.81982421875,0.0,nan,390.79998779296875,0.0,0.0,1257.699951171875,nan,nan,nan,65536.0
2026-09-12T07:34:00.000+08:00,0.0,20.98966407775879,18.66650390625,0.0,nan,391.1000061035156,0.0,0.0,1257.699951171875,nan,nan,nan,65536.0
2026-09-12T07:35:00.000+08:00,0.0,20.948457717895508,18.76416015625,0.0,nan,390.79998779296875,0.0,0.0,1257.699951171875,nan,nan,nan,65536.0
2026-09-12T07:36:00.000+08:00,0.0,20.971229553222656,18.79150390625,0.0,nan,390.79998779296875,0.0,0.0,1257.699951171875,nan,nan,nan,65536.0
2026-09-12T07:37:00.000+08:00,0.0,20.92394256591797,18.84716796875,0.0,nan,390.79998779296875,0.0,0.0,1257.699951171875,nan,nan,nan,65536.0
2026-09-12T07:38:00.000+08:00,0.0,20.9449462890625,18.7919921875,0.0,nan,390.3999938964844,0.0,0.0,1257.699951171875,nan,nan,nan,65536.0
2026-09-12T07:39:00.000+08:00,0.0,20.941410064697266,18.97216796875,0.0,nan,390.70001220703125,0.0,0.0,1257.699951171875,nan,nan,nan,65536.0
2026-09-12T07:40:00.000+08:00,0.0,20.9051570892334,18.75,0.0,nan,390.79998779296875,0.0,0.0,1257.699951171875,nan,nan,nan,65536.0
2026-09-12T07:41:00.000+08:00,0.0,20.904569625854492,18.84716796875,0.0,nan,390.20001220703125,1.871000051498413,1.0740000009536743,1257.699951171875,nan,nan,nan,65536.0
2026-09-12T07:42:00.000+08:00,0.0,20.953031539916992,18.76416015625,0.0,nan,390.0,1.899999976158142,1.065000057220459,1257.800048828125,nan,nan,nan,65536.0
2026-09-12T07:43:00.000+08:00,0.0,20.955150604248047,18.986328125,0.0, +inf,389.79998779296875,1.906999945640564,1.0679999589920044,1257.800048828125,nan,nan,nan,65536.0
2026-09-12T07:44:00.000+08:00,0.0,21.632125854492188,15.4931640625,0.0, +inf,389.29998779296875,1.9119999408721924,1.0679999589920044,1257.800048828125,520.3125,1.990625023841858,1.057684063911438,1307.0
2026-09-12T07:45:00.000+08:00,0.0,22.00342559814453,11.15283203125,0.0, +inf,389.8999938964844,1.875,1.0709999799728394,1257.800048828125,523.828125,2.0289063453674316,1.0644131898880005,1307.0
2026-09-12T07:46:00.000+08:00,16.73160171508789,21.997291564941406,10.382080078125,1.4624367952346802,0.7343907356262207,390.29998779296875,1.8760000467300415,1.0800000429153442,1257.800048828125,523.828125,2.0289063453674316,1.0627981424331665,1307.0
2026-09-12T07:47:00.000+08:00,0.0,21.8662109375,10.257080078125,0.0, +inf,390.3999938964844,1.8739999532699585,1.0770000219345093,1257.9000244140625,523.828125,1.990625023841858,1.0590298175811768,1307.0
2026-09-12T07:48:00.000+08:00,15.039650917053223,21.519760131835938,9.75,3.295285940170288,0.3277409076690674,390.29998779296875,1.8700000047683716,1.0829999446868896,1257.9000244140625,520.3125,2.0289063453674316,1.065220594406128,1308.0
2026-09-12T07:49:00.000+08:00,0.0,21.193809509277344,9.7431640625,0.0, +inf,390.29998779296875,1.8730000257492065,1.0829999446868896,1257.9000244140625,523.828125,2.0289063453674316,1.065220594406128,1308.0
2026-09-12T07:50:00.000+08:00,0.0,20.872718811035156,9.722412109375,0.0, +inf,389.70001220703125,1.8630000352859497,1.0800000429153442,1257.9000244140625,520.3125,2.0289063453674316,1.0626635551452637,1308.0
2026-09-12T07:51:00.000+08:00,15.975592613220215,20.140106201171875,9.645751953125,3.468158721923828,0.3122694492340088,390.3999938964844,1.8700000047683716,1.0800000429153442,1257.9000244140625,520.3125,2.0289063453674316,1.0685851573944092,1308.0
2026-09-12T07:52:00.000+08:00,0.0,20.062774658203125,9.71533203125,0.0, +inf,389.8999938964844,1.8609999418258667,1.0859999656677246,1257.9000244140625,520.3125,2.0289063453674316,1.066835641860962,1308.0
2026-09-12T07:53:00.000+08:00,8.7659912109375,19.426063537597656,9.6875,1.8630691766738892,0.5845193862915039,390.29998779296875,1.875,1.0829999446868896,1258.0,520.3125,2.0289063453674316,1.072353482246399,1308.0
2026-09-12T07:54:00.000+08:00,15.22057056427002,19.22998046875,9.7431640625,3.0579326152801514,0.3521987199783325,388.70001220703125,1.9010000228881836,1.0709999799728394,1258.0,520.3125,1.990625023841858,1.0562036037445068,1308.0
2026-09-12T07:55:00.000+08:00,0.0,18.78453826904297,9.736083984375,0.0, +inf,389.6000061035156,1.9160000085830688,1.0770000219345093,1258.0,520.3125,2.0289063453674316,1.0637402534484863,1308.0
2026-09-12T07:56:00.000+08:00,15.146233558654785,18.794273376464844,9.784912109375,2.841482639312744,0.37797167897224426,389.79998779296875,1.878999948501587,1.0829999446868896,1258.0,520.3125,2.0289063453674316,1.0702002048492432,1308.0
2026-09-12T07:57:00.000+08:00,0.0,18.292526245117188,9.708251953125,0.0, +inf,390.20001220703125,1.878000020980835,1.0829999446868896,1258.0,523.828125,2.0289063453674316,1.0727572441101074,1308.0
2026-09-12T07:58:00.000+08:00,15.011689186096191,17.951698303222656,9.770751953125,2.7042183876037598,0.40159478783607483,389.0,1.906000018119812,1.0770000219345093,1258.0999755859375,520.3125,2.0289063453674316,1.0645477771759033,1308.0
2026-09-12T07:59:00.000+08:00,15.176612854003906,17.89824676513672,9.888916015625,2.619823694229126,0.4156768321990967,388.5,1.9140000343322754,1.0740000009536743,1258.0999755859375,520.3125,2.0289063453674316,1.0590298175811768,1308.0
2026-09-12T08:00:00.000+08:00,14.140332221984863,17.91442108154297,9.798583984375,2.300931692123413,0.4706788957118988,389.20001220703125,1.8700000047683716,1.0800000429153442,1258.0999755859375,520.3125,2.0289063453674316,1.0699310302734375,1308.0
2026-09-12T08:01:00.000+08:00,14.480875968933105,17.818641662597656,9.8681640625,2.3448326587677,0.4618666470050812,388.70001220703125,1.8639999628067017,1.0770000219345093,1258.0999755859375,520.3125,2.0289063453674316,1.0625289678573608,1308.0
2026-09-12T08:02:00.000+08:00,14.539460182189941,17.84630584716797,9.8056640625,2.371701955795288,0.4541042745113373,388.3999938964844,1.8639999628067017,1.0829999446868896,1258.0999755859375,520.3125,2.0289063453674316,1.063201904296875,1308.0
2026-09-12T08:03:00.000+08:00,14.480243682861328,17.753761291503906,9.83349609375,2.320863962173462,0.4640513062477112,388.29998779296875,1.8580000400543213,1.0740000009536743,1258.0999755859375,520.3125,2.0289063453674316,1.0707385540008545,1308.0
2026-09-12T08:04:00.000+08:00,14.387104988098145,17.76123046875,9.736083984375,2.2348806858062744,0.48056256771087646,388.79998779296875,1.8569999933242798,1.0740000009536743,1258.199951171875,520.3125,2.0289063453674316,1.0661627054214478,1308.0
2026-09-12T08:05:00.000+08:00,14.779397010803223,17.820831298828125,9.64599609375,2.3355884552001953,0.4598412811756134,389.0,1.8619999885559082,1.0829999446868896,1258.199951171875,520.3125,2.0289063453674316,1.0625289678573608,1308.0
2026-09-12T08:06:00.000+08:00,14.63326644897461,17.71734619140625,9.611083984375,2.351938247680664,0.45919573307037354,388.6000061035156,1.8700000047683716,1.0800000429153442,1258.199951171875,520.3125,2.0289063453674316,1.0619906187057495,1308.0
2026-09-12T08:07:00.000+08:00,14.935612678527832,17.704421997070312,9.583251953125,2.3629884719848633,0.45831796526908875,388.6000061035156,1.8669999837875366,1.0829999446868896,1258.199951171875,520.3125,2.0289063453674316,1.0677777528762817,1308.0
2026-09-12T08:08:00.000+08:00,14.757469177246094,17.640701293945312,9.625,2.359611749649048,0.4628356099128723,388.29998779296875,1.8669999837875366,1.0770000219345093,1258.199951171875,520.3125,2.0289063453674316,1.0627981424331665,1308.0
2026-09-12T08:09:00.000+08:00,14.1918363571167,17.505943298339844,9.6806640625,2.258784294128418,0.47813332080841064,388.5,1.8730000257492065,1.0829999446868896,1258.300048828125,520.3125,2.0289063453674316,1.063201904296875,1308.0
2026-09-12T08:10:00.000+08:00,14.898550033569336,17.590255737304688,9.6875,2.4015696048736572,0.4509550631046295,388.1000061035156,1.8760000467300415,1.0800000429153442,1258.300048828125,520.3125,2.0289063453674316,1.0669702291488647,1308.0
2026-09-12T08:11:00.000+08:00,14.928064346313477,17.485427856445312,9.784912109375,2.3607773780822754,0.45493489503860474,388.29998779296875,1.8730000257492065,1.0859999656677246,1258.300048828125,520.3125,2.0289063453674316,1.0645477771759033,1308.0
2026-09-12T08:12:00.000+08:00,15.123897552490234,17.412429809570312,9.847412109375,2.3683881759643555,0.45473966002464294,388.20001220703125,1.8639999628067017,1.0740000009536743,1258.300048828125,520.3125,2.0289063453674316,1.064009428024292,1308.0
2026-09-12T08:13:00.000+08:00,15.550457000732422,17.408660888671875,9.909912109375,2.402292490005493,0.44832175970077515,388.1000061035156,1.8630000352859497,1.0709999799728394,1258.300048828125,520.3125,2.0289063453674316,1.0653551816940308,1308.0
2026-09-12T08:14:00.000+08:00,15.680237770080566,17.29271697998047,9.96533203125,2.408769369125366,0.4496071934700012,388.3999938964844,1.871999979019165,1.0770000219345093,1258.300048828125,520.3125,2.0289063453674316,1.0683159828186035,1308.0
2026-09-12T08:15:00.000+08:00,16.329452514648438,17.04383087158203,10.0556640625,2.4497087001800537,0.4408687353134155,388.79998779296875,1.8799999952316284,1.0829999446868896,1258.4000244140625,520.3125,2.0289063453674316,1.0683159828186035,1308.0
2026-09-12T08:16:00.000+08:00,17.28485870361328,16.813018798828125,9.916748046875,2.580935478210449,0.4172905683517456,388.79998779296875,1.8869999647140503,1.0859999656677246,1258.4000244140625,520.3125,2.0289063453674316,1.0679123401641846,1308.0
2026-09-12T08:17:00.000+08:00,16.44788360595703,16.90312957763672,9.90283203125,2.2779226303100586,0.4754331707954407,388.0,1.8839999437332153,1.0740000009536743,1258.4000244140625,520.3125,2.0289063453674316,1.0673739910125732,1308.0
2026-09-12T08:18:00.000+08:00,17.52217674255371,16.74036407470703,9.736083984375,2.401674270629883,0.450935423374176,388.29998779296875,1.8839999437332153,1.0800000429153442,1258.4000244140625,520.3125,2.0289063453674316,1.0636056661605835,1308.0
2026-09-12T08:19:00.000+08:00,20.809436798095703,16.464569091796875,9.77783203125,2.943502426147461,0.36487144231796265,388.29998779296875,1.8890000581741333,1.0800000429153442,1258.4000244140625,520.3125,2.0289063453674316,1.0661627054214478,1308.0
2026-09-12T08:20:00.000+08:00,21.08354949951172,16.408370971679688,9.701416015625,2.850656032562256,0.3788601756095886,387.1000061035156,1.8919999599456787,1.0770000219345093,1258.4000244140625,520.3125,2.0289063453674316,1.0644131898880005,1308.0
2026-09-12T08:21:00.000+08:00,18.8278751373291,16.263656616210938,9.75,2.511855125427246,0.42876675724983215,387.6000061035156,1.8869999647140503,1.0770000219345093,1258.5,520.3125,2.0289063453674316,1.0626635551452637,1308.0
2026-09-12T08:22:00.000+08:00,22.05350685119629,16.09032440185547,9.6806640625,2.8587217330932617,0.3735935389995575,387.6000061035156,1.8969999551773071,1.0800000429153442,1258.5,520.3125,2.0289063453674316,1.0594335794448853,1308.0
2026-09-12T08:23:00.000+08:00,19.058670043945312,15.917167663574219,9.6806640625,2.5417487621307373,0.42490431666374207,387.5,1.8990000486373901,1.0800000429153442,1258.5,520.3125,2.0289063453674316,1.066028118133545,1308.0
2026-09-12T08:24:00.000+08:00,20.803316116333008,16.000389099121094,9.632080078125,2.598045587539673,0.4156970977783203,388.1000061035156,1.8880000114440918,1.0740000009536743,1258.5,520.3125,2.0289063453674316,1.0606448650360107,1308.0
2026-09-12T08:25:00.000+08:00,20.855783462524414,15.597217559814453,9.694580078125,2.5934348106384277,0.41412264108657837,388.20001220703125,1.8930000066757202,1.0829999446868896,1258.5,520.3125,2.0289063453674316,1.0574148893356323,1308.0
2026-09-12T08:26:00.000+08:00,27.12348747253418,15.645660400390625,9.708251953125,3.4815151691436768,0.3102097511291504,388.29998779296875,1.8819999694824219,1.0829999446868896,1258.5999755859375,520.3125,2.0289063453674316,1.0656243562698364,1308.0
2026-09-12T08:27:00.000+08:00,22.97340965270996,15.373390197753906,9.5625,2.7078475952148438,0.39551711082458496,387.70001220703125,1.8899999856948853,1.0829999446868896,1258.5999755859375,520.3125,2.0289063453674316,1.0594335794448853,1308.0
2026-09-12T08:28:00.000+08:00,23.446468353271484,15.192852020263672,9.708251953125,2.7499947547912598,0.3938189148902893,388.1000061035156,1.902999997138977,1.0829999446868896,1258.5999755859375,520.3125,1.990625023841858,1.056876540184021,1308.0
2026-09-12T08:29:00.000+08:00,23.762645721435547,15.157600402832031,9.694580078125,2.7019999027252197,0.3985936641693115,388.0,1.9010000228881836,1.0800000429153442,1258.5999755859375,520.3125,2.0289063453674316,1.0618560314178467,1308.0
2026-09-12T08:30:00.000+08:00,25.03290367126465,15.571823120117188,9.729248046875,2.8375086784362793,0.38061559200286865,388.1000061035156,1.902999997138977,1.0770000219345093,1258.5999755859375,520.3125,2.0289063453674316,1.0656243562698364,1308.0
2026-09-12T08:31:00.000+08:00,22.667699813842773,15.279212951660156,9.701416015625,2.4263463020324707,0.4451136887073517,388.20001220703125,1.8890000581741333,1.0740000009536743,1258.5999755859375,520.3125,2.0289063453674316,1.063201904296875,1308.0
2026-09-12T08:32:00.000+08:00,22.681108474731445,15.203319549560547,9.534912109375,2.6792562007904053,0.4042166769504547,388.0,1.8910000324249268,1.0770000219345093,1258.699951171875,520.3125,2.0289063453674316,1.0626635551452637,1308.0
2026-09-12T08:33:00.000+08:00,22.878639221191406,15.499881744384766,9.576416015625,2.63802433013916,0.4082600772380829,387.70001220703125,1.8980000019073486,1.0770000219345093,1258.699951171875,520.3125,2.0289063453674316,1.0626635551452637,1308.0
2026-09-12T08:34:00.000+08:00,21.386255264282227,15.412910461425781,9.611083984375,2.435370922088623,0.4434642493724823,387.5,1.902999997138977,1.0800000429153442,1258.699951171875,520.3125,2.0289063453674316,1.057684063911438,1308.0
2026-09-12T08:35:00.000+08:00,22.897592544555664,15.551631927490234,9.583251953125,2.6578197479248047,0.4029618799686432,387.20001220703125,1.8819999694824219,1.065000057220459,1258.699951171875,520.3125,1.990625023841858,1.055261492729187,1308.0
2026-09-12T08:36:00.000+08:00,20.127470016479492,15.341278076171875,9.520751953125,2.3253753185272217,0.4618609547615051,387.5,1.8940000534057617,1.0770000219345093,1258.699951171875,520.3125,2.0289063453674316,1.0622597932815552,1308.0
2026-09-12T08:37:00.000+08:00,25.757192611694336,15.415424346923828,9.520751953125,3.075235605239868,0.34826597571372986,387.1000061035156,1.8919999599456787,1.0709999799728394,1258.800048828125,520.3125,2.0289063453674316,1.0592989921569824,1308.0
2026-09-12T08:38:00.000+08:00,24.88034439086914,15.121776580810547,9.638916015625,2.778869390487671,0.386488139629364,387.6000061035156,1.8919999599456787,1.0740000009536743,1258.800048828125,520.3125,1.990625023841858,1.0543195009231567,1308.0
2026-09-12T08:39:00.000+08:00,24.23567771911621,15.312984466552734,9.59033203125,2.785715103149414,0.38553836941719055,387.1000061035156,1.8899999856948853,1.0740000009536743,1258.800048828125,520.3125,2.0289063453674316,1.0606448650360107,1308.0
2026-09-12T08:40:00.000+08:00,27.064722061157227,15.474403381347656,9.659912109375,2.9070730209350586,0.36634787917137146,386.79998779296875,1.871999979019165,1.0709999799728394,1258.800048828125,516.796875,2.0289063453674316,1.0559344291687012,1308.0
2026-09-12T08:41:00.000+08:00,25.764039993286133,15.522895812988281,9.597412109375,2.883401393890381,0.37143632769584656,387.79998779296875,1.8849999904632568,1.0770000219345093,1258.800048828125,520.3125,2.0289063453674316,1.064816951751709,1308.0
2026-09-12T08:42:00.000+08:00,26.279666900634766,15.508899688720703,9.486083984375,2.9947450160980225,0.35762643814086914,388.0,1.8860000371932983,1.0800000429153442,1258.800048828125,520.3125,2.0289063453674316,1.064816951751709,1308.0
2026-09-12T08:43:00.000+08:00,21.432525634765625,15.71230697631836,9.507080078125,2.4876625537872314,0.43293651938438416,388.0,1.871999979019165,1.0770000219345093,1258.9000244140625,520.3125,2.0289063453674316,1.064816951751709,1308.0
2026-09-12T08:44:00.000+08:00,22.179594039916992,15.616325378417969,9.625,2.6698508262634277,0.40451696515083313,387.20001220703125,1.878000020980835,1.0770000219345093,1258.9000244140625,520.3125,2.0289063453674316,1.064009428024292,1309.0
2026-09-12T08:45:00.000+08:00,23.40347671508789,15.783504486083984,9.729248046875,2.892326831817627,0.3723645508289337,387.5,1.8760000467300415,1.0740000009536743,1258.9000244140625,520.3125,2.0289063453674316,1.0590298175811768,1309.0
2026-09-12T08:46:00.000+08:00,19.85952377319336,15.705986022949219,9.708251953125,2.359893798828125,0.4551052153110504,387.70001220703125,1.878000020980835,1.0829999446868896,1258.9000244140625,520.3125,2.0289063453674316,1.0606448650360107,1309.0
2026-09-12T08:47:00.000+08:00,24.921138763427734,15.673233032226562,9.673583984375,3.0010485649108887,0.35787492990493774,387.6000061035156,1.8830000162124634,1.0740000009536743,1258.9000244140625,520.3125,2.0289063453674316,1.0644131898880005,1309.0
2026-09-12T08:48:00.000+08:00,24.133087158203125,15.844112396240234,9.791748046875,2.8767306804656982,0.3733404576778412,387.79998779296875,1.8869999647140503,1.0829999446868896,1258.9000244140625,520.3125,2.0289063453674316,1.057684063911438,1309.0
2026-09-12T08:49:00.000+08:00,24.099702835083008,15.689727783203125,9.770751953125,2.891360282897949,0.37456417083740234,387.5,1.8680000305175781,1.0709999799728394,1259.0,520.3125,2.0289063453674316,1.0584914684295654,1309.0
2026-09-12T08:50:00.000+08:00,23.712810516357422,15.760196685791016,9.784912109375,2.8420534133911133,0.38106250762939453,387.5,1.8760000467300415,1.0770000219345093,1259.0,520.3125,2.0289063453674316,1.0602411031723022,1309.0
2026-09-12T08:51:00.000+08:00,25.37649154663086,15.614387512207031,9.701416015625,3.027120351791382,0.35380157828330994,387.70001220703125,1.8609999418258667,1.0709999799728394,1259.0,520.3125,2.0289063453674316,1.0594335794448853,1309.0
2026-09-12T08:52:00.000+08:00,22.283227920532227,15.940593719482422,9.826416015625,2.619819164276123,0.40995195508003235,388.0,1.8739999532699585,1.0770000219345093,1259.0,520.3125,2.0289063453674316,1.0636056661605835,1309.0
2026-09-12T08:53:00.000+08:00,20.356979370117188,15.571510314941406,9.729248046875,2.4066860675811768,0.44750332832336426,388.1000061035156,1.871999979019165,1.0740000009536743,1259.0,520.3125,2.0289063453674316,1.061183214187622,1309.0
2026-09-12T08:54:00.000+08:00,22.52825355529785,15.680011749267578,9.666748046875,2.7414674758911133,0.39285528659820557,388.1000061035156,1.871000051498413,1.0740000009536743,1259.0999755859375,520.3125,2.0289063453674316,1.060375690460205,1309.0
2026-09-12T08:55:00.000+08:00,24.234891891479492,15.753704071044922,9.798583984375,2.8923439979553223,0.373399555683136,388.1000061035156,1.871999979019165,1.0770000219345093,1259.0999755859375,520.3125,2.0289063453674316,1.0636056661605835,1309.0
2026-09-12T08:56:00.000+08:00,24.27373695373535,15.822956085205078,9.826416015625,2.8229429721832275,0.3815167546272278,388.0,1.8799999952316284,1.0740000009536743,1259.0999755859375,520.3125,2.0289063453674316,1.062394380569458,1309.0
2026-09-12T08:57:00.000+08:00,19.71187973022461,15.91299819946289,9.84033203125,2.2971951961517334,0.4675266742706299,388.79998779296875,1.8839999437332153,1.0829999446868896,1259.0999755859375,520.3125,2.0289063453674316,1.0641440153121948,1309.0
2026-09-12T08:58:00.000+08:00,23.40974998474121,15.977031707763672,9.84033203125,2.8839733600616455,0.3734430968761444,387.8999938964844,1.8839999437332153,1.0770000219345093,1259.0999755859375,520.3125,1.990625023841858,1.0527044534683228,1309.0
2026-09-12T08:59:00.000+08:00,22.32345199584961,15.983497619628906,9.784912109375,2.665466070175171,0.4063079357147217,388.0,1.8830000162124634,1.0770000219345093,1259.0999755859375,520.3125,2.0289063453674316,1.0626635551452637,1309.0
2026-09-12T09:00:00.000+08:00,18.59442901611328,16.006187438964844,9.833251953125,2.258286952972412,0.47558173537254333,386.20001220703125,1.8819999694824219,1.062000036239624,1259.199951171875,516.796875,1.990625023841858,1.0428799390792847,1309.0
2026-09-12T09:01:00.000+08:00,17.425268173217773,16.1766357421875,9.791748046875,2.134535551071167,0.5017485022544861,386.1000061035156,1.8760000467300415,1.062000036239624,1259.199951171875,516.796875,1.990625023841858,1.0474557876586914,1309.0
2026-09-12T09:02:00.000+08:00,18.69991111755371,16.024803161621094,9.708251953125,2.336930513381958,0.45315849781036377,386.0,1.878000020980835,1.062000036239624,1259.199951171875,516.796875,1.990625023841858,1.0498782396316528,1309.0
2026-09-12T09:03:00.000+08:00,22.52425193786621,16.200469970703125,9.75,2.821807861328125,0.376354455947876,385.29998779296875,1.8650000095367432,1.055999994277954,1259.199951171875,516.796875,1.990625023841858,1.0448986291885376,1309.0
2026-09-12T09:04:00.000+08:00,19.10679817199707,15.989387512207031,9.701416015625,2.3776068687438965,0.44792938232421875,386.1000061035156,1.8680000305175781,1.062000036239624,1259.199951171875,516.796875,2.0289063453674316,1.0520315170288086,1309.0
2026-09-12T09:05:00.000+08:00,23.56805419921875,16.061325073242188,9.826416015625,3.039271354675293,0.35041293501853943,385.79998779296875,1.8669999837875366,1.059000015258789,1259.300048828125,516.796875,1.990625023841858,1.0502820014953613,1309.0
2026-09-12T09:06:00.000+08:00,19.80840301513672,15.923843383789062,9.638916015625,2.4805099964141846,0.42813774943351746,386.29998779296875,1.8680000305175781,1.055999994277954,1259.300048828125,516.796875,1.990625023841858,1.0486669540405273,1309.0
2026-09-12T09:07:00.000+08:00,22.714628219604492,16.17047882080078,9.75,2.7710156440734863,0.38217031955718994,385.8999938964844,1.8730000257492065,1.059000015258789,1259.300048828125,516.796875,1.990625023841858,1.0478595495224,1309.0
2026-09-12T09:08:00.000+08:00,18.523204803466797,16.051010131835938,9.75,2.2644236087799072,0.46634382009506226,385.8999938964844,1.8819999694824219,1.065000057220459,1259.300048828125,516.796875,2.0289063453674316,1.0528390407562256,1309.0
2026-09-12T09:09:00.000+08:00,23.253652572631836,15.961406707763672,9.854248046875,2.9524240493774414,0.36072051525115967,386.29998779296875,1.8880000114440918,1.0679999589920044,1259.300048828125,516.796875,2.0289063453674316,1.0528390407562256,1309.0
2026-09-12T09:10:00.000+08:00,22.447505950927734,16.18517303466797,9.8056640625,2.7954816818237305,0.3798987567424774,385.70001220703125,1.871000051498413,1.055999994277954,1259.300048828125,516.796875,1.990625023841858,1.0424761772155762,1309.0
2026-09-12T09:11:00.000+08:00,18.466651916503906,16.141075134277344,9.75,2.2206945419311523,0.47417598962783813,386.0,1.875,1.065000057220459,1259.4000244140625,516.796875,1.990625023841858,1.0496090650558472,1309.0
2026-09-12T09:12:00.000+08:00,21.34499740600586,16.12469482421875,9.694580078125,2.771381139755249,0.3832024335861206,385.8999938964844,1.8739999532699585,1.065000057220459,1259.4000244140625,516.796875,1.990625023841858,1.0436874628067017,1309.0
2026-09-12T09:13:00.000+08:00,19.949804306030273,16.0657958984375,9.722412109375,2.55849027633667,0.41508856415748596,385.1000061035156,1.8559999465942383,1.0499999523162842,1259.4000244140625,516.796875,1.990625023841858,1.0412650108337402,1309.0
2026-09-12T09:14:00.000+08:00,21.366737365722656,16.09630584716797,9.784912109375,2.6773102283477783,0.39554622769355774,386.1000061035156,1.8680000305175781,1.062000036239624,1259.4000244140625,516.796875,1.990625023841858,1.0478595495224,1309.0
2026-09-12T09:15:00.000+08:00,18.074071884155273,16.041221618652344,9.77783203125,2.300259828567505,0.4629911780357361,386.3999938964844,1.8849999904632568,1.065000057220459,1259.4000244140625,516.796875,2.0289063453674316,1.0516277551651,1309.0
2026-09-12T09:16:00.000+08:00,19.00372314453125,16.130081176757812,9.757080078125,2.3704936504364014,0.44674238562583923,385.70001220703125,1.8860000371932983,1.065000057220459,1259.4000244140625,516.796875,1.990625023841858,1.0478595495224,1309.0
2026-09-12T09:17:00.000+08:00,18.73908042907715,16.232406616210938,9.694580078125,2.3330886363983154,0.45647644996643066,385.3999938964844,1.8600000143051147,1.0529999732971191,1259.5,516.796875,1.990625023841858,1.0435528755187988,1309.0
2026-09-12T09:18:00.000+08:00,19.31731414794922,16.176063537597656,9.736083984375,2.461906671524048,0.430154412984848,385.3999938964844,1.8799999952316284,1.059000015258789,1259.5,516.796875,1.990625023841858,1.045302391052246,1309.0
2026-09-12T09:19:00.000+08:00,18.897785186767578,16.058425903320312,9.7431640625,2.420314311981201,0.4363069534301758,386.6000061035156,1.8969999551773071,1.0709999799728394,1259.5,516.796875,1.990625023841858,1.0466482639312744,1309.0
2026-09-12T09:20:00.000+08:00,19.267215728759766,16.348243713378906,9.7431640625,2.440918445587158,0.43631115555763245,385.70001220703125,1.8600000143051147,1.055999994277954,1259.5,516.796875,1.990625023841858,1.0432837009429932,1309.0
2026-09-12T09:21:00.000+08:00,17.5393123626709,15.988487243652344,9.708251953125,2.1759068965911865,0.49082982540130615,385.5,1.871999979019165,1.059000015258789,1259.5,516.796875,1.990625023841858,1.0448986291885376,1309.0
2026-09-12T09:22:00.000+08:00,22.263776779174805,16.223243713378906,9.70849609375,2.914510726928711,0.3674716353416443,385.3999938964844,1.8650000095367432,1.055999994277954,1259.5999755859375,516.796875,1.990625023841858,1.0432837009429932,1309.0
2026-09-12T09:23:00.000+08:00,19.286224365234375,16.13128662109375,9.763916015625,2.377182722091675,0.4416992962360382,385.1000061035156,1.86899995803833,1.055999994277954,1259.5999755859375,516.796875,1.990625023841858,1.0435528755187988,1309.0
2026-09-12T09:24:00.000+08:00,18.46040916442871,16.1895751953125,9.722412109375,2.2957663536071777,0.45867037773132324,386.0,1.8680000305175781,1.059000015258789,1259.5999755859375,516.796875,1.990625023841858,1.0420724153518677,1309.0
2026-09-12T09:25:00.000+08:00,19.067121505737305,16.223243713378906,9.7431640625,2.4709718227386475,0.4285763204097748,385.8999938964844,1.8619999885559082,1.055999994277954,1259.5999755859375,516.796875,1.990625023841858,1.0420724153518677,1309.0
2026-09-12T09:26:00.000+08:00,19.799531936645508,16.333457946777344,9.75,2.498708486557007,0.4214177131652832,385.3999938964844,1.8619999885559082,1.055999994277954,1259.5999755859375,516.796875,1.990625023841858,1.0440912246704102,1309.0
2026-09-12T09:27:00.000+08:00,19.552732467651367,16.23845672607422,9.757080078125,2.513167381286621,0.42257434129714966,385.29998779296875,1.8600000143051147,1.055999994277954,1259.5999755859375,516.796875,1.990625023841858,1.0448986291885376,1309.0
2026-09-12T09:28:00.000+08:00,21.007675170898438,16.429061889648438,9.791748046875,2.709336757659912,0.3908705413341522,385.5,1.8639999628067017,1.055999994277954,1259.699951171875,516.796875,1.990625023841858,1.038169503211975,1309.0
2026-09-12T09:29:00.000+08:00,18.41359519958496,16.22504425048828,9.701416015625,2.3277719020843506,0.4562302827835083,385.5,1.8559999465942383,1.059000015258789,1259.699951171875,516.796875,1.990625023841858,1.0423415899276733,1309.0
2026-09-12T09:30:00.000+08:00,21.281187057495117,16.304641723632812,9.8056640625,2.7366867065429688,0.3858680725097656,385.29998779296875,1.8630000352859497,1.059000015258789,1259.699951171875,516.796875,1.990625023841858,1.0448986291885376,1309.0
2026-09-12T09:31:00.000+08:00,19.089324951171875,16.005081176757812,9.763916015625,2.4376156330108643,0.43321022391319275,385.20001220703125,1.8619999885559082,1.059000015258789,1259.699951171875,516.796875,1.990625023841858,1.0419378280639648,1309.0
2026-09-12T09:32:00.000+08:00,18.437358856201172,16.190200805664062,9.701416015625,2.4428954124450684,0.4322739243507385,385.29998779296875,1.86899995803833,1.065000057220459,1259.699951171875,516.796875,1.990625023841858,1.0423415899276733,1309.0
2026-09-12T09:33:00.000+08:00,17.784543991088867,16.288650512695312,9.854248046875,2.2139220237731934,0.47969168424606323,385.3999938964844,1.8530000448226929,1.0470000505447388,1259.699951171875,516.796875,1.990625023841858,1.0349395275115967,1309.0
2026-09-12T09:34:00.000+08:00,18.780256271362305,16.214569091796875,9.784912109375,2.397745370864868,0.43916255235671997,385.20001220703125,1.8589999675750732,1.0529999732971191,1259.800048828125,516.796875,1.990625023841858,1.039919137954712,1309.0
2026-09-12T09:35:00.000+08:00,19.846771240234375,16.208595275878906,9.666748046875,2.56210994720459,0.4109894037246704,385.20001220703125,1.8650000095367432,1.055999994277954,1259.800048828125,516.796875,1.990625023841858,1.039919137954712,1309.0
2026-09-12T09:36:00.000+08:00,19.47031593322754,16.12591552734375,9.6875,2.467344284057617,0.42799052596092224,385.79998779296875,1.8739999532699585,1.065000057220459,1259.800048828125,516.796875,1.990625023841858,1.0486669540405273,1309.0
2026-09-12T09:37:00.000+08:00,18.762781143188477,16.165695190429688,9.694580078125,2.4230504035949707,0.4345761835575104,385.5,1.8559999465942383,1.0529999732971191,1259.800048828125,516.796875,1.990625023841858,1.040726661682129,1309.0
2026-09-12T09:38:00.000+08:00,19.651695251464844,16.236709594726562,9.708251953125,2.5166711807250977,0.4231780469417572,386.0,1.8609999418258667,1.055999994277954,1259.800048828125,516.796875,1.990625023841858,1.0458407402038574,1309.0
2026-09-12T09:39:00.000+08:00,19.036666870117188,16.326622009277344,9.854248046875,2.4746270179748535,0.4291555881500244,385.3999938964844,1.8559999465942383,1.0529999732971191,1259.9000244140625,516.796875,2.0289063453674316,1.0494744777679443,1309.0
2026-09-12T09:40:00.000+08:00,19.41901206970215,16.169326782226562,9.736083984375,2.503863573074341,0.42294636368751526,385.3999938964844,1.8650000095367432,1.059000015258789,1259.9000244140625,516.796875,1.990625023841858,1.0415340662002563,1310.0
2026-09-12T09:41:00.000+08:00,19.25777244567871,16.24272918701172,9.8056640625,2.4645915031433105,0.4296858012676239,385.29998779296875,1.8739999532699585,1.0529999732971191,1259.9000244140625,516.796875,1.990625023841858,1.0387078523635864,1310.0
2026-09-12T09:42:00.000+08:00,19.051389694213867,16.22081756591797,9.694580078125,2.4157590866088867,0.4358878433704376,385.70001220703125,1.871000051498413,1.059000015258789,1259.9000244140625,516.796875,1.990625023841858,1.0486669540405273,1310.0
2026-09-12T09:43:00.000+08:00,20.025142669677734,16.214675903320312,9.71533203125,2.538623809814453,0.41479167342185974,385.70001220703125,1.8650000095367432,1.0529999732971191,1259.9000244140625,516.796875,1.990625023841858,1.0436874628067017,1310.0
2026-09-12T09:44:00.000+08:00,19.440101623535156,16.33405303955078,9.784912109375,2.4903829097747803,0.42282652854919434,386.0,1.878000020980835,1.055999994277954,1259.9000244140625,516.796875,1.990625023841858,1.0490707159042358,1310.0
2026-09-12T09:45:00.000+08:00,19.446996688842773,16.252655029296875,9.791748046875,2.541393518447876,0.4167005121707916,386.20001220703125,1.8799999952316284,1.065000057220459,1260.0,516.796875,2.0289063453674316,1.0549923181533813,1310.0
2026-09-12T09:46:00.000+08:00,18.579687118530273,16.27660369873047,9.708251953125,2.3647775650024414,0.44528502225875854,386.1000061035156,1.878000020980835,1.062000036239624,1260.0,516.796875,2.0289063453674316,1.0528390407562256,1310.0
2026-09-12T09:47:00.000+08:00,18.282093048095703,16.45600128173828,9.8056640625,2.3730037212371826,0.45006248354911804,386.0,1.8769999742507935,1.059000015258789,1260.0,516.796875,1.990625023841858,1.0490707159042358,1310.0
2026-09-12T09:48:00.000+08:00,18.361696243286133,16.199363708496094,9.71533203125,2.4060230255126953,0.44139230251312256,386.0,1.871000051498413,1.059000015258789,1260.0,516.796875,1.990625023841858,1.0412650108337402,1310.0
2026-09-12T09:49:00.000+08:00,19.923433303833008,16.167755126953125,9.673583984375,2.6249454021453857,0.40343695878982544,385.79998779296875,1.8650000095367432,1.059000015258789,1260.0,516.796875,1.990625023841858,1.047724962234497,1310.0
2026-09-12T09:50:00.000+08:00,18.887048721313477,16.33556365966797,9.604248046875,2.4202487468719482,0.4375583231449127,385.8999938964844,1.8589999675750732,1.055999994277954,1260.0,516.796875,1.990625023841858,1.0474557876586914,1310.0
2026-09-12T09:51:00.000+08:00,18.87808609008789,16.219451904296875,9.40283203125,2.4085381031036377,0.4409313499927521,385.70001220703125,1.88100004196167,1.062000036239624,1260.0999755859375,516.796875,1.990625023841858,1.0465136766433716,1310.0
2026-09-12T09:52:00.000+08:00,19.096214294433594,16.14397430419922,9.472412109375,2.5643110275268555,0.4129764437675476,385.70001220703125,1.8830000162124634,1.0679999589920044,1260.0999755859375,516.796875,1.990625023841858,1.047724962234497,1310.0
2026-09-12T09:53:00.000+08:00,18.7473201751709,16.245620727539062,9.361083984375,2.4966695308685303,0.4241650402545929,385.8999938964844,1.8650000095367432,1.0529999732971191,1260.0999755859375,516.796875,1.990625023841858,1.0403228998184204,1310.0
2026-09-12T09:54:00.000+08:00,18.988861083984375,16.310256958007812,9.319580078125,2.5175459384918213,0.4230310022830963,386.20001220703125,1.8639999628067017,1.055999994277954,1260.0999755859375,516.796875,1.990625023841858,1.0395153760910034,1310.0
2026-09-12T09:55:00.000+08:00,16.319795608520508,16.4376220703125,9.409912109375,2.177522897720337,0.4863324463367462,385.70001220703125,1.88100004196167,1.065000057220459,1260.0999755859375,516.796875,1.990625023841858,1.0457061529159546,1310.0
2026-09-12T09:56:00.000+08:00,17.272109985351562,16.43023681640625,9.472412109375,2.4005935192108154,0.44114089012145996,385.70001220703125,1.8589999675750732,1.055999994277954,1260.199951171875,516.796875,1.990625023841858,1.0403228998184204,1310.0
2026-09-12T09:57:00.000+08:00,16.725374221801758,16.424636840820312,9.451416015625,2.3438339233398438,0.4479839503765106,385.5,1.8669999837875366,1.059000015258789,1260.199951171875,516.796875,1.990625023841858,1.04691743850708,1310.0
2026-09-12T09:58:00.000+08:00,17.36680030822754,16.396934509277344,9.5556640625,2.3860743045806885,0.44508254528045654,385.5,1.8569999933242798,1.0529999732971191,1260.199951171875,516.796875,1.990625023841858,1.0373620986938477,1310.0
2026-09-12T09:59:00.000+08:00,17.5642147064209,16.352989196777344,9.458251953125,2.4564433097839355,0.4286685585975647,385.79998779296875,1.8580000400543213,1.059000015258789,1260.199951171875,516.796875,1.990625023841858,1.039919137954712,1310.0
2026-09-12T10:00:00.000+08:00,18.0202579498291,16.291656494140625,9.52783203125,2.4306952953338623,0.43567779660224915,385.5,1.8550000190734863,1.0529999732971191,1260.199951171875,516.796875,1.990625023841858,1.039111614227295,1310.0
2026-09-12T10:01:00.000+08:00,18.268112182617188,16.403709411621094,9.520751953125,2.468726396560669,0.42896610498428345,385.3999938964844,1.8509999513626099,1.0499999523162842,1260.199951171875,516.796875,1.990625023841858,1.0423415899276733,1310.0
2026-09-12T10:02:00.000+08:00,17.781579971313477,16.417831420898438,9.541748046875,2.3825550079345703,0.44699913263320923,385.29998779296875,1.8559999465942383,1.055999994277954,1260.300048828125,516.796875,1.990625023841858,1.0415340662002563,1310.0
2026-09-12T10:03:00.000+08:00,18.262222290039062,16.370071411132812,9.45849609375,2.475151300430298,0.425428569316864,384.6000061035156,1.840000033378601,1.0470000505447388,1260.300048828125,516.796875,1.990625023841858,1.0361508131027222,1310.0
2026-09-12T10:04:00.000+08:00,18.168922424316406,16.417831420898438,9.548583984375,2.4612436294555664,0.4278325140476227,385.20001220703125,1.847000002861023,1.0470000505447388,1260.300048828125,516.796875,1.990625023841858,1.0387078523635864,1310.0
2026-09-12T10:05:00.000+08:00,18.093042373657227,16.133636474609375,9.4306640625,2.4281578063964844,0.433662086725235,386.1000061035156,1.8580000400543213,1.059000015258789,1260.300048828125,516.796875,1.990625023841858,1.0436874628067017,1310.0
2026-09-12T10:06:00.000+08:00,17.281965255737305,16.347396850585938,9.4931640625,2.3981964588165283,0.43907997012138367,385.6000061035156,1.8589999675750732,1.062000036239624,1260.300048828125,516.796875,1.990625023841858,1.0428799390792847,1310.0
2026-09-12T10:07:00.000+08:00,18.2392578125,16.3326416015625,9.5,2.4560139179229736,0.43362945318222046,385.3999938964844,1.8450000286102295,1.0529999732971191,1260.300048828125,516.796875,1.990625023841858,1.0403228998184204,1310.0
2026-09-12T10:08:00.000+08:00,17.890357971191406,16.456443786621094,9.513916015625,2.374481678009033,0.44472864270210266,385.20001220703125,1.8539999723434448,1.055999994277954,1260.4000244140625,516.796875,1.990625023841858,1.0395153760910034,1310.0
2026-09-12T10:09:00.000+08:00,17.410768508911133,16.41668701171875,9.479248046875,2.371950387954712,0.4464680254459381,385.79998779296875,1.8630000352859497,1.062000036239624,1260.4000244140625,516.796875,1.990625023841858,1.0428799390792847,1310.0
2026-09-12T10:10:00.000+08:00,17.33243751525879,16.174026489257812,9.507080078125,2.3052310943603516,0.4606913626194,385.8999938964844,1.8459999561309814,1.0529999732971191,1260.4000244140625,516.796875,1.990625023841858,1.040726661682129,1310.0
2026-09-12T10:11:00.000+08:00,16.968280792236328,16.204673767089844,9.534912109375,2.3403773307800293,0.449927419424057,385.5,1.8509999513626099,1.059000015258789,1260.4000244140625,516.796875,1.990625023841858,1.0428799390792847,1310.0
2026-09-12T10:12:00.000+08:00,18.076343536376953,16.155441284179688,9.59033203125,2.4169387817382812,0.4356750547885895,385.70001220703125,1.8459999561309814,1.0529999732971191,1260.4000244140625,516.796875,1.990625023841858,1.0485323667526245,1310.0
2026-09-12T10:13:00.000+08:00,20.7720890045166,16.161041259765625,9.6181640625,2.726365089416504,0.3873289227485657,385.20001220703125,1.850000023841858,1.059000015258789,1260.5,516.796875,1.990625023841858,1.0448986291885376,1310.0
2026-09-12T10:14:00.000+08:00,19.007482528686523,16.219146728515625,9.58349609375,2.499934196472168,0.42241111397743225,386.3999938964844,1.8619999885559082,1.0679999589920044,1260.5,516.796875,1.990625023841858,1.0496090650558472,1310.0
2026-09-12T10:15:00.000+08:00,18.856016159057617,16.26274871826172,9.58349609375,2.509669542312622,0.4171863794326782,386.79998779296875,1.8630000352859497,1.059000015258789,1260.5,516.796875,1.990625023841858,1.0500128269195557,1310.0
2026-09-12T10:16:00.000+08:00,18.958959579467773,16.27013397216797,9.534912109375,2.4943816661834717,0.42455410957336426,386.20001220703125,1.8530000448226929,1.062000036239624,1260.5,516.796875,1.990625023841858,1.0508203506469727,1310.0
2026-09-12T10:17:00.000+08:00,18.863004684448242,16.265106201171875,9.6806640625,2.521047592163086,0.4224434196949005,386.5,1.8550000190734863,1.062000036239624,1260.5,516.796875,1.990625023841858,1.0432837009429932,1310.0
2026-09-12T10:18:00.000+08:00,19.213483810424805,16.199081420898438,9.520751953125,2.591209650039673,0.4110049605369568,385.79998779296875,1.8630000352859497,1.0529999732971191,1260.5,516.796875,1.990625023841858,1.037900447845459,1310.0
2026-09-12T10:19:00.000+08:00,18.95749855041504,16.552566528320312,9.611083984375,2.476001024246216,0.4301290512084961,386.0,1.8660000562667847,1.059000015258789,1260.5999755859375,516.796875,1.990625023841858,1.04691743850708,1310.0
2026-09-12T10:20:00.000+08:00,16.398794174194336,16.347396850585938,9.4375,2.137990951538086,0.4772011339664459,386.20001220703125,1.8539999723434448,1.055999994277954,1260.5999755859375,516.796875,1.990625023841858,1.0436874628067017,1310.0
2026-09-12T10:21:00.000+08:00,19.47132682800293,16.427566528320312,9.45849609375,2.636547088623047,0.4016617238521576,385.20001220703125,1.8600000143051147,1.055999994277954,1260.5999755859375,516.796875,1.990625023841858,1.0419378280639648,1310.0
2026-09-12T10:22:00.000+08:00,18.098207473754883,15.639923095703125,9.5625,2.4633405208587646,0.42746829986572266,384.79998779296875,1.8450000286102295,1.0499999523162842,1260.5999755859375,516.796875,1.990625023841858,1.0361508131027222,1310.0
2026-09-12T10:23:00.000+08:00,21.272417068481445,16.08556365966797,9.583251953125,2.9360451698303223,0.3576239347457886,385.29998779296875,1.8539999723434448,1.0529999732971191,1260.5999755859375,516.796875,1.990625023841858,1.0415340662002563,1310.0
2026-09-12T10:24:00.000+08:00,19.432741165161133,16.192283630371094,9.486083984375,2.400747537612915,0.4386134147644043,385.70001220703125,1.8459999561309814,1.0499999523162842,1260.5999755859375,516.796875,1.990625023841858,1.0365545749664307,1310.0
2026-09-12T10:25:00.000+08:00,21.095165252685547,15.95730209350586,9.597412109375,2.669306993484497,0.39448443055152893,385.1000061035156,1.8680000305175781,1.055999994277954,1260.699951171875,516.796875,1.990625023841858,1.0369583368301392,1310.0
2026-09-12T10:26:00.000+08:00,23.08346939086914,15.905254364013672,9.576416015625,3.067688226699829,0.3442331552505493,384.79998779296875,1.8600000143051147,1.0529999732971191,1260.699951171875,513.28125,1.990625023841858,1.0348049402236938,1310.0
2026-09-12T10:27:00.000+08:00,22.770912170410156,16.27306365966797,9.625,2.9835495948791504,0.35192981362342834,384.8999938964844,1.8609999418258667,1.0529999732971191,1260.699951171875,513.28125,1.990625023841858,1.0352087020874023,1310.0
2026-09-12T10:28:00.000+08:00,18.059080123901367,16.342681884765625,9.7431640625,2.239553451538086,0.47018301486968994,385.20001220703125,1.850000023841858,1.055999994277954,1260.699951171875,513.28125,1.990625023841858,1.0364199876785278,1310.0
2026-09-12T10:29:00.000+08:00,17.01982879638672,16.13750457763672,9.7431640625,2.186884641647339,0.47876325249671936,385.3999938964844,1.847000002861023,1.059000015258789,1260.699951171875,516.796875,1.990625023841858,1.0409958362579346,1310.0
2026-09-12T10:30:00.000+08:00,19.758520126342773,15.934173583984375,9.791748046875,2.6835854053497314,0.3923855125904083,385.3999938964844,1.843000054359436,1.0529999732971191,1260.800048828125,516.796875,1.990625023841858,1.0365545749664307,1310.0
2026-09-12T10:31:00.000+08:00,21.850095748901367,16.20429229736328,9.7431640625,2.7349820137023926,0.38610854744911194,385.20001220703125,1.8339999914169312,1.0470000505447388,1260.800048828125,516.796875,1.990625023841858,1.0348049402236938,1310.0
2026-09-12T10:32:00.000+08:00,19.607423782348633,16.02538299560547,9.708251953125,2.4112942218780518,0.4366949498653412,385.20001220703125,1.840999960899353,1.0529999732971191,1260.800048828125,516.796875,1.990625023841858,1.0393807888031006,1310.0
2026-09-12T10:33:00.000+08:00,22.74531364440918,15.971580505371094,9.798583984375,2.9087061882019043,0.3630480170249939,385.79998779296875,1.8339999914169312,1.0529999732971191,1260.800048828125,516.796875,1.990625023841858,1.039919137954712,1310.0
2026-09-12T10:34:00.000+08:00,20.257667541503906,16.027183532714844,9.701416015625,2.531836748123169,0.4147186875343323,385.20001220703125,1.8359999656677246,1.0470000505447388,1260.800048828125,516.796875,1.990625023841858,1.0409958362579346,1310.0
2026-09-12T10:35:00.000+08:00,18.319700241088867,16.098838806152344,9.701416015625,2.279620885848999,0.4592869281768799,384.8999938964844,1.8380000591278076,1.0470000505447388,1260.800048828125,513.28125,1.990625023841858,1.032786250114441,1310.0
2026-09-12T10:36:00.000+08:00,19.169893264770508,16.216476440429688,9.736083984375,2.4112329483032227,0.4354618787765503,384.70001220703125,1.840999960899353,1.0470000505447388,1260.9000244140625,513.28125,1.990625023841858,1.0364199876785278,1310.0
2026-09-12T10:37:00.000+08:00,18.951034545898438,16.190101623535156,9.750244140625,2.367441415786743,0.442249596118927,385.1000061035156,1.8370000123977661,1.0410000085830688,1260.9000244140625,513.28125,1.990625023841858,1.0331900119781494,1310.0
2026-09-12T10:38:00.000+08:00,19.745344161987305,16.03076934814453,9.763916015625,2.492694854736328,0.42002734541893005,384.79998779296875,1.843000054359436,1.0440000295639038,1260.9000244140625,513.28125,1.990625023841858,1.0364199876785278,1311.0
2026-09-12T10:39:00.000+08:00,18.947032928466797,16.246498107910156,9.694580078125,2.3910739421844482,0.44038787484169006,385.1000061035156,1.840999960899353,1.0470000505447388,1260.9000244140625,513.28125,1.990625023841858,1.0331900119781494,1311.0
2026-09-12T10:40:00.000+08:00,17.924007415771484,15.909370422363281,9.791748046875,2.238560199737549,0.46771135926246643,385.29998779296875,1.8420000076293945,1.0529999732971191,1260.9000244140625,513.28125,1.990625023841858,1.034401297569275,1311.0
2026-09-12T10:41:00.000+08:00,22.764936447143555,16.31207275390625,9.708251953125,2.848445415496826,0.36967530846595764,385.79998779296875,1.8450000286102295,1.0499999523162842,1260.9000244140625,513.28125,1.990625023841858,1.0306329727172852,1311.0
2026-09-12T10:42:00.000+08:00,17.960189819335938,16.243942260742188,9.791748046875,2.1665706634521484,0.4846368730068207,385.0,1.8450000286102295,1.0470000505447388,1261.0,513.28125,1.990625023841858,1.0352087020874023,1311.0
2026-09-12T10:43:00.000+08:00,19.067485809326172,15.872886657714844,9.77783203125,2.5028269290924072,0.4207242429256439,385.20001220703125,1.847000002861023,1.0499999523162842,1261.0,513.28125,1.990625023841858,1.038169503211975,1311.0
2026-09-12T10:44:00.000+08:00,24.70454216003418,15.869571685791016,9.708251953125,3.136888265609741,0.3337702453136444,384.6000061035156,1.8359999656677246,1.0440000295639038,1261.0,513.28125,1.990625023841858,1.0372275114059448,1311.0
2026-09-12T10:45:00.000+08:00,25.289724349975586,15.648422241210938,9.722412109375,3.0356569290161133,0.34391239285469055,384.5,1.8420000076293945,1.0499999523162842,1261.0,513.28125,1.990625023841858,1.0269992351531982,1311.0
2026-09-12T10:46:00.000+08:00,23.686891555786133,16.17548370361328,9.7431640625,2.8093385696411133,0.37268558144569397,384.3999938964844,1.8350000381469727,1.0440000295639038,1261.0,513.28125,1.990625023841858,1.034401297569275,1311.0
2026-09-12T10:47:00.000+08:00,18.222185134887695,16.246498107910156,9.687744140625,2.1830735206604004,0.4795990586280823,384.8999938964844,1.8350000381469727,1.0470000505447388,1261.0,513.28125,1.990625023841858,1.0306329727172852,1311.0
2026-09-12T10:48:00.000+08:00,21.66562271118164,16.0135498046875,9.83349609375,2.766573429107666,0.37736210227012634,385.0,1.8389999866485596,1.0470000505447388,1261.0999755859375,513.28125,1.990625023841858,1.0339975357055664,1311.0
2026-09-12T10:49:00.000+08:00,23.035001754760742,16.322525024414062,9.71533203125,2.880556583404541,0.36138850450515747,384.70001220703125,1.8320000171661377,1.0410000085830688,1261.0999755859375,513.28125,1.990625023841858,1.0286141633987427,1311.0
2026-09-12T10:50:00.000+08:00,18.309555053710938,15.893745422363281,9.784912109375,2.2912628650665283,0.4589678645133972,384.70001220703125,1.8270000219345093,1.0440000295639038,1261.0999755859375,513.28125,1.990625023841858,1.031844139099121,1311.0
2026-09-12T10:51:00.000+08:00,21.666391372680664,16.18103790283203,9.729248046875,2.817511558532715,0.36947497725486755,384.70001220703125,1.8370000123977661,1.0440000295639038,1261.0999755859375,513.28125,1.990625023841858,1.0298254489898682,1311.0
2026-09-12T10:52:00.000+08:00,17.837596893310547,15.792373657226562,9.71533203125,2.1863527297973633,0.47613540291786194,384.70001220703125,1.843999981880188,1.0470000505447388,1261.0999755859375,513.28125,1.990625023841858,1.032786250114441,1311.0
2026-09-12T10:53:00.000+08:00,23.79351234436035,16.340194702148438,9.75,3.0464255809783936,0.33974242210388184,384.6000061035156,1.843000054359436,1.0470000505447388,1261.199951171875,513.28125,1.990625023841858,1.0356124639511108,1311.0
2026-09-12T10:54:00.000+08:00,19.11690902709961,15.876617431640625,9.763916015625,2.3125481605529785,0.45145004987716675,384.6000061035156,1.8489999771118164,1.0470000505447388,1261.199951171875,513.28125,1.990625023841858,1.0330554246902466,1311.0
2026-09-12T10:55:00.000+08:00,19.9433650970459,16.066314697265625,9.8056640625,2.5281388759613037,0.4141386151313782,384.29998779296875,1.8459999561309814,1.0499999523162842,1261.199951171875,513.28125,1.990625023841858,1.0338629484176636,1311.0
2026-09-12T10:56:00.000+08:00,20.20728302001953,16.25628662109375,9.791748046875,2.5445964336395264,0.4138180911540985,383.70001220703125,1.8519999980926514,1.0410000085830688,1261.199951171875,513.28125,1.990625023841858,1.0304983854293823,1311.0
2026-09-12T10:57:00.000+08:00,18.297645568847656,16.12213134765625,9.77783203125,2.2145798206329346,0.4714212417602539,383.79998779296875,1.8559999465942383,1.0470000505447388,1261.199951171875,513.28125,1.990625023841858,1.0296908617019653,1311.0
2026-09-12T10:58:00.000+08:00,19.98978614807129,16.008804321289062,9.770751953125,2.6098155975341797,0.400028258562088,383.6000061035156,1.8509999513626099,1.0470000505447388,1261.199951171875,513.28125,1.990625023841858,1.0279412269592285,1311.0
2026-09-12T10:59:00.000+08:00,20.927236557006836,16.13128662109375,9.757080078125,2.663428544998169,0.3919759690761566,384.1000061035156,1.840999960899353,1.0379999876022339,1261.300048828125,513.28125,1.990625023841858,1.0268646478652954,1311.0
2026-09-12T11:00:00.000+08:00,17.677505493164062,15.963642120361328,9.6875,2.213182210922241,0.4717189371585846,384.20001220703125,1.8380000591278076,1.0470000505447388,1261.300048828125,513.28125,1.990625023841858,1.0296908617019653,1311.0
2026-09-12T11:01:00.000+08:00,19.280899047851562,15.95992660522461,9.8056640625,2.4522135257720947,0.42329102754592896,384.1000061035156,1.8329999446868896,1.0440000295639038,1261.300048828125,513.28125,1.990625023841858,1.0280758142471313,1311.0
2026-09-12T11:02:00.000+08:00,17.481891632080078,16.142196655273438,9.833251953125,2.1764447689056396,0.4783029854297638,384.5,1.840000033378601,1.0440000295639038,1261.300048828125,513.28125,1.990625023841858,1.0284795761108398,1311.0
2026-09-12T11:03:00.000+08:00,18.391050338745117,16.003341674804688,9.722412109375,2.267141819000244,0.46049168705940247,384.70001220703125,1.8389999866485596,1.0470000505447388,1261.300048828125,513.28125,1.990625023841858,1.031844139099121,1311.0
2026-09-12T11:04:00.000+08:00,20.852367401123047,16.038650512695312,9.854248046875,2.642141580581665,0.39626944065093994,384.6000061035156,1.8339999914169312,1.0470000505447388,1261.300048828125,513.28125,1.990625023841858,1.033593773841858,1311.0
2026-09-12T11:05:00.000+08:00,20.344852447509766,15.948905944824219,9.791748046875,2.6151654720306396,0.40035709738731384,384.6000061035156,1.8459999561309814,1.0470000505447388,1261.4000244140625,513.28125,1.990625023841858,1.0310367345809937,1311.0
2026-09-12T11:06:00.000+08:00,22.506484985351562,15.936012268066406,9.763916015625,2.7989187240600586,0.3740730285644531,384.5,1.840000033378601,1.0470000505447388,1261.4000244140625,513.28125,1.990625023841858,1.032651662826538,1311.0
2026-09-12T11:07:00.000+08:00,19.63035011291504,15.937576293945312,9.75,2.3185102939605713,0.4528769850730896,384.20001220703125,1.8320000171661377,1.0440000295639038,1261.4000244140625,513.28125,1.990625023841858,1.0268646478652954,1311.0
2026-09-12T11:08:00.000+08:00,23.85659408569336,16.193740844726562,9.791748046875,2.878868818283081,0.3636845052242279,384.20001220703125,1.843000054359436,1.0499999523162842,1261.4000244140625,513.28125,1.990625023841858,1.0304983854293823,1311.0
2026-09-12T11:09:00.000+08:00,18.728591918945312,16.05290985107422,9.71533203125,2.266103982925415,0.4633502960205078,383.8999938964844,1.8370000123977661,1.0440000295639038,1261.4000244140625,513.28125,1.990625023841858,1.026460886001587,1311.0
2026-09-12T11:10:00.000+08:00,21.40513801574707,16.0216064453125,9.750244140625,2.738255739212036,0.3812645971775055,383.6000061035156,1.840999960899353,1.0470000505447388,1261.4000244140625,513.28125,1.990625023841858,1.0276721715927124,1311.0
2026-09-12T11:11:00.000+08:00,18.61850357055664,15.739089965820312,9.708251953125,2.3476357460021973,0.4408690631389618,384.29998779296875,1.847000002861023,1.0470000505447388,1261.5,513.28125,1.990625023841858,1.033459186553955,1311.0
2026-09-12T11:12:00.000+08:00,17.82741355895996,16.172218322753906,9.84033203125,2.2190752029418945,0.46776244044303894,384.0,1.8559999465942383,1.0440000295639038,1261.5,513.28125,1.990625023841858,1.033459186553955,1311.0
2026-09-12T11:13:00.000+08:00,18.94820213317871,16.0045166015625,9.736083984375,2.2769808769226074,0.4585019052028656,384.1000061035156,1.843999981880188,1.0410000085830688,1261.5,513.28125,1.990625023841858,1.032651662826538,1311.0
2026-09-12T11:14:00.000+08:00,18.077774047851562,16.00445556640625,9.77783203125,2.211040496826172,0.4721758961677551,384.5,1.8509999513626099,1.0470000505447388,1261.5,513.28125,1.990625023841858,1.0322479009628296,1311.0
2026-09-12T11:15:00.000+08:00,18.433517456054688,15.85207748413086,9.8056640625,2.416921377182007,0.43443697690963745,384.8999938964844,1.8630000352859497,1.0529999732971191,1261.5,513.28125,1.990625023841858,1.0364199876785278,1311.0
2026-09-12T11:16:00.000+08:00,24.42827033996582,15.940040588378906,9.784912109375,3.108804702758789,0.3377503752708435,384.0,1.843000054359436,1.0499999523162842,1261.5999755859375,513.28125,1.990625023841858,1.0313057899475098,1311.0
2026-09-12T11:17:00.000+08:00,19.86581802368164,16.203529357910156,9.750244140625,2.3650834560394287,0.44522741436958313,384.20001220703125,1.8489999771118164,1.0529999732971191,1261.5999755859375,513.28125,1.990625023841858,1.034670352935791,1311.0
2026-09-12T11:18:00.000+08:00,18.399927139282227,15.943115234375,9.757080078125,2.2530269622802734,0.464708149433136,384.1000061035156,1.8380000591278076,1.0440000295639038,1261.5999755859375,513.28125,1.990625023841858,1.0376312732696533,1311.0
2026-09-12T11:19:00.000+08:00,18.535972595214844,16.085960388183594,9.701416015625,2.3717730045318604,0.4401770532131195,384.29998779296875,1.840999960899353,1.0499999523162842,1261.5999755859375,513.28125,1.990625023841858,1.0338629484176636,1311.0
2026-09-12T11:20:00.000+08:00,17.643077850341797,16.067535400390625,9.763916015625,2.175955057144165,0.4811680316925049,384.0,1.843999981880188,1.0470000505447388,1261.5999755859375,513.28125,1.990625023841858,1.031844139099121,1311.0
2026-09-12T11:21:00.000+08:00,21.100187301635742,15.366813659667969,9.694580078125,2.6269373893737793,0.3974209427833557,383.70001220703125,1.8359999656677246,1.034999966621399,1261.5999755859375,513.28125,1.990625023841858,1.0309021472930908,1311.0
2026-09-12T11:22:00.000+08:00,24.066991806030273,15.833763122558594,9.729248046875,2.9752418994903564,0.35089585185050964,384.1000061035156,1.843000054359436,1.0470000505447388,1261.699951171875,513.28125,1.990625023841858,1.031844139099121,1311.0
2026-09-12T11:23:00.000+08:00,20.488431930541992,16.301010131835938,9.791748046875,2.343604564666748,0.44418755173683167,384.29998779296875,1.8509999513626099,1.0499999523162842,1261.699951171875,513.28125,1.990625023841858,1.0358816385269165,1311.0
2026-09-12T11:24:00.000+08:00,18.479602813720703,15.926502227783203,9.770751953125,2.2008895874023438,0.4743536412715912,384.20001220703125,1.8420000076293945,1.0440000295639038,1261.699951171875,513.28125,1.990625023841858,1.032651662826538,1311.0
2026-09-12T11:25:00.000+08:00,23.824583053588867,15.883720397949219,9.638916015625,3.0886287689208984,0.3389853835105896,384.29998779296875,1.8459999561309814,1.0470000505447388,1261.699951171875,513.28125,1.990625023841858,1.0400537252426147,1311.0
2026-09-12T11:26:00.000+08:00,18.87928009033203,15.906612396240234,9.8056640625,2.290508508682251,0.4571037292480469,384.29998779296875,1.847000002861023,1.0470000505447388,1261.699951171875,513.28125,1.990625023841858,1.0322479009628296,1311.0
2026-09-12T11:27:00.000+08:00,18.313276290893555,16.05168914794922,9.6806640625,2.2782931327819824,0.45823779702186584,384.5,1.8559999465942383,1.0499999523162842,1261.699951171875,513.28125,1.990625023841858,1.0338629484176636,1311.0
2026-09-12T11:28:00.000+08:00,18.57108497619629,16.14044952392578,9.757080078125,2.302760362625122,0.4559744894504547,384.0,1.8350000381469727,1.0410000085830688,1261.800048828125,513.28125,1.990625023841858,1.0309021472930908,1311.0
2026-09-12T11:29:00.000+08:00,17.738300323486328,16.286392211914062,9.7431640625,2.2337400913238525,0.47006362676620483,384.5,1.8329999446868896,1.0410000085830688,1261.800048828125,513.28125,1.990625023841858,1.0310367345809937,1311.0
2026-09-12T11:30:00.000+08:00,18.571378707885742,16.13744354248047,9.8056640625,2.3353796005249023,0.44446736574172974,384.5,1.8240000009536743,1.0440000295639038,1261.800048828125,513.28125,1.990625023841858,1.0302292108535767,1311.0
2026-09-12T11:31:00.000+08:00,21.68872833251953,15.898006439208984,9.8681640625,2.756155014038086,0.3777000904083252,384.3999938964844,1.843999981880188,1.0470000505447388,1261.800048828125,513.28125,1.990625023841858,1.032651662826538,1311.0
2026-09-12T11:32:00.000+08:00,21.766761779785156,16.29631805419922,9.645751953125,2.8003687858581543,0.3738793432712555,384.5,1.840999960899353,1.0470000505447388,1261.800048828125,513.28125,1.990625023841858,1.0350741147994995,1311.0
2026-09-12T11:33:00.000+08:00,18.043088912963867,16.214401245117188,9.39599609375,2.2438926696777344,0.46659985184669495,385.20001220703125,1.8420000076293945,1.0470000505447388,1261.9000244140625,513.28125,1.990625023841858,1.039784550666809,1311.0
2026-09-12T11:34:00.000+08:00,21.142608642578125,15.994144439697266,9.472412109375,2.7696449756622314,0.3791099786758423,385.0,1.8309999704360962,1.0470000505447388,1261.9000244140625,513.28125,1.990625023841858,1.032786250114441,1311.0
2026-09-12T11:35:00.000+08:00,18.55679702758789,15.933273315429688,9.444580078125,2.463128089904785,0.42506924271583557,384.70001220703125,1.8359999656677246,1.0470000505447388,1261.9000244140625,513.28125,1.990625023841858,1.0369583368301392,1312.0
2026-09-12T11:36:00.000+08:00,22.220317840576172,16.31999969482422,9.451416015625,2.9052460193634033,0.35934993624687195,384.3999938964844,1.8350000381469727,1.0440000295639038,1261.9000244140625,513.28125,1.990625023841858,1.0339975357055664,1312.0
2026-09-12T11:37:00.000+08:00,18.352352142333984,16.221214294433594,9.375,2.292715311050415,0.45928072929382324,384.70001220703125,1.843000054359436,1.0529999732971191,1261.9000244140625,516.796875,1.990625023841858,1.039784550666809,1312.0
2026-09-12T11:38:00.000+08:00,18.69603157043457,16.02013397216797,9.548583984375,2.473738670349121,0.42324599623680115,385.29998779296875,1.8509999513626099,1.059000015258789,1261.9000244140625,516.796875,1.990625023841858,1.0443603992462158,1312.0
2026-09-12T11:39:00.000+08:00,19.96174430847168,16.35357666015625,9.458251953125,2.6741981506347656,0.3937629163265228,385.29998779296875,1.8569999933242798,1.059000015258789,1262.0,516.796875,1.990625023841858,1.0373620986938477,1312.0
2026-09-12T11:40:00.000+08:00,17.084253311157227,16.384231567382812,9.46533203125,2.243182420730591,0.46808499097824097,384.79998779296875,1.8420000076293945,1.0499999523162842,1262.0,516.796875,1.990625023841858,1.0385732650756836,1312.0
2026-09-12T11:41:00.000+08:00,17.708595275878906,16.260414123535156,9.513916015625,2.376582384109497,0.44307321310043335,385.29998779296875,1.8519999980926514,1.055999994277954,1262.0,516.796875,1.990625023841858,1.0419378280639648,1312.0
2026-09-12T11:42:00.000+08:00,17.418603897094727,15.872230529785156,9.520751953125,2.396458864212036,0.4381465017795563,385.1000061035156,1.8530000448226929,1.055999994277954,1262.0,516.796875,1.990625023841858,1.0385732650756836,1312.0
2026-09-12T11:43:00.000+08:00,24.964174270629883,16.348548889160156,9.520751953125,3.475700616836548,0.30694618821144104,384.5,1.8459999561309814,1.0440000295639038,1262.0,513.28125,1.990625023841858,1.038169503211975,1312.0
2026-09-12T11:44:00.000+08:00,18.60394287109375,16.06610870361328,9.4375,2.333284616470337,0.4512951672077179,384.6000061035156,1.8530000448226929,1.0529999732971191,1262.0,513.28125,1.990625023841858,1.038977026939392,1312.0
2026-09-12T11:45:00.000+08:00,18.54517936706543,15.967342376708984,9.388916015625,2.4867985248565674,0.4222296178340912,384.70001220703125,1.843000054359436,1.0470000505447388,1262.0999755859375,513.28125,1.990625023841858,1.034401297569275,1312.0
2026-09-12T11:46:00.000+08:00,17.38340187072754,16.113861083984375,9.5,2.332131862640381,0.44894543290138245,384.3999938964844,1.8509999513626099,1.0529999732971191,1262.0999755859375,513.28125,1.990625023841858,1.0393807888031006,1312.0
2026-09-12T11:47:00.000+08:00,18.30038833618164,16.18023681640625,9.46533203125,2.3736417293548584,0.44235825538635254,384.6000061035156,1.8450000286102295,1.0470000505447388,1262.0999755859375,513.28125,1.990625023841858,1.038977026939392,1312.0
2026-09-12T11:48:00.000+08:00,17.96784019470215,16.016616821289062,9.395751953125,2.3206300735473633,0.45117059350013733,384.6000061035156,1.8550000190734863,1.0529999732971191,1262.0999755859375,513.28125,1.990625023841858,1.0401883125305176,1312.0
2026-09-12T11:49:00.000+08:00,21.825973510742188,16.3892822265625,9.451416015625,2.838151454925537,0.37101614475250244,384.6000061035156,1.8489999771118164,1.0499999523162842,1262.0999755859375,513.28125,1.990625023841858,1.0352087020874023,1312.0
2026-09-12T11:50:00.000+08:00,16.95252799987793,16.381851196289062,9.534912109375,2.235214948654175,0.47109565138816833,384.79998779296875,1.8450000286102295,1.0499999523162842,1262.0999755859375,513.28125,1.990625023841858,1.038169503211975,1312.0
2026-09-12T11:51:00.000+08:00,16.86204719543457,16.096817016601562,9.479248046875,2.308229923248291,0.4561937153339386,384.29998779296875,1.843000054359436,1.0499999523162842,1262.199951171875,513.28125,1.990625023841858,1.0330554246902466,1312.0
2026-09-12T11:52:00.000+08:00,17.36199951171875,15.93813705444336,9.4375,2.384657859802246,0.44157278537750244,384.79998779296875,1.8450000286102295,1.0529999732971191,1262.199951171875,513.28125,1.990625023841858,1.038169503211975,1312.0
2026-09-12T11:53:00.000+08:00,19.924522399902344,16.352996826171875,9.458251953125,2.605963706970215,0.40177077054977417,384.6000061035156,1.8300000429153442,1.0470000505447388,1262.199951171875,513.28125,1.990625023841858,1.0322479009628296,1312.0
2026-09-12T11:54:00.000+08:00,17.55937957763672,16.105911254882812,9.513916015625,2.2558302879333496,0.4641306698322296,385.0,1.847000002861023,1.055999994277954,1262.199951171875,513.28125,1.990625023841858,1.0455715656280518,1312.0
2026-09-12T11:55:00.000+08:00,18.64877700805664,16.121849060058594,9.548583984375,2.4699900150299072,0.42388835549354553,385.0,1.8389999866485596,1.0499999523162842,1262.199951171875,513.28125,1.990625023841858,1.038169503211975,1312.0
2026-09-12T11:56:00.000+08:00,18.019582748413086,16.238861083984375,9.541748046875,2.3162055015563965,0.4520324468612671,384.6000061035156,1.8450000286102295,1.0529999732971191,1262.300048828125,513.28125,1.990625023841858,1.0315749645233154,1312.0
2026-09-12T11:57:00.000+08:00,18.472877502441406,16.178741455078125,9.611083984375,2.377854585647583,0.4415745139122009,385.0,1.8420000076293945,1.0499999523162842,1262.300048828125,513.28125,1.990625023841858,1.0369583368301392,1312.0
2026-09-12T11:58:00.000+08:00,19.302234649658203,16.352088928222656,9.58349609375,2.5483169555664062,0.41321390867233276,385.20001220703125,1.8489999771118164,1.0529999732971191,1262.300048828125,516.796875,1.990625023841858,1.0385732650756836,1312.0
2026-09-12T11:59:00.000+08:00,18.86634635925293,15.850421905517578,9.52783203125,2.433537483215332,0.4327034056186676,384.70001220703125,1.8420000076293945,1.0499999523162842,1262.300048828125,513.28125,1.990625023841858,1.0348049402236938,1312.0
2026-09-12T12:00:00.000+08:00,24.70939064025879,16.173118591308594,9.65283203125,3.2910635471343994,0.3190458118915558,384.8999938964844,1.8350000381469727,1.0499999523162842,1262.300048828125,513.28125,1.990625023841858,1.0376312732696533,1312.0
2026-09-12T12:01:00.000+08:00,18.956451416015625,16.173171997070312,9.5625,2.3857572078704834,0.4388543963432312,385.0,1.840999960899353,1.0529999732971191,1262.300048828125,513.28125,1.990625023841858,1.0393807888031006,1312.0
2026-09-12T12:02:00.000+08:00,21.005760192871094,16.27246856689453,9.611083984375,2.7332816123962402,0.3841536045074463,385.5,1.850000023841858,1.0499999523162842,1262.4000244140625,516.796875,1.990625023841858,1.039919137954712,1312.0
2026-09-12T12:03:00.000+08:00,18.769710540771484,15.956104278564453,9.597412109375,2.4427971839904785,0.4286069869995117,385.3999938964844,1.847000002861023,1.0499999523162842,1262.4000244140625,516.796875,1.990625023841858,1.0387078523635864,1312.0
2026-09-12T12:04:00.000+08:00,17.814895629882812,16.09796905517578,9.541748046875,2.3886775970458984,0.4420855939388275,385.5,1.850000023841858,1.0529999732971191,1262.4000244140625,516.796875,1.990625023841858,1.0440912246704102,1312.0
2026-09-12T12:05:00.000+08:00,19.98850440979004,16.260360717773438,9.569580078125,2.609896421432495,0.4057632386684418,385.5,1.8559999465942383,1.059000015258789,1262.4000244140625,516.796875,1.990625023841858,1.046109914779663,1312.0
2026-09-12T12:06:00.000+08:00,18.037790298461914,15.947566986083984,9.5,2.2675974369049072,0.4670141041278839,385.79998779296875,1.850000023841858,1.0529999732971191,1262.4000244140625,516.796875,1.990625023841858,1.039919137954712,1312.0
2026-09-12T12:07:00.000+08:00,20.040199279785156,16.13774871826172,9.597412109375,2.632854700088501,0.3999461233615875,386.20001220703125,1.8580000400543213,1.062000036239624,1262.4000244140625,516.796875,1.990625023841858,1.0482631921768188,1312.0
2026-09-12T12:08:00.000+08:00,19.711688995361328,16.058151245117188,9.520751953125,2.4965593814849854,0.4217804968357086,385.29998779296875,1.840999960899353,1.0529999732971191,1262.5,516.796875,1.990625023841858,1.039784550666809,1312.0
2026-09-12T12:09:00.000+08:00,22.837167739868164,15.889045715332031,9.5625,2.9322309494018555,0.36115846037864685,386.0,1.8480000495910645,1.059000015258789,1262.5,516.796875,1.990625023841858,1.0435528755187988,1312.0
2026-09-12T12:10:00.000+08:00,18.331666946411133,16.0997314453125,9.520751953125,2.36482834815979,0.44400686025619507,386.0,1.8519999980926514,1.062000036239624,1262.5,516.796875,1.990625023841858,1.0440912246704102,1312.0
2026-09-12T12:11:00.000+08:00,20.047351837158203,16.215606689453125,9.5,2.60060977935791,0.4060586094856262,386.0,1.8459999561309814,1.055999994277954,1262.5,516.796875,1.990625023841858,1.0415340662002563,1312.0
2026-09-12T12:12:00.000+08:00,18.28997802734375,16.30199432373047,9.507080078125,2.3697330951690674,0.44815170764923096,385.6000061035156,1.8459999561309814,1.055999994277954,1262.5,516.796875,1.990625023841858,1.0440912246704102,1312.0
2026-09-12T12:13:00.000+08:00,18.762697219848633,16.105628967285156,9.645751953125,2.4764530658721924,0.42287516593933105,385.6000061035156,1.8380000591278076,1.0529999732971191,1262.5999755859375,516.796875,1.990625023841858,1.045302391052246,1312.0
2026-09-12T12:14:00.000+08:00,19.44557762145996,16.066444396972656,9.65283203125,2.55698299407959,0.4118134677410126,386.1000061035156,1.847000002861023,1.059000015258789,1262.5999755859375,516.796875,1.990625023841858,1.0428799390792847,1312.0
2026-09-12T12:15:00.000+08:00,18.287641525268555,16.302215576171875,9.75,2.2916765213012695,0.4594888985157013,386.1000061035156,1.8509999513626099,1.059000015258789,1262.5999755859375,516.796875,1.990625023841858,1.0403228998184204,1312.0
2026-09-12T12:16:00.000+08:00,18.53363609313965,16.25323486328125,9.75,2.367388963699341,0.44859546422958374,385.70001220703125,1.843999981880188,1.059000015258789,1262.5999755859375,516.796875,1.990625023841858,1.0395153760910034,1312.0
2026-09-12T12:17:00.000+08:00,18.730749130249023,16.317535400390625,9.798583984375,2.4509479999542236,0.4308536946773529,385.29998779296875,1.8279999494552612,1.0470000505447388,1262.5999755859375,516.796875,1.990625023841858,1.0377658605575562,1312.0
2026-09-12T12:18:00.000+08:00,19.394540786743164,16.366012573242188,9.6806640625,2.5256545543670654,0.4192972481250763,385.6000061035156,1.840999960899353,1.055999994277954,1262.5999755859375,516.796875,1.990625023841858,1.0415340662002563,1312.0
2026-09-12T12:19:00.000+08:00,18.859498977661133,16.361709594726562,9.736083984375,2.453458070755005,0.4304129183292389,385.3999938964844,1.840999960899353,1.0529999732971191,1262.699951171875,516.796875,1.990625023841858,1.038169503211975,1312.0
2026-09-12T12:20:00.000+08:00,19.477317810058594,16.22435760498047,9.763916015625,2.5244016647338867,0.41831696033477783,385.6000061035156,1.8329999446868896,1.0529999732971191,1262.699951171875,516.796875,1.990625023841858,1.0353432893753052,1312.0
2026-09-12T12:21:00.000+08:00,19.713415145874023,16.47435760498047,9.798583984375,2.556610107421875,0.4118734896183014,385.6000061035156,1.8289999961853027,1.0499999523162842,1262.699951171875,516.796875,1.990625023841858,1.0387078523635864,1312.0
2026-09-12T12:22:00.000+08:00,17.439407348632812,16.49036407470703,9.75,2.2062902450561523,0.4745522439479828,385.6000061035156,1.8459999561309814,1.0529999732971191,1262.699951171875,516.796875,1.990625023841858,1.039919137954712,1312.0
2026-09-12T12:23:00.000+08:00,17.830371856689453,16.452552795410156,9.659912109375,2.365483522415161,0.44388386607170105,385.79998779296875,1.8639999628067017,1.065000057220459,1262.699951171875,516.796875,1.990625023841858,1.0428799390792847,1312.0
2026-09-12T12:24:00.000+08:00,18.000776290893555,16.27600860595703,9.729248046875,2.3721470832824707,0.4464310109615326,385.5,1.8530000448226929,1.059000015258789,1262.699951171875,516.796875,1.990625023841858,1.0411304235458374,1312.0
2026-09-12T12:25:00.000+08:00,18.4945125579834,16.59588623046875,9.6806640625,2.4421279430389404,0.43363821506500244,385.70001220703125,1.8519999980926514,1.0529999732971191,1262.800048828125,516.796875,1.990625023841858,1.038169503211975,1312.0
2026-09-12T12:26:00.000+08:00,18.166996002197266,16.27166748046875,9.6875,2.4402554035186768,0.43397098779678345,386.29998779296875,1.8509999513626099,1.062000036239624,1262.800048828125,516.796875,1.990625023841858,1.0424761772155762,1312.0
2026-09-12T12:27:00.000+08:00,18.782127380371094,16.337249755859375,9.729248046875,2.4751791954040527,0.42784783244132996,386.1000061035156,1.8450000286102295,1.055999994277954,1262.800048828125,516.796875,1.990625023841858,1.0420724153518677,1312.0
2026-09-12T12:28:00.000+08:00,19.56733512878418,16.317588806152344,9.7431640625,2.5928568840026855,0.4095868170261383,385.70001220703125,1.8539999723434448,1.059000015258789,1262.800048828125,516.796875,1.990625023841858,1.045302391052246,1312.0
2026-09-12T12:29:00.000+08:00,19.332414627075195,16.402755737304688,9.763916015625,2.483874559402466,0.42272666096687317,385.8999938964844,1.8389999866485596,1.0529999732971191,1262.800048828125,516.796875,1.990625023841858,1.047724962234497,1312.0
2026-09-12T12:30:00.000+08:00,18.351303100585938,16.49969482421875,9.6875,2.3789899349212646,0.443885862827301,386.1000061035156,1.8530000448226929,1.059000015258789,1262.9000244140625,516.796875,1.990625023841858,1.04691743850708,1312.0
2026-09-12T12:31:00.000+08:00,17.84099578857422,16.411392211914062,9.71533203125,2.3664662837982178,0.44623497128486633,385.6000061035156,1.8420000076293945,1.055999994277954,1262.9000244140625,516.796875,1.990625023841858,1.0387078523635864,1312.0
2026-09-12T12:32:00.000+08:00,16.646387100219727,16.25750732421875,9.77099609375,2.2209153175354004,0.47818124294281006,385.3999938964844,1.8459999561309814,1.0529999732971191,1262.9000244140625,516.796875,1.990625023841858,1.0373620986938477,1312.0
2026-09-12T12:33:00.000+08:00,17.446439743041992,16.286285400390625,9.763916015625,2.3282952308654785,0.45483922958374023,385.70001220703125,1.8680000305175781,1.062000036239624,1262.9000244140625,516.796875,1.990625023841858,1.0444949865341187,1313.0
2026-09-12T12:34:00.000+08:00,19.54610252380371,16.31573486328125,9.791748046875,2.5672218799591064,0.4101710021495819,385.5,1.86899995803833,1.059000015258789,1262.9000244140625,516.796875,1.990625023841858,1.0431491136550903,1313.0
2026-09-12T12:35:00.000+08:00,18.363651275634766,16.11119842529297,9.632080078125,2.373321533203125,0.4487381875514984,385.3999938964844,1.8730000257492065,1.059000015258789,1262.9000244140625,516.796875,1.990625023841858,1.0457061529159546,1313.0
2026-09-12T12:36:00.000+08:00,21.81568145751953,16.04010772705078,9.71533203125,2.859546661376953,0.37033841013908386,384.5,1.840999960899353,1.0499999523162842,1263.0,513.28125,1.990625023841858,1.0315749645233154,1313.0
2026-09-12T12:37:00.000+08:00,19.571077346801758,16.029556274414062,9.791748046875,2.474395275115967,0.42555850744247437,384.70001220703125,1.8380000591278076,1.0499999523162842,1263.0,513.28125,1.990625023841858,1.034401297569275,1313.0
2026-09-12T12:38:00.000+08:00,19.18541717529297,16.25445556640625,9.757080078125,2.417686939239502,0.43554025888442993,385.20001220703125,1.8519999980926514,1.0529999732971191,1263.0,516.796875,1.990625023841858,1.039784550666809,1313.0
2026-09-12T12:39:00.000+08:00,19.212627410888672,16.49407196044922,9.722412109375,2.3882081508636475,0.44091635942459106,384.70001220703125,1.847000002861023,1.0470000505447388,1263.0,513.28125,1.990625023841858,1.0339975357055664,1313.0
2026-09-12T12:40:00.000+08:00,18.31488800048828,16.481781005859375,9.722412109375,2.325984477996826,0.45013198256492615,384.20001220703125,1.8359999656677246,1.0470000505447388,1263.0,513.28125,1.990625023841858,1.0268646478652954,1313.0
2026-09-12T12:41:00.000+08:00,17.820531845092773,16.567588806152344,9.701416015625,2.393247604370117,0.4399878978729248,384.3999938964844,1.8450000286102295,1.0440000295639038,1263.0,513.28125,1.990625023841858,1.0360162258148193,1313.0
2026-09-12T12:42:00.000+08:00,16.72475242614746,16.568161010742188,9.791748046875,2.223745107650757,0.4694782793521881,384.8999938964844,1.8509999513626099,1.0529999732971191,1263.0999755859375,513.28125,1.990625023841858,1.040592074394226,1313.0
2026-09-12T12:43:00.000+08:00,17.035457611083984,16.621498107910156,9.694580078125,2.3237545490264893,0.4544369578361511,385.29998779296875,1.8539999723434448,1.0529999732971191,1263.0999755859375,516.796875,1.990625023841858,1.0431491136550903,1313.0
2026-09-12T12:44:00.000+08:00,16.936304092407227,16.53382110595703,9.791748046875,2.305358409881592,0.45285800099372864,384.70001220703125,1.843999981880188,1.0499999523162842,1263.0999755859375,513.28125,1.990625023841858,1.0364199876785278,1313.0
2026-09-12T12:45:00.000+08:00,17.349031448364258,15.903316497802734,9.70849609375,2.3442394733428955,0.44918617606163025,384.79998779296875,1.850000023841858,1.0499999523162842,1263.0999755859375,516.796875,1.990625023841858,1.0373620986938477,1313.0
2026-09-12T12:46:00.000+08:00,21.745515823364258,16.051063537597656,9.722412109375,2.9268369674682617,0.35669904947280884,385.0,1.850000023841858,1.0529999732971191,1263.0999755859375,516.796875,1.990625023841858,1.033593773841858,1313.0
2026-09-12T12:47:00.000+08:00,24.01848793029785,16.074264526367188,9.798583984375,2.993834972381592,0.35072073340415955,384.1000061035156,1.8270000219345093,1.0410000085830688,1263.0999755859375,513.28125,1.990625023841858,1.0304983854293823,1313.0
2026-09-12T12:48:00.000+08:00,17.714134216308594,16.145980834960938,9.729248046875,2.168828010559082,0.48551568388938904,384.20001220703125,1.8459999561309814,1.0499999523162842,1263.199951171875,513.28125,1.990625023841858,1.0302292108535767,1313.0
2026-09-12T12:49:00.000+08:00,18.233642578125,16.311378479003906,9.8056640625,2.2421441078186035,0.4669637680053711,384.29998779296875,1.8329999446868896,1.0440000295639038,1263.199951171875,513.28125,1.990625023841858,1.0290179252624512,1313.0
2026-09-12T12:50:00.000+08:00,19.12694549560547,16.124526977539062,9.694580078125,2.4650180339813232,0.4247433543205261,385.0,1.843000054359436,1.0499999523162842,1263.199951171875,513.28125,1.990625023841858,1.034401297569275,1313.0
2026-09-12T12:51:00.000+08:00,19.86684799194336,16.074790954589844,9.8681640625,2.5554120540618896,0.41324061155319214,385.29998779296875,1.8530000448226929,1.059000015258789,1263.199951171875,516.796875,1.990625023841858,1.0385732650756836,1313.0
2026-09-12T12:52:00.000+08:00,18.438587188720703,15.950382232666016,9.826416015625,2.295893669128418,0.45864492654800415,385.6000061035156,1.8480000495910645,1.0529999732971191,1263.199951171875,516.796875,1.990625023841858,1.0373620986938477,1313.0
2026-09-12T12:53:00.000+08:00,18.840608596801758,15.753406524658203,9.8125,2.372706651687622,0.4412682056427002,385.3999938964844,1.847000002861023,1.0529999732971191,1263.300048828125,516.796875,1.990625023841858,1.0373620986938477,1313.0
2026-09-12T12:54:00.000+08:00,23.32552146911621,15.684173583984375,9.75,2.8880562782287598,0.3646050989627838,385.1000061035156,1.840999960899353,1.0529999732971191,1263.300048828125,513.28125,1.990625023841858,1.0356124639511108,1313.0
2026-09-12T12:55:00.000+08:00,23.878202438354492,15.55837631225586,9.673583984375,2.801553964614868,0.37586283683776855,385.20001220703125,1.8350000381469727,1.0440000295639038,1263.300048828125,513.28125,1.990625023841858,1.0373620986938477,1313.0
2026-09-12T12:56:00.000+08:00,23.903980255126953,15.277103424072266,9.6875,2.8332748413085938,0.37059587240219116,385.1000061035156,1.8450000286102295,1.0529999732971191,1263.300048828125,513.28125,1.990625023841858,1.038169503211975,1313.0
2026-09-12T12:57:00.000+08:00,27.444185256958008,15.422256469726562,9.77783203125,3.1903891563415527,0.3291134536266327,384.79998779296875,1.8509999513626099,1.0529999732971191,1263.300048828125,513.28125,1.990625023841858,1.0364199876785278,1313.0
2026-09-12T12:58:00.000+08:00,22.61778450012207,15.35335922241211,9.71533203125,2.5135419368743896,0.41773721575737,384.8999938964844,1.8459999561309814,1.0529999732971191,1263.300048828125,516.796875,1.990625023841858,1.0385732650756836,1313.0
2026-09-12T12:59:00.000+08:00,26.212474822998047,15.091373443603516,9.694580078125,2.949523448944092,0.35497260093688965,385.20001220703125,1.8459999561309814,1.0529999732971191,1263.4000244140625,516.796875,1.990625023841858,1.0373620986938477,1313.0
2026-09-12T13:00:00.000+08:00,31.022241592407227,14.638877868652344,9.770751953125,3.4750301837921143,0.30388227105140686,384.8999938964844,1.847000002861023,1.0529999732971191,1263.4000244140625,513.28125,1.990625023841858,1.033593773841858,1313.0
2026-09-12T13:01:00.000+08:00,28.302160263061523,14.659370422363281,9.784912109375,3.010866165161133,0.3517260253429413,384.8999938964844,0.0,0.0,1263.4000244140625,nan,nan,nan,65536.0
2026-09-12T13:02:00.000+08:00,31.06021499633789,14.72952651977539,9.791748046875,3.0788912773132324,0.34103184938430786,385.1000061035156,0.0,0.0,1263.4000244140625,nan,nan,nan,65536.0
2026-09-12T13:03:00.000+08:00,0.0,14.705856323242188,9.875,0.0,nan,384.8999938964844,0.0,0.0,1263.4000244140625,nan,nan,nan,65536.0
2026-09-12T13:04:00.000+08:00,0.0,14.719322204589844,9.916748046875,0.0,nan,384.8999938964844,0.0,0.0,1263.4000244140625,nan,nan,nan,65536.0
2026-09-12T13:05:00.000+08:00,0.0,14.738655090332031,9.819580078125,0.0,nan,384.79998779296875,0.0,0.0,1263.4000244140625,nan,nan,nan,65536.0
2026-09-12T13:06:00.000+08:00,0.0,14.698169708251953,9.951416015625,0.0,nan,384.79998779296875,0.0,0.0,1263.4000244140625,nan,nan,nan,65536.0
2026-09-12T13:07:00.000+08:00,0.0,14.756538391113281,10.076416015625,0.0,nan,384.70001220703125,0.0,0.0,1263.4000244140625,nan,nan,nan,65536.0
2026-09-12T13:08:00.000+08:00,0.0,14.754440307617188,10.034912109375,0.0,nan,384.6000061035156,0.0,0.0,1263.4000244140625,nan,nan,nan,65536.0
2026-09-12T13:09:00.000+08:00,0.0,14.769489288330078,10.013916015625,0.0,nan,385.1000061035156,0.0,0.0,1263.4000244140625,nan,nan,nan,65536.0
2026-09-12T13:10:00.000+08:00,0.0,14.873905181884766,10.1181640625,0.0,nan,385.1000061035156,0.0,0.0,1263.4000244140625,nan,nan,nan,65536.0
2026-09-12T13:11:00.000+08:00,0.0,14.932342529296875,10.166748046875,0.0,nan,384.3999938964844,0.0,0.0,1263.4000244140625,nan,nan,nan,65536.0
2026-09-12T13:12:00.000+08:00,0.0,14.875064849853516,10.0625,0.0,nan,384.5,0.0,0.0,1263.4000244140625,nan,nan,nan,65536.0
2026-09-12T13:13:00.000+08:00,0.0,14.879936218261719,10.25,0.0,nan,384.29998779296875,0.0,0.0,1263.4000244140625,nan,nan,nan,65536.0
2026-09-12T13:14:00.000+08:00,0.0,14.92062759399414,10.208251953125,0.0,nan,384.6000061035156,0.0,0.0,1263.4000244140625,nan,nan,nan,65536.0
2026-09-12T13:15:00.000+08:00,0.0,14.893085479736328,10.1875,0.0,nan,384.20001220703125,0.0,0.0,1263.4000244140625,nan,nan,nan,65536.0
2026-09-12T13:16:00.000+08:00,0.0,14.881050109863281,10.222412109375,0.0,nan,384.70001220703125,0.0,0.0,1263.4000244140625,nan,nan,nan,65536.0
2026-09-12T13:17:00.000+08:00,0.0,14.947216033935547,10.395751953125,0.0,nan,383.29998779296875,0.0,0.0,1263.4000244140625,nan,nan,nan,65536.0
2026-09-12T13:18:00.000+08:00,0.0,14.996902465820312,10.270751953125,0.0,nan,383.79998779296875,0.0,0.0,1263.4000244140625,nan,nan,nan,65536.0
2026-09-12T13:19:00.000+08:00,0.0,15.029613494873047,10.4306640625,0.0,nan,383.8999938964844,0.0,0.0,1263.4000244140625,nan,nan,nan,65536.0
2026-09-12T13:20:00.000+08:00,0.0,14.978500366210938,10.3681640625,0.0,nan,384.1000061035156,0.0,0.0,1263.4000244140625,nan,nan,nan,65536.0
2026-09-12T13:21:00.000+08:00,0.0,15.05038833618164,10.4375,0.0,nan,383.70001220703125,0.0,0.0,1263.4000244140625,nan,nan,nan,65536.0
2026-09-12T13:22:00.000+08:00,0.0,15.040397644042969,10.4931640625,0.0,nan,383.79998779296875,0.0,0.0,1263.4000244140625,nan,nan,nan,65536.0
2026-09-12T13:23:00.000+08:00,0.0,15.122486114501953,10.479248046875,0.0,nan,383.79998779296875,0.0,0.0,1263.4000244140625,nan,nan,nan,65536.0
2026-09-12T13:24:00.000+08:00,0.0,15.035781860351562,10.479248046875,0.0,nan,383.70001220703125,0.0,0.0,1263.4000244140625,nan,nan,nan,65536.0
2026-09-12T13:25:00.000+08:00,0.0,15.071701049804688,10.645751953125,0.0,nan,384.1000061035156,0.0,0.0,1263.4000244140625,nan,nan,nan,65536.0
2026-09-12T13:26:00.000+08:00,0.0,15.12356948852539,10.604248046875,0.0,nan,384.20001220703125,0.0,0.0,1263.4000244140625,nan,nan,nan,65536.0
2026-09-12T13:27:00.000+08:00,0.0,15.11905288696289,10.520751953125,0.0,nan,384.20001220703125,0.0,0.0,1263.4000244140625,nan,nan,nan,65536.0
2026-09-12T13:28:00.000+08:00,0.0,15.156742095947266,10.65283203125,0.0,nan,384.5,0.0,0.0,1263.4000244140625,nan,nan,nan,65536.0
2026-09-12T13:29:00.000+08:00,0.0,15.1756591796875,10.666748046875,0.0,nan,384.70001220703125,0.0,0.0,1263.4000244140625,nan,nan,nan,65536.0
2026-09-12T13:30:00.000+08:00,0.0,15.186729431152344,10.5625,0.0,nan,384.79998779296875,0.0,0.0,1263.4000244140625,nan,nan,nan,65536.0
2026-09-12T13:31:00.000+08:00,0.0,15.130813598632812,10.861083984375,0.0,nan,384.79998779296875,0.0,0.0,1263.4000244140625,nan,nan,nan,65536.0
2026-09-12T13:32:00.000+08:00,0.0,15.215473175048828,10.722412109375,0.0,nan,385.29998779296875,0.0,0.0,1263.4000244140625,nan,nan,nan,65536.0
2026-09-12T13:33:00.000+08:00,0.0,15.216995239257812,10.763916015625,0.0,nan,385.79998779296875,0.0,0.0,1263.4000244140625,nan,nan,nan,65536.0
2026-09-12T13:34:00.000+08:00,0.0,15.21420669555664,10.84033203125,0.0,nan,385.1000061035156,0.0,0.0,1263.4000244140625,nan,nan,nan,65536.0
2026-09-12T13:35:00.000+08:00,0.0,15.225631713867188,10.763916015625,0.0,nan,384.8999938964844,0.0,0.0,1263.4000244140625,nan,nan,nan,65536.0
2026-09-12T13:36:00.000+08:00,0.0,15.249187469482422,10.763916015625,0.0,nan,385.1000061035156,0.0,0.0,1263.4000244140625,nan,nan,nan,65536.0
2026-09-12T13:37:00.000+08:00,0.0,15.294185638427734,10.909912109375,0.0,nan,385.20001220703125,0.0,0.0,1263.4000244140625,nan,nan,nan,65536.0
2026-09-12T13:38:00.000+08:00,0.0,15.297481536865234,10.882080078125,0.0,nan,385.1000061035156,0.0,0.0,1263.4000244140625,nan,nan,nan,65536.0
2026-09-12T13:39:00.000+08:00,0.0,15.373794555664062,10.979248046875,0.0,nan,384.79998779296875,0.0,0.0,1263.4000244140625,nan,nan,nan,65536.0
2026-09-12T13:40:00.000+08:00,0.0,15.360450744628906,11.013916015625,0.0,nan,384.79998779296875,0.0,0.0,1263.4000244140625,nan,nan,nan,65536.0
2026-09-12T13:41:00.000+08:00,0.0,15.353565216064453,10.986328125,0.0,nan,385.29998779296875,0.0,0.0,1263.4000244140625,nan,nan,nan,65536.0
2026-09-12T13:42:00.000+08:00,0.0,15.346282958984375,10.951416015625,0.0,nan,385.29998779296875,0.0,0.0,1263.4000244140625,nan,nan,nan,65536.0
2026-09-12T13:43:00.000+08:00,0.0,15.323596954345703,11.020751953125,0.0,nan,385.5,0.0,0.0,1263.4000244140625,nan,nan,nan,65536.0
2026-09-12T13:44:00.000+08:00,0.0,15.392345428466797,11.034912109375,0.0,nan,385.3999938964844,0.0,0.0,1263.4000244140625,nan,nan,nan,65536.0
2026-09-12T13:45:00.000+08:00,0.0,15.417255401611328,11.034912109375,0.0,nan,385.6000061035156,0.0,0.0,1263.4000244140625,nan,nan,nan,65536.0
2026-09-12T13:46:00.000+08:00,0.0,15.409805297851562,11.1181640625,0.0,nan,385.5,0.0,0.0,1263.4000244140625,nan,nan,nan,65536.0
2026-09-12T13:47:00.000+08:00,0.0,15.384517669677734,11.159912109375,0.0,nan,385.6000061035156,0.0,0.0,1263.4000244140625,nan,nan,nan,65536.0
2026-09-12T13:48:00.000+08:00,0.0,15.485584259033203,11.208251953125,0.0,nan,385.3999938964844,0.0,0.0,1263.4000244140625,nan,nan,nan,65536.0
2026-09-12T13:49:00.000+08:00,0.0,15.452014923095703,11.298583984375,0.0,nan,385.3999938964844,0.0,0.0,1263.4000244140625,nan,nan,nan,65536.0
2026-09-12T13:50:00.000+08:00,0.0,15.47226333618164,11.25,0.0,nan,385.79998779296875,0.0,0.0,1263.4000244140625,nan,nan,nan,65536.0
2026-09-12T13:51:00.000+08:00,0.0,15.47415542602539,11.326416015625,0.0,nan,385.70001220703125,0.0,0.0,1263.4000244140625,nan,nan,nan,65536.0
2026-09-12T13:52:00.000+08:00,0.0,15.532329559326172,11.354248046875,0.0,nan,386.29998779296875,0.0,0.0,1263.4000244140625,nan,nan,nan,65536.0
2026-09-12T13:53:00.000+08:00,0.0,15.535247802734375,11.319580078125,0.0,nan,385.8999938964844,0.0,0.0,1263.4000244140625,nan,nan,nan,65536.0
2026-09-12T13:54:00.000+08:00,0.0,15.544979095458984,11.361083984375,0.0,nan,386.29998779296875,0.0,0.0,1263.4000244140625,nan,nan,nan,65536.0
2026-09-12T13:55:00.000+08:00,0.0,15.600841522216797,11.451416015625,0.0,nan,386.0,0.0,0.0,1263.4000244140625,nan,nan,nan,65536.0
2026-09-12T13:56:00.000+08:00,0.0,15.587005615234375,11.40283203125,0.0,nan,386.0,0.0,0.0,1263.4000244140625,nan,nan,nan,65536.0
2026-09-12T13:57:00.000+08:00,0.0,15.68048095703125,11.513916015625,0.0,nan,385.70001220703125,0.0,0.0,1263.4000244140625,nan,nan,nan,65536.0
2026-09-12T13:58:00.000+08:00,0.0,15.649486541748047,11.604248046875,0.0,nan,385.79998779296875,0.0,0.0,1263.4000244140625,nan,nan,nan,65536.0
2026-09-12T13:59:00.000+08:00,0.0,15.676990509033203,11.611083984375,0.0,nan,385.79998779296875,0.0,0.0,1263.4000244140625,nan,nan,nan,65536.0
2026-09-12T14:00:00.000+08:00,0.0,15.630287170410156,11.611083984375,0.0,nan,385.70001220703125,0.0,0.0,1263.4000244140625,nan,nan,nan,65536.0
2026-09-12T14:01:00.000+08:00,0.0,15.626811981201172,11.611083984375,0.0,nan,385.29998779296875,0.0,0.0,1263.4000244140625,nan,nan,nan,65536.0
2026-09-12T14:02:00.000+08:00,0.0,15.7286376953125,11.583251953125,0.0,nan,385.79998779296875,0.0,0.0,1263.4000244140625,nan,nan,nan,65536.0
2026-09-12T14:03:00.000+08:00,0.0,15.702102661132812,11.71533203125,0.0,nan,386.0,0.0,0.0,1263.4000244140625,nan,nan,nan,65536.0
2026-09-12T14:04:00.000+08:00,0.0,15.687625885009766,11.7431640625,0.0,nan,385.5,0.0,0.0,1263.4000244140625,nan,nan,nan,65536.0
2026-09-12T14:05:00.000+08:00,0.0,15.729278564453125,11.694580078125,0.0,nan,385.29998779296875,0.0,0.0,1263.4000244140625,nan,nan,nan,65536.0
2026-09-12T14:06:00.000+08:00,0.0,15.798046112060547,11.798583984375,0.0,nan,385.79998779296875,0.0,0.0,1263.4000244140625,nan,nan,nan,65536.0
2026-09-12T14:07:00.000+08:00,0.0,15.786468505859375,11.77783203125,0.0,nan,385.6000061035156,0.0,0.0,1263.4000244140625,nan,nan,nan,65536.0
2026-09-12T14:08:00.000+08:00,0.0,15.77212142944336,11.861083984375,0.0,nan,385.29998779296875,0.0,0.0,1263.4000244140625,nan,nan,nan,65536.0
2026-09-12T14:09:00.000+08:00,0.0,15.804485321044922,11.895751953125,0.0,nan,385.6000061035156,0.0,0.0,1263.4000244140625,nan,nan,nan,65536.0
2026-09-12T14:10:00.000+08:00,0.0,15.87307357788086,11.916748046875,0.0,nan,386.20001220703125,0.0,0.0,1263.4000244140625,nan,nan,nan,65536.0
2026-09-12T14:11:00.000+08:00,0.0,15.844551086425781,11.923583984375,0.0,nan,385.8999938964844,0.0,0.0,1263.4000244140625,nan,nan,nan,65536.0
2026-09-12T14:12:00.000+08:00,0.0,15.854610443115234,12.034912109375,0.0,nan,386.20001220703125,0.0,0.0,1263.4000244140625,nan,nan,nan,65536.0
2026-09-12T14:13:00.000+08:00,0.0,15.849777221679688,11.979248046875,0.0,nan,386.1000061035156,0.0,0.0,1263.4000244140625,nan,nan,nan,65536.0
2026-09-12T14:14:00.000+08:00,0.0,15.913116455078125,12.041748046875,0.0,nan,386.29998779296875,0.0,0.0,1263.4000244140625,nan,nan,nan,65536.0
2026-09-12T14:15:00.000+08:00,0.0,15.89007568359375,12.069580078125,0.0,nan,386.70001220703125,0.0,0.0,1263.4000244140625,nan,nan,nan,65536.0
2026-09-12T14:16:00.000+08:00,0.0,15.921932220458984,12.083251953125,0.0,nan,386.79998779296875,0.0,0.0,1263.4000244140625,nan,nan,nan,65536.0
2026-09-12T14:17:00.000+08:00,0.0,15.988033294677734,12.132080078125,0.0,nan,386.6000061035156,0.0,0.0,1263.4000244140625,nan,nan,nan,65536.0
2026-09-12T14:18:00.000+08:00,0.0,15.981292724609375,12.138916015625,0.0,nan,386.6000061035156,0.0,0.0,1263.4000244140625,nan,nan,nan,65536.0
2026-09-12T14:19:00.000+08:00,0.0,16.054397583007812,12.2431640625,0.0,nan,386.79998779296875,0.0,0.0,1263.4000244140625,nan,nan,nan,65536.0
2026-09-12T14:20:00.000+08:00,0.0,15.970943450927734,12.201416015625,0.0,nan,386.6000061035156,0.0,0.0,1263.4000244140625,nan,nan,nan,65536.0
2026-09-12T14:21:00.000+08:00,0.0,16.019271850585938,12.3056640625,0.0,nan,386.3999938964844,0.0,0.0,1263.4000244140625,nan,nan,nan,65536.0
2026-09-12T14:22:00.000+08:00,0.0,16.034591674804688,12.347412109375,0.0,nan,386.3999938964844,0.0,0.0,1263.4000244140625,nan,nan,nan,65536.0
2026-09-12T14:23:00.000+08:00,0.0,16.120216369628906,12.3056640625,0.0,nan,386.6000061035156,0.0,0.0,1263.4000244140625,nan,nan,nan,65536.0
2026-09-12T14:24:00.000+08:00,0.0,16.097984313964844,12.3125,0.0,nan,386.70001220703125,0.0,0.0,1263.4000244140625,nan,nan,nan,65536.0
2026-09-12T14:25:00.000+08:00,0.0,16.057540893554688,12.382080078125,0.0,nan,386.70001220703125,0.0,0.0,1263.4000244140625,nan,nan,nan,65536.0
2026-09-12T14:26:00.000+08:00,0.0,16.225692749023438,12.409912109375,0.0,nan,386.79998779296875,0.0,0.0,1263.4000244140625,nan,nan,nan,65536.0
2026-09-12T14:27:00.000+08:00,0.0,16.008331298828125,12.46533203125,0.0,nan,387.0,0.0,0.0,1263.4000244140625,nan,nan,nan,65536.0
2026-09-12T14:28:00.000+08:00,0.0,16.184974670410156,12.4931640625,0.0,nan,386.70001220703125,0.0,0.0,1263.4000244140625,nan,nan,nan,65536.0
2026-09-12T14:29:00.000+08:00,0.0,16.173057556152344,12.507080078125,0.0,nan,387.1000061035156,0.0,0.0,1263.4000244140625,nan,nan,nan,65536.0
2026-09-12T14:30:00.000+08:00,0.0,16.165206909179688,12.569580078125,0.0,nan,387.0,0.0,0.0,1263.4000244140625,nan,nan,nan,65536.0
2026-09-12T14:31:00.000+08:00,0.0,16.180335998535156,12.611083984375,0.0,nan,387.29998779296875,0.0,0.0,1263.4000244140625,nan,nan,nan,65536.0
2026-09-12T14:32:00.000+08:00,0.0,16.23609161376953,12.576416015625,0.0,nan,387.1000061035156,0.0,0.0,1263.4000244140625,nan,nan,nan,65536.0
2026-09-12T14:33:00.000+08:00,0.0,16.212257385253906,12.65283203125,0.0,nan,387.20001220703125,0.0,0.0,1263.4000244140625,nan,nan,nan,65536.0
2026-09-12T14:34:00.000+08:00,0.0,16.159751892089844,12.736083984375,0.0,nan,386.70001220703125,0.0,0.0,1263.4000244140625,nan,nan,nan,65536.0
2026-09-12T14:35:00.000+08:00,0.0,16.357162475585938,12.708251953125,0.0,nan,387.1000061035156,0.0,0.0,1263.4000244140625,nan,nan,nan,65536.0
2026-09-12T14:36:00.000+08:00,0.0,16.259315490722656,12.791748046875,0.0,nan,387.0,0.0,0.0,1263.4000244140625,nan,nan,nan,65536.0
2026-09-12T14:37:00.000+08:00,0.0,16.353271484375,12.75,0.0,nan,386.5,0.0,0.0,1263.4000244140625,nan,nan,nan,65536.0
2026-09-12T14:38:00.000+08:00,0.0,16.334938049316406,12.75,0.0,nan,387.1000061035156,0.0,0.0,1263.4000244140625,nan,nan,nan,65536.0
2026-09-12T14:39:00.000+08:00,0.0,16.314292907714844,12.847412109375,0.0,nan,386.6000061035156,0.0,0.0,1263.4000244140625,nan,nan,nan,65536.0
2026-09-12T14:40:00.000+08:00,0.0,16.341384887695312,12.8125,0.0,nan,386.20001220703125,0.0,0.0,1263.4000244140625,nan,nan,nan,65536.0
2026-09-12T14:41:00.000+08:00,0.0,16.350250244140625,12.9306640625,0.0,nan,386.5,0.0,0.0,1263.4000244140625,nan,nan,nan,65536.0
2026-09-12T14:42:00.000+08:00,0.0,16.366195678710938,12.909912109375,0.0,nan,386.70001220703125,0.0,0.0,1263.4000244140625,nan,nan,nan,65536.0
2026-09-12T14:43:00.000+08:00,0.0,16.42115020751953,12.9931640625,0.0,nan,386.5,0.0,0.0,1263.4000244140625,nan,nan,nan,65536.0
2026-09-12T14:44:00.000+08:00,0.0,16.384628295898438,13.007080078125,0.0,nan,386.29998779296875,0.0,0.0,1263.4000244140625,nan,nan,nan,65536.0
2026-09-12T14:45:00.000+08:00,0.0,16.408538818359375,13.02783203125,0.0,nan,386.6000061035156,0.0,0.0,1263.4000244140625,nan,nan,nan,65536.0
2026-09-12T14:46:00.000+08:00,0.0,16.39019775390625,13.083251953125,0.0,nan,386.8999938964844,0.0,0.0,1263.4000244140625,nan,nan,nan,65536.0
2026-09-12T14:47:00.000+08:00,0.0,16.481918334960938,13.09033203125,0.0,nan,387.0,0.0,0.0,1263.4000244140625,nan,nan,nan,65536.0
2026-09-12T14:48:00.000+08:00,0.0,16.487442016601562,13.069580078125,0.0,nan,387.1000061035156,0.0,0.0,1263.4000244140625,nan,nan,nan,65536.0
2026-09-12T14:49:00.000+08:00,0.0,16.446990966796875,13.15283203125,0.0,nan,387.1000061035156,0.0,0.0,1263.4000244140625,nan,nan,nan,65536.0
2026-09-12T14:50:00.000+08:00,0.0,16.395370483398438,13.236083984375,0.0,nan,386.8999938964844,0.0,0.0,1263.4000244140625,nan,nan,nan,65536.0
2026-09-12T14:51:00.000+08:00,0.0,16.496505737304688,13.229248046875,0.0,nan,387.0,0.0,0.0,1263.4000244140625,nan,nan,nan,65536.0
2026-09-12T14:52:00.000+08:00,0.0,16.510765075683594,13.208251953125,0.0,nan,387.20001220703125,0.0,0.0,1263.4000244140625,nan,nan,nan,65536.0
2026-09-12T14:53:00.000+08:00,0.0,16.530838012695312,13.3056640625,0.0,nan,386.8999938964844,0.0,0.0,1263.4000244140625,nan,nan,nan,65536.0
2026-09-12T14:54:00.000+08:00,0.0,16.55060577392578,13.333251953125,0.0,nan,387.1000061035156,0.0,0.0,1263.4000244140625,nan,nan,nan,65536.0
2026-09-12T14:55:00.000+08:00,0.0,16.5489501953125,13.3681640625,0.0,nan,386.79998779296875,0.0,0.0,1263.4000244140625,nan,nan,nan,65536.0
2026-09-12T14:56:00.000+08:00,0.0,16.6033935546875,13.326416015625,0.0,nan,386.70001220703125,0.0,0.0,1263.4000244140625,nan,nan,nan,65536.0
2026-09-12T14:57:00.000+08:00,0.0,16.61217498779297,13.4375,0.0,nan,387.0,0.0,0.0,1263.4000244140625,nan,nan,nan,65536.0
2026-09-12T14:58:00.000+08:00,0.0,16.58831024169922,13.382080078125,0.0,nan,387.20001220703125,0.0,0.0,1263.4000244140625,nan,nan,nan,65536.0
2026-09-12T14:59:00.000+08:00,0.0,16.67510223388672,13.46533203125,0.0,nan,387.29998779296875,0.0,0.0,1263.4000244140625,nan,nan,nan,65536.0
2026-09-12T15:00:00.000+08:00,0.0,16.64319610595703,13.5,0.0,nan,387.5,0.0,0.0,1263.4000244140625,nan,nan,nan,65536.0
2026-09-12T15:01:00.000+08:00,0.0,16.63605499267578,13.548583984375,0.0,nan,387.20001220703125,0.0,0.0,1263.4000244140625,nan,nan,nan,65536.0
2026-09-12T15:02:00.000+08:00,0.0,16.62512969970703,13.597412109375,0.0,nan,386.20001220703125,0.0,0.0,1263.4000244140625,nan,nan,nan,65536.0
2026-09-12T15:03:00.000+08:00,0.0,16.67462921142578,13.576416015625,0.0,nan,386.79998779296875,0.0,0.0,1263.4000244140625,nan,nan,nan,65536.0
2026-09-12T15:04:00.000+08:00,0.0,16.723312377929688,13.5625,0.0,nan,387.1000061035156,0.0,0.0,1263.4000244140625,nan,nan,nan,65536.0
2026-09-12T15:05:00.000+08:00,0.0,16.674232482910156,13.632080078125,0.0,nan,387.1000061035156,0.0,0.0,1263.4000244140625,nan,nan,nan,65536.0
2026-09-12T15:06:00.000+08:00,0.0,16.746292114257812,13.625,0.0,nan,387.1000061035156,0.0,0.0,1263.4000244140625,nan,nan,nan,65536.0
2026-09-12T15:07:00.000+08:00,0.0,16.63097381591797,13.722412109375,0.0,nan,386.3999938964844,0.0,0.0,1263.4000244140625,nan,nan,nan,65536.0
2026-09-12T15:08:00.000+08:00,0.0,16.76557159423828,13.708251953125,0.0,nan,386.6000061035156,0.0,0.0,1263.4000244140625,nan,nan,nan,65536.0
2026-09-12T15:09:00.000+08:00,0.0,16.772666931152344,13.77783203125,0.0,nan,386.8999938964844,0.0,0.0,1263.4000244140625,nan,nan,nan,65536.0
2026-09-12T15:10:00.000+08:00,0.0,16.87085723876953,13.77783203125,0.0,nan,386.70001220703125,0.0,0.0,1263.4000244140625,nan,nan,nan,65536.0
2026-09-12T15:11:00.000+08:00,0.0,16.75750732421875,13.84033203125,0.0,nan,386.70001220703125,0.0,0.0,1263.4000244140625,nan,nan,nan,65536.0
2026-09-12T15:12:00.000+08:00,0.0,16.836952209472656,13.861083984375,0.0,nan,386.70001220703125,0.0,0.0,1263.4000244140625,nan,nan,nan,65536.0
2026-09-12T15:13:00.000+08:00,0.0,16.78925323486328,13.895751953125,0.0,nan,387.1000061035156,0.0,0.0,1263.4000244140625,nan,nan,nan,65536.0
2026-09-12T15:14:00.000+08:00,0.0,16.787330627441406,13.9306640625,0.0,nan,387.20001220703125,0.0,0.0,1263.4000244140625,nan,nan,nan,65536.0
2026-09-12T15:15:00.000+08:00,0.0,16.767662048339844,13.986083984375,0.0,nan,387.5,0.0,0.0,1263.4000244140625,nan,nan,nan,65536.0
2026-09-12T15:16:00.000+08:00,0.0,16.923660278320312,13.986083984375,0.0,nan,387.79998779296875,0.0,0.0,1263.4000244140625,nan,nan,nan,65536.0
2026-09-12T15:17:00.000+08:00,0.0,16.91297149658203,14.0556640625,0.0,nan,387.1000061035156,0.0,0.0,1263.4000244140625,nan,nan,nan,65536.0
2026-09-12T15:18:00.000+08:00,0.0,16.919082641601562,14.041748046875,0.0,nan,387.1000061035156,0.0,0.0,1263.4000244140625,nan,nan,nan,65536.0
2026-09-12T15:19:00.000+08:00,0.0,16.94483184814453,14.048583984375,0.0,nan,386.29998779296875,0.0,0.0,1263.4000244140625,nan,nan,nan,65536.0
2026-09-12T15:20:00.000+08:00,0.0,16.988182067871094,14.007080078125,0.0,nan,386.3999938964844,0.0,0.0,1263.4000244140625,nan,nan,nan,65536.0
2026-09-12T15:21:00.000+08:00,0.0,16.958786010742188,14.104248046875,0.0,nan,385.8999938964844,0.0,0.0,1263.4000244140625,nan,nan,nan,65536.0
2026-09-12T15:22:00.000+08:00,0.0,16.978126525878906,14.132080078125,0.0,nan,385.6000061035156,0.0,0.0,1263.4000244140625,nan,nan,nan,65536.0
2026-09-12T15:23:00.000+08:00,0.0,16.985336303710938,14.111083984375,0.0,nan,385.79998779296875,0.0,0.0,1263.4000244140625,nan,nan,nan,65536.0
2026-09-12T15:24:00.000+08:00,0.0,16.900978088378906,14.2431640625,0.0,nan,386.29998779296875,0.0,0.0,1263.4000244140625,nan,nan,nan,65536.0
2026-09-12T15:25:00.000+08:00,0.0,17.072906494140625,14.201416015625,0.0,nan,386.20001220703125,0.0,0.0,1263.4000244140625,nan,nan,nan,65536.0
2026-09-12T15:26:00.000+08:00,0.0,17.032066345214844,14.27783203125,0.0,nan,386.5,0.0,0.0,1263.4000244140625,nan,nan,nan,65536.0
2026-09-12T15:27:00.000+08:00,0.0,17.093162536621094,14.257080078125,0.0,nan,386.70001220703125,0.0,0.0,1263.4000244140625,nan,nan,nan,65536.0
2026-09-12T15:28:00.000+08:00,0.0,17.08782196044922,14.298583984375,0.0,nan,386.79998779296875,0.0,0.0,1263.4000244140625,nan,nan,nan,65536.0
2026-09-12T15:29:00.000+08:00,0.0,17.02576446533203,14.3125,0.0,nan,386.79998779296875,0.0,0.0,1263.4000244140625,nan,nan,nan,65536.0
2026-09-12T15:30:00.000+08:00,0.0,17.020423889160156,14.319580078125,0.0,nan,386.6000061035156,0.0,0.0,1263.4000244140625,nan,nan,nan,65536.0
2026-09-12T15:31:00.000+08:00,0.0,17.029212951660156,14.39599609375,0.0,nan,386.8999938964844,0.0,0.0,1263.4000244140625,nan,nan,nan,65536.0
2026-09-12T15:32:00.000+08:00,0.0,17.073448181152344,14.409912109375,0.0,nan,386.79998779296875,0.0,0.0,1263.4000244140625,nan,nan,nan,65536.0
2026-09-12T15:33:00.000+08:00,0.0,17.1727294921875,14.388916015625,0.0,nan,387.1000061035156,0.0,0.0,1263.4000244140625,nan,nan,nan,65536.0
2026-09-12T15:34:00.000+08:00,0.0,17.22942352294922,14.39599609375,0.0,nan,387.1000061035156,0.0,0.0,1263.4000244140625,nan,nan,nan,65536.0
2026-09-12T15:35:00.000+08:00,0.0,17.15227508544922,14.451416015625,0.0,nan,386.79998779296875,0.0,0.0,1263.4000244140625,nan,nan,nan,65536.0
2026-09-12T15:36:00.000+08:00,0.0,17.170753479003906,14.507080078125,0.0,nan,386.79998779296875,0.0,0.0,1263.4000244140625,nan,nan,nan,65536.0
2026-09-12T15:37:00.000+08:00,0.0,17.174362182617188,14.52783203125,0.0,nan,385.8999938964844,0.0,0.0,1263.4000244140625,nan,nan,nan,65536.0
2026-09-12T15:38:00.000+08:00,0.0,17.17870330810547,14.5,0.0,nan,386.70001220703125,0.0,0.0,1263.4000244140625,nan,nan,nan,65536.0
2026-09-12T15:39:00.000+08:00,0.0,17.188331604003906,14.597412109375,0.0,nan,386.8999938964844,0.0,0.0,1263.4000244140625,nan,nan,nan,65536.0
2026-09-12T15:40:00.000+08:00,0.0,17.237030029296875,14.583251953125,0.0,nan,387.0,0.0,0.0,1263.4000244140625,nan,nan,nan,65536.0
2026-09-12T15:41:00.000+08:00,0.0,17.174880981445312,14.632080078125,0.0,nan,386.70001220703125,0.0,0.0,1263.4000244140625,nan,nan,nan,65536.0
2026-09-12T15:42:00.000+08:00,0.0,17.31494140625,14.65283203125,0.0,nan,386.8999938964844,0.0,0.0,1263.4000244140625,nan,nan,nan,65536.0
2026-09-12T15:43:00.000+08:00,0.0,17.317649841308594,14.673583984375,0.0,nan,387.0,0.0,0.0,1263.4000244140625,nan,nan,nan,65536.0
2026-09-12T15:44:00.000+08:00,0.0,17.27330780029297,14.708251953125,0.0,nan,387.1000061035156,0.0,0.0,1263.4000244140625,nan,nan,nan,65536.0
2026-09-12T15:45:00.000+08:00,0.0,17.317466735839844,14.71533203125,0.0,nan,387.0,0.0,0.0,1263.4000244140625,nan,nan,nan,65536.0
2026-09-12T15:46:00.000+08:00,0.0,17.311309814453125,14.71533203125,0.0,nan,386.8999938964844,0.0,0.0,1263.4000244140625,nan,nan,nan,65536.0
2026-09-12T15:47:00.000+08:00,0.0,17.329795837402344,14.77783203125,0.0,nan,387.1000061035156,0.0,0.0,1263.4000244140625,nan,nan,nan,65536.0
2026-09-12T15:48:00.000+08:00,0.0,17.36719512939453,14.770751953125,0.0,nan,386.79998779296875,0.0,0.0,1263.4000244140625,nan,nan,nan,65536.0
2026-09-12T15:49:00.000+08:00,0.0,17.371505737304688,14.826416015625,0.0,nan,387.0,0.0,0.0,1263.4000244140625,nan,nan,nan,65536.0
2026-09-12T15:50:00.000+08:00,0.0,17.34308624267578,14.84033203125,0.0,nan,387.29998779296875,0.0,0.0,1263.4000244140625,nan,nan,nan,65536.0
2026-09-12T15:51:00.000+08:00,0.0,17.25145721435547,14.923583984375,0.0,nan,387.79998779296875,0.0,0.0,1263.4000244140625,nan,nan,nan,65536.0
2026-09-12T15:52:00.000+08:00,0.0,17.435943603515625,14.895751953125,0.0,nan,387.79998779296875,0.0,0.0,1263.4000244140625,nan,nan,nan,65536.0
2026-09-12T15:53:00.000+08:00,0.0,17.463600158691406,14.9306640625,0.0,nan,387.70001220703125,0.0,0.0,1263.4000244140625,nan,nan,nan,65536.0
2026-09-12T15:54:00.000+08:00,0.0,17.45630645751953,14.958251953125,0.0,nan,387.8999938964844,0.0,0.0,1263.4000244140625,nan,nan,nan,65536.0
2026-09-12T15:55:00.000+08:00,0.0,17.452590942382812,14.96533203125,0.0,nan,387.8999938964844,0.0,0.0,1263.4000244140625,nan,nan,nan,65536.0
2026-09-12T15:56:00.000+08:00,0.0,17.403030395507812,15.0,0.0,nan,387.8999938964844,0.0,0.0,1263.4000244140625,nan,nan,nan,65536.0
2026-09-12T15:57:00.000+08:00,0.0,17.456993103027344,15.0,0.0,nan,387.79998779296875,0.0,0.0,1263.4000244140625,nan,nan,nan,65536.0
2026-09-12T15:58:00.000+08:00,0.0,17.473854064941406,15.020751953125,0.0,nan,387.70001220703125,0.0,0.0,1263.4000244140625,nan,nan,nan,65536.0
2026-09-12T15:59:00.000+08:00,0.0,17.42951202392578,15.0625,0.0,nan,387.0,0.0,0.0,1263.4000244140625,nan,nan,nan,65536.0
2026-09-12T16:00:00.000+08:00,0.0,17.405593872070312,15.0625,0.0,nan,387.0,0.0,0.0,1263.4000244140625,nan,nan,nan,65536.0
2026-09-12T16:01:00.000+08:00,0.0,17.580307006835938,15.076416015625,0.0,nan,387.1000061035156,0.0,0.0,1263.4000244140625,nan,nan,nan,65536.0
2026-09-12T16:02:00.000+08:00,0.0,17.53546142578125,15.173583984375,0.0,nan,387.70001220703125,0.0,0.0,1263.4000244140625,nan,nan,nan,65536.0
2026-09-12T16:03:00.000+08:00,0.0,17.572052001953125,15.166748046875,0.0,nan,387.6000061035156,0.0,0.0,1263.4000244140625,nan,nan,nan,65536.0
2026-09-12T16:04:00.000+08:00,0.0,17.572998046875,15.14599609375,0.0,nan,387.8999938964844,0.0,0.0,1263.4000244140625,nan,nan,nan,65536.0
2026-09-12T16:05:00.000+08:00,0.0,17.62176513671875,15.222412109375,0.0,nan,388.1000061035156,0.0,0.0,1263.4000244140625,nan,nan,nan,65536.0
2026-09-12T16:06:00.000+08:00,0.0,17.519447326660156,15.298583984375,0.0,nan,388.0,0.0,0.0,1263.4000244140625,nan,nan,nan,65536.0
2026-09-12T16:07:00.000+08:00,0.0,17.52928924560547,15.284912109375,0.0,nan,387.70001220703125,0.0,0.0,1263.4000244140625,nan,nan,nan,65536.0
2026-09-12T16:08:00.000+08:00,0.0,17.527061462402344,15.312744140625,0.0,nan,387.79998779296875,0.0,0.0,1263.4000244140625,nan,nan,nan,65536.0
2026-09-12T16:09:00.000+08:00,0.0,17.555137634277344,15.298583984375,0.0,nan,387.70001220703125,0.0,0.0,1263.4000244140625,nan,nan,nan,65536.0
2026-09-12T16:10:00.000+08:00,0.0,17.648849487304688,15.326416015625,0.0,nan,387.5,0.0,0.0,1263.4000244140625,nan,nan,nan,65536.0
2026-09-12T16:11:00.000+08:00,0.0,17.666732788085938,15.326416015625,0.0,nan,387.5,0.0,0.0,1263.4000244140625,nan,nan,nan,65536.0
2026-09-12T16:12:00.000+08:00,0.0,17.687789916992188,15.326416015625,0.0,nan,387.20001220703125,0.0,0.0,1263.4000244140625,nan,nan,nan,65536.0
2026-09-12T16:13:00.000+08:00,0.0,17.72954559326172,15.361083984375,0.0,nan,387.29998779296875,0.0,0.0,1263.4000244140625,nan,nan,nan,65536.0
2026-09-12T16:14:00.000+08:00,0.0,17.721275329589844,15.395751953125,0.0,nan,387.20001220703125,0.0,0.0,1263.4000244140625,nan,nan,nan,65536.0
2026-09-12T16:15:00.000+08:00,0.0,17.683990478515625,15.451416015625,0.0,nan,388.1000061035156,0.0,0.0,1263.4000244140625,nan,nan,nan,65536.0
2026-09-12T16:16:00.000+08:00,0.0,17.675987243652344,15.46533203125,0.0,nan,388.0,0.0,0.0,1263.4000244140625,nan,nan,nan,65536.0
2026-09-12T16:17:00.000+08:00,0.0,17.66552734375,15.52783203125,0.0,nan,388.29998779296875,0.0,0.0,1263.4000244140625,nan,nan,nan,65536.0
2026-09-12T16:18:00.000+08:00,0.0,17.73497772216797,15.46533203125,0.0,nan,388.1000061035156,0.0,0.0,1263.4000244140625,nan,nan,nan,65536.0
2026-09-12T16:19:00.000+08:00,0.0,17.62945556640625,15.597412109375,0.0,nan,387.8999938964844,0.0,0.0,1263.4000244140625,nan,nan,nan,65536.0
2026-09-12T16:20:00.000+08:00,0.0,17.76026153564453,15.5556640625,0.0,nan,388.1000061035156,0.0,0.0,1263.4000244140625,nan,nan,nan,65536.0
2026-09-12T16:21:00.000+08:00,0.0,17.835479736328125,15.534912109375,0.0,nan,388.0,0.0,0.0,1263.4000244140625,nan,nan,nan,65536.0
2026-09-12T16:22:00.000+08:00,0.0,17.810043334960938,15.597412109375,0.0,nan,388.1000061035156,0.0,0.0,1263.4000244140625,nan,nan,nan,65536.0
2026-09-12T16:23:00.000+08:00,0.0,17.85594940185547,15.59033203125,0.0,nan,388.3999938964844,0.0,0.0,1263.4000244140625,nan,nan,nan,65536.0
2026-09-12T16:24:00.000+08:00,0.0,17.799591064453125,15.632080078125,0.0,nan,388.5,0.0,0.0,1263.4000244140625,nan,nan,nan,65536.0
2026-09-12T16:25:00.000+08:00,0.0,17.771438598632812,15.701416015625,0.0,nan,388.6000061035156,0.0,0.0,1263.4000244140625,nan,nan,nan,65536.0
2026-09-12T16:26:00.000+08:00,0.0,17.87334442138672,15.625,0.0,nan,388.5,0.0,0.0,1263.4000244140625,nan,nan,nan,65536.0
2026-09-12T16:27:00.000+08:00,0.0,17.838165283203125,15.71533203125,0.0,nan,388.5,0.0,0.0,1263.4000244140625,nan,nan,nan,65536.0
2026-09-12T16:28:00.000+08:00,0.0,17.844207763671875,15.6875,0.0,nan,388.0,0.0,0.0,1263.4000244140625,nan,nan,nan,65536.0
2026-09-12T16:29:00.000+08:00,0.0,17.81598663330078,15.784912109375,0.0,nan,387.6000061035156,0.0,0.0,1263.4000244140625,nan,nan,nan,65536.0
2026-09-12T16:30:00.000+08:00,0.0,17.7730712890625,15.75,0.0,nan,387.29998779296875,0.0,0.0,1263.4000244140625,nan,nan,nan,65536.0
2026-09-12T16:31:00.000+08:00,0.0,17.89659881591797,15.861083984375,0.0,nan,387.5,0.0,0.0,1263.4000244140625,nan,nan,nan,65536.0
2026-09-12T16:32:00.000+08:00,0.0,17.985740661621094,15.757080078125,0.0,nan,387.70001220703125,0.0,0.0,1263.4000244140625,nan,nan,nan,65536.0
2026-09-12T16:33:00.000+08:00,0.0,17.927505493164062,15.8681640625,0.0,nan,387.0,0.0,0.0,1263.4000244140625,nan,nan,nan,65536.0
2026-09-12T16:34:00.000+08:00,0.0,17.98432159423828,15.888916015625,0.0,nan,387.20001220703125,0.0,0.0,1263.4000244140625,nan,nan,nan,65536.0
2026-09-12T16:35:00.000+08:00,0.0,17.912147521972656,15.916748046875,0.0,nan,386.8999938964844,0.0,0.0,1263.4000244140625,nan,nan,nan,65536.0
2026-09-12T16:36:00.000+08:00,0.0,17.925132751464844,15.882080078125,0.0,nan,387.3999938964844,0.0,0.0,1263.4000244140625,nan,nan,nan,65536.0
2026-09-12T16:37:00.000+08:00,0.0,17.935096740722656,15.895751953125,0.0,nan,386.8999938964844,0.0,0.0,1263.4000244140625,nan,nan,nan,65536.0
2026-09-12T16:38:00.000+08:00,0.0,17.991897583007812,15.916748046875,0.0,nan,387.3999938964844,0.0,0.0,1263.4000244140625,nan,nan,nan,65536.0
2026-09-12T16:39:00.000+08:00,0.0,17.935707092285156,15.972412109375,0.0,nan,387.5,0.0,0.0,1263.4000244140625,nan,nan,nan,65536.0
2026-09-12T16:40:00.000+08:00,0.0,17.910797119140625,15.944580078125,0.0,nan,387.1000061035156,0.0,0.0,1263.4000244140625,nan,nan,nan,65536.0
2026-09-12T16:41:00.000+08:00,0.0,17.89977264404297,15.979248046875,0.0,nan,386.70001220703125,0.0,0.0,1263.4000244140625,nan,nan,nan,65536.0
2026-09-12T16:42:00.000+08:00,0.0,18.032127380371094,16.0,0.0,nan,386.8999938964844,0.0,0.0,1263.4000244140625,nan,nan,nan,65536.0
2026-09-12T16:43:00.000+08:00,0.0,18.024654388427734,16.06982421875,0.0,nan,386.5,0.0,0.0,1263.4000244140625,nan,nan,nan,65536.0
2026-09-12T16:44:00.000+08:00,0.0,18.055057525634766,16.01416015625,0.0,nan,386.8999938964844,0.0,0.0,1263.4000244140625,nan,nan,nan,65536.0
2026-09-12T16:45:00.000+08:00,0.0,18.084949493408203,16.06982421875,0.0,nan,387.1000061035156,0.0,0.0,1263.4000244140625,nan,nan,nan,65536.0
2026-09-12T16:46:00.000+08:00,0.0,18.077476501464844,16.111328125,0.0,nan,387.0,0.0,0.0,1263.4000244140625,nan,nan,nan,65536.0
2026-09-12T16:47:00.000+08:00,0.0,18.003807067871094,16.236328125,0.0,nan,387.5,0.0,0.0,1263.4000244140625,nan,nan,nan,65536.0
2026-09-12T16:48:00.000+08:00,0.0,18.01728057861328,16.13916015625,0.0,nan,387.20001220703125,0.0,0.0,1263.4000244140625,nan,nan,nan,65536.0
2026-09-12T16:49:00.000+08:00,0.0,18.048664093017578,16.16650390625,0.0,nan,387.1000061035156,0.0,0.0,1263.4000244140625,nan,nan,nan,65536.0
2026-09-12T16:50:00.000+08:00,0.0,18.071083068847656,16.1806640625,0.0,nan,387.29998779296875,0.0,0.0,1263.4000244140625,nan,nan,nan,65536.0
2026-09-12T16:51:00.000+08:00,0.0,18.193099975585938,16.16650390625,0.0,nan,387.3999938964844,0.0,0.0,1263.4000244140625,nan,nan,nan,65536.0
2026-09-12T16:52:00.000+08:00,0.0,18.086578369140625,16.236328125,0.0,nan,387.1000061035156,0.0,0.0,1263.4000244140625,nan,nan,nan,65536.0
2026-09-12T16:53:00.000+08:00,0.0,18.242923736572266,16.16650390625,0.0,nan,386.8999938964844,0.0,0.0,1263.4000244140625,nan,nan,nan,65536.0
2026-09-12T16:54:00.000+08:00,0.0,18.153793334960938,16.25,0.0,nan,387.0,0.0,0.0,1263.4000244140625,nan,nan,nan,65536.0
2026-09-12T16:55:00.000+08:00,0.0,18.13986587524414,16.25,0.0,nan,387.29998779296875,0.0,0.0,1263.4000244140625,nan,nan,nan,65536.0
2026-09-12T16:56:00.000+08:00,0.0,18.19576644897461,16.3056640625,0.0,nan,387.8999938964844,0.0,0.0,1263.4000244140625,nan,nan,nan,65536.0
2026-09-12T16:57:00.000+08:00,0.0,18.172271728515625,16.34716796875,0.0,nan,387.8999938964844,0.0,0.0,1263.4000244140625,nan,nan,nan,65536.0
2026-09-12T16:58:00.000+08:00,0.0,18.181331634521484,16.33349609375,0.0,nan,388.0,0.0,0.0,1263.4000244140625,nan,nan,nan,65536.0
2026-09-12T16:59:00.000+08:00,0.0,18.244037628173828,16.34716796875,0.0,nan,388.20001220703125,0.0,0.0,1263.4000244140625,nan,nan,nan,65536.0
2026-09-12T17:00:00.000+08:00,0.0,18.22113037109375,16.26416015625,0.0,nan,388.20001220703125,0.0,0.0,1263.4000244140625,nan,nan,nan,65536.0
2026-09-12T17:01:00.000+08:00,0.0,18.143474578857422,16.486328125,0.0,nan,388.1000061035156,0.0,0.0,1263.4000244140625,nan,nan,nan,65536.0
2026-09-12T17:02:00.000+08:00,0.0,18.138042449951172,16.47216796875,0.0,nan,388.29998779296875,0.0,0.0,1263.4000244140625,nan,nan,nan,65536.0
2026-09-12T17:03:00.000+08:00,0.0,18.30825424194336,16.375,0.0,nan,388.29998779296875,0.0,0.0,1263.4000244140625,nan,nan,nan,65536.0
2026-09-12T17:04:00.000+08:00,0.0,18.347187042236328,16.44482421875,0.0,nan,388.3999938964844,0.0,0.0,1263.4000244140625,nan,nan,nan,65536.0
2026-09-12T17:05:00.000+08:00,0.0,18.251136779785156,16.58349609375,0.0,nan,388.3999938964844,0.0,0.0,1263.4000244140625,nan,nan,nan,65536.0
2026-09-12T17:06:00.000+08:00,0.0,18.28701400756836,16.52783203125,0.0,nan,388.5,0.0,0.0,1263.4000244140625,nan,nan,nan,65536.0
2026-09-12T17:07:00.000+08:00,0.0,18.26849365234375,16.54150390625,0.0,nan,388.1000061035156,0.0,0.0,1263.4000244140625,nan,nan,nan,65536.0
2026-09-12T17:08:00.000+08:00,0.0,18.296916961669922,16.51416015625,0.0,nan,388.1000061035156,0.0,0.0,1263.4000244140625,nan,nan,nan,65536.0
2026-09-12T17:09:00.000+08:00,0.0,18.275047302246094,16.611328125,0.0,nan,387.8999938964844,0.0,0.0,1263.4000244140625,nan,nan,nan,65536.0
2026-09-12T17:10:00.000+08:00,0.0,18.296916961669922,16.59716796875,0.0,nan,387.79998779296875,0.0,0.0,1263.4000244140625,nan,nan,nan,65536.0
2026-09-12T17:11:00.000+08:00,0.0,18.33035659790039,16.5,0.0,nan,387.8999938964844,0.0,0.0,1263.4000244140625,nan,nan,nan,65536.0
2026-09-12T17:12:00.000+08:00,0.0,18.25180435180664,16.54150390625,0.0,nan,387.79998779296875,0.0,0.0,1263.4000244140625,nan,nan,nan,65536.0
2026-09-12T17:13:00.000+08:00,0.0,18.377548217773438,16.69482421875,0.0,nan,387.3999938964844,0.0,0.0,1263.4000244140625,nan,nan,nan,65536.0
2026-09-12T17:14:00.000+08:00,0.0,18.398143768310547,16.63916015625,0.0,nan,387.8999938964844,0.0,0.0,1263.4000244140625,nan,nan,nan,65536.0
2026-09-12T17:15:00.000+08:00,0.0,18.435943603515625,16.69482421875,0.0,nan,388.0,0.0,0.0,1263.4000244140625,nan,nan,nan,65536.0
2026-09-12T17:16:00.000+08:00,0.0,18.43802261352539,16.736328125,0.0,nan,388.3999938964844,0.0,0.0,1263.4000244140625,nan,nan,nan,65536.0
2026-09-12T17:17:00.000+08:00,0.0,18.418445587158203,16.6806640625,0.0,nan,387.5,0.0,0.0,1263.4000244140625,nan,nan,nan,65536.0
2026-09-12T17:18:00.000+08:00,0.0,18.434551239013672,16.63916015625,0.0,nan,388.0,0.0,0.0,1263.4000244140625,nan,nan,nan,65536.0
2026-09-12T17:19:00.000+08:00,0.0,18.4638671875,16.70849609375,0.0,nan,387.0,0.0,0.0,1263.4000244140625,nan,nan,nan,65536.0
2026-09-12T17:20:00.000+08:00,0.0,18.385330200195312,16.83349609375,0.0,nan,388.20001220703125,0.0,0.0,1263.4000244140625,nan,nan,nan,65536.0
2026-09-12T17:21:00.000+08:00,0.0,18.383777618408203,16.861328125,0.0,nan,387.6000061035156,0.0,0.0,1263.4000244140625,nan,nan,nan,65536.0
2026-09-12T17:22:00.000+08:00,0.0,18.400775909423828,16.81982421875,0.0,nan,388.20001220703125,0.0,0.0,1263.4000244140625,nan,nan,nan,65536.0
2026-09-12T17:23:00.000+08:00,0.0,18.438758850097656,16.8056640625,0.0,nan,387.8999938964844,0.0,0.0,1263.4000244140625,nan,nan,nan,65536.0
2026-09-12T17:24:00.000+08:00,0.0,18.542587280273438,16.81982421875,0.0,nan,387.6000061035156,0.0,0.0,1263.4000244140625,nan,nan,nan,65536.0
2026-09-12T17:25:00.000+08:00,0.0,18.576061248779297,16.77783203125,0.0,nan,387.6000061035156,0.0,0.0,1263.4000244140625,nan,nan,nan,65536.0
2026-09-12T17:26:00.000+08:00,0.0,18.50048828125,16.90283203125,0.0,nan,387.29998779296875,0.0,0.0,1263.4000244140625,nan,nan,nan,65536.0
2026-09-12T17:27:00.000+08:00,0.0,18.611103057861328,16.79150390625,0.0,nan,387.5,0.0,0.0,1263.4000244140625,nan,nan,nan,65536.0
2026-09-12T17:28:00.000+08:00,0.0,18.508983612060547,16.9169921875,0.0,nan,387.29998779296875,0.0,0.0,1263.4000244140625,nan,nan,nan,65536.0
2026-09-12T17:29:00.000+08:00,0.0,18.51781463623047,16.95849609375,0.0,nan,387.5,0.0,0.0,1263.4000244140625,nan,nan,nan,65536.0
2026-09-12T17:30:00.000+08:00,0.0,18.547306060791016,16.97216796875,0.0,nan,387.5,0.0,0.0,1263.4000244140625,nan,nan,nan,65536.0
2026-09-12T17:31:00.000+08:00,0.0,18.559783935546875,16.88916015625,0.0,nan,387.29998779296875,0.0,0.0,1263.4000244140625,nan,nan,nan,65536.0
2026-09-12T17:32:00.000+08:00,0.0,18.57891845703125,16.9306640625,0.0,nan,387.6000061035156,0.0,0.0,1263.4000244140625,nan,nan,nan,65536.0
2026-09-12T17:33:00.000+08:00,0.0,18.583721160888672,16.9169921875,0.0,nan,387.5,0.0,0.0,1263.4000244140625,nan,nan,nan,65536.0
2026-09-12T17:34:00.000+08:00,0.0,18.59274673461914,16.94482421875,0.0,nan,387.6000061035156,0.0,0.0,1263.4000244140625,nan,nan,nan,65536.0
2026-09-12T17:35:00.000+08:00,0.0,18.52306365966797,17.09716796875,0.0,nan,387.70001220703125,0.0,0.0,1263.4000244140625,nan,nan,nan,65536.0
2026-09-12T17:36:00.000+08:00,0.0,18.523590087890625,17.111328125,0.0,nan,387.79998779296875,0.0,0.0,1263.4000244140625,nan,nan,nan,65536.0
2026-09-12T17:37:00.000+08:00,0.0,18.639564514160156,17.04150390625,0.0,nan,387.6000061035156,0.0,0.0,1263.4000244140625,nan,nan,nan,65536.0
2026-09-12T17:38:00.000+08:00,0.0,18.680789947509766,17.04150390625,0.0,nan,387.8999938964844,0.0,0.0,1263.4000244140625,nan,nan,nan,65536.0
2026-09-12T17:39:00.000+08:00,0.0,18.71135711669922,17.0556640625,0.0,nan,387.70001220703125,0.0,0.0,1263.4000244140625,nan,nan,nan,65536.0
2026-09-12T17:40:00.000+08:00,0.0,18.71375274658203,17.02783203125,0.0,nan,388.0,0.0,0.0,1263.4000244140625,nan,nan,nan,65536.0
2026-09-12T17:41:00.000+08:00,0.0,18.714813232421875,17.0419921875,0.0,nan,387.70001220703125,0.0,0.0,1263.4000244140625,nan,nan,nan,65536.0
2026-09-12T17:42:00.000+08:00,0.0,18.630760192871094,17.15283203125,0.0,nan,387.70001220703125,0.0,0.0,1263.4000244140625,nan,nan,nan,65536.0
2026-09-12T17:43:00.000+08:00,0.0,18.647499084472656,17.16650390625,0.0,nan,387.6000061035156,0.0,0.0,1263.4000244140625,nan,nan,nan,65536.0
2026-09-12T17:44:00.000+08:00,0.0,18.632904052734375,17.1806640625,0.0,nan,388.1000061035156,0.0,0.0,1263.4000244140625,nan,nan,nan,65536.0
2026-09-12T17:45:00.000+08:00,0.0,18.662410736083984,17.19482421875,0.0,nan,387.6000061035156,0.0,0.0,1263.4000244140625,nan,nan,nan,65536.0
2026-09-12T17:46:00.000+08:00,0.0,18.657367706298828,17.236328125,0.0,nan,388.1000061035156,0.0,0.0,1263.4000244140625,nan,nan,nan,65536.0
2026-09-12T17:47:00.000+08:00,0.0,18.70547866821289,17.19482421875,0.0,nan,387.79998779296875,0.0,0.0,1263.4000244140625,nan,nan,nan,65536.0
2026-09-12T17:48:00.000+08:00,0.0,18.747509002685547,17.26416015625,0.0,nan,388.1000061035156,0.0,0.0,1263.4000244140625,nan,nan,nan,65536.0
2026-09-12T17:49:00.000+08:00,0.0,18.732852935791016,17.13916015625,0.0,nan,388.0,0.0,0.0,1263.4000244140625,nan,nan,nan,65536.0
2026-09-12T17:50:00.000+08:00,0.0,18.757869720458984,17.20849609375,0.0,nan,388.1000061035156,0.0,0.0,1263.4000244140625,nan,nan,nan,65536.0
2026-09-12T17:51:00.000+08:00,0.0,18.856555938720703,17.1806640625,0.0,nan,388.0,0.0,0.0,1263.4000244140625,nan,nan,nan,65536.0
2026-09-12T17:52:00.000+08:00,0.0,18.815223693847656,17.31982421875,0.0,nan,388.1000061035156,0.0,0.0,1263.4000244140625,nan,nan,nan,65536.0
2026-09-12T17:53:00.000+08:00,0.0,18.823524475097656,17.3056640625,0.0,nan,388.5,0.0,0.0,1263.4000244140625,nan,nan,nan,65536.0
2026-09-12T17:54:00.000+08:00,0.0,18.832569122314453,17.26416015625,0.0,nan,388.20001220703125,0.0,0.0,1263.4000244140625,nan,nan,nan,65536.0
2026-09-12T17:55:00.000+08:00,0.0,18.836334228515625,17.29150390625,0.0,nan,388.3999938964844,0.0,0.0,1263.4000244140625,nan,nan,nan,65536.0
2026-09-12T17:56:00.000+08:00,0.0,18.850147247314453,17.361328125,0.0,nan,388.6000061035156,0.0,0.0,1263.4000244140625,nan,nan,nan,65536.0
2026-09-12T17:57:00.000+08:00,0.0,18.837631225585938,17.361328125,0.0,nan,388.3999938964844,0.0,0.0,1263.4000244140625,nan,nan,nan,65536.0
2026-09-12T17:58:00.000+08:00,0.0,18.751773834228516,17.40283203125,0.0,nan,388.1000061035156,0.0,0.0,1263.4000244140625,nan,nan,nan,65536.0
2026-09-12T17:59:00.000+08:00,0.0,18.905441284179688,17.45849609375,0.0,nan,388.20001220703125,0.0,0.0,1263.4000244140625,nan,nan,nan,65536.0
2026-09-12T18:00:00.000+08:00,0.0,18.924846649169922,17.4306640625,0.0,nan,388.1000061035156,0.0,0.0,1263.4000244140625,nan,nan,nan,65536.0
2026-09-12T18:01:00.000+08:00,0.0,18.951141357421875,17.45849609375,0.0,nan,387.8999938964844,0.0,0.0,1263.4000244140625,nan,nan,nan,65536.0
2026-09-12T18:02:00.000+08:00,0.0,18.929378509521484,17.45849609375,0.0,nan,387.8999938964844,0.0,0.0,1263.4000244140625,nan,nan,nan,65536.0
2026-09-12T18:03:00.000+08:00,0.0,18.97162628173828,17.4306640625,0.0,nan,387.70001220703125,0.0,0.0,1263.4000244140625,nan,nan,nan,65536.0
2026-09-12T18:04:00.000+08:00,0.0,18.95855712890625,17.44482421875,0.0,nan,388.0,0.0,0.0,1263.4000244140625,nan,nan,nan,65536.0
2026-09-12T18:05:00.000+08:00,0.0,18.946216583251953,17.41650390625,0.0,nan,388.0,0.0,0.0,1263.4000244140625,nan,nan,nan,65536.0
2026-09-12T18:06:00.000+08:00,0.0,18.999900817871094,17.47216796875,0.0,nan,387.6000061035156,0.0,0.0,1263.4000244140625,nan,nan,nan,65536.0
2026-09-12T18:07:00.000+08:00,0.0,18.893207550048828,17.51416015625,0.0,nan,387.5,0.0,0.0,1263.4000244140625,nan,nan,nan,65536.0
2026-09-12T18:08:00.000+08:00,0.0,18.9267578125,17.54150390625,0.0,nan,387.29998779296875,0.0,0.0,1263.4000244140625,nan,nan,nan,65536.0
2026-09-12T18:09:00.000+08:00,0.0,18.912612915039062,17.611328125,0.0,nan,387.3999938964844,0.0,0.0,1263.4000244140625,nan,nan,nan,65536.0
2026-09-12T18:10:00.000+08:00,0.0,18.935272216796875,17.54150390625,0.0,nan,387.29998779296875,0.0,0.0,1263.4000244140625,nan,nan,nan,65536.0
2026-09-12T18:11:00.000+08:00,0.0,19.094554901123047,17.56982421875,0.0,nan,387.3999938964844,0.0,0.0,1263.4000244140625,nan,nan,nan,65536.0
2026-09-12T18:12:00.000+08:00,0.0,19.011775970458984,17.72216796875,0.0,nan,387.1000061035156,0.0,0.0,1263.4000244140625,nan,nan,nan,65536.0
2026-09-12T18:13:00.000+08:00,0.0,19.09290313720703,17.54150390625,0.0,nan,387.0,0.0,0.0,1263.4000244140625,nan,nan,nan,65536.0
2026-09-12T18:14:00.000+08:00,0.0,19.123023986816406,17.52783203125,0.0,nan,387.20001220703125,0.0,0.0,1263.4000244140625,nan,nan,nan,65536.0
2026-09-12T18:15:00.000+08:00,0.0,19.019607543945312,17.69482421875,0.0,nan,387.29998779296875,0.0,0.0,1263.4000244140625,nan,nan,nan,65536.0
2026-09-12T18:16:00.000+08:00,0.0,19.039562225341797,17.625,0.0,nan,388.20001220703125,0.0,0.0,1263.4000244140625,nan,nan,nan,65536.0
2026-09-12T18:17:00.000+08:00,0.0,19.015213012695312,17.65283203125,0.0,nan,388.20001220703125,0.0,0.0,1263.4000244140625,nan,nan,nan,65536.0
2026-09-12T18:18:00.000+08:00,0.0,19.078472137451172,17.6806640625,0.0,nan,388.20001220703125,0.0,0.0,1263.4000244140625,nan,nan,nan,65536.0
2026-09-12T18:19:00.000+08:00,0.0,19.05620574951172,17.736328125,0.0,nan,388.29998779296875,0.0,0.0,1263.4000244140625,nan,nan,nan,65536.0
2026-09-12T18:20:00.000+08:00,0.0,19.095661163330078,17.625,0.0,nan,387.70001220703125,0.0,0.0,1263.4000244140625,nan,nan,nan,65536.0
2026-09-12T18:21:00.000+08:00,0.0,19.077804565429688,17.70849609375,0.0,nan,387.70001220703125,0.0,0.0,1263.4000244140625,nan,nan,nan,65536.0
2026-09-12T18:22:00.000+08:00,0.0,19.116718292236328,17.625,0.0,nan,387.8999938964844,0.0,0.0,1263.4000244140625,nan,nan,nan,65536.0
2026-09-12T18:23:00.000+08:00,0.0,19.117694854736328,17.63916015625,0.0,nan,387.8999938964844,0.0,0.0,1263.4000244140625,nan,nan,nan,65536.0
2026-09-12T18:24:00.000+08:00,0.0,19.006431579589844,17.76416015625,0.0,nan,387.20001220703125,0.0,0.0,1263.4000244140625,nan,nan,nan,65536.0
2026-09-12T18:25:00.000+08:00,0.0,19.151935577392578,17.81982421875,0.0,nan,387.79998779296875,0.0,0.0,1263.4000244140625,nan,nan,nan,65536.0
2026-09-12T18:26:00.000+08:00,0.0,19.165122985839844,17.81982421875,0.0,nan,387.8999938964844,0.0,0.0,1263.4000244140625,nan,nan,nan,65536.0
2026-09-12T18:27:00.000+08:00,0.0,19.166217803955078,17.8056640625,0.0,nan,388.1000061035156,0.0,0.0,1263.4000244140625,nan,nan,nan,65536.0
2026-09-12T18:28:00.000+08:00,0.0,19.21063995361328,17.84716796875,0.0,nan,388.1000061035156,0.0,0.0,1263.4000244140625,nan,nan,nan,65536.0
2026-09-12T18:29:00.000+08:00,0.0,19.24654769897461,17.75,0.0,nan,387.79998779296875,0.0,0.0,1263.4000244140625,nan,nan,nan,65536.0
2026-09-12T18:30:00.000+08:00,0.0,19.240325927734375,17.75,0.0,nan,388.20001220703125,0.0,0.0,1263.4000244140625,nan,nan,nan,65536.0
2026-09-12T18:31:00.000+08:00,0.0,19.236892700195312,17.7919921875,0.0,nan,387.5,0.0,0.0,1263.4000244140625,nan,nan,nan,65536.0
2026-09-12T18:32:00.000+08:00,0.0,19.158554077148438,17.91650390625,0.0,nan,388.29998779296875,0.0,0.0,1263.4000244140625,nan,nan,nan,65536.0
2026-09-12T18:33:00.000+08:00,0.0,19.155216217041016,17.91650390625,0.0,nan,388.29998779296875,0.0,0.0,1263.4000244140625,nan,nan,nan,65536.0
2026-09-12T18:34:00.000+08:00,0.0,19.16253662109375,17.986328125,0.0,nan,387.79998779296875,0.0,0.0,1263.4000244140625,nan,nan,nan,65536.0
2026-09-12T18:35:00.000+08:00,0.0,19.17849349975586,17.90283203125,0.0,nan,387.70001220703125,0.0,0.0,1263.4000244140625,nan,nan,nan,65536.0
2026-09-12T18:36:00.000+08:00,0.0,19.19324493408203,17.9306640625,0.0,nan,388.0,0.0,0.0,1263.4000244140625,nan,nan,nan,65536.0
2026-09-12T18:37:00.000+08:00,0.0,19.194461822509766,17.90283203125,0.0,nan,387.8999938964844,0.0,0.0,1263.4000244140625,nan,nan,nan,65536.0
2026-09-12T18:38:00.000+08:00,0.0,19.36111068725586,17.986328125,0.0,nan,387.8999938964844,0.0,0.0,1263.4000244140625,nan,nan,nan,65536.0
2026-09-12T18:39:00.000+08:00,0.0,19.372512817382812,17.94482421875,0.0,nan,387.79998779296875,0.0,0.0,1263.4000244140625,nan,nan,nan,65536.0
2026-09-12T18:40:00.000+08:00,0.0,19.256052017211914,17.94482421875,0.0,nan,387.79998779296875,0.0,0.0,1263.4000244140625,nan,nan,nan,65536.0
2026-09-12T18:41:00.000+08:00,0.0,19.258289337158203,18.08349609375,0.0,nan,387.5,0.0,0.0,1263.4000244140625,nan,nan,nan,65536.0
2026-09-12T18:42:00.000+08:00,0.0,19.297624588012695,18.111328125,0.0,nan,387.6000061035156,0.0,0.0,1263.4000244140625,nan,nan,nan,65536.0
2026-09-12T18:43:00.000+08:00,0.0,19.304494857788086,18.09716796875,0.0,nan,387.29998779296875,0.0,0.0,1263.4000244140625,nan,nan,nan,65536.0
2026-09-12T18:44:00.000+08:00,0.0,19.308990478515625,18.09716796875,0.0,nan,387.20001220703125,0.0,0.0,1263.4000244140625,nan,nan,nan,65536.0
2026-09-12T18:45:00.000+08:00,0.0,19.306732177734375,18.0556640625,0.0,nan,387.1000061035156,0.0,0.0,1263.4000244140625,nan,nan,nan,65536.0
2026-09-12T18:46:00.000+08:00,0.0,19.325498580932617,18.0,0.0,nan,386.8999938964844,0.0,0.0,1263.4000244140625,nan,nan,nan,65536.0
2026-09-12T18:47:00.000+08:00,0.0,19.251869201660156,18.16650390625,0.0,nan,387.29998779296875,0.0,0.0,1263.4000244140625,nan,nan,nan,65536.0
2026-09-12T18:48:00.000+08:00,0.0,19.326068878173828,18.02783203125,0.0,nan,387.3999938964844,0.0,0.0,1263.4000244140625,nan,nan,nan,65536.0
2026-09-12T18:49:00.000+08:00,0.0,19.25473403930664,18.125,0.0,nan,387.0,0.0,0.0,1263.4000244140625,nan,nan,nan,65536.0
2026-09-12T18:50:00.000+08:00,0.0,19.373432159423828,18.09716796875,0.0,nan,387.20001220703125,0.0,0.0,1263.4000244140625,nan,nan,nan,65536.0
2026-09-12T18:51:00.000+08:00,0.0,19.251827239990234,18.20849609375,0.0,nan,387.3999938964844,0.0,0.0,1263.4000244140625,nan,nan,nan,65536.0
2026-09-12T18:52:00.000+08:00,0.0,19.404800415039062,18.236328125,0.0,nan,387.29998779296875,0.0,0.0,1263.4000244140625,nan,nan,nan,65536.0
2026-09-12T18:53:00.000+08:00,0.0,19.41559600830078,18.125,0.0,nan,387.6000061035156,0.0,0.0,1263.4000244140625,nan,nan,nan,65536.0
2026-09-12T18:54:00.000+08:00,0.0,19.463491439819336,18.236328125,0.0,nan,387.3999938964844,0.0,0.0,1263.4000244140625,nan,nan,nan,65536.0
2026-09-12T18:55:00.000+08:00,0.0,19.416202545166016,18.19482421875,0.0,nan,387.29998779296875,0.0,0.0,1263.4000244140625,nan,nan,nan,65536.0
2026-09-12T18:56:00.000+08:00,0.0,19.454383850097656,18.15283203125,0.0,nan,387.70001220703125,0.0,0.0,1263.4000244140625,nan,nan,nan,65536.0
2026-09-12T18:57:00.000+08:00,0.0,19.473756790161133,18.13916015625,0.0,nan,387.3999938964844,0.0,0.0,1263.4000244140625,nan,nan,nan,65536.0
2026-09-12T18:58:00.000+08:00,0.0,19.376117706298828,18.27783203125,0.0,nan,387.8999938964844,0.0,0.0,1263.4000244140625,nan,nan,nan,65536.0
2026-09-12T18:59:00.000+08:00,0.0,19.490264892578125,18.19482421875,0.0,nan,387.79998779296875,0.0,0.0,1263.4000244140625,nan,nan,nan,65536.0
2026-09-12T19:00:00.000+08:00,0.0,19.48290252685547,18.13916015625,0.0,nan,387.8999938964844,0.0,0.0,1263.4000244140625,nan,nan,nan,65536.0
2026-09-12T19:01:00.000+08:00,0.0,19.39435386657715,18.27783203125,0.0,nan,387.79998779296875,0.0,0.0,1263.4000244140625,nan,nan,nan,65536.0
2026-09-12T19:02:00.000+08:00,0.0,19.39778709411621,18.361328125,0.0,nan,387.79998779296875,0.0,0.0,1263.4000244140625,nan,nan,nan,65536.0
2026-09-12T19:03:00.000+08:00,0.0,19.39264488220215,18.3056640625,0.0,nan,387.6000061035156,0.0,0.0,1263.4000244140625,nan,nan,nan,65536.0
2026-09-12T19:04:00.000+08:00,0.0,19.457069396972656,18.3056640625,0.0,nan,387.3999938964844,0.0,0.0,1263.4000244140625,nan,nan,nan,65536.0
2026-09-12T19:05:00.000+08:00,0.0,19.55356788635254,18.33349609375,0.0,nan,387.1000061035156,0.0,0.0,1263.4000244140625,nan,nan,nan,65536.0
2026-09-12T19:06:00.000+08:00,0.0,19.61284637451172,18.27783203125,0.0,nan,387.3999938964844,0.0,0.0,1263.4000244140625,nan,nan,nan,65536.0
2026-09-12T19:07:00.000+08:00,0.0,19.597455978393555,18.33349609375,0.0,nan,387.0,0.0,0.0,1263.4000244140625,nan,nan,nan,65536.0
2026-09-12T19:08:00.000+08:00,0.0,19.588897705078125,18.3056640625,0.0,nan,387.1000061035156,0.0,0.0,1263.4000244140625,nan,nan,nan,65536.0
2026-09-12T19:09:00.000+08:00,0.0,19.51348304748535,18.4169921875,0.0,nan,387.70001220703125,0.0,0.0,1263.4000244140625,nan,nan,nan,65536.0
2026-09-12T19:10:00.000+08:00,0.0,19.61798858642578,18.29150390625,0.0,nan,387.79998779296875,0.0,0.0,1263.4000244140625,nan,nan,nan,65536.0
2026-09-12T19:11:00.000+08:00,0.0,19.5095157623291,18.44482421875,0.0,nan,387.79998779296875,0.0,0.0,1263.4000244140625,nan,nan,nan,65536.0
2026-09-12T19:12:00.000+08:00,0.0,19.53858757019043,18.4306640625,0.0,nan,388.1000061035156,0.0,0.0,1263.4000244140625,nan,nan,nan,65536.0
2026-09-12T19:13:00.000+08:00,0.0,19.540863037109375,18.44482421875,0.0,nan,387.8999938964844,0.0,0.0,1263.4000244140625,nan,nan,nan,65536.0
2026-09-12T19:14:00.000+08:00,0.0,19.56023597717285,18.40283203125,0.0,nan,387.79998779296875,0.0,0.0,1263.4000244140625,nan,nan,nan,65536.0
2026-09-12T19:15:00.000+08:00,0.0,19.570524215698242,18.486328125,0.0,nan,388.6000061035156,0.0,0.0,1263.4000244140625,nan,nan,nan,65536.0
2026-09-12T19:16:00.000+08:00,0.0,19.60866355895996,18.486328125,0.0,nan,388.20001220703125,0.0,0.0,1263.4000244140625,nan,nan,nan,65536.0
2026-09-12T19:17:00.000+08:00,0.0,19.614376068115234,18.375,0.0,nan,388.0,0.0,0.0,1263.4000244140625,nan,nan,nan,65536.0
2026-09-12T19:18:00.000+08:00,0.0,19.735427856445312,18.486328125,0.0,nan,387.79998779296875,0.0,0.0,1263.4000244140625,nan,nan,nan,65536.0
2026-09-12T19:19:00.000+08:00,0.0,19.516206741333008,18.59716796875,0.0,nan,388.1000061035156,0.0,0.0,1263.4000244140625,nan,nan,nan,65536.0
2026-09-12T19:20:00.000+08:00,0.0,19.739376068115234,18.45849609375,0.0,nan,387.8999938964844,0.0,0.0,1263.4000244140625,nan,nan,nan,65536.0
2026-09-12T19:21:00.000+08:00,0.0,19.64976692199707,18.54150390625,0.0,nan,387.3999938964844,0.0,0.0,1263.4000244140625,nan,nan,nan,65536.0
2026-09-12T19:22:00.000+08:00,0.0,19.6890811920166,18.5,0.0,nan,387.70001220703125,0.0,0.0,1263.4000244140625,nan,nan,nan,65536.0
2026-09-12T19:23:00.000+08:00,0.0,19.679956436157227,18.58349609375,0.0,nan,387.29998779296875,0.0,0.0,1263.4000244140625,nan,nan,nan,65536.0
2026-09-12T19:24:00.000+08:00,0.0,19.687923431396484,18.5556640625,0.0,nan,387.3999938964844,0.0,0.0,1263.4000244140625,nan,nan,nan,65536.0
2026-09-12T19:25:00.000+08:00,0.0,19.669139862060547,18.51416015625,0.0,nan,387.6000061035156,0.0,0.0,1263.4000244140625,nan,nan,nan,65536.0
2026-09-12T19:26:00.000+08:00,0.0,19.691909790039062,18.5556640625,0.0,nan,387.6000061035156,0.0,0.0,1263.4000244140625,nan,nan,nan,65536.0
2026-09-12T19:27:00.000+08:00,0.0,19.70048713684082,18.51416015625,0.0,nan,387.79998779296875,0.0,0.0,1263.4000244140625,nan,nan,nan,65536.0
2026-09-12T19:28:00.000+08:00,0.0,19.71986198425293,18.611328125,0.0,nan,387.79998779296875,0.0,0.0,1263.4000244140625,nan,nan,nan,65536.0
2026-09-12T19:29:00.000+08:00,0.0,19.704980850219727,18.56982421875,0.0,nan,388.0,0.0,0.0,1263.4000244140625,nan,nan,nan,65536.0
2026-09-12T19:30:00.000+08:00,0.0,19.71986198425293,18.59716796875,0.0,nan,387.70001220703125,0.0,0.0,1263.4000244140625,nan,nan,nan,65536.0
2026-09-12T19:31:00.000+08:00,0.0,19.74211883544922,18.54150390625,0.0,nan,388.0,0.0,0.0,1263.4000244140625,nan,nan,nan,65536.0
2026-09-12T19:32:00.000+08:00,0.0,19.748872756958008,18.51416015625,0.0,nan,388.1000061035156,0.0,0.0,1263.4000244140625,nan,nan,nan,65536.0
2026-09-12T19:33:00.000+08:00,0.0,19.783695220947266,18.69482421875,0.0,nan,387.8999938964844,0.0,0.0,1263.4000244140625,nan,nan,nan,65536.0
2026-09-12T19:34:00.000+08:00,0.0,19.801969528198242,18.66650390625,0.0,nan,387.8999938964844,0.0,0.0,1263.4000244140625,nan,nan,nan,65536.0
2026-09-12T19:35:00.000+08:00,0.0,19.80473518371582,18.70849609375,0.0,nan,388.1000061035156,0.0,0.0,1263.4000244140625,nan,nan,nan,65536.0
2026-09-12T19:36:00.000+08:00,0.0,19.64666175842285,18.69482421875,0.0,nan,388.0,0.0,0.0,1263.4000244140625,nan,nan,nan,65536.0
2026-09-12T19:37:00.000+08:00,0.0,19.80363655090332,18.65283203125,0.0,nan,388.3999938964844,0.0,0.0,1263.4000244140625,nan,nan,nan,65536.0
2026-09-12T19:38:00.000+08:00,0.0,19.846370697021484,18.6806640625,0.0,nan,388.5,0.0,0.0,1263.4000244140625,nan,nan,nan,65536.0
2026-09-12T19:39:00.000+08:00,0.0,19.83264923095703,18.69482421875,0.0,nan,388.5,0.0,0.0,1263.4000244140625,nan,nan,nan,65536.0
2026-09-12T19:40:00.000+08:00,0.0,19.852689743041992,18.736328125,0.0,nan,388.70001220703125,0.0,0.0,1263.4000244140625,nan,nan,nan,65536.0
2026-09-12T19:41:00.000+08:00,0.0,19.866331100463867,18.65283203125,0.0,nan,388.70001220703125,0.0,0.0,1263.4000244140625,nan,nan,nan,65536.0
2026-09-12T19:42:00.000+08:00,0.0,19.760196685791016,18.83349609375,0.0,nan,388.5,0.0,0.0,1263.4000244140625,nan,nan,nan,65536.0
2026-09-12T19:43:00.000+08:00,0.0,19.763019561767578,18.75048828125,0.0,nan,388.29998779296875,0.0,0.0,1263.4000244140625,nan,nan,nan,65536.0
2026-09-12T19:44:00.000+08:00,0.0,19.76361083984375,18.84716796875,0.0,nan,388.3999938964844,0.0,0.0,1263.4000244140625,nan,nan,nan,65536.0
2026-09-12T19:45:00.000+08:00,0.0,19.792600631713867,18.83349609375,0.0,nan,388.3999938964844,0.0,0.0,1263.4000244140625,nan,nan,nan,65536.0
2026-09-12T19:46:00.000+08:00,0.0,19.816551208496094,18.84716796875,0.0,nan,387.8999938964844,0.0,0.0,1263.4000244140625,nan,nan,nan,65536.0
2026-09-12T19:47:00.000+08:00,0.0,19.79319190979004,18.83349609375,0.0,nan,388.20001220703125,0.0,0.0,1263.4000244140625,nan,nan,nan,65536.0
2026-09-12T19:48:00.000+08:00,0.0,19.812564849853516,18.81982421875,0.0,nan,388.3999938964844,0.0,0.0,1263.4000244140625,nan,nan,nan,65536.0
2026-09-12T19:49:00.000+08:00,0.0,19.96889305114746,18.76416015625,0.0,nan,388.5,0.0,0.0,1263.4000244140625,nan,nan,nan,65536.0
2026-09-12T19:50:00.000+08:00,0.0,19.964889526367188,18.77783203125,0.0,nan,388.29998779296875,0.0,0.0,1263.4000244140625,nan,nan,nan,65536.0
2026-09-12T19:51:00.000+08:00,0.0,19.979217529296875,18.77783203125,0.0,nan,388.0,0.0,0.0,1263.4000244140625,nan,nan,nan,65536.0
2026-09-12T19:52:00.000+08:00,0.0,19.954681396484375,18.861328125,0.0,nan,388.6000061035156,0.0,0.0,1263.4000244140625,nan,nan,nan,65536.0
2026-09-12T19:53:00.000+08:00,0.0,19.907255172729492,18.986328125,0.0,nan,388.0,0.0,0.0,1263.4000244140625,nan,nan,nan,65536.0
2026-09-12T19:54:00.000+08:00,0.0,19.98155403137207,18.8056640625,0.0,nan,388.20001220703125,0.0,0.0,1263.4000244140625,nan,nan,nan,65536.0
2026-09-12T19:55:00.000+08:00,0.0,19.884485244750977,18.875,0.0,nan,388.0,0.0,0.0,1263.4000244140625,nan,nan,nan,65536.0
2026-09-12T19:56:00.000+08:00,0.0,19.94820213317871,18.986328125,0.0,nan,387.70001220703125,0.0,0.0,1263.4000244140625,nan,nan,nan,65536.0
2026-09-12T19:57:00.000+08:00,0.0,19.908905029296875,18.97216796875,0.0,nan,388.70001220703125,0.0,0.0,1263.4000244140625,nan,nan,nan,65536.0
2026-09-12T19:58:00.000+08:00,0.0,19.944355010986328,18.95849609375,0.0,nan,388.70001220703125,0.0,0.0,1263.4000244140625,nan,nan,nan,65536.0
2026-09-12T19:59:00.000+08:00,0.0,19.94539451599121,18.97216796875,0.0,nan,388.79998779296875,0.0,0.0,1263.4000244140625,nan,nan,nan,65536.0
2026-09-12T20:00:00.000+08:00,0.0,19.934598922729492,18.986328125,0.0,nan,388.5,0.0,0.0,1263.4000244140625,nan,nan,nan,65536.0
2026-09-12T20:01:00.000+08:00,0.0,19.988557815551758,18.986328125,0.0,nan,388.70001220703125,0.0,0.0,1263.4000244140625,nan,nan,nan,65536.0
2026-09-12T20:02:00.000+08:00,0.0,19.97405242919922,18.97216796875,0.0,nan,388.3999938964844,0.0,0.0,1263.4000244140625,nan,nan,nan,65536.0
2026-09-12T20:03:00.000+08:00,0.0,19.95397186279297,18.875,0.0,nan,388.29998779296875,0.0,0.0,1263.4000244140625,nan,nan,nan,65536.0
2026-09-12T20:04:00.000+08:00,0.0,19.98353385925293,18.875,0.0,nan,388.6000061035156,0.0,0.0,1263.4000244140625,nan,nan,nan,65536.0
2026-09-12T20:05:00.000+08:00,0.0,20.00865936279297,19.01416015625,0.0,nan,388.3999938964844,0.0,0.0,1263.4000244140625,nan,nan,nan,65536.0
2026-09-12T20:06:00.000+08:00,0.0,20.016626358032227,19.09716796875,0.0,nan,388.29998779296875,0.0,0.0,1263.4000244140625,nan,nan,nan,65536.0
2026-09-12T20:07:00.000+08:00,0.0,20.123451232910156,18.94482421875,0.0,nan,388.6000061035156,0.0,0.0,1263.4000244140625,nan,nan,nan,65536.0
2026-09-12T20:08:00.000+08:00,0.0,20.021808624267578,19.0,0.0,nan,388.3999938964844,0.0,0.0,1263.4000244140625,nan,nan,nan,65536.0
2026-09-12T20:09:00.000+08:00,0.0,20.050918579101562,19.08349609375,0.0,nan,388.20001220703125,0.0,0.0,1263.4000244140625,nan,nan,nan,65536.0
2026-09-12T20:10:00.000+08:00,0.0,20.025203704833984,19.0,0.0,nan,388.29998779296875,0.0,0.0,1263.4000244140625,nan,nan,nan,65536.0
2026-09-12T20:11:00.000+08:00,0.0,20.0297794342041,19.0556640625,0.0,nan,388.0,0.0,0.0,1263.4000244140625,nan,nan,nan,65536.0
2026-09-12T20:12:00.000+08:00,0.0,20.094654083251953,19.0419921875,0.0,nan,388.0,0.0,0.0,1263.4000244140625,nan,nan,nan,65536.0
2026-09-12T20:13:00.000+08:00,0.0,20.080459594726562,19.02783203125,0.0,nan,387.6000061035156,0.0,0.0,1263.4000244140625,nan,nan,nan,65536.0
2026-09-12T20:14:00.000+08:00,0.0,20.047521591186523,19.0,0.0,nan,387.79998779296875,0.0,0.0,1263.4000244140625,nan,nan,nan,65536.0
2026-09-12T20:15:00.000+08:00,0.0,20.10900115966797,19.09716796875,0.0,nan,388.1000061035156,0.0,0.0,1263.4000244140625,nan,nan,nan,65536.0
2026-09-12T20:16:00.000+08:00,0.0,20.1083927154541,19.08349609375,0.0,nan,387.70001220703125,0.0,0.0,1263.4000244140625,nan,nan,nan,65536.0
2026-09-12T20:17:00.000+08:00,0.0,20.08888053894043,19.09716796875,0.0,nan,387.5,0.0,0.0,1263.4000244140625,nan,nan,nan,65536.0
2026-09-12T20:18:00.000+08:00,0.0,20.1175594329834,19.01416015625,0.0,nan,387.8999938964844,0.0,0.0,1263.4000244140625,nan,nan,nan,65536.0
2026-09-12T20:19:00.000+08:00,0.0,20.111377716064453,19.0,0.0,nan,387.5,0.0,0.0,1263.4000244140625,nan,nan,nan,65536.0
2026-09-12T20:20:00.000+08:00,0.0,20.024494171142578,19.125,0.0,nan,387.29998779296875,0.0,0.0,1263.4000244140625,nan,nan,nan,65536.0
2026-09-12T20:21:00.000+08:00,0.0,20.243755340576172,19.06982421875,0.0,nan,387.5,0.0,0.0,1263.4000244140625,nan,nan,nan,65536.0
2026-09-12T20:22:00.000+08:00,0.0,20.112985610961914,19.06982421875,0.0,nan,388.3999938964844,0.0,0.0,1263.4000244140625,nan,nan,nan,65536.0
2026-09-12T20:23:00.000+08:00,0.0,20.142528533935547,19.15283203125,0.0,nan,388.5,0.0,0.0,1263.4000244140625,nan,nan,nan,65536.0
2026-09-12T20:24:00.000+08:00,0.0,20.167652130126953,19.1806640625,0.0,nan,388.5,0.0,0.0,1263.4000244140625,nan,nan,nan,65536.0
2026-09-12T20:25:00.000+08:00,0.0,20.182607650756836,19.236328125,0.0,nan,388.3999938964844,0.0,0.0,1263.4000244140625,nan,nan,nan,65536.0
2026-09-12T20:26:00.000+08:00,0.0,20.21432876586914,19.19482421875,0.0,nan,388.6000061035156,0.0,0.0,1263.4000244140625,nan,nan,nan,65536.0
2026-09-12T20:27:00.000+08:00,0.0,20.183198928833008,19.22216796875,0.0,nan,388.29998779296875,0.0,0.0,1263.4000244140625,nan,nan,nan,65536.0
2026-09-12T20:28:00.000+08:00,0.0,20.17342185974121,19.20849609375,0.0,nan,388.3999938964844,0.0,0.0,1263.4000244140625,nan,nan,nan,65536.0
2026-09-12T20:29:00.000+08:00,0.0,20.195173263549805,19.16650390625,0.0,nan,388.29998779296875,0.0,0.0,1263.4000244140625,nan,nan,nan,65536.0
2026-09-12T20:30:00.000+08:00,0.0,20.24805450439453,19.15283203125,0.0,nan,388.5,0.0,0.0,1263.4000244140625,nan,nan,nan,65536.0
2026-09-12T20:31:00.000+08:00,0.0,20.224105834960938,19.15283203125,0.0,nan,388.3999938964844,0.0,0.0,1263.4000244140625,nan,nan,nan,65536.0
2026-09-12T20:32:00.000+08:00,0.0,20.201356887817383,19.1806640625,0.0,nan,388.5,0.0,0.0,1263.4000244140625,nan,nan,nan,65536.0
2026-09-12T20:33:00.000+08:00,0.0,20.22530174255371,19.20849609375,0.0,nan,388.3999938964844,0.0,0.0,1263.4000244140625,nan,nan,nan,65536.0
2026-09-12T20:34:00.000+08:00,0.0,20.125232696533203,19.15283203125,0.0,nan,387.8999938964844,0.0,0.0,1263.4000244140625,nan,nan,nan,65536.0
2026-09-12T20:35:00.000+08:00,0.0,20.143613815307617,19.29150390625,0.0,nan,388.5,0.0,0.0,1263.4000244140625,nan,nan,nan,65536.0
2026-09-12T20:36:00.000+08:00,0.0,20.146812438964844,19.31982421875,0.0,nan,388.20001220703125,0.0,0.0,1263.4000244140625,nan,nan,nan,65536.0
2026-09-12T20:37:00.000+08:00,0.0,20.142414093017578,19.31982421875,0.0,nan,388.0,0.0,0.0,1263.4000244140625,nan,nan,nan,65536.0
2026-09-12T20:38:00.000+08:00,0.0,20.16874885559082,19.31982421875,0.0,nan,388.29998779296875,0.0,0.0,1263.4000244140625,nan,nan,nan,65536.0
2026-09-12T20:39:00.000+08:00,0.0,20.182315826416016,19.34716796875,0.0,nan,388.5,0.0,0.0,1263.4000244140625,nan,nan,nan,65536.0
2026-09-12T20:40:00.000+08:00,0.0,20.19368553161621,19.34716796875,0.0,nan,388.29998779296875,0.0,0.0,1263.4000244140625,nan,nan,nan,65536.0
2026-09-12T20:41:00.000+08:00,0.0,20.193313598632812,19.25,0.0,nan,388.6000061035156,0.0,0.0,1263.4000244140625,nan,nan,nan,65536.0
2026-09-12T20:42:00.000+08:00,0.0,20.307315826416016,19.33349609375,0.0,nan,387.79998779296875,0.0,0.0,1263.4000244140625,nan,nan,nan,65536.0
2026-09-12T20:43:00.000+08:00,0.0,20.321102142333984,19.31982421875,0.0,nan,387.5,0.0,0.0,1263.4000244140625,nan,nan,nan,65536.0
2026-09-12T20:44:00.000+08:00,0.0,20.31552505493164,19.29150390625,0.0,nan,387.6000061035156,0.0,0.0,1263.4000244140625,nan,nan,nan,65536.0
2026-09-12T20:45:00.000+08:00,0.0,20.333667755126953,19.29150390625,0.0,nan,387.6000061035156,0.0,0.0,1263.4000244140625,nan,nan,nan,65536.0
2026-09-12T20:46:00.000+08:00,0.0,20.345645904541016,19.27783203125,0.0,nan,387.5,0.0,0.0,1263.4000244140625,nan,nan,nan,65536.0
2026-09-12T20:47:00.000+08:00,0.0,20.260330200195312,19.41650390625,0.0,nan,387.79998779296875,0.0,0.0,1263.4000244140625,nan,nan,nan,65536.0
2026-09-12T20:48:00.000+08:00,0.0,20.27193832397461,19.45849609375,0.0,nan,387.5,0.0,0.0,1263.4000244140625,nan,nan,nan,65536.0
2026-09-12T20:49:00.000+08:00,0.0,20.269519805908203,19.4306640625,0.0,nan,387.79998779296875,0.0,0.0,1263.4000244140625,nan,nan,nan,65536.0
2026-09-12T20:50:00.000+08:00,0.0,20.27193832397461,19.41650390625,0.0,nan,388.20001220703125,0.0,0.0,1263.4000244140625,nan,nan,nan,65536.0
2026-09-12T20:51:00.000+08:00,0.0,20.292495727539062,19.375,0.0,nan,388.1000061035156,0.0,0.0,1263.4000244140625,nan,nan,nan,65536.0
2026-09-12T20:52:00.000+08:00,0.0,20.285486221313477,19.47216796875,0.0,nan,387.8999938964844,0.0,0.0,1263.4000244140625,nan,nan,nan,65536.0
2026-09-12T20:53:00.000+08:00,0.0,20.317060470581055,19.40283203125,0.0,nan,387.70001220703125,0.0,0.0,1263.4000244140625,nan,nan,nan,65536.0
2026-09-12T20:54:00.000+08:00,0.0,20.27193832397461,19.4169921875,0.0,nan,388.3999938964844,0.0,0.0,1263.4000244140625,nan,nan,nan,65536.0
2026-09-12T20:55:00.000+08:00,0.0,20.315237045288086,19.4306640625,0.0,nan,388.29998779296875,0.0,0.0,1263.4000244140625,nan,nan,nan,65536.0
2026-09-12T20:56:00.000+08:00,0.0,20.343177795410156,19.4306640625,0.0,nan,388.0,0.0,0.0,1263.4000244140625,nan,nan,nan,65536.0
2026-09-12T20:57:00.000+08:00,0.0,20.322616577148438,19.47216796875,0.0,nan,388.0,0.0,0.0,1263.4000244140625,nan,nan,nan,65536.0
2026-09-12T20:58:00.000+08:00,0.0,20.30967903137207,19.45849609375,0.0,nan,388.0,0.0,0.0,1263.4000244140625,nan,nan,nan,65536.0
2026-09-12T20:59:00.000+08:00,0.0,20.372947692871094,19.41650390625,0.0,nan,388.3999938964844,0.0,0.0,1263.4000244140625,nan,nan,nan,65536.0
2026-09-12T21:00:00.000+08:00,0.0,20.474952697753906,19.44482421875,0.0,nan,388.5,0.0,0.0,1263.4000244140625,nan,nan,nan,65536.0
2026-09-12T21:01:00.000+08:00,0.0,20.379114151000977,19.5,0.0,nan,388.5,0.0,0.0,1263.4000244140625,nan,nan,nan,65536.0
2026-09-12T21:02:00.000+08:00,0.0,20.477386474609375,19.40283203125,0.0,nan,388.0,0.0,0.0,1263.4000244140625,nan,nan,nan,65536.0
2026-09-12T21:03:00.000+08:00,0.0,20.38370704650879,19.5,0.0,nan,388.6000061035156,0.0,0.0,1263.4000244140625,nan,nan,nan,65536.0
2026-09-12T21:04:00.000+08:00,0.0,20.47000503540039,19.375,0.0,nan,388.5,0.0,0.0,1263.4000244140625,nan,nan,nan,65536.0
2026-09-12T21:05:00.000+08:00,0.0,20.403047561645508,19.5556640625,0.0,nan,388.70001220703125,0.0,0.0,1263.4000244140625,nan,nan,nan,65536.0
2026-09-12T21:06:00.000+08:00,0.0,20.397235870361328,19.52783203125,0.0,nan,388.79998779296875,0.0,0.0,1263.4000244140625,nan,nan,nan,65536.0
2026-09-12T21:07:00.000+08:00,0.0,20.426395416259766,19.611328125,0.0,nan,388.29998779296875,0.0,0.0,1263.4000244140625,nan,nan,nan,65536.0
2026-09-12T21:08:00.000+08:00,0.0,20.430383682250977,19.611328125,0.0,nan,388.3999938964844,0.0,0.0,1263.4000244140625,nan,nan,nan,65536.0
2026-09-12T21:09:00.000+08:00,0.0,20.46137046813965,19.5,0.0,nan,388.5,0.0,0.0,1263.4000244140625,nan,nan,nan,65536.0
2026-09-12T21:10:00.000+08:00,0.0,20.437158584594727,19.5556640625,0.0,nan,388.70001220703125,0.0,0.0,1263.4000244140625,nan,nan,nan,65536.0
2026-09-12T21:11:00.000+08:00,0.0,20.427947998046875,19.611328125,0.0,nan,388.3999938964844,0.0,0.0,1263.4000244140625,nan,nan,nan,65536.0
2026-09-12T21:12:00.000+08:00,0.0,20.458932876586914,19.5556640625,0.0,nan,388.3999938964844,0.0,0.0,1263.4000244140625,nan,nan,nan,65536.0
2026-09-12T21:13:00.000+08:00,0.0,20.446622848510742,19.5,0.0,nan,388.20001220703125,0.0,0.0,1263.4000244140625,nan,nan,nan,65536.0
2026-09-12T21:14:00.000+08:00,0.0,20.464767456054688,19.59716796875,0.0,nan,388.70001220703125,0.0,0.0,1263.4000244140625,nan,nan,nan,65536.0
2026-09-12T21:15:00.000+08:00,0.0,20.498855590820312,19.51416015625,0.0,nan,388.70001220703125,0.0,0.0,1263.4000244140625,nan,nan,nan,65536.0
2026-09-12T21:16:00.000+08:00,0.0,20.472463607788086,19.56982421875,0.0,nan,388.79998779296875,0.0,0.0,1263.4000244140625,nan,nan,nan,65536.0
2026-09-12T21:17:00.000+08:00,0.0,20.379079818725586,19.6806640625,0.0,nan,388.79998779296875,0.0,0.0,1263.4000244140625,nan,nan,nan,65536.0
2026-09-12T21:18:00.000+08:00,0.0,20.615253448486328,19.5556640625,0.0,nan,388.6000061035156,0.0,0.0,1263.4000244140625,nan,nan,nan,65536.0
2026-09-12T21:19:00.000+08:00,0.0,20.528959274291992,19.72216796875,0.0,nan,387.70001220703125,0.0,0.0,1263.4000244140625,nan,nan,nan,65536.0
2026-09-12T21:20:00.000+08:00,0.0,20.544607162475586,19.63916015625,0.0,nan,387.6000061035156,0.0,0.0,1263.4000244140625,nan,nan,nan,65536.0
2026-09-12T21:21:00.000+08:00,0.0,20.556900024414062,19.6806640625,0.0,nan,387.3999938964844,0.0,0.0,1263.4000244140625,nan,nan,nan,65536.0
2026-09-12T21:22:00.000+08:00,0.0,20.53571128845215,19.63916015625,0.0,nan,387.3999938964844,0.0,0.0,1263.4000244140625,nan,nan,nan,65536.0
2026-09-12T21:23:00.000+08:00,0.0,20.546472549438477,19.6806640625,0.0,nan,387.79998779296875,0.0,0.0,1263.4000244140625,nan,nan,nan,65536.0
2026-09-12T21:24:00.000+08:00,0.0,20.555347442626953,19.6806640625,0.0,nan,387.3999938964844,0.0,0.0,1263.4000244140625,nan,nan,nan,65536.0
2026-09-12T21:25:00.000+08:00,0.0,20.533552169799805,19.736328125,0.0,nan,387.29998779296875,0.0,0.0,1263.4000244140625,nan,nan,nan,65536.0
2026-09-12T21:26:00.000+08:00,0.0,20.59527015686035,19.70849609375,0.0,nan,387.6000061035156,0.0,0.0,1263.4000244140625,nan,nan,nan,65536.0
2026-09-12T21:27:00.000+08:00,0.0,20.575927734375,19.66650390625,0.0,nan,387.6000061035156,0.0,0.0,1263.4000244140625,nan,nan,nan,65536.0
2026-09-12T21:28:00.000+08:00,0.0,20.593111038208008,19.65283203125,0.0,nan,387.5,0.0,0.0,1263.4000244140625,nan,nan,nan,65536.0
2026-09-12T21:29:00.000+08:00,0.0,20.61859703063965,19.72216796875,0.0,nan,387.5,0.0,0.0,1263.4000244140625,nan,nan,nan,65536.0
2026-09-12T21:30:00.000+08:00,0.0,20.624135971069336,19.625,0.0,nan,387.5,0.0,0.0,1263.4000244140625,nan,nan,nan,65536.0
2026-09-12T21:31:00.000+08:00,0.0,20.504043579101562,19.77783203125,0.0,nan,387.20001220703125,0.0,0.0,1263.4000244140625,nan,nan,nan,65536.0
2026-09-12T21:32:00.000+08:00,0.0,20.622602462768555,19.63916015625,0.0,nan,386.79998779296875,0.0,0.0,1263.4000244140625,nan,nan,nan,65536.0
2026-09-12T21:33:00.000+08:00,0.0,20.527685165405273,19.8056640625,0.0,nan,387.3999938964844,0.0,0.0,1263.4000244140625,nan,nan,nan,65536.0
2026-09-12T21:34:00.000+08:00,0.0,20.53412628173828,19.83349609375,0.0,nan,387.1000061035156,0.0,0.0,1263.4000244140625,nan,nan,nan,65536.0
2026-09-12T21:35:00.000+08:00,0.0,20.616458892822266,19.6806640625,0.0,nan,386.70001220703125,0.0,0.0,1263.4000244140625,nan,nan,nan,65536.0
2026-09-12T21:36:00.000+08:00,0.0,20.649917602539062,19.84716796875,0.0,nan,386.5,0.0,0.0,1263.4000244140625,nan,nan,nan,65536.0
2026-09-12T21:37:00.000+08:00,0.0,20.648387908935547,19.77783203125,0.0,nan,387.0,0.0,0.0,1263.4000244140625,nan,nan,nan,65536.0
2026-09-12T21:38:00.000+08:00,0.0,20.678176879882812,19.76416015625,0.0,nan,386.3999938964844,0.0,0.0,1263.4000244140625,nan,nan,nan,65536.0
2026-09-12T21:39:00.000+08:00,0.0,20.660364151000977,19.8056640625,0.0,nan,387.70001220703125,0.0,0.0,1263.4000244140625,nan,nan,nan,65536.0
2026-09-12T21:40:00.000+08:00,0.0,20.641021728515625,19.77783203125,0.0,nan,387.79998779296875,0.0,0.0,1263.4000244140625,nan,nan,nan,65536.0
2026-09-12T21:41:00.000+08:00,0.0,20.660972595214844,19.84716796875,0.0,nan,388.1000061035156,0.0,0.0,1263.4000244140625,nan,nan,nan,65536.0
2026-09-12T21:42:00.000+08:00,0.0,20.70703887939453,19.84716796875,0.0,nan,387.79998779296875,0.0,0.0,1263.4000244140625,nan,nan,nan,65536.0
2026-09-12T21:43:00.000+08:00,0.0,20.723907470703125,19.83349609375,0.0,nan,387.6000061035156,0.0,0.0,1263.4000244140625,nan,nan,nan,65536.0
2026-09-12T21:44:00.000+08:00,0.0,20.740833282470703,19.75,0.0,nan,387.8999938964844,0.0,0.0,1263.4000244140625,nan,nan,nan,65536.0
2026-09-12T21:45:00.000+08:00,0.0,20.725143432617188,19.84716796875,0.0,nan,388.1000061035156,0.0,0.0,1263.4000244140625,nan,nan,nan,65536.0
2026-09-12T21:46:00.000+08:00,0.0,20.719295501708984,19.75,0.0,nan,387.6000061035156,0.0,0.0,1263.4000244140625,nan,nan,nan,65536.0
2026-09-12T21:47:00.000+08:00,0.0,20.72086524963379,19.77783203125,0.0,nan,388.1000061035156,0.0,0.0,1263.4000244140625,nan,nan,nan,65536.0
2026-09-12T21:48:00.000+08:00,0.0,20.717485427856445,19.8056640625,0.0,nan,387.8999938964844,0.0,0.0,1263.4000244140625,nan,nan,nan,65536.0
2026-09-12T21:49:00.000+08:00,0.0,20.74358558654785,19.84716796875,0.0,nan,387.79998779296875,0.0,0.0,1263.4000244140625,nan,nan,nan,65536.0
2026-09-12T21:50:00.000+08:00,0.0,20.63268280029297,19.986328125,0.0,nan,388.1000061035156,0.0,0.0,1263.4000244140625,nan,nan,nan,65536.0
2026-09-12T21:51:00.000+08:00,0.0,20.635156631469727,19.88916015625,0.0,nan,388.1000061035156,0.0,0.0,1263.4000244140625,nan,nan,nan,65536.0
2026-09-12T21:52:00.000+08:00,0.0,20.635784149169922,19.986328125,0.0,nan,387.8999938964844,0.0,0.0,1263.4000244140625,nan,nan,nan,65536.0
2026-09-12T21:53:00.000+08:00,0.0,20.66586685180664,19.986328125,0.0,nan,387.79998779296875,0.0,0.0,1263.4000244140625,nan,nan,nan,65536.0
2026-09-12T21:54:00.000+08:00,0.0,20.65787696838379,19.875,0.0,nan,387.8999938964844,0.0,0.0,1263.4000244140625,nan,nan,nan,65536.0
2026-09-12T21:55:00.000+08:00,0.0,20.74880599975586,19.75,0.0,nan,388.20001220703125,0.0,0.0,1263.4000244140625,nan,nan,nan,65536.0
2026-09-12T21:56:00.000+08:00,0.0,20.794578552246094,19.95849609375,0.0,nan,388.1000061035156,0.0,0.0,1263.4000244140625,nan,nan,nan,65536.0
2026-09-12T21:57:00.000+08:00,0.0,20.805870056152344,19.875,0.0,nan,388.0,0.0,0.0,1263.4000244140625,nan,nan,nan,65536.0
2026-09-12T21:58:00.000+08:00,0.0,20.80070686340332,19.88916015625,0.0,nan,387.6000061035156,0.0,0.0,1263.4000244140625,nan,nan,nan,65536.0
2026-09-12T21:59:00.000+08:00,0.0,20.82155990600586,19.91650390625,0.0,nan,387.8999938964844,0.0,0.0,1263.4000244140625,nan,nan,nan,65536.0
2026-09-12T22:00:00.000+08:00,0.0,20.78287696838379,19.95849609375,0.0,nan,388.29998779296875,0.0,0.0,1263.4000244140625,nan,nan,nan,65536.0
2026-09-12T22:01:00.000+08:00,0.0,20.829530715942383,19.88916015625,0.0,nan,387.70001220703125,0.0,0.0,1263.4000244140625,nan,nan,nan,65536.0
2026-09-12T22:02:00.000+08:00,0.0,20.826784133911133,19.88916015625,0.0,nan,387.8999938964844,0.0,0.0,1263.4000244140625,nan,nan,nan,65536.0
2026-09-12T22:03:00.000+08:00,0.0,20.86794090270996,19.95849609375,0.0,nan,387.1000061035156,0.0,0.0,1263.4000244140625,nan,nan,nan,65536.0
2026-09-12T22:04:00.000+08:00,0.0,20.832908630371094,19.986328125,0.0,nan,386.79998779296875,0.0,0.0,1263.4000244140625,nan,nan,nan,65536.0
2026-09-12T22:05:00.000+08:00,0.0,20.858104705810547,19.94482421875,0.0,nan,386.5,0.0,0.0,1263.4000244140625,nan,nan,nan,65536.0
2026-09-12T22:06:00.000+08:00,0.0,20.822168350219727,19.88916015625,0.0,nan,386.8999938964844,0.0,0.0,1263.4000244140625,nan,nan,nan,65536.0
2026-09-12T22:07:00.000+08:00,0.0,20.756175994873047,20.06982421875,0.0,nan,386.79998779296875,0.0,0.0,1263.4000244140625,nan,nan,nan,65536.0
2026-09-12T22:08:00.000+08:00,0.0,20.754919052124023,19.95849609375,0.0,nan,387.29998779296875,0.0,0.0,1263.4000244140625,nan,nan,nan,65536.0
2026-09-12T22:09:00.000+08:00,0.0,20.851978302001953,20.04150390625,0.0,nan,387.29998779296875,0.0,0.0,1263.4000244140625,nan,nan,nan,65536.0
2026-09-12T22:10:00.000+08:00,0.0,20.866703033447266,19.97216796875,0.0,nan,387.20001220703125,0.0,0.0,1263.4000244140625,nan,nan,nan,65536.0
2026-09-12T22:11:00.000+08:00,0.0,20.794233322143555,20.01416015625,0.0,nan,387.8999938964844,0.0,0.0,1263.4000244140625,nan,nan,nan,65536.0
2026-09-12T22:12:00.000+08:00,0.0,20.774517059326172,20.111328125,0.0,nan,388.0,0.0,0.0,1263.4000244140625,nan,nan,nan,65536.0
2026-09-12T22:13:00.000+08:00,0.0,20.76628875732422,20.09716796875,0.0,nan,387.5,0.0,0.0,1263.4000244140625,nan,nan,nan,65536.0
2026-09-12T22:14:00.000+08:00,0.0,20.791736602783203,20.111328125,0.0,nan,387.8999938964844,0.0,0.0,1263.4000244140625,nan,nan,nan,65536.0
2026-09-12T22:15:00.000+08:00,0.0,20.8719482421875,19.875,0.0,nan,388.0,0.0,0.0,1263.4000244140625,nan,nan,nan,65536.0
2026-09-12T22:16:00.000+08:00,0.0,20.788990020751953,20.0,0.0,nan,387.29998779296875,0.0,0.0,1263.4000244140625,nan,nan,nan,65536.0
2026-09-12T22:17:00.000+08:00,0.0,20.82427406311035,20.0,0.0,nan,387.70001220703125,0.0,0.0,1263.4000244140625,nan,nan,nan,65536.0
2026-09-12T22:18:00.000+08:00,0.0,20.798845291137695,20.09716796875,0.0,nan,387.6000061035156,0.0,0.0,1263.4000244140625,nan,nan,nan,65536.0
2026-09-12T22:19:00.000+08:00,0.0,20.889148712158203,20.04150390625,0.0,nan,388.1000061035156,0.0,0.0,1263.4000244140625,nan,nan,nan,65536.0
2026-09-12T22:20:00.000+08:00,0.0,20.905132293701172,20.01416015625,0.0,nan,388.20001220703125,0.0,0.0,1263.4000244140625,nan,nan,nan,65536.0
2026-09-12T22:21:00.000+08:00,0.0,20.922590255737305,20.08349609375,0.0,nan,387.8999938964844,0.0,0.0,1263.4000244140625,nan,nan,nan,65536.0
2026-09-12T22:22:00.000+08:00,0.0,20.96961784362793,20.04150390625,0.0,nan,388.1000061035156,0.0,0.0,1263.4000244140625,nan,nan,nan,65536.0
2026-09-12T22:23:00.000+08:00,0.0,20.9523983001709,20.04150390625,0.0,nan,388.29998779296875,0.0,0.0,1263.4000244140625,nan,nan,nan,65536.0
2026-09-12T22:24:00.000+08:00,0.0,20.93731689453125,20.02783203125,0.0,nan,388.3999938964844,0.0,0.0,1263.4000244140625,nan,nan,nan,65536.0
2026-09-12T22:25:00.000+08:00,0.0,20.969009399414062,20.02783203125,0.0,nan,388.20001220703125,0.0,0.0,1263.4000244140625,nan,nan,nan,65536.0
2026-09-12T22:26:00.000+08:00,0.0,20.968379974365234,20.02783203125,0.0,nan,388.3999938964844,0.0,0.0,1263.4000244140625,nan,nan,nan,65536.0
2026-09-12T22:27:00.000+08:00,0.0,20.984346389770508,20.01416015625,0.0,nan,388.0,0.0,0.0,1263.4000244140625,nan,nan,nan,65536.0
2026-09-12T22:28:00.000+08:00,0.0,20.997817993164062,20.0556640625,0.0,nan,388.20001220703125,0.0,0.0,1263.4000244140625,nan,nan,nan,65536.0
2026-09-12T22:29:00.000+08:00,0.0,20.973623275756836,20.111328125,0.0,nan,388.20001220703125,0.0,0.0,1263.4000244140625,nan,nan,nan,65536.0
2026-09-12T22:30:00.000+08:00,0.0,20.879926681518555,20.20849609375,0.0,nan,388.3999938964844,0.0,0.0,1263.4000244140625,nan,nan,nan,65536.0
2026-09-12T22:31:00.000+08:00,0.0,20.886032104492188,20.22216796875,0.0,nan,388.5,0.0,0.0,1263.4000244140625,nan,nan,nan,65536.0
2026-09-12T22:32:00.000+08:00,0.0,20.997817993164062,20.06982421875,0.0,nan,387.79998779296875,0.0,0.0,1263.4000244140625,nan,nan,nan,65536.0
2026-09-12T22:33:00.000+08:00,0.0,20.98958969116211,20.08349609375,0.0,nan,387.79998779296875,0.0,0.0,1263.4000244140625,nan,nan,nan,65536.0
2026-09-12T22:34:00.000+08:00,0.0,20.877668380737305,20.1806640625,0.0,nan,388.1000061035156,0.0,0.0,1263.4000244140625,nan,nan,nan,65536.0
2026-09-12T22:35:00.000+08:00,0.0,20.907238006591797,20.22216796875,0.0,nan,388.0,0.0,0.0,1263.4000244140625,nan,nan,nan,65536.0
2026-09-12T22:36:00.000+08:00,0.0,20.915861129760742,20.22216796875,0.0,nan,387.6000061035156,0.0,0.0,1263.4000244140625,nan,nan,nan,65536.0
2026-09-12T22:37:00.000+08:00,0.0,20.89276885986328,20.125,0.0,nan,387.8999938964844,0.0,0.0,1263.4000244140625,nan,nan,nan,65536.0
2026-09-12T22:38:00.000+08:00,0.0,20.89950180053711,20.15283203125,0.0,nan,388.20001220703125,0.0,0.0,1263.4000244140625,nan,nan,nan,65536.0
2026-09-12T22:39:00.000+08:00,0.0,20.912715911865234,20.19482421875,0.0,nan,388.6000061035156,0.0,0.0,1263.4000244140625,nan,nan,nan,65536.0
2026-09-12T22:40:00.000+08:00,0.0,20.908733367919922,20.236328125,0.0,nan,388.6000061035156,0.0,0.0,1263.4000244140625,nan,nan,nan,65536.0
2026-09-12T22:41:00.000+08:00,0.0,20.89926528930664,20.16650390625,0.0,nan,388.20001220703125,0.0,0.0,1263.4000244140625,nan,nan,nan,65536.0
2026-09-12T22:42:00.000+08:00,0.0,20.927425384521484,20.15283203125,0.0,nan,388.5,0.0,0.0,1263.4000244140625,nan,nan,nan,65536.0
2026-09-12T22:43:00.000+08:00,0.0,21.058317184448242,20.236328125,0.0,nan,388.70001220703125,0.0,0.0,1263.4000244140625,nan,nan,nan,65536.0
2026-09-12T22:44:00.000+08:00,0.0,20.92447853088379,20.19482421875,0.0,nan,388.3999938964844,0.0,0.0,1263.4000244140625,nan,nan,nan,65536.0
2026-09-12T22:45:00.000+08:00,0.0,20.908733367919922,20.13916015625,0.0,nan,387.79998779296875,0.0,0.0,1263.4000244140625,nan,nan,nan,65536.0
2026-09-12T22:46:00.000+08:00,0.0,20.96063232421875,20.15283203125,0.0,nan,387.8999938964844,0.0,0.0,1263.4000244140625,nan,nan,nan,65536.0
2026-09-12T22:47:00.000+08:00,0.0,21.082252502441406,20.20849609375,0.0,nan,388.29998779296875,0.0,0.0,1263.4000244140625,nan,nan,nan,65536.0
2026-09-12T22:48:00.000+08:00,0.0,21.004732131958008,20.15283203125,0.0,nan,388.1000061035156,0.0,0.0,1263.4000244140625,nan,nan,nan,65536.0
2026-09-12T22:49:00.000+08:00,0.0,20.93520164489746,20.19482421875,0.0,nan,387.79998779296875,0.0,0.0,1263.4000244140625,nan,nan,nan,65536.0
2026-09-12T22:50:00.000+08:00,0.0,21.118816375732422,20.22216796875,0.0,nan,388.20001220703125,0.0,0.0,1263.4000244140625,nan,nan,nan,65536.0
2026-09-12T22:51:00.000+08:00,0.0,21.099082946777344,20.16650390625,0.0,nan,387.8999938964844,0.0,0.0,1263.4000244140625,nan,nan,nan,65536.0
2026-09-12T22:52:00.000+08:00,0.0,21.108938217163086,20.16650390625,0.0,nan,387.8999938964844,0.0,0.0,1263.4000244140625,nan,nan,nan,65536.0
2026-09-12T22:53:00.000+08:00,0.0,21.075536727905273,20.20849609375,0.0,nan,388.1000061035156,0.0,0.0,1263.4000244140625,nan,nan,nan,65536.0
2026-09-12T22:54:00.000+08:00,0.0,21.11357307434082,20.1806640625,0.0,nan,388.1000061035156,0.0,0.0,1263.4000244140625,nan,nan,nan,65536.0
2026-09-12T22:55:00.000+08:00,0.0,21.095487594604492,20.19482421875,0.0,nan,388.3999938964844,0.0,0.0,1263.4000244140625,nan,nan,nan,65536.0
2026-09-12T22:56:00.000+08:00,0.0,21.1175594329834,20.22216796875,0.0,nan,388.70001220703125,0.0,0.0,1263.4000244140625,nan,nan,nan,65536.0
2026-09-12T22:57:00.000+08:00,0.0,21.117971420288086,20.236328125,0.0,nan,388.5,0.0,0.0,1263.4000244140625,nan,nan,nan,65536.0
2026-09-12T22:58:00.000+08:00,0.0,21.030380249023438,20.25,0.0,nan,388.3999938964844,0.0,0.0,1263.4000244140625,nan,nan,nan,65536.0
2026-09-12T22:59:00.000+08:00,0.0,21.115673065185547,20.27783203125,0.0,nan,388.29998779296875,0.0,0.0,1263.4000244140625,nan,nan,nan,65536.0
2026-09-12T23:00:00.000+08:00,0.0,21.110824584960938,20.31982421875,0.0,nan,388.6000061035156,0.0,0.0,1263.4000244140625,nan,nan,nan,65536.0
2026-09-12T23:01:00.000+08:00,0.0,21.025333404541016,20.26416015625,0.0,nan,389.0,0.0,0.0,1263.4000244140625,nan,nan,nan,65536.0
2026-09-12T23:02:00.000+08:00,0.0,21.021974563598633,20.31982421875,0.0,nan,388.6000061035156,0.0,0.0,1263.4000244140625,nan,nan,nan,65536.0
2026-09-12T23:03:00.000+08:00,0.0,21.023645401000977,20.26416015625,0.0,nan,389.0,0.0,0.0,1263.4000244140625,nan,nan,nan,65536.0
2026-09-12T23:04:00.000+08:00,0.0,21.031005859375,20.34716796875,0.0,nan,388.29998779296875,0.0,0.0,1263.4000244140625,nan,nan,nan,65536.0
2026-09-12T23:05:00.000+08:00,0.0,21.053058624267578,20.26416015625,0.0,nan,388.6000061035156,0.0,0.0,1263.4000244140625,nan,nan,nan,65536.0
2026-09-12T23:06:00.000+08:00,0.0,21.029102325439453,20.31982421875,0.0,nan,388.5,0.0,0.0,1263.4000244140625,nan,nan,nan,65536.0
2026-09-12T23:07:00.000+08:00,0.0,21.048858642578125,20.27783203125,0.0,nan,388.0,0.0,0.0,1263.4000244140625,nan,nan,nan,65536.0
2026-09-12T23:08:00.000+08:00,0.0,21.02784538269043,20.361328125,0.0,nan,388.1000061035156,0.0,0.0,1263.4000244140625,nan,nan,nan,65536.0
2026-09-12T23:09:00.000+08:00,0.0,21.042339324951172,20.29150390625,0.0,nan,387.70001220703125,0.0,0.0,1263.4000244140625,nan,nan,nan,65536.0
2026-09-12T23:10:00.000+08:00,0.0,21.05641746520996,20.33349609375,0.0,nan,388.20001220703125,0.0,0.0,1263.4000244140625,nan,nan,nan,65536.0
2026-09-12T23:11:00.000+08:00,0.0,21.045284271240234,20.34716796875,0.0,nan,388.70001220703125,0.0,0.0,1263.4000244140625,nan,nan,nan,65536.0
2026-09-12T23:12:00.000+08:00,0.0,21.068395614624023,20.361328125,0.0,nan,389.0,0.0,0.0,1263.4000244140625,nan,nan,nan,65536.0
2026-09-12T23:13:00.000+08:00,0.0,21.068395614624023,20.25,0.0,nan,388.8999938964844,0.0,0.0,1263.4000244140625,nan,nan,nan,65536.0
2026-09-12T23:14:00.000+08:00,0.0,21.05769157409668,20.33349609375,0.0,nan,388.8999938964844,0.0,0.0,1263.4000244140625,nan,nan,nan,65536.0
2026-09-12T23:15:00.000+08:00,0.0,21.190664291381836,20.29150390625,0.0,nan,388.6000061035156,0.0,0.0,1263.4000244140625,nan,nan,nan,65536.0
2026-09-12T23:16:00.000+08:00,0.0,21.210186004638672,20.31982421875,0.0,nan,388.70001220703125,0.0,0.0,1263.4000244140625,nan,nan,nan,65536.0
2026-09-12T23:17:00.000+08:00,0.0,21.081432342529297,20.2919921875,0.0,nan,388.70001220703125,0.0,0.0,1263.4000244140625,nan,nan,nan,65536.0
2026-09-12T23:18:00.000+08:00,0.0,21.188133239746094,20.31982421875,0.0,nan,388.70001220703125,0.0,0.0,1263.4000244140625,nan,nan,nan,65536.0
2026-09-12T23:19:00.000+08:00,0.0,21.221338272094727,20.25,0.0,nan,388.29998779296875,0.0,0.0,1263.4000244140625,nan,nan,nan,65536.0
2026-09-12T23:20:00.000+08:00,0.0,21.217548370361328,20.27783203125,0.0,nan,388.3999938964844,0.0,0.0,1263.4000244140625,nan,nan,nan,65536.0
2026-09-12T23:21:00.000+08:00,0.0,21.14232635498047,20.45849609375,0.0,nan,388.1000061035156,0.0,0.0,1263.4000244140625,nan,nan,nan,65536.0
2026-09-12T23:22:00.000+08:00,0.0,21.23667335510254,20.33349609375,0.0,nan,388.1000061035156,0.0,0.0,1263.4000244140625,nan,nan,nan,65536.0
2026-09-12T23:23:00.000+08:00,0.0,21.125537872314453,20.34716796875,0.0,nan,388.20001220703125,0.0,0.0,1263.4000244140625,nan,nan,nan,65536.0
2026-09-12T23:24:00.000+08:00,0.0,21.22805404663086,20.34716796875,0.0,nan,388.6000061035156,0.0,0.0,1263.4000244140625,nan,nan,nan,65536.0
2026-09-12T23:25:00.000+08:00,0.0,21.22722816467285,20.27783203125,0.0,nan,388.3999938964844,0.0,0.0,1263.4000244140625,nan,nan,nan,65536.0
2026-09-12T23:26:00.000+08:00,0.0,21.14886474609375,20.41650390625,0.0,nan,388.29998779296875,0.0,0.0,1263.4000244140625,nan,nan,nan,65536.0
2026-09-12T23:27:00.000+08:00,0.0,21.158939361572266,20.4306640625,0.0,nan,388.70001220703125,0.0,0.0,1263.4000244140625,nan,nan,nan,65536.0
2026-09-12T23:28:00.000+08:00,0.0,21.139419555664062,20.38916015625,0.0,nan,388.29998779296875,0.0,0.0,1263.4000244140625,nan,nan,nan,65536.0
2026-09-12T23:29:00.000+08:00,0.0,21.14886474609375,20.375,0.0,nan,388.29998779296875,0.0,0.0,1263.4000244140625,nan,nan,nan,65536.0
2026-09-12T23:30:00.000+08:00,0.0,21.150318145751953,20.486328125,0.0,nan,388.5,0.0,0.0,1263.4000244140625,nan,nan,nan,65536.0
2026-09-12T23:31:00.000+08:00,0.0,21.144880294799805,20.4306640625,0.0,nan,388.20001220703125,0.0,0.0,1263.4000244140625,nan,nan,nan,65536.0
2026-09-12T23:32:00.000+08:00,0.0,21.158939361572266,20.41650390625,0.0,nan,387.29998779296875,0.0,0.0,1263.4000244140625,nan,nan,nan,65536.0
2026-09-12T23:33:00.000+08:00,0.0,21.192949295043945,20.486328125,0.0,nan,388.20001220703125,0.0,0.0,1263.4000244140625,nan,nan,nan,65536.0
2026-09-12T23:34:00.000+08:00,0.0,21.189767837524414,20.44482421875,0.0,nan,388.70001220703125,0.0,0.0,1263.4000244140625,nan,nan,nan,65536.0
2026-09-12T23:35:00.000+08:00,0.0,21.16818618774414,20.4306640625,0.0,nan,388.29998779296875,0.0,0.0,1263.4000244140625,nan,nan,nan,65536.0
2026-09-12T23:36:00.000+08:00,0.0,21.178083419799805,20.41650390625,0.0,nan,388.5,0.0,0.0,1263.4000244140625,nan,nan,nan,65536.0
2026-09-12T23:37:00.000+08:00,0.0,21.1740779876709,20.486328125,0.0,nan,388.20001220703125,0.0,0.0,1263.4000244140625,nan,nan,nan,65536.0
2026-09-12T23:38:00.000+08:00,0.0,21.15430450439453,20.45849609375,0.0,nan,388.5,0.0,0.0,1263.4000244140625,nan,nan,nan,65536.0
2026-09-12T23:39:00.000+08:00,0.0,21.16545867919922,20.41650390625,0.0,nan,388.20001220703125,0.0,0.0,1263.4000244140625,nan,nan,nan,65536.0
2026-09-12T23:40:00.000+08:00,0.0,21.184152603149414,20.47216796875,0.0,nan,389.0,0.0,0.0,1263.4000244140625,nan,nan,nan,65536.0
2026-09-12T23:41:00.000+08:00,0.0,21.170896530151367,20.4306640625,0.0,nan,389.20001220703125,0.0,0.0,1263.4000244140625,nan,nan,nan,65536.0
2026-09-12T23:42:00.000+08:00,0.0,21.198034286499023,20.40283203125,0.0,nan,389.0,0.0,0.0,1263.4000244140625,nan,nan,nan,65536.0
2026-09-12T23:43:00.000+08:00,0.0,21.18878746032715,20.375,0.0,nan,388.8999938964844,0.0,0.0,1263.4000244140625,nan,nan,nan,65536.0
2026-09-12T23:44:00.000+08:00,0.0,21.17743682861328,20.44482421875,0.0,nan,388.6000061035156,0.0,0.0,1263.4000244140625,nan,nan,nan,65536.0
2026-09-12T23:45:00.000+08:00,0.0,21.186880111694336,20.47216796875,0.0,nan,388.8999938964844,0.0,0.0,1263.4000244140625,nan,nan,nan,65536.0
2026-09-12T23:46:00.000+08:00,0.0,21.328475952148438,20.375,0.0,nan,389.1000061035156,0.0,0.0,1263.4000244140625,nan,nan,nan,65536.0
2026-09-12T23:47:00.000+08:00,0.0,21.23396873474121,20.486328125,0.0,nan,388.5,0.0,0.0,1263.4000244140625,nan,nan,nan,65536.0
2026-09-12T23:48:00.000+08:00,0.0,21.291912078857422,20.44482421875,0.0,nan,388.79998779296875,0.0,0.0,1263.4000244140625,nan,nan,nan,65536.0
2026-09-12T23:49:00.000+08:00,0.0,21.33629035949707,20.375,0.0,nan,388.79998779296875,0.0,0.0,1263.4000244140625,nan,nan,nan,65536.0
2026-09-12T23:50:00.000+08:00,0.0,21.349071502685547,20.44482421875,0.0,nan,388.8999938964844,0.0,0.0,1263.4000244140625,nan,nan,nan,65536.0
2026-09-12T23:51:00.000+08:00,0.0,21.340274810791016,20.4306640625,0.0,nan,389.0,0.0,0.0,1263.4000244140625,nan,nan,nan,65536.0
2026-09-12T23:52:00.000+08:00,0.0,21.348268508911133,20.486328125,0.0,nan,388.8999938964844,0.0,0.0,1263.4000244140625,nan,nan,nan,65536.0
2026-09-12T23:53:00.000+08:00,0.0,21.37238121032715,20.59716796875,0.0,nan,388.3999938964844,0.0,0.0,1263.4000244140625,nan,nan,nan,65536.0
2026-09-12T23:54:00.000+08:00,0.0,21.258710861206055,20.54150390625,0.0,nan,388.70001220703125,0.0,0.0,1263.4000244140625,nan,nan,nan,65536.0
2026-09-12T23:55:00.000+08:00,0.0,21.25998878479004,20.59716796875,0.0,nan,388.70001220703125,0.0,0.0,1263.4000244140625,nan,nan,nan,65536.0
2026-09-12T23:56:00.000+08:00,0.0,21.36104965209961,20.45849609375,0.0,nan,388.8999938964844,0.0,0.0,1263.4000244140625,nan,nan,nan,65536.0
2026-09-12T23:57:00.000+08:00,0.0,21.27324104309082,20.611328125,0.0,nan,389.0,0.0,0.0,1263.4000244140625,nan,nan,nan,65536.0
2026-09-12T23:58:00.000+08:00,0.0,21.2694149017334,20.611328125,0.0,nan,389.20001220703125,0.0,0.0,1263.4000244140625,nan,nan,nan,65536.0
2026-09-12T23:59:00.000+08:00,0.0,21.27133560180664,20.5556640625,0.0,nan,389.29998779296875,0.0,0.0,1263.4000244140625,nan,nan,nan,65536.0
