timestamp,門診大樓_AH_3_2冰水流量,門診大樓_AH_3_2溫度1,門診大樓_AH_3_2溫度2,門診大樓_AH_3_2冷凍頓,門診大樓_AH_3_2冰水效率,門診大樓_AH_3_2電壓平均,門診大樓_AH_3_2電流平均,門診大樓_AH_3_2輸出功率,門診大樓_AH_3_2輸出功率千瓦時,門診大樓_AH_3_2_1 EC_FAN直流電壓,門診大樓_AH_3_2_1 EC_FAN直流電流,門診大樓_AH_3_2_1 EC_FAN有效功率,門診大樓_AH_3_2_1 EC_FAN輸出功率千瓦時,門診大樓_AH_3_2_2 EC_FAN直流電壓,門診大樓_AH_3_2_2 EC_FAN直流電流,門診大樓_AH_3_2_2 EC_FAN有效功率,門診大樓_AH_3_2_2 EC_FAN輸出功率千瓦時,門診大樓_AH_3_2_3 EC_FAN直流電壓,門診大樓_AH_3_2_3 EC_FAN直流電流,門診大樓_AH_3_2_3 EC_FAN有效功率,門診大樓_AH_3_2_3 EC_FAN輸出功率千瓦時
2026-09-10T00:00:00.000+08:00,313.9510803222656,9.15194320678711,12.1875,20.293319702148438,0.1782359927892685,387.20001220703125,6.2179999351501465,3.61899995803833,1970.5999755859375,nan,nan,nan,65536.0,nan,nan,nan,65536.0,nan,nan,nan,65536.0
2026-09-10T00:01:00.000+08:00,313.207275390625,9.099128723144531,11.4306640625,19.315059661865234,0.18695256114006042,387.29998779296875,0.0,0.0,1970.5999755859375,nan,nan,nan,65536.0,nan,nan,nan,65536.0,nan,nan,nan,65536.0
2026-09-10T00:02:00.000+08:00,299.1390686035156,9.114990234375,11.201416015625,18.837696075439453,0.19216787815093994,387.29998779296875,0.0,0.0,1970.5999755859375,nan,nan,nan,65536.0,nan,nan,nan,65536.0,nan,nan,nan,65536.0
2026-09-10T00:03:00.000+08:00,54.23822021484375,9.220905303955078,11.361083984375,2.5912132263183594,0.0,387.1000061035156,0.0,0.0,1970.5999755859375,nan,nan,nan,65536.0,nan,nan,nan,65536.0,nan,nan,nan,65536.0
2026-09-10T00:04:00.000+08:00,0.0,9.287994384765625,11.4375,0.0,nan,387.0,0.0,0.0,1970.5999755859375,nan,nan,nan,65536.0,nan,nan,nan,65536.0,nan,nan,nan,65536.0
2026-09-10T00:05:00.000+08:00,0.0,9.359794616699219,11.5419921875,0.0,nan,387.20001220703125,0.0,0.0,1970.5999755859375,nan,nan,nan,65536.0,nan,nan,nan,65536.0,nan,nan,nan,65536.0
2026-09-10T00:06:00.000+08:00,0.0,9.36944580078125,11.597412109375,0.0,nan,387.1000061035156,0.0,0.0,1970.5999755859375,nan,nan,nan,65536.0,nan,nan,nan,65536.0,nan,nan,nan,65536.0
2026-09-10T00:07:00.000+08:00,0.0,9.35543441772461,11.645751953125,0.0,nan,387.1000061035156,0.0,0.0,1970.5999755859375,nan,nan,nan,65536.0,nan,nan,nan,65536.0,nan,nan,nan,65536.0
2026-09-10T00:08:00.000+08:00,0.0,9.33172607421875,11.6875,0.0,nan,387.29998779296875,0.0,0.0,1970.5999755859375,nan,nan,nan,65536.0,nan,nan,nan,65536.0,nan,nan,nan,65536.0
2026-09-10T00:09:00.000+08:00,0.0,9.423652648925781,11.722412109375,0.0,nan,387.1000061035156,0.0,0.0,1970.5999755859375,nan,nan,nan,65536.0,nan,nan,nan,65536.0,nan,nan,nan,65536.0
2026-09-10T00:10:00.000+08:00,0.0,9.393478393554688,11.8056640625,0.0,nan,386.8999938964844,0.0,0.0,1970.5999755859375,nan,nan,nan,65536.0,nan,nan,nan,65536.0,nan,nan,nan,65536.0
2026-09-10T00:11:00.000+08:00,0.0,9.396003723144531,11.757080078125,0.0,nan,386.70001220703125,0.0,0.0,1970.5999755859375,nan,nan,nan,65536.0,nan,nan,nan,65536.0,nan,nan,nan,65536.0
2026-09-10T00:12:00.000+08:00,0.0,9.449142456054688,11.8681640625,0.0,nan,386.3999938964844,0.0,0.0,1970.5999755859375,nan,nan,nan,65536.0,nan,nan,nan,65536.0,nan,nan,nan,65536.0
2026-09-10T00:13:00.000+08:00,0.0,9.47247314453125,11.8681640625,0.0,nan,386.5,0.0,0.0,1970.5999755859375,nan,nan,nan,65536.0,nan,nan,nan,65536.0,nan,nan,nan,65536.0
2026-09-10T00:14:00.000+08:00,0.0,9.476783752441406,11.826416015625,0.0,nan,386.3999938964844,0.0,0.0,1970.5999755859375,nan,nan,nan,65536.0,nan,nan,nan,65536.0,nan,nan,nan,65536.0
2026-09-10T00:15:00.000+08:00,0.0,9.468891143798828,11.84033203125,0.0,nan,386.8999938964844,0.0,0.0,1970.5999755859375,nan,nan,nan,65536.0,nan,nan,nan,65536.0,nan,nan,nan,65536.0
2026-09-10T00:16:00.000+08:00,0.0,9.497276306152344,11.847412109375,0.0,nan,386.6000061035156,0.0,0.0,1970.5999755859375,nan,nan,nan,65536.0,nan,nan,nan,65536.0,nan,nan,nan,65536.0
2026-09-10T00:17:00.000+08:00,0.0,9.453781127929688,11.9169921875,0.0,nan,386.8999938964844,0.0,0.0,1970.5999755859375,nan,nan,nan,65536.0,nan,nan,nan,65536.0,nan,nan,nan,65536.0
2026-09-10T00:18:00.000+08:00,0.0,9.466373443603516,11.9169921875,0.0,nan,387.20001220703125,0.0,0.0,1970.5999755859375,nan,nan,nan,65536.0,nan,nan,nan,65536.0,nan,nan,nan,65536.0
2026-09-10T00:19:00.000+08:00,0.0,9.473899841308594,11.91015625,0.0,nan,387.29998779296875,0.0,0.0,1970.5999755859375,nan,nan,nan,65536.0,nan,nan,nan,65536.0,nan,nan,nan,65536.0
2026-09-10T00:20:00.000+08:00,0.0,9.548622131347656,11.916748046875,0.0,nan,387.3999938964844,0.0,0.0,1970.5999755859375,nan,nan,nan,65536.0,nan,nan,nan,65536.0,nan,nan,nan,65536.0
2026-09-10T00:21:00.000+08:00,0.0,9.519844055175781,11.972412109375,0.0,nan,386.8999938964844,0.0,0.0,1970.5999755859375,nan,nan,nan,65536.0,nan,nan,nan,65536.0,nan,nan,nan,65536.0
2026-09-10T00:22:00.000+08:00,0.0,9.52811050415039,11.9375,0.0,nan,386.8999938964844,0.0,0.0,1970.5999755859375,nan,nan,nan,65536.0,nan,nan,nan,65536.0,nan,nan,nan,65536.0
2026-09-10T00:23:00.000+08:00,0.0,9.60528564453125,11.972412109375,0.0,nan,386.5,0.0,0.0,1970.5999755859375,nan,nan,nan,65536.0,nan,nan,nan,65536.0,nan,nan,nan,65536.0
2026-09-10T00:24:00.000+08:00,0.0,9.609989166259766,11.979248046875,0.0,nan,386.79998779296875,0.0,0.0,1970.5999755859375,nan,nan,nan,65536.0,nan,nan,nan,65536.0,nan,nan,nan,65536.0
2026-09-10T00:25:00.000+08:00,0.0,9.581298828125,12.02099609375,0.0,nan,386.70001220703125,0.0,0.0,1970.5999755859375,nan,nan,nan,65536.0,nan,nan,nan,65536.0,nan,nan,nan,65536.0
2026-09-10T00:26:00.000+08:00,0.0,9.591663360595703,12.0556640625,0.0,nan,386.3999938964844,0.0,0.0,1970.5999755859375,nan,nan,nan,65536.0,nan,nan,nan,65536.0,nan,nan,nan,65536.0
2026-09-10T00:27:00.000+08:00,0.0,9.58660888671875,12.0556640625,0.0,nan,386.70001220703125,0.0,0.0,1970.5999755859375,nan,nan,nan,65536.0,nan,nan,nan,65536.0,nan,nan,nan,65536.0
2026-09-10T00:28:00.000+08:00,0.0,9.616859436035156,12.041748046875,0.0,nan,387.0,0.0,0.0,1970.5999755859375,nan,nan,nan,65536.0,nan,nan,nan,65536.0,nan,nan,nan,65536.0
2026-09-10T00:29:00.000+08:00,0.0,9.60067367553711,12.0556640625,0.0,nan,386.3999938964844,0.0,0.0,1970.5999755859375,nan,nan,nan,65536.0,nan,nan,nan,65536.0,nan,nan,nan,65536.0
2026-09-10T00:30:00.000+08:00,0.0,9.576576232910156,12.076416015625,0.0,nan,386.79998779296875,0.0,0.0,1970.5999755859375,nan,nan,nan,65536.0,nan,nan,nan,65536.0,nan,nan,nan,65536.0
2026-09-10T00:31:00.000+08:00,0.0,9.644878387451172,12.104248046875,0.0,nan,386.8999938964844,0.0,0.0,1970.5999755859375,nan,nan,nan,65536.0,nan,nan,nan,65536.0,nan,nan,nan,65536.0
2026-09-10T00:32:00.000+08:00,0.0,9.73525619506836,12.069580078125,0.0,nan,386.6000061035156,0.0,0.0,1970.5999755859375,nan,nan,nan,65536.0,nan,nan,nan,65536.0,nan,nan,nan,65536.0
2026-09-10T00:33:00.000+08:00,0.0,9.667461395263672,12.076416015625,0.0,nan,386.70001220703125,0.0,0.0,1970.5999755859375,nan,nan,nan,65536.0,nan,nan,nan,65536.0,nan,nan,nan,65536.0
2026-09-10T00:34:00.000+08:00,0.0,9.62545394897461,12.1533203125,0.0,nan,386.5,0.0,0.0,1970.5999755859375,nan,nan,nan,65536.0,nan,nan,nan,65536.0,nan,nan,nan,65536.0
2026-09-10T00:35:00.000+08:00,0.0,9.631118774414062,12.1181640625,0.0,nan,386.5,0.0,0.0,1970.5999755859375,nan,nan,nan,65536.0,nan,nan,nan,65536.0,nan,nan,nan,65536.0
2026-09-10T00:36:00.000+08:00,0.0,9.702259063720703,12.125,0.0,nan,387.20001220703125,0.0,0.0,1970.5999755859375,nan,nan,nan,65536.0,nan,nan,nan,65536.0,nan,nan,nan,65536.0
2026-09-10T00:37:00.000+08:00,0.0,9.722003936767578,12.159912109375,0.0,nan,386.79998779296875,0.0,0.0,1970.5999755859375,nan,nan,nan,65536.0,nan,nan,nan,65536.0,nan,nan,nan,65536.0
2026-09-10T00:38:00.000+08:00,0.0,9.799182891845703,12.1669921875,0.0,nan,387.29998779296875,0.0,0.0,1970.5999755859375,nan,nan,nan,65536.0,nan,nan,nan,65536.0,nan,nan,nan,65536.0
2026-09-10T00:39:00.000+08:00,0.0,9.750041961669922,12.138916015625,0.0,nan,386.8999938964844,0.0,0.0,1970.5999755859375,nan,nan,nan,65536.0,nan,nan,nan,65536.0,nan,nan,nan,65536.0
2026-09-10T00:40:00.000+08:00,0.0,9.69073486328125,12.236328125,0.0,nan,387.20001220703125,0.0,0.0,1970.5999755859375,nan,nan,nan,65536.0,nan,nan,nan,65536.0,nan,nan,nan,65536.0
2026-09-10T00:41:00.000+08:00,0.0,9.757568359375,12.236328125,0.0,nan,386.8999938964844,0.0,0.0,1970.5999755859375,nan,nan,nan,65536.0,nan,nan,nan,65536.0,nan,nan,nan,65536.0
2026-09-10T00:42:00.000+08:00,0.0,9.786521911621094,12.229248046875,0.0,nan,386.8999938964844,0.0,0.0,1970.5999755859375,nan,nan,nan,65536.0,nan,nan,nan,65536.0,nan,nan,nan,65536.0
2026-09-10T00:43:00.000+08:00,0.0,9.797805786132812,12.236083984375,0.0,nan,386.79998779296875,0.0,0.0,1970.5999755859375,nan,nan,nan,65536.0,nan,nan,nan,65536.0,nan,nan,nan,65536.0
2026-09-10T00:44:00.000+08:00,0.0,9.806468963623047,12.2431640625,0.0,nan,386.8999938964844,0.0,0.0,1970.5999755859375,nan,nan,nan,65536.0,nan,nan,nan,65536.0,nan,nan,nan,65536.0
2026-09-10T00:45:00.000+08:00,0.0,9.842025756835938,12.25,0.0,nan,387.0,0.0,0.0,1970.5999755859375,nan,nan,nan,65536.0,nan,nan,nan,65536.0,nan,nan,nan,65536.0
2026-09-10T00:46:00.000+08:00,0.0,9.763343811035156,12.28515625,0.0,nan,387.20001220703125,0.0,0.0,1970.5999755859375,nan,nan,nan,65536.0,nan,nan,nan,65536.0,nan,nan,nan,65536.0
2026-09-10T00:47:00.000+08:00,0.0,9.857444763183594,12.298583984375,0.0,nan,386.8999938964844,0.0,0.0,1970.5999755859375,nan,nan,nan,65536.0,nan,nan,nan,65536.0,nan,nan,nan,65536.0
2026-09-10T00:48:00.000+08:00,0.0,9.866653442382812,12.25,0.0,nan,387.3999938964844,0.0,0.0,1970.5999755859375,nan,nan,nan,65536.0,nan,nan,nan,65536.0,nan,nan,nan,65536.0
2026-09-10T00:49:00.000+08:00,0.0,9.874919891357422,12.3056640625,0.0,nan,387.0,0.0,0.0,1970.5999755859375,nan,nan,nan,65536.0,nan,nan,nan,65536.0,nan,nan,nan,65536.0
2026-09-10T00:50:00.000+08:00,0.0,9.872119903564453,12.25,0.0,nan,387.29998779296875,0.0,0.0,1970.5999755859375,nan,nan,nan,65536.0,nan,nan,nan,65536.0,nan,nan,nan,65536.0
2026-09-10T00:51:00.000+08:00,0.0,9.907657623291016,12.333251953125,0.0,nan,387.0,0.0,0.0,1970.5999755859375,nan,nan,nan,65536.0,nan,nan,nan,65536.0,nan,nan,nan,65536.0
2026-09-10T00:52:00.000+08:00,0.0,9.93096923828125,12.319580078125,0.0,nan,386.8999938964844,0.0,0.0,1970.5999755859375,nan,nan,nan,65536.0,nan,nan,nan,65536.0,nan,nan,nan,65536.0
2026-09-10T00:53:00.000+08:00,0.0,9.9234619140625,12.354248046875,0.0,nan,386.8999938964844,0.0,0.0,1970.5999755859375,nan,nan,nan,65536.0,nan,nan,nan,65536.0,nan,nan,nan,65536.0
2026-09-10T00:54:00.000+08:00,0.0,9.927032470703125,12.333251953125,0.0,nan,386.8999938964844,0.0,0.0,1970.5999755859375,nan,nan,nan,65536.0,nan,nan,nan,65536.0,nan,nan,nan,65536.0
2026-09-10T00:55:00.000+08:00,0.0,9.974052429199219,12.39599609375,0.0,nan,386.79998779296875,0.0,0.0,1970.5999755859375,nan,nan,nan,65536.0,nan,nan,nan,65536.0,nan,nan,nan,65536.0
2026-09-10T00:56:00.000+08:00,0.0,9.940780639648438,12.382080078125,0.0,nan,386.5,0.0,0.0,1970.5999755859375,nan,nan,nan,65536.0,nan,nan,nan,65536.0,nan,nan,nan,65536.0
2026-09-10T00:57:00.000+08:00,0.0,9.98984146118164,12.423828125,0.0,nan,386.6000061035156,0.0,0.0,1970.5999755859375,nan,nan,nan,65536.0,nan,nan,nan,65536.0,nan,nan,nan,65536.0
2026-09-10T00:58:00.000+08:00,0.0,9.970855712890625,12.41015625,0.0,nan,387.0,0.0,0.0,1970.5999755859375,nan,nan,nan,65536.0,nan,nan,nan,65536.0,nan,nan,nan,65536.0
2026-09-10T00:59:00.000+08:00,0.0,9.941875457763672,12.444580078125,0.0,nan,386.70001220703125,0.0,0.0,1970.5999755859375,nan,nan,nan,65536.0,nan,nan,nan,65536.0,nan,nan,nan,65536.0
2026-09-10T01:00:00.000+08:00,0.0,10.007179260253906,12.486328125,0.0,nan,387.29998779296875,0.0,0.0,1970.5999755859375,nan,nan,nan,65536.0,nan,nan,nan,65536.0,nan,nan,nan,65536.0
2026-09-10T01:01:00.000+08:00,0.0,10.01239013671875,12.472412109375,0.0,nan,387.1000061035156,0.0,0.0,1970.5999755859375,nan,nan,nan,65536.0,nan,nan,nan,65536.0,nan,nan,nan,65536.0
2026-09-10T01:02:00.000+08:00,0.0,10.023853302001953,12.4931640625,0.0,nan,387.29998779296875,0.0,0.0,1970.5999755859375,nan,nan,nan,65536.0,nan,nan,nan,65536.0,nan,nan,nan,65536.0
2026-09-10T01:03:00.000+08:00,0.0,10.040802001953125,12.4658203125,0.0,nan,387.0,0.0,0.0,1970.5999755859375,nan,nan,nan,65536.0,nan,nan,nan,65536.0,nan,nan,nan,65536.0
2026-09-10T01:04:00.000+08:00,0.0,10.059001922607422,12.4794921875,0.0,nan,386.79998779296875,0.0,0.0,1970.5999755859375,nan,nan,nan,65536.0,nan,nan,nan,65536.0,nan,nan,nan,65536.0
2026-09-10T01:05:00.000+08:00,0.0,10.039154052734375,12.4375,0.0,nan,386.6000061035156,0.0,0.0,1970.5999755859375,nan,nan,nan,65536.0,nan,nan,nan,65536.0,nan,nan,nan,65536.0
2026-09-10T01:06:00.000+08:00,0.0,10.006729125976562,12.548828125,0.0,nan,386.79998779296875,0.0,0.0,1970.5999755859375,nan,nan,nan,65536.0,nan,nan,nan,65536.0,nan,nan,nan,65536.0
2026-09-10T01:07:00.000+08:00,0.0,10.12343978881836,12.444580078125,0.0,nan,386.79998779296875,0.0,0.0,1970.5999755859375,nan,nan,nan,65536.0,nan,nan,nan,65536.0,nan,nan,nan,65536.0
2026-09-10T01:08:00.000+08:00,0.0,10.092540740966797,12.548828125,0.0,nan,386.79998779296875,0.0,0.0,1970.5999755859375,nan,nan,nan,65536.0,nan,nan,nan,65536.0,nan,nan,nan,65536.0
2026-09-10T01:09:00.000+08:00,0.0,10.089344024658203,12.5556640625,0.0,nan,387.1000061035156,0.0,0.0,1970.5999755859375,nan,nan,nan,65536.0,nan,nan,nan,65536.0,nan,nan,nan,65536.0
2026-09-10T01:10:00.000+08:00,0.0,10.09726333618164,12.5,0.0,nan,387.1000061035156,0.0,0.0,1970.5999755859375,nan,nan,nan,65536.0,nan,nan,nan,65536.0,nan,nan,nan,65536.0
2026-09-10T01:11:00.000+08:00,0.0,10.181900024414062,12.5419921875,0.0,nan,387.1000061035156,0.0,0.0,1970.5999755859375,nan,nan,nan,65536.0,nan,nan,nan,65536.0,nan,nan,nan,65536.0
2026-09-10T01:12:00.000+08:00,0.0,10.183055877685547,12.548828125,0.0,nan,387.0,0.0,0.0,1970.5999755859375,nan,nan,nan,65536.0,nan,nan,nan,65536.0,nan,nan,nan,65536.0
2026-09-10T01:13:00.000+08:00,0.0,10.176704406738281,12.520751953125,0.0,nan,387.5,0.0,0.0,1970.5999755859375,nan,nan,nan,65536.0,nan,nan,nan,65536.0,nan,nan,nan,65536.0
2026-09-10T01:14:00.000+08:00,0.0,10.165946960449219,12.604248046875,0.0,nan,387.5,0.0,0.0,1970.5999755859375,nan,nan,nan,65536.0,nan,nan,nan,65536.0,nan,nan,nan,65536.0
2026-09-10T01:15:00.000+08:00,0.0,10.133586883544922,12.569580078125,0.0,nan,387.6000061035156,0.0,0.0,1970.5999755859375,nan,nan,nan,65536.0,nan,nan,nan,65536.0,nan,nan,nan,65536.0
2026-09-10T01:16:00.000+08:00,0.0,10.235187530517578,12.6181640625,0.0,nan,387.70001220703125,0.0,0.0,1970.5999755859375,nan,nan,nan,65536.0,nan,nan,nan,65536.0,nan,nan,nan,65536.0
2026-09-10T01:17:00.000+08:00,0.0,10.199569702148438,12.659912109375,0.0,nan,386.8999938964844,0.0,0.0,1970.5999755859375,nan,nan,nan,65536.0,nan,nan,nan,65536.0,nan,nan,nan,65536.0
2026-09-10T01:18:00.000+08:00,0.0,10.198783874511719,12.645751953125,0.0,nan,386.8999938964844,0.0,0.0,1970.5999755859375,nan,nan,nan,65536.0,nan,nan,nan,65536.0,nan,nan,nan,65536.0
2026-09-10T01:19:00.000+08:00,0.0,10.22247314453125,12.6669921875,0.0,nan,386.8999938964844,0.0,0.0,1970.5999755859375,nan,nan,nan,65536.0,nan,nan,nan,65536.0,nan,nan,nan,65536.0
2026-09-10T01:20:00.000+08:00,0.0,10.20272445678711,12.64599609375,0.0,nan,387.0,0.0,0.0,1970.5999755859375,nan,nan,nan,65536.0,nan,nan,nan,65536.0,nan,nan,nan,65536.0
2026-09-10T01:21:00.000+08:00,0.0,10.300392150878906,12.673583984375,0.0,nan,387.1000061035156,0.0,0.0,1970.5999755859375,nan,nan,nan,65536.0,nan,nan,nan,65536.0,nan,nan,nan,65536.0
2026-09-10T01:22:00.000+08:00,0.0,10.290496826171875,12.645751953125,0.0,nan,387.1000061035156,0.0,0.0,1970.5999755859375,nan,nan,nan,65536.0,nan,nan,nan,65536.0,nan,nan,nan,65536.0
2026-09-10T01:23:00.000+08:00,0.0,10.311454772949219,12.6669921875,0.0,nan,386.6000061035156,0.0,0.0,1970.5999755859375,nan,nan,nan,65536.0,nan,nan,nan,65536.0,nan,nan,nan,65536.0
2026-09-10T01:24:00.000+08:00,0.0,10.257247924804688,12.729248046875,0.0,nan,387.1000061035156,0.0,0.0,1970.5999755859375,nan,nan,nan,65536.0,nan,nan,nan,65536.0,nan,nan,nan,65536.0
2026-09-10T01:25:00.000+08:00,0.0,10.324077606201172,12.722412109375,0.0,nan,386.8999938964844,0.0,0.0,1970.5999755859375,nan,nan,nan,65536.0,nan,nan,nan,65536.0,nan,nan,nan,65536.0
2026-09-10T01:26:00.000+08:00,0.0,10.259593963623047,12.72265625,0.0,nan,386.8999938964844,0.0,0.0,1970.5999755859375,nan,nan,nan,65536.0,nan,nan,nan,65536.0,nan,nan,nan,65536.0
2026-09-10T01:27:00.000+08:00,0.0,10.340278625488281,12.72265625,0.0,nan,387.3999938964844,0.0,0.0,1970.5999755859375,nan,nan,nan,65536.0,nan,nan,nan,65536.0,nan,nan,nan,65536.0
2026-09-10T01:28:00.000+08:00,0.0,10.356460571289062,12.7431640625,0.0,nan,387.6000061035156,0.0,0.0,1970.5999755859375,nan,nan,nan,65536.0,nan,nan,nan,65536.0,nan,nan,nan,65536.0
2026-09-10T01:29:00.000+08:00,0.0,10.363964080810547,12.694580078125,0.0,nan,387.6000061035156,0.0,0.0,1970.5999755859375,nan,nan,nan,65536.0,nan,nan,nan,65536.0,nan,nan,nan,65536.0
2026-09-10T01:30:00.000+08:00,0.0,10.368309020996094,12.6875,0.0,nan,386.6000061035156,0.0,0.0,1970.5999755859375,nan,nan,nan,65536.0,nan,nan,nan,65536.0,nan,nan,nan,65536.0
2026-09-10T01:31:00.000+08:00,0.0,10.322776794433594,12.77783203125,0.0,nan,387.20001220703125,0.0,0.0,1970.5999755859375,nan,nan,nan,65536.0,nan,nan,nan,65536.0,nan,nan,nan,65536.0
2026-09-10T01:32:00.000+08:00,0.0,10.396350860595703,12.78515625,0.0,nan,387.20001220703125,0.0,0.0,1970.5999755859375,nan,nan,nan,65536.0,nan,nan,nan,65536.0,nan,nan,nan,65536.0
2026-09-10T01:33:00.000+08:00,0.0,10.404247283935547,12.8056640625,0.0,nan,386.8999938964844,0.0,0.0,1970.5999755859375,nan,nan,nan,65536.0,nan,nan,nan,65536.0,nan,nan,nan,65536.0
2026-09-10T01:34:00.000+08:00,0.0,10.396739959716797,12.784912109375,0.0,nan,387.20001220703125,0.0,0.0,1970.5999755859375,nan,nan,nan,65536.0,nan,nan,nan,65536.0,nan,nan,nan,65536.0
2026-09-10T01:35:00.000+08:00,0.0,10.417293548583984,12.8681640625,0.0,nan,387.20001220703125,0.0,0.0,1970.5999755859375,nan,nan,nan,65536.0,nan,nan,nan,65536.0,nan,nan,nan,65536.0
2026-09-10T01:36:00.000+08:00,0.0,10.49636459350586,12.8056640625,0.0,nan,387.29998779296875,0.0,0.0,1970.5999755859375,nan,nan,nan,65536.0,nan,nan,nan,65536.0,nan,nan,nan,65536.0
2026-09-10T01:37:00.000+08:00,0.0,10.432300567626953,12.75,0.0,nan,387.29998779296875,0.0,0.0,1970.5999755859375,nan,nan,nan,65536.0,nan,nan,nan,65536.0,nan,nan,nan,65536.0
2026-09-10T01:38:00.000+08:00,0.0,10.382438659667969,12.861328125,0.0,nan,387.79998779296875,0.0,0.0,1970.5999755859375,nan,nan,nan,65536.0,nan,nan,nan,65536.0,nan,nan,nan,65536.0
2026-09-10T01:39:00.000+08:00,0.0,10.454029083251953,12.8544921875,0.0,nan,387.79998779296875,0.0,0.0,1970.5999755859375,nan,nan,nan,65536.0,nan,nan,nan,65536.0,nan,nan,nan,65536.0
2026-09-10T01:40:00.000+08:00,0.0,10.453224182128906,12.83349609375,0.0,nan,387.29998779296875,0.0,0.0,1970.5999755859375,nan,nan,nan,65536.0,nan,nan,nan,65536.0,nan,nan,nan,65536.0
2026-09-10T01:41:00.000+08:00,0.0,10.483253479003906,12.826416015625,0.0,nan,387.6000061035156,0.0,0.0,1970.5999755859375,nan,nan,nan,65536.0,nan,nan,nan,65536.0,nan,nan,nan,65536.0
2026-09-10T01:42:00.000+08:00,0.0,10.545356750488281,12.861083984375,0.0,nan,387.5,0.0,0.0,1970.5999755859375,nan,nan,nan,65536.0,nan,nan,nan,65536.0,nan,nan,nan,65536.0
2026-09-10T01:43:00.000+08:00,0.0,10.554454803466797,12.847412109375,0.0,nan,387.70001220703125,0.0,0.0,1970.5999755859375,nan,nan,nan,65536.0,nan,nan,nan,65536.0,nan,nan,nan,65536.0
2026-09-10T01:44:00.000+08:00,0.0,10.5302734375,12.909912109375,0.0,nan,387.8999938964844,0.0,0.0,1970.5999755859375,nan,nan,nan,65536.0,nan,nan,nan,65536.0,nan,nan,nan,65536.0
2026-09-10T01:45:00.000+08:00,0.0,10.519218444824219,12.909912109375,0.0,nan,387.5,0.0,0.0,1970.5999755859375,nan,nan,nan,65536.0,nan,nan,nan,65536.0,nan,nan,nan,65536.0
2026-09-10T01:46:00.000+08:00,0.0,10.527114868164062,12.923828125,0.0,nan,387.6000061035156,0.0,0.0,1970.5999755859375,nan,nan,nan,65536.0,nan,nan,nan,65536.0,nan,nan,nan,65536.0
2026-09-10T01:47:00.000+08:00,0.0,10.521976470947266,12.9169921875,0.0,nan,387.3999938964844,0.0,0.0,1970.5999755859375,nan,nan,nan,65536.0,nan,nan,nan,65536.0,nan,nan,nan,65536.0
2026-09-10T01:48:00.000+08:00,0.0,10.504535675048828,12.944580078125,0.0,nan,387.79998779296875,0.0,0.0,1970.5999755859375,nan,nan,nan,65536.0,nan,nan,nan,65536.0,nan,nan,nan,65536.0
2026-09-10T01:49:00.000+08:00,0.0,10.623992919921875,12.97265625,0.0,nan,387.70001220703125,0.0,0.0,1970.5999755859375,nan,nan,nan,65536.0,nan,nan,nan,65536.0,nan,nan,nan,65536.0
2026-09-10T01:50:00.000+08:00,0.0,10.617286682128906,12.9306640625,0.0,nan,387.79998779296875,0.0,0.0,1970.5999755859375,nan,nan,nan,65536.0,nan,nan,nan,65536.0,nan,nan,nan,65536.0
2026-09-10T01:51:00.000+08:00,0.0,10.581642150878906,12.979248046875,0.0,nan,387.20001220703125,0.0,0.0,1970.5999755859375,nan,nan,nan,65536.0,nan,nan,nan,65536.0,nan,nan,nan,65536.0
2026-09-10T01:52:00.000+08:00,0.0,10.582443237304688,12.944580078125,0.0,nan,387.29998779296875,0.0,0.0,1970.5999755859375,nan,nan,nan,65536.0,nan,nan,nan,65536.0,nan,nan,nan,65536.0
2026-09-10T01:53:00.000+08:00,0.0,10.661895751953125,12.958251953125,0.0,nan,387.6000061035156,0.0,0.0,1970.5999755859375,nan,nan,nan,65536.0,nan,nan,nan,65536.0,nan,nan,nan,65536.0
2026-09-10T01:54:00.000+08:00,0.0,10.601394653320312,12.951416015625,0.0,nan,387.79998779296875,0.0,0.0,1970.5999755859375,nan,nan,nan,65536.0,nan,nan,nan,65536.0,nan,nan,nan,65536.0
2026-09-10T01:55:00.000+08:00,0.0,10.656803131103516,12.9931640625,0.0,nan,388.3999938964844,0.0,0.0,1970.5999755859375,nan,nan,nan,65536.0,nan,nan,nan,65536.0,nan,nan,nan,65536.0
2026-09-10T01:56:00.000+08:00,0.0,10.633811950683594,13.0556640625,0.0,nan,387.8999938964844,0.0,0.0,1970.5999755859375,nan,nan,nan,65536.0,nan,nan,nan,65536.0,nan,nan,nan,65536.0
2026-09-10T01:57:00.000+08:00,0.0,10.630657196044922,13.0556640625,0.0,nan,388.3999938964844,0.0,0.0,1970.5999755859375,nan,nan,nan,65536.0,nan,nan,nan,65536.0,nan,nan,nan,65536.0
2026-09-10T01:58:00.000+08:00,0.0,10.703815460205078,13.007080078125,0.0,nan,388.3999938964844,0.0,0.0,1970.5999755859375,nan,nan,nan,65536.0,nan,nan,nan,65536.0,nan,nan,nan,65536.0
2026-09-10T01:59:00.000+08:00,0.0,10.728313446044922,13.048828125,0.0,nan,388.20001220703125,0.0,0.0,1970.5999755859375,nan,nan,nan,65536.0,nan,nan,nan,65536.0,nan,nan,nan,65536.0
2026-09-10T02:00:00.000+08:00,0.0,10.743663787841797,13.007080078125,0.0,nan,388.0,0.0,0.0,1970.5999755859375,nan,nan,nan,65536.0,nan,nan,nan,65536.0,nan,nan,nan,65536.0
2026-09-10T02:01:00.000+08:00,0.0,10.742523193359375,13.041748046875,0.0,nan,388.29998779296875,0.0,0.0,1970.5999755859375,nan,nan,nan,65536.0,nan,nan,nan,65536.0,nan,nan,nan,65536.0
2026-09-10T02:02:00.000+08:00,0.0,10.746875762939453,13.034912109375,0.0,nan,387.6000061035156,0.0,0.0,1970.5999755859375,nan,nan,nan,65536.0,nan,nan,nan,65536.0,nan,nan,nan,65536.0
2026-09-10T02:03:00.000+08:00,0.0,10.767845153808594,13.076416015625,0.0,nan,387.8999938964844,0.0,0.0,1970.5999755859375,nan,nan,nan,65536.0,nan,nan,nan,65536.0,nan,nan,nan,65536.0
2026-09-10T02:04:00.000+08:00,0.0,10.772926330566406,13.09033203125,0.0,nan,387.79998779296875,0.0,0.0,1970.5999755859375,nan,nan,nan,65536.0,nan,nan,nan,65536.0,nan,nan,nan,65536.0
2026-09-10T02:05:00.000+08:00,0.0,10.763885498046875,13.1044921875,0.0,nan,387.8999938964844,0.0,0.0,1970.5999755859375,nan,nan,nan,65536.0,nan,nan,nan,65536.0,nan,nan,nan,65536.0
2026-09-10T02:06:00.000+08:00,0.0,10.80179214477539,13.07666015625,0.0,nan,387.5,0.0,0.0,1970.5999755859375,nan,nan,nan,65536.0,nan,nan,nan,65536.0,nan,nan,nan,65536.0
2026-09-10T02:07:00.000+08:00,0.0,10.814456939697266,13.1806640625,0.0,nan,387.79998779296875,0.0,0.0,1970.5999755859375,nan,nan,nan,65536.0,nan,nan,nan,65536.0,nan,nan,nan,65536.0
2026-09-10T02:08:00.000+08:00,0.0,10.814842224121094,13.173828125,0.0,nan,388.1000061035156,0.0,0.0,1970.5999755859375,nan,nan,nan,65536.0,nan,nan,nan,65536.0,nan,nan,nan,65536.0
2026-09-10T02:09:00.000+08:00,0.0,10.872997283935547,13.173583984375,0.0,nan,388.3999938964844,0.0,0.0,1970.5999755859375,nan,nan,nan,65536.0,nan,nan,nan,65536.0,nan,nan,nan,65536.0
2026-09-10T02:10:00.000+08:00,0.0,10.837348937988281,13.16015625,0.0,nan,388.1000061035156,0.0,0.0,1970.5999755859375,nan,nan,nan,65536.0,nan,nan,nan,65536.0,nan,nan,nan,65536.0
2026-09-10T02:11:00.000+08:00,0.0,10.834598541259766,13.159912109375,0.0,nan,387.79998779296875,0.0,0.0,1970.5999755859375,nan,nan,nan,65536.0,nan,nan,nan,65536.0,nan,nan,nan,65536.0
2026-09-10T02:12:00.000+08:00,0.0,10.840190887451172,13.132080078125,0.0,nan,387.79998779296875,0.0,0.0,1970.5999755859375,nan,nan,nan,65536.0,nan,nan,nan,65536.0,nan,nan,nan,65536.0
2026-09-10T02:13:00.000+08:00,0.0,10.850421905517578,13.132080078125,0.0,nan,388.29998779296875,0.0,0.0,1970.5999755859375,nan,nan,nan,65536.0,nan,nan,nan,65536.0,nan,nan,nan,65536.0
2026-09-10T02:14:00.000+08:00,0.0,10.884342193603516,13.236083984375,0.0,nan,387.3999938964844,0.0,0.0,1970.5999755859375,nan,nan,nan,65536.0,nan,nan,nan,65536.0,nan,nan,nan,65536.0
2026-09-10T02:15:00.000+08:00,0.0,10.87603759765625,13.2431640625,0.0,nan,387.20001220703125,0.0,0.0,1970.5999755859375,nan,nan,nan,65536.0,nan,nan,nan,65536.0,nan,nan,nan,65536.0
2026-09-10T02:16:00.000+08:00,0.0,10.8941650390625,13.236328125,0.0,nan,386.8999938964844,0.0,0.0,1970.5999755859375,nan,nan,nan,65536.0,nan,nan,nan,65536.0,nan,nan,nan,65536.0
2026-09-10T02:17:00.000+08:00,0.0,10.879283905029297,13.2431640625,0.0,nan,387.0,0.0,0.0,1970.5999755859375,nan,nan,nan,65536.0,nan,nan,nan,65536.0,nan,nan,nan,65536.0
2026-09-10T02:18:00.000+08:00,0.0,10.973285675048828,13.1875,0.0,nan,387.1000061035156,0.0,0.0,1970.5999755859375,nan,nan,nan,65536.0,nan,nan,nan,65536.0,nan,nan,nan,65536.0
2026-09-10T02:19:00.000+08:00,0.0,10.993453979492188,13.2294921875,0.0,nan,388.1000061035156,0.0,0.0,1970.5999755859375,nan,nan,nan,65536.0,nan,nan,nan,65536.0,nan,nan,nan,65536.0
2026-09-10T02:20:00.000+08:00,0.0,10.991527557373047,13.2431640625,0.0,nan,388.1000061035156,0.0,0.0,1970.5999755859375,nan,nan,nan,65536.0,nan,nan,nan,65536.0,nan,nan,nan,65536.0
2026-09-10T02:21:00.000+08:00,0.0,10.986770629882812,13.236083984375,0.0,nan,388.20001220703125,0.0,0.0,1970.5999755859375,nan,nan,nan,65536.0,nan,nan,nan,65536.0,nan,nan,nan,65536.0
2026-09-10T02:22:00.000+08:00,0.0,10.99631118774414,13.236083984375,0.0,nan,388.1000061035156,0.0,0.0,1970.5999755859375,nan,nan,nan,65536.0,nan,nan,nan,65536.0,nan,nan,nan,65536.0
2026-09-10T02:23:00.000+08:00,0.0,10.96963882446289,13.3056640625,0.0,nan,388.29998779296875,0.0,0.0,1970.5999755859375,nan,nan,nan,65536.0,nan,nan,nan,65536.0,nan,nan,nan,65536.0
2026-09-10T02:24:00.000+08:00,0.0,11.031044006347656,13.3056640625,0.0,nan,388.1000061035156,0.0,0.0,1970.5999755859375,nan,nan,nan,65536.0,nan,nan,nan,65536.0,nan,nan,nan,65536.0
2026-09-10T02:25:00.000+08:00,0.0,11.056655883789062,13.284912109375,0.0,nan,388.20001220703125,0.0,0.0,1970.5999755859375,nan,nan,nan,65536.0,nan,nan,nan,65536.0,nan,nan,nan,65536.0
2026-09-10T02:26:00.000+08:00,0.0,11.040172576904297,13.270751953125,0.0,nan,388.0,0.0,0.0,1970.5999755859375,nan,nan,nan,65536.0,nan,nan,nan,65536.0,nan,nan,nan,65536.0
2026-09-10T02:27:00.000+08:00,0.0,11.014328002929688,13.326416015625,0.0,nan,387.79998779296875,0.0,0.0,1970.5999755859375,nan,nan,nan,65536.0,nan,nan,nan,65536.0,nan,nan,nan,65536.0
2026-09-10T02:28:00.000+08:00,0.0,11.05910873413086,13.347412109375,0.0,nan,388.29998779296875,0.0,0.0,1970.5999755859375,nan,nan,nan,65536.0,nan,nan,nan,65536.0,nan,nan,nan,65536.0
2026-09-10T02:29:00.000+08:00,0.0,11.029300689697266,13.354248046875,0.0,nan,387.79998779296875,0.0,0.0,1970.5999755859375,nan,nan,nan,65536.0,nan,nan,nan,65536.0,nan,nan,nan,65536.0
2026-09-10T02:30:00.000+08:00,0.0,11.020320892333984,13.333251953125,0.0,nan,387.70001220703125,0.0,0.0,1970.5999755859375,nan,nan,nan,65536.0,nan,nan,nan,65536.0,nan,nan,nan,65536.0
2026-09-10T02:31:00.000+08:00,0.0,11.106124877929688,13.319580078125,0.0,nan,388.0,0.0,0.0,1970.5999755859375,nan,nan,nan,65536.0,nan,nan,nan,65536.0,nan,nan,nan,65536.0
2026-09-10T02:32:00.000+08:00,0.0,11.119037628173828,13.326416015625,0.0,nan,388.1000061035156,0.0,0.0,1970.5999755859375,nan,nan,nan,65536.0,nan,nan,nan,65536.0,nan,nan,nan,65536.0
2026-09-10T02:33:00.000+08:00,0.0,11.082313537597656,13.423828125,0.0,nan,388.5,0.0,0.0,1970.5999755859375,nan,nan,nan,65536.0,nan,nan,nan,65536.0,nan,nan,nan,65536.0
2026-09-10T02:34:00.000+08:00,0.0,11.118392944335938,13.382080078125,0.0,nan,387.6000061035156,0.0,0.0,1970.5999755859375,nan,nan,nan,65536.0,nan,nan,nan,65536.0,nan,nan,nan,65536.0
2026-09-10T02:35:00.000+08:00,0.0,11.136917114257812,13.423828125,0.0,nan,388.1000061035156,0.0,0.0,1970.5999755859375,nan,nan,nan,65536.0,nan,nan,nan,65536.0,nan,nan,nan,65536.0
2026-09-10T02:36:00.000+08:00,0.0,11.15749740600586,13.409912109375,0.0,nan,387.79998779296875,0.0,0.0,1970.5999755859375,nan,nan,nan,65536.0,nan,nan,nan,65536.0,nan,nan,nan,65536.0
2026-09-10T02:37:00.000+08:00,0.0,11.145225524902344,13.375,0.0,nan,388.20001220703125,0.0,0.0,1970.5999755859375,nan,nan,nan,65536.0,nan,nan,nan,65536.0,nan,nan,nan,65536.0
2026-09-10T02:38:00.000+08:00,0.0,11.144813537597656,13.423828125,0.0,nan,388.70001220703125,0.0,0.0,1970.5999755859375,nan,nan,nan,65536.0,nan,nan,nan,65536.0,nan,nan,nan,65536.0
2026-09-10T02:39:00.000+08:00,0.0,11.194515228271484,13.4375,0.0,nan,388.29998779296875,0.0,0.0,1970.5999755859375,nan,nan,nan,65536.0,nan,nan,nan,65536.0,nan,nan,nan,65536.0
2026-09-10T02:40:00.000+08:00,0.0,11.194931030273438,13.486328125,0.0,nan,388.5,0.0,0.0,1970.5999755859375,nan,nan,nan,65536.0,nan,nan,nan,65536.0,nan,nan,nan,65536.0
2026-09-10T02:41:00.000+08:00,0.0,11.24764633178711,13.423828125,0.0,nan,388.70001220703125,0.0,0.0,1970.5999755859375,nan,nan,nan,65536.0,nan,nan,nan,65536.0,nan,nan,nan,65536.0
2026-09-10T02:42:00.000+08:00,0.0,11.220291137695312,13.47265625,0.0,nan,388.70001220703125,0.0,0.0,1970.5999755859375,nan,nan,nan,65536.0,nan,nan,nan,65536.0,nan,nan,nan,65536.0
2026-09-10T02:43:00.000+08:00,0.0,11.226951599121094,13.451416015625,0.0,nan,388.8999938964844,0.0,0.0,1970.5999755859375,nan,nan,nan,65536.0,nan,nan,nan,65536.0,nan,nan,nan,65536.0
2026-09-10T02:44:00.000+08:00,0.0,11.239631652832031,13.479248046875,0.0,nan,389.1000061035156,0.0,0.0,1970.5999755859375,nan,nan,nan,65536.0,nan,nan,nan,65536.0,nan,nan,nan,65536.0
2026-09-10T02:45:00.000+08:00,0.0,11.225074768066406,13.444580078125,0.0,nan,388.79998779296875,0.0,0.0,1970.5999755859375,nan,nan,nan,65536.0,nan,nan,nan,65536.0,nan,nan,nan,65536.0
2026-09-10T02:46:00.000+08:00,0.0,11.245670318603516,13.486328125,0.0,nan,388.6000061035156,0.0,0.0,1970.5999755859375,nan,nan,nan,65536.0,nan,nan,nan,65536.0,nan,nan,nan,65536.0
2026-09-10T02:47:00.000+08:00,0.0,11.275188446044922,13.5,0.0,nan,388.5,0.0,0.0,1970.5999755859375,nan,nan,nan,65536.0,nan,nan,nan,65536.0,nan,nan,nan,65536.0
2026-09-10T02:48:00.000+08:00,0.0,11.253154754638672,13.541748046875,0.0,nan,388.79998779296875,0.0,0.0,1970.5999755859375,nan,nan,nan,65536.0,nan,nan,nan,65536.0,nan,nan,nan,65536.0
2026-09-10T02:49:00.000+08:00,0.0,11.287887573242188,13.507080078125,0.0,nan,388.70001220703125,0.0,0.0,1970.5999755859375,nan,nan,nan,65536.0,nan,nan,nan,65536.0,nan,nan,nan,65536.0
2026-09-10T02:50:00.000+08:00,0.0,11.363067626953125,13.507080078125,0.0,nan,388.8999938964844,0.0,0.0,1970.5999755859375,nan,nan,nan,65536.0,nan,nan,nan,65536.0,nan,nan,nan,65536.0
2026-09-10T02:51:00.000+08:00,0.0,11.360145568847656,13.507080078125,0.0,nan,388.3999938964844,0.0,0.0,1970.5999755859375,nan,nan,nan,65536.0,nan,nan,nan,65536.0,nan,nan,nan,65536.0
2026-09-10T02:52:00.000+08:00,0.0,11.304939270019531,13.513916015625,0.0,nan,388.6000061035156,0.0,0.0,1970.5999755859375,nan,nan,nan,65536.0,nan,nan,nan,65536.0,nan,nan,nan,65536.0
2026-09-10T02:53:00.000+08:00,0.0,11.323867797851562,13.569580078125,0.0,nan,388.3999938964844,0.0,0.0,1970.5999755859375,nan,nan,nan,65536.0,nan,nan,nan,65536.0,nan,nan,nan,65536.0
2026-09-10T02:54:00.000+08:00,0.0,11.331768035888672,13.6044921875,0.0,nan,388.1000061035156,0.0,0.0,1970.5999755859375,nan,nan,nan,65536.0,nan,nan,nan,65536.0,nan,nan,nan,65536.0
2026-09-10T02:55:00.000+08:00,0.0,11.351089477539062,13.5908203125,0.0,nan,388.20001220703125,0.0,0.0,1970.5999755859375,nan,nan,nan,65536.0,nan,nan,nan,65536.0,nan,nan,nan,65536.0
2026-09-10T02:56:00.000+08:00,0.0,11.418571472167969,13.576416015625,0.0,nan,388.1000061035156,0.0,0.0,1970.5999755859375,nan,nan,nan,65536.0,nan,nan,nan,65536.0,nan,nan,nan,65536.0
2026-09-10T02:57:00.000+08:00,0.0,11.428569793701172,13.583251953125,0.0,nan,388.1000061035156,0.0,0.0,1970.5999755859375,nan,nan,nan,65536.0,nan,nan,nan,65536.0,nan,nan,nan,65536.0
2026-09-10T02:58:00.000+08:00,0.0,11.375823974609375,13.6669921875,0.0,nan,388.0,0.0,0.0,1970.5999755859375,nan,nan,nan,65536.0,nan,nan,nan,65536.0,nan,nan,nan,65536.0
2026-09-10T02:59:00.000+08:00,0.0,11.386661529541016,13.673828125,0.0,nan,388.1000061035156,0.0,0.0,1970.5999755859375,nan,nan,nan,65536.0,nan,nan,nan,65536.0,nan,nan,nan,65536.0
2026-09-10T03:00:00.000+08:00,0.0,11.48824691772461,13.673828125,0.0,nan,388.0,0.0,0.0,1970.5999755859375,nan,nan,nan,65536.0,nan,nan,nan,65536.0,nan,nan,nan,65536.0
2026-09-10T03:01:00.000+08:00,0.0,11.398521423339844,13.673828125,0.0,nan,387.70001220703125,0.0,0.0,1970.5999755859375,nan,nan,nan,65536.0,nan,nan,nan,65536.0,nan,nan,nan,65536.0
2026-09-10T03:02:00.000+08:00,0.0,11.452690124511719,13.6806640625,0.0,nan,388.29998779296875,0.0,0.0,1970.5999755859375,nan,nan,nan,65536.0,nan,nan,nan,65536.0,nan,nan,nan,65536.0
2026-09-10T03:03:00.000+08:00,0.0,11.48556137084961,13.638916015625,0.0,nan,388.0,0.0,0.0,1970.5999755859375,nan,nan,nan,65536.0,nan,nan,nan,65536.0,nan,nan,nan,65536.0
2026-09-10T03:04:00.000+08:00,0.0,11.48556137084961,13.64599609375,0.0,nan,388.29998779296875,0.0,0.0,1970.5999755859375,nan,nan,nan,65536.0,nan,nan,nan,65536.0,nan,nan,nan,65536.0
2026-09-10T03:05:00.000+08:00,0.0,11.460472106933594,13.7158203125,0.0,nan,388.0,0.0,0.0,1970.5999755859375,nan,nan,nan,65536.0,nan,nan,nan,65536.0,nan,nan,nan,65536.0
2026-09-10T03:06:00.000+08:00,0.0,11.50137710571289,13.722412109375,0.0,nan,388.0,0.0,0.0,1970.5999755859375,nan,nan,nan,65536.0,nan,nan,nan,65536.0,nan,nan,nan,65536.0
2026-09-10T03:07:00.000+08:00,0.0,11.478111267089844,13.7431640625,0.0,nan,388.20001220703125,0.0,0.0,1970.5999755859375,nan,nan,nan,65536.0,nan,nan,nan,65536.0,nan,nan,nan,65536.0
2026-09-10T03:08:00.000+08:00,0.0,11.536083221435547,13.7431640625,0.0,nan,388.1000061035156,0.0,0.0,1970.5999755859375,nan,nan,nan,65536.0,nan,nan,nan,65536.0,nan,nan,nan,65536.0
2026-09-10T03:09:00.000+08:00,0.0,11.548080444335938,13.72265625,0.0,nan,387.8999938964844,0.0,0.0,1970.5999755859375,nan,nan,nan,65536.0,nan,nan,nan,65536.0,nan,nan,nan,65536.0
2026-09-10T03:10:00.000+08:00,0.0,11.537361145019531,13.722412109375,0.0,nan,388.1000061035156,0.0,0.0,1970.5999755859375,nan,nan,nan,65536.0,nan,nan,nan,65536.0,nan,nan,nan,65536.0
2026-09-10T03:11:00.000+08:00,0.0,11.57122802734375,13.75,0.0,nan,388.29998779296875,0.0,0.0,1970.5999755859375,nan,nan,nan,65536.0,nan,nan,nan,65536.0,nan,nan,nan,65536.0
2026-09-10T03:12:00.000+08:00,0.0,11.622303009033203,13.736083984375,0.0,nan,388.0,0.0,0.0,1970.5999755859375,nan,nan,nan,65536.0,nan,nan,nan,65536.0,nan,nan,nan,65536.0
2026-09-10T03:13:00.000+08:00,0.0,11.618343353271484,13.736083984375,0.0,nan,388.29998779296875,0.0,0.0,1970.5999755859375,nan,nan,nan,65536.0,nan,nan,nan,65536.0,nan,nan,nan,65536.0
2026-09-10T03:14:00.000+08:00,0.0,11.5091552734375,13.791748046875,0.0,nan,389.29998779296875,0.0,0.0,1970.5999755859375,nan,nan,nan,65536.0,nan,nan,nan,65536.0,nan,nan,nan,65536.0
2026-09-10T03:15:00.000+08:00,0.0,11.606365203857422,13.784912109375,0.0,nan,388.5,0.0,0.0,1970.5999755859375,nan,nan,nan,65536.0,nan,nan,nan,65536.0,nan,nan,nan,65536.0
2026-09-10T03:16:00.000+08:00,0.0,11.612014770507812,13.757080078125,0.0,nan,388.6000061035156,0.0,0.0,1970.5999755859375,nan,nan,nan,65536.0,nan,nan,nan,65536.0,nan,nan,nan,65536.0
2026-09-10T03:17:00.000+08:00,0.0,11.562759399414062,13.7919921875,0.0,nan,388.29998779296875,0.0,0.0,1970.5999755859375,nan,nan,nan,65536.0,nan,nan,nan,65536.0,nan,nan,nan,65536.0
2026-09-10T03:18:00.000+08:00,0.0,11.63006591796875,13.8408203125,0.0,nan,388.0,0.0,0.0,1970.5999755859375,nan,nan,nan,65536.0,nan,nan,nan,65536.0,nan,nan,nan,65536.0
2026-09-10T03:19:00.000+08:00,0.0,11.63668441772461,13.826416015625,0.0,nan,388.0,0.0,0.0,1970.5999755859375,nan,nan,nan,65536.0,nan,nan,nan,65536.0,nan,nan,nan,65536.0
2026-09-10T03:20:00.000+08:00,0.0,11.629631042480469,13.8681640625,0.0,nan,388.3999938964844,0.0,0.0,1970.5999755859375,nan,nan,nan,65536.0,nan,nan,nan,65536.0,nan,nan,nan,65536.0
2026-09-10T03:21:00.000+08:00,0.0,11.65152359008789,13.819580078125,0.0,nan,388.29998779296875,0.0,0.0,1970.5999755859375,nan,nan,nan,65536.0,nan,nan,nan,65536.0,nan,nan,nan,65536.0
2026-09-10T03:22:00.000+08:00,0.0,11.668617248535156,13.8681640625,0.0,nan,388.3999938964844,0.0,0.0,1970.5999755859375,nan,nan,nan,65536.0,nan,nan,nan,65536.0,nan,nan,nan,65536.0
2026-09-10T03:23:00.000+08:00,0.0,11.668731689453125,13.8681640625,0.0,nan,388.5,0.0,0.0,1970.5999755859375,nan,nan,nan,65536.0,nan,nan,nan,65536.0,nan,nan,nan,65536.0
2026-09-10T03:24:00.000+08:00,0.0,11.691997528076172,13.909912109375,0.0,nan,388.6000061035156,0.0,0.0,1970.5999755859375,nan,nan,nan,65536.0,nan,nan,nan,65536.0,nan,nan,nan,65536.0
2026-09-10T03:25:00.000+08:00,0.0,11.704719543457031,13.9306640625,0.0,nan,388.6000061035156,0.0,0.0,1970.5999755859375,nan,nan,nan,65536.0,nan,nan,nan,65536.0,nan,nan,nan,65536.0
2026-09-10T03:26:00.000+08:00,0.0,11.71047592163086,13.909912109375,0.0,nan,388.70001220703125,0.0,0.0,1970.5999755859375,nan,nan,nan,65536.0,nan,nan,nan,65536.0,nan,nan,nan,65536.0
2026-09-10T03:27:00.000+08:00,0.0,11.744224548339844,13.875,0.0,nan,388.79998779296875,0.0,0.0,1970.5999755859375,nan,nan,nan,65536.0,nan,nan,nan,65536.0,nan,nan,nan,65536.0
2026-09-10T03:28:00.000+08:00,0.0,11.716987609863281,13.875,0.0,nan,388.8999938964844,0.0,0.0,1970.5999755859375,nan,nan,nan,65536.0,nan,nan,nan,65536.0,nan,nan,nan,65536.0
2026-09-10T03:29:00.000+08:00,0.0,11.807239532470703,13.91015625,0.0,nan,388.70001220703125,0.0,0.0,1970.5999755859375,nan,nan,nan,65536.0,nan,nan,nan,65536.0,nan,nan,nan,65536.0
2026-09-10T03:30:00.000+08:00,0.0,11.763961791992188,13.944580078125,0.0,nan,389.0,0.0,0.0,1970.5999755859375,nan,nan,nan,65536.0,nan,nan,nan,65536.0,nan,nan,nan,65536.0
2026-09-10T03:31:00.000+08:00,0.0,11.751693725585938,13.9169921875,0.0,nan,389.1000061035156,0.0,0.0,1970.5999755859375,nan,nan,nan,65536.0,nan,nan,nan,65536.0,nan,nan,nan,65536.0
2026-09-10T03:32:00.000+08:00,0.0,11.77188491821289,13.9931640625,0.0,nan,389.20001220703125,0.0,0.0,1970.5999755859375,nan,nan,nan,65536.0,nan,nan,nan,65536.0,nan,nan,nan,65536.0
2026-09-10T03:33:00.000+08:00,0.0,11.790340423583984,13.986083984375,0.0,nan,389.1000061035156,0.0,0.0,1970.5999755859375,nan,nan,nan,65536.0,nan,nan,nan,65536.0,nan,nan,nan,65536.0
2026-09-10T03:34:00.000+08:00,0.0,11.868206024169922,13.944580078125,0.0,nan,389.20001220703125,0.0,0.0,1970.5999755859375,nan,nan,nan,65536.0,nan,nan,nan,65536.0,nan,nan,nan,65536.0
2026-09-10T03:35:00.000+08:00,0.0,11.870365142822266,13.986328125,0.0,nan,389.1000061035156,0.0,0.0,1970.5999755859375,nan,nan,nan,65536.0,nan,nan,nan,65536.0,nan,nan,nan,65536.0
2026-09-10T03:36:00.000+08:00,0.0,11.866836547851562,13.958251953125,0.0,nan,389.0,0.0,0.0,1970.5999755859375,nan,nan,nan,65536.0,nan,nan,nan,65536.0,nan,nan,nan,65536.0
2026-09-10T03:37:00.000+08:00,0.0,11.873008728027344,14.0283203125,0.0,nan,389.29998779296875,0.0,0.0,1970.5999755859375,nan,nan,nan,65536.0,nan,nan,nan,65536.0,nan,nan,nan,65536.0
2026-09-10T03:38:00.000+08:00,0.0,11.834228515625,14.013916015625,0.0,nan,389.1000061035156,0.0,0.0,1970.5999755859375,nan,nan,nan,65536.0,nan,nan,nan,65536.0,nan,nan,nan,65536.0
2026-09-10T03:39:00.000+08:00,0.0,11.817489624023438,14.0,0.0,nan,388.70001220703125,0.0,0.0,1970.5999755859375,nan,nan,nan,65536.0,nan,nan,nan,65536.0,nan,nan,nan,65536.0
2026-09-10T03:40:00.000+08:00,0.0,11.908153533935547,14.013916015625,0.0,nan,389.0,0.0,0.0,1970.5999755859375,nan,nan,nan,65536.0,nan,nan,nan,65536.0,nan,nan,nan,65536.0
2026-09-10T03:41:00.000+08:00,0.0,11.875892639160156,14.111083984375,0.0,nan,389.1000061035156,0.0,0.0,1970.5999755859375,nan,nan,nan,65536.0,nan,nan,nan,65536.0,nan,nan,nan,65536.0
2026-09-10T03:42:00.000+08:00,0.0,11.877204895019531,14.0,0.0,nan,388.8999938964844,0.0,0.0,1970.5999755859375,nan,nan,nan,65536.0,nan,nan,nan,65536.0,nan,nan,nan,65536.0
2026-09-10T03:43:00.000+08:00,0.0,11.886028289794922,14.069580078125,0.0,nan,389.3999938964844,0.0,0.0,1970.5999755859375,nan,nan,nan,65536.0,nan,nan,nan,65536.0,nan,nan,nan,65536.0
2026-09-10T03:44:00.000+08:00,0.0,11.933574676513672,14.0283203125,0.0,nan,389.0,0.0,0.0,1970.5999755859375,nan,nan,nan,65536.0,nan,nan,nan,65536.0,nan,nan,nan,65536.0
2026-09-10T03:45:00.000+08:00,0.0,11.95068359375,14.1044921875,0.0,nan,388.70001220703125,0.0,0.0,1970.5999755859375,nan,nan,nan,65536.0,nan,nan,nan,65536.0,nan,nan,nan,65536.0
2026-09-10T03:46:00.000+08:00,0.0,11.898296356201172,14.1181640625,0.0,nan,389.20001220703125,0.0,0.0,1970.5999755859375,nan,nan,nan,65536.0,nan,nan,nan,65536.0,nan,nan,nan,65536.0
2026-09-10T03:47:00.000+08:00,0.0,11.96914291381836,14.1181640625,0.0,nan,389.29998779296875,0.0,0.0,1970.5999755859375,nan,nan,nan,65536.0,nan,nan,nan,65536.0,nan,nan,nan,65536.0
2026-09-10T03:48:00.000+08:00,0.0,11.990665435791016,14.1181640625,0.0,nan,389.3999938964844,0.0,0.0,1970.5999755859375,nan,nan,nan,65536.0,nan,nan,nan,65536.0,nan,nan,nan,65536.0
2026-09-10T03:49:00.000+08:00,0.0,11.939563751220703,14.138916015625,0.0,nan,389.0,0.0,0.0,1970.5999755859375,nan,nan,nan,65536.0,nan,nan,nan,65536.0,nan,nan,nan,65536.0
2026-09-10T03:50:00.000+08:00,0.0,11.994590759277344,14.0908203125,0.0,nan,388.79998779296875,0.0,0.0,1970.5999755859375,nan,nan,nan,65536.0,nan,nan,nan,65536.0,nan,nan,nan,65536.0
2026-09-10T03:51:00.000+08:00,0.0,11.944816589355469,14.1806640625,0.0,nan,388.8999938964844,0.0,0.0,1970.5999755859375,nan,nan,nan,65536.0,nan,nan,nan,65536.0,nan,nan,nan,65536.0
2026-09-10T03:52:00.000+08:00,0.0,12.040275573730469,14.173583984375,0.0,nan,389.0,0.0,0.0,1970.5999755859375,nan,nan,nan,65536.0,nan,nan,nan,65536.0,nan,nan,nan,65536.0
2026-09-10T03:53:00.000+08:00,0.0,12.042060852050781,14.1806640625,0.0,nan,389.0,0.0,0.0,1970.5999755859375,nan,nan,nan,65536.0,nan,nan,nan,65536.0,nan,nan,nan,65536.0
2026-09-10T03:54:00.000+08:00,0.0,12.036766052246094,14.159912109375,0.0,nan,389.70001220703125,0.0,0.0,1970.5999755859375,nan,nan,nan,65536.0,nan,nan,nan,65536.0,nan,nan,nan,65536.0
2026-09-10T03:55:00.000+08:00,0.0,12.046409606933594,14.125,0.0,nan,388.79998779296875,0.0,0.0,1970.5999755859375,nan,nan,nan,65536.0,nan,nan,nan,65536.0,nan,nan,nan,65536.0
2026-09-10T03:56:00.000+08:00,0.0,12.069721221923828,14.2158203125,0.0,nan,389.29998779296875,0.0,0.0,1970.5999755859375,nan,nan,nan,65536.0,nan,nan,nan,65536.0,nan,nan,nan,65536.0
2026-09-10T03:57:00.000+08:00,0.0,12.01247787475586,14.1875,0.0,nan,389.29998779296875,0.0,0.0,1970.5999755859375,nan,nan,nan,65536.0,nan,nan,nan,65536.0,nan,nan,nan,65536.0
2026-09-10T03:58:00.000+08:00,0.0,12.030475616455078,14.1875,0.0,nan,389.1000061035156,0.0,0.0,1970.5999755859375,nan,nan,nan,65536.0,nan,nan,nan,65536.0,nan,nan,nan,65536.0
2026-09-10T03:59:00.000+08:00,0.0,12.094306945800781,14.1875,0.0,nan,388.79998779296875,0.0,0.0,1970.5999755859375,nan,nan,nan,65536.0,nan,nan,nan,65536.0,nan,nan,nan,65536.0
2026-09-10T04:00:00.000+08:00,0.0,12.101325988769531,14.222412109375,0.0,nan,389.1000061035156,0.0,0.0,1970.5999755859375,nan,nan,nan,65536.0,nan,nan,nan,65536.0,nan,nan,nan,65536.0
2026-09-10T04:01:00.000+08:00,0.0,12.11187744140625,14.236083984375,0.0,nan,388.6000061035156,0.0,0.0,1970.5999755859375,nan,nan,nan,65536.0,nan,nan,nan,65536.0,nan,nan,nan,65536.0
2026-09-10T04:02:00.000+08:00,0.0,12.11977767944336,14.22265625,0.0,nan,388.70001220703125,0.0,0.0,1970.5999755859375,nan,nan,nan,65536.0,nan,nan,nan,65536.0,nan,nan,nan,65536.0
2026-09-10T04:03:00.000+08:00,0.0,12.114936828613281,14.194580078125,0.0,nan,388.70001220703125,0.0,0.0,1970.5999755859375,nan,nan,nan,65536.0,nan,nan,nan,65536.0,nan,nan,nan,65536.0
2026-09-10T04:04:00.000+08:00,0.0,12.147010803222656,14.291748046875,0.0,nan,388.6000061035156,0.0,0.0,1970.5999755859375,nan,nan,nan,65536.0,nan,nan,nan,65536.0,nan,nan,nan,65536.0
2026-09-10T04:05:00.000+08:00,0.0,12.150066375732422,14.291748046875,0.0,nan,389.1000061035156,0.0,0.0,1970.5999755859375,nan,nan,nan,65536.0,nan,nan,nan,65536.0,nan,nan,nan,65536.0
2026-09-10T04:06:00.000+08:00,0.0,12.16632080078125,14.25,0.0,nan,389.20001220703125,0.0,0.0,1970.5999755859375,nan,nan,nan,65536.0,nan,nan,nan,65536.0,nan,nan,nan,65536.0
2026-09-10T04:07:00.000+08:00,0.0,12.178184509277344,14.27783203125,0.0,nan,388.6000061035156,0.0,0.0,1970.5999755859375,nan,nan,nan,65536.0,nan,nan,nan,65536.0,nan,nan,nan,65536.0
2026-09-10T04:08:00.000+08:00,0.0,12.178619384765625,14.298583984375,0.0,nan,388.8999938964844,0.0,0.0,1970.5999755859375,nan,nan,nan,65536.0,nan,nan,nan,65536.0,nan,nan,nan,65536.0
2026-09-10T04:09:00.000+08:00,0.0,12.197948455810547,14.34765625,0.0,nan,388.79998779296875,0.0,0.0,1970.5999755859375,nan,nan,nan,65536.0,nan,nan,nan,65536.0,nan,nan,nan,65536.0
2026-09-10T04:10:00.000+08:00,0.0,12.222949981689453,14.347412109375,0.0,nan,388.79998779296875,0.0,0.0,1970.5999755859375,nan,nan,nan,65536.0,nan,nan,nan,65536.0,nan,nan,nan,65536.0
2026-09-10T04:11:00.000+08:00,0.0,12.221221923828125,14.354248046875,0.0,nan,389.0,0.0,0.0,1970.5999755859375,nan,nan,nan,65536.0,nan,nan,nan,65536.0,nan,nan,nan,65536.0
2026-09-10T04:12:00.000+08:00,0.0,12.202339172363281,14.347412109375,0.0,nan,388.79998779296875,0.0,0.0,1970.5999755859375,nan,nan,nan,65536.0,nan,nan,nan,65536.0,nan,nan,nan,65536.0
2026-09-10T04:13:00.000+08:00,0.0,12.291168212890625,14.34765625,0.0,nan,389.20001220703125,0.0,0.0,1970.5999755859375,nan,nan,nan,65536.0,nan,nan,nan,65536.0,nan,nan,nan,65536.0
2026-09-10T04:14:00.000+08:00,0.0,12.233512878417969,14.3125,0.0,nan,389.0,0.0,0.0,1970.5999755859375,nan,nan,nan,65536.0,nan,nan,nan,65536.0,nan,nan,nan,65536.0
2026-09-10T04:15:00.000+08:00,0.0,12.250198364257812,14.416748046875,0.0,nan,389.0,0.0,0.0,1970.5999755859375,nan,nan,nan,65536.0,nan,nan,nan,65536.0,nan,nan,nan,65536.0
2026-09-10T04:16:00.000+08:00,0.0,12.260295867919922,14.41015625,0.0,nan,388.79998779296875,0.0,0.0,1970.5999755859375,nan,nan,nan,65536.0,nan,nan,nan,65536.0,nan,nan,nan,65536.0
2026-09-10T04:17:00.000+08:00,0.0,12.304363250732422,14.354248046875,0.0,nan,389.0,0.0,0.0,1970.5999755859375,nan,nan,nan,65536.0,nan,nan,nan,65536.0,nan,nan,nan,65536.0
2026-09-10T04:18:00.000+08:00,0.0,12.270866394042969,14.382080078125,0.0,nan,389.20001220703125,0.0,0.0,1970.5999755859375,nan,nan,nan,65536.0,nan,nan,nan,65536.0,nan,nan,nan,65536.0
2026-09-10T04:19:00.000+08:00,0.0,12.262062072753906,14.409912109375,0.0,nan,389.3999938964844,0.0,0.0,1970.5999755859375,nan,nan,nan,65536.0,nan,nan,nan,65536.0,nan,nan,nan,65536.0
2026-09-10T04:20:00.000+08:00,0.0,12.296745300292969,14.416748046875,0.0,nan,389.20001220703125,0.0,0.0,1970.5999755859375,nan,nan,nan,65536.0,nan,nan,nan,65536.0,nan,nan,nan,65536.0
2026-09-10T04:21:00.000+08:00,0.0,12.369380950927734,14.409912109375,0.0,nan,389.1000061035156,0.0,0.0,1970.5999755859375,nan,nan,nan,65536.0,nan,nan,nan,65536.0,nan,nan,nan,65536.0
2026-09-10T04:22:00.000+08:00,0.0,12.362751007080078,14.41015625,0.0,nan,389.0,0.0,0.0,1970.5999755859375,nan,nan,nan,65536.0,nan,nan,nan,65536.0,nan,nan,nan,65536.0
2026-09-10T04:23:00.000+08:00,0.0,12.324409484863281,14.4931640625,0.0,nan,389.1000061035156,0.0,0.0,1970.5999755859375,nan,nan,nan,65536.0,nan,nan,nan,65536.0,nan,nan,nan,65536.0
2026-09-10T04:24:00.000+08:00,0.0,12.346797943115234,14.47265625,0.0,nan,389.1000061035156,0.0,0.0,1970.5999755859375,nan,nan,nan,65536.0,nan,nan,nan,65536.0,nan,nan,nan,65536.0
2026-09-10T04:25:00.000+08:00,0.0,12.339332580566406,14.472412109375,0.0,nan,388.70001220703125,0.0,0.0,1970.5999755859375,nan,nan,nan,65536.0,nan,nan,nan,65536.0,nan,nan,nan,65536.0
2026-09-10T04:26:00.000+08:00,0.0,12.349468231201172,14.4794921875,0.0,nan,389.1000061035156,0.0,0.0,1970.5999755859375,nan,nan,nan,65536.0,nan,nan,nan,65536.0,nan,nan,nan,65536.0
2026-09-10T04:27:00.000+08:00,0.0,12.376251220703125,14.479248046875,0.0,nan,388.70001220703125,0.0,0.0,1970.5999755859375,nan,nan,nan,65536.0,nan,nan,nan,65536.0,nan,nan,nan,65536.0
2026-09-10T04:28:00.000+08:00,0.0,12.422496795654297,14.479248046875,0.0,nan,389.1000061035156,0.0,0.0,1970.5999755859375,nan,nan,nan,65536.0,nan,nan,nan,65536.0,nan,nan,nan,65536.0
2026-09-10T04:29:00.000+08:00,0.0,12.379756927490234,14.5556640625,0.0,nan,389.20001220703125,0.0,0.0,1970.5999755859375,nan,nan,nan,65536.0,nan,nan,nan,65536.0,nan,nan,nan,65536.0
2026-09-10T04:30:00.000+08:00,0.0,12.381542205810547,14.5419921875,0.0,nan,389.20001220703125,0.0,0.0,1970.5999755859375,nan,nan,nan,65536.0,nan,nan,nan,65536.0,nan,nan,nan,65536.0
2026-09-10T04:31:00.000+08:00,0.0,12.454097747802734,14.507080078125,0.0,nan,389.5,0.0,0.0,1970.5999755859375,nan,nan,nan,65536.0,nan,nan,nan,65536.0,nan,nan,nan,65536.0
2026-09-10T04:32:00.000+08:00,0.0,12.474311828613281,14.5,0.0,nan,389.5,0.0,0.0,1970.5999755859375,nan,nan,nan,65536.0,nan,nan,nan,65536.0,nan,nan,nan,65536.0
2026-09-10T04:33:00.000+08:00,0.0,12.493179321289062,14.507080078125,0.0,nan,389.6000061035156,0.0,0.0,1970.5999755859375,nan,nan,nan,65536.0,nan,nan,nan,65536.0,nan,nan,nan,65536.0
2026-09-10T04:34:00.000+08:00,0.0,12.497138977050781,14.5556640625,0.0,nan,389.20001220703125,0.0,0.0,1970.5999755859375,nan,nan,nan,65536.0,nan,nan,nan,65536.0,nan,nan,nan,65536.0
2026-09-10T04:35:00.000+08:00,0.0,12.491840362548828,14.5419921875,0.0,nan,389.3999938964844,0.0,0.0,1970.5999755859375,nan,nan,nan,65536.0,nan,nan,nan,65536.0,nan,nan,nan,65536.0
2026-09-10T04:36:00.000+08:00,0.0,12.498939514160156,14.541748046875,0.0,nan,389.5,0.0,0.0,1970.5999755859375,nan,nan,nan,65536.0,nan,nan,nan,65536.0,nan,nan,nan,65536.0
2026-09-10T04:37:00.000+08:00,0.0,12.467597961425781,14.59765625,0.0,nan,389.29998779296875,0.0,0.0,1970.5999755859375,nan,nan,nan,65536.0,nan,nan,nan,65536.0,nan,nan,nan,65536.0
2026-09-10T04:38:00.000+08:00,0.0,12.458793640136719,14.6181640625,0.0,nan,389.20001220703125,0.0,0.0,1970.5999755859375,nan,nan,nan,65536.0,nan,nan,nan,65536.0,nan,nan,nan,65536.0
2026-09-10T04:39:00.000+08:00,0.0,12.52389907836914,14.5625,0.0,nan,389.0,0.0,0.0,1970.5999755859375,nan,nan,nan,65536.0,nan,nan,nan,65536.0,nan,nan,nan,65536.0
2026-09-10T04:40:00.000+08:00,0.0,12.541053771972656,14.6181640625,0.0,nan,389.5,0.0,0.0,1970.5999755859375,nan,nan,nan,65536.0,nan,nan,nan,65536.0,nan,nan,nan,65536.0
2026-09-10T04:41:00.000+08:00,0.0,12.506221771240234,14.645751953125,0.0,nan,388.8999938964844,0.0,0.0,1970.5999755859375,nan,nan,nan,65536.0,nan,nan,nan,65536.0,nan,nan,nan,65536.0
2026-09-10T04:42:00.000+08:00,0.0,12.545013427734375,14.604248046875,0.0,nan,388.79998779296875,0.0,0.0,1970.5999755859375,nan,nan,nan,65536.0,nan,nan,nan,65536.0,nan,nan,nan,65536.0
2026-09-10T04:43:00.000+08:00,0.0,12.561721801757812,14.604248046875,0.0,nan,388.70001220703125,0.0,0.0,1970.5999755859375,nan,nan,nan,65536.0,nan,nan,nan,65536.0,nan,nan,nan,65536.0
2026-09-10T04:44:00.000+08:00,0.0,12.61541748046875,14.645751953125,0.0,nan,389.0,0.0,0.0,1970.5999755859375,nan,nan,nan,65536.0,nan,nan,nan,65536.0,nan,nan,nan,65536.0
2026-09-10T04:45:00.000+08:00,0.0,12.61722183227539,14.6806640625,0.0,nan,389.20001220703125,0.0,0.0,1970.5999755859375,nan,nan,nan,65536.0,nan,nan,nan,65536.0,nan,nan,nan,65536.0
2026-09-10T04:46:00.000+08:00,0.0,12.586795806884766,14.6806640625,0.0,nan,389.0,0.0,0.0,1970.5999755859375,nan,nan,nan,65536.0,nan,nan,nan,65536.0,nan,nan,nan,65536.0
2026-09-10T04:47:00.000+08:00,0.0,12.614795684814453,14.6669921875,0.0,nan,389.6000061035156,0.0,0.0,1970.5999755859375,nan,nan,nan,65536.0,nan,nan,nan,65536.0,nan,nan,nan,65536.0
2026-09-10T04:48:00.000+08:00,0.0,12.563827514648438,14.701416015625,0.0,nan,389.6000061035156,0.0,0.0,1970.5999755859375,nan,nan,nan,65536.0,nan,nan,nan,65536.0,nan,nan,nan,65536.0
2026-09-10T04:49:00.000+08:00,0.0,12.680023193359375,14.673828125,0.0,nan,389.1000061035156,0.0,0.0,1970.5999755859375,nan,nan,nan,65536.0,nan,nan,nan,65536.0,nan,nan,nan,65536.0
2026-09-10T04:50:00.000+08:00,0.0,12.636695861816406,14.6875,0.0,nan,389.29998779296875,0.0,0.0,1970.5999755859375,nan,nan,nan,65536.0,nan,nan,nan,65536.0,nan,nan,nan,65536.0
2026-09-10T04:51:00.000+08:00,0.0,12.648677825927734,14.72265625,0.0,nan,389.0,0.0,0.0,1970.5999755859375,nan,nan,nan,65536.0,nan,nan,nan,65536.0,nan,nan,nan,65536.0
2026-09-10T04:52:00.000+08:00,0.0,12.641227722167969,14.70849609375,0.0,nan,389.29998779296875,0.0,0.0,1970.5999755859375,nan,nan,nan,65536.0,nan,nan,nan,65536.0,nan,nan,nan,65536.0
2026-09-10T04:53:00.000+08:00,0.0,12.665264129638672,14.6875,0.0,nan,389.1000061035156,0.0,0.0,1970.5999755859375,nan,nan,nan,65536.0,nan,nan,nan,65536.0,nan,nan,nan,65536.0
2026-09-10T04:54:00.000+08:00,0.0,12.662677764892578,14.701416015625,0.0,nan,388.29998779296875,0.0,0.0,1970.5999755859375,nan,nan,nan,65536.0,nan,nan,nan,65536.0,nan,nan,nan,65536.0
2026-09-10T04:55:00.000+08:00,0.0,12.733997344970703,14.722412109375,0.0,nan,388.79998779296875,0.0,0.0,1970.5999755859375,nan,nan,nan,65536.0,nan,nan,nan,65536.0,nan,nan,nan,65536.0
2026-09-10T04:56:00.000+08:00,0.0,12.74325180053711,14.701416015625,0.0,nan,389.0,0.0,0.0,1970.5999755859375,nan,nan,nan,65536.0,nan,nan,nan,65536.0,nan,nan,nan,65536.0
2026-09-10T04:57:00.000+08:00,0.0,12.69961166381836,14.8056640625,0.0,nan,388.8999938964844,0.0,0.0,1970.5999755859375,nan,nan,nan,65536.0,nan,nan,nan,65536.0,nan,nan,nan,65536.0
2026-09-10T04:58:00.000+08:00,0.0,12.704025268554688,14.7919921875,0.0,nan,389.0,0.0,0.0,1970.5999755859375,nan,nan,nan,65536.0,nan,nan,nan,65536.0,nan,nan,nan,65536.0
2026-09-10T04:59:00.000+08:00,0.0,12.709651947021484,14.8056640625,0.0,nan,388.1000061035156,0.0,0.0,1970.5999755859375,nan,nan,nan,65536.0,nan,nan,nan,65536.0,nan,nan,nan,65536.0
2026-09-10T05:00:00.000+08:00,0.0,12.702198028564453,14.7919921875,0.0,nan,388.20001220703125,0.0,0.0,1970.5999755859375,nan,nan,nan,65536.0,nan,nan,nan,65536.0,nan,nan,nan,65536.0
2026-09-10T05:01:00.000+08:00,0.0,12.760566711425781,14.798828125,0.0,nan,388.20001220703125,0.0,0.0,1970.5999755859375,nan,nan,nan,65536.0,nan,nan,nan,65536.0,nan,nan,nan,65536.0
2026-09-10T05:02:00.000+08:00,0.0,12.752670288085938,14.75,0.0,nan,388.29998779296875,0.0,0.0,1970.5999755859375,nan,nan,nan,65536.0,nan,nan,nan,65536.0,nan,nan,nan,65536.0
2026-09-10T05:03:00.000+08:00,0.0,12.736099243164062,14.78515625,0.0,nan,388.29998779296875,0.0,0.0,1970.5999755859375,nan,nan,nan,65536.0,nan,nan,nan,65536.0,nan,nan,nan,65536.0
2026-09-10T05:04:00.000+08:00,0.0,12.756782531738281,14.8125,0.0,nan,388.29998779296875,0.0,0.0,1970.5999755859375,nan,nan,nan,65536.0,nan,nan,nan,65536.0,nan,nan,nan,65536.0
2026-09-10T05:05:00.000+08:00,0.0,12.772430419921875,14.861328125,0.0,nan,388.1000061035156,0.0,0.0,1970.5999755859375,nan,nan,nan,65536.0,nan,nan,nan,65536.0,nan,nan,nan,65536.0
2026-09-10T05:06:00.000+08:00,0.0,12.76102066040039,14.8681640625,0.0,nan,388.1000061035156,0.0,0.0,1970.5999755859375,nan,nan,nan,65536.0,nan,nan,nan,65536.0,nan,nan,nan,65536.0
2026-09-10T05:07:00.000+08:00,0.0,12.831893920898438,14.826416015625,0.0,nan,388.3999938964844,0.0,0.0,1970.5999755859375,nan,nan,nan,65536.0,nan,nan,nan,65536.0,nan,nan,nan,65536.0
2026-09-10T05:08:00.000+08:00,0.0,12.822772979736328,14.861328125,0.0,nan,388.20001220703125,0.0,0.0,1970.5999755859375,nan,nan,nan,65536.0,nan,nan,nan,65536.0,nan,nan,nan,65536.0
2026-09-10T05:09:00.000+08:00,0.0,12.84695053100586,14.8125,0.0,nan,388.3999938964844,0.0,0.0,1970.5999755859375,nan,nan,nan,65536.0,nan,nan,nan,65536.0,nan,nan,nan,65536.0
2026-09-10T05:10:00.000+08:00,0.0,12.871868133544922,14.923828125,0.0,nan,387.8999938964844,0.0,0.0,1970.5999755859375,nan,nan,nan,65536.0,nan,nan,nan,65536.0,nan,nan,nan,65536.0
2026-09-10T05:11:00.000+08:00,0.0,12.8203125,14.882080078125,0.0,nan,387.3999938964844,0.0,0.0,1970.5999755859375,nan,nan,nan,65536.0,nan,nan,nan,65536.0,nan,nan,nan,65536.0
2026-09-10T05:12:00.000+08:00,0.0,12.903026580810547,14.923828125,0.0,nan,387.8999938964844,0.0,0.0,1970.5999755859375,nan,nan,nan,65536.0,nan,nan,nan,65536.0,nan,nan,nan,65536.0
2026-09-10T05:13:00.000+08:00,0.0,12.814228057861328,14.861328125,0.0,nan,388.3999938964844,0.0,0.0,1970.5999755859375,nan,nan,nan,65536.0,nan,nan,nan,65536.0,nan,nan,nan,65536.0
2026-09-10T05:14:00.000+08:00,0.0,12.889041900634766,14.875,0.0,nan,388.1000061035156,0.0,0.0,1970.5999755859375,nan,nan,nan,65536.0,nan,nan,nan,65536.0,nan,nan,nan,65536.0
2026-09-10T05:15:00.000+08:00,0.0,12.917652130126953,14.91015625,0.0,nan,388.20001220703125,0.0,0.0,1970.5999755859375,nan,nan,nan,65536.0,nan,nan,nan,65536.0,nan,nan,nan,65536.0
2026-09-10T05:16:00.000+08:00,0.0,12.931610107421875,14.875,0.0,nan,388.6000061035156,0.0,0.0,1970.5999755859375,nan,nan,nan,65536.0,nan,nan,nan,65536.0,nan,nan,nan,65536.0
2026-09-10T05:17:00.000+08:00,0.0,12.925827026367188,14.895751953125,0.0,nan,388.6000061035156,0.0,0.0,1970.5999755859375,nan,nan,nan,65536.0,nan,nan,nan,65536.0,nan,nan,nan,65536.0
2026-09-10T05:18:00.000+08:00,0.0,12.927196502685547,14.875,0.0,nan,388.5,0.0,0.0,1970.5999755859375,nan,nan,nan,65536.0,nan,nan,nan,65536.0,nan,nan,nan,65536.0
2026-09-10T05:19:00.000+08:00,0.0,12.944198608398438,14.882080078125,0.0,nan,388.70001220703125,0.0,0.0,1970.5999755859375,nan,nan,nan,65536.0,nan,nan,nan,65536.0,nan,nan,nan,65536.0
2026-09-10T05:20:00.000+08:00,0.0,12.94815444946289,14.986328125,0.0,nan,388.70001220703125,0.0,0.0,1970.5999755859375,nan,nan,nan,65536.0,nan,nan,nan,65536.0,nan,nan,nan,65536.0
2026-09-10T05:21:00.000+08:00,0.0,12.952766418457031,14.9931640625,0.0,nan,389.29998779296875,0.0,0.0,1970.5999755859375,nan,nan,nan,65536.0,nan,nan,nan,65536.0,nan,nan,nan,65536.0
2026-09-10T05:22:00.000+08:00,0.0,12.95974349975586,14.97265625,0.0,nan,389.1000061035156,0.0,0.0,1970.5999755859375,nan,nan,nan,65536.0,nan,nan,nan,65536.0,nan,nan,nan,65536.0
2026-09-10T05:23:00.000+08:00,0.0,12.973236083984375,14.986083984375,0.0,nan,388.8999938964844,0.0,0.0,1970.5999755859375,nan,nan,nan,65536.0,nan,nan,nan,65536.0,nan,nan,nan,65536.0
2026-09-10T05:24:00.000+08:00,0.0,12.97811508178711,14.9794921875,0.0,nan,388.79998779296875,0.0,0.0,1970.5999755859375,nan,nan,nan,65536.0,nan,nan,nan,65536.0,nan,nan,nan,65536.0
2026-09-10T05:25:00.000+08:00,0.0,12.999271392822266,14.9658203125,0.0,nan,388.0,0.0,0.0,1970.5999755859375,nan,nan,nan,65536.0,nan,nan,nan,65536.0,nan,nan,nan,65536.0
2026-09-10T05:26:00.000+08:00,0.0,13.002758026123047,15.013916015625,0.0,nan,387.8999938964844,0.0,0.0,1970.5999755859375,nan,nan,nan,65536.0,nan,nan,nan,65536.0,nan,nan,nan,65536.0
2026-09-10T05:27:00.000+08:00,0.0,13.017642974853516,15.0556640625,0.0,nan,387.5,0.0,0.0,1970.5999755859375,nan,nan,nan,65536.0,nan,nan,nan,65536.0,nan,nan,nan,65536.0
2026-09-10T05:28:00.000+08:00,0.0,13.009014129638672,15.0556640625,0.0,nan,387.70001220703125,0.0,0.0,1970.5999755859375,nan,nan,nan,65536.0,nan,nan,nan,65536.0,nan,nan,nan,65536.0
2026-09-10T05:29:00.000+08:00,0.0,13.035308837890625,15.0556640625,0.0,nan,388.8999938964844,0.0,0.0,1970.5999755859375,nan,nan,nan,65536.0,nan,nan,nan,65536.0,nan,nan,nan,65536.0
2026-09-10T05:30:00.000+08:00,0.0,13.028327941894531,15.0419921875,0.0,nan,389.20001220703125,0.0,0.0,1970.5999755859375,nan,nan,nan,65536.0,nan,nan,nan,65536.0,nan,nan,nan,65536.0
2026-09-10T05:31:00.000+08:00,0.0,13.115711212158203,15.048828125,0.0,nan,388.5,0.0,0.0,1970.5999755859375,nan,nan,nan,65536.0,nan,nan,nan,65536.0,nan,nan,nan,65536.0
2026-09-10T05:32:00.000+08:00,0.0,13.120121002197266,15.0283203125,0.0,nan,388.8999938964844,0.0,0.0,1970.5999755859375,nan,nan,nan,65536.0,nan,nan,nan,65536.0,nan,nan,nan,65536.0
2026-09-10T05:33:00.000+08:00,0.0,13.10965347290039,15.0,0.0,nan,388.70001220703125,0.0,0.0,1970.5999755859375,nan,nan,nan,65536.0,nan,nan,nan,65536.0,nan,nan,nan,65536.0
2026-09-10T05:34:00.000+08:00,0.0,13.121986389160156,15.069580078125,0.0,nan,389.0,0.0,0.0,1970.5999755859375,nan,nan,nan,65536.0,nan,nan,nan,65536.0,nan,nan,nan,65536.0
2026-09-10T05:35:00.000+08:00,0.0,13.085281372070312,15.111083984375,0.0,nan,388.5,0.0,0.0,1970.5999755859375,nan,nan,nan,65536.0,nan,nan,nan,65536.0,nan,nan,nan,65536.0
2026-09-10T05:36:00.000+08:00,0.0,13.078540802001953,15.09765625,0.0,nan,388.6000061035156,0.0,0.0,1970.5999755859375,nan,nan,nan,65536.0,nan,nan,nan,65536.0,nan,nan,nan,65536.0
2026-09-10T05:37:00.000+08:00,0.0,13.069244384765625,15.08349609375,0.0,nan,388.6000061035156,0.0,0.0,1970.5999755859375,nan,nan,nan,65536.0,nan,nan,nan,65536.0,nan,nan,nan,65536.0
2026-09-10T05:38:00.000+08:00,0.0,13.176387786865234,15.09765625,0.0,nan,388.3999938964844,0.0,0.0,1970.5999755859375,nan,nan,nan,65536.0,nan,nan,nan,65536.0,nan,nan,nan,65536.0
2026-09-10T05:39:00.000+08:00,0.0,13.169414520263672,15.069580078125,0.0,nan,388.29998779296875,0.0,0.0,1970.5999755859375,nan,nan,nan,65536.0,nan,nan,nan,65536.0,nan,nan,nan,65536.0
2026-09-10T05:40:00.000+08:00,0.0,13.149456024169922,15.166748046875,0.0,nan,388.5,0.0,0.0,1970.5999755859375,nan,nan,nan,65536.0,nan,nan,nan,65536.0,nan,nan,nan,65536.0
2026-09-10T05:41:00.000+08:00,0.0,13.135730743408203,15.15283203125,0.0,nan,388.6000061035156,0.0,0.0,1970.5999755859375,nan,nan,nan,65536.0,nan,nan,nan,65536.0,nan,nan,nan,65536.0
2026-09-10T05:42:00.000+08:00,0.0,13.145042419433594,15.173828125,0.0,nan,388.29998779296875,0.0,0.0,1970.5999755859375,nan,nan,nan,65536.0,nan,nan,nan,65536.0,nan,nan,nan,65536.0
2026-09-10T05:43:00.000+08:00,0.0,13.14596939086914,15.173828125,0.0,nan,388.1000061035156,0.0,0.0,1970.5999755859375,nan,nan,nan,65536.0,nan,nan,nan,65536.0,nan,nan,nan,65536.0
2026-09-10T05:44:00.000+08:00,0.0,13.214973449707031,15.132080078125,0.0,nan,388.20001220703125,0.0,0.0,1970.5999755859375,nan,nan,nan,65536.0,nan,nan,nan,65536.0,nan,nan,nan,65536.0
2026-09-10T05:45:00.000+08:00,0.0,13.22381591796875,15.1806640625,0.0,nan,388.1000061035156,0.0,0.0,1970.5999755859375,nan,nan,nan,65536.0,nan,nan,nan,65536.0,nan,nan,nan,65536.0
2026-09-10T05:46:00.000+08:00,0.0,13.188514709472656,15.132080078125,0.0,nan,388.0,0.0,0.0,1970.5999755859375,nan,nan,nan,65536.0,nan,nan,nan,65536.0,nan,nan,nan,65536.0
2026-09-10T05:47:00.000+08:00,0.0,13.229854583740234,15.173583984375,0.0,nan,388.20001220703125,0.0,0.0,1970.5999755859375,nan,nan,nan,65536.0,nan,nan,nan,65536.0,nan,nan,nan,65536.0
2026-09-10T05:48:00.000+08:00,0.0,13.200843811035156,15.236328125,0.0,nan,388.0,0.0,0.0,1970.5999755859375,nan,nan,nan,65536.0,nan,nan,nan,65536.0,nan,nan,nan,65536.0
2026-09-10T05:49:00.000+08:00,0.0,13.252426147460938,15.14599609375,0.0,nan,388.5,0.0,0.0,1970.5999755859375,nan,nan,nan,65536.0,nan,nan,nan,65536.0,nan,nan,nan,65536.0
2026-09-10T05:50:00.000+08:00,0.0,13.192001342773438,15.194580078125,0.0,nan,388.6000061035156,0.0,0.0,1970.5999755859375,nan,nan,nan,65536.0,nan,nan,nan,65536.0,nan,nan,nan,65536.0
2026-09-10T05:51:00.000+08:00,0.0,13.284988403320312,15.1875,0.0,nan,388.3999938964844,0.0,0.0,1970.5999755859375,nan,nan,nan,65536.0,nan,nan,nan,65536.0,nan,nan,nan,65536.0
2026-09-10T05:52:00.000+08:00,0.0,13.30936050415039,15.25,0.0,nan,388.20001220703125,0.0,0.0,1970.5999755859375,nan,nan,nan,65536.0,nan,nan,nan,65536.0,nan,nan,nan,65536.0
2026-09-10T05:53:00.000+08:00,0.0,13.304950714111328,15.222412109375,0.0,nan,388.79998779296875,0.0,0.0,1970.5999755859375,nan,nan,nan,65536.0,nan,nan,nan,65536.0,nan,nan,nan,65536.0
2026-09-10T05:54:00.000+08:00,0.0,13.292892456054688,15.1875,0.0,nan,388.6000061035156,0.0,0.0,1970.5999755859375,nan,nan,nan,65536.0,nan,nan,nan,65536.0,nan,nan,nan,65536.0
2026-09-10T05:55:00.000+08:00,0.0,13.256172180175781,15.25,0.0,nan,388.3999938964844,0.0,0.0,1970.5999755859375,nan,nan,nan,65536.0,nan,nan,nan,65536.0,nan,nan,nan,65536.0
2026-09-10T05:56:00.000+08:00,0.0,13.25778579711914,15.257080078125,0.0,nan,388.5,0.0,0.0,1970.5999755859375,nan,nan,nan,65536.0,nan,nan,nan,65536.0,nan,nan,nan,65536.0
2026-09-10T05:57:00.000+08:00,0.0,13.346813201904297,15.25,0.0,nan,388.29998779296875,0.0,0.0,1970.5999755859375,nan,nan,nan,65536.0,nan,nan,nan,65536.0,nan,nan,nan,65536.0
2026-09-10T05:58:00.000+08:00,0.0,13.342399597167969,15.3056640625,0.0,nan,388.0,0.0,0.0,1970.5999755859375,nan,nan,nan,65536.0,nan,nan,nan,65536.0,nan,nan,nan,65536.0
2026-09-10T05:59:00.000+08:00,0.0,13.353126525878906,15.263916015625,0.0,nan,388.20001220703125,0.0,0.0,1970.5999755859375,nan,nan,nan,65536.0,nan,nan,nan,65536.0,nan,nan,nan,65536.0
2026-09-10T06:00:00.000+08:00,0.0,13.366569519042969,15.25,0.0,nan,388.3999938964844,0.0,0.0,1970.5999755859375,nan,nan,nan,65536.0,nan,nan,nan,65536.0,nan,nan,nan,65536.0
2026-09-10T06:01:00.000+08:00,0.0,13.356788635253906,15.3056640625,0.0,nan,388.5,0.0,0.0,1970.5999755859375,nan,nan,nan,65536.0,nan,nan,nan,65536.0,nan,nan,nan,65536.0
2026-09-10T06:02:00.000+08:00,0.0,13.368003845214844,15.34765625,0.0,nan,388.1000061035156,0.0,0.0,1970.5999755859375,nan,nan,nan,65536.0,nan,nan,nan,65536.0,nan,nan,nan,65536.0
2026-09-10T06:03:00.000+08:00,0.0,13.333343505859375,15.3408203125,0.0,nan,388.29998779296875,0.0,0.0,1970.5999755859375,nan,nan,nan,65536.0,nan,nan,nan,65536.0,nan,nan,nan,65536.0
2026-09-10T06:04:00.000+08:00,0.0,13.413238525390625,15.333251953125,0.0,nan,388.29998779296875,0.0,0.0,1970.5999755859375,nan,nan,nan,65536.0,nan,nan,nan,65536.0,nan,nan,nan,65536.0
2026-09-10T06:05:00.000+08:00,0.0,13.417961120605469,15.361328125,0.0,nan,387.3999938964844,0.0,0.0,1970.5999755859375,nan,nan,nan,65536.0,nan,nan,nan,65536.0,nan,nan,nan,65536.0
2026-09-10T06:06:00.000+08:00,0.0,13.405155181884766,15.333251953125,0.0,nan,387.70001220703125,0.0,0.0,1970.5999755859375,nan,nan,nan,65536.0,nan,nan,nan,65536.0,nan,nan,nan,65536.0
2026-09-10T06:07:00.000+08:00,0.0,13.427452087402344,15.326416015625,0.0,nan,388.1000061035156,0.0,0.0,1970.5999755859375,nan,nan,nan,65536.0,nan,nan,nan,65536.0,nan,nan,nan,65536.0
2026-09-10T06:08:00.000+08:00,0.0,13.439315795898438,15.319580078125,0.0,nan,387.70001220703125,0.0,0.0,1970.5999755859375,nan,nan,nan,65536.0,nan,nan,nan,65536.0,nan,nan,nan,65536.0
2026-09-10T06:09:00.000+08:00,0.0,13.435844421386719,15.361328125,0.0,nan,387.70001220703125,0.0,0.0,1970.5999755859375,nan,nan,nan,65536.0,nan,nan,nan,65536.0,nan,nan,nan,65536.0
2026-09-10T06:10:00.000+08:00,0.0,13.460018157958984,15.416748046875,0.0,nan,387.79998779296875,0.0,0.0,1970.5999755859375,nan,nan,nan,65536.0,nan,nan,nan,65536.0,nan,nan,nan,65536.0
2026-09-10T06:11:00.000+08:00,0.0,13.454017639160156,15.416748046875,0.0,nan,387.70001220703125,0.0,0.0,1970.5999755859375,nan,nan,nan,65536.0,nan,nan,nan,65536.0,nan,nan,nan,65536.0
2026-09-10T06:12:00.000+08:00,0.0,13.473320007324219,15.423828125,0.0,nan,387.8999938964844,0.0,0.0,1970.5999755859375,nan,nan,nan,65536.0,nan,nan,nan,65536.0,nan,nan,nan,65536.0
2026-09-10T06:13:00.000+08:00,0.0,13.471420288085938,15.375,0.0,nan,387.79998779296875,0.0,0.0,1970.5999755859375,nan,nan,nan,65536.0,nan,nan,nan,65536.0,nan,nan,nan,65536.0
2026-09-10T06:14:00.000+08:00,0.0,13.477733612060547,15.395751953125,0.0,nan,388.29998779296875,0.0,0.0,1970.5999755859375,nan,nan,nan,65536.0,nan,nan,nan,65536.0,nan,nan,nan,65536.0
2026-09-10T06:15:00.000+08:00,0.0,13.486595153808594,15.423583984375,0.0,nan,388.20001220703125,0.0,0.0,1970.5999755859375,nan,nan,nan,65536.0,nan,nan,nan,65536.0,nan,nan,nan,65536.0
2026-09-10T06:16:00.000+08:00,0.0,13.48928451538086,15.423828125,0.0,nan,388.0,0.0,0.0,1970.5999755859375,nan,nan,nan,65536.0,nan,nan,nan,65536.0,nan,nan,nan,65536.0
2026-09-10T06:17:00.000+08:00,0.0,13.521377563476562,15.472412109375,0.0,nan,388.1000061035156,0.0,0.0,1970.5999755859375,nan,nan,nan,65536.0,nan,nan,nan,65536.0,nan,nan,nan,65536.0
2026-09-10T06:18:00.000+08:00,0.0,13.504940032958984,15.444580078125,0.0,nan,387.6000061035156,0.0,0.0,1970.5999755859375,nan,nan,nan,65536.0,nan,nan,nan,65536.0,nan,nan,nan,65536.0
2026-09-10T06:19:00.000+08:00,0.0,13.52914047241211,15.486083984375,0.0,nan,387.1000061035156,0.0,0.0,1970.5999755859375,nan,nan,nan,65536.0,nan,nan,nan,65536.0,nan,nan,nan,65536.0
2026-09-10T06:20:00.000+08:00,0.0,13.54904556274414,15.4931640625,0.0,nan,387.3999938964844,0.0,0.0,1970.5999755859375,nan,nan,nan,65536.0,nan,nan,nan,65536.0,nan,nan,nan,65536.0
2026-09-10T06:21:00.000+08:00,0.0,13.552520751953125,15.444580078125,0.0,nan,387.5,0.0,0.0,1970.5999755859375,nan,nan,nan,65536.0,nan,nan,nan,65536.0,nan,nan,nan,65536.0
2026-09-10T06:22:00.000+08:00,0.0,13.6104736328125,15.458251953125,0.0,nan,387.6000061035156,0.0,0.0,1970.5999755859375,nan,nan,nan,65536.0,nan,nan,nan,65536.0,nan,nan,nan,65536.0
2026-09-10T06:23:00.000+08:00,0.0,13.61154556274414,15.486083984375,0.0,nan,387.5,0.0,0.0,1970.5999755859375,nan,nan,nan,65536.0,nan,nan,nan,65536.0,nan,nan,nan,65536.0
2026-09-10T06:24:00.000+08:00,0.0,13.57025146484375,15.5556640625,0.0,nan,387.3999938964844,0.0,0.0,1970.5999755859375,nan,nan,nan,65536.0,nan,nan,nan,65536.0,nan,nan,nan,65536.0
2026-09-10T06:25:00.000+08:00,0.0,13.561271667480469,15.4794921875,0.0,nan,387.29998779296875,0.0,0.0,1970.5999755859375,nan,nan,nan,65536.0,nan,nan,nan,65536.0,nan,nan,nan,65536.0
2026-09-10T06:26:00.000+08:00,0.0,13.577194213867188,15.5556640625,0.0,nan,387.20001220703125,0.0,0.0,1970.5999755859375,nan,nan,nan,65536.0,nan,nan,nan,65536.0,nan,nan,nan,65536.0
2026-09-10T06:27:00.000+08:00,0.0,13.588455200195312,15.5556640625,0.0,nan,387.70001220703125,0.0,0.0,1970.5999755859375,nan,nan,nan,65536.0,nan,nan,nan,65536.0,nan,nan,nan,65536.0
2026-09-10T06:28:00.000+08:00,0.0,13.602851867675781,15.548828125,0.0,nan,387.5,0.0,0.0,1970.5999755859375,nan,nan,nan,65536.0,nan,nan,nan,65536.0,nan,nan,nan,65536.0
2026-09-10T06:29:00.000+08:00,0.0,13.67529296875,15.53515625,0.0,nan,387.70001220703125,0.0,0.0,1970.5999755859375,nan,nan,nan,65536.0,nan,nan,nan,65536.0,nan,nan,nan,65536.0
2026-09-10T06:30:00.000+08:00,0.0,13.680198669433594,15.513916015625,0.0,nan,387.70001220703125,0.0,0.0,1970.5999755859375,nan,nan,nan,65536.0,nan,nan,nan,65536.0,nan,nan,nan,65536.0
2026-09-10T06:31:00.000+08:00,0.0,13.629562377929688,15.6181640625,0.0,nan,387.6000061035156,0.0,0.0,1970.5999755859375,nan,nan,nan,65536.0,nan,nan,nan,65536.0,nan,nan,nan,65536.0
2026-09-10T06:32:00.000+08:00,0.0,13.684158325195312,15.548828125,0.0,nan,387.70001220703125,0.0,0.0,1970.5999755859375,nan,nan,nan,65536.0,nan,nan,nan,65536.0,nan,nan,nan,65536.0
2026-09-10T06:33:00.000+08:00,0.0,13.653274536132812,15.611083984375,0.0,nan,388.1000061035156,0.0,0.0,1970.5999755859375,nan,nan,nan,65536.0,nan,nan,nan,65536.0,nan,nan,nan,65536.0
2026-09-10T06:34:00.000+08:00,0.0,13.717815399169922,15.6044921875,0.0,nan,388.1000061035156,0.0,0.0,1970.5999755859375,nan,nan,nan,65536.0,nan,nan,nan,65536.0,nan,nan,nan,65536.0
2026-09-10T06:35:00.000+08:00,0.0,13.647293090820312,15.6044921875,0.0,nan,388.3999938964844,0.0,0.0,1970.5999755859375,nan,nan,nan,65536.0,nan,nan,nan,65536.0,nan,nan,nan,65536.0
2026-09-10T06:36:00.000+08:00,0.0,13.640937805175781,15.576416015625,0.0,nan,388.20001220703125,0.0,0.0,1970.5999755859375,nan,nan,nan,65536.0,nan,nan,nan,65536.0,nan,nan,nan,65536.0
2026-09-10T06:37:00.000+08:00,0.0,13.729190826416016,15.576416015625,0.0,nan,388.0,0.0,0.0,1970.5999755859375,nan,nan,nan,65536.0,nan,nan,nan,65536.0,nan,nan,nan,65536.0
2026-09-10T06:38:00.000+08:00,0.0,13.692817687988281,15.6806640625,0.0,nan,388.20001220703125,0.0,0.0,1970.5999755859375,nan,nan,nan,65536.0,nan,nan,nan,65536.0,nan,nan,nan,65536.0
2026-09-10T06:39:00.000+08:00,0.0,13.69821548461914,15.673828125,0.0,nan,388.29998779296875,0.0,0.0,1970.5999755859375,nan,nan,nan,65536.0,nan,nan,nan,65536.0,nan,nan,nan,65536.0
2026-09-10T06:40:00.000+08:00,0.0,13.76861572265625,15.66015625,0.0,nan,388.0,0.0,0.0,1970.5999755859375,nan,nan,nan,65536.0,nan,nan,nan,65536.0,nan,nan,nan,65536.0
2026-09-10T06:41:00.000+08:00,0.0,13.697742462158203,15.625,0.0,nan,387.70001220703125,0.0,0.0,1970.5999755859375,nan,nan,nan,65536.0,nan,nan,nan,65536.0,nan,nan,nan,65536.0
2026-09-10T06:42:00.000+08:00,0.0,13.712589263916016,15.638916015625,0.0,nan,387.6000061035156,0.0,0.0,1970.5999755859375,nan,nan,nan,65536.0,nan,nan,nan,65536.0,nan,nan,nan,65536.0
2026-09-10T06:43:00.000+08:00,0.0,13.785972595214844,15.625,0.0,nan,387.8999938964844,0.0,0.0,1970.5999755859375,nan,nan,nan,65536.0,nan,nan,nan,65536.0,nan,nan,nan,65536.0
2026-09-10T06:44:00.000+08:00,0.0,13.71798324584961,15.632080078125,0.0,nan,387.8999938964844,0.0,0.0,1970.5999755859375,nan,nan,nan,65536.0,nan,nan,nan,65536.0,nan,nan,nan,65536.0
2026-09-10T06:45:00.000+08:00,0.0,13.80776596069336,15.659912109375,0.0,nan,387.79998779296875,0.0,0.0,1970.5999755859375,nan,nan,nan,65536.0,nan,nan,nan,65536.0,nan,nan,nan,65536.0
2026-09-10T06:46:00.000+08:00,0.0,13.808727264404297,15.673828125,0.0,nan,387.70001220703125,0.0,0.0,1970.5999755859375,nan,nan,nan,65536.0,nan,nan,nan,65536.0,nan,nan,nan,65536.0
2026-09-10T06:47:00.000+08:00,0.0,13.794761657714844,15.64599609375,0.0,nan,387.70001220703125,0.0,0.0,1970.5999755859375,nan,nan,nan,65536.0,nan,nan,nan,65536.0,nan,nan,nan,65536.0
2026-09-10T06:48:00.000+08:00,0.0,13.842304229736328,15.701416015625,0.0,nan,387.70001220703125,0.0,0.0,1970.5999755859375,nan,nan,nan,65536.0,nan,nan,nan,65536.0,nan,nan,nan,65536.0
2026-09-10T06:49:00.000+08:00,0.0,13.83487319946289,15.70849609375,0.0,nan,387.70001220703125,0.0,0.0,1970.5999755859375,nan,nan,nan,65536.0,nan,nan,nan,65536.0,nan,nan,nan,65536.0
2026-09-10T06:50:00.000+08:00,0.0,13.841815948486328,15.694580078125,0.0,nan,387.6000061035156,0.0,0.0,1970.5999755859375,nan,nan,nan,65536.0,nan,nan,nan,65536.0,nan,nan,nan,65536.0
2026-09-10T06:51:00.000+08:00,0.0,13.847698211669922,15.7431640625,0.0,nan,388.0,6.085000038146973,3.5160000324249268,1970.5999755859375,nan,nan,nan,65536.0,nan,nan,nan,65536.0,nan,nan,nan,65536.0
2026-09-10T06:52:00.000+08:00,0.0,13.874412536621094,15.6875,0.0,nan,387.8999938964844,6.098999977111816,3.5209999084472656,1970.699951171875,nan,nan,nan,65536.0,nan,nan,nan,65536.0,nan,nan,nan,65536.0
2026-09-10T06:53:00.000+08:00,0.0,13.824867248535156,16.1953125,0.0, +inf,387.3999938964844,6.090000152587891,3.51200008392334,1970.699951171875,nan,nan,nan,65536.0,nan,nan,nan,65536.0,nan,nan,nan,65536.0
2026-09-10T06:54:00.000+08:00,0.0,12.78509521484375,19.22265625,0.0, +inf,387.1000061035156,6.103000164031982,3.5339999198913574,1970.800048828125,nan,nan,nan,65536.0,nan,nan,nan,65536.0,nan,nan,nan,65536.0
2026-09-10T06:55:00.000+08:00,14.612351417541504,12.497570037841797,17.875,0.5940073132514954,5.915751934051514,387.3999938964844,6.126999855041504,3.5380001068115234,1970.800048828125,nan,nan,nan,65536.0,nan,nan,nan,65536.0,nan,nan,nan,65536.0
2026-09-10T06:56:00.000+08:00,71.04454040527344,12.582904815673828,17.52783203125,8.843134880065918,0.39884045720100403,387.79998779296875,6.144000053405762,3.552000045776367,1970.9000244140625,nan,nan,nan,65536.0,nan,nan,nan,65536.0,nan,nan,nan,65536.0
2026-09-10T06:57:00.000+08:00,71.85273742675781,12.889888763427734,17.1953125,8.222750663757324,0.43002641201019287,387.79998779296875,6.13700008392334,3.553999900817871,1971.0,nan,nan,nan,65536.0,nan,nan,nan,65536.0,nan,nan,nan,65536.0
2026-09-10T06:58:00.000+08:00,81.94904327392578,11.014766693115234,17.09716796875,8.234123229980469,0.4317399263381958,387.6000061035156,6.1519999504089355,3.561000108718872,1971.0,nan,nan,nan,65536.0,nan,nan,nan,65536.0,nan,nan,nan,65536.0
2026-09-10T06:59:00.000+08:00,100.77963256835938,9.647480010986328,16.08349609375,8.54942512512207,0.41441380977630615,386.5,6.142000198364258,3.5420000553131104,1971.0999755859375,nan,nan,nan,65536.0,nan,nan,nan,65536.0,nan,nan,nan,65536.0
2026-09-10T07:00:00.000+08:00,117.75038146972656,9.206546783447266,15.4306640625,13.691210746765137,0.259655624628067,386.79998779296875,6.172999858856201,3.556999921798706,1971.0999755859375,nan,nan,nan,65536.0,nan,nan,nan,65536.0,nan,nan,nan,65536.0
2026-09-10T07:01:00.000+08:00,115.28300476074219,9.160381317138672,15.125,14.364709854125977,0.2473422735929489,387.20001220703125,6.159999847412109,3.546999931335449,1971.199951171875,nan,nan,nan,65536.0,nan,nan,nan,65536.0,nan,nan,nan,65536.0
2026-09-10T07:02:00.000+08:00,125.0904541015625,9.217639923095703,16.09765625,15.373274803161621,0.23144060373306274,386.79998779296875,6.171000003814697,3.5420000553131104,1971.300048828125,nan,nan,nan,65536.0,nan,nan,nan,65536.0,nan,nan,nan,65536.0
2026-09-10T07:03:00.000+08:00,0.0,9.07786750793457,16.361328125,0.0, +inf,386.3999938964844,6.204999923706055,3.5759999752044678,1971.300048828125,nan,nan,nan,65536.0,nan,nan,nan,65536.0,nan,nan,nan,65536.0
2026-09-10T07:04:00.000+08:00,16.1693058013916,9.034290313720703,14.083251953125,2.1090357303619385,1.6794404983520508,386.29998779296875,6.204999923706055,3.5739998817443848,1971.4000244140625,nan,nan,nan,65536.0,nan,nan,nan,65536.0,nan,nan,nan,65536.0
2026-09-10T07:05:00.000+08:00,315.39715576171875,9.00018310546875,14.229248046875,49.21176528930664,0.07260458916425705,386.1000061035156,6.224999904632568,3.572000026702881,1971.4000244140625,nan,nan,nan,65536.0,nan,nan,nan,65536.0,nan,nan,nan,65536.0
2026-09-10T07:06:00.000+08:00,231.27392578125,9.918804168701172,14.138916015625,22.928112030029297,0.15548598766326904,386.0,6.199999809265137,3.559000015258789,1971.5,nan,nan,nan,65536.0,nan,nan,nan,65536.0,nan,nan,nan,65536.0
2026-09-10T07:07:00.000+08:00,224.68417358398438,10.594470977783203,14.5,22.61122703552246,0.15797461569309235,386.29998779296875,6.191999912261963,3.569999933242798,1971.5999755859375,nan,nan,nan,65536.0,nan,nan,nan,65536.0,nan,nan,nan,65536.0
2026-09-10T07:08:00.000+08:00,232.81918334960938,10.735877990722656,14.47265625,20.350526809692383,0.1750323325395584,386.5,6.210000038146973,3.5769999027252197,1971.5999755859375,nan,nan,nan,65536.0,nan,nan,nan,65536.0,nan,nan,nan,65536.0
2026-09-10T07:09:00.000+08:00,269.090576171875,10.063262939453125,14.1669921875,21.112335205078125,0.1692849099636078,386.5,6.21999979019165,3.5829999446868896,1971.699951171875,nan,nan,nan,65536.0,nan,nan,nan,65536.0,nan,nan,nan,65536.0
2026-09-10T07:10:00.000+08:00,292.4923400878906,9.671669006347656,13.701416015625,21.996625900268555,0.16252492368221283,386.20001220703125,6.195000171661377,3.5769999027252197,1971.699951171875,nan,nan,nan,65536.0,nan,nan,nan,65536.0,nan,nan,nan,65536.0
2026-09-10T07:11:00.000+08:00,304.1814880371094,9.709335327148438,13.638916015625,24.622957229614258,0.1455146074295044,386.20001220703125,6.209000110626221,3.5869998931884766,1971.800048828125,nan,nan,nan,65536.0,nan,nan,nan,65536.0,nan,nan,nan,65536.0
2026-09-10T07:12:00.000+08:00,296.02044677734375,9.905872344970703,13.722412109375,23.895252227783203,0.14973685145378113,386.20001220703125,6.2170000076293945,3.5829999446868896,1971.9000244140625,nan,nan,nan,65536.0,nan,nan,nan,65536.0,nan,nan,nan,65536.0
2026-09-10T07:13:00.000+08:00,303.4307556152344,9.889347076416016,13.632080078125,23.75396156311035,0.15075379610061646,386.29998779296875,6.201000213623047,3.5840001106262207,1971.9000244140625,nan,nan,nan,65536.0,nan,nan,nan,65536.0,nan,nan,nan,65536.0
2026-09-10T07:14:00.000+08:00,307.20916748046875,9.806385040283203,13.53515625,23.218000411987305,0.15427684783935547,386.6000061035156,6.232999801635742,3.6019999980926514,1972.0,nan,nan,nan,65536.0,nan,nan,nan,65536.0,nan,nan,nan,65536.0
2026-09-10T07:15:00.000+08:00,315.4163513183594,9.61716079711914,13.34765625,23.53835678100586,0.151752308011055,386.8999938964844,6.241000175476074,3.6050000190734863,1972.0,nan,nan,nan,65536.0,nan,nan,nan,65536.0,nan,nan,nan,65536.0
2026-09-10T07:16:00.000+08:00,326.0938720703125,9.51492691040039,13.21533203125,24.10248374938965,0.14919623732566833,386.8999938964844,6.241000175476074,3.611999988555908,1972.0999755859375,nan,nan,nan,65536.0,nan,nan,nan,65536.0,nan,nan,nan,65536.0
2026-09-10T07:17:00.000+08:00,317.2179260253906,9.537506103515625,13.16015625,23.7669677734375,0.1513865888118744,386.8999938964844,6.22599983215332,3.5899999141693115,1972.0999755859375,nan,nan,nan,65536.0,nan,nan,nan,65536.0,nan,nan,nan,65536.0
2026-09-10T07:18:00.000+08:00,329.6495056152344,9.607902526855469,13.173828125,24.072694778442383,0.14983782172203064,387.0,6.229000091552734,3.6029999256134033,1972.199951171875,nan,nan,nan,65536.0,nan,nan,nan,65536.0,nan,nan,nan,65536.0
2026-09-10T07:19:00.000+08:00,338.7083740234375,9.731689453125,13.16015625,24.21026611328125,0.14877986907958984,387.1000061035156,6.245999813079834,3.6089999675750732,1972.300048828125,nan,nan,nan,65536.0,nan,nan,nan,65536.0,nan,nan,nan,65536.0
2026-09-10T07:20:00.000+08:00,339.55548095703125,9.696552276611328,13.125,23.86163902282715,0.15116313099861145,387.29998779296875,6.248000144958496,3.615000009536743,1972.300048828125,nan,nan,nan,65536.0,nan,nan,nan,65536.0,nan,nan,nan,65536.0
2026-09-10T07:21:00.000+08:00,348.8639831542969,9.749916076660156,13.104248046875,23.411602020263672,0.15462417900562286,387.0,6.24399995803833,3.617000102996826,1972.4000244140625,nan,nan,nan,65536.0,nan,nan,nan,65536.0,nan,nan,nan,65536.0
2026-09-10T07:22:00.000+08:00,344.9021911621094,9.623504638671875,12.9375,23.813032150268555,0.151849627494812,387.20001220703125,6.234000205993652,3.6089999675750732,1972.5,nan,nan,nan,65536.0,nan,nan,nan,65536.0,nan,nan,nan,65536.0
2026-09-10T07:23:00.000+08:00,354.8067321777344,9.526721954345703,12.882080078125,24.208744049072266,0.14887182414531708,387.1000061035156,6.239999771118164,3.61299991607666,1972.5,nan,nan,nan,65536.0,nan,nan,nan,65536.0,nan,nan,nan,65536.0
2026-09-10T07:24:00.000+08:00,362.7376403808594,9.536186218261719,12.875,23.978914260864258,0.1490912139415741,387.0,6.235000133514404,3.611999988555908,1972.5999755859375,nan,nan,nan,65536.0,nan,nan,nan,65536.0,nan,nan,nan,65536.0
2026-09-10T07:25:00.000+08:00,365.11279296875,9.757278442382812,12.972412109375,24.515432357788086,0.1476213037967682,387.3999938964844,6.235000133514404,3.625,1972.5999755859375,nan,nan,nan,65536.0,nan,nan,nan,65536.0,nan,nan,nan,65536.0
2026-09-10T07:26:00.000+08:00,364.54071044921875,9.869636535644531,12.909912109375,24.28081703186035,0.14888297021389008,387.3999938964844,6.2179999351501465,3.6110000610351562,1972.699951171875,nan,nan,nan,65536.0,nan,nan,nan,65536.0,nan,nan,nan,65536.0
2026-09-10T07:27:00.000+08:00,380.89324951171875,9.870914459228516,12.8125,23.818246841430664,0.15177439153194427,387.70001220703125,6.245999813079834,3.6070001125335693,1972.800048828125,nan,nan,nan,65536.0,nan,nan,nan,65536.0,nan,nan,nan,65536.0
2026-09-10T07:28:00.000+08:00,387.9967041015625,9.914031982421875,12.83349609375,23.641454696655273,0.15320546925067902,387.6000061035156,6.247000217437744,3.618000030517578,1972.800048828125,nan,nan,nan,65536.0,nan,nan,nan,65536.0,nan,nan,nan,65536.0
2026-09-10T07:29:00.000+08:00,402.9143981933594,9.972198486328125,12.8125,23.849716186523438,0.15165798366069794,387.20001220703125,6.232999801635742,3.618000030517578,1972.9000244140625,nan,nan,nan,65536.0,nan,nan,nan,65536.0,nan,nan,nan,65536.0
2026-09-10T07:30:00.000+08:00,415.4450378417969,10.1102294921875,12.8681640625,24.162006378173828,0.1498633772134781,387.5,6.22599983215332,3.615000009536743,1972.9000244140625,nan,nan,nan,65536.0,nan,nan,nan,65536.0,nan,nan,nan,65536.0
2026-09-10T07:31:00.000+08:00,410.89459228515625,10.11181640625,12.84765625,23.28157615661621,0.15518708527088165,387.3999938964844,6.224999904632568,3.61899995803833,1973.0,nan,nan,nan,65536.0,nan,nan,nan,65536.0,nan,nan,nan,65536.0
2026-09-10T07:32:00.000+08:00,412.84320068359375,10.080596923828125,12.8544921875,22.619237899780273,0.1598639190196991,387.5,6.210000038146973,3.6059999465942383,1973.0999755859375,nan,nan,nan,65536.0,nan,nan,nan,65536.0,nan,nan,nan,65536.0
2026-09-10T07:33:00.000+08:00,438.9285888671875,10.053424835205078,12.694580078125,23.914247512817383,0.15133237838745117,387.70001220703125,6.218999862670898,3.617000102996826,1973.0999755859375,nan,nan,nan,65536.0,nan,nan,nan,65536.0,nan,nan,nan,65536.0
2026-09-10T07:34:00.000+08:00,441.2207946777344,10.051856994628906,12.7294921875,23.860668182373047,0.15158838033676147,387.29998779296875,6.214000225067139,3.619999885559082,1973.199951171875,nan,nan,nan,65536.0,nan,nan,nan,65536.0,nan,nan,nan,65536.0
2026-09-10T07:35:00.000+08:00,456.2442626953125,10.09067153930664,12.694580078125,24.28141975402832,0.14937347173690796,387.0,6.223999977111816,3.61299991607666,1973.199951171875,nan,nan,nan,65536.0,nan,nan,nan,65536.0,nan,nan,nan,65536.0
2026-09-10T07:36:00.000+08:00,454.1962890625,10.172527313232422,12.736328125,24.314163208007812,0.14867877960205078,387.0,6.296999931335449,3.614000082015991,1973.300048828125,nan,nan,nan,65536.0,nan,nan,nan,65536.0,nan,nan,nan,65536.0
2026-09-10T07:37:00.000+08:00,463.608154296875,10.016212463378906,12.763916015625,24.021711349487305,0.1500309407711029,386.5,6.40500020980835,3.614000082015991,1973.4000244140625,nan,nan,nan,65536.0,nan,nan,nan,65536.0,nan,nan,nan,65536.0
2026-09-10T07:38:00.000+08:00,475.77001953125,9.542671203613281,12.27783203125,24.283239364624023,0.1488681137561798,386.5,6.396999835968018,3.6040000915527344,1973.4000244140625,nan,nan,nan,65536.0,nan,nan,nan,65536.0,nan,nan,nan,65536.0
2026-09-10T07:39:00.000+08:00,481.70526123046875,9.4754638671875,12.28515625,25.58104133605957,0.14155013859272003,386.6000061035156,6.218999862670898,3.6029999256134033,1973.5,nan,nan,nan,65536.0,nan,nan,nan,65536.0,nan,nan,nan,65536.0
2026-09-10T07:40:00.000+08:00,469.9472961425781,9.579364776611328,12.34033203125,25.264022827148438,0.14253470301628113,385.6000061035156,6.188000202178955,3.5859999656677246,1973.5,nan,nan,nan,65536.0,nan,nan,nan,65536.0,nan,nan,nan,65536.0
2026-09-10T07:41:00.000+08:00,456.34051513671875,9.630325317382812,12.4169921875,25.378063201904297,0.14220942556858063,386.29998779296875,6.2270002365112305,3.5980000495910645,1973.5999755859375,nan,nan,nan,65536.0,nan,nan,nan,65536.0,nan,nan,nan,65536.0
2026-09-10T07:42:00.000+08:00,451.279296875,9.661750793457031,12.3544921875,24.664997100830078,0.14555040001869202,386.0,6.206999778747559,3.5920000076293945,1973.699951171875,nan,nan,nan,65536.0,nan,nan,nan,65536.0,nan,nan,nan,65536.0
2026-09-10T07:43:00.000+08:00,458.7767028808594,9.545333862304688,12.26416015625,24.86215591430664,0.14463749527931213,385.8999938964844,6.21999979019165,3.5950000286102295,1973.699951171875,nan,nan,nan,65536.0,nan,nan,nan,65536.0,nan,nan,nan,65536.0
2026-09-10T07:44:00.000+08:00,454.1875,9.527687072753906,12.1875,24.291933059692383,0.14815618097782135,385.70001220703125,6.23199987411499,3.5940001010894775,1973.800048828125,513.28125,1.990625023841858,1.027268409729004,2673.0,513.28125,1.990625023841858,1.027268409729004,2673.0,513.28125,1.990625023841858,1.027268409729004,2673.0
2026-09-10T07:45:00.000+08:00,462.39996337890625,9.457923889160156,12.1806640625,24.780763626098633,0.14507220685482025,385.8999938964844,6.2179999351501465,3.5829999446868896,1973.800048828125,513.28125,1.990625023841858,1.0330554246902466,2673.0,513.28125,1.990625023841858,1.0330554246902466,2673.0,513.28125,1.990625023841858,1.0330554246902466,2673.0
2026-09-10T07:46:00.000+08:00,457.1596374511719,9.499275207519531,12.1669921875,24.89528465270996,0.1441638469696045,386.1000061035156,6.224999904632568,3.5969998836517334,1973.9000244140625,513.28125,1.990625023841858,1.0364199876785278,2673.0,513.28125,1.990625023841858,1.0364199876785278,2673.0,513.28125,1.990625023841858,1.0364199876785278,2673.0
2026-09-10T07:47:00.000+08:00,462.659423828125,9.469512939453125,12.236328125,25.006317138671875,0.1434437483549118,386.1000061035156,6.230999946594238,3.5969998836517334,1974.0,513.28125,1.990625023841858,1.0400537252426147,2673.0,513.28125,1.990625023841858,1.0400537252426147,2673.0,513.28125,1.990625023841858,1.0400537252426147,2673.0
2026-09-10T07:48:00.000+08:00,462.9352111816406,9.50356674194336,12.263916015625,24.512493133544922,0.1467006951570511,386.1000061035156,6.223999977111816,3.5959999561309814,1974.0,513.28125,1.990625023841858,1.0396499633789062,2674.0,513.28125,1.990625023841858,1.0396499633789062,2674.0,513.28125,1.990625023841858,1.0396499633789062,2674.0
2026-09-10T07:49:00.000+08:00,448.14208984375,9.530132293701172,12.208251953125,24.526329040527344,0.14694412052631378,386.20001220703125,6.248000144958496,3.611999988555908,1974.0999755859375,513.28125,1.990625023841858,1.0424761772155762,2674.0,513.28125,1.990625023841858,1.0424761772155762,2674.0,513.28125,1.990625023841858,1.0424761772155762,2674.0
2026-09-10T07:50:00.000+08:00,463.40484619140625,9.5589599609375,12.166748046875,24.684499740600586,0.14608357846736908,386.29998779296875,6.234000205993652,3.6040000915527344,1974.0999755859375,513.28125,1.990625023841858,1.0400537252426147,2674.0,513.28125,1.990625023841858,1.0400537252426147,2674.0,513.28125,1.990625023841858,1.0400537252426147,2674.0
2026-09-10T07:51:00.000+08:00,455.43389892578125,9.652950286865234,12.3681640625,24.820161819458008,0.14564771950244904,385.79998779296875,6.184000015258789,3.5880000591278076,1974.199951171875,513.28125,1.990625023841858,1.0412650108337402,2674.0,513.28125,1.990625023841858,1.0412650108337402,2674.0,513.28125,1.990625023841858,1.0412650108337402,2674.0
2026-09-10T07:52:00.000+08:00,455.08355712890625,9.602283477783203,12.34765625,24.481321334838867,0.14696919918060303,385.20001220703125,6.184999942779541,3.5799999237060547,1974.300048828125,513.28125,1.990625023841858,1.0357470512390137,2674.0,513.28125,1.990625023841858,1.0357470512390137,2674.0,513.28125,1.990625023841858,1.0357470512390137,2674.0
2026-09-10T07:53:00.000+08:00,442.7962951660156,9.584003448486328,12.409912109375,23.78215217590332,0.1508694440126419,385.1000061035156,6.195000171661377,3.572999954223633,1974.300048828125,513.28125,1.990625023841858,1.0353432893753052,2674.0,513.28125,1.990625023841858,1.0353432893753052,2674.0,513.28125,1.990625023841858,1.0353432893753052,2674.0
2026-09-10T07:54:00.000+08:00,432.015869140625,9.68198013305664,12.4931640625,23.745450973510742,0.15076571702957153,386.0,6.201000213623047,3.5920000076293945,1974.4000244140625,513.28125,1.990625023841858,1.0428799390792847,2674.0,513.28125,1.990625023841858,1.0428799390792847,2674.0,513.28125,1.990625023841858,1.0428799390792847,2674.0
2026-09-10T07:55:00.000+08:00,415.48291015625,9.757099151611328,12.5,23.354286193847656,0.15337654948234558,385.79998779296875,6.204999923706055,3.5869998931884766,1974.4000244140625,513.28125,2.0289063453674316,1.0457061529159546,2674.0,513.28125,2.0289063453674316,1.0457061529159546,2674.0,513.28125,2.0289063453674316,1.0457061529159546,2674.0
2026-09-10T07:56:00.000+08:00,401.7232666015625,9.849571228027344,12.6044921875,22.225597381591797,0.16152547299861908,385.70001220703125,6.191999912261963,3.5829999446868896,1974.5,513.28125,1.990625023841858,1.0419378280639648,2674.0,513.28125,1.990625023841858,1.0419378280639648,2674.0,513.28125,1.990625023841858,1.0419378280639648,2674.0
2026-09-10T07:57:00.000+08:00,407.91656494140625,9.923614501953125,12.5556640625,23.117996215820312,0.15516050159931183,385.29998779296875,6.185999870300293,3.5810000896453857,1974.5999755859375,513.28125,2.0289063453674316,1.0439566373825073,2674.0,513.28125,2.0289063453674316,1.0439566373825073,2674.0,513.28125,2.0289063453674316,1.0439566373825073,2674.0
2026-09-10T07:58:00.000+08:00,427.31500244140625,9.835018157958984,12.5,23.18890380859375,0.15464292466640472,385.5,6.197999954223633,3.5859999656677246,1974.5999755859375,513.28125,2.0289063453674316,1.047724962234497,2674.0,513.28125,2.0289063453674316,1.047724962234497,2674.0,513.28125,2.0289063453674316,1.047724962234497,2674.0
2026-09-10T07:59:00.000+08:00,430.3494567871094,9.827980041503906,12.53515625,22.89912223815918,0.1562068611383438,385.20001220703125,6.186999797821045,3.572000026702881,1974.699951171875,513.28125,1.990625023841858,1.0401883125305176,2674.0,513.28125,1.990625023841858,1.0401883125305176,2674.0,513.28125,1.990625023841858,1.0401883125305176,2674.0
2026-09-10T08:00:00.000+08:00,440.017578125,9.894344329833984,12.534912109375,23.4927978515625,0.1525573879480362,385.0,6.196000099182129,3.571000099182129,1974.699951171875,513.28125,2.0289063453674316,1.0430145263671875,2674.0,513.28125,2.0289063453674316,1.0430145263671875,2674.0,513.28125,2.0289063453674316,1.0430145263671875,2674.0
2026-09-10T08:01:00.000+08:00,439.671630859375,9.925159454345703,12.513916015625,23.640819549560547,0.1510522961616516,384.5,6.166999816894531,3.555000066757202,1974.800048828125,509.765625,2.0289063453674316,1.0440912246704102,2674.0,509.765625,2.0289063453674316,1.0440912246704102,2674.0,509.765625,2.0289063453674316,1.0440912246704102,2674.0
2026-09-10T08:02:00.000+08:00,434.3861389160156,9.879688262939453,12.513916015625,22.437124252319336,0.15933413803577423,384.20001220703125,6.177000045776367,3.556999921798706,1974.9000244140625,509.765625,1.990625023841858,1.035477876663208,2674.0,509.765625,1.990625023841858,1.035477876663208,2674.0,509.765625,1.990625023841858,1.035477876663208,2674.0
2026-09-10T08:03:00.000+08:00,450.13995361328125,9.92850112915039,12.423828125,23.25261878967285,0.15318703651428223,384.0,6.199999809265137,3.5510001182556152,1974.9000244140625,509.765625,2.0289063453674316,1.0419378280639648,2674.0,509.765625,2.0289063453674316,1.0419378280639648,2674.0,509.765625,2.0289063453674316,1.0419378280639648,2674.0
2026-09-10T08:04:00.000+08:00,460.873291015625,9.8917236328125,12.47265625,23.059598922729492,0.1536019742488861,384.1000061035156,6.166999816894531,3.5510001182556152,1975.0,509.765625,2.0289063453674316,1.0395153760910034,2674.0,509.765625,2.0289063453674316,1.0395153760910034,2674.0,509.765625,2.0289063453674316,1.0395153760910034,2674.0
2026-09-10T08:05:00.000+08:00,458.6123962402344,9.903453826904297,12.4375,23.2000789642334,0.15288740396499634,383.8999938964844,6.193999767303467,3.5399999618530273,1975.0,509.765625,1.990625023841858,1.0374966859817505,2674.0,509.765625,1.990625023841858,1.0374966859817505,2674.0,509.765625,1.990625023841858,1.0374966859817505,2674.0
2026-09-10T08:06:00.000+08:00,458.9107360839844,9.875930786132812,12.472412109375,23.448585510253906,0.15096859633922577,383.5,6.170000076293945,3.5390000343322754,1975.0999755859375,509.765625,2.0289063453674316,1.0353432893753052,2674.0,509.765625,2.0289063453674316,1.0353432893753052,2674.0,509.765625,2.0289063453674316,1.0353432893753052,2674.0
2026-09-10T08:07:00.000+08:00,451.1980895996094,9.816993713378906,12.451416015625,23.166101455688477,0.15311165153980255,384.0,6.175000190734863,3.546999931335449,1975.0999755859375,509.765625,1.990625023841858,1.0361508131027222,2674.0,509.765625,1.990625023841858,1.0361508131027222,2674.0,509.765625,1.990625023841858,1.0361508131027222,2674.0
2026-09-10T08:08:00.000+08:00,452.1313171386719,9.815719604492188,12.4794921875,22.792585372924805,0.1555330455303192,383.70001220703125,6.160999774932861,3.5360000133514404,1975.199951171875,509.765625,1.990625023841858,1.0311713218688965,2674.0,509.765625,1.990625023841858,1.0311713218688965,2674.0,509.765625,1.990625023841858,1.0311713218688965,2674.0
2026-09-10T08:09:00.000+08:00,449.9175109863281,9.932376861572266,12.4794921875,23.4718074798584,0.15090443193912506,383.79998779296875,6.15500020980835,3.5480000972747803,1975.300048828125,509.765625,1.990625023841858,1.0357470512390137,2674.0,509.765625,1.990625023841858,1.0357470512390137,2674.0,509.765625,1.990625023841858,1.0357470512390137,2674.0
2026-09-10T08:10:00.000+08:00,443.9959411621094,9.905864715576172,12.4375,22.46016502380371,0.15730071067810059,383.5,6.186999797821045,3.5280001163482666,1975.300048828125,509.765625,1.990625023841858,1.0353432893753052,2674.0,509.765625,1.990625023841858,1.0353432893753052,2674.0,509.765625,1.990625023841858,1.0353432893753052,2674.0
2026-09-10T08:11:00.000+08:00,435.494873046875,9.869564056396484,12.46533203125,22.009490966796875,0.16083969175815582,383.70001220703125,6.168000221252441,3.5339999198913574,1975.4000244140625,509.765625,1.990625023841858,1.0349395275115967,2674.0,509.765625,1.990625023841858,1.0349395275115967,2674.0,509.765625,1.990625023841858,1.0349395275115967,2674.0
2026-09-10T08:12:00.000+08:00,439.2950134277344,9.83120346069336,12.41015625,22.17607879638672,0.15949618816375732,383.79998779296875,6.170000076293945,3.5409998893737793,1975.4000244140625,509.765625,1.990625023841858,1.0369583368301392,2674.0,509.765625,1.990625023841858,1.0369583368301392,2674.0,509.765625,1.990625023841858,1.0369583368301392,2674.0
2026-09-10T08:13:00.000+08:00,446.4687194824219,9.824127197265625,12.4931640625,22.28865623474121,0.15833166241645813,383.5,6.160999774932861,3.5369999408721924,1975.5,509.765625,1.990625023841858,1.0303637981414795,2674.0,509.765625,1.990625023841858,1.0303637981414795,2674.0,509.765625,1.990625023841858,1.0303637981414795,2674.0
2026-09-10T08:14:00.000+08:00,462.3434753417969,9.855022430419922,12.395751953125,23.5505313873291,0.15014523267745972,383.70001220703125,6.158999919891357,3.5350000858306885,1975.5999755859375,509.765625,1.990625023841858,1.0365545749664307,2674.0,509.765625,1.990625023841858,1.0365545749664307,2674.0,509.765625,1.990625023841858,1.0365545749664307,2674.0
2026-09-10T08:15:00.000+08:00,446.2073059082031,9.814254760742188,12.388916015625,23.259506225585938,0.15215285122394562,383.5,6.173999786376953,3.5420000553131104,1975.5999755859375,509.765625,2.0289063453674316,1.0377658605575562,2674.0,509.765625,2.0289063453674316,1.0377658605575562,2674.0,509.765625,2.0289063453674316,1.0377658605575562,2674.0
2026-09-10T08:16:00.000+08:00,452.03955078125,9.774761199951172,12.361328125,22.958070755004883,0.15415059030056,383.70001220703125,6.156000137329102,3.5369999408721924,1975.699951171875,509.765625,1.990625023841858,1.0357470512390137,2674.0,509.765625,1.990625023841858,1.0357470512390137,2674.0,509.765625,1.990625023841858,1.0357470512390137,2674.0
2026-09-10T08:17:00.000+08:00,457.50347900390625,9.869293212890625,12.291748046875,23.949974060058594,0.14764107763767242,383.79998779296875,6.176000118255615,3.5439999103546143,1975.699951171875,509.765625,1.990625023841858,1.0374966859817505,2674.0,509.765625,1.990625023841858,1.0374966859817505,2674.0,509.765625,1.990625023841858,1.0374966859817505,2674.0
2026-09-10T08:18:00.000+08:00,460.1094665527344,9.832931518554688,12.347412109375,23.610443115234375,0.1500183641910553,383.3999938964844,6.138000011444092,3.5329999923706055,1975.800048828125,509.765625,2.0289063453674316,1.0373620986938477,2674.0,509.765625,2.0289063453674316,1.0373620986938477,2674.0,509.765625,2.0289063453674316,1.0373620986938477,2674.0
2026-09-10T08:19:00.000+08:00,452.53155517578125,9.81948471069336,12.4306640625,22.444181442260742,0.15763550996780396,383.1000061035156,6.132999897003174,3.5209999084472656,1975.9000244140625,509.765625,1.990625023841858,1.0341321229934692,2674.0,509.765625,1.990625023841858,1.0341321229934692,2674.0,509.765625,1.990625023841858,1.0341321229934692,2674.0
2026-09-10T08:20:00.000+08:00,451.0677795410156,9.861335754394531,12.3544921875,22.500669479370117,0.157284215092659,383.70001220703125,6.135000228881836,3.5390000343322754,1975.9000244140625,509.765625,2.0289063453674316,1.0377658605575562,2674.0,509.765625,2.0289063453674316,1.0377658605575562,2674.0,509.765625,2.0289063453674316,1.0377658605575562,2674.0
2026-09-10T08:21:00.000+08:00,451.3311767578125,9.827777862548828,12.40283203125,22.42369270324707,0.15719980001449585,383.70001220703125,6.144000053405762,3.5390000343322754,1976.0,509.765625,2.0289063453674316,1.0393807888031006,2674.0,509.765625,2.0289063453674316,1.0393807888031006,2674.0,509.765625,2.0289063453674316,1.0393807888031006,2674.0
2026-09-10T08:22:00.000+08:00,443.8594665527344,9.835205078125,12.3408203125,22.579275131225586,0.15669235587120056,383.8999938964844,6.158999919891357,3.5420000553131104,1976.0,509.765625,1.990625023841858,1.0431491136550903,2674.0,509.765625,1.990625023841858,1.0431491136550903,2674.0,509.765625,1.990625023841858,1.0431491136550903,2674.0
2026-09-10T08:23:00.000+08:00,439.71942138671875,9.860637664794922,12.3056640625,22.43576431274414,0.15769465267658234,384.1000061035156,6.1519999504089355,3.5480000972747803,1976.0999755859375,509.765625,1.990625023841858,1.039111614227295,2674.0,509.765625,1.990625023841858,1.039111614227295,2674.0,509.765625,1.990625023841858,1.039111614227295,2674.0
2026-09-10T08:24:00.000+08:00,450.7662353515625,9.824642181396484,12.3681640625,22.403470993041992,0.15769878029823303,383.79998779296875,6.190000057220459,3.5380001068115234,1976.0999755859375,509.765625,1.990625023841858,1.038169503211975,2674.0,509.765625,1.990625023841858,1.038169503211975,2674.0,509.765625,1.990625023841858,1.038169503211975,2674.0
2026-09-10T08:25:00.000+08:00,444.8446350097656,9.83087158203125,12.34765625,21.29658317565918,0.16655254364013672,383.3999938964844,6.1519999504089355,3.5350000858306885,1976.199951171875,509.765625,2.0289063453674316,1.0373620986938477,2674.0,509.765625,2.0289063453674316,1.0373620986938477,2674.0,509.765625,2.0289063453674316,1.0373620986938477,2674.0
2026-09-10T08:26:00.000+08:00,448.6672668457031,9.872119903564453,12.3056640625,22.20005989074707,0.15968425571918488,383.70001220703125,6.176000118255615,3.5510001182556152,1976.300048828125,509.765625,2.0289063453674316,1.0500128269195557,2674.0,509.765625,2.0289063453674316,1.0500128269195557,2674.0,509.765625,2.0289063453674316,1.0500128269195557,2674.0
2026-09-10T08:27:00.000+08:00,442.299560546875,9.840450286865234,12.361328125,22.24921226501465,0.15865729749202728,383.0,6.178999900817871,3.5269999504089355,1976.300048828125,509.765625,1.990625023841858,1.030767560005188,2674.0,509.765625,1.990625023841858,1.030767560005188,2674.0,509.765625,1.990625023841858,1.030767560005188,2674.0
2026-09-10T08:28:00.000+08:00,449.0121154785156,9.84122085571289,12.326416015625,22.25294303894043,0.15903514623641968,383.0,6.172999858856201,3.5280001163482666,1976.4000244140625,509.765625,1.990625023841858,1.0339975357055664,2674.0,509.765625,1.990625023841858,1.0339975357055664,2674.0,509.765625,1.990625023841858,1.0339975357055664,2674.0
2026-09-10T08:29:00.000+08:00,432.2138671875,9.84122085571289,12.354248046875,21.568584442138672,0.1639421433210373,383.29998779296875,6.1579999923706055,3.5320000648498535,1976.4000244140625,509.765625,1.990625023841858,1.0349395275115967,2674.0,509.765625,1.990625023841858,1.0349395275115967,2674.0,509.765625,1.990625023841858,1.0349395275115967,2674.0
2026-09-10T08:30:00.000+08:00,437.7064208984375,9.844783782958984,12.347412109375,22.13179588317871,0.1595442146062851,383.3999938964844,6.1570000648498535,3.5360000133514404,1976.5,509.765625,1.990625023841858,1.0345358848571777,2674.0,509.765625,1.990625023841858,1.0345358848571777,2674.0,509.765625,1.990625023841858,1.0345358848571777,2674.0
2026-09-10T08:31:00.000+08:00,444.8852844238281,9.842727661132812,12.361083984375,22.260757446289062,0.15893439948558807,383.70001220703125,6.164000034332275,3.5429999828338623,1976.5999755859375,509.765625,1.990625023841858,1.0361508131027222,2674.0,509.765625,1.990625023841858,1.0361508131027222,2674.0,509.765625,1.990625023841858,1.0361508131027222,2674.0
2026-09-10T08:32:00.000+08:00,440.5160217285156,9.931732177734375,12.3408203125,21.744821548461914,0.16275139153003693,383.29998779296875,6.183000087738037,3.5460000038146973,1976.5999755859375,509.765625,2.0289063453674316,1.038169503211975,2674.0,509.765625,2.0289063453674316,1.038169503211975,2674.0,509.765625,2.0289063453674316,1.038169503211975,2674.0
2026-09-10T08:33:00.000+08:00,425.8865051269531,9.857383728027344,12.354248046875,21.00414276123047,0.16891905665397644,383.3999938964844,6.1529998779296875,3.5350000858306885,1976.699951171875,509.765625,2.0289063453674316,1.039919137954712,2674.0,509.765625,2.0289063453674316,1.039919137954712,2674.0,509.765625,2.0289063453674316,1.039919137954712,2674.0
2026-09-10T08:34:00.000+08:00,438.4335021972656,9.785087585449219,12.347412109375,21.162776947021484,0.16765286028385162,383.70001220703125,6.195000171661377,3.5480000972747803,1976.699951171875,509.765625,1.990625023841858,1.0365545749664307,2674.0,509.765625,1.990625023841858,1.0365545749664307,2674.0,509.765625,1.990625023841858,1.0365545749664307,2674.0
2026-09-10T08:35:00.000+08:00,448.9105224609375,9.780757904052734,12.3125,22.173906326293945,0.15982750058174133,383.0,6.177000045776367,3.5320000648498535,1976.800048828125,509.765625,2.0289063453674316,1.0393807888031006,2674.0,509.765625,2.0289063453674316,1.0393807888031006,2674.0,509.765625,2.0289063453674316,1.0393807888031006,2674.0
2026-09-10T08:36:00.000+08:00,437.1697692871094,9.809928894042969,12.361328125,22.001853942871094,0.16071373224258423,382.79998779296875,6.197000026702881,3.5269999504089355,1976.9000244140625,509.765625,1.990625023841858,1.0323824882507324,2674.0,509.765625,1.990625023841858,1.0323824882507324,2674.0,509.765625,1.990625023841858,1.0323824882507324,2674.0
2026-09-10T08:37:00.000+08:00,433.34173583984375,9.79770278930664,12.347412109375,22.166311264038086,0.15911532938480377,382.8999938964844,6.197999954223633,3.5380001068115234,1976.9000244140625,509.765625,1.990625023841858,1.0323824882507324,2674.0,509.765625,1.990625023841858,1.0323824882507324,2674.0,509.765625,1.990625023841858,1.0323824882507324,2674.0
2026-09-10T08:38:00.000+08:00,433.7299499511719,9.737102508544922,12.347412109375,21.912874221801758,0.16154886782169342,382.6000061035156,6.168000221252441,3.5250000953674316,1977.0,509.765625,2.0289063453674316,1.0350741147994995,2674.0,509.765625,2.0289063453674316,1.0350741147994995,2674.0,509.765625,2.0289063453674316,1.0350741147994995,2674.0
2026-09-10T08:39:00.000+08:00,434.2466735839844,9.571136474609375,12.298828125,22.166160583496094,0.15902619063854218,382.79998779296875,6.190000057220459,3.5290000438690186,1977.0,509.765625,1.990625023841858,1.0339975357055664,2674.0,509.765625,1.990625023841858,1.0339975357055664,2674.0,509.765625,1.990625023841858,1.0339975357055664,2674.0
2026-09-10T08:40:00.000+08:00,431.1998596191406,9.501728057861328,12.229248046875,22.146209716796875,0.15889853239059448,382.6000061035156,6.182000160217285,3.5299999713897705,1977.0999755859375,509.765625,1.990625023841858,1.0274029970169067,2674.0,509.765625,1.990625023841858,1.0274029970169067,2674.0,509.765625,1.990625023841858,1.0274029970169067,2674.0
2026-09-10T08:41:00.000+08:00,417.61181640625,9.552764892578125,12.16015625,22.394245147705078,0.15718324482440948,382.79998779296875,6.201000213623047,3.5309998989105225,1977.199951171875,509.765625,1.990625023841858,1.0303637981414795,2674.0,509.765625,1.990625023841858,1.0303637981414795,2674.0,509.765625,1.990625023841858,1.0303637981414795,2674.0
2026-09-10T08:42:00.000+08:00,422.6307067871094,9.624671936035156,12.14599609375,22.77552032470703,0.15507878363132477,382.70001220703125,6.208000183105469,3.5280001163482666,1977.199951171875,509.765625,2.0289063453674316,1.0360162258148193,2674.0,509.765625,2.0289063453674316,1.0360162258148193,2674.0,509.765625,2.0289063453674316,1.0360162258148193,2674.0
2026-09-10T08:43:00.000+08:00,425.5007019042969,9.533191680908203,12.132080078125,22.191722869873047,0.15933868288993835,383.20001220703125,6.199999809265137,3.5399999618530273,1977.300048828125,509.765625,2.0289063453674316,1.0368237495422363,2674.0,509.765625,2.0289063453674316,1.0368237495422363,2674.0,509.765625,2.0289063453674316,1.0368237495422363,2674.0
2026-09-10T08:44:00.000+08:00,439.0935974121094,9.544868469238281,12.138916015625,22.427797317504883,0.15748314559459686,383.20001220703125,6.204999923706055,3.5409998893737793,1977.300048828125,509.765625,1.990625023841858,1.033593773841858,2674.0,509.765625,1.990625023841858,1.033593773841858,2674.0,509.765625,1.990625023841858,1.033593773841858,2674.0
2026-09-10T08:45:00.000+08:00,426.4495849609375,9.439445495605469,12.1806640625,22.258285522460938,0.1587723344564438,382.8999938964844,6.146999835968018,3.5290000438690186,1977.4000244140625,509.765625,1.990625023841858,1.0294216871261597,2675.0,509.765625,1.990625023841858,1.0294216871261597,2675.0,509.765625,1.990625023841858,1.0294216871261597,2675.0
2026-09-10T08:46:00.000+08:00,432.683349609375,9.53564453125,12.138916015625,22.262943267822266,0.15878404676914215,383.6000061035156,6.228000164031982,3.552999973297119,1977.4000244140625,509.765625,1.990625023841858,1.0365545749664307,2675.0,509.765625,1.990625023841858,1.0365545749664307,2675.0,509.765625,1.990625023841858,1.0365545749664307,2675.0
2026-09-10T08:47:00.000+08:00,420.580810546875,9.532012939453125,12.194580078125,22.383115768432617,0.15784218907356262,382.8999938964844,6.184999942779541,3.5299999713897705,1977.5,509.765625,1.990625023841858,1.0331900119781494,2675.0,509.765625,1.990625023841858,1.0331900119781494,2675.0,509.765625,1.990625023841858,1.0331900119781494,2675.0
2026-09-10T08:48:00.000+08:00,426.3542785644531,9.561405181884766,12.159912109375,22.024776458740234,0.16059187054634094,385.20001220703125,6.23199987411499,3.5769999027252197,1977.5999755859375,509.765625,2.0289063453674316,1.0440912246704102,2675.0,509.765625,2.0289063453674316,1.0440912246704102,2675.0,509.765625,2.0289063453674316,1.0440912246704102,2675.0
2026-09-10T08:49:00.000+08:00,428.95733642578125,9.553508758544922,12.125,22.637161254882812,0.1559382826089859,384.6000061035156,6.235000133514404,3.565999984741211,1977.5999755859375,513.28125,2.0289063453674316,1.042610764503479,2675.0,513.28125,2.0289063453674316,1.042610764503479,2675.0,513.28125,2.0289063453674316,1.042610764503479,2675.0
2026-09-10T08:50:00.000+08:00,435.509521484375,9.522235870361328,12.22265625,22.937381744384766,0.1542460322380066,384.8999938964844,6.22599983215332,3.566999912261963,1977.699951171875,513.28125,2.0289063453674316,1.0466482639312744,2675.0,513.28125,2.0289063453674316,1.0466482639312744,2675.0,513.28125,2.0289063453674316,1.0466482639312744,2675.0
2026-09-10T08:51:00.000+08:00,411.0043029785156,9.539169311523438,12.222412109375,21.1994686126709,0.1680702418088913,384.79998779296875,6.236000061035156,3.5759999752044678,1977.699951171875,513.28125,2.0289063453674316,1.044225811958313,2675.0,513.28125,2.0289063453674316,1.044225811958313,2675.0,513.28125,2.0289063453674316,1.044225811958313,2675.0
2026-09-10T08:52:00.000+08:00,424.6322937011719,9.532012939453125,12.201416015625,23.05762481689453,0.15443915128707886,384.8999938964844,6.223999977111816,3.565000057220459,1977.800048828125,513.28125,2.0289063453674316,1.045436978340149,2675.0,513.28125,2.0289063453674316,1.045436978340149,2675.0,513.28125,2.0289063453674316,1.045436978340149,2675.0
2026-09-10T08:53:00.000+08:00,426.41070556640625,9.545921325683594,12.2431640625,22.6942195892334,0.15722064673900604,384.8999938964844,6.251999855041504,3.568000078201294,1977.9000244140625,513.28125,2.0289063453674316,1.0471866130828857,2675.0,513.28125,2.0289063453674316,1.0471866130828857,2675.0,513.28125,2.0289063453674316,1.0471866130828857,2675.0
2026-09-10T08:54:00.000+08:00,419.2540283203125,9.58115005493164,12.194580078125,22.389997482299805,0.15908890962600708,384.5,6.23799991607666,3.569999933242798,1977.9000244140625,513.28125,2.0289063453674316,1.0466482639312744,2675.0,513.28125,2.0289063453674316,1.0466482639312744,2675.0,513.28125,2.0289063453674316,1.0466482639312744,2675.0
2026-09-10T08:55:00.000+08:00,425.4425048828125,9.581546783447266,12.2294921875,22.716720581054688,0.15688884258270264,385.20001220703125,6.263000011444092,3.575000047683716,1978.0,513.28125,2.0289063453674316,1.0475903749465942,2675.0,513.28125,2.0289063453674316,1.0475903749465942,2675.0,513.28125,2.0289063453674316,1.0475903749465942,2675.0
2026-09-10T08:56:00.000+08:00,421.7809753417969,9.685970306396484,12.2431640625,22.264799118041992,0.16065718233585358,385.1000061035156,6.2729997634887695,3.5829999446868896,1978.0,513.28125,2.0289063453674316,1.0451678037643433,2675.0,513.28125,2.0289063453674316,1.0451678037643433,2675.0,513.28125,2.0289063453674316,1.0451678037643433,2675.0
2026-09-10T08:57:00.000+08:00,407.060791015625,9.61935806274414,12.222412109375,21.224363327026367,0.1684856116771698,385.29998779296875,6.2729997634887695,3.5840001106262207,1978.0999755859375,513.28125,2.0289063453674316,1.0492053031921387,2675.0,513.28125,2.0289063453674316,1.0492053031921387,2675.0,513.28125,2.0289063453674316,1.0492053031921387,2675.0
2026-09-10T08:58:00.000+08:00,425.56365966796875,9.510383605957031,12.22265625,22.002422332763672,0.1624821126461029,385.1000061035156,6.285999774932861,3.5739998817443848,1978.199951171875,513.28125,2.0289063453674316,1.04974365234375,2675.0,513.28125,2.0289063453674316,1.04974365234375,2675.0,513.28125,2.0289063453674316,1.04974365234375,2675.0
2026-09-10T08:59:00.000+08:00,419.8404846191406,9.542797088623047,12.159912109375,22.601776123046875,0.15866008400917053,384.70001220703125,6.271999835968018,3.5739998817443848,1978.199951171875,513.28125,2.0289063453674316,1.044225811958313,2675.0,513.28125,2.0289063453674316,1.044225811958313,2675.0,513.28125,2.0289063453674316,1.044225811958313,2675.0
2026-09-10T09:00:00.000+08:00,416.7174987792969,9.600154876708984,12.2294921875,22.846899032592773,0.15691407024860382,384.8999938964844,6.270999908447266,3.5820000171661377,1978.300048828125,513.28125,2.0289063453674316,1.0471866130828857,2675.0,513.28125,2.0289063453674316,1.0471866130828857,2675.0,513.28125,2.0289063453674316,1.0471866130828857,2675.0
2026-09-10T09:01:00.000+08:00,433.56964111328125,9.68536376953125,12.291748046875,22.757732391357422,0.15713340044021606,384.1000061035156,6.163000106811523,3.555000066757202,1978.300048828125,509.765625,2.0289063453674316,1.0424761772155762,2675.0,509.765625,2.0289063453674316,1.0424761772155762,2675.0,509.765625,2.0289063453674316,1.0424761772155762,2675.0
2026-09-10T09:02:00.000+08:00,421.04632568359375,9.638668060302734,12.333251953125,21.823266983032227,0.16395345330238342,384.0,6.177999973297119,3.558000087738037,1978.4000244140625,509.765625,1.990625023841858,1.0387078523635864,2675.0,509.765625,1.990625023841858,1.0387078523635864,2675.0,509.765625,1.990625023841858,1.0387078523635864,2675.0
2026-09-10T09:03:00.000+08:00,421.53399658203125,9.626667022705078,12.291748046875,22.279006958007812,0.16042007505893707,384.5,6.159999847412109,3.556999921798706,1978.5,509.765625,2.0289063453674316,1.0416686534881592,2675.0,509.765625,2.0289063453674316,1.0416686534881592,2675.0,509.765625,2.0289063453674316,1.0416686534881592,2675.0
2026-09-10T09:04:00.000+08:00,419.595947265625,9.647552490234375,12.257080078125,22.664262771606445,0.15694311261177063,384.5,6.179999828338623,3.562000036239624,1978.5,509.765625,2.0289063453674316,1.0396499633789062,2675.0,509.765625,2.0289063453674316,1.0396499633789062,2675.0,509.765625,2.0289063453674316,1.0396499633789062,2675.0
2026-09-10T09:05:00.000+08:00,438.62591552734375,9.63326644897461,12.3056640625,23.27066421508789,0.15289637446403503,384.20001220703125,6.184999942779541,3.565000057220459,1978.5999755859375,509.765625,2.0289063453674316,1.045302391052246,2675.0,509.765625,2.0289063453674316,1.045302391052246,2675.0,509.765625,2.0289063453674316,1.045302391052246,2675.0
2026-09-10T09:06:00.000+08:00,423.421630859375,9.660537719726562,12.298583984375,22.07809829711914,0.16169869899749756,384.1000061035156,6.172999858856201,3.556999921798706,1978.5999755859375,509.765625,2.0289063453674316,1.0436874628067017,2675.0,509.765625,2.0289063453674316,1.0436874628067017,2675.0,509.765625,2.0289063453674316,1.0436874628067017,2675.0
2026-09-10T09:07:00.000+08:00,414.0652770996094,9.631362915039062,12.263916015625,21.539812088012695,0.16527535021305084,384.3999938964844,6.196000099182129,3.565999984741211,1978.699951171875,509.765625,2.0289063453674316,1.0416686534881592,2675.0,509.765625,2.0289063453674316,1.0416686534881592,2675.0,509.765625,2.0289063453674316,1.0416686534881592,2675.0
2026-09-10T09:08:00.000+08:00,427.407958984375,9.653255462646484,12.20849609375,21.86155891418457,0.1624312400817871,384.6000061035156,6.196000099182129,3.562999963760376,1978.800048828125,509.765625,2.0289063453674316,1.0420724153518677,2675.0,509.765625,2.0289063453674316,1.0420724153518677,2675.0,509.765625,2.0289063453674316,1.0420724153518677,2675.0
2026-09-10T09:09:00.000+08:00,414.5842590332031,9.65909194946289,12.1875,20.956233978271484,0.16992555558681488,384.5,6.190000057220459,3.559999942779541,1978.800048828125,509.765625,2.0289063453674316,1.0420724153518677,2675.0,509.765625,2.0289063453674316,1.0420724153518677,2675.0,509.765625,2.0289063453674316,1.0420724153518677,2675.0
2026-09-10T09:10:00.000+08:00,435.3728332519531,9.680717468261719,12.222412109375,22.16350746154785,0.16066952049732208,384.79998779296875,6.193999767303467,3.569000005722046,1978.9000244140625,513.28125,2.0289063453674316,1.042610764503479,2675.0,513.28125,2.0289063453674316,1.042610764503479,2675.0,513.28125,2.0289063453674316,1.042610764503479,2675.0
2026-09-10T09:11:00.000+08:00,430.5206604003906,9.637203216552734,12.270751953125,22.029926300048828,0.16187071800231934,385.5,6.206999778747559,3.5789999961853027,1978.9000244140625,513.28125,2.0289063453674316,1.0492053031921387,2675.0,513.28125,2.0289063453674316,1.0492053031921387,2675.0,513.28125,2.0289063453674316,1.0492053031921387,2675.0
2026-09-10T09:12:00.000+08:00,433.25958251953125,9.65909194946289,12.236083984375,22.03756332397461,0.1619507521390915,385.3999938964844,6.190999984741211,3.5769999027252197,1979.0,513.28125,2.0289063453674316,1.0479941368103027,2675.0,513.28125,2.0289063453674316,1.0479941368103027,2675.0,513.28125,2.0289063453674316,1.0479941368103027,2675.0
2026-09-10T09:13:00.000+08:00,415.0791931152344,9.622589111328125,12.159912109375,21.55014419555664,0.16598495841026306,385.6000061035156,6.198999881744385,3.5899999141693115,1979.0,513.28125,2.0289063453674316,1.047724962234497,2675.0,513.28125,2.0289063453674316,1.047724962234497,2675.0,513.28125,2.0289063453674316,1.047724962234497,2675.0
2026-09-10T09:14:00.000+08:00,423.7779235839844,9.56573486328125,12.2431640625,21.1727237701416,0.16917993128299713,385.6000061035156,6.192999839782715,3.5810000896453857,1979.0999755859375,513.28125,2.0289063453674316,1.05256986618042,2675.0,513.28125,2.0289063453674316,1.05256986618042,2675.0,513.28125,2.0289063453674316,1.05256986618042,2675.0
2026-09-10T09:15:00.000+08:00,429.9978332519531,9.600353240966797,12.229248046875,22.297353744506836,0.16087110340595245,385.3999938964844,6.193999767303467,3.578000068664551,1979.199951171875,513.28125,2.0289063453674316,1.0455715656280518,2675.0,513.28125,2.0289063453674316,1.0455715656280518,2675.0,513.28125,2.0289063453674316,1.0455715656280518,2675.0
2026-09-10T09:16:00.000+08:00,424.73046875,9.645118713378906,12.2919921875,22.45486068725586,0.1599653661251068,385.6000061035156,6.206999778747559,3.5869998931884766,1979.199951171875,513.28125,2.0289063453674316,1.047724962234497,2675.0,513.28125,2.0289063453674316,1.047724962234497,2675.0,513.28125,2.0289063453674316,1.047724962234497,2675.0
2026-09-10T09:17:00.000+08:00,415.0714416503906,9.58108901977539,12.298828125,21.550779342651367,0.16574807465076447,385.70001220703125,6.205999851226807,3.5880000591278076,1979.300048828125,513.28125,2.0289063453674316,1.053377389907837,2675.0,513.28125,2.0289063453674316,1.053377389907837,2675.0,513.28125,2.0289063453674316,1.053377389907837,2675.0
2026-09-10T09:18:00.000+08:00,417.1778564453125,9.567947387695312,12.263916015625,22.3018856048584,0.160659059882164,385.8999938964844,6.193999767303467,3.5920000076293945,1979.4000244140625,513.28125,2.0289063453674316,1.0539157390594482,2675.0,513.28125,2.0289063453674316,1.0539157390594482,2675.0,513.28125,2.0289063453674316,1.0539157390594482,2675.0
2026-09-10T09:19:00.000+08:00,420.9006652832031,9.630821228027344,12.25,22.705204010009766,0.1578933149576187,385.5,6.215000152587891,3.5929999351501465,1979.4000244140625,513.28125,2.0289063453674316,1.047724962234497,2675.0,513.28125,2.0289063453674316,1.047724962234497,2675.0,513.28125,2.0289063453674316,1.047724962234497,2675.0
2026-09-10T09:20:00.000+08:00,423.4586181640625,9.625740051269531,12.25,22.045061111450195,0.1627121865749359,385.1000061035156,6.196000099182129,3.5850000381469727,1979.5,513.28125,2.0289063453674316,1.0459753274917603,2675.0,513.28125,2.0289063453674316,1.0459753274917603,2675.0,513.28125,2.0289063453674316,1.0459753274917603,2675.0
2026-09-10T09:21:00.000+08:00,423.1544494628906,9.734500885009766,12.25,22.314592361450195,0.16219744086265564,385.5,6.196000099182129,3.5769999027252197,1979.5,513.28125,2.0289063453674316,1.050551176071167,2675.0,513.28125,2.0289063453674316,1.050551176071167,2675.0,513.28125,2.0289063453674316,1.050551176071167,2675.0
2026-09-10T09:22:00.000+08:00,435.9088439941406,9.77362060546875,12.3544921875,21.75531578063965,0.16478730738162994,385.70001220703125,6.211999893188477,3.5789999961853027,1979.5999755859375,513.28125,2.0289063453674316,1.0467828512191772,2675.0,513.28125,2.0289063453674316,1.0467828512191772,2675.0,513.28125,2.0289063453674316,1.0467828512191772,2675.0
2026-09-10T09:23:00.000+08:00,424.0267028808594,9.744293212890625,12.284912109375,21.130144119262695,0.1694735288619995,385.20001220703125,6.192999839782715,3.578000068664551,1979.5999755859375,513.28125,2.0289063453674316,1.0512241125106812,2675.0,513.28125,2.0289063453674316,1.0512241125106812,2675.0,513.28125,2.0289063453674316,1.0512241125106812,2675.0
2026-09-10T09:24:00.000+08:00,421.1499328613281,9.79343032836914,12.284912109375,21.554662704467773,0.16595017910003662,385.20001220703125,6.177999973297119,3.569000005722046,1979.699951171875,513.28125,2.0289063453674316,1.0488015413284302,2675.0,513.28125,2.0289063453674316,1.0488015413284302,2675.0,513.28125,2.0289063453674316,1.0488015413284302,2675.0
2026-09-10T09:25:00.000+08:00,429.8214416503906,9.760475158691406,12.319580078125,22.641477584838867,0.15785188972949982,385.29998779296875,6.216000080108643,3.5789999961853027,1979.800048828125,513.28125,2.0289063453674316,1.0475903749465942,2675.0,513.28125,2.0289063453674316,1.0475903749465942,2675.0,513.28125,2.0289063453674316,1.0475903749465942,2675.0
2026-09-10T09:26:00.000+08:00,435.406494140625,9.857383728027344,12.319580078125,21.899799346923828,0.1631978452205658,385.29998779296875,6.192999839782715,3.5820000171661377,1979.800048828125,513.28125,2.0289063453674316,1.0463790893554688,2675.0,513.28125,2.0289063453674316,1.0463790893554688,2675.0,513.28125,2.0289063453674316,1.0463790893554688,2675.0
2026-09-10T09:27:00.000+08:00,421.606201171875,9.82967758178711,12.388916015625,21.531553268432617,0.16659273207187653,385.3999938964844,6.196000099182129,3.5799999237060547,1979.9000244140625,513.28125,2.0289063453674316,1.0443603992462158,2675.0,513.28125,2.0289063453674316,1.0443603992462158,2675.0,513.28125,2.0289063453674316,1.0443603992462158,2675.0
2026-09-10T09:28:00.000+08:00,424.17071533203125,9.82419204711914,12.41015625,21.732446670532227,0.16459260880947113,385.0,6.214000225067139,3.5769999027252197,1979.9000244140625,513.28125,2.0289063453674316,1.0598373413085938,2675.0,513.28125,2.0289063453674316,1.0598373413085938,2675.0,513.28125,2.0289063453674316,1.0598373413085938,2675.0
2026-09-10T09:29:00.000+08:00,429.77886962890625,9.850948333740234,12.40283203125,21.650541305541992,0.1654462069272995,385.6000061035156,6.210999965667725,3.5859999656677246,1980.0,513.28125,2.0289063453674316,1.051762342453003,2675.0,513.28125,2.0289063453674316,1.051762342453003,2675.0,513.28125,2.0289063453674316,1.051762342453003,2675.0
2026-09-10T09:30:00.000+08:00,434.508056640625,9.836044311523438,12.423828125,22.415138244628906,0.15944580733776093,385.0,6.21999979019165,3.572999954223633,1980.0999755859375,513.28125,2.0289063453674316,1.0463790893554688,2675.0,513.28125,2.0289063453674316,1.0463790893554688,2675.0,513.28125,2.0289063453674316,1.0463790893554688,2675.0
2026-09-10T09:31:00.000+08:00,428.7556457519531,9.785457611083984,12.3681640625,21.842060089111328,0.16417865455150604,384.8999938964844,6.184000015258789,3.569999933242798,1980.0999755859375,513.28125,2.0289063453674316,1.0492053031921387,2675.0,513.28125,2.0289063453674316,1.0492053031921387,2675.0,513.28125,2.0289063453674316,1.0492053031921387,2675.0
2026-09-10T09:32:00.000+08:00,428.6808776855469,9.759716033935547,12.34033203125,21.06028938293457,0.1701781004667282,385.0,6.181000232696533,3.572999954223633,1980.199951171875,513.28125,2.0289063453674316,1.0504165887832642,2675.0,513.28125,2.0289063453674316,1.0504165887832642,2675.0,513.28125,2.0289063453674316,1.0504165887832642,2675.0
2026-09-10T09:33:00.000+08:00,430.4387512207031,9.79693603515625,12.34033203125,21.164731979370117,0.16844059526920319,385.3999938964844,6.249000072479248,3.5899999141693115,1980.199951171875,513.28125,2.0289063453674316,1.04974365234375,2675.0,513.28125,2.0289063453674316,1.04974365234375,2675.0,513.28125,2.0289063453674316,1.04974365234375,2675.0
2026-09-10T09:34:00.000+08:00,434.5194091796875,9.79055404663086,12.33349609375,21.930131912231445,0.1631089150905609,385.5,6.255000114440918,3.5869998931884766,1980.300048828125,513.28125,2.0289063453674316,1.0501474142074585,2675.0,513.28125,2.0289063453674316,1.0501474142074585,2675.0,513.28125,2.0289063453674316,1.0501474142074585,2675.0
2026-09-10T09:35:00.000+08:00,438.744384765625,9.778266906738281,12.423828125,22.1369571685791,0.16190120577812195,384.79998779296875,6.2179999351501465,3.578000068664551,1980.4000244140625,513.28125,2.0289063453674316,1.045436978340149,2675.0,513.28125,2.0289063453674316,1.045436978340149,2675.0,513.28125,2.0289063453674316,1.045436978340149,2675.0
2026-09-10T09:36:00.000+08:00,435.23638916015625,9.79336929321289,12.34765625,22.25594711303711,0.16094574332237244,384.5,6.193999767303467,3.572999954223633,1980.4000244140625,513.28125,2.0289063453674316,1.0438220500946045,2675.0,513.28125,2.0289063453674316,1.0438220500946045,2675.0,513.28125,2.0289063453674316,1.0438220500946045,2675.0
2026-09-10T09:37:00.000+08:00,428.8555603027344,9.794883728027344,12.3544921875,22.223093032836914,0.16073369979858398,384.6000061035156,6.178999900817871,3.569000005722046,1980.5,513.28125,2.0289063453674316,1.045436978340149,2675.0,513.28125,2.0289063453674316,1.045436978340149,2675.0,513.28125,2.0289063453674316,1.045436978340149,2675.0
2026-09-10T09:38:00.000+08:00,437.358642578125,9.824073791503906,12.4306640625,23.08002281188965,0.16331784427165985,384.79998779296875,6.216000080108643,3.5810000896453857,1980.5,513.28125,2.0289063453674316,1.044225811958313,2675.0,513.28125,2.0289063453674316,1.044225811958313,2675.0,513.28125,2.0289063453674316,1.044225811958313,2675.0
2026-09-10T09:39:00.000+08:00,439.9554443359375,9.842292785644531,12.388916015625,22.50388526916504,0.15877258777618408,384.6000061035156,6.184000015258789,3.569000005722046,1980.5999755859375,513.28125,2.0289063453674316,1.044225811958313,2675.0,513.28125,2.0289063453674316,1.044225811958313,2675.0,513.28125,2.0289063453674316,1.044225811958313,2675.0
2026-09-10T09:40:00.000+08:00,425.10614013671875,9.824951171875,12.4033203125,21.908077239990234,0.1630905270576477,384.0,6.202000141143799,3.556999921798706,1980.699951171875,509.765625,1.990625023841858,1.0396499633789062,2675.0,509.765625,1.990625023841858,1.0396499633789062,2675.0,509.765625,1.990625023841858,1.0396499633789062,2675.0
2026-09-10T09:41:00.000+08:00,433.0322265625,9.838726043701172,12.382080078125,22.38187599182129,0.15945938229560852,384.3999938964844,6.177000045776367,3.561000108718872,1980.699951171875,513.28125,2.0289063453674316,1.0438220500946045,2675.0,513.28125,2.0289063453674316,1.0438220500946045,2675.0,513.28125,2.0289063453674316,1.0438220500946045,2675.0
2026-09-10T09:42:00.000+08:00,433.8302001953125,9.823310852050781,12.4306640625,21.72128677368164,0.1642168015241623,384.5,6.205999851226807,3.575000047683716,1980.800048828125,513.28125,2.0289063453674316,1.0450332164764404,2676.0,513.28125,2.0289063453674316,1.0450332164764404,2676.0,513.28125,2.0289063453674316,1.0450332164764404,2676.0
2026-09-10T09:43:00.000+08:00,434.57763671875,9.830814361572266,12.382080078125,22.176803588867188,0.16093391180038452,384.3999938964844,6.184000015258789,3.562999963760376,1980.800048828125,513.28125,2.0289063453674316,1.046244502067566,2676.0,513.28125,2.0289063453674316,1.046244502067566,2676.0,513.28125,2.0289063453674316,1.046244502067566,2676.0
2026-09-10T09:44:00.000+08:00,437.46368408203125,9.872032165527344,12.319580078125,21.407705307006836,0.1661551296710968,384.3999938964844,6.216000080108643,3.566999912261963,1980.9000244140625,509.765625,2.0289063453674316,1.0458407402038574,2676.0,509.765625,2.0289063453674316,1.0458407402038574,2676.0,509.765625,2.0289063453674316,1.0458407402038574,2676.0
2026-09-10T09:45:00.000+08:00,435.7572326660156,9.872428894042969,12.3544921875,22.075027465820312,0.16158530116081238,384.3999938964844,6.198999881744385,3.568000078201294,1981.0,513.28125,1.990625023841858,1.0400537252426147,2676.0,513.28125,1.990625023841858,1.0400537252426147,2676.0,513.28125,1.990625023841858,1.0400537252426147,2676.0
2026-09-10T09:46:00.000+08:00,437.7027282714844,9.78055191040039,12.375,22.625396728515625,0.15765468776226044,384.6000061035156,6.204999923706055,3.562999963760376,1981.0,513.28125,2.0289063453674316,1.0408612489700317,2676.0,513.28125,2.0289063453674316,1.0408612489700317,2676.0,513.28125,2.0289063453674316,1.0408612489700317,2676.0
2026-09-10T09:47:00.000+08:00,445.2261657714844,9.75418472290039,12.41015625,23.119632720947266,0.15441420674324036,384.5,6.2129998207092285,3.569000005722046,1981.0999755859375,509.765625,2.0289063453674316,1.0432837009429932,2676.0,509.765625,2.0289063453674316,1.0432837009429932,2676.0,509.765625,2.0289063453674316,1.0432837009429932,2676.0
2026-09-10T09:48:00.000+08:00,440.88555908203125,9.771564483642578,12.3125,22.544652938842773,0.15830804407596588,384.5,6.195000171661377,3.561000108718872,1981.0999755859375,509.765625,2.0289063453674316,1.0428799390792847,2676.0,509.765625,2.0289063453674316,1.0428799390792847,2676.0,509.765625,2.0289063453674316,1.0428799390792847,2676.0
2026-09-10T09:49:00.000+08:00,448.2294006347656,9.852680206298828,12.34765625,23.34465789794922,0.15279726684093475,384.70001220703125,6.211999893188477,3.572000026702881,1981.199951171875,513.28125,2.0289063453674316,1.043418288230896,2676.0,513.28125,2.0289063453674316,1.043418288230896,2676.0,513.28125,2.0289063453674316,1.043418288230896,2676.0
2026-09-10T09:50:00.000+08:00,455.15167236328125,9.851913452148438,12.3125,23.33319664001465,0.15274375677108765,384.70001220703125,6.203000068664551,3.571000099182129,1981.300048828125,513.28125,2.0289063453674316,1.0475903749465942,2676.0,513.28125,2.0289063453674316,1.0475903749465942,2676.0,513.28125,2.0289063453674316,1.0475903749465942,2676.0
2026-09-10T09:51:00.000+08:00,446.6456298828125,9.821449279785156,12.3681640625,22.011526107788086,0.1624603420495987,384.8999938964844,6.214000225067139,3.5769999027252197,1981.300048828125,513.28125,2.0289063453674316,1.0553960800170898,2676.0,513.28125,2.0289063453674316,1.0553960800170898,2676.0,513.28125,2.0289063453674316,1.0553960800170898,2676.0
2026-09-10T09:52:00.000+08:00,457.7044982910156,9.828227996826172,12.347412109375,22.559921264648438,0.1585111916065216,384.8999938964844,6.218999862670898,3.5829999446868896,1981.4000244140625,513.28125,2.0289063453674316,1.0463790893554688,2676.0,513.28125,2.0289063453674316,1.0463790893554688,2676.0,513.28125,2.0289063453674316,1.0463790893554688,2676.0
2026-09-10T09:53:00.000+08:00,457.0423889160156,9.874919891357422,12.298583984375,22.843534469604492,0.1571560651063919,385.0,6.21999979019165,3.5840001106262207,1981.4000244140625,513.28125,2.0289063453674316,1.0488015413284302,2676.0,513.28125,2.0289063453674316,1.0488015413284302,2676.0,513.28125,2.0289063453674316,1.0488015413284302,2676.0
2026-09-10T09:54:00.000+08:00,450.7969055175781,9.857990264892578,12.284912109375,22.856029510498047,0.15676389634609222,384.8999938964844,6.171000003814697,3.565999984741211,1981.5,513.28125,2.0289063453674316,1.0471866130828857,2676.0,513.28125,2.0289063453674316,1.0471866130828857,2676.0,513.28125,2.0289063453674316,1.0471866130828857,2676.0
2026-09-10T09:55:00.000+08:00,457.5107727050781,9.820701599121094,12.326416015625,21.954145431518555,0.16315825283527374,384.79998779296875,6.2270002365112305,3.5789999961853027,1981.5999755859375,513.28125,2.0289063453674316,1.0508203506469727,2676.0,513.28125,2.0289063453674316,1.0508203506469727,2676.0,513.28125,2.0289063453674316,1.0508203506469727,2676.0
2026-09-10T09:56:00.000+08:00,449.7617492675781,9.756675720214844,12.361328125,21.360925674438477,0.1674552857875824,384.70001220703125,6.214000225067139,3.5759999752044678,1981.5999755859375,513.28125,2.0289063453674316,1.0439566373825073,2676.0,513.28125,2.0289063453674316,1.0439566373825073,2676.0,513.28125,2.0289063453674316,1.0439566373825073,2676.0
2026-09-10T09:57:00.000+08:00,456.0865478515625,9.812419891357422,12.2919921875,21.94210433959961,0.1628831923007965,385.20001220703125,6.201000213623047,3.578000068664551,1981.699951171875,513.28125,2.0289063453674316,1.0471866130828857,2676.0,513.28125,2.0289063453674316,1.0471866130828857,2676.0,513.28125,2.0289063453674316,1.0471866130828857,2676.0
2026-09-10T09:58:00.000+08:00,455.7567443847656,9.762908935546875,12.361328125,22.155977249145508,0.16171708703041077,385.0,6.203000068664551,3.5739998817443848,1981.699951171875,513.28125,2.0289063453674316,1.0500128269195557,2676.0,513.28125,2.0289063453674316,1.0500128269195557,2676.0,513.28125,2.0289063453674316,1.0500128269195557,2676.0
2026-09-10T09:59:00.000+08:00,449.9195861816406,9.792980194091797,12.333251953125,22.43886375427246,0.15941092371940613,384.6000061035156,6.195000171661377,3.571000099182129,1981.800048828125,513.28125,2.0289063453674316,1.0466482639312744,2676.0,513.28125,2.0289063453674316,1.0466482639312744,2676.0,513.28125,2.0289063453674316,1.0466482639312744,2676.0
2026-09-10T10:00:00.000+08:00,451.73828125,9.83536148071289,12.354248046875,22.603660583496094,0.15838143229484558,384.70001220703125,6.21999979019165,3.5769999027252197,1981.800048828125,513.28125,2.0289063453674316,1.0475903749465942,2676.0,513.28125,2.0289063453674316,1.0475903749465942,2676.0,513.28125,2.0289063453674316,1.0475903749465942,2676.0
2026-09-10T10:01:00.000+08:00,443.33831787109375,9.85867691040039,12.3681640625,21.6597843170166,0.1648215800523758,384.70001220703125,6.214000225067139,3.575000047683716,1981.9000244140625,513.28125,2.0289063453674316,1.0471866130828857,2676.0,513.28125,2.0289063453674316,1.0471866130828857,2676.0,513.28125,2.0289063453674316,1.0471866130828857,2676.0
2026-09-10T10:02:00.000+08:00,446.19171142578125,9.835205078125,12.3681640625,22.239639282226562,0.1610637605190277,384.5,6.193999767303467,3.569999933242798,1982.0,513.28125,2.0289063453674316,1.042610764503479,2676.0,513.28125,2.0289063453674316,1.042610764503479,2676.0,513.28125,2.0289063453674316,1.042610764503479,2676.0
2026-09-10T10:03:00.000+08:00,452.6426086425781,9.857444763183594,12.25,22.183149337768555,0.16124852001667023,384.79998779296875,6.203000068664551,3.5799999237060547,1982.0,513.28125,2.0289063453674316,1.0471866130828857,2676.0,513.28125,2.0289063453674316,1.0471866130828857,2676.0,513.28125,2.0289063453674316,1.0471866130828857,2676.0
2026-09-10T10:04:00.000+08:00,454.0092468261719,9.86020278930664,12.3681640625,22.7699031829834,0.15674199163913727,384.6000061035156,6.204999923706055,3.571000099182129,1982.0999755859375,513.28125,2.0289063453674316,1.045436978340149,2676.0,513.28125,2.0289063453674316,1.045436978340149,2676.0,513.28125,2.0289063453674316,1.045436978340149,2676.0
2026-09-10T10:05:00.000+08:00,438.960693359375,9.814651489257812,12.375,21.22603416442871,0.16828390955924988,384.70001220703125,6.2179999351501465,3.5759999752044678,1982.0999755859375,513.28125,2.0289063453674316,1.0471866130828857,2676.0,513.28125,2.0289063453674316,1.0471866130828857,2676.0,513.28125,2.0289063453674316,1.0471866130828857,2676.0
2026-09-10T10:06:00.000+08:00,435.8306579589844,9.777565002441406,12.3681640625,21.749204635620117,0.16432784497737885,384.6000061035156,6.188000202178955,3.558000087738037,1982.199951171875,513.28125,2.0289063453674316,1.047052025794983,2676.0,513.28125,2.0289063453674316,1.047052025794983,2676.0,513.28125,2.0289063453674316,1.047052025794983,2676.0
2026-09-10T10:07:00.000+08:00,442.7790222167969,9.799427032470703,12.284912109375,22.54974937438965,0.15836095809936523,383.79998779296875,6.209000110626221,3.5510001182556152,1982.300048828125,509.765625,2.0289063453674316,1.0415340662002563,2676.0,509.765625,2.0289063453674316,1.0415340662002563,2676.0,509.765625,2.0289063453674316,1.0415340662002563,2676.0
2026-09-10T10:08:00.000+08:00,447.31622314453125,9.835735321044922,12.34765625,22.91204833984375,0.15576958656311035,383.70001220703125,6.201000213623047,3.5409998893737793,1982.300048828125,509.765625,2.0289063453674316,1.0400537252426147,2676.0,509.765625,2.0289063453674316,1.0400537252426147,2676.0,509.765625,2.0289063453674316,1.0400537252426147,2676.0
2026-09-10T10:09:00.000+08:00,437.0696105957031,9.842353820800781,12.33349609375,21.57585906982422,0.1640259176492691,384.0,6.210999965667725,3.549999952316284,1982.4000244140625,509.765625,2.0289063453674316,1.039111614227295,2676.0,509.765625,2.0289063453674316,1.039111614227295,2676.0,509.765625,2.0289063453674316,1.039111614227295,2676.0
2026-09-10T10:10:00.000+08:00,456.4071960449219,9.81036376953125,12.257080078125,23.278484344482422,0.15275909006595612,383.70001220703125,6.2230000495910645,3.5450000762939453,1982.4000244140625,509.765625,1.990625023841858,1.038169503211975,2676.0,509.765625,1.990625023841858,1.038169503211975,2676.0,509.765625,1.990625023841858,1.038169503211975,2676.0
2026-09-10T10:11:00.000+08:00,440.3280944824219,9.856700897216797,12.2919921875,21.887285232543945,0.16210323572158813,384.0,6.210999965667725,3.552999973297119,1982.5,509.765625,2.0289063453674316,1.040726661682129,2676.0,509.765625,2.0289063453674316,1.040726661682129,2676.0,509.765625,2.0289063453674316,1.040726661682129,2676.0
2026-09-10T10:12:00.000+08:00,460.28387451171875,9.851150512695312,12.319580078125,23.7635555267334,0.14896760880947113,384.1000061035156,6.229000091552734,3.563999891281128,1982.5999755859375,509.765625,2.0289063453674316,1.0387078523635864,2676.0,509.765625,2.0289063453674316,1.0387078523635864,2676.0,509.765625,2.0289063453674316,1.0387078523635864,2676.0
2026-09-10T10:13:00.000+08:00,448.7628479003906,9.825035095214844,12.3681640625,22.428590774536133,0.15823553502559662,383.6000061035156,6.229000091552734,3.558000087738037,1982.5999755859375,509.765625,2.0289063453674316,1.039111614227295,2676.0,509.765625,2.0289063453674316,1.039111614227295,2676.0,509.765625,2.0289063453674316,1.039111614227295,2676.0
2026-09-10T10:14:00.000+08:00,442.55316162109375,9.757816314697266,12.34765625,21.891571044921875,0.1624826341867447,383.70001220703125,6.223999977111816,3.563999891281128,1982.699951171875,509.765625,1.990625023841858,1.038304090499878,2676.0,509.765625,1.990625023841858,1.038304090499878,2676.0,509.765625,1.990625023841858,1.038304090499878,2676.0
2026-09-10T10:15:00.000+08:00,444.6150207519531,9.796630859375,12.25,21.969064712524414,0.16122670471668243,383.20001220703125,6.223999977111816,3.5510001182556152,1982.699951171875,509.765625,1.990625023841858,1.0353432893753052,2676.0,509.765625,1.990625023841858,1.0353432893753052,2676.0,509.765625,1.990625023841858,1.0353432893753052,2676.0
2026-09-10T10:16:00.000+08:00,455.1148986816406,9.791374206542969,12.284912109375,23.399240493774414,0.15171432495117188,384.0,6.202000141143799,3.552000045776367,1982.800048828125,509.765625,2.0289063453674316,1.0395153760910034,2676.0,509.765625,2.0289063453674316,1.0395153760910034,2676.0,509.765625,2.0289063453674316,1.0395153760910034,2676.0
2026-09-10T10:17:00.000+08:00,450.3515625,9.75826644897461,12.2919921875,22.001197814941406,0.16094578802585602,384.29998779296875,6.182000160217285,3.556999921798706,1982.9000244140625,509.765625,2.0289063453674316,1.0424761772155762,2676.0,509.765625,2.0289063453674316,1.0424761772155762,2676.0,509.765625,2.0289063453674316,1.0424761772155762,2676.0
2026-09-10T10:18:00.000+08:00,449.537841796875,9.756580352783203,12.2919921875,22.19226837158203,0.1600106954574585,384.1000061035156,6.172999858856201,3.5450000762939453,1982.9000244140625,509.765625,2.0289063453674316,1.0424761772155762,2676.0,509.765625,2.0289063453674316,1.0424761772155762,2676.0,509.765625,2.0289063453674316,1.0424761772155762,2676.0
2026-09-10T10:19:00.000+08:00,457.4559631347656,9.774429321289062,12.284912109375,23.024791717529297,0.15448565781116486,383.79998779296875,6.197999954223633,3.5510001182556152,1983.0,509.765625,1.990625023841858,1.037092924118042,2676.0,509.765625,1.990625023841858,1.037092924118042,2676.0,509.765625,1.990625023841858,1.037092924118042,2676.0
2026-09-10T10:20:00.000+08:00,439.12860107421875,9.788734436035156,12.257080078125,22.128358840942383,0.1607891470193863,384.20001220703125,6.183000087738037,3.556999921798706,1983.0,509.765625,2.0289063453674316,1.0412650108337402,2676.0,509.765625,2.0289063453674316,1.0412650108337402,2676.0,509.765625,2.0289063453674316,1.0412650108337402,2676.0
2026-09-10T10:21:00.000+08:00,451.27606201171875,9.78720474243164,12.298828125,22.265270233154297,0.15975552797317505,384.29998779296875,6.185999870300293,3.558000087738037,1983.0999755859375,509.765625,1.990625023841858,1.0387078523635864,2676.0,509.765625,1.990625023841858,1.0387078523635864,2676.0,509.765625,1.990625023841858,1.0387078523635864,2676.0
2026-09-10T10:22:00.000+08:00,439.99359130859375,9.781890869140625,12.3125,21.966371536254883,0.16206592321395874,383.6000061035156,6.186999797821045,3.549999952316284,1983.199951171875,509.765625,1.990625023841858,1.0395153760910034,2676.0,509.765625,1.990625023841858,1.0395153760910034,2676.0,509.765625,1.990625023841858,1.0395153760910034,2676.0
2026-09-10T10:23:00.000+08:00,442.2287902832031,9.761463165283203,12.298583984375,21.839208602905273,0.1633300930261612,383.8999938964844,6.198999881744385,3.565000057220459,1983.199951171875,509.765625,1.990625023841858,1.038304090499878,2676.0,509.765625,1.990625023841858,1.038304090499878,2676.0,509.765625,1.990625023841858,1.038304090499878,2676.0
2026-09-10T10:24:00.000+08:00,453.48236083984375,9.824333190917969,12.25,23.03611946105957,0.1536717265844345,383.79998779296875,6.197000026702881,3.565999984741211,1983.300048828125,509.765625,1.990625023841858,1.0358816385269165,2676.0,509.765625,1.990625023841858,1.0358816385269165,2676.0,509.765625,1.990625023841858,1.0358816385269165,2676.0
2026-09-10T10:25:00.000+08:00,453.5479736328125,9.828289031982422,12.263916015625,22.304655075073242,0.15947343409061432,383.8999938964844,6.2179999351501465,3.559999942779541,1983.300048828125,509.765625,2.0289063453674316,1.040726661682129,2676.0,509.765625,2.0289063453674316,1.040726661682129,2676.0,509.765625,2.0289063453674316,1.040726661682129,2676.0
2026-09-10T10:26:00.000+08:00,458.1953125,9.783477783203125,12.28515625,22.776552200317383,0.15612547099590302,384.1000061035156,6.206999778747559,3.566999912261963,1983.4000244140625,509.765625,2.0289063453674316,1.0416686534881592,2676.0,509.765625,2.0289063453674316,1.0416686534881592,2676.0,509.765625,2.0289063453674316,1.0416686534881592,2676.0
2026-09-10T10:27:00.000+08:00,459.07611083984375,9.774822235107422,12.27783203125,22.416614532470703,0.15876616537570953,383.29998779296875,6.189000129699707,3.5399999618530273,1983.5,509.765625,2.0289063453674316,1.039919137954712,2676.0,509.765625,2.0289063453674316,1.039919137954712,2676.0,509.765625,2.0289063453674316,1.039919137954712,2676.0
2026-09-10T10:28:00.000+08:00,439.61834716796875,9.846508026123047,12.3056640625,21.82878303527832,0.16294999420642853,383.70001220703125,6.184999942779541,3.561000108718872,1983.5,509.765625,1.990625023841858,1.039111614227295,2676.0,509.765625,1.990625023841858,1.039111614227295,2676.0,509.765625,1.990625023841858,1.039111614227295,2676.0
2026-09-10T10:29:00.000+08:00,457.1652526855469,9.860260009765625,12.291748046875,21.920610427856445,0.16149185597896576,383.79998779296875,6.206999778747559,3.552000045776367,1983.5999755859375,509.765625,1.990625023841858,1.0400537252426147,2676.0,509.765625,1.990625023841858,1.0400537252426147,2676.0,509.765625,1.990625023841858,1.0400537252426147,2676.0
2026-09-10T10:30:00.000+08:00,446.2822570800781,9.847274780273438,12.25,21.58476448059082,0.1648384928703308,383.5,6.190000057220459,3.5420000553131104,1983.5999755859375,509.765625,1.990625023841858,1.0329208374023438,2676.0,509.765625,1.990625023841858,1.0329208374023438,2676.0,509.765625,1.990625023841858,1.0329208374023438,2676.0
2026-09-10T10:31:00.000+08:00,446.5926513671875,9.694259643554688,12.291748046875,21.37962532043457,0.1663733571767807,383.3999938964844,6.210999965667725,3.556999921798706,1983.699951171875,509.765625,2.0289063453674316,1.039919137954712,2676.0,509.765625,2.0289063453674316,1.039919137954712,2676.0,509.765625,2.0289063453674316,1.039919137954712,2676.0
2026-09-10T10:32:00.000+08:00,447.50201416015625,9.579727172851562,12.132080078125,21.190095901489258,0.1678614467382431,383.3999938964844,6.201000213623047,3.549999952316284,1983.699951171875,509.765625,2.0289063453674316,1.0387078523635864,2676.0,509.765625,2.0289063453674316,1.0387078523635864,2676.0,509.765625,2.0289063453674316,1.0387078523635864,2676.0
2026-09-10T10:33:00.000+08:00,441.9722595214844,9.51370620727539,12.083251953125,22.61162757873535,0.156866192817688,383.29998779296875,6.178999900817871,3.5420000553131104,1983.800048828125,509.765625,1.990625023841858,1.0393807888031006,2676.0,509.765625,1.990625023841858,1.0393807888031006,2676.0,509.765625,1.990625023841858,1.0393807888031006,2676.0
2026-09-10T10:34:00.000+08:00,447.15301513671875,9.454021453857422,12.1181640625,22.466148376464844,0.15797100961208344,383.1000061035156,6.197000026702881,3.5320000648498535,1983.9000244140625,509.765625,1.990625023841858,1.033593773841858,2676.0,509.765625,1.990625023841858,1.033593773841858,2676.0,509.765625,1.990625023841858,1.033593773841858,2676.0
2026-09-10T10:35:00.000+08:00,434.59686279296875,9.451576232910156,12.1181640625,22.880760192871094,0.1551084816455841,383.8999938964844,6.2270002365112305,3.549999952316284,1983.9000244140625,509.765625,2.0289063453674316,1.0424761772155762,2676.0,509.765625,2.0289063453674316,1.0424761772155762,2676.0,509.765625,2.0289063453674316,1.0424761772155762,2676.0
2026-09-10T10:36:00.000+08:00,452.2256774902344,9.473831176757812,12.0419921875,23.413585662841797,0.1511942744255066,383.5,6.209000110626221,3.552000045776367,1984.0,509.765625,1.990625023841858,1.0366891622543335,2676.0,509.765625,1.990625023841858,1.0366891622543335,2676.0,509.765625,1.990625023841858,1.0366891622543335,2676.0
2026-09-10T10:37:00.000+08:00,444.3445129394531,9.477771759033203,12.0,22.907878875732422,0.15562331676483154,383.70001220703125,6.2270002365112305,3.561000108718872,1984.0,509.765625,2.0289063453674316,1.0419378280639648,2676.0,509.765625,2.0289063453674316,1.0419378280639648,2676.0,509.765625,2.0289063453674316,1.0419378280639648,2676.0
2026-09-10T10:38:00.000+08:00,448.1863708496094,9.485664367675781,12.007080078125,22.719362258911133,0.1561223417520523,383.1000061035156,6.199999809265137,3.5380001068115234,1984.0999755859375,509.765625,2.0289063453674316,1.0357470512390137,2676.0,509.765625,2.0289063453674316,1.0357470512390137,2676.0,509.765625,2.0289063453674316,1.0357470512390137,2676.0
2026-09-10T10:39:00.000+08:00,447.08447265625,9.455142974853516,12.097412109375,23.055429458618164,0.15445385873317719,383.5,6.188000202178955,3.5429999828338623,1984.199951171875,509.765625,1.990625023841858,1.0349395275115967,2677.0,509.765625,1.990625023841858,1.0349395275115967,2677.0,509.765625,1.990625023841858,1.0349395275115967,2677.0
2026-09-10T10:40:00.000+08:00,444.2195739746094,9.444778442382812,12.111083984375,22.324918746948242,0.1594182699918747,383.6000061035156,6.190000057220459,3.5439999103546143,1984.199951171875,509.765625,2.0289063453674316,1.0366891622543335,2677.0,509.765625,2.0289063453674316,1.0366891622543335,2677.0,509.765625,2.0289063453674316,1.0366891622543335,2677.0
2026-09-10T10:41:00.000+08:00,451.98394775390625,9.560020446777344,12.0556640625,23.434595108032227,0.15122941136360168,383.5,6.192999839782715,3.546999931335449,1984.300048828125,509.765625,1.990625023841858,1.0349395275115967,2677.0,509.765625,1.990625023841858,1.0349395275115967,2677.0,509.765625,1.990625023841858,1.0349395275115967,2677.0
2026-09-10T10:42:00.000+08:00,432.4508972167969,9.5050048828125,12.1669921875,22.840084075927734,0.15520958602428436,384.0,6.203999996185303,3.555999994277954,1984.300048828125,509.765625,2.0289063453674316,1.0403228998184204,2677.0,509.765625,2.0289063453674316,1.0403228998184204,2677.0,509.765625,2.0289063453674316,1.0403228998184204,2677.0
2026-09-10T10:43:00.000+08:00,447.18951416015625,9.532276153564453,12.159912109375,23.096521377563477,0.1539192795753479,383.70001220703125,6.188000202178955,3.5490000247955322,1984.4000244140625,509.765625,2.0289063453674316,1.0403228998184204,2677.0,509.765625,2.0289063453674316,1.0403228998184204,2677.0,509.765625,2.0289063453674316,1.0403228998184204,2677.0
2026-09-10T10:44:00.000+08:00,443.1606140136719,9.55282974243164,12.1044921875,22.695636749267578,0.15641772747039795,384.0,6.210000038146973,3.563999891281128,1984.5,509.765625,2.0289063453674316,1.0547232627868652,2677.0,509.765625,2.0289063453674316,1.0547232627868652,2677.0,509.765625,2.0289063453674316,1.0547232627868652,2677.0
2026-09-10T10:45:00.000+08:00,441.32122802734375,9.525863647460938,12.138916015625,23.14860725402832,0.1535729467868805,383.8999938964844,6.190000057220459,3.561000108718872,1984.5,509.765625,2.0289063453674316,1.0419378280639648,2677.0,509.765625,2.0289063453674316,1.0419378280639648,2677.0,509.765625,2.0289063453674316,1.0419378280639648,2677.0
2026-09-10T10:46:00.000+08:00,436.1449279785156,9.55825424194336,12.0908203125,23.154224395751953,0.15388120710849762,383.70001220703125,6.203000068664551,3.553999900817871,1984.5999755859375,509.765625,1.990625023841858,1.035477876663208,2677.0,509.765625,1.990625023841858,1.035477876663208,2677.0,509.765625,1.990625023841858,1.035477876663208,2677.0
2026-09-10T10:47:00.000+08:00,452.0101623535156,9.54998779296875,12.1181640625,23.598735809326172,0.15077078342437744,382.8999938964844,6.179999828338623,3.5380001068115234,1984.5999755859375,509.765625,1.990625023841858,1.0377658605575562,2677.0,509.765625,1.990625023841858,1.0377658605575562,2677.0,509.765625,1.990625023841858,1.0377658605575562,2677.0
2026-09-10T10:48:00.000+08:00,444.7532958984375,9.58803939819336,12.097412109375,23.071514129638672,0.1537827104330063,382.0,6.15500020980835,3.50600004196167,1984.699951171875,509.765625,1.990625023841858,1.0280758142471313,2677.0,509.765625,1.990625023841858,1.0280758142471313,2677.0,509.765625,1.990625023841858,1.0280758142471313,2677.0
2026-09-10T10:49:00.000+08:00,439.2560119628906,9.529869079589844,12.09033203125,22.62832260131836,0.1565294861793518,382.70001220703125,6.165999889373779,3.5350000858306885,1984.800048828125,509.765625,1.990625023841858,1.030767560005188,2677.0,509.765625,1.990625023841858,1.030767560005188,2677.0,509.765625,1.990625023841858,1.030767560005188,2677.0
2026-09-10T10:50:00.000+08:00,453.3377990722656,9.555713653564453,12.0,22.57180404663086,0.1554151326417923,383.29998779296875,6.192999839782715,3.5420000553131104,1984.800048828125,509.765625,1.990625023841858,1.0374966859817505,2677.0,509.765625,1.990625023841858,1.0374966859817505,2677.0,509.765625,1.990625023841858,1.0374966859817505,2677.0
2026-09-10T10:51:00.000+08:00,445.14410400390625,9.502967834472656,12.097412109375,22.73744773864746,0.15547040104866028,383.29998779296875,6.197999954223633,3.555000066757202,1984.9000244140625,509.765625,1.990625023841858,1.0361508131027222,2677.0,509.765625,1.990625023841858,1.0361508131027222,2677.0,509.765625,1.990625023841858,1.0361508131027222,2677.0
2026-09-10T10:52:00.000+08:00,444.77374267578125,9.507881164550781,12.069580078125,21.61676788330078,0.16394680738449097,383.3999938964844,6.202000141143799,3.549999952316284,1984.9000244140625,509.765625,1.990625023841858,1.0374966859817505,2677.0,509.765625,1.990625023841858,1.0374966859817505,2677.0,509.765625,1.990625023841858,1.0374966859817505,2677.0
2026-09-10T10:53:00.000+08:00,443.7076416015625,9.602733612060547,12.111328125,22.873098373413086,0.1550292819738388,383.0,6.190000057220459,3.5429999828338623,1985.0,509.765625,1.990625023841858,1.0361508131027222,2677.0,509.765625,1.990625023841858,1.0361508131027222,2677.0,509.765625,1.990625023841858,1.0361508131027222,2677.0
2026-09-10T10:54:00.000+08:00,451.9006652832031,9.53493881225586,12.111328125,23.2155818939209,0.15304376184940338,383.20001220703125,6.199999809265137,3.5460000038146973,1985.0999755859375,509.765625,1.990625023841858,1.0357470512390137,2677.0,509.765625,1.990625023841858,1.0357470512390137,2677.0,509.765625,1.990625023841858,1.0357470512390137,2677.0
2026-09-10T10:55:00.000+08:00,439.38775634765625,9.581958770751953,12.1669921875,21.96462631225586,0.16130481660366058,383.29998779296875,6.2129998207092285,3.553999900817871,1985.0999755859375,509.765625,1.990625023841858,1.0321133136749268,2677.0,509.765625,1.990625023841858,1.0321133136749268,2677.0,509.765625,1.990625023841858,1.0321133136749268,2677.0
2026-09-10T10:56:00.000+08:00,440.35870361328125,9.565406799316406,12.1806640625,21.73872184753418,0.16288906335830688,383.1000061035156,6.192999839782715,3.5390000343322754,1985.199951171875,509.765625,1.990625023841858,1.0333245992660522,2677.0,509.765625,1.990625023841858,1.0333245992660522,2677.0,509.765625,1.990625023841858,1.0333245992660522,2677.0
2026-09-10T10:57:00.000+08:00,443.6212463378906,9.633350372314453,12.1806640625,22.80461311340332,0.15558256208896637,383.3999938964844,6.203000068664551,3.5480000972747803,1985.199951171875,509.765625,1.990625023841858,1.0357470512390137,2677.0,509.765625,1.990625023841858,1.0357470512390137,2677.0,509.765625,1.990625023841858,1.0357470512390137,2677.0
2026-09-10T10:58:00.000+08:00,445.7593078613281,9.62075424194336,12.15283203125,22.02806854248047,0.16079485416412354,383.6000061035156,6.22599983215332,3.558000087738037,1985.300048828125,509.765625,1.990625023841858,1.0329208374023438,2677.0,509.765625,1.990625023841858,1.0329208374023438,2677.0,509.765625,1.990625023841858,1.0329208374023438,2677.0
2026-09-10T10:59:00.000+08:00,438.91552734375,9.687171936035156,12.173828125,22.6126766204834,0.15699158608913422,383.70001220703125,6.22599983215332,3.556999921798706,1985.300048828125,509.765625,2.0289063453674316,1.038304090499878,2677.0,509.765625,2.0289063453674316,1.038304090499878,2677.0,509.765625,2.0289063453674316,1.038304090499878,2677.0
2026-09-10T11:00:00.000+08:00,432.8840637207031,9.631057739257812,12.194580078125,21.271142959594727,0.16684575378894806,383.29998779296875,6.192999839782715,3.5329999923706055,1985.4000244140625,509.765625,1.990625023841858,1.0329208374023438,2677.0,509.765625,1.990625023841858,1.0329208374023438,2677.0,509.765625,1.990625023841858,1.0329208374023438,2677.0
2026-09-10T11:01:00.000+08:00,430.4527893066406,9.630687713623047,12.236328125,21.19233512878418,0.16765496134757996,383.5,6.185999870300293,3.5460000038146973,1985.5,509.765625,2.0289063453674316,1.038169503211975,2677.0,509.765625,2.0289063453674316,1.038169503211975,2677.0,509.765625,2.0289063453674316,1.038169503211975,2677.0
2026-09-10T11:02:00.000+08:00,426.15740966796875,9.678878784179688,12.1669921875,21.70285987854004,0.16301998496055603,383.70001220703125,6.201000213623047,3.555999994277954,1985.5,509.765625,1.990625023841858,1.0374966859817505,2677.0,509.765625,1.990625023841858,1.0374966859817505,2677.0,509.765625,1.990625023841858,1.0374966859817505,2677.0
2026-09-10T11:03:00.000+08:00,434.4631652832031,9.669109344482422,12.166748046875,22.277177810668945,0.15908658504486084,383.5,6.197999954223633,3.5439999103546143,1985.5999755859375,509.765625,1.990625023841858,1.0357470512390137,2677.0,509.765625,1.990625023841858,1.0357470512390137,2677.0,509.765625,1.990625023841858,1.0357470512390137,2677.0
2026-09-10T11:04:00.000+08:00,433.9731750488281,9.663028717041016,12.2158203125,21.120222091674805,0.16855883598327637,384.20001220703125,6.236000061035156,3.569000005722046,1985.5999755859375,513.28125,2.0289063453674316,1.040592074394226,2677.0,513.28125,2.0289063453674316,1.040592074394226,2677.0,513.28125,2.0289063453674316,1.040592074394226,2677.0
2026-09-10T11:05:00.000+08:00,439.5693054199219,9.738826751708984,12.284912109375,21.411998748779297,0.16588829457759857,384.3999938964844,6.235000133514404,3.568000078201294,1985.699951171875,513.28125,2.0289063453674316,1.0450332164764404,2677.0,513.28125,2.0289063453674316,1.0450332164764404,2677.0,513.28125,2.0289063453674316,1.0450332164764404,2677.0
2026-09-10T11:06:00.000+08:00,436.4386901855469,9.651485443115234,12.291748046875,22.510440826416016,0.1580599844455719,384.5,6.230000019073486,3.571000099182129,1985.800048828125,513.28125,2.0289063453674316,1.046244502067566,2677.0,513.28125,2.0289063453674316,1.046244502067566,2677.0,513.28125,2.0289063453674316,1.046244502067566,2677.0
2026-09-10T11:07:00.000+08:00,443.0740966796875,9.649234771728516,12.3056640625,23.228376388549805,0.15373437106609344,384.20001220703125,6.25,3.569000005722046,1985.800048828125,509.765625,2.0289063453674316,1.0432837009429932,2677.0,509.765625,2.0289063453674316,1.0432837009429932,2677.0,509.765625,2.0289063453674316,1.0432837009429932,2677.0
2026-09-10T11:08:00.000+08:00,456.1826171875,9.638343811035156,12.298828125,23.60643768310547,0.1513146609067917,383.3999938964844,6.186999797821045,3.5350000858306885,1985.9000244140625,509.765625,1.990625023841858,1.0374966859817505,2677.0,509.765625,1.990625023841858,1.0374966859817505,2677.0,509.765625,1.990625023841858,1.0374966859817505,2677.0
2026-09-10T11:09:00.000+08:00,442.0079345703125,9.731739044189453,12.236083984375,22.941612243652344,0.15530730783939362,383.5,6.2179999351501465,3.5480000972747803,1985.9000244140625,509.765625,1.990625023841858,1.0361508131027222,2677.0,509.765625,1.990625023841858,1.0361508131027222,2677.0,509.765625,1.990625023841858,1.0361508131027222,2677.0
2026-09-10T11:10:00.000+08:00,458.00592041015625,9.81014633178711,12.3544921875,24.109220504760742,0.14654144644737244,383.29998779296875,6.208000183105469,3.5369999408721924,1986.0,509.765625,1.990625023841858,1.0349395275115967,2677.0,509.765625,1.990625023841858,1.0349395275115967,2677.0,509.765625,1.990625023841858,1.0349395275115967,2677.0
2026-09-10T11:11:00.000+08:00,453.1178894042969,9.762908935546875,12.347412109375,23.106773376464844,0.15350477397441864,383.70001220703125,6.2230000495910645,3.552000045776367,1986.0999755859375,509.765625,1.990625023841858,1.038304090499878,2677.0,509.765625,1.990625023841858,1.038304090499878,2677.0,509.765625,1.990625023841858,1.038304090499878,2677.0
2026-09-10T11:12:00.000+08:00,452.1982727050781,9.771629333496094,12.28515625,22.30792999267578,0.15918107330799103,383.6000061035156,6.214000225067139,3.5460000038146973,1986.0999755859375,509.765625,1.990625023841858,1.034266710281372,2677.0,509.765625,1.990625023841858,1.034266710281372,2677.0,509.765625,1.990625023841858,1.034266710281372,2677.0
2026-09-10T11:13:00.000+08:00,453.5989990234375,9.81134033203125,12.201416015625,23.454544067382812,0.15144187211990356,383.5,6.216000080108643,3.546999931335449,1986.199951171875,509.765625,2.0289063453674316,1.04974365234375,2677.0,509.765625,2.0289063453674316,1.04974365234375,2677.0,509.765625,2.0289063453674316,1.04974365234375,2677.0
2026-09-10T11:14:00.000+08:00,445.9244384765625,9.851234436035156,12.2783203125,22.52474594116211,0.1575600504875183,383.79998779296875,6.182000160217285,3.5480000972747803,1986.199951171875,509.765625,1.990625023841858,1.0395153760910034,2677.0,509.765625,1.990625023841858,1.0395153760910034,2677.0,509.765625,1.990625023841858,1.0395153760910034,2677.0
2026-09-10T11:15:00.000+08:00,444.3634948730469,9.789539337158203,12.2431640625,21.38083839416504,0.16613006591796875,383.79998779296875,6.230999946594238,3.559000015258789,1986.300048828125,509.765625,2.0289063453674316,1.0444949865341187,2677.0,509.765625,2.0289063453674316,1.0444949865341187,2677.0,509.765625,2.0289063453674316,1.0444949865341187,2677.0
2026-09-10T11:16:00.000+08:00,450.9579162597656,9.831485748291016,12.28515625,22.62311553955078,0.15669812262058258,383.3999938964844,6.2179999351501465,3.555999994277954,1986.300048828125,509.765625,1.990625023841858,1.0341321229934692,2677.0,509.765625,1.990625023841858,1.0341321229934692,2677.0,509.765625,1.990625023841858,1.0341321229934692,2677.0
2026-09-10T11:17:00.000+08:00,453.423095703125,9.83526611328125,12.298828125,21.74570655822754,0.16329659521579742,383.0,6.195000171661377,3.5439999103546143,1986.4000244140625,509.765625,1.990625023841858,1.0329208374023438,2677.0,509.765625,1.990625023841858,1.0329208374023438,2677.0,509.765625,1.990625023841858,1.0329208374023438,2677.0
2026-09-10T11:18:00.000+08:00,449.27972412109375,9.84954833984375,12.298583984375,21.901805877685547,0.1618131399154663,383.70001220703125,6.197000026702881,3.552999973297119,1986.5,509.765625,2.0289063453674316,1.038169503211975,2677.0,509.765625,2.0289063453674316,1.038169503211975,2677.0,509.765625,2.0289063453674316,1.038169503211975,2677.0
2026-09-10T11:19:00.000+08:00,454.2140197753906,9.865882873535156,12.298828125,21.743450164794922,0.16271567344665527,383.8999938964844,6.250999927520752,3.572999954223633,1986.5,509.765625,2.0289063453674316,1.0448986291885376,2677.0,509.765625,2.0289063453674316,1.0448986291885376,2677.0,509.765625,2.0289063453674316,1.0448986291885376,2677.0
2026-09-10T11:20:00.000+08:00,452.71588134765625,9.804584503173828,12.194580078125,22.561569213867188,0.15659372508525848,383.8999938964844,6.2230000495910645,3.559999942779541,1986.5999755859375,509.765625,1.990625023841858,1.0384386777877808,2677.0,509.765625,1.990625023841858,1.0384386777877808,2677.0,509.765625,1.990625023841858,1.0384386777877808,2677.0
2026-09-10T11:21:00.000+08:00,447.2519226074219,9.819175720214844,12.319580078125,21.665616989135742,0.1654234081506729,383.29998779296875,6.214000225067139,3.5320000648498535,1986.5999755859375,509.765625,1.990625023841858,1.0361508131027222,2677.0,509.765625,1.990625023841858,1.0361508131027222,2677.0,509.765625,1.990625023841858,1.0361508131027222,2677.0
2026-09-10T11:22:00.000+08:00,454.7093200683594,9.770431518554688,12.347412109375,22.570777893066406,0.15763746201992035,382.6000061035156,6.189000129699707,3.5199999809265137,1986.699951171875,509.765625,1.990625023841858,1.0311713218688965,2677.0,509.765625,1.990625023841858,1.0311713218688965,2677.0,509.765625,1.990625023841858,1.0311713218688965,2677.0
2026-09-10T11:23:00.000+08:00,456.6836853027344,9.867023468017578,12.291748046875,22.702482223510742,0.15672294795513153,383.29998779296875,6.197999954223633,3.5429999828338623,1986.800048828125,509.765625,1.990625023841858,1.0349395275115967,2677.0,509.765625,1.990625023841858,1.0349395275115967,2677.0,509.765625,1.990625023841858,1.0349395275115967,2677.0
2026-09-10T11:24:00.000+08:00,447.2085266113281,9.85943603515625,12.319580078125,22.771543502807617,0.1556328386068344,382.79998779296875,6.205999851226807,3.5409998893737793,1986.800048828125,509.765625,1.990625023841858,1.0317095518112183,2677.0,509.765625,1.990625023841858,1.0317095518112183,2677.0,509.765625,1.990625023841858,1.0317095518112183,2677.0
2026-09-10T11:25:00.000+08:00,447.82012939453125,9.820701599121094,12.347412109375,21.48438262939453,0.16500356793403625,383.70001220703125,6.201000213623047,3.5510001182556152,1986.9000244140625,509.765625,1.990625023841858,1.035477876663208,2677.0,509.765625,1.990625023841858,1.035477876663208,2677.0,509.765625,1.990625023841858,1.035477876663208,2677.0
2026-09-10T11:26:00.000+08:00,445.2906494140625,9.860576629638672,12.361328125,21.767166137695312,0.1624464988708496,383.5,6.177999973297119,3.5460000038146973,1986.9000244140625,509.765625,1.990625023841858,1.0366891622543335,2677.0,509.765625,1.990625023841858,1.0366891622543335,2677.0,509.765625,1.990625023841858,1.0366891622543335,2677.0
2026-09-10T11:27:00.000+08:00,442.129638671875,9.849113464355469,12.3681640625,21.038503646850586,0.16902342438697815,383.20001220703125,6.202000141143799,3.562999963760376,1987.0,509.765625,1.990625023841858,1.035477876663208,2677.0,509.765625,1.990625023841858,1.035477876663208,2677.0,509.765625,1.990625023841858,1.035477876663208,2677.0
2026-09-10T11:28:00.000+08:00,437.9917297363281,9.860576629638672,12.3681640625,21.9566650390625,0.16149993240833282,383.6000061035156,6.190000057220459,3.546999931335449,1987.0999755859375,509.765625,1.990625023841858,1.039111614227295,2677.0,509.765625,1.990625023841858,1.039111614227295,2677.0,509.765625,1.990625023841858,1.039111614227295,2677.0
2026-09-10T11:29:00.000+08:00,440.4255065917969,9.859046936035156,12.326416015625,22.060871124267578,0.1615530103445053,383.5,6.197999954223633,3.5490000247955322,1987.0999755859375,509.765625,1.990625023841858,1.038304090499878,2677.0,509.765625,1.990625023841858,1.038304090499878,2677.0,509.765625,1.990625023841858,1.038304090499878,2677.0
2026-09-10T11:30:00.000+08:00,454.9154357910156,9.851604461669922,12.284912109375,22.610862731933594,0.1572253257036209,383.79998779296875,6.197000026702881,3.552999973297119,1987.199951171875,509.765625,1.990625023841858,1.0400537252426147,2677.0,509.765625,1.990625023841858,1.0400537252426147,2677.0,509.765625,1.990625023841858,1.0400537252426147,2677.0
2026-09-10T11:31:00.000+08:00,440.7003173828125,9.853504180908203,12.27783203125,21.71546173095703,0.1636161506175995,383.3999938964844,6.192999839782715,3.5510001182556152,1987.199951171875,509.765625,1.990625023841858,1.034266710281372,2677.0,509.765625,1.990625023841858,1.034266710281372,2677.0,509.765625,1.990625023841858,1.034266710281372,2677.0
2026-09-10T11:32:00.000+08:00,463.65582275390625,9.927791595458984,12.361328125,23.025495529174805,0.1544809341430664,383.70001220703125,6.216000080108643,3.569000005722046,1987.300048828125,509.765625,1.990625023841858,1.0395153760910034,2677.0,509.765625,1.990625023841858,1.0395153760910034,2677.0,509.765625,1.990625023841858,1.0395153760910034,2677.0
2026-09-10T11:33:00.000+08:00,456.50726318359375,9.844390869140625,12.347412109375,22.292768478393555,0.15919961035251617,383.5,6.189000129699707,3.552000045776367,1987.4000244140625,509.765625,1.990625023841858,1.0374966859817505,2677.0,509.765625,1.990625023841858,1.0374966859817505,2677.0,509.765625,1.990625023841858,1.0374966859817505,2677.0
2026-09-10T11:34:00.000+08:00,450.40277099609375,9.842117309570312,12.319580078125,21.752012252807617,0.1633412092924118,383.29998779296875,6.183000087738037,3.553999900817871,1987.4000244140625,509.765625,1.990625023841858,1.035477876663208,2677.0,509.765625,1.990625023841858,1.035477876663208,2677.0,509.765625,1.990625023841858,1.035477876663208,2677.0
2026-09-10T11:35:00.000+08:00,450.7486877441406,9.853813171386719,12.3125,22.637557983398438,0.15628893673419952,383.6000061035156,6.210000038146973,3.552999973297119,1987.5,509.765625,2.0289063453674316,1.0415340662002563,2677.0,509.765625,2.0289063453674316,1.0415340662002563,2677.0,509.765625,2.0289063453674316,1.0415340662002563,2677.0
2026-09-10T11:36:00.000+08:00,448.037109375,9.844390869140625,12.361083984375,22.585817337036133,0.15722255408763885,383.3999938964844,6.190999984741211,3.5399999618530273,1987.5,509.765625,1.990625023841858,1.0366891622543335,2677.0,509.765625,1.990625023841858,1.0366891622543335,2677.0,509.765625,1.990625023841858,1.0366891622543335,2677.0
2026-09-10T11:37:00.000+08:00,449.7096862792969,9.851974487304688,12.3056640625,22.125459671020508,0.16008706390857697,383.29998779296875,6.184999942779541,3.5490000247955322,1987.5999755859375,509.765625,1.990625023841858,1.037900447845459,2678.0,509.765625,1.990625023841858,1.037900447845459,2678.0,509.765625,1.990625023841858,1.037900447845459,2678.0
2026-09-10T11:38:00.000+08:00,454.4649963378906,9.870979309082031,12.298583984375,22.450124740600586,0.15790557861328125,383.8999938964844,6.209000110626221,3.562000036239624,1987.699951171875,509.765625,2.0289063453674316,1.0387078523635864,2678.0,509.765625,2.0289063453674316,1.0387078523635864,2678.0,509.765625,2.0289063453674316,1.0387078523635864,2678.0
2026-09-10T11:39:00.000+08:00,458.0465393066406,9.867023468017578,12.25,22.185022354125977,0.16044442355632782,384.0,6.201000213623047,3.555000066757202,1987.699951171875,509.765625,2.0289063453674316,1.0395153760910034,2678.0,509.765625,2.0289063453674316,1.0395153760910034,2678.0,509.765625,2.0289063453674316,1.0395153760910034,2678.0
2026-09-10T11:40:00.000+08:00,455.0212097167969,9.825408935546875,12.3125,21.47488784790039,0.16591471433639526,384.20001220703125,6.214000225067139,3.562999963760376,1987.800048828125,513.28125,2.0289063453674316,1.044225811958313,2678.0,513.28125,2.0289063453674316,1.044225811958313,2678.0,513.28125,2.0289063453674316,1.044225811958313,2678.0
2026-09-10T11:41:00.000+08:00,446.6372985839844,9.828227996826172,12.33349609375,21.253707885742188,0.1672649383544922,383.70001220703125,6.218999862670898,3.5510001182556152,1987.800048828125,509.765625,1.990625023841858,1.037092924118042,2678.0,509.765625,1.990625023841858,1.037092924118042,2678.0,509.765625,1.990625023841858,1.037092924118042,2678.0
2026-09-10T11:42:00.000+08:00,455.0354309082031,9.75826644897461,12.28515625,22.924278259277344,0.15542474389076233,383.79998779296875,6.223999977111816,3.561000108718872,1987.9000244140625,509.765625,1.990625023841858,1.037092924118042,2678.0,509.765625,1.990625023841858,1.037092924118042,2678.0,509.765625,1.990625023841858,1.037092924118042,2678.0
2026-09-10T11:43:00.000+08:00,461.13214111328125,9.868690490722656,12.2783203125,23.15753746032715,0.15316827595233917,383.8999938964844,6.210999965667725,3.555999994277954,1987.9000244140625,509.765625,1.990625023841858,1.0368237495422363,2678.0,509.765625,1.990625023841858,1.0368237495422363,2678.0,509.765625,1.990625023841858,1.0368237495422363,2678.0
2026-09-10T11:44:00.000+08:00,460.3028564453125,9.76858901977539,12.2783203125,21.730533599853516,0.16364072263240814,384.20001220703125,6.211999893188477,3.562999963760376,1988.0,509.765625,2.0289063453674316,1.047052025794983,2678.0,509.765625,2.0289063453674316,1.047052025794983,2678.0,509.765625,2.0289063453674316,1.047052025794983,2678.0
2026-09-10T11:45:00.000+08:00,443.68829345703125,9.816375732421875,12.319580078125,22.215572357177734,0.16006790101528168,383.6000061035156,6.169000148773193,3.553999900817871,1988.0999755859375,509.765625,1.990625023841858,1.037092924118042,2678.0,509.765625,1.990625023841858,1.037092924118042,2678.0,509.765625,1.990625023841858,1.037092924118042,2678.0
2026-09-10T11:46:00.000+08:00,439.6219482421875,9.868858337402344,12.3125,21.396696090698242,0.16652104258537292,384.29998779296875,6.201000213623047,3.565000057220459,1988.0999755859375,509.765625,2.0289063453674316,1.0428799390792847,2678.0,509.765625,2.0289063453674316,1.0428799390792847,2678.0,509.765625,2.0289063453674316,1.0428799390792847,2678.0
2026-09-10T11:47:00.000+08:00,456.1512756347656,9.767768859863281,12.319580078125,21.951433181762695,0.1617662012577057,384.5,6.198999881744385,3.565000057220459,1988.199951171875,509.765625,1.990625023841858,1.0396499633789062,2678.0,509.765625,1.990625023841858,1.0396499633789062,2678.0,509.765625,1.990625023841858,1.0396499633789062,2678.0
2026-09-10T11:48:00.000+08:00,444.3914794921875,9.86020278930664,12.3681640625,22.631160736083984,0.15730522572994232,384.0,6.184000015258789,3.5510001182556152,1988.199951171875,509.765625,1.990625023841858,1.0400537252426147,2678.0,509.765625,1.990625023841858,1.0400537252426147,2678.0,509.765625,1.990625023841858,1.0400537252426147,2678.0
2026-09-10T11:49:00.000+08:00,443.9941711425781,9.839691162109375,12.347412109375,22.37807846069336,0.15930768847465515,384.20001220703125,6.202000141143799,3.568000078201294,1988.300048828125,509.765625,2.0289063453674316,1.0450332164764404,2678.0,509.765625,2.0289063453674316,1.0450332164764404,2678.0,509.765625,2.0289063453674316,1.0450332164764404,2678.0
2026-09-10T11:50:00.000+08:00,461.6930236816406,9.839752197265625,12.257080078125,22.695499420166016,0.15677116811275482,384.5,6.210000038146973,3.568000078201294,1988.4000244140625,513.28125,2.0289063453674316,1.0450332164764404,2678.0,513.28125,2.0289063453674316,1.0450332164764404,2678.0,513.28125,2.0289063453674316,1.0450332164764404,2678.0
2026-09-10T11:51:00.000+08:00,453.7606201171875,9.824642181396484,12.3544921875,22.61524772644043,0.15723904967308044,384.79998779296875,6.201000213623047,3.571000099182129,1988.4000244140625,513.28125,2.0289063453674316,1.044225811958313,2678.0,513.28125,2.0289063453674316,1.044225811958313,2678.0,513.28125,2.0289063453674316,1.044225811958313,2678.0
2026-09-10T11:52:00.000+08:00,471.84014892578125,9.759010314941406,12.2783203125,23.62299919128418,0.15057359635829926,384.5,6.206999778747559,3.565999984741211,1988.5,513.28125,2.0289063453674316,1.0413994789123535,2678.0,513.28125,2.0289063453674316,1.0413994789123535,2678.0,513.28125,2.0289063453674316,1.0413994789123535,2678.0
2026-09-10T11:53:00.000+08:00,462.255126953125,9.847274780273438,12.270751953125,22.919620513916016,0.1557181179523468,385.29998779296875,6.190999984741211,3.572000026702881,1988.5,513.28125,2.0289063453674316,1.0455715656280518,2678.0,513.28125,2.0289063453674316,1.0455715656280518,2678.0,513.28125,2.0289063453674316,1.0455715656280518,2678.0
2026-09-10T11:54:00.000+08:00,482.43359375,9.862693786621094,12.28515625,23.98843002319336,0.14886343479156494,385.3999938964844,6.198999881744385,3.572999954223633,1988.5999755859375,513.28125,2.0289063453674316,1.0479941368103027,2678.0,513.28125,2.0289063453674316,1.0479941368103027,2678.0,513.28125,2.0289063453674316,1.0479941368103027,2678.0
2026-09-10T11:55:00.000+08:00,467.0588073730469,9.843318939208984,12.3056640625,22.693073272705078,0.15762518346309662,385.29998779296875,6.205999851226807,3.5759999752044678,1988.699951171875,513.28125,2.0289063453674316,1.0488015413284302,2678.0,513.28125,2.0289063453674316,1.0488015413284302,2678.0,513.28125,2.0289063453674316,1.0488015413284302,2678.0
2026-09-10T11:56:00.000+08:00,463.1702880859375,9.841438293457031,12.257080078125,22.602754592895508,0.15794534981250763,385.3999938964844,6.199999809265137,3.572999954223633,1988.699951171875,513.28125,2.0289063453674316,1.0488015413284302,2678.0,513.28125,2.0289063453674316,1.0488015413284302,2678.0,513.28125,2.0289063453674316,1.0488015413284302,2678.0
2026-09-10T11:57:00.000+08:00,472.3702392578125,9.839752197265625,12.3056640625,22.89929962158203,0.1562056541442871,385.70001220703125,6.210999965667725,3.5820000171661377,1988.800048828125,513.28125,2.0289063453674316,1.048936128616333,2678.0,513.28125,2.0289063453674316,1.048936128616333,2678.0,513.28125,2.0289063453674316,1.048936128616333,2678.0
2026-09-10T11:58:00.000+08:00,464.8631591796875,9.862384796142578,12.1875,22.317089080810547,0.1607736498117447,385.79998779296875,6.211999893188477,3.5859999656677246,1988.800048828125,513.28125,2.0289063453674316,1.0531082153320312,2678.0,513.28125,2.0289063453674316,1.0531082153320312,2678.0,513.28125,2.0289063453674316,1.0531082153320312,2678.0
2026-09-10T11:59:00.000+08:00,474.6084899902344,9.84414291381836,12.201416015625,23.339115142822266,0.1539047211408615,385.8999938964844,6.223999977111816,3.5910000801086426,1988.9000244140625,513.28125,2.0289063453674316,1.0535119771957397,2678.0,513.28125,2.0289063453674316,1.0535119771957397,2678.0,513.28125,2.0289063453674316,1.0535119771957397,2678.0
2026-09-10T12:00:00.000+08:00,461.4811706542969,9.813240051269531,12.3056640625,21.857763290405273,0.1642436981201172,385.70001220703125,6.242000102996826,3.5910000801086426,1989.0,513.28125,2.0289063453674316,1.050551176071167,2678.0,513.28125,2.0289063453674316,1.050551176071167,2678.0,513.28125,2.0289063453674316,1.050551176071167,2678.0
2026-09-10T12:01:00.000+08:00,456.5269775390625,9.851234436035156,12.284912109375,21.669689178466797,0.16562305390834808,386.0,6.206999778747559,3.5840001106262207,1989.0,513.28125,2.0289063453674316,1.051358699798584,2678.0,513.28125,2.0289063453674316,1.051358699798584,2678.0,513.28125,2.0289063453674316,1.051358699798584,2678.0
2026-09-10T12:02:00.000+08:00,453.429931640625,9.867023468017578,12.28515625,21.207462310791016,0.1692800372838974,385.5,6.204999923706055,3.5799999237060547,1989.0999755859375,513.28125,2.0289063453674316,1.0543195009231567,2678.0,513.28125,2.0289063453674316,1.0543195009231567,2678.0,513.28125,2.0289063453674316,1.0543195009231567,2678.0
2026-09-10T12:03:00.000+08:00,456.3685607910156,9.781208038330078,12.3056640625,21.881786346435547,0.16378918290138245,385.3999938964844,6.2220001220703125,3.5810000896453857,1989.0999755859375,513.28125,2.0289063453674316,1.0501474142074585,2678.0,513.28125,2.0289063453674316,1.0501474142074585,2678.0,513.28125,2.0289063453674316,1.0501474142074585,2678.0
2026-09-10T12:04:00.000+08:00,459.19140625,9.778060913085938,12.2431640625,21.812183380126953,0.1644035279750824,385.29998779296875,6.223999977111816,3.5869998931884766,1989.199951171875,513.28125,2.0289063453674316,1.0435528755187988,2678.0,513.28125,2.0289063453674316,1.0435528755187988,2678.0,513.28125,2.0289063453674316,1.0435528755187988,2678.0
2026-09-10T12:05:00.000+08:00,457.9925537109375,9.791656494140625,12.125,22.819372177124023,0.15705953538417816,385.6000061035156,6.205999851226807,3.5859999656677246,1989.300048828125,513.28125,2.0289063453674316,1.0555306673049927,2678.0,513.28125,2.0289063453674316,1.0555306673049927,2678.0,513.28125,2.0289063453674316,1.0555306673049927,2678.0
2026-09-10T12:06:00.000+08:00,454.3697814941406,9.704139709472656,12.1806640625,22.05058479309082,0.16280746459960938,385.20001220703125,6.211999893188477,3.5880000591278076,1989.300048828125,513.28125,2.0289063453674316,1.0447640419006348,2678.0,513.28125,2.0289063453674316,1.0447640419006348,2678.0,513.28125,2.0289063453674316,1.0447640419006348,2678.0
2026-09-10T12:07:00.000+08:00,460.5595397949219,9.797061920166016,12.222412109375,21.846284866333008,0.16419267654418945,385.5,6.235000133514404,3.5940001010894775,1989.4000244140625,513.28125,2.0289063453674316,1.0535119771957397,2678.0,513.28125,2.0289063453674316,1.0535119771957397,2678.0,513.28125,2.0289063453674316,1.0535119771957397,2678.0
2026-09-10T12:08:00.000+08:00,458.7431945800781,9.791988372802734,12.2294921875,21.813947677612305,0.16406933963298798,385.5,6.199999809265137,3.5810000896453857,1989.4000244140625,513.28125,2.0289063453674316,1.048128604888916,2678.0,513.28125,2.0289063453674316,1.048128604888916,2678.0,513.28125,2.0289063453674316,1.048128604888916,2678.0
2026-09-10T12:09:00.000+08:00,455.32958984375,9.752799987792969,12.270751953125,22.455615997314453,0.15978185832500458,385.70001220703125,6.232999801635742,3.5920000076293945,1989.5,513.28125,2.0289063453674316,1.0518969297409058,2678.0,513.28125,2.0289063453674316,1.0518969297409058,2678.0,513.28125,2.0289063453674316,1.0518969297409058,2678.0
2026-09-10T12:10:00.000+08:00,465.9286804199219,9.840885162353516,12.3056640625,22.537410736083984,0.15915758907794952,385.6000061035156,6.210000038146973,3.5880000591278076,1989.5999755859375,513.28125,2.0289063453674316,1.0518969297409058,2678.0,513.28125,2.0289063453674316,1.0518969297409058,2678.0,513.28125,2.0289063453674316,1.0518969297409058,2678.0
2026-09-10T12:11:00.000+08:00,466.41278076171875,9.830718994140625,12.298828125,21.796680450439453,0.1646580994129181,385.1000061035156,6.230999946594238,3.5769999027252197,1989.5999755859375,513.28125,2.0289063453674316,1.0509549379348755,2678.0,513.28125,2.0289063453674316,1.0509549379348755,2678.0,513.28125,2.0289063453674316,1.0509549379348755,2678.0
2026-09-10T12:12:00.000+08:00,468.1928405761719,9.861553192138672,12.298828125,22.162935256958008,0.16211751103401184,385.6000061035156,6.22599983215332,3.5899999141693115,1989.699951171875,513.28125,2.0289063453674316,1.0493398904800415,2678.0,513.28125,2.0289063453674316,1.0493398904800415,2678.0,513.28125,2.0289063453674316,1.0493398904800415,2678.0
2026-09-10T12:13:00.000+08:00,464.4056701660156,9.829032897949219,12.263916015625,22.739845275878906,0.157828688621521,385.6000061035156,6.2220001220703125,3.5880000591278076,1989.699951171875,513.28125,2.0289063453674316,1.047724962234497,2678.0,513.28125,2.0289063453674316,1.047724962234497,2678.0,513.28125,2.0289063453674316,1.047724962234497,2678.0
2026-09-10T12:14:00.000+08:00,475.4465026855469,9.790107727050781,12.236328125,22.917404174804688,0.1565622240304947,385.5,6.21999979019165,3.5859999656677246,1989.800048828125,513.28125,2.0289063453674316,1.048936128616333,2678.0,513.28125,2.0289063453674316,1.048936128616333,2678.0,513.28125,2.0289063453674316,1.048936128616333,2678.0
2026-09-10T12:15:00.000+08:00,461.824951171875,9.752487182617188,12.229248046875,22.43538475036621,0.15943564474582672,385.3999938964844,6.203999996185303,3.5859999656677246,1989.9000244140625,513.28125,2.0289063453674316,1.0485323667526245,2678.0,513.28125,2.0289063453674316,1.0485323667526245,2678.0,513.28125,2.0289063453674316,1.0485323667526245,2678.0
2026-09-10T12:16:00.000+08:00,467.480712890625,9.782585144042969,12.2431640625,22.66530990600586,0.1580829918384552,384.70001220703125,6.196000099182129,3.565999984741211,1989.9000244140625,513.28125,2.0289063453674316,1.043418288230896,2678.0,513.28125,2.0289063453674316,1.043418288230896,2678.0,513.28125,2.0289063453674316,1.043418288230896,2678.0
2026-09-10T12:17:00.000+08:00,462.1006774902344,9.782386779785156,12.222412109375,21.841951370239258,0.16408789157867432,385.0,6.171000003814697,3.569999933242798,1990.0,513.28125,2.0289063453674316,1.0422070026397705,2678.0,513.28125,2.0289063453674316,1.0422070026397705,2678.0,513.28125,2.0289063453674316,1.0422070026397705,2678.0
2026-09-10T12:18:00.000+08:00,460.157470703125,9.78409194946289,12.222412109375,22.53757667541504,0.15844649076461792,385.20001220703125,6.206999778747559,3.5810000896453857,1990.0,513.28125,2.0289063453674316,1.0455715656280518,2678.0,513.28125,2.0289063453674316,1.0455715656280518,2678.0,513.28125,2.0289063453674316,1.0455715656280518,2678.0
2026-09-10T12:19:00.000+08:00,463.4123229980469,9.685661315917969,12.16015625,22.496925354003906,0.1589106023311615,385.20001220703125,6.197000026702881,3.578000068664551,1990.0999755859375,513.28125,2.0289063453674316,1.04974365234375,2678.0,513.28125,2.0289063453674316,1.04974365234375,2678.0,513.28125,2.0289063453674316,1.04974365234375,2678.0
2026-09-10T12:20:00.000+08:00,455.7080383300781,9.544166564941406,12.069580078125,21.96483612060547,0.1627601534128189,385.29998779296875,6.177999973297119,3.572999954223633,1990.199951171875,513.28125,2.0289063453674316,1.0455715656280518,2678.0,513.28125,2.0289063453674316,1.0455715656280518,2678.0,513.28125,2.0289063453674316,1.0455715656280518,2678.0
2026-09-10T12:21:00.000+08:00,459.1595764160156,9.477027893066406,12.048828125,23.315649032592773,0.15423117578029633,385.1000061035156,6.181000232696533,3.575000047683716,1990.199951171875,513.28125,2.0289063453674316,1.0455715656280518,2678.0,513.28125,2.0289063453674316,1.0455715656280518,2678.0,513.28125,2.0289063453674316,1.0455715656280518,2678.0
2026-09-10T12:22:00.000+08:00,468.2333068847656,9.467647552490234,12.048828125,23.77931022644043,0.15130800008773804,385.1000061035156,6.203999996185303,3.5789999961853027,1990.300048828125,513.28125,2.0289063453674316,1.0479941368103027,2678.0,513.28125,2.0289063453674316,1.0479941368103027,2678.0,513.28125,2.0289063453674316,1.0479941368103027,2678.0
2026-09-10T12:23:00.000+08:00,452.44281005859375,9.450870513916016,12.0,23.07710838317871,0.15495875477790833,385.6000061035156,6.203000068664551,3.5810000896453857,1990.300048828125,513.28125,2.0289063453674316,1.0459753274917603,2678.0,513.28125,2.0289063453674316,1.0459753274917603,2678.0,513.28125,2.0289063453674316,1.0459753274917603,2678.0
2026-09-10T12:24:00.000+08:00,441.5864562988281,9.484569549560547,12.034912109375,22.30004119873047,0.16022391617298126,385.5,6.229000091552734,3.5899999141693115,1990.4000244140625,513.28125,2.0289063453674316,1.050551176071167,2678.0,513.28125,2.0289063453674316,1.050551176071167,2678.0,513.28125,2.0289063453674316,1.050551176071167,2678.0
2026-09-10T12:25:00.000+08:00,441.8509826660156,9.453712463378906,12.020751953125,22.40667152404785,0.15999698638916016,385.70001220703125,6.216000080108643,3.5840001106262207,1990.5,513.28125,2.0289063453674316,1.047724962234497,2678.0,513.28125,2.0289063453674316,1.047724962234497,2678.0,513.28125,2.0289063453674316,1.047724962234497,2678.0
2026-09-10T12:26:00.000+08:00,455.94818115234375,9.53237533569336,12.03515625,23.721820831298828,0.1511688381433487,385.5,6.202000141143799,3.5840001106262207,1990.5,513.28125,2.0289063453674316,1.0518969297409058,2678.0,513.28125,2.0289063453674316,1.0518969297409058,2678.0,513.28125,2.0289063453674316,1.0518969297409058,2678.0
2026-09-10T12:27:00.000+08:00,465.39129638671875,9.61935043334961,11.979248046875,23.749000549316406,0.15124846994876862,385.20001220703125,6.206999778747559,3.5859999656677246,1990.5999755859375,513.28125,2.0289063453674316,1.050551176071167,2678.0,513.28125,2.0289063453674316,1.050551176071167,2678.0,513.28125,2.0289063453674316,1.050551176071167,2678.0
2026-09-10T12:28:00.000+08:00,461.2876281738281,9.560066223144531,11.97265625,22.6866397857666,0.15802252292633057,385.29998779296875,6.2270002365112305,3.5810000896453857,1990.5999755859375,513.28125,2.0289063453674316,1.0447640419006348,2678.0,513.28125,2.0289063453674316,1.0447640419006348,2678.0,513.28125,2.0289063453674316,1.0447640419006348,2678.0
2026-09-10T12:29:00.000+08:00,467.7899169921875,9.507316589355469,12.007080078125,22.907291412353516,0.15663135051727295,385.1000061035156,6.195000171661377,3.5739998817443848,1990.699951171875,513.28125,2.0289063453674316,1.0455715656280518,2678.0,513.28125,2.0289063453674316,1.0455715656280518,2678.0,513.28125,2.0289063453674316,1.0455715656280518,2678.0
2026-09-10T12:30:00.000+08:00,474.4871520996094,9.516212463378906,12.048828125,23.126468658447266,0.15441182255744934,385.29998779296875,6.215000152587891,3.5829999446868896,1990.800048828125,513.28125,2.0289063453674316,1.051358699798584,2678.0,513.28125,2.0289063453674316,1.051358699798584,2678.0,513.28125,2.0289063453674316,1.051358699798584,2678.0
2026-09-10T12:31:00.000+08:00,468.32098388671875,9.467453002929688,11.944580078125,23.45949935913086,0.15204927325248718,385.3999938964844,6.202000141143799,3.578000068664551,1990.800048828125,513.28125,2.0289063453674316,1.0435528755187988,2678.0,513.28125,2.0289063453674316,1.0435528755187988,2678.0,513.28125,2.0289063453674316,1.0435528755187988,2678.0
2026-09-10T12:32:00.000+08:00,465.7513427734375,9.457344055175781,11.986083984375,24.043960571289062,0.1492682546377182,385.1000061035156,6.2170000076293945,3.5850000381469727,1990.9000244140625,513.28125,2.067187547683716,1.0685851573944092,2678.0,513.28125,2.067187547683716,1.0685851573944092,2678.0,513.28125,2.067187547683716,1.0685851573944092,2678.0
2026-09-10T12:33:00.000+08:00,457.4327697753906,9.475292205810547,11.923828125,22.78434944152832,0.1570815145969391,385.1000061035156,6.236999988555908,3.5789999961853027,1990.9000244140625,513.28125,2.0289063453674316,1.0509549379348755,2678.0,513.28125,2.0289063453674316,1.0509549379348755,2678.0,513.28125,2.0289063453674316,1.0509549379348755,2678.0
2026-09-10T12:34:00.000+08:00,449.6458740234375,9.488243103027344,11.882080078125,22.276796340942383,0.1605706661939621,385.20001220703125,6.216000080108643,3.5769999027252197,1991.0,513.28125,2.0289063453674316,1.047724962234497,2679.0,513.28125,2.0289063453674316,1.047724962234497,2679.0,513.28125,2.0289063453674316,1.047724962234497,2679.0
2026-09-10T12:35:00.000+08:00,461.0003662109375,9.45697021484375,11.9931640625,22.328020095825195,0.1597992181777954,385.6000061035156,6.2230000495910645,3.5810000896453857,1991.0999755859375,513.28125,2.0289063453674316,1.0493398904800415,2679.0,513.28125,2.0289063453674316,1.0493398904800415,2679.0,513.28125,2.0289063453674316,1.0493398904800415,2679.0
2026-09-10T12:36:00.000+08:00,457.220947265625,9.45050048828125,12.0,21.752429962158203,0.16467125713825226,385.79998779296875,6.214000225067139,3.5869998931884766,1991.0999755859375,513.28125,2.0289063453674316,1.050551176071167,2679.0,513.28125,2.0289063453674316,1.050551176071167,2679.0,513.28125,2.0289063453674316,1.050551176071167,2679.0
2026-09-10T12:37:00.000+08:00,460.1857604980469,9.462398529052734,11.958251953125,23.098899841308594,0.1556784063577652,385.6000061035156,6.215000152587891,3.5789999961853027,1991.199951171875,513.28125,2.0289063453674316,1.0501474142074585,2679.0,513.28125,2.0289063453674316,1.0501474142074585,2679.0,513.28125,2.0289063453674316,1.0501474142074585,2679.0
2026-09-10T12:38:00.000+08:00,458.58740234375,9.474506378173828,11.944580078125,22.26669692993164,0.1610925942659378,385.5,6.193999767303467,3.5759999752044678,1991.199951171875,513.28125,2.0289063453674316,1.0485323667526245,2679.0,513.28125,2.0289063453674316,1.0485323667526245,2679.0,513.28125,2.0289063453674316,1.0485323667526245,2679.0
2026-09-10T12:39:00.000+08:00,459.5065002441406,9.478935241699219,11.979248046875,22.909481048583984,0.15635447204113007,385.3999938964844,6.197000026702881,3.5799999237060547,1991.300048828125,513.28125,2.0289063453674316,1.0455715656280518,2679.0,513.28125,2.0289063453674316,1.0455715656280518,2679.0,513.28125,2.0289063453674316,1.0455715656280518,2679.0
2026-09-10T12:40:00.000+08:00,465.4172058105469,9.538475036621094,11.951416015625,23.048608779907227,0.1551937460899353,385.0,6.190000057220459,3.566999912261963,1991.300048828125,513.28125,2.0289063453674316,1.0467828512191772,2679.0,513.28125,2.0289063453674316,1.0467828512191772,2679.0,513.28125,2.0289063453674316,1.0467828512191772,2679.0
2026-09-10T12:41:00.000+08:00,450.6494445800781,9.505504608154297,11.9658203125,22.09494972229004,0.162027969956398,386.0,6.238999843597412,3.6010000705718994,1991.4000244140625,513.28125,2.0289063453674316,1.055261492729187,2679.0,513.28125,2.0289063453674316,1.055261492729187,2679.0,513.28125,2.0289063453674316,1.055261492729187,2679.0
2026-09-10T12:42:00.000+08:00,455.31219482421875,9.55111312866211,11.882080078125,22.004169464111328,0.16215108335018158,386.1000061035156,6.2230000495910645,3.5959999561309814,1991.5,513.28125,2.067187547683716,1.0633364915847778,2679.0,513.28125,2.067187547683716,1.0633364915847778,2679.0,513.28125,2.067187547683716,1.0633364915847778,2679.0
2026-09-10T12:43:00.000+08:00,468.82843017578125,9.557167053222656,11.923583984375,22.90311050415039,0.15617966651916504,385.6000061035156,6.234000205993652,3.5950000286102295,1991.5,513.28125,2.0289063453674316,1.050551176071167,2679.0,513.28125,2.0289063453674316,1.050551176071167,2679.0,513.28125,2.0289063453674316,1.050551176071167,2679.0
2026-09-10T12:44:00.000+08:00,470.8017578125,9.524917602539062,11.916748046875,23.129005432128906,0.15525959432125092,385.70001220703125,6.215000152587891,3.5859999656677246,1991.5999755859375,513.28125,2.0289063453674316,1.0531082153320312,2679.0,513.28125,2.0289063453674316,1.0531082153320312,2679.0,513.28125,2.0289063453674316,1.0531082153320312,2679.0
2026-09-10T12:45:00.000+08:00,461.26983642578125,9.525154113769531,11.9931640625,22.75440216064453,0.15785956382751465,385.6000061035156,6.224999904632568,3.5940001010894775,1991.5999755859375,513.28125,2.0289063453674316,1.0518969297409058,2679.0,513.28125,2.0289063453674316,1.0518969297409058,2679.0,513.28125,2.0289063453674316,1.0518969297409058,2679.0
2026-09-10T12:46:00.000+08:00,471.4106140136719,9.553955078125,11.875,22.111343383789062,0.16231487691402435,386.0,6.224999904632568,3.5940001010894775,1991.699951171875,513.28125,2.0289063453674316,1.0539157390594482,2679.0,513.28125,2.0289063453674316,1.0539157390594482,2679.0,513.28125,2.0289063453674316,1.0539157390594482,2679.0
2026-09-10T12:47:00.000+08:00,458.7350158691406,9.533832550048828,11.882080078125,22.314373016357422,0.16038990020751953,386.1000061035156,6.241000175476074,3.6029999256134033,1991.800048828125,513.28125,2.0289063453674316,1.0539157390594482,2679.0,513.28125,2.0289063453674316,1.0539157390594482,2679.0,513.28125,2.0289063453674316,1.0539157390594482,2679.0
2026-09-10T12:48:00.000+08:00,459.9151611328125,9.530990600585938,11.923828125,21.14085578918457,0.17009718716144562,385.8999938964844,6.2270002365112305,3.5920000076293945,1991.800048828125,513.28125,2.0289063453674316,1.0498782396316528,2679.0,513.28125,2.0289063453674316,1.0498782396316528,2679.0,513.28125,2.0289063453674316,1.0498782396316528,2679.0
2026-09-10T12:49:00.000+08:00,465.6022033691406,9.468841552734375,11.909912109375,22.00675392150879,0.16335894167423248,386.0,6.236999988555908,3.5950000286102295,1991.9000244140625,513.28125,2.0289063453674316,1.0535119771957397,2679.0,513.28125,2.0289063453674316,1.0535119771957397,2679.0,513.28125,2.0289063453674316,1.0535119771957397,2679.0
2026-09-10T12:50:00.000+08:00,461.28057861328125,9.557937622070312,11.8681640625,21.61001205444336,0.1664043515920639,386.3999938964844,6.224999904632568,3.6050000190734863,1991.9000244140625,513.28125,2.0289063453674316,1.0536465644836426,2679.0,513.28125,2.0289063453674316,1.0536465644836426,2679.0,513.28125,2.0289063453674316,1.0536465644836426,2679.0
2026-09-10T12:51:00.000+08:00,457.8970642089844,9.548213958740234,11.84033203125,21.494373321533203,0.16739264130592346,386.20001220703125,6.22599983215332,3.5959999561309814,1992.0,513.28125,2.0289063453674316,1.0539157390594482,2679.0,513.28125,2.0289063453674316,1.0539157390594482,2679.0,513.28125,2.0289063453674316,1.0539157390594482,2679.0
2026-09-10T12:52:00.000+08:00,468.8293762207031,9.55078125,11.8125,21.22511100769043,0.16970466077327728,386.0,6.230999946594238,3.5940001010894775,1992.0999755859375,513.28125,2.0289063453674316,1.0514931678771973,2679.0,513.28125,2.0289063453674316,1.0514931678771973,2679.0,513.28125,2.0289063453674316,1.0514931678771973,2679.0
2026-09-10T12:53:00.000+08:00,458.2464294433594,9.450210571289062,11.882080078125,21.123422622680664,0.1701902151107788,386.0,6.203000068664551,3.5959999561309814,1992.0999755859375,513.28125,2.0289063453674316,1.0523006916046143,2679.0,513.28125,2.0289063453674316,1.0523006916046143,2679.0,513.28125,2.0289063453674316,1.0523006916046143,2679.0
2026-09-10T12:54:00.000+08:00,452.5794982910156,9.54715347290039,11.882080078125,20.774097442626953,0.17310018837451935,385.8999938964844,6.192999839782715,3.5820000171661377,1992.199951171875,513.28125,2.0289063453674316,1.0523006916046143,2679.0,513.28125,2.0289063453674316,1.0523006916046143,2679.0,513.28125,2.0289063453674316,1.0523006916046143,2679.0
2026-09-10T12:55:00.000+08:00,464.28692626953125,9.674209594726562,11.951416015625,21.652423858642578,0.16589365899562836,385.5,6.218999862670898,3.5850000381469727,1992.199951171875,513.28125,2.0289063453674316,1.0501474142074585,2679.0,513.28125,2.0289063453674316,1.0501474142074585,2679.0,513.28125,2.0289063453674316,1.0501474142074585,2679.0
2026-09-10T12:56:00.000+08:00,464.8880310058594,9.634044647216797,12.034912109375,21.81983184814453,0.16443757712841034,385.3999938964844,6.175000190734863,3.571000099182129,1992.300048828125,513.28125,2.0289063453674316,1.048936128616333,2679.0,513.28125,2.0289063453674316,1.048936128616333,2679.0,513.28125,2.0289063453674316,1.048936128616333,2679.0
2026-09-10T12:57:00.000+08:00,468.5943298339844,9.711235046386719,12.041748046875,21.39737319946289,0.1675906628370285,386.1000061035156,6.192999839782715,3.5969998836517334,1992.4000244140625,513.28125,2.0289063453674316,1.055261492729187,2679.0,513.28125,2.0289063453674316,1.055261492729187,2679.0,513.28125,2.0289063453674316,1.055261492729187,2679.0
2026-09-10T12:58:00.000+08:00,470.3587341308594,9.723506927490234,11.972412109375,21.506528854370117,0.1666005700826645,385.79998779296875,6.182000160217285,3.5810000896453857,1992.4000244140625,513.28125,2.0289063453674316,1.0498782396316528,2679.0,513.28125,2.0289063453674316,1.0498782396316528,2679.0,513.28125,2.0289063453674316,1.0498782396316528,2679.0
2026-09-10T12:59:00.000+08:00,472.3404235839844,9.73427963256836,11.909912109375,21.918214797973633,0.1640644520521164,384.79998779296875,6.184000015258789,3.568000078201294,1992.5,513.28125,2.0289063453674316,1.0466482639312744,2679.0,513.28125,2.0289063453674316,1.0466482639312744,2679.0,513.28125,2.0289063453674316,1.0466482639312744,2679.0
2026-09-10T13:00:00.000+08:00,472.6870422363281,9.697235107421875,11.9931640625,22.042024612426758,0.16305217146873474,384.8999938964844,6.170000076293945,3.569000005722046,1992.5,513.28125,2.0289063453674316,1.0430145263671875,2679.0,513.28125,2.0289063453674316,1.0430145263671875,2679.0,513.28125,2.0289063453674316,1.0430145263671875,2679.0
2026-09-10T13:01:00.000+08:00,478.5103759765625,9.745765686035156,11.9306640625,21.78733253479004,0.16362719237804413,385.1000061035156,6.192999839782715,3.5759999752044678,1992.5999755859375,513.28125,2.0289063453674316,1.0439566373825073,2679.0,513.28125,2.0289063453674316,1.0439566373825073,2679.0,513.28125,2.0289063453674316,1.0439566373825073,2679.0
2026-09-10T13:02:00.000+08:00,471.8710021972656,9.709068298339844,11.986083984375,21.57303237915039,0.16488178074359894,384.6000061035156,6.175000190734863,3.561000108718872,1992.699951171875,513.28125,1.990625023841858,1.0400537252426147,2679.0,513.28125,1.990625023841858,1.0400537252426147,2679.0,513.28125,1.990625023841858,1.0400537252426147,2679.0
2026-09-10T13:03:00.000+08:00,469.07135009765625,9.723506927490234,11.986328125,21.002382278442383,0.17012354731559753,384.79998779296875,6.188000202178955,3.566999912261963,1992.699951171875,513.28125,2.0289063453674316,1.0459753274917603,2679.0,513.28125,2.0289063453674316,1.0459753274917603,2679.0,513.28125,2.0289063453674316,1.0459753274917603,2679.0
2026-09-10T13:04:00.000+08:00,457.3302001953125,9.80859375,12.02783203125,20.824106216430664,0.17114780843257904,384.5,6.172999858856201,3.555999994277954,1992.800048828125,509.765625,2.0289063453674316,1.0392462015151978,2679.0,509.765625,2.0289063453674316,1.0392462015151978,2679.0,509.765625,2.0289063453674316,1.0392462015151978,2679.0
2026-09-10T13:05:00.000+08:00,459.4913635253906,9.757572174072266,12.0556640625,20.695587158203125,0.17293542623519897,384.1000061035156,6.168000221252441,3.5510001182556152,1992.800048828125,509.765625,2.0289063453674316,1.0412650108337402,2679.0,509.765625,2.0289063453674316,1.0412650108337402,2679.0,509.765625,2.0289063453674316,1.0412650108337402,2679.0
2026-09-10T13:06:00.000+08:00,470.4740295410156,9.759044647216797,12.034912109375,20.485929489135742,0.17377780377864838,384.6000061035156,6.168000221252441,3.558000087738037,1992.9000244140625,509.765625,2.0289063453674316,1.0446295738220215,2679.0,509.765625,2.0289063453674316,1.0446295738220215,2679.0,509.765625,2.0289063453674316,1.0446295738220215,2679.0
2026-09-10T13:07:00.000+08:00,462.8707580566406,9.85784912109375,12.0556640625,21.0858154296875,0.16798022389411926,384.5,6.171999931335449,3.558000087738037,1993.0,509.765625,2.0289063453674316,1.0458407402038574,2679.0,509.765625,2.0289063453674316,1.0458407402038574,2679.0,509.765625,2.0289063453674316,1.0458407402038574,2679.0
2026-09-10T13:08:00.000+08:00,484.67706298828125,9.830142974853516,12.1044921875,21.862348556518555,0.16269981861114502,384.29998779296875,6.166999816894531,3.552999973297119,1993.0,509.765625,2.0289063453674316,1.0412650108337402,2679.0,509.765625,2.0289063453674316,1.0412650108337402,2679.0,509.765625,2.0289063453674316,1.0412650108337402,2679.0
2026-09-10T13:09:00.000+08:00,456.93896484375,9.79534912109375,12.007080078125,20.04400634765625,0.17750942707061768,384.29998779296875,6.138999938964844,3.5510001182556152,1993.0999755859375,509.765625,2.0289063453674316,1.0444949865341187,2679.0,509.765625,2.0289063453674316,1.0444949865341187,2679.0,509.765625,2.0289063453674316,1.0444949865341187,2679.0
2026-09-10T13:10:00.000+08:00,457.0400390625,9.789897918701172,12.02099609375,20.546192169189453,0.1730734258890152,384.6000061035156,6.138999938964844,3.552000045776367,1993.0999755859375,509.765625,2.0289063453674316,1.0432837009429932,2679.0,509.765625,2.0289063453674316,1.0432837009429932,2679.0,509.765625,2.0289063453674316,1.0432837009429932,2679.0
2026-09-10T13:11:00.000+08:00,463.26263427734375,9.8233642578125,12.09765625,20.585391998291016,0.17225807905197144,384.1000061035156,6.145999908447266,3.5439999103546143,1993.199951171875,509.765625,2.0289063453674316,1.0395153760910034,2679.0,509.765625,2.0289063453674316,1.0395153760910034,2679.0,509.765625,2.0289063453674316,1.0395153760910034,2679.0
2026-09-10T13:12:00.000+08:00,455.7459411621094,9.915603637695312,12.0908203125,20.523820877075195,0.17365187406539917,384.1000061035156,6.165999889373779,3.552000045776367,1993.300048828125,509.765625,1.990625023841858,1.0395153760910034,2679.0,509.765625,1.990625023841858,1.0395153760910034,2679.0,509.765625,1.990625023841858,1.0395153760910034,2679.0
2026-09-10T13:13:00.000+08:00,461.06500244140625,9.894458770751953,12.159912109375,20.963666915893555,0.16924519836902618,383.8999938964844,6.138999938964844,3.5429999828338623,1993.300048828125,509.765625,1.990625023841858,1.0366891622543335,2679.0,509.765625,1.990625023841858,1.0366891622543335,2679.0,509.765625,1.990625023841858,1.0366891622543335,2679.0
2026-09-10T13:14:00.000+08:00,464.9452209472656,9.908390045166016,12.1533203125,20.135955810546875,0.17650018632411957,384.3999938964844,6.159999847412109,3.558000087738037,1993.4000244140625,509.765625,2.0289063453674316,1.045302391052246,2679.0,509.765625,2.0289063453674316,1.045302391052246,2679.0,509.765625,2.0289063453674316,1.045302391052246,2679.0
2026-09-10T13:15:00.000+08:00,463.9100646972656,9.885074615478516,12.166748046875,20.180381774902344,0.17536833882331848,384.6000061035156,6.168000221252441,3.566999912261963,1993.4000244140625,509.765625,2.0289063453674316,1.0420724153518677,2679.0,509.765625,2.0289063453674316,1.0420724153518677,2679.0,509.765625,2.0289063453674316,1.0420724153518677,2679.0
2026-09-10T13:16:00.000+08:00,441.9516906738281,9.889015197753906,12.14599609375,19.594839096069336,0.18122118711471558,384.70001220703125,6.15500020980835,3.563999891281128,1993.5,513.28125,1.990625023841858,1.0388424396514893,2679.0,513.28125,1.990625023841858,1.0388424396514893,2679.0,513.28125,1.990625023841858,1.0388424396514893,2679.0
2026-09-10T13:17:00.000+08:00,444.57684326171875,9.89767074584961,12.16015625,20.11932945251465,0.1729145497083664,384.5,6.144999980926514,3.555000066757202,1993.5999755859375,509.765625,2.0289063453674316,1.0420724153518677,2679.0,509.765625,2.0289063453674316,1.0420724153518677,2679.0,509.765625,2.0289063453674316,1.0420724153518677,2679.0
2026-09-10T13:18:00.000+08:00,450.2093505859375,9.945476531982422,12.125,20.326114654541016,0.17514415085315704,383.8999938964844,6.138000011444092,3.5450000762939453,1993.5999755859375,509.765625,1.990625023841858,1.0366891622543335,2679.0,509.765625,1.990625023841858,1.0366891622543335,2679.0,509.765625,1.990625023841858,1.0366891622543335,2679.0
2026-09-10T13:19:00.000+08:00,458.1461486816406,9.960918426513672,12.125,19.720827102661133,0.18057052791118622,384.0,6.14300012588501,3.5490000247955322,1993.699951171875,509.765625,1.990625023841858,1.038304090499878,2679.0,509.765625,1.990625023841858,1.038304090499878,2679.0,509.765625,1.990625023841858,1.038304090499878,2679.0
2026-09-10T13:20:00.000+08:00,473.1685485839844,9.972003936767578,12.1533203125,20.472360610961914,0.1735510677099228,383.8999938964844,6.151000022888184,3.553999900817871,1993.699951171875,509.765625,1.990625023841858,1.0358816385269165,2679.0,509.765625,1.990625023841858,1.0358816385269165,2679.0,509.765625,1.990625023841858,1.0358816385269165,2679.0
2026-09-10T13:21:00.000+08:00,465.9176330566406,9.996086120605469,12.125,20.520170211791992,0.17265939712524414,384.29998779296875,6.130000114440918,3.5460000038146973,1993.800048828125,509.765625,1.990625023841858,1.0400537252426147,2679.0,509.765625,1.990625023841858,1.0400537252426147,2679.0,509.765625,1.990625023841858,1.0400537252426147,2679.0
2026-09-10T13:22:00.000+08:00,453.1246337890625,9.913833618164062,12.138916015625,19.895824432373047,0.17832887172698975,384.3999938964844,6.158999919891357,3.562000036239624,1993.800048828125,509.765625,2.0289063453674316,1.0420724153518677,2679.0,509.765625,2.0289063453674316,1.0420724153518677,2679.0,509.765625,2.0289063453674316,1.0420724153518677,2679.0
2026-09-10T13:23:00.000+08:00,447.9598693847656,9.831958770751953,12.125,20.290771484375,0.17495638132095337,384.29998779296875,6.1579999923706055,3.561000108718872,1993.9000244140625,509.765625,1.990625023841858,1.0380349159240723,2679.0,509.765625,1.990625023841858,1.0380349159240723,2679.0,509.765625,1.990625023841858,1.0380349159240723,2679.0
2026-09-10T13:24:00.000+08:00,457.5482177734375,9.858112335205078,12.1669921875,20.396194458007812,0.17459139227867126,384.1000061035156,6.140999794006348,3.5510001182556152,1994.0,509.765625,1.990625023841858,1.0374966859817505,2679.0,509.765625,1.990625023841858,1.0374966859817505,2679.0,509.765625,1.990625023841858,1.0374966859817505,2679.0
2026-09-10T13:25:00.000+08:00,451.7776184082031,9.821571350097656,12.194580078125,21.00273895263672,0.16935886442661285,383.8999938964844,6.13700008392334,3.546999931335449,1994.0,509.765625,1.990625023841858,1.038304090499878,2679.0,509.765625,1.990625023841858,1.038304090499878,2679.0,509.765625,1.990625023841858,1.038304090499878,2679.0
2026-09-10T13:26:00.000+08:00,455.9708557128906,9.845653533935547,12.2431640625,21.064428329467773,0.16929014027118683,384.0,6.138000011444092,3.5460000038146973,1994.0999755859375,509.765625,1.990625023841858,1.0358816385269165,2679.0,509.765625,1.990625023841858,1.0358816385269165,2679.0,509.765625,1.990625023841858,1.0358816385269165,2679.0
2026-09-10T13:27:00.000+08:00,453.8504333496094,9.834781646728516,12.159912109375,20.71062469482422,0.17145788669586182,384.3999938964844,6.156000137329102,3.558000087738037,1994.0999755859375,509.765625,2.0289063453674316,1.0432837009429932,2679.0,509.765625,2.0289063453674316,1.0432837009429932,2679.0,509.765625,2.0289063453674316,1.0432837009429932,2679.0
2026-09-10T13:28:00.000+08:00,460.6669921875,9.870010375976562,12.069580078125,21.996326446533203,0.16134512424468994,384.1000061035156,6.1479997634887695,3.558000087738037,1994.199951171875,509.765625,2.0289063453674316,1.0416686534881592,2679.0,509.765625,2.0289063453674316,1.0416686534881592,2679.0,509.765625,2.0289063453674316,1.0416686534881592,2679.0
2026-09-10T13:29:00.000+08:00,467.8299255371094,9.872108459472656,12.083251953125,21.557573318481445,0.16472168266773224,383.79998779296875,6.146999835968018,3.5490000247955322,1994.300048828125,509.765625,2.0289063453674316,1.039111614227295,2679.0,509.765625,2.0289063453674316,1.039111614227295,2679.0,509.765625,2.0289063453674316,1.039111614227295,2679.0
2026-09-10T13:30:00.000+08:00,464.9790344238281,9.807178497314453,12.007080078125,20.74433135986328,0.17132392525672913,383.70001220703125,6.1479997634887695,3.5460000038146973,1994.300048828125,509.765625,1.990625023841858,1.0337283611297607,2679.0,509.765625,1.990625023841858,1.0337283611297607,2679.0,509.765625,1.990625023841858,1.0337283611297607,2679.0
2026-09-10T13:31:00.000+08:00,480.48760986328125,9.843852996826172,12.104248046875,21.394981384277344,0.1662539392709732,384.5,6.166999816894531,3.561000108718872,1994.4000244140625,509.765625,1.990625023841858,1.0396499633789062,2680.0,509.765625,1.990625023841858,1.0396499633789062,2680.0,509.765625,1.990625023841858,1.0396499633789062,2680.0
2026-09-10T13:32:00.000+08:00,470.6152648925781,9.873226165771484,12.069580078125,20.64232635498047,0.171589195728302,384.20001220703125,6.158999919891357,3.556999921798706,1994.4000244140625,509.765625,1.990625023841858,1.0392462015151978,2680.0,509.765625,1.990625023841858,1.0392462015151978,2680.0,509.765625,1.990625023841858,1.0392462015151978,2680.0
2026-09-10T13:33:00.000+08:00,463.39471435546875,9.869640350341797,12.069580078125,20.435009002685547,0.17386828362941742,384.79998779296875,6.1539998054504395,3.566999912261963,1994.5,513.28125,2.0289063453674316,1.0459753274917603,2680.0,513.28125,2.0289063453674316,1.0459753274917603,2680.0,513.28125,2.0289063453674316,1.0459753274917603,2680.0
2026-09-10T13:34:00.000+08:00,453.5559997558594,9.81332778930664,12.159912109375,20.206457138061523,0.17598333954811096,383.79998779296875,6.144999980926514,3.5480000972747803,1994.5999755859375,509.765625,1.990625023841858,1.0329208374023438,2680.0,509.765625,1.990625023841858,1.0329208374023438,2680.0,509.765625,1.990625023841858,1.0329208374023438,2680.0
2026-09-10T13:35:00.000+08:00,455.3189697265625,9.852081298828125,12.159912109375,20.085670471191406,0.17604433000087738,383.8999938964844,6.13100004196167,3.5350000858306885,1994.5999755859375,509.765625,1.990625023841858,1.038304090499878,2680.0,509.765625,1.990625023841858,1.038304090499878,2680.0,509.765625,1.990625023841858,1.038304090499878,2680.0
2026-09-10T13:36:00.000+08:00,450.6635437011719,9.821990966796875,12.1806640625,20.56089973449707,0.17275509238243103,384.0,6.1529998779296875,3.5450000762939453,1994.699951171875,509.765625,1.990625023841858,1.0366891622543335,2680.0,509.765625,1.990625023841858,1.0366891622543335,2680.0,509.765625,1.990625023841858,1.0366891622543335,2680.0
2026-09-10T13:37:00.000+08:00,453.0003356933594,9.844776153564453,12.1533203125,20.72504425048828,0.1710490882396698,384.29998779296875,6.181000232696533,3.571000099182129,1994.699951171875,509.765625,2.0289063453674316,1.0436874628067017,2680.0,509.765625,2.0289063453674316,1.0436874628067017,2680.0,509.765625,2.0289063453674316,1.0436874628067017,2680.0
2026-09-10T13:38:00.000+08:00,457.6690673828125,9.765129089355469,12.132080078125,21.29481315612793,0.1661907136440277,384.3999938964844,6.1529998779296875,3.555999994277954,1994.800048828125,509.765625,2.0289063453674316,1.0440912246704102,2680.0,509.765625,2.0289063453674316,1.0440912246704102,2680.0,509.765625,2.0289063453674316,1.0440912246704102,2680.0
2026-09-10T13:39:00.000+08:00,460.88336181640625,9.785152435302734,12.111083984375,21.359498977661133,0.16704511642456055,384.1000061035156,6.150000095367432,3.552999973297119,1994.9000244140625,509.765625,1.990625023841858,1.0374966859817505,2680.0,509.765625,1.990625023841858,1.0374966859817505,2680.0,509.765625,1.990625023841858,1.0374966859817505,2680.0
2026-09-10T13:40:00.000+08:00,442.57537841796875,9.757232666015625,12.1533203125,20.928369522094727,0.16981732845306396,383.6000061035156,6.150000095367432,3.5460000038146973,1994.9000244140625,509.765625,2.0289063453674316,1.0459753274917603,2680.0,509.765625,2.0289063453674316,1.0459753274917603,2680.0,509.765625,2.0289063453674316,1.0459753274917603,2680.0
2026-09-10T13:41:00.000+08:00,455.5062561035156,9.756427764892578,12.194580078125,21.04275894165039,0.16856154799461365,384.29998779296875,6.15500020980835,3.549999952316284,1995.0,509.765625,1.990625023841858,1.0387078523635864,2680.0,509.765625,1.990625023841858,1.0387078523635864,2680.0,509.765625,1.990625023841858,1.0387078523635864,2680.0
2026-09-10T13:42:00.000+08:00,449.0941162109375,9.843437194824219,12.138916015625,20.11981201171875,0.1756974756717682,384.8999938964844,6.169000148773193,3.561000108718872,1995.0,513.28125,2.0289063453674316,1.0422070026397705,2680.0,513.28125,2.0289063453674316,1.0422070026397705,2680.0,513.28125,2.0289063453674316,1.0422070026397705,2680.0
2026-09-10T13:43:00.000+08:00,460.24273681640625,9.851985931396484,12.097412109375,21.74786376953125,0.16300451755523682,385.1000061035156,6.172999858856201,3.572000026702881,1995.0999755859375,513.28125,2.0289063453674316,1.0443603992462158,2680.0,513.28125,2.0289063453674316,1.0443603992462158,2680.0,513.28125,2.0289063453674316,1.0443603992462158,2680.0
2026-09-10T13:44:00.000+08:00,462.6795349121094,9.87359619140625,12.09033203125,21.970975875854492,0.16244158148765564,384.70001220703125,6.173999786376953,3.562999963760376,1995.199951171875,513.28125,2.0289063453674316,1.0482631921768188,2680.0,513.28125,2.0289063453674316,1.0482631921768188,2680.0,513.28125,2.0289063453674316,1.0482631921768188,2680.0
2026-09-10T13:45:00.000+08:00,465.9327392578125,9.873226165771484,12.09765625,21.22667694091797,0.16842015087604523,384.5,6.14900016784668,3.552000045776367,1995.199951171875,509.765625,2.0289063453674316,1.0446295738220215,2680.0,509.765625,2.0289063453674316,1.0446295738220215,2680.0,509.765625,2.0289063453674316,1.0446295738220215,2680.0
2026-09-10T13:46:00.000+08:00,460.5450134277344,9.752906799316406,12.159912109375,21.196054458618164,0.1680501401424408,384.5,6.146999835968018,3.552000045776367,1995.300048828125,509.765625,1.990625023841858,1.0384386777877808,2680.0,509.765625,1.990625023841858,1.0384386777877808,2680.0,509.765625,1.990625023841858,1.0384386777877808,2680.0
2026-09-10T13:47:00.000+08:00,450.6634521484375,9.78564453125,12.166748046875,20.204992294311523,0.17609509825706482,384.3999938964844,6.172999858856201,3.562000036239624,1995.300048828125,509.765625,1.990625023841858,1.0392462015151978,2680.0,509.765625,1.990625023841858,1.0392462015151978,2680.0,509.765625,1.990625023841858,1.0392462015151978,2680.0
2026-09-10T13:48:00.000+08:00,465.36370849609375,9.856231689453125,12.138916015625,21.280075073242188,0.16715167462825775,384.0,6.156000137329102,3.5439999103546143,1995.4000244140625,509.765625,1.990625023841858,1.0366891622543335,2680.0,509.765625,1.990625023841858,1.0366891622543335,2680.0,509.765625,1.990625023841858,1.0366891622543335,2680.0
2026-09-10T13:49:00.000+08:00,461.2229919433594,9.8089599609375,12.1806640625,21.0574951171875,0.16858604550361633,384.3999938964844,6.159999847412109,3.553999900817871,1995.4000244140625,509.765625,2.0289063453674316,1.0432837009429932,2680.0,509.765625,2.0289063453674316,1.0432837009429932,2680.0,509.765625,2.0289063453674316,1.0432837009429932,2680.0
2026-09-10T13:50:00.000+08:00,484.31964111328125,9.797496795654297,12.1669921875,21.741348266601562,0.1632833331823349,384.8999938964844,6.145999908447266,3.555999994277954,1995.5,513.28125,2.0289063453674316,1.042610764503479,2680.0,513.28125,2.0289063453674316,1.042610764503479,2680.0,513.28125,2.0289063453674316,1.042610764503479,2680.0
2026-09-10T13:51:00.000+08:00,466.4345703125,9.796730041503906,12.16015625,22.20330238342285,0.15984109044075012,384.70001220703125,6.159999847412109,3.561000108718872,1995.5999755859375,513.28125,2.0289063453674316,1.0438220500946045,2680.0,513.28125,2.0289063453674316,1.0438220500946045,2680.0,513.28125,2.0289063453674316,1.0438220500946045,2680.0
2026-09-10T13:52:00.000+08:00,465.92291259765625,9.794109344482422,12.125,22.07357406616211,0.161505326628685,384.79998779296875,6.190000057220459,3.559000015258789,1995.5999755859375,513.28125,1.990625023841858,1.0376312732696533,2680.0,513.28125,1.990625023841858,1.0376312732696533,2680.0,513.28125,1.990625023841858,1.0376312732696533,2680.0
2026-09-10T13:53:00.000+08:00,466.22283935546875,9.71017074584961,12.14599609375,22.24022674560547,0.16029512882232666,384.79998779296875,6.14900016784668,3.563999891281128,1995.699951171875,513.28125,2.0289063453674316,1.0430145263671875,2680.0,513.28125,2.0289063453674316,1.0430145263671875,2680.0,513.28125,2.0289063453674316,1.0430145263671875,2680.0
2026-09-10T13:54:00.000+08:00,456.65545654296875,9.728416442871094,12.138916015625,22.039464950561523,0.16143767535686493,384.8999938964844,6.164000034332275,3.569999933242798,1995.699951171875,513.28125,2.0289063453674316,1.044225811958313,2680.0,513.28125,2.0289063453674316,1.044225811958313,2680.0,513.28125,2.0289063453674316,1.044225811958313,2680.0
2026-09-10T13:55:00.000+08:00,463.9759826660156,9.745010375976562,12.09765625,22.55487632751465,0.15792593359947205,384.8999938964844,6.1570000648498535,3.565000057220459,1995.800048828125,513.28125,2.0289063453674316,1.045436978340149,2680.0,513.28125,2.0289063453674316,1.045436978340149,2680.0,513.28125,2.0289063453674316,1.045436978340149,2680.0
2026-09-10T13:56:00.000+08:00,449.9576110839844,9.50830078125,12.0556640625,20.78217315673828,0.17144501209259033,384.79998779296875,6.13700008392334,3.552999973297119,1995.9000244140625,513.28125,2.0289063453674316,1.0438220500946045,2680.0,513.28125,2.0289063453674316,1.0438220500946045,2680.0,513.28125,2.0289063453674316,1.0438220500946045,2680.0
2026-09-10T13:57:00.000+08:00,449.8671875,9.377662658691406,11.986328125,21.15288543701172,0.16858220100402832,384.3999938964844,6.192999839782715,3.561000108718872,1995.9000244140625,509.765625,2.0289063453674316,1.0387078523635864,2680.0,509.765625,2.0289063453674316,1.0387078523635864,2680.0,509.765625,2.0289063453674316,1.0387078523635864,2680.0
2026-09-10T13:58:00.000+08:00,455.4036560058594,9.434009552001953,11.9931640625,21.833040237426758,0.16333043575286865,384.79998779296875,6.15500020980835,3.565999984741211,1996.0,513.28125,2.0289063453674316,1.045436978340149,2680.0,513.28125,2.0289063453674316,1.045436978340149,2680.0,513.28125,2.0289063453674316,1.045436978340149,2680.0
2026-09-10T13:59:00.000+08:00,458.7796630859375,9.389453887939453,11.9169921875,23.615680694580078,0.15070495009422302,384.8999938964844,6.172999858856201,3.5759999752044678,1996.0,513.28125,2.0289063453674316,1.0471866130828857,2680.0,513.28125,2.0289063453674316,1.0471866130828857,2680.0,513.28125,2.0289063453674316,1.0471866130828857,2680.0
2026-09-10T14:00:00.000+08:00,456.1967468261719,9.388809204101562,11.875,22.252742767333984,0.160519540309906,385.1000061035156,6.164000034332275,3.5739998817443848,1996.0999755859375,513.28125,2.0289063453674316,1.0451678037643433,2680.0,513.28125,2.0289063453674316,1.0451678037643433,2680.0,513.28125,2.0289063453674316,1.0451678037643433,2680.0
2026-09-10T14:01:00.000+08:00,441.9794921875,9.35501480102539,11.8125,21.848440170288086,0.1633068472146988,385.1000061035156,6.171999931335449,3.5799999237060547,1996.199951171875,513.28125,2.0289063453674316,1.0463790893554688,2680.0,513.28125,2.0289063453674316,1.0463790893554688,2680.0,513.28125,2.0289063453674316,1.0463790893554688,2680.0
2026-09-10T14:02:00.000+08:00,460.16485595703125,9.325862884521484,11.923828125,22.856660842895508,0.1563657969236374,385.1000061035156,6.172999858856201,3.569000005722046,1996.199951171875,513.28125,2.0289063453674316,1.0439566373825073,2680.0,513.28125,2.0289063453674316,1.0439566373825073,2680.0,513.28125,2.0289063453674316,1.0439566373825073,2680.0
2026-09-10T14:03:00.000+08:00,457.20196533203125,9.351757049560547,11.916748046875,22.585500717163086,0.15859732031822205,385.29998779296875,6.184999942779541,3.5810000896453857,1996.300048828125,513.28125,2.0289063453674316,1.0471866130828857,2680.0,513.28125,2.0289063453674316,1.0471866130828857,2680.0,513.28125,2.0289063453674316,1.0471866130828857,2680.0
2026-09-10T14:04:00.000+08:00,462.5633544921875,9.3553466796875,11.888916015625,23.73881721496582,0.15076573193073273,385.29998779296875,6.181000232696533,3.5810000896453857,1996.300048828125,513.28125,2.0289063453674316,1.0479941368103027,2680.0,513.28125,2.0289063453674316,1.0479941368103027,2680.0,513.28125,2.0289063453674316,1.0479941368103027,2680.0
2026-09-10T14:05:00.000+08:00,456.8470458984375,9.338123321533203,11.9375,22.581039428710938,0.15849579870700836,385.0,6.164000034332275,3.568000078201294,1996.4000244140625,513.28125,2.0289063453674316,1.043418288230896,2680.0,513.28125,2.0289063453674316,1.043418288230896,2680.0,513.28125,2.0289063453674316,1.043418288230896,2680.0
2026-09-10T14:06:00.000+08:00,453.1746520996094,9.352092742919922,11.9931640625,23.08757781982422,0.15523499250411987,385.1000061035156,6.171999931335449,3.571000099182129,1996.5,513.28125,2.0289063453674316,1.0446295738220215,2680.0,513.28125,2.0289063453674316,1.0446295738220215,2680.0,513.28125,2.0289063453674316,1.0446295738220215,2680.0
2026-09-10T14:07:00.000+08:00,458.60589599609375,9.360355377197266,11.986328125,23.89563751220703,0.14956705272197723,385.1000061035156,6.160999774932861,3.568000078201294,1996.5,513.28125,2.0289063453674316,1.0451678037643433,2680.0,513.28125,2.0289063453674316,1.0451678037643433,2680.0,513.28125,2.0289063453674316,1.0451678037643433,2680.0
2026-09-10T14:08:00.000+08:00,453.7973327636719,9.326545715332031,11.972412109375,23.426158905029297,0.1526498645544052,385.3999938964844,6.183000087738037,3.5789999961853027,1996.5999755859375,513.28125,2.0289063453674316,1.0459753274917603,2680.0,513.28125,2.0289063453674316,1.0459753274917603,2680.0,513.28125,2.0289063453674316,1.0459753274917603,2680.0
2026-09-10T14:09:00.000+08:00,453.1123352050781,9.310478210449219,11.89599609375,23.40550994873047,0.15252818167209625,385.29998779296875,6.177000045776367,3.572999954223633,1996.5999755859375,513.28125,2.0289063453674316,1.0447640419006348,2680.0,513.28125,2.0289063453674316,1.0447640419006348,2680.0,513.28125,2.0289063453674316,1.0447640419006348,2680.0
2026-09-10T14:10:00.000+08:00,451.7173767089844,9.370040893554688,11.97265625,23.719558715820312,0.150888130068779,385.1000061035156,6.198999881744385,3.578000068664551,1996.699951171875,513.28125,2.0289063453674316,1.0451678037643433,2680.0,513.28125,2.0289063453674316,1.0451678037643433,2680.0,513.28125,2.0289063453674316,1.0451678037643433,2680.0
2026-09-10T14:11:00.000+08:00,458.9454040527344,9.481403350830078,11.951416015625,23.110456466674805,0.1550380438566208,385.0,6.183000087738037,3.5759999752044678,1996.800048828125,513.28125,2.0289063453674316,1.0463790893554688,2680.0,513.28125,2.0289063453674316,1.0463790893554688,2680.0,513.28125,2.0289063453674316,1.0463790893554688,2680.0
2026-09-10T14:12:00.000+08:00,472.8160095214844,9.537429809570312,12.02099609375,24.261512756347656,0.14710542559623718,385.3999938964844,6.190000057220459,3.5799999237060547,1996.800048828125,513.28125,2.0289063453674316,1.053377389907837,2680.0,513.28125,2.0289063453674316,1.053377389907837,2680.0,513.28125,2.0289063453674316,1.053377389907837,2680.0
2026-09-10T14:13:00.000+08:00,466.8394775390625,9.44333267211914,12.03515625,23.538036346435547,0.15192431211471558,385.1000061035156,6.169000148773193,3.569000005722046,1996.9000244140625,513.28125,2.0289063453674316,1.042610764503479,2680.0,513.28125,2.0289063453674316,1.042610764503479,2680.0,513.28125,2.0289063453674316,1.042610764503479,2680.0
2026-09-10T14:14:00.000+08:00,462.9606628417969,9.477397918701172,12.0556640625,23.27680015563965,0.15401601791381836,385.3999938964844,6.175000190734863,3.575000047683716,1996.9000244140625,513.28125,2.0289063453674316,1.0471866130828857,2680.0,513.28125,2.0289063453674316,1.0471866130828857,2680.0,513.28125,2.0289063453674316,1.0471866130828857,2680.0
2026-09-10T14:15:00.000+08:00,460.0629577636719,9.53768539428711,12.013916015625,22.950212478637695,0.15564125776290894,385.1000061035156,6.177999973297119,3.575000047683716,1997.0,513.28125,2.0289063453674316,1.0439566373825073,2680.0,513.28125,2.0289063453674316,1.0439566373825073,2680.0,513.28125,2.0289063453674316,1.0439566373825073,2680.0
2026-09-10T14:16:00.000+08:00,464.4757995605469,9.61495590209961,12.09765625,23.11894989013672,0.1546783149242401,385.1000061035156,6.164000034332275,3.572000026702881,1997.0999755859375,513.28125,2.0289063453674316,1.0520315170288086,2680.0,513.28125,2.0289063453674316,1.0520315170288086,2680.0,513.28125,2.0289063453674316,1.0520315170288086,2680.0
2026-09-10T14:17:00.000+08:00,461.9202880859375,9.57406234741211,12.1806640625,22.778133392333984,0.1567731648683548,385.20001220703125,6.1620001792907715,3.571000099182129,1997.0999755859375,513.28125,2.0289063453674316,1.0422070026397705,2680.0,513.28125,2.0289063453674316,1.0422070026397705,2680.0,513.28125,2.0289063453674316,1.0422070026397705,2680.0
2026-09-10T14:18:00.000+08:00,453.5867004394531,9.577629089355469,12.166748046875,22.96832847595215,0.15543143451213837,385.1000061035156,6.14900016784668,3.559999942779541,1997.199951171875,513.28125,2.0289063453674316,1.042610764503479,2680.0,513.28125,2.0289063453674316,1.042610764503479,2680.0,513.28125,2.0289063453674316,1.042610764503479,2680.0
2026-09-10T14:19:00.000+08:00,453.4456481933594,9.632232666015625,12.132080078125,23.394378662109375,0.15264350175857544,385.29998779296875,6.159999847412109,3.569000005722046,1997.199951171875,513.28125,2.0289063453674316,1.0443603992462158,2680.0,513.28125,2.0289063453674316,1.0443603992462158,2680.0,513.28125,2.0289063453674316,1.0443603992462158,2680.0
2026-09-10T14:20:00.000+08:00,449.5022277832031,9.702629089355469,12.1669921875,22.21327018737793,0.16057968139648438,385.1000061035156,6.185999870300293,3.569000005722046,1997.300048828125,513.28125,2.0289063453674316,1.0439566373825073,2680.0,513.28125,2.0289063453674316,1.0439566373825073,2680.0,513.28125,2.0289063453674316,1.0439566373825073,2680.0
2026-09-10T14:21:00.000+08:00,459.1281433105469,9.718326568603516,12.104248046875,22.891450881958008,0.15560393035411835,385.20001220703125,6.1620001792907715,3.569999933242798,1997.4000244140625,513.28125,2.0289063453674316,1.0451678037643433,2680.0,513.28125,2.0289063453674316,1.0451678037643433,2680.0,513.28125,2.0289063453674316,1.0451678037643433,2680.0
2026-09-10T14:22:00.000+08:00,450.571044921875,9.720954895019531,12.1044921875,21.947431564331055,0.16279809176921844,385.20001220703125,6.165999889373779,3.568000078201294,1997.4000244140625,513.28125,2.0289063453674316,1.0451678037643433,2680.0,513.28125,2.0289063453674316,1.0451678037643433,2680.0,513.28125,2.0289063453674316,1.0451678037643433,2680.0
2026-09-10T14:23:00.000+08:00,447.2790222167969,9.70615005493164,12.201416015625,21.26633644104004,0.16805903613567352,385.1000061035156,6.14900016784668,3.561000108718872,1997.5,513.28125,2.0289063453674316,1.0446295738220215,2680.0,513.28125,2.0289063453674316,1.0446295738220215,2680.0,513.28125,2.0289063453674316,1.0446295738220215,2680.0
2026-09-10T14:24:00.000+08:00,454.98199462890625,9.805717468261719,12.194580078125,21.170440673828125,0.16820622980594635,385.20001220703125,6.164000034332275,3.572999954223633,1997.5,513.28125,2.0289063453674316,1.0459753274917603,2680.0,513.28125,2.0289063453674316,1.0459753274917603,2680.0,513.28125,2.0289063453674316,1.0459753274917603,2680.0
2026-09-10T14:25:00.000+08:00,452.7336730957031,9.717632293701172,12.201416015625,21.694618225097656,0.16469523310661316,385.1000061035156,6.159999847412109,3.566999912261963,1997.5999755859375,513.28125,2.0289063453674316,1.042610764503479,2680.0,513.28125,2.0289063453674316,1.042610764503479,2680.0,513.28125,2.0289063453674316,1.042610764503479,2680.0
2026-09-10T14:26:00.000+08:00,456.0315246582031,9.710857391357422,12.222412109375,22.34623146057129,0.15957948565483093,385.0,6.159999847412109,3.562000036239624,1997.5999755859375,513.28125,2.0289063453674316,1.0475903749465942,2680.0,513.28125,2.0289063453674316,1.0475903749465942,2680.0,513.28125,2.0289063453674316,1.0475903749465942,2680.0
2026-09-10T14:27:00.000+08:00,461.1194152832031,9.7464599609375,12.145751953125,22.69120979309082,0.15746185183525085,385.20001220703125,6.172999858856201,3.572000026702881,1997.699951171875,513.28125,2.0289063453674316,1.0451678037643433,2680.0,513.28125,2.0289063453674316,1.0451678037643433,2680.0,513.28125,2.0289063453674316,1.0451678037643433,2680.0
2026-09-10T14:28:00.000+08:00,455.5166320800781,9.706546783447266,12.236083984375,22.473941802978516,0.15867264568805695,385.20001220703125,6.175000190734863,3.569999933242798,1997.800048828125,513.28125,2.0289063453674316,1.0443603992462158,2681.0,513.28125,2.0289063453674316,1.0443603992462158,2681.0,513.28125,2.0289063453674316,1.0443603992462158,2681.0
2026-09-10T14:29:00.000+08:00,459.4141540527344,9.743522644042969,12.08349609375,22.214717864990234,0.16043418645858765,385.29998779296875,6.175000190734863,3.569000005722046,1997.800048828125,513.28125,2.0289063453674316,1.0431491136550903,2681.0,513.28125,2.0289063453674316,1.0431491136550903,2681.0,513.28125,2.0289063453674316,1.0431491136550903,2681.0
2026-09-10T14:30:00.000+08:00,450.5509033203125,9.6907958984375,12.159912109375,22.348369598388672,0.15974318981170654,385.0,6.197000026702881,3.572000026702881,1997.9000244140625,513.28125,2.0289063453674316,1.042610764503479,2681.0,513.28125,2.0289063453674316,1.042610764503479,2681.0,513.28125,2.0289063453674316,1.042610764503479,2681.0
2026-09-10T14:31:00.000+08:00,459.3236999511719,9.727771759033203,12.048828125,22.511550903320312,0.15608005225658417,385.20001220703125,6.163000106811523,3.569999933242798,1997.9000244140625,513.28125,2.0289063453674316,1.0459753274917603,2681.0,513.28125,2.0289063453674316,1.0459753274917603,2681.0,513.28125,2.0289063453674316,1.0459753274917603,2681.0
2026-09-10T14:32:00.000+08:00,450.1286315917969,9.737159729003906,12.0,21.938928604125977,0.16249653697013855,384.8999938964844,6.173999786376953,3.555999994277954,1998.0,513.28125,2.0289063453674316,1.0422070026397705,2681.0,513.28125,2.0289063453674316,1.0422070026397705,2681.0,513.28125,2.0289063453674316,1.0422070026397705,2681.0
2026-09-10T14:33:00.000+08:00,458.970947265625,9.665603637695312,12.1044921875,22.059785842895508,0.1619236022233963,385.29998779296875,6.176000118255615,3.572999954223633,1998.0999755859375,513.28125,2.0289063453674316,1.0439566373825073,2681.0,513.28125,2.0289063453674316,1.0439566373825073,2681.0,513.28125,2.0289063453674316,1.0439566373825073,2681.0
2026-09-10T14:34:00.000+08:00,453.3152160644531,9.732368469238281,12.1806640625,20.610855102539062,0.1731126755475998,384.29998779296875,6.164000034332275,3.5450000762939453,1998.0999755859375,513.28125,2.0289063453674316,1.0463790893554688,2681.0,513.28125,2.0289063453674316,1.0463790893554688,2681.0,513.28125,2.0289063453674316,1.0463790893554688,2681.0
2026-09-10T14:35:00.000+08:00,452.51568603515625,9.737701416015625,12.111328125,20.95865249633789,0.17038309574127197,385.20001220703125,6.183000087738037,3.571000099182129,1998.199951171875,513.28125,2.0289063453674316,1.0443603992462158,2681.0,513.28125,2.0289063453674316,1.0443603992462158,2681.0,513.28125,2.0289063453674316,1.0443603992462158,2681.0
2026-09-10T14:36:00.000+08:00,455.6763916015625,9.75394058227539,12.3056640625,21.835769653320312,0.1632642298936844,385.1000061035156,6.195000171661377,3.572000026702881,1998.199951171875,513.28125,1.990625023841858,1.0419378280639648,2681.0,513.28125,1.990625023841858,1.0419378280639648,2681.0,513.28125,1.990625023841858,1.0419378280639648,2681.0
2026-09-10T14:37:00.000+08:00,465.98162841796875,9.821842193603516,12.361328125,21.905122756958008,0.1637059897184372,385.3999938964844,6.198999881744385,3.5769999027252197,1998.300048828125,513.28125,2.0289063453674316,1.0435528755187988,2681.0,513.28125,2.0289063453674316,1.0435528755187988,2681.0,513.28125,2.0289063453674316,1.0435528755187988,2681.0
2026-09-10T14:38:00.000+08:00,457.8741149902344,9.855171203613281,12.25,21.612302780151367,0.16536876559257507,385.3999938964844,6.209000110626221,3.5789999961853027,1998.4000244140625,513.28125,2.0289063453674316,1.0485323667526245,2681.0,513.28125,2.0289063453674316,1.0485323667526245,2681.0,513.28125,2.0289063453674316,1.0485323667526245,2681.0
2026-09-10T14:39:00.000+08:00,468.03228759765625,9.844078063964844,12.298583984375,22.277442932128906,0.16083532571792603,385.29998779296875,6.224999904632568,3.5899999141693115,1998.4000244140625,513.28125,2.0289063453674316,1.0492053031921387,2681.0,513.28125,2.0289063453674316,1.0492053031921387,2681.0,513.28125,2.0289063453674316,1.0492053031921387,2681.0
2026-09-10T14:40:00.000+08:00,472.4615478515625,9.870590209960938,12.284912109375,22.909589767456055,0.1563100814819336,385.3999938964844,6.208000183105469,3.5769999027252197,1998.5,513.28125,2.0289063453674316,1.047724962234497,2681.0,513.28125,2.0289063453674316,1.047724962234497,2681.0,513.28125,2.0289063453674316,1.047724962234497,2681.0
2026-09-10T14:41:00.000+08:00,453.71209716796875,9.870590209960938,12.347412109375,22.0485782623291,0.16196055710315704,385.5,6.218999862670898,3.5920000076293945,1998.5,513.28125,2.0289063453674316,1.04974365234375,2681.0,513.28125,2.0289063453674316,1.04974365234375,2681.0,513.28125,2.0289063453674316,1.04974365234375,2681.0
2026-09-10T14:42:00.000+08:00,466.4718017578125,9.829364776611328,12.3544921875,22.331295013427734,0.16013401746749878,385.5,6.203000068664551,3.5829999446868896,1998.5999755859375,513.28125,2.0289063453674316,1.0471866130828857,2681.0,513.28125,2.0289063453674316,1.0471866130828857,2681.0,513.28125,2.0289063453674316,1.0471866130828857,2681.0
2026-09-10T14:43:00.000+08:00,473.4497985839844,9.82638931274414,12.28515625,23.974712371826172,0.1502416431903839,385.5,6.2210001945495605,3.5920000076293945,1998.699951171875,513.28125,2.0289063453674316,1.0465136766433716,2681.0,513.28125,2.0289063453674316,1.0465136766433716,2681.0,513.28125,2.0289063453674316,1.0465136766433716,2681.0
2026-09-10T14:44:00.000+08:00,460.8260498046875,9.814537048339844,12.298828125,22.88601303100586,0.15677697956562042,385.3999938964844,6.21999979019165,3.5789999961853027,1998.699951171875,513.28125,2.0289063453674316,1.0439566373825073,2681.0,513.28125,2.0289063453674316,1.0439566373825073,2681.0,513.28125,2.0289063453674316,1.0439566373825073,2681.0
2026-09-10T14:45:00.000+08:00,476.7609558105469,9.769046783447266,12.222412109375,23.14776611328125,0.154744952917099,385.3999938964844,6.2170000076293945,3.5850000381469727,1998.800048828125,513.28125,2.0289063453674316,1.0501474142074585,2681.0,513.28125,2.0289063453674316,1.0501474142074585,2681.0,513.28125,2.0289063453674316,1.0501474142074585,2681.0
2026-09-10T14:46:00.000+08:00,482.1427001953125,9.829032897949219,12.263916015625,22.441753387451172,0.1594795137643814,385.5,6.216000080108643,3.578000068664551,1998.800048828125,513.28125,2.0289063453674316,1.0459753274917603,2681.0,513.28125,2.0289063453674316,1.0459753274917603,2681.0,513.28125,2.0289063453674316,1.0459753274917603,2681.0
2026-09-10T14:47:00.000+08:00,468.61383056640625,9.855171203613281,12.2783203125,22.06039047241211,0.16223646700382233,385.29998779296875,6.184999942779541,3.575000047683716,1998.9000244140625,513.28125,2.0289063453674316,1.0447640419006348,2681.0,513.28125,2.0289063453674316,1.0447640419006348,2681.0,513.28125,2.0289063453674316,1.0447640419006348,2681.0
2026-09-10T14:48:00.000+08:00,474.4336853027344,9.862384796142578,12.2431640625,22.933292388916016,0.1561485379934311,385.29998779296875,6.235000133514404,3.5820000171661377,1999.0,513.28125,2.0289063453674316,1.0459753274917603,2681.0,513.28125,2.0289063453674316,1.0459753274917603,2681.0,513.28125,2.0289063453674316,1.0459753274917603,2681.0
2026-09-10T14:49:00.000+08:00,463.9533386230469,9.885383605957031,12.236328125,22.312915802001953,0.1604900062084198,385.20001220703125,6.206999778747559,3.5829999446868896,1999.0,513.28125,2.0289063453674316,1.054184913635254,2681.0,513.28125,2.0289063453674316,1.054184913635254,2681.0,513.28125,2.0289063453674316,1.054184913635254,2681.0
2026-09-10T14:50:00.000+08:00,463.1935119628906,9.848888397216797,12.1669921875,21.4129581451416,0.16709508001804352,385.3999938964844,6.2220001220703125,3.5869998931884766,1999.0999755859375,513.28125,2.0289063453674316,1.047724962234497,2681.0,513.28125,2.0289063453674316,1.047724962234497,2681.0,513.28125,2.0289063453674316,1.047724962234497,2681.0
2026-09-10T14:51:00.000+08:00,459.60113525390625,9.848888397216797,12.1806640625,21.646512985229492,0.1655232012271881,385.29998779296875,6.201000213623047,3.572000026702881,1999.0999755859375,513.28125,2.0289063453674316,1.0467828512191772,2681.0,513.28125,2.0289063453674316,1.0467828512191772,2681.0,513.28125,2.0289063453674316,1.0467828512191772,2681.0
2026-09-10T14:52:00.000+08:00,454.291015625,9.814987182617188,12.20849609375,20.866445541381836,0.17195071280002594,385.6000061035156,6.23199987411499,3.5880000591278076,1999.199951171875,513.28125,2.0289063453674316,1.0479941368103027,2681.0,513.28125,2.0289063453674316,1.0479941368103027,2681.0,513.28125,2.0289063453674316,1.0479941368103027,2681.0
2026-09-10T14:53:00.000+08:00,476.1571960449219,9.849784851074219,12.2431640625,21.53137969970703,0.16640828549861908,385.5,6.211999893188477,3.5759999752044678,1999.300048828125,513.28125,2.0289063453674316,1.0471866130828857,2681.0,513.28125,2.0289063453674316,1.0471866130828857,2681.0,513.28125,2.0289063453674316,1.0471866130828857,2681.0
2026-09-10T14:54:00.000+08:00,475.99920654296875,9.863128662109375,12.222412109375,21.614267349243164,0.16567759215831757,385.29998779296875,6.189000129699707,3.575000047683716,1999.300048828125,513.28125,2.0289063453674316,1.0455715656280518,2681.0,513.28125,2.0289063453674316,1.0455715656280518,2681.0,513.28125,2.0289063453674316,1.0455715656280518,2681.0
2026-09-10T14:55:00.000+08:00,467.3145446777344,9.855297088623047,12.1669921875,22.332271575927734,0.1599031239748001,385.29998779296875,6.192999839782715,3.5769999027252197,1999.4000244140625,513.28125,2.0289063453674316,1.0471866130828857,2681.0,513.28125,2.0289063453674316,1.0471866130828857,2681.0,513.28125,2.0289063453674316,1.0471866130828857,2681.0
2026-09-10T14:56:00.000+08:00,468.89703369140625,9.837623596191406,12.14599609375,22.009557723999023,0.1624748706817627,385.1000061035156,6.190000057220459,3.572000026702881,1999.4000244140625,513.28125,2.0289063453674316,1.0422070026397705,2681.0,513.28125,2.0289063453674316,1.0422070026397705,2681.0,513.28125,2.0289063453674316,1.0422070026397705,2681.0
2026-09-10T14:57:00.000+08:00,462.67047119140625,9.849456787109375,12.173828125,21.334043502807617,0.16752567887306213,385.6000061035156,6.203999996185303,3.5820000171661377,1999.5,513.28125,2.0289063453674316,1.0485323667526245,2681.0,513.28125,2.0289063453674316,1.0485323667526245,2681.0,513.28125,2.0289063453674316,1.0485323667526245,2681.0
2026-09-10T14:58:00.000+08:00,454.2466125488281,9.76327133178711,12.1669921875,21.045730590820312,0.1697731465101242,385.3999938964844,6.201000213623047,3.5769999027252197,1999.5999755859375,513.28125,2.0289063453674316,1.0471866130828857,2681.0,513.28125,2.0289063453674316,1.0471866130828857,2681.0,513.28125,2.0289063453674316,1.0471866130828857,2681.0
2026-09-10T14:59:00.000+08:00,458.37811279296875,9.771537780761719,12.1669921875,20.836885452270508,0.1719546765089035,385.29998779296875,6.224999904632568,3.5759999752044678,1999.5999755859375,513.28125,2.0289063453674316,1.0467828512191772,2681.0,513.28125,2.0289063453674316,1.0467828512191772,2681.0,513.28125,2.0289063453674316,1.0467828512191772,2681.0
2026-09-10T15:00:00.000+08:00,477.8942565917969,9.752861022949219,12.222412109375,22.239990234375,0.1607464700937271,385.20001220703125,6.2129998207092285,3.571000099182129,1999.699951171875,513.28125,2.0289063453674316,1.0451678037643433,2681.0,513.28125,2.0289063453674316,1.0451678037643433,2681.0,513.28125,2.0289063453674316,1.0451678037643433,2681.0
2026-09-10T15:01:00.000+08:00,470.13720703125,9.752117156982422,12.222412109375,21.622329711914062,0.16524583101272583,385.3999938964844,6.234000205993652,3.5829999446868896,1999.699951171875,513.28125,2.0289063453674316,1.0479941368103027,2681.0,513.28125,2.0289063453674316,1.0479941368103027,2681.0,513.28125,2.0289063453674316,1.0479941368103027,2681.0
2026-09-10T15:02:00.000+08:00,471.60919189453125,9.788398742675781,12.22265625,22.005611419677734,0.16236767172813416,385.3999938964844,6.206999778747559,3.5739998817443848,1999.800048828125,513.28125,2.0289063453674316,1.0492053031921387,2681.0,513.28125,2.0289063453674316,1.0492053031921387,2681.0,513.28125,2.0289063453674316,1.0492053031921387,2681.0
2026-09-10T15:03:00.000+08:00,471.9303894042969,9.76797103881836,12.173828125,22.783105850219727,0.15687061846256256,385.5,6.22599983215332,3.5820000171661377,1999.9000244140625,513.28125,2.0289063453674316,1.0509549379348755,2681.0,513.28125,2.0289063453674316,1.0509549379348755,2681.0,513.28125,2.0289063453674316,1.0509549379348755,2681.0
2026-09-10T15:04:00.000+08:00,471.6717529296875,9.777629852294922,12.069580078125,22.754091262817383,0.15729039907455444,385.6000061035156,6.244999885559082,3.5899999141693115,1999.9000244140625,513.28125,2.0289063453674316,1.0521661043167114,2681.0,513.28125,2.0289063453674316,1.0521661043167114,2681.0,513.28125,2.0289063453674316,1.0521661043167114,2681.0
2026-09-10T15:05:00.000+08:00,476.1085510253906,9.80057144165039,12.1181640625,22.518075942993164,0.1592942476272583,385.6000061035156,6.224999904632568,3.5850000381469727,2000.0,513.28125,2.0289063453674316,1.0485323667526245,2681.0,513.28125,2.0289063453674316,1.0485323667526245,2681.0,513.28125,2.0289063453674316,1.0485323667526245,2681.0
2026-09-10T15:06:00.000+08:00,467.2364501953125,9.71811294555664,12.1181640625,21.20508575439453,0.1688745766878128,385.70001220703125,6.23799991607666,3.5889999866485596,2000.0,513.28125,2.0289063453674316,1.0501474142074585,2681.0,513.28125,2.0289063453674316,1.0501474142074585,2681.0,513.28125,2.0289063453674316,1.0501474142074585,2681.0
2026-09-10T15:07:00.000+08:00,461.7899169921875,9.691757202148438,12.145751953125,20.96080207824707,0.1706518679857254,385.70001220703125,6.184999942779541,3.5820000171661377,2000.0999755859375,513.28125,2.0289063453674316,1.0501474142074585,2681.0,513.28125,2.0289063453674316,1.0501474142074585,2681.0,513.28125,2.0289063453674316,1.0501474142074585,2681.0
2026-09-10T15:08:00.000+08:00,472.5119934082031,9.810661315917969,12.159912109375,21.683269500732422,0.16551931202411652,385.6000061035156,6.184999942779541,3.5820000171661377,2000.199951171875,513.28125,2.0289063453674316,1.05256986618042,2681.0,513.28125,2.0289063453674316,1.05256986618042,2681.0,513.28125,2.0289063453674316,1.05256986618042,2681.0
2026-09-10T15:09:00.000+08:00,455.8255310058594,9.775802612304688,12.2431640625,22.07648468017578,0.16198229789733887,385.3999938964844,6.184999942779541,3.569999933242798,2000.199951171875,513.28125,2.0289063453674316,1.0455715656280518,2681.0,513.28125,2.0289063453674316,1.0455715656280518,2681.0,513.28125,2.0289063453674316,1.0455715656280518,2681.0
2026-09-10T15:10:00.000+08:00,457.4396057128906,9.769046783447266,12.1875,21.7125244140625,0.16483573615550995,385.5,6.209000110626221,3.5789999961853027,2000.300048828125,513.28125,2.0289063453674316,1.0607794523239136,2681.0,513.28125,2.0289063453674316,1.0607794523239136,2681.0,513.28125,2.0289063453674316,1.0607794523239136,2681.0
2026-09-10T15:11:00.000+08:00,472.30029296875,9.806705474853516,12.236328125,22.35569190979004,0.15969088673591614,384.8999938964844,6.184999942779541,3.562000036239624,2000.300048828125,513.28125,2.0289063453674316,1.0466482639312744,2681.0,513.28125,2.0289063453674316,1.0466482639312744,2681.0,513.28125,2.0289063453674316,1.0466482639312744,2681.0
2026-09-10T15:12:00.000+08:00,472.9526062011719,9.789169311523438,12.236083984375,23.149364471435547,0.1543886810541153,385.6000061035156,6.215000152587891,3.575000047683716,2000.4000244140625,513.28125,2.0289063453674316,1.0459753274917603,2681.0,513.28125,2.0289063453674316,1.0459753274917603,2681.0,513.28125,2.0289063453674316,1.0459753274917603,2681.0
2026-09-10T15:13:00.000+08:00,455.0025329589844,9.782958984375,12.22265625,22.426984786987305,0.15940618515014648,385.20001220703125,6.210999965667725,3.572999954223633,2000.5,513.28125,2.0289063453674316,1.0467828512191772,2681.0,513.28125,2.0289063453674316,1.0467828512191772,2681.0,513.28125,2.0289063453674316,1.0467828512191772,2681.0
2026-09-10T15:14:00.000+08:00,470.73052978515625,9.755485534667969,12.236328125,22.760202407836914,0.15716028213500977,385.0,6.199999809265137,3.569000005722046,2000.5,513.28125,2.0289063453674316,1.0459753274917603,2681.0,513.28125,2.0289063453674316,1.0459753274917603,2681.0,513.28125,2.0289063453674316,1.0459753274917603,2681.0
2026-09-10T15:15:00.000+08:00,465.4179382324219,9.80501937866211,12.132080078125,22.685773849487305,0.15789631009101868,384.79998779296875,6.165999889373779,3.566999912261963,2000.5999755859375,513.28125,2.0289063453674316,1.0422070026397705,2681.0,513.28125,2.0289063453674316,1.0422070026397705,2681.0,513.28125,2.0289063453674316,1.0422070026397705,2681.0
2026-09-10T15:16:00.000+08:00,464.6786193847656,9.808586120605469,12.1806640625,22.991844177246094,0.15548992156982422,384.29998779296875,6.188000202178955,3.5490000247955322,2000.5999755859375,509.765625,2.0289063453674316,1.0424761772155762,2681.0,509.765625,2.0289063453674316,1.0424761772155762,2681.0,509.765625,2.0289063453674316,1.0424761772155762,2681.0
2026-09-10T15:17:00.000+08:00,456.483642578125,9.808208465576172,12.125,22.37691879272461,0.15958407521247864,384.70001220703125,6.193999767303467,3.559999942779541,2000.699951171875,513.28125,2.0289063453674316,1.0438220500946045,2681.0,513.28125,2.0289063453674316,1.0438220500946045,2681.0,513.28125,2.0289063453674316,1.0438220500946045,2681.0
2026-09-10T15:18:00.000+08:00,465.37066650390625,9.834735870361328,12.229248046875,22.60988998413086,0.15683402121067047,384.6000061035156,6.177999973297119,3.562999963760376,2000.800048828125,509.765625,1.990625023841858,1.0380349159240723,2681.0,509.765625,1.990625023841858,1.0380349159240723,2681.0,509.765625,1.990625023841858,1.0380349159240723,2681.0
2026-09-10T15:19:00.000+08:00,454.4413757324219,9.776607513427734,12.132080078125,22.22191047668457,0.1603822410106659,383.8999938964844,6.164000034332275,3.5420000553131104,2000.800048828125,509.765625,1.990625023841858,1.0366891622543335,2681.0,509.765625,1.990625023841858,1.0366891622543335,2681.0,509.765625,1.990625023841858,1.0366891622543335,2681.0
2026-09-10T15:20:00.000+08:00,471.3961486816406,9.764759063720703,12.173828125,21.66913604736328,0.16373519599437714,384.29998779296875,6.199999809265137,3.559000015258789,2000.9000244140625,509.765625,1.990625023841858,1.036285400390625,2681.0,509.765625,1.990625023841858,1.036285400390625,2681.0,509.765625,1.990625023841858,1.036285400390625,2681.0
2026-09-10T15:21:00.000+08:00,473.3962707519531,9.797870635986328,12.159912109375,22.206092834472656,0.1596859097480774,384.70001220703125,6.179999828338623,3.555999994277954,2000.9000244140625,509.765625,2.0289063453674316,1.0432837009429932,2681.0,509.765625,2.0289063453674316,1.0432837009429932,2681.0,509.765625,2.0289063453674316,1.0432837009429932,2681.0
2026-09-10T15:22:00.000+08:00,464.4381408691406,9.77694320678711,12.236328125,22.309375762939453,0.15921558439731598,384.6000061035156,6.193999767303467,3.559999942779541,2001.0,509.765625,2.0289063453674316,1.0420724153518677,2681.0,509.765625,2.0289063453674316,1.0420724153518677,2681.0,509.765625,2.0289063453674316,1.0420724153518677,2681.0
2026-09-10T15:23:00.000+08:00,461.24371337890625,9.80239486694336,12.132080078125,21.45775032043457,0.16590741276741028,385.20001220703125,6.199999809265137,3.5789999961853027,2001.0,513.28125,2.0289063453674316,1.051762342453003,2681.0,513.28125,2.0289063453674316,1.051762342453003,2681.0,513.28125,2.0289063453674316,1.051762342453003,2681.0
2026-09-10T15:24:00.000+08:00,474.42840576171875,9.776607513427734,12.173828125,23.145580291748047,0.153809055685997,384.8999938964844,6.183000087738037,3.572999954223633,2001.0999755859375,513.28125,2.0289063453674316,1.0459753274917603,2681.0,513.28125,2.0289063453674316,1.0459753274917603,2681.0,513.28125,2.0289063453674316,1.0459753274917603,2681.0
2026-09-10T15:25:00.000+08:00,469.2890930175781,9.789169311523438,12.1875,22.14815902709961,0.16141296923160553,385.1000061035156,6.183000087738037,3.575000047683716,2001.199951171875,513.28125,2.0289063453674316,1.0479941368103027,2682.0,513.28125,2.0289063453674316,1.0479941368103027,2682.0,513.28125,2.0289063453674316,1.0479941368103027,2682.0
2026-09-10T15:26:00.000+08:00,474.57843017578125,9.752117156982422,12.222412109375,22.549121856689453,0.15818798542022705,385.1000061035156,6.193999767303467,3.5840001106262207,2001.199951171875,513.28125,2.0289063453674316,1.0463790893554688,2682.0,513.28125,2.0289063453674316,1.0463790893554688,2682.0,513.28125,2.0289063453674316,1.0463790893554688,2682.0
2026-09-10T15:27:00.000+08:00,456.83038330078125,9.775497436523438,12.173583984375,22.040958404541016,0.16215266287326813,385.20001220703125,6.199999809265137,3.578000068664551,2001.300048828125,513.28125,2.0289063453674316,1.0488015413284302,2682.0,513.28125,2.0289063453674316,1.0488015413284302,2682.0,513.28125,2.0289063453674316,1.0488015413284302,2682.0
2026-09-10T15:28:00.000+08:00,462.99951171875,9.77191162109375,12.159912109375,22.39495277404785,0.15967883169651031,385.20001220703125,6.172999858856201,3.578000068664551,2001.300048828125,513.28125,2.0289063453674316,1.0475903749465942,2682.0,513.28125,2.0289063453674316,1.0475903749465942,2682.0,513.28125,2.0289063453674316,1.0475903749465942,2682.0
2026-09-10T15:29:00.000+08:00,466.59478759765625,9.752906799316406,12.132080078125,21.26082992553711,0.16843180358409882,385.29998779296875,6.163000106811523,3.569000005722046,2001.4000244140625,513.28125,2.0289063453674316,1.0475903749465942,2682.0,513.28125,2.0289063453674316,1.0475903749465942,2682.0,513.28125,2.0289063453674316,1.0475903749465942,2682.0
2026-09-10T15:30:00.000+08:00,471.2088623046875,9.790233612060547,12.076416015625,22.214794158935547,0.16119886934757233,385.6000061035156,6.173999786376953,3.5759999752044678,2001.5,513.28125,2.0289063453674316,1.0485323667526245,2682.0,513.28125,2.0289063453674316,1.0485323667526245,2682.0,513.28125,2.0289063453674316,1.0485323667526245,2682.0
2026-09-10T15:31:00.000+08:00,462.9307861328125,9.78664779663086,12.0625,20.84016227722168,0.1722155511379242,385.70001220703125,6.177999973297119,3.5789999961853027,2001.5,513.28125,2.0289063453674316,1.0509549379348755,2682.0,513.28125,2.0289063453674316,1.0509549379348755,2682.0,513.28125,2.0289063453674316,1.0509549379348755,2682.0
2026-09-10T15:32:00.000+08:00,465.9533996582031,9.716995239257812,12.097412109375,21.065881729125977,0.17008544504642487,385.3999938964844,6.173999786376953,3.566999912261963,2001.5999755859375,513.28125,2.0289063453674316,1.0455715656280518,2682.0,513.28125,2.0289063453674316,1.0455715656280518,2682.0,513.28125,2.0289063453674316,1.0455715656280518,2682.0
2026-09-10T15:33:00.000+08:00,467.79473876953125,9.731727600097656,12.0419921875,21.266645431518555,0.16862085461616516,385.5,6.208000183105469,3.572999954223633,2001.5999755859375,513.28125,2.0289063453674316,1.050551176071167,2682.0,513.28125,2.0289063453674316,1.050551176071167,2682.0,513.28125,2.0289063453674316,1.050551176071167,2682.0
2026-09-10T15:34:00.000+08:00,461.36041259765625,9.74209213256836,12.0556640625,22.130319595336914,0.16149790585041046,385.6000061035156,6.210999965667725,3.5789999961853027,2001.699951171875,513.28125,2.0289063453674316,1.04974365234375,2682.0,513.28125,2.0289063453674316,1.04974365234375,2682.0,513.28125,2.0289063453674316,1.04974365234375,2682.0
2026-09-10T15:35:00.000+08:00,461.8355407714844,9.81039047241211,12.007080078125,21.094619750976562,0.16971151530742645,385.8999938964844,6.22599983215332,3.5910000801086426,2001.800048828125,513.28125,2.0289063453674316,1.0501474142074585,2682.0,513.28125,2.0289063453674316,1.0501474142074585,2682.0,513.28125,2.0289063453674316,1.0501474142074585,2682.0
2026-09-10T15:36:00.000+08:00,464.2696533203125,9.78231430053711,12.1181640625,20.762863159179688,0.17184528708457947,385.70001220703125,6.181000232696533,3.5789999961853027,2001.800048828125,513.28125,2.0289063453674316,1.047724962234497,2682.0,513.28125,2.0289063453674316,1.047724962234497,2682.0,513.28125,2.0289063453674316,1.047724962234497,2682.0
2026-09-10T15:37:00.000+08:00,463.3358154296875,9.774356842041016,12.1669921875,20.48333168029785,0.17502036690711975,385.79998779296875,6.248000144958496,3.578000068664551,2001.9000244140625,513.28125,2.0289063453674316,1.0599719285964966,2682.0,513.28125,2.0289063453674316,1.0599719285964966,2682.0,513.28125,2.0289063453674316,1.0599719285964966,2682.0
2026-09-10T15:38:00.000+08:00,461.60455322265625,9.786956787109375,12.1806640625,21.403963088989258,0.16842931509017944,386.0,6.294000148773193,3.6070001125335693,2001.9000244140625,513.28125,2.0289063453674316,1.0498782396316528,2682.0,513.28125,2.0289063453674316,1.0498782396316528,2682.0,513.28125,2.0289063453674316,1.0498782396316528,2682.0
2026-09-10T15:39:00.000+08:00,468.9565734863281,9.790168762207031,12.125,22.3255558013916,0.16120539605617523,385.79998779296875,6.28000020980835,3.5989999771118164,2002.0,513.28125,2.0289063453674316,1.05256986618042,2682.0,513.28125,2.0289063453674316,1.05256986618042,2682.0,513.28125,2.0289063453674316,1.05256986618042,2682.0
2026-09-10T15:40:00.000+08:00,456.2032165527344,9.791656494140625,12.1806640625,21.53360939025879,0.1669483333826065,385.8999938964844,6.236999988555908,3.5880000591278076,2002.0999755859375,513.28125,2.0289063453674316,1.050551176071167,2682.0,513.28125,2.0289063453674316,1.050551176071167,2682.0,513.28125,2.0289063453674316,1.050551176071167,2682.0
2026-09-10T15:41:00.000+08:00,450.650634765625,9.772235870361328,12.2431640625,21.47385025024414,0.16769233345985413,385.70001220703125,6.2220001220703125,3.575000047683716,2002.0999755859375,513.28125,2.0289063453674316,1.051358699798584,2682.0,513.28125,2.0289063453674316,1.051358699798584,2682.0,513.28125,2.0289063453674316,1.051358699798584,2682.0
2026-09-10T15:42:00.000+08:00,456.03497314453125,9.577259063720703,12.166748046875,21.386150360107422,0.16739805042743683,385.8999938964844,6.236000061035156,3.5899999141693115,2002.199951171875,513.28125,2.0289063453674316,1.050551176071167,2682.0,513.28125,2.0289063453674316,1.050551176071167,2682.0,513.28125,2.0289063453674316,1.050551176071167,2682.0
2026-09-10T15:43:00.000+08:00,457.57098388671875,9.524478912353516,12.0419921875,21.989137649536133,0.16312599182128906,385.79998779296875,6.228000164031982,3.5880000591278076,2002.199951171875,513.28125,2.0289063453674316,1.0539157390594482,2682.0,513.28125,2.0289063453674316,1.0539157390594482,2682.0,513.28125,2.0289063453674316,1.0539157390594482,2682.0
2026-09-10T15:44:00.000+08:00,441.515625,9.47601318359375,11.875,21.795869827270508,0.16448070108890533,385.6000061035156,6.21999979019165,3.578000068664551,2002.300048828125,513.28125,2.0289063453674316,1.04974365234375,2682.0,513.28125,2.0289063453674316,1.04974365234375,2682.0,513.28125,2.0289063453674316,1.04974365234375,2682.0
2026-09-10T15:45:00.000+08:00,457.7685852050781,9.473133087158203,11.979248046875,22.940671920776367,0.15605472028255463,385.6000061035156,6.190000057220459,3.5769999027252197,2002.4000244140625,513.28125,2.0289063453674316,1.050551176071167,2682.0,513.28125,2.0289063453674316,1.050551176071167,2682.0,513.28125,2.0289063453674316,1.050551176071167,2682.0
2026-09-10T15:46:00.000+08:00,473.35528564453125,9.473506927490234,11.972412109375,22.379365921020508,0.15992410480976105,385.29998779296875,6.197999954223633,3.572000026702881,2002.4000244140625,513.28125,2.0289063453674316,1.0471866130828857,2682.0,513.28125,2.0289063453674316,1.0471866130828857,2682.0,513.28125,2.0289063453674316,1.0471866130828857,2682.0
2026-09-10T15:47:00.000+08:00,452.1340637207031,9.447959899902344,11.986083984375,22.088722229003906,0.16211892664432526,385.6000061035156,6.184000015258789,3.5769999027252197,2002.5,513.28125,2.0289063453674316,1.0479941368103027,2682.0,513.28125,2.0289063453674316,1.0479941368103027,2682.0,513.28125,2.0289063453674316,1.0479941368103027,2682.0
2026-09-10T15:48:00.000+08:00,477.27362060546875,9.47744369506836,11.972412109375,23.76837921142578,0.15024162828922272,385.5,6.183000087738037,3.578000068664551,2002.5,513.28125,2.0289063453674316,1.0500128269195557,2682.0,513.28125,2.0289063453674316,1.0500128269195557,2682.0,513.28125,2.0289063453674316,1.0500128269195557,2682.0
2026-09-10T15:49:00.000+08:00,481.10418701171875,9.445491790771484,11.951416015625,23.83234977722168,0.1502159982919693,385.5,6.184999942779541,3.5759999752044678,2002.5999755859375,513.28125,2.0289063453674316,1.0467828512191772,2682.0,513.28125,2.0289063453674316,1.0467828512191772,2682.0,513.28125,2.0289063453674316,1.0467828512191772,2682.0
2026-09-10T15:50:00.000+08:00,463.3148498535156,9.455501556396484,11.958251953125,23.064495086669922,0.15504349768161774,385.3999938964844,6.21999979019165,3.572000026702881,2002.699951171875,513.28125,2.0289063453674316,1.0488015413284302,2682.0,513.28125,2.0289063453674316,1.0488015413284302,2682.0,513.28125,2.0289063453674316,1.0488015413284302,2682.0
2026-09-10T15:51:00.000+08:00,459.7450866699219,9.380504608154297,11.96533203125,23.066932678222656,0.1549404114484787,385.6000061035156,6.190999984741211,3.572999954223633,2002.699951171875,513.28125,2.0289063453674316,1.0443603992462158,2682.0,513.28125,2.0289063453674316,1.0443603992462158,2682.0,513.28125,2.0289063453674316,1.0443603992462158,2682.0
2026-09-10T15:52:00.000+08:00,452.7470397949219,9.39556884765625,11.979248046875,22.414777755737305,0.15962684154510498,385.5,6.218999862670898,3.5889999866485596,2002.800048828125,513.28125,2.0289063453674316,1.0492053031921387,2682.0,513.28125,2.0289063453674316,1.0492053031921387,2682.0,513.28125,2.0289063453674316,1.0492053031921387,2682.0
2026-09-10T15:53:00.000+08:00,456.8411560058594,9.383716583251953,11.96533203125,23.47800064086914,0.15244057774543762,385.79998779296875,6.197999954223633,3.5840001106262207,2002.800048828125,513.28125,2.0289063453674316,1.047724962234497,2682.0,513.28125,2.0289063453674316,1.047724962234497,2682.0,513.28125,2.0289063453674316,1.047724962234497,2682.0
2026-09-10T15:54:00.000+08:00,467.772216796875,9.40311050415039,11.9375,23.534683227539062,0.15215840935707092,385.79998779296875,6.184000015258789,3.5869998931884766,2002.9000244140625,513.28125,2.0289063453674316,1.048936128616333,2682.0,513.28125,2.0289063453674316,1.048936128616333,2682.0,513.28125,2.0289063453674316,1.048936128616333,2682.0
2026-09-10T15:55:00.000+08:00,454.59930419921875,9.407051086425781,11.9375,22.261804580688477,0.16067878901958466,385.6000061035156,6.203999996185303,3.5920000076293945,2003.0,513.28125,2.0289063453674316,1.0485323667526245,2682.0,513.28125,2.0289063453674316,1.0485323667526245,2682.0,513.28125,2.0289063453674316,1.0485323667526245,2682.0
2026-09-10T15:56:00.000+08:00,471.8370361328125,9.413848876953125,11.9375,24.2379207611084,0.14761993288993835,385.20001220703125,6.182000160217285,3.571000099182129,2003.0,513.28125,2.0289063453674316,1.0455715656280518,2682.0,513.28125,2.0289063453674316,1.0455715656280518,2682.0,513.28125,2.0289063453674316,1.0455715656280518,2682.0
2026-09-10T15:57:00.000+08:00,454.69781494140625,9.397686004638672,11.986328125,23.173439025878906,0.155522882938385,385.6000061035156,6.208000183105469,3.5910000801086426,2003.0999755859375,513.28125,2.0289063453674316,1.0485323667526245,2682.0,513.28125,2.0289063453674316,1.0485323667526245,2682.0,513.28125,2.0289063453674316,1.0485323667526245,2682.0
2026-09-10T15:58:00.000+08:00,457.77569580078125,9.38302993774414,11.9306640625,23.271570205688477,0.15409359335899353,385.3999938964844,6.210000038146973,3.5850000381469727,2003.0999755859375,513.28125,2.0289063453674316,1.0619906187057495,2682.0,513.28125,2.0289063453674316,1.0619906187057495,2682.0,513.28125,2.0289063453674316,1.0619906187057495,2682.0
2026-09-10T15:59:00.000+08:00,453.7701110839844,9.402778625488281,11.875,23.076322555541992,0.1552240401506424,385.5,6.2210001945495605,3.5859999656677246,2003.199951171875,513.28125,2.0289063453674316,1.047724962234497,2682.0,513.28125,2.0289063453674316,1.047724962234497,2682.0,513.28125,2.0289063453674316,1.047724962234497,2682.0
2026-09-10T16:00:00.000+08:00,456.60772705078125,9.414981842041016,11.89599609375,22.400869369506836,0.15990450978279114,385.70001220703125,6.210000038146973,3.5829999446868896,2003.300048828125,513.28125,2.0289063453674316,1.048936128616333,2682.0,513.28125,2.0289063453674316,1.048936128616333,2682.0,513.28125,2.0289063453674316,1.048936128616333,2682.0
2026-09-10T16:01:00.000+08:00,472.38427734375,9.363243103027344,11.916748046875,23.237712860107422,0.15431810915470123,385.5,6.205999851226807,3.5869998931884766,2003.300048828125,513.28125,2.0289063453674316,1.0455715656280518,2682.0,513.28125,2.0289063453674316,1.0455715656280518,2682.0,513.28125,2.0289063453674316,1.0455715656280518,2682.0
2026-09-10T16:02:00.000+08:00,450.08154296875,9.433639526367188,11.91015625,22.128528594970703,0.1621888279914856,385.6000061035156,6.197000026702881,3.5820000171661377,2003.4000244140625,513.28125,2.0289063453674316,1.0465136766433716,2682.0,513.28125,2.0289063453674316,1.0465136766433716,2682.0,513.28125,2.0289063453674316,1.0465136766433716,2682.0
2026-09-10T16:03:00.000+08:00,447.814453125,9.549583435058594,11.986328125,22.85445785522461,0.15690593421459198,386.0,6.218999862670898,3.5950000286102295,2003.4000244140625,513.28125,2.0289063453674316,1.0527044534683228,2682.0,513.28125,2.0289063453674316,1.0527044534683228,2682.0,513.28125,2.0289063453674316,1.0527044534683228,2682.0
2026-09-10T16:04:00.000+08:00,460.5541076660156,9.615669250488281,11.9375,22.442527770996094,0.1598750352859497,386.0,6.215000152587891,3.5969998836517334,2003.5,513.28125,2.0289063453674316,1.0502820014953613,2682.0,513.28125,2.0289063453674316,1.0502820014953613,2682.0,513.28125,2.0289063453674316,1.0502820014953613,2682.0
2026-09-10T16:05:00.000+08:00,468.9570007324219,9.585800170898438,12.1181640625,23.421859741210938,0.15314751863479614,385.8999938964844,6.203000068664551,3.5920000076293945,2003.5999755859375,513.28125,2.0289063453674316,1.0547232627868652,2682.0,513.28125,2.0289063453674316,1.0547232627868652,2682.0,513.28125,2.0289063453674316,1.0547232627868652,2682.0
2026-09-10T16:06:00.000+08:00,464.69146728515625,9.621543884277344,12.0,22.847043991088867,0.15713192522525787,386.29998779296875,6.209000110626221,3.6040000915527344,2003.5999755859375,513.28125,2.0289063453674316,1.0572803020477295,2682.0,513.28125,2.0289063453674316,1.0572803020477295,2682.0,513.28125,2.0289063453674316,1.0572803020477295,2682.0
2026-09-10T16:07:00.000+08:00,455.8576354980469,9.599185943603516,12.0,22.903594970703125,0.15713690221309662,386.20001220703125,6.204999923706055,3.5929999351501465,2003.699951171875,513.28125,2.0289063453674316,1.0544540882110596,2682.0,513.28125,2.0289063453674316,1.0544540882110596,2682.0,513.28125,2.0289063453674316,1.0544540882110596,2682.0
2026-09-10T16:08:00.000+08:00,450.6760559082031,9.667739868164062,12.034912109375,22.767839431762695,0.1580299288034439,386.5,6.22599983215332,3.6040000915527344,2003.699951171875,513.28125,2.0289063453674316,1.0518969297409058,2682.0,513.28125,2.0289063453674316,1.0518969297409058,2682.0,513.28125,2.0289063453674316,1.0518969297409058,2682.0
2026-09-10T16:09:00.000+08:00,462.0820007324219,9.669273376464844,11.9794921875,22.292238235473633,0.1615360528230667,386.29998779296875,6.2210001945495605,3.5980000495910645,2003.800048828125,513.28125,2.0289063453674316,1.053242802619934,2682.0,513.28125,2.0289063453674316,1.053242802619934,2682.0,513.28125,2.0289063453674316,1.053242802619934,2682.0
2026-09-10T16:10:00.000+08:00,467.2621765136719,9.644783020019531,12.048828125,22.147634506225586,0.16281649470329285,386.1000061035156,6.22599983215332,3.5999999046325684,2003.9000244140625,513.28125,2.0289063453674316,1.0559344291687012,2682.0,513.28125,2.0289063453674316,1.0559344291687012,2682.0,513.28125,2.0289063453674316,1.0559344291687012,2682.0
2026-09-10T16:11:00.000+08:00,469.15313720703125,9.642681121826172,12.03515625,22.28061866760254,0.1610817015171051,386.29998779296875,6.211999893188477,3.5929999351501465,2003.9000244140625,513.28125,2.0289063453674316,1.056876540184021,2682.0,513.28125,2.0289063453674316,1.056876540184021,2682.0,513.28125,2.0289063453674316,1.056876540184021,2682.0
2026-09-10T16:12:00.000+08:00,455.7452392578125,9.62750244140625,12.0556640625,21.722579956054688,0.16531185805797577,385.8999938964844,6.258999824523926,3.5920000076293945,2004.0,513.28125,2.0289063453674316,1.0543195009231567,2682.0,513.28125,2.0289063453674316,1.0543195009231567,2682.0,513.28125,2.0289063453674316,1.0543195009231567,2682.0
2026-09-10T16:13:00.000+08:00,452.3969421386719,9.589496612548828,11.944580078125,21.36907958984375,0.16870169341564178,386.0,6.243000030517578,3.5920000076293945,2004.0,513.28125,2.0289063453674316,1.0478595495224,2682.0,513.28125,2.0289063453674316,1.0478595495224,2682.0,513.28125,2.0289063453674316,1.0478595495224,2682.0
2026-09-10T16:14:00.000+08:00,456.3867492675781,9.647686004638672,11.95849609375,21.53456687927246,0.16670870780944824,386.20001220703125,6.245999813079834,3.5929999351501465,2004.0999755859375,513.28125,2.0289063453674316,1.0544540882110596,2682.0,513.28125,2.0289063453674316,1.0544540882110596,2682.0,513.28125,2.0289063453674316,1.0544540882110596,2682.0
2026-09-10T16:15:00.000+08:00,460.7922058105469,9.630104064941406,12.0556640625,20.836902618408203,0.17229047417640686,386.1000061035156,6.223999977111816,3.5940001010894775,2004.199951171875,513.28125,2.0289063453674316,1.0539157390594482,2682.0,513.28125,2.0289063453674316,1.0539157390594482,2682.0,513.28125,2.0289063453674316,1.0539157390594482,2682.0
2026-09-10T16:16:00.000+08:00,459.1812744140625,9.638370513916016,12.007080078125,21.115947723388672,0.17048725485801697,386.29998779296875,6.234000205993652,3.6029999256134033,2004.199951171875,513.28125,2.0289063453674316,1.0544540882110596,2682.0,513.28125,2.0289063453674316,1.0544540882110596,2682.0,513.28125,2.0289063453674316,1.0544540882110596,2682.0
2026-09-10T16:17:00.000+08:00,456.2312316894531,9.628715515136719,12.076416015625,21.49784278869629,0.16722607612609863,386.3999938964844,6.21999979019165,3.5980000495910645,2004.300048828125,513.28125,2.0289063453674316,1.056069016456604,2682.0,513.28125,2.0289063453674316,1.056069016456604,2682.0,513.28125,2.0289063453674316,1.056069016456604,2682.0
2026-09-10T16:18:00.000+08:00,455.4812927246094,9.61648941040039,12.007080078125,21.748783111572266,0.16580237448215485,386.3999938964844,6.23199987411499,3.5999999046325684,2004.300048828125,513.28125,2.0289063453674316,1.056069016456604,2682.0,513.28125,2.0289063453674316,1.056069016456604,2682.0,513.28125,2.0289063453674316,1.056069016456604,2682.0
2026-09-10T16:19:00.000+08:00,453.6571960449219,9.650161743164062,12.069580078125,21.634763717651367,0.16667617857456207,386.20001220703125,6.260000228881836,3.61899995803833,2004.4000244140625,513.28125,2.0289063453674316,1.0544540882110596,2682.0,513.28125,2.0289063453674316,1.0544540882110596,2682.0,513.28125,2.0289063453674316,1.0544540882110596,2682.0
2026-09-10T16:20:00.000+08:00,454.72100830078125,9.811309814453125,12.097412109375,20.953514099121094,0.17190434038639069,386.20001220703125,6.223999977111816,3.5899999141693115,2004.5,513.28125,2.0289063453674316,1.0539157390594482,2682.0,513.28125,2.0289063453674316,1.0539157390594482,2682.0,513.28125,2.0289063453674316,1.0539157390594482,2682.0
2026-09-10T16:21:00.000+08:00,461.5544128417969,9.822139739990234,12.229248046875,22.591567993164062,0.1601482480764389,386.0,6.2179999351501465,3.5920000076293945,2004.5,513.28125,2.0289063453674316,1.0539157390594482,2682.0,513.28125,2.0289063453674316,1.0539157390594482,2682.0,513.28125,2.0289063453674316,1.0539157390594482,2682.0
2026-09-10T16:22:00.000+08:00,462.03546142578125,9.872047424316406,12.159912109375,21.190303802490234,0.1697002500295639,386.1000061035156,6.235000133514404,3.5889999866485596,2004.5999755859375,513.28125,2.0289063453674316,1.0490707159042358,2683.0,513.28125,2.0289063453674316,1.0490707159042358,2683.0,513.28125,2.0289063453674316,1.0490707159042358,2683.0
2026-09-10T16:23:00.000+08:00,463.0682373046875,9.85378646850586,12.173828125,22.105899810791016,0.1624453216791153,386.3999938964844,6.228000164031982,3.5969998836517334,2004.5999755859375,513.28125,2.0289063453674316,1.0527044534683228,2683.0,513.28125,2.0289063453674316,1.0527044534683228,2683.0,513.28125,2.0289063453674316,1.0527044534683228,2683.0
2026-09-10T16:24:00.000+08:00,464.10009765625,9.806766510009766,12.076416015625,21.334732055664062,0.16827021539211273,386.3999938964844,6.238999843597412,3.5999999046325684,2004.699951171875,513.28125,2.0289063453674316,1.0536465644836426,2683.0,513.28125,2.0289063453674316,1.0536465644836426,2683.0,513.28125,2.0289063453674316,1.0536465644836426,2683.0
2026-09-10T16:25:00.000+08:00,473.3975524902344,9.814987182617188,12.2294921875,21.328874588012695,0.16883215308189392,386.20001220703125,6.23799991607666,3.5989999771118164,2004.800048828125,513.28125,2.0289063453674316,1.0556652545928955,2683.0,513.28125,2.0289063453674316,1.0556652545928955,2683.0,513.28125,2.0289063453674316,1.0556652545928955,2683.0
2026-09-10T16:26:00.000+08:00,467.92706298828125,9.862442016601562,12.173828125,21.30988311767578,0.1691703349351883,386.20001220703125,6.23799991607666,3.5959999561309814,2004.800048828125,513.28125,2.0289063453674316,1.0556652545928955,2683.0,513.28125,2.0289063453674316,1.0556652545928955,2683.0,513.28125,2.0289063453674316,1.0556652545928955,2683.0
2026-09-10T16:27:00.000+08:00,484.4277648925781,9.857368469238281,12.166748046875,21.870460510253906,0.1644684076309204,386.0,6.223999977111816,3.5969998836517334,2004.9000244140625,513.28125,2.0289063453674316,1.0535119771957397,2683.0,513.28125,2.0289063453674316,1.0535119771957397,2683.0,513.28125,2.0289063453674316,1.0535119771957397,2683.0
2026-09-10T16:28:00.000+08:00,467.1214904785156,9.842323303222656,12.173583984375,21.006013870239258,0.17109385132789612,386.6000061035156,6.276000022888184,3.609999895095825,2004.9000244140625,513.28125,2.0289063453674316,1.0594335794448853,2683.0,513.28125,2.0289063453674316,1.0594335794448853,2683.0,513.28125,2.0289063453674316,1.0594335794448853,2683.0
2026-09-10T16:29:00.000+08:00,465.9938659667969,9.854961395263672,12.1181640625,21.501853942871094,0.1673809140920639,385.8999938964844,6.196000099182129,3.5920000076293945,2005.0,513.28125,2.0289063453674316,1.0498782396316528,2683.0,513.28125,2.0289063453674316,1.0498782396316528,2683.0,513.28125,2.0289063453674316,1.0498782396316528,2683.0
2026-09-10T16:30:00.000+08:00,466.8521423339844,9.869964599609375,12.125,21.519407272338867,0.16738379001617432,386.0,6.209000110626221,3.5940001010894775,2005.0999755859375,513.28125,2.0289063453674316,1.0514931678771973,2683.0,513.28125,2.0289063453674316,1.0514931678771973,2683.0,513.28125,2.0289063453674316,1.0514931678771973,2683.0
2026-09-10T16:31:00.000+08:00,458.70037841796875,9.862071990966797,12.125,20.19213104248047,0.17794060707092285,386.0,6.209000110626221,3.5899999141693115,2005.0999755859375,513.28125,2.0289063453674316,1.0498782396316528,2683.0,513.28125,2.0289063453674316,1.0498782396316528,2683.0,513.28125,2.0289063453674316,1.0498782396316528,2683.0
2026-09-10T16:32:00.000+08:00,477.3628234863281,9.84273910522461,12.0625,21.942724227905273,0.16420020163059235,385.70001220703125,6.177999973297119,3.5880000591278076,2005.199951171875,513.28125,2.0289063453674316,1.0493398904800415,2683.0,513.28125,2.0289063453674316,1.0493398904800415,2683.0,513.28125,2.0289063453674316,1.0493398904800415,2683.0
2026-09-10T16:33:00.000+08:00,484.1611022949219,9.9185791015625,12.1181640625,23.295175552368164,0.1542808711528778,385.6000061035156,6.182000160217285,3.5859999656677246,2005.199951171875,513.28125,2.0289063453674316,1.048936128616333,2683.0,513.28125,2.0289063453674316,1.048936128616333,2683.0,513.28125,2.0289063453674316,1.048936128616333,2683.0
2026-09-10T16:34:00.000+08:00,478.3003234863281,9.889389038085938,12.138916015625,21.430158615112305,0.16742759943008423,385.6000061035156,6.189000129699707,3.5880000591278076,2005.300048828125,513.28125,2.0289063453674316,1.05256986618042,2683.0,513.28125,2.0289063453674316,1.05256986618042,2683.0,513.28125,2.0289063453674316,1.05256986618042,2683.0
2026-09-10T16:35:00.000+08:00,479.6402282714844,9.870338439941406,12.159912109375,21.538475036621094,0.16612131893634796,385.5,6.186999797821045,3.5769999027252197,2005.4000244140625,513.28125,2.0289063453674316,1.04974365234375,2683.0,513.28125,2.0289063453674316,1.04974365234375,2683.0,513.28125,2.0289063453674316,1.04974365234375,2683.0
2026-09-10T16:36:00.000+08:00,482.7662658691406,9.8343505859375,12.229248046875,21.127832412719727,0.16987071931362152,385.70001220703125,6.176000118255615,3.5829999446868896,2005.4000244140625,513.28125,2.0289063453674316,1.047724962234497,2683.0,513.28125,2.0289063453674316,1.047724962234497,2683.0,513.28125,2.0289063453674316,1.047724962234497,2683.0
2026-09-10T16:37:00.000+08:00,468.43218994140625,9.759315490722656,12.159912109375,21.02187728881836,0.17010849714279175,385.5,6.177000045776367,3.5850000381469727,2005.5,513.28125,2.0289063453674316,1.0492053031921387,2683.0,513.28125,2.0289063453674316,1.0492053031921387,2683.0,513.28125,2.0289063453674316,1.0492053031921387,2683.0
2026-09-10T16:38:00.000+08:00,463.25372314453125,9.788509368896484,12.09033203125,21.672086715698242,0.165650874376297,385.70001220703125,6.170000076293945,3.5829999446868896,2005.5,513.28125,2.0289063453674316,1.0459753274917603,2683.0,513.28125,2.0289063453674316,1.0459753274917603,2683.0,513.28125,2.0289063453674316,1.0459753274917603,2683.0
2026-09-10T16:39:00.000+08:00,470.5472106933594,9.795658111572266,12.069580078125,22.084842681884766,0.16196627914905548,385.29998779296875,6.184999942779541,3.5810000896453857,2005.5999755859375,513.28125,2.0289063453674316,1.0500128269195557,2683.0,513.28125,2.0289063453674316,1.0500128269195557,2683.0,513.28125,2.0289063453674316,1.0500128269195557,2683.0
2026-09-10T16:40:00.000+08:00,464.2288818359375,9.760074615478516,12.173828125,21.04062271118164,0.17014706134796143,385.5,6.170000076293945,3.5799999237060547,2005.5999755859375,513.28125,2.0289063453674316,1.0471866130828857,2683.0,513.28125,2.0289063453674316,1.0471866130828857,2683.0,513.28125,2.0289063453674316,1.0471866130828857,2683.0
2026-09-10T16:41:00.000+08:00,469.3990478515625,9.78750228881836,12.1533203125,21.008670806884766,0.17016783356666565,385.5,6.176000118255615,3.5869998931884766,2005.699951171875,513.28125,2.0289063453674316,1.0485323667526245,2683.0,513.28125,2.0289063453674316,1.0485323667526245,2683.0,513.28125,2.0289063453674316,1.0485323667526245,2683.0
2026-09-10T16:42:00.000+08:00,468.95623779296875,9.809547424316406,12.222412109375,22.09716796875,0.16219273209571838,385.70001220703125,6.179999828338623,3.5880000591278076,2005.800048828125,513.28125,2.0289063453674316,1.051358699798584,2683.0,513.28125,2.0289063453674316,1.051358699798584,2683.0,513.28125,2.0289063453674316,1.051358699798584,2683.0
2026-09-10T16:43:00.000+08:00,468.7423400878906,9.794479370117188,12.125,22.267780303955078,0.16077040135860443,385.6000061035156,6.185999870300293,3.5869998931884766,2005.800048828125,513.28125,2.0289063453674316,1.0501474142074585,2683.0,513.28125,2.0289063453674316,1.0501474142074585,2683.0,513.28125,2.0289063453674316,1.0501474142074585,2683.0
2026-09-10T16:44:00.000+08:00,468.9081115722656,9.75253677368164,12.132080078125,22.624387741088867,0.15836893022060394,385.79998779296875,6.203999996185303,3.5880000591278076,2005.9000244140625,513.28125,2.0289063453674316,1.0523006916046143,2683.0,513.28125,2.0289063453674316,1.0523006916046143,2683.0,513.28125,2.0289063453674316,1.0523006916046143,2683.0
2026-09-10T16:45:00.000+08:00,463.0002136230469,9.695755004882812,12.097412109375,21.585477828979492,0.16585224866867065,386.3999938964844,6.202000141143799,3.6050000190734863,2006.0,513.28125,2.0289063453674316,1.056876540184021,2683.0,513.28125,2.0289063453674316,1.056876540184021,2683.0,513.28125,2.0289063453674316,1.056876540184021,2683.0
2026-09-10T16:46:00.000+08:00,450.2463684082031,9.797382354736328,12.09033203125,21.27979850769043,0.1686576008796692,385.8999938964844,6.178999900817871,3.5899999141693115,2006.0,513.28125,2.067187547683716,1.0653551816940308,2683.0,513.28125,2.067187547683716,1.0653551816940308,2683.0,513.28125,2.067187547683716,1.0653551816940308,2683.0
2026-09-10T16:47:00.000+08:00,458.9500427246094,9.797382354736328,12.08349609375,21.340450286865234,0.16892801225185394,385.5,6.203000068664551,3.578000068664551,2006.0999755859375,513.28125,2.0289063453674316,1.0493398904800415,2683.0,513.28125,2.0289063453674316,1.0493398904800415,2683.0,513.28125,2.0289063453674316,1.0493398904800415,2683.0
2026-09-10T16:48:00.000+08:00,474.53680419921875,9.806766510009766,12.104248046875,21.945140838623047,0.16404543817043304,386.29998779296875,6.229000091552734,3.5980000495910645,2006.0999755859375,513.28125,2.0289063453674316,1.055261492729187,2683.0,513.28125,2.0289063453674316,1.055261492729187,2683.0,513.28125,2.0289063453674316,1.055261492729187,2683.0
2026-09-10T16:49:00.000+08:00,459.110107421875,9.788135528564453,12.076416015625,21.96816635131836,0.16314515471458435,386.0,6.23199987411499,3.5950000286102295,2006.199951171875,513.28125,2.0289063453674316,1.0510895252227783,2683.0,513.28125,2.0289063453674316,1.0510895252227783,2683.0,513.28125,2.0289063453674316,1.0510895252227783,2683.0
2026-09-10T16:50:00.000+08:00,481.4004211425781,9.788509368896484,12.069580078125,21.978639602661133,0.16365890204906464,386.3999938964844,6.235000133514404,3.6029999256134033,2006.199951171875,513.28125,2.0289063453674316,1.053242802619934,2683.0,513.28125,2.0289063453674316,1.053242802619934,2683.0,513.28125,2.0289063453674316,1.053242802619934,2683.0
2026-09-10T16:51:00.000+08:00,474.71234130859375,9.787391662597656,12.097412109375,21.657337188720703,0.1659945547580719,386.29998779296875,6.223999977111816,3.5989999771118164,2006.300048828125,513.28125,2.067187547683716,1.0680469274520874,2683.0,513.28125,2.067187547683716,1.0680469274520874,2683.0,513.28125,2.067187547683716,1.0680469274520874,2683.0
2026-09-10T16:52:00.000+08:00,471.6966247558594,9.768386840820312,12.0625,20.609426498413086,0.17496848106384277,386.70001220703125,6.218999862670898,3.6080000400543213,2006.4000244140625,513.28125,2.0289063453674316,1.0566073656082153,2683.0,513.28125,2.0289063453674316,1.0566073656082153,2683.0,513.28125,2.0289063453674316,1.0566073656082153,2683.0
2026-09-10T16:53:00.000+08:00,458.7583923339844,9.793048858642578,12.076416015625,20.888547897338867,0.17200812697410583,386.6000061035156,6.235000133514404,3.6050000190734863,2006.4000244140625,513.28125,2.0289063453674316,1.0590298175811768,2683.0,513.28125,2.0289063453674316,1.0590298175811768,2683.0,513.28125,2.0289063453674316,1.0590298175811768,2683.0
2026-09-10T16:54:00.000+08:00,474.8719177246094,9.73748779296875,12.069580078125,21.41165542602539,0.16822612285614014,386.6000061035156,6.229000091552734,3.6019999980926514,2006.5,513.28125,2.0289063453674316,1.0602411031723022,2683.0,513.28125,2.0289063453674316,1.0602411031723022,2683.0,513.28125,2.0289063453674316,1.0602411031723022,2683.0
2026-09-10T16:55:00.000+08:00,469.7561950683594,9.740745544433594,12.0556640625,21.483884811401367,0.16761399805545807,386.5,6.230999946594238,3.6010000705718994,2006.5,513.28125,2.0289063453674316,1.0536465644836426,2683.0,513.28125,2.0289063453674316,1.0536465644836426,2683.0,513.28125,2.0289063453674316,1.0536465644836426,2683.0
2026-09-10T16:56:00.000+08:00,478.15948486328125,9.756534576416016,12.0625,21.952129364013672,0.16412986814975739,386.70001220703125,6.232999801635742,3.6080000400543213,2006.5999755859375,513.28125,2.0289063453674316,1.0566073656082153,2683.0,513.28125,2.0289063453674316,1.0566073656082153,2683.0,513.28125,2.0289063453674316,1.0566073656082153,2683.0
2026-09-10T16:57:00.000+08:00,471.17169189453125,9.79998779296875,12.097412109375,21.494342803955078,0.1676720231771469,386.6000061035156,6.235000133514404,3.6080000400543213,2006.699951171875,513.28125,2.067187547683716,1.0672394037246704,2683.0,513.28125,2.067187547683716,1.0672394037246704,2683.0,513.28125,2.067187547683716,1.0672394037246704,2683.0
2026-09-10T16:58:00.000+08:00,475.5834045410156,9.778690338134766,12.173828125,21.785951614379883,0.16542771458625793,386.8999938964844,6.236000061035156,3.61899995803833,2006.699951171875,513.28125,2.0289063453674316,1.0606448650360107,2683.0,513.28125,2.0289063453674316,1.0606448650360107,2683.0,513.28125,2.0289063453674316,1.0606448650360107,2683.0
2026-09-10T16:59:00.000+08:00,465.634033203125,9.788089752197266,12.16015625,21.187623977661133,0.17009930312633514,386.79998779296875,6.247000217437744,3.6110000610351562,2006.800048828125,513.28125,2.0289063453674316,1.0582222938537598,2683.0,513.28125,2.0289063453674316,1.0582222938537598,2683.0,513.28125,2.0289063453674316,1.0582222938537598,2683.0
2026-09-10T17:00:00.000+08:00,469.92572021484375,9.759685516357422,12.0625,22.516170501708984,0.1601959764957428,387.1000061035156,6.24399995803833,3.615999937057495,2006.800048828125,513.28125,2.0289063453674316,1.060375690460205,2683.0,513.28125,2.0289063453674316,1.060375690460205,2683.0,513.28125,2.0289063453674316,1.060375690460205,2683.0
2026-09-10T17:01:00.000+08:00,472.6055603027344,9.794322967529297,12.1044921875,22.401905059814453,0.16168268024921417,387.1000061035156,6.239999771118164,3.614000082015991,2006.9000244140625,513.28125,2.0289063453674316,1.060375690460205,2683.0,513.28125,2.0289063453674316,1.060375690460205,2683.0,513.28125,2.0289063453674316,1.060375690460205,2683.0
2026-09-10T17:02:00.000+08:00,478.7951965332031,9.872852325439453,12.0908203125,22.81793212890625,0.15869098901748657,387.29998779296875,6.23799991607666,3.619999885559082,2007.0,513.28125,2.0289063453674316,1.0607794523239136,2683.0,513.28125,2.0289063453674316,1.0607794523239136,2683.0,513.28125,2.0289063453674316,1.0607794523239136,2683.0
2026-09-10T17:03:00.000+08:00,468.59039306640625,9.847064971923828,12.069580078125,21.460006713867188,0.16877907514572144,387.29998779296875,6.2170000076293945,3.614000082015991,2007.0,513.28125,2.0289063453674316,1.0591644048690796,2683.0,513.28125,2.0289063453674316,1.0591644048690796,2683.0,513.28125,2.0289063453674316,1.0591644048690796,2683.0
2026-09-10T17:04:00.000+08:00,479.094482421875,9.84481430053711,12.111328125,20.878877639770508,0.1731414794921875,387.3999938964844,6.223999977111816,3.621000051498413,2007.0999755859375,516.796875,2.0289063453674316,1.0669702291488647,2683.0,516.796875,2.0289063453674316,1.0669702291488647,2683.0,516.796875,2.0289063453674316,1.0669702291488647,2683.0
2026-09-10T17:05:00.000+08:00,476.3356628417969,9.764076232910156,12.111328125,21.857688903808594,0.16557101905345917,386.79998779296875,6.2220001220703125,3.6110000610351562,2007.0999755859375,513.28125,2.0289063453674316,1.0594335794448853,2683.0,513.28125,2.0289063453674316,1.0594335794448853,2683.0,513.28125,2.0289063453674316,1.0594335794448853,2683.0
2026-09-10T17:06:00.000+08:00,475.946044921875,9.755413055419922,12.069580078125,21.938732147216797,0.1651872992515564,387.29998779296875,6.23199987411499,3.634000062942505,2007.199951171875,516.796875,2.0289063453674316,1.0637402534484863,2683.0,516.796875,2.0289063453674316,1.0637402534484863,2683.0,516.796875,2.0289063453674316,1.0637402534484863,2683.0
2026-09-10T17:07:00.000+08:00,475.4613037109375,9.797794342041016,12.0556640625,22.164085388183594,0.16269564628601074,387.20001220703125,6.2179999351501465,3.621000051498413,2007.300048828125,516.796875,2.0289063453674316,1.0621252059936523,2683.0,516.796875,2.0289063453674316,1.0621252059936523,2683.0,516.796875,2.0289063453674316,1.0621252059936523,2683.0
2026-09-10T17:08:00.000+08:00,478.8173522949219,9.801380157470703,12.013916015625,21.194490432739258,0.1707991063594818,387.29998779296875,6.243000030517578,3.632999897003174,2007.300048828125,516.796875,2.0289063453674316,1.061317801475525,2683.0,516.796875,2.0289063453674316,1.061317801475525,2683.0,516.796875,2.0289063453674316,1.061317801475525,2683.0
2026-09-10T17:09:00.000+08:00,465.882568359375,9.797794342041016,12.0556640625,20.890214920043945,0.1733347475528717,387.1000061035156,6.230999946594238,3.621999979019165,2007.4000244140625,513.28125,2.0289063453674316,1.0641440153121948,2683.0,513.28125,2.0289063453674316,1.0641440153121948,2683.0,513.28125,2.0289063453674316,1.0641440153121948,2683.0
2026-09-10T17:10:00.000+08:00,476.07537841796875,9.69333267211914,12.03515625,20.862398147583008,0.17351792752742767,387.20001220703125,6.203999996185303,3.621000051498413,2007.5,516.796875,2.0289063453674316,1.0607794523239136,2683.0,516.796875,2.0289063453674316,1.0607794523239136,2683.0,516.796875,2.0289063453674316,1.0607794523239136,2683.0
2026-09-10T17:11:00.000+08:00,467.5995788574219,9.754730224609375,12.048828125,20.548202514648438,0.1760251373052597,387.0,6.2129998207092285,3.615999937057495,2007.5,513.28125,2.0289063453674316,1.061586856842041,2683.0,513.28125,2.0289063453674316,1.061586856842041,2683.0,513.28125,2.0289063453674316,1.061586856842041,2683.0
2026-09-10T17:12:00.000+08:00,481.3774719238281,9.732475280761719,12.041748046875,21.701635360717773,0.16662338376045227,387.20001220703125,6.206999778747559,3.6110000610351562,2007.5999755859375,516.796875,2.0289063453674316,1.060375690460205,2683.0,516.796875,2.0289063453674316,1.060375690460205,2683.0,516.796875,2.0289063453674316,1.060375690460205,2683.0
2026-09-10T17:13:00.000+08:00,472.63360595703125,9.74078369140625,11.986328125,21.472747802734375,0.16835293173789978,387.0,6.206999778747559,3.615000009536743,2007.5999755859375,513.28125,2.0289063453674316,1.0606448650360107,2683.0,513.28125,2.0289063453674316,1.0606448650360107,2683.0,513.28125,2.0289063453674316,1.0606448650360107,2683.0
2026-09-10T17:14:00.000+08:00,461.2065124511719,9.735294342041016,12.007080078125,21.249887466430664,0.17032411694526672,387.0,6.197000026702881,3.615000009536743,2007.699951171875,513.28125,2.0289063453674316,1.0586260557174683,2683.0,513.28125,2.0289063453674316,1.0586260557174683,2683.0,513.28125,2.0289063453674316,1.0586260557174683,2683.0
2026-09-10T17:15:00.000+08:00,470.32086181640625,9.746463775634766,11.951416015625,20.576370239257812,0.1756383627653122,387.0,6.210999965667725,3.61899995803833,2007.800048828125,513.28125,2.0289063453674316,1.060375690460205,2683.0,513.28125,2.0289063453674316,1.060375690460205,2683.0,513.28125,2.0289063453674316,1.060375690460205,2683.0
2026-09-10T17:16:00.000+08:00,470.4610290527344,9.51803970336914,11.895751953125,20.790136337280273,0.17402483522891998,387.20001220703125,6.216000080108643,3.619999885559082,2007.800048828125,516.796875,2.0289063453674316,1.0621252059936523,2683.0,516.796875,2.0289063453674316,1.0621252059936523,2683.0,516.796875,2.0289063453674316,1.0621252059936523,2683.0
2026-09-10T17:17:00.000+08:00,470.02032470703125,9.377670288085938,11.791748046875,20.92516326904297,0.17290188372135162,387.0,6.203999996185303,3.61299991607666,2007.9000244140625,513.28125,2.0289063453674316,1.0636056661605835,2683.0,513.28125,2.0289063453674316,1.0636056661605835,2683.0,513.28125,2.0289063453674316,1.0636056661605835,2683.0
2026-09-10T17:18:00.000+08:00,475.75030517578125,9.375511169433594,11.8681640625,22.72968101501465,0.15952710807323456,386.8999938964844,6.209000110626221,3.615000009536743,2007.9000244140625,513.28125,2.0289063453674316,1.0599719285964966,2684.0,513.28125,2.0289063453674316,1.0599719285964966,2684.0,513.28125,2.0289063453674316,1.0599719285964966,2684.0
2026-09-10T17:19:00.000+08:00,474.40155029296875,9.397064208984375,11.8056640625,21.940214157104492,0.16476593911647797,386.79998779296875,6.196000099182129,3.6080000400543213,2008.0,513.28125,2.067187547683716,1.0718151330947876,2684.0,513.28125,2.067187547683716,1.0718151330947876,2684.0,513.28125,2.067187547683716,1.0718151330947876,2684.0
2026-09-10T17:20:00.000+08:00,471.2528381347656,9.33133316040039,11.770751953125,23.182374954223633,0.15598057210445404,386.79998779296875,6.199999809265137,3.61299991607666,2008.0999755859375,513.28125,2.0289063453674316,1.0590298175811768,2684.0,513.28125,2.0289063453674316,1.0590298175811768,2684.0,513.28125,2.0289063453674316,1.0590298175811768,2684.0
2026-09-10T17:21:00.000+08:00,473.0045471191406,9.34393310546875,11.70849609375,21.848861694335938,0.16554637253284454,387.0,6.2170000076293945,3.617000102996826,2008.0999755859375,513.28125,2.0289063453674316,1.062394380569458,2684.0,513.28125,2.0289063453674316,1.062394380569458,2684.0,513.28125,2.0289063453674316,1.062394380569458,2684.0
2026-09-10T17:22:00.000+08:00,469.9762878417969,9.320228576660156,11.701416015625,22.847631454467773,0.15835338830947876,387.1000061035156,6.21999979019165,3.621000051498413,2008.199951171875,513.28125,2.0289063453674316,1.0594335794448853,2684.0,513.28125,2.0289063453674316,1.0594335794448853,2684.0,513.28125,2.0289063453674316,1.0594335794448853,2684.0
2026-09-10T17:23:00.000+08:00,465.4678955078125,9.334236145019531,11.729248046875,22.005443572998047,0.16391398012638092,386.8999938964844,6.199999809265137,3.614000082015991,2008.199951171875,513.28125,2.0289063453674316,1.0570111274719238,2684.0,513.28125,2.0289063453674316,1.0570111274719238,2684.0,513.28125,2.0289063453674316,1.0570111274719238,2684.0
2026-09-10T17:24:00.000+08:00,468.3038635253906,9.329925537109375,11.70849609375,21.233362197875977,0.17029805481433868,387.0,6.202000141143799,3.634000062942505,2008.300048828125,513.28125,2.0289063453674316,1.0582222938537598,2684.0,513.28125,2.0289063453674316,1.0582222938537598,2684.0,513.28125,2.0289063453674316,1.0582222938537598,2684.0
2026-09-10T17:25:00.000+08:00,453.7550048828125,9.34140396118164,11.729248046875,21.358049392700195,0.16916339099407196,387.0,6.198999881744385,3.6089999675750732,2008.4000244140625,513.28125,2.0289063453674316,1.0586260557174683,2684.0,513.28125,2.0289063453674316,1.0586260557174683,2684.0,513.28125,2.0289063453674316,1.0586260557174683,2684.0
2026-09-10T17:26:00.000+08:00,448.3737487792969,9.315544128417969,11.78515625,21.2130126953125,0.1709328144788742,386.79998779296875,6.204999923706055,3.609999895095825,2008.4000244140625,513.28125,2.0289063453674316,1.0570111274719238,2684.0,513.28125,2.0289063453674316,1.0570111274719238,2684.0,513.28125,2.0289063453674316,1.0570111274719238,2684.0
2026-09-10T17:27:00.000+08:00,442.6246337890625,9.296150207519531,11.722412109375,20.659704208374023,0.17478469014167786,386.8999938964844,6.216000080108643,3.615999937057495,2008.5,513.28125,2.0289063453674316,1.0599719285964966,2684.0,513.28125,2.0289063453674316,1.0599719285964966,2684.0,513.28125,2.0289063453674316,1.0599719285964966,2684.0
2026-09-10T17:28:00.000+08:00,443.21484375,9.314090728759766,11.757080078125,20.754112243652344,0.17418235540390015,387.1000061035156,6.205999851226807,3.617000102996826,2008.5,513.28125,2.0289063453674316,1.0586260557174683,2684.0,513.28125,2.0289063453674316,1.0586260557174683,2684.0,513.28125,2.0289063453674316,1.0586260557174683,2684.0
2026-09-10T17:29:00.000+08:00,437.0705261230469,9.350353240966797,11.75,20.483266830444336,0.17609496414661407,387.1000061035156,6.211999893188477,3.614000082015991,2008.5999755859375,513.28125,2.0289063453674316,1.061586856842041,2684.0,513.28125,2.0289063453674316,1.061586856842041,2684.0,513.28125,2.0289063453674316,1.061586856842041,2684.0
2026-09-10T17:30:00.000+08:00,436.80712890625,9.282096862792969,11.75,20.483552932739258,0.17619013786315918,387.0,6.209000110626221,3.6089999675750732,2008.699951171875,513.28125,2.0289063453674316,1.0599719285964966,2684.0,513.28125,2.0289063453674316,1.0599719285964966,2684.0,513.28125,2.0289063453674316,1.0599719285964966,2684.0
2026-09-10T17:31:00.000+08:00,449.8446044921875,9.353984832763672,11.7294921875,22.34128761291504,0.161808043718338,386.79998779296875,6.2129998207092285,3.6089999675750732,2008.699951171875,513.28125,2.0289063453674316,1.0594335794448853,2684.0,513.28125,2.0289063453674316,1.0594335794448853,2684.0,513.28125,2.0289063453674316,1.0594335794448853,2684.0
2026-09-10T17:32:00.000+08:00,451.1942443847656,9.319480895996094,11.8056640625,21.785419464111328,0.1661202758550644,386.70001220703125,6.198999881744385,3.6059999465942383,2008.800048828125,513.28125,2.0289063453674316,1.0572803020477295,2684.0,513.28125,2.0289063453674316,1.0572803020477295,2684.0,513.28125,2.0289063453674316,1.0572803020477295,2684.0
2026-09-10T17:33:00.000+08:00,446.3525695800781,9.3262939453125,11.763916015625,20.293609619140625,0.17793779075145721,386.6000061035156,6.206999778747559,3.6040000915527344,2008.800048828125,513.28125,2.0289063453674316,1.0586260557174683,2684.0,513.28125,2.0289063453674316,1.0586260557174683,2684.0,513.28125,2.0289063453674316,1.0586260557174683,2684.0
2026-09-10T17:34:00.000+08:00,436.2009582519531,9.305427551269531,11.798828125,20.647539138793945,0.17464551329612732,386.29998779296875,6.223999977111816,3.5999999046325684,2008.9000244140625,513.28125,2.0289063453674316,1.0506857633590698,2684.0,513.28125,2.0289063453674316,1.0506857633590698,2684.0,513.28125,2.0289063453674316,1.0506857633590698,2684.0
2026-09-10T17:35:00.000+08:00,443.2825927734375,9.308349609375,11.791748046875,21.89202308654785,0.1647632122039795,386.5,6.238999843597412,3.6019999980926514,2009.0,513.28125,2.0289063453674316,1.0586260557174683,2684.0,513.28125,2.0289063453674316,1.0586260557174683,2684.0,513.28125,2.0289063453674316,1.0586260557174683,2684.0
2026-09-10T17:36:00.000+08:00,425.4439697265625,9.310108184814453,11.791748046875,21.13511085510254,0.170332670211792,386.20001220703125,6.234000205993652,3.5999999046325684,2009.0,513.28125,2.0289063453674316,1.0518969297409058,2684.0,513.28125,2.0289063453674316,1.0518969297409058,2684.0,513.28125,2.0289063453674316,1.0518969297409058,2684.0
2026-09-10T17:37:00.000+08:00,418.8548278808594,9.26803970336914,11.909912109375,20.74817657470703,0.17365381121635437,386.29998779296875,6.23799991607666,3.6019999980926514,2009.0999755859375,513.28125,2.0289063453674316,1.0482631921768188,2684.0,513.28125,2.0289063453674316,1.0482631921768188,2684.0,513.28125,2.0289063453674316,1.0482631921768188,2684.0
2026-09-10T17:38:00.000+08:00,419.84149169921875,9.430049896240234,11.923828125,20.374671936035156,0.1767881214618683,386.29998779296875,6.208000183105469,3.5950000286102295,2009.0999755859375,513.28125,2.0289063453674316,1.0502820014953613,2684.0,513.28125,2.0289063453674316,1.0502820014953613,2684.0,513.28125,2.0289063453674316,1.0502820014953613,2684.0
2026-09-10T17:39:00.000+08:00,413.8952941894531,9.48855209350586,11.9658203125,21.55258560180664,0.16497042775154114,386.1000061035156,6.214000225067139,3.5959999561309814,2009.199951171875,513.28125,2.0289063453674316,1.0539157390594482,2684.0,513.28125,2.0289063453674316,1.0539157390594482,2684.0,513.28125,2.0289063453674316,1.0539157390594482,2684.0
2026-09-10T17:40:00.000+08:00,413.4608154296875,9.497936248779297,11.972412109375,20.4873046875,0.17566977441310883,386.3999938964844,6.22599983215332,3.6050000190734863,2009.300048828125,513.28125,2.0289063453674316,1.056876540184021,2684.0,513.28125,2.0289063453674316,1.056876540184021,2684.0,513.28125,2.0289063453674316,1.056876540184021,2684.0
2026-09-10T17:41:00.000+08:00,418.2218322753906,9.488506317138672,12.03515625,20.29477310180664,0.17718848586082458,386.5,6.196000099182129,3.6029999256134033,2009.300048828125,513.28125,2.0289063453674316,1.0548577308654785,2684.0,513.28125,2.0289063453674316,1.0548577308654785,2684.0,513.28125,2.0289063453674316,1.0548577308654785,2684.0
2026-09-10T17:42:00.000+08:00,428.2538146972656,9.466289520263672,12.0283203125,20.832639694213867,0.17290176451206207,386.5,6.223999977111816,3.6080000400543213,2009.4000244140625,513.28125,2.0289063453674316,1.0536465644836426,2684.0,513.28125,2.0289063453674316,1.0536465644836426,2684.0,513.28125,2.0289063453674316,1.0536465644836426,2684.0
2026-09-10T17:43:00.000+08:00,418.09881591796875,9.461654663085938,11.986328125,21.01917266845703,0.17160522937774658,386.3999938964844,6.22599983215332,3.6010000705718994,2009.4000244140625,513.28125,2.0289063453674316,1.0556652545928955,2684.0,513.28125,2.0289063453674316,1.0556652545928955,2684.0,513.28125,2.0289063453674316,1.0556652545928955,2684.0
2026-09-10T17:44:00.000+08:00,415.29522705078125,9.52883529663086,11.972412109375,21.09539794921875,0.17079554498195648,386.1000061035156,6.2129998207092285,3.6010000705718994,2009.5,513.28125,2.0289063453674316,1.0548577308654785,2684.0,513.28125,2.0289063453674316,1.0548577308654785,2684.0,513.28125,2.0289063453674316,1.0548577308654785,2684.0
2026-09-10T17:45:00.000+08:00,412.5372009277344,9.479660034179688,11.986328125,20.30374526977539,0.17715942859649658,386.1000061035156,6.203999996185303,3.5989999771118164,2009.5999755859375,513.28125,2.0289063453674316,1.0564727783203125,2684.0,513.28125,2.0289063453674316,1.0564727783203125,2684.0,513.28125,2.0289063453674316,1.0564727783203125,2684.0
2026-09-10T17:46:00.000+08:00,421.5119323730469,9.555011749267578,11.9931640625,20.426448822021484,0.17668269574642181,386.20001220703125,6.208000183105469,3.6059999465942383,2009.5999755859375,513.28125,2.0289063453674316,1.055261492729187,2684.0,513.28125,2.0289063453674316,1.055261492729187,2684.0,513.28125,2.0289063453674316,1.055261492729187,2684.0
2026-09-10T17:47:00.000+08:00,415.6483459472656,9.525596618652344,12.048828125,20.710744857788086,0.17411251366138458,385.79998779296875,6.203999996185303,3.5920000076293945,2009.699951171875,513.28125,2.0289063453674316,1.0523006916046143,2684.0,513.28125,2.0289063453674316,1.0523006916046143,2684.0,513.28125,2.0289063453674316,1.0523006916046143,2684.0
2026-09-10T17:48:00.000+08:00,410.8762512207031,9.548583984375,11.944580078125,20.624164581298828,0.17479495704174042,385.79998779296875,6.21999979019165,3.5980000495910645,2009.699951171875,513.28125,2.0289063453674316,1.0584914684295654,2684.0,513.28125,2.0289063453674316,1.0584914684295654,2684.0,513.28125,2.0289063453674316,1.0584914684295654,2684.0
2026-09-10T17:49:00.000+08:00,413.8382873535156,9.604263305664062,12.0556640625,20.827943801879883,0.1732768416404724,385.8999938964844,6.216000080108643,3.5980000495910645,2009.800048828125,513.28125,2.0289063453674316,1.0510895252227783,2684.0,513.28125,2.0289063453674316,1.0510895252227783,2684.0,513.28125,2.0289063453674316,1.0510895252227783,2684.0
2026-09-10T17:50:00.000+08:00,424.8651123046875,9.566230773925781,12.041748046875,20.262203216552734,0.17732524871826172,386.20001220703125,6.215000152587891,3.6080000400543213,2009.9000244140625,513.28125,2.0289063453674316,1.0536465644836426,2684.0,513.28125,2.0289063453674316,1.0536465644836426,2684.0,513.28125,2.0289063453674316,1.0536465644836426,2684.0
2026-09-10T17:51:00.000+08:00,413.7480163574219,9.595619201660156,12.0283203125,20.584741592407227,0.17474108934402466,386.0,6.202000141143799,3.5989999771118164,2009.9000244140625,513.28125,2.0289063453674316,1.057684063911438,2684.0,513.28125,2.0289063453674316,1.057684063911438,2684.0,513.28125,2.0289063453674316,1.057684063911438,2684.0
2026-09-10T17:52:00.000+08:00,405.84228515625,9.607105255126953,12.02099609375,19.55955696105957,0.18482013046741486,386.0,6.2179999351501465,3.5989999771118164,2010.0,513.28125,2.0289063453674316,1.0539157390594482,2684.0,513.28125,2.0289063453674316,1.0539157390594482,2684.0,513.28125,2.0289063453674316,1.0539157390594482,2684.0
2026-09-10T17:53:00.000+08:00,419.1231384277344,9.572284698486328,12.048583984375,20.341808319091797,0.17692625522613525,386.20001220703125,6.230999946594238,3.6089999675750732,2010.0,513.28125,2.0289063453674316,1.056876540184021,2684.0,513.28125,2.0289063453674316,1.056876540184021,2684.0,513.28125,2.0289063453674316,1.056876540184021,2684.0
2026-09-10T17:54:00.000+08:00,418.5549011230469,9.69649887084961,12.09765625,19.997304916381836,0.1798742413520813,386.20001220703125,6.203999996185303,3.5969998836517334,2010.0999755859375,513.28125,2.0289063453674316,1.056876540184021,2684.0,513.28125,2.0289063453674316,1.056876540184021,2684.0,513.28125,2.0289063453674316,1.056876540184021,2684.0
2026-09-10T17:55:00.000+08:00,409.0928649902344,9.751201629638672,12.1669921875,19.81545639038086,0.18197914958000183,386.29998779296875,6.210999965667725,3.6080000400543213,2010.199951171875,513.28125,2.0289063453674316,1.056069016456604,2684.0,513.28125,2.0289063453674316,1.056069016456604,2684.0,513.28125,2.0289063453674316,1.056069016456604,2684.0
2026-09-10T17:56:00.000+08:00,424.4071960449219,9.752861022949219,12.125,20.449312210083008,0.1761428415775299,386.0,6.202000141143799,3.5989999771118164,2010.199951171875,513.28125,2.0289063453674316,1.0506857633590698,2684.0,513.28125,2.0289063453674316,1.0506857633590698,2684.0,513.28125,2.0289063453674316,1.0506857633590698,2684.0
2026-09-10T17:57:00.000+08:00,420.9115905761719,9.775863647460938,12.1806640625,19.800846099853516,0.1820124238729477,386.29998779296875,6.196000099182129,3.5989999771118164,2010.300048828125,513.28125,2.0289063453674316,1.0498782396316528,2684.0,513.28125,2.0289063453674316,1.0498782396316528,2684.0,513.28125,2.0289063453674316,1.0498782396316528,2684.0
2026-09-10T17:58:00.000+08:00,417.2279052734375,9.762683868408203,12.16015625,20.59520721435547,0.17479795217514038,385.8999938964844,6.190999984741211,3.5969998836517334,2010.300048828125,513.28125,2.0289063453674316,1.0502820014953613,2684.0,513.28125,2.0289063453674316,1.0502820014953613,2684.0,513.28125,2.0289063453674316,1.0502820014953613,2684.0
2026-09-10T17:59:00.000+08:00,425.4461364746094,9.75253677368164,12.159912109375,20.062625885009766,0.1792885959148407,386.0,6.189000129699707,3.5999999046325684,2010.4000244140625,513.28125,2.0289063453674316,1.053242802619934,2684.0,513.28125,2.0289063453674316,1.053242802619934,2684.0,513.28125,2.0289063453674316,1.053242802619934,2684.0
2026-09-10T18:00:00.000+08:00,435.80615234375,9.840621948242188,12.1806640625,20.727577209472656,0.17353692650794983,386.79998779296875,6.216000080108643,3.617000102996826,2010.5,513.28125,2.0289063453674316,1.0566073656082153,2684.0,513.28125,2.0289063453674316,1.0566073656082153,2684.0,513.28125,2.0289063453674316,1.0566073656082153,2684.0
2026-09-10T18:01:00.000+08:00,428.56494140625,9.840621948242188,12.1533203125,20.486000061035156,0.17563213407993317,386.3999938964844,6.2210001945495605,3.6070001125335693,2010.5,513.28125,2.0289063453674316,1.052435278892517,2684.0,513.28125,2.0289063453674316,1.052435278892517,2684.0,513.28125,2.0289063453674316,1.052435278892517,2684.0
2026-09-10T18:02:00.000+08:00,436.7859191894531,9.849891662597656,12.1181640625,20.968036651611328,0.1725960373878479,386.5,6.230000019073486,3.611999988555908,2010.5999755859375,513.28125,2.0289063453674316,1.054050326347351,2684.0,513.28125,2.0289063453674316,1.054050326347351,2684.0,513.28125,2.0289063453674316,1.054050326347351,2684.0
2026-09-10T18:03:00.000+08:00,428.17559814453125,9.830516815185547,12.104248046875,19.800533294677734,0.18161126971244812,386.3999938964844,6.232999801635742,3.6059999465942383,2010.5999755859375,513.28125,2.0289063453674316,1.0572803020477295,2684.0,513.28125,2.0289063453674316,1.0572803020477295,2684.0,513.28125,2.0289063453674316,1.0572803020477295,2684.0
2026-09-10T18:04:00.000+08:00,454.3972473144531,9.834037780761719,12.159912109375,20.430206298828125,0.17694388329982758,386.29998779296875,6.197999954223633,3.5989999771118164,2010.699951171875,513.28125,2.0289063453674316,1.053242802619934,2684.0,513.28125,2.0289063453674316,1.053242802619934,2684.0,513.28125,2.0289063453674316,1.053242802619934,2684.0
2026-09-10T18:05:00.000+08:00,440.5948181152344,9.836292266845703,12.166748046875,20.2712345123291,0.17803552746772766,386.3999938964844,6.210000038146973,3.6059999465942383,2010.800048828125,513.28125,2.0289063453674316,1.0572803020477295,2684.0,513.28125,2.0289063453674316,1.0572803020477295,2684.0,513.28125,2.0289063453674316,1.0572803020477295,2684.0
2026-09-10T18:06:00.000+08:00,440.0401306152344,9.885818481445312,12.16015625,20.51675796508789,0.1759049892425537,386.29998779296875,6.208000183105469,3.5959999561309814,2010.800048828125,513.28125,2.0289063453674316,1.052435278892517,2684.0,513.28125,2.0289063453674316,1.052435278892517,2684.0,513.28125,2.0289063453674316,1.052435278892517,2684.0
2026-09-10T18:07:00.000+08:00,438.6624755859375,9.855667114257812,12.138916015625,19.8135929107666,0.177603080868721,385.79998779296875,6.205999851226807,3.5869998931884766,2010.9000244140625,513.28125,2.0289063453674316,1.0629327297210693,2684.0,513.28125,2.0289063453674316,1.0629327297210693,2684.0,513.28125,2.0289063453674316,1.0629327297210693,2684.0
2026-09-10T18:08:00.000+08:00,438.5445861816406,9.818248748779297,12.138916015625,19.902103424072266,0.18098589777946472,386.0,6.199999809265137,3.5940001010894775,2010.9000244140625,513.28125,2.0289063453674316,1.0572803020477295,2684.0,513.28125,2.0289063453674316,1.0572803020477295,2684.0,513.28125,2.0289063453674316,1.0572803020477295,2684.0
2026-09-10T18:09:00.000+08:00,437.5091552734375,9.872146606445312,12.0556640625,19.87027931213379,0.18127577006816864,386.0,6.236999988555908,3.5980000495910645,2011.0,513.28125,2.0289063453674316,1.0502820014953613,2684.0,513.28125,2.0289063453674316,1.0502820014953613,2684.0,513.28125,2.0289063453674316,1.0502820014953613,2684.0
2026-09-10T18:10:00.000+08:00,437.1684265136719,9.846694946289062,12.1181640625,20.071170806884766,0.1793617308139801,386.0,6.248000144958496,3.5980000495910645,2011.0999755859375,513.28125,2.0289063453674316,1.0510895252227783,2684.0,513.28125,2.0289063453674316,1.0510895252227783,2684.0,513.28125,2.0289063453674316,1.0510895252227783,2684.0
2026-09-10T18:11:00.000+08:00,450.47784423828125,9.825553894042969,12.145751953125,20.04470443725586,0.17944888770580292,385.79998779296875,6.235000133514404,3.5880000591278076,2011.0999755859375,513.28125,2.0289063453674316,1.0572803020477295,2684.0,513.28125,2.0289063453674316,1.0572803020477295,2684.0,513.28125,2.0289063453674316,1.0572803020477295,2684.0
2026-09-10T18:12:00.000+08:00,455.18280029296875,9.78887939453125,12.104248046875,20.397724151611328,0.17658832669258118,385.8999938964844,6.2170000076293945,3.5889999866485596,2011.199951171875,513.28125,2.0289063453674316,1.0559344291687012,2684.0,513.28125,2.0289063453674316,1.0559344291687012,2684.0,513.28125,2.0289063453674316,1.0559344291687012,2684.0
2026-09-10T18:13:00.000+08:00,443.7216796875,9.792137145996094,12.0283203125,20.291606903076172,0.17672331631183624,386.0,6.23199987411499,3.6010000705718994,2011.199951171875,513.28125,2.0289063453674316,1.0539157390594482,2684.0,513.28125,2.0289063453674316,1.0539157390594482,2684.0,513.28125,2.0289063453674316,1.0539157390594482,2684.0
2026-09-10T18:14:00.000+08:00,443.8824462890625,9.79134750366211,12.111328125,20.53373146057129,0.17532126605510712,386.0,6.206999778747559,3.5940001010894775,2011.300048828125,513.28125,2.0289063453674316,1.0514931678771973,2684.0,513.28125,2.0289063453674316,1.0514931678771973,2684.0,513.28125,2.0289063453674316,1.0514931678771973,2684.0
2026-09-10T18:15:00.000+08:00,439.3258972167969,9.756534576416016,12.069580078125,19.602249145507812,0.1833973228931427,386.0,6.235000133514404,3.6029999256134033,2011.4000244140625,513.28125,2.0289063453674316,1.0514931678771973,2685.0,513.28125,2.0289063453674316,1.0514931678771973,2685.0,513.28125,2.0289063453674316,1.0514931678771973,2685.0
2026-09-10T18:16:00.000+08:00,445.9862365722656,9.77010726928711,12.09765625,20.802364349365234,0.17320145666599274,386.1000061035156,6.23199987411499,3.6010000705718994,2011.4000244140625,513.28125,2.0289063453674316,1.0539157390594482,2685.0,513.28125,2.0289063453674316,1.0539157390594482,2685.0,513.28125,2.0289063453674316,1.0539157390594482,2685.0
2026-09-10T18:17:00.000+08:00,432.1081237792969,9.712352752685547,12.013916015625,19.78432273864746,0.18191170692443848,385.8999938964844,6.214000225067139,3.5899999141693115,2011.5,513.28125,2.0289063453674316,1.0584914684295654,2685.0,513.28125,2.0289063453674316,1.0584914684295654,2685.0,513.28125,2.0289063453674316,1.0584914684295654,2685.0
2026-09-10T18:18:00.000+08:00,448.4851379394531,9.74325180053711,11.972412109375,21.008333206176758,0.1712653785943985,386.20001220703125,6.195000171661377,3.5989999771118164,2011.5,513.28125,2.0289063453674316,1.0514931678771973,2685.0,513.28125,2.0289063453674316,1.0514931678771973,2685.0,513.28125,2.0289063453674316,1.0514931678771973,2685.0
2026-09-10T18:19:00.000+08:00,447.41851806640625,9.803245544433594,12.013916015625,19.909217834472656,0.1804189383983612,385.70001220703125,6.201000213623047,3.5859999656677246,2011.5999755859375,513.28125,2.0289063453674316,1.047724962234497,2685.0,513.28125,2.0289063453674316,1.047724962234497,2685.0,513.28125,2.0289063453674316,1.047724962234497,2685.0
2026-09-10T18:20:00.000+08:00,451.4955139160156,9.70444107055664,12.03515625,21.039823532104492,0.17091397941112518,385.0,6.185999870300293,3.572999954223633,2011.699951171875,513.28125,2.0289063453674316,1.0483977794647217,2685.0,513.28125,2.0289063453674316,1.0483977794647217,2685.0,513.28125,2.0289063453674316,1.0483977794647217,2685.0
2026-09-10T18:21:00.000+08:00,458.798583984375,9.67605209350586,11.9794921875,20.771928787231445,0.17278125882148743,384.8999938964844,6.176000118255615,3.5739998817443848,2011.699951171875,513.28125,2.0289063453674316,1.0446295738220215,2685.0,513.28125,2.0289063453674316,1.0446295738220215,2685.0,513.28125,2.0289063453674316,1.0446295738220215,2685.0
2026-09-10T18:22:00.000+08:00,443.46478271484375,9.65267562866211,12.0283203125,20.257740020751953,0.17637702822685242,385.79998779296875,6.205999851226807,3.5910000801086426,2011.800048828125,513.28125,2.0289063453674316,1.050551176071167,2685.0,513.28125,2.0289063453674316,1.050551176071167,2685.0,513.28125,2.0289063453674316,1.050551176071167,2685.0
2026-09-10T18:23:00.000+08:00,437.6772766113281,9.63515853881836,12.0283203125,21.098051071166992,0.16925734281539917,385.20001220703125,6.191999912261963,3.5769999027252197,2011.800048828125,513.28125,2.0289063453674316,1.0500128269195557,2685.0,513.28125,2.0289063453674316,1.0500128269195557,2685.0,513.28125,2.0289063453674316,1.0500128269195557,2685.0
2026-09-10T18:24:00.000+08:00,438.52630615234375,9.661731719970703,11.97265625,20.795181274414062,0.17292466759681702,385.0,6.177999973297119,3.572999954223633,2011.9000244140625,513.28125,2.0289063453674316,1.0459753274917603,2685.0,513.28125,2.0289063453674316,1.0459753274917603,2685.0,513.28125,2.0289063453674316,1.0459753274917603,2685.0
2026-09-10T18:25:00.000+08:00,438.3780517578125,9.720993041992188,12.041748046875,20.943866729736328,0.17098084092140198,385.6000061035156,6.209000110626221,3.5910000801086426,2012.0,513.28125,2.0289063453674316,1.0521661043167114,2685.0,513.28125,2.0289063453674316,1.0521661043167114,2685.0,513.28125,2.0289063453674316,1.0521661043167114,2685.0
2026-09-10T18:26:00.000+08:00,441.10064697265625,9.70876693725586,12.007080078125,20.124671936035156,0.17769233882427216,386.20001220703125,6.216000080108643,3.6029999256134033,2012.0,513.28125,2.0289063453674316,1.0544540882110596,2685.0,513.28125,2.0289063453674316,1.0544540882110596,2685.0,513.28125,2.0289063453674316,1.0544540882110596,2685.0
2026-09-10T18:27:00.000+08:00,430.29718017578125,9.644542694091797,12.0,20.499954223632812,0.17458575963974,386.0,6.208000183105469,3.5929999351501465,2012.0999755859375,513.28125,2.0289063453674316,1.0527044534683228,2685.0,513.28125,2.0289063453674316,1.0527044534683228,2685.0,513.28125,2.0289063453674316,1.0527044534683228,2685.0
2026-09-10T18:28:00.000+08:00,437.19195556640625,9.683963775634766,11.9658203125,20.311857223510742,0.17804400622844696,385.8999938964844,6.203999996185303,3.5969998836517334,2012.0999755859375,513.28125,2.0289063453674316,1.0539157390594482,2685.0,513.28125,2.0289063453674316,1.0539157390594482,2685.0,513.28125,2.0289063453674316,1.0539157390594482,2685.0
2026-09-10T18:29:00.000+08:00,426.1519775390625,9.745048522949219,12.034912109375,19.506681442260742,0.1842445582151413,386.0,6.198999881744385,3.5959999561309814,2012.199951171875,513.28125,2.0289063453674316,1.0601065158843994,2685.0,513.28125,2.0289063453674316,1.0601065158843994,2685.0,513.28125,2.0289063453674316,1.0601065158843994,2685.0
2026-09-10T18:30:00.000+08:00,430.3577880859375,9.724929809570312,12.048828125,20.259780883789062,0.1773957908153534,386.0,6.188000202178955,3.6010000705718994,2012.300048828125,513.28125,2.0289063453674316,1.0539157390594482,2685.0,513.28125,2.0289063453674316,1.0539157390594482,2685.0,513.28125,2.0289063453674316,1.0539157390594482,2685.0
2026-09-10T18:31:00.000+08:00,428.4266662597656,9.799659729003906,12.034912109375,20.013967514038086,0.17947465181350708,386.0,6.183000087738037,3.5920000076293945,2012.300048828125,513.28125,2.0289063453674316,1.0539157390594482,2685.0,513.28125,2.0289063453674316,1.0539157390594482,2685.0,513.28125,2.0289063453674316,1.0539157390594482,2685.0
2026-09-10T18:32:00.000+08:00,436.3145751953125,9.696174621582031,12.0556640625,19.799646377563477,0.1819729506969452,385.8999938964844,6.201000213623047,3.6010000705718994,2012.4000244140625,513.28125,2.0289063453674316,1.0527044534683228,2685.0,513.28125,2.0289063453674316,1.0527044534683228,2685.0,513.28125,2.0289063453674316,1.0527044534683228,2685.0
2026-09-10T18:33:00.000+08:00,437.2094421386719,9.747566223144531,11.979248046875,19.467411041259766,0.1849244385957718,385.70001220703125,6.211999893188477,3.5899999141693115,2012.4000244140625,513.28125,2.0289063453674316,1.0485323667526245,2685.0,513.28125,2.0289063453674316,1.0485323667526245,2685.0,513.28125,2.0289063453674316,1.0485323667526245,2685.0
2026-09-10T18:34:00.000+08:00,441.9547424316406,9.728935241699219,11.958251953125,18.661697387695312,0.1930156648159027,385.79998779296875,6.2210001945495605,3.6040000915527344,2012.5,513.28125,2.0289063453674316,1.0514931678771973,2685.0,513.28125,2.0289063453674316,1.0514931678771973,2685.0,513.28125,2.0289063453674316,1.0514931678771973,2685.0
2026-09-10T18:35:00.000+08:00,448.66015625,9.741767883300781,11.9658203125,20.028276443481445,0.1794462949037552,385.70001220703125,6.25600004196167,3.5989999771118164,2012.5999755859375,513.28125,2.0289063453674316,1.0559344291687012,2685.0,513.28125,2.0289063453674316,1.0559344291687012,2685.0,513.28125,2.0289063453674316,1.0559344291687012,2685.0
2026-09-10T18:36:00.000+08:00,456.96868896484375,9.71917724609375,11.951416015625,21.385839462280273,0.1684292107820511,385.79998779296875,6.248000144958496,3.5929999351501465,2012.5999755859375,513.28125,2.0289063453674316,1.0535119771957397,2685.0,513.28125,2.0289063453674316,1.0535119771957397,2685.0,513.28125,2.0289063453674316,1.0535119771957397,2685.0
2026-09-10T18:37:00.000+08:00,443.26055908203125,9.712024688720703,11.9931640625,20.795774459838867,0.17335252463817596,385.8999938964844,6.236000061035156,3.5989999771118164,2012.699951171875,513.28125,2.0289063453674316,1.0547232627868652,2685.0,513.28125,2.0289063453674316,1.0547232627868652,2685.0,513.28125,2.0289063453674316,1.0547232627868652,2685.0
2026-09-10T18:38:00.000+08:00,456.8078308105469,9.743995666503906,11.9375,20.440292358398438,0.17656303942203522,385.79998779296875,6.210000038146973,3.5880000591278076,2012.699951171875,513.28125,2.0289063453674316,1.050551176071167,2685.0,513.28125,2.0289063453674316,1.050551176071167,2685.0,513.28125,2.0289063453674316,1.050551176071167,2685.0
2026-09-10T18:39:00.000+08:00,438.2352294921875,9.718826293945312,11.958251953125,19.937850952148438,0.18111279606819153,385.70001220703125,6.238999843597412,3.5929999351501465,2012.800048828125,513.28125,2.0289063453674316,1.0531082153320312,2685.0,513.28125,2.0289063453674316,1.0531082153320312,2685.0,513.28125,2.0289063453674316,1.0531082153320312,2685.0
2026-09-10T18:40:00.000+08:00,446.7403259277344,9.64310073852539,11.96533203125,19.681537628173828,0.1825568675994873,385.70001220703125,6.202000141143799,3.5840001106262207,2012.9000244140625,513.28125,2.0289063453674316,1.047724962234497,2685.0,513.28125,2.0289063453674316,1.047724962234497,2685.0,513.28125,2.0289063453674316,1.047724962234497,2685.0
2026-09-10T18:41:00.000+08:00,442.11285400390625,9.67642593383789,11.9794921875,19.442636489868164,0.1853143870830536,385.79998779296875,6.2129998207092285,3.5899999141693115,2012.9000244140625,513.28125,2.0289063453674316,1.0535119771957397,2685.0,513.28125,2.0289063453674316,1.0535119771957397,2685.0,513.28125,2.0289063453674316,1.0535119771957397,2685.0
2026-09-10T18:42:00.000+08:00,437.23876953125,9.632946014404297,12.0,20.056894302368164,0.17928998172283173,385.79998779296875,6.238999843597412,3.5940001010894775,2013.0,513.28125,2.0289063453674316,1.0493398904800415,2685.0,513.28125,2.0289063453674316,1.0493398904800415,2685.0,513.28125,2.0289063453674316,1.0493398904800415,2685.0
2026-09-10T18:43:00.000+08:00,449.1731872558594,9.657421112060547,11.9375,20.52591323852539,0.1745598316192627,386.0,6.215000152587891,3.5889999866485596,2013.0,513.28125,2.0289063453674316,1.0535119771957397,2685.0,513.28125,2.0289063453674316,1.0535119771957397,2685.0,513.28125,2.0289063453674316,1.0535119771957397,2685.0
2026-09-10T18:44:00.000+08:00,435.3964538574219,9.665687561035156,11.97265625,20.42329978942871,0.17548584938049316,386.1000061035156,6.232999801635742,3.5980000495910645,2013.0999755859375,513.28125,2.0289063453674316,1.0564727783203125,2685.0,513.28125,2.0289063453674316,1.0564727783203125,2685.0,513.28125,2.0289063453674316,1.0564727783203125,2685.0
2026-09-10T18:45:00.000+08:00,434.38409423828125,9.651695251464844,12.03515625,20.62607765197754,0.17409999668598175,386.3999938964844,6.249000072479248,3.6059999465942383,2013.199951171875,513.28125,2.0289063453674316,1.0556652545928955,2685.0,513.28125,2.0289063453674316,1.0556652545928955,2685.0,513.28125,2.0289063453674316,1.0556652545928955,2685.0
2026-09-10T18:46:00.000+08:00,439.7519836425781,9.74148941040039,12.03515625,19.85904312133789,0.18077406287193298,386.3999938964844,6.218999862670898,3.6070001125335693,2013.199951171875,513.28125,2.0289063453674316,1.0586260557174683,2685.0,513.28125,2.0289063453674316,1.0586260557174683,2685.0,513.28125,2.0289063453674316,1.0586260557174683,2685.0
2026-09-10T18:47:00.000+08:00,433.0192565917969,9.660587310791016,12.007080078125,20.697153091430664,0.17403359711170197,386.29998779296875,6.23199987411499,3.6050000190734863,2013.300048828125,513.28125,2.0289063453674316,1.0544540882110596,2685.0,513.28125,2.0289063453674316,1.0544540882110596,2685.0,513.28125,2.0289063453674316,1.0544540882110596,2685.0
2026-09-10T18:48:00.000+08:00,435.41021728515625,9.650947570800781,12.013916015625,20.51707649230957,0.17551232874393463,386.20001220703125,6.197999954223633,3.5940001010894775,2013.300048828125,513.28125,2.0289063453674316,1.0544540882110596,2685.0,513.28125,2.0289063453674316,1.0544540882110596,2685.0,513.28125,2.0289063453674316,1.0544540882110596,2685.0
2026-09-10T18:49:00.000+08:00,433.7553405761719,9.572284698486328,12.013916015625,20.562702178955078,0.17522016167640686,386.3999938964844,6.241000175476074,3.6089999675750732,2013.4000244140625,513.28125,2.0289063453674316,1.0548577308654785,2685.0,513.28125,2.0289063453674316,1.0548577308654785,2685.0,513.28125,2.0289063453674316,1.0548577308654785,2685.0
2026-09-10T18:50:00.000+08:00,440.32281494140625,9.58591079711914,11.972412109375,20.88473892211914,0.17242255806922913,386.29998779296875,6.2230000495910645,3.6019999980926514,2013.5,513.28125,2.0289063453674316,1.0548577308654785,2685.0,513.28125,2.0289063453674316,1.0548577308654785,2685.0,513.28125,2.0289063453674316,1.0548577308654785,2685.0
2026-09-10T18:51:00.000+08:00,427.33380126953125,9.567279815673828,11.972412109375,19.992961883544922,0.17996333539485931,386.29998779296875,6.239999771118164,3.6019999980926514,2013.5,513.28125,2.0289063453674316,1.0580878257751465,2685.0,513.28125,2.0289063453674316,1.0580878257751465,2685.0,513.28125,2.0289063453674316,1.0580878257751465,2685.0
2026-09-10T18:52:00.000+08:00,425.201171875,9.597801208496094,11.9306640625,19.79490089416504,0.18166294693946838,386.3999938964844,6.224999904632568,3.6019999980926514,2013.5999755859375,513.28125,2.0289063453674316,1.0548577308654785,2685.0,513.28125,2.0289063453674316,1.0548577308654785,2685.0,513.28125,2.0289063453674316,1.0548577308654785,2685.0
2026-09-10T18:53:00.000+08:00,449.57220458984375,9.575126647949219,12.048828125,21.389352798461914,0.1684482842683792,386.1000061035156,6.241000175476074,3.5959999561309814,2013.5999755859375,513.28125,2.0289063453674316,1.0498782396316528,2685.0,513.28125,2.0289063453674316,1.0498782396316528,2685.0,513.28125,2.0289063453674316,1.0498782396316528,2685.0
2026-09-10T18:54:00.000+08:00,427.88555908203125,9.5924072265625,12.0,19.69948387145996,0.18320277333259583,385.70001220703125,6.218999862670898,3.5859999656677246,2013.699951171875,513.28125,2.0289063453674316,1.0527044534683228,2685.0,513.28125,2.0289063453674316,1.0527044534683228,2685.0,513.28125,2.0289063453674316,1.0527044534683228,2685.0
2026-09-10T18:55:00.000+08:00,436.7266845703125,9.547855377197266,11.986083984375,21.111461639404297,0.17038138210773468,386.1000061035156,6.210000038146973,3.5989999771118164,2013.800048828125,513.28125,2.0289063453674316,1.0601065158843994,2685.0,513.28125,2.0289063453674316,1.0601065158843994,2685.0,513.28125,2.0289063453674316,1.0601065158843994,2685.0
2026-09-10T18:56:00.000+08:00,425.82958984375,9.444374084472656,11.9375,20.632944107055664,0.17336353659629822,386.29998779296875,6.2129998207092285,3.6040000915527344,2013.800048828125,513.28125,2.0289063453674316,1.053242802619934,2685.0,513.28125,2.0289063453674316,1.053242802619934,2685.0,513.28125,2.0289063453674316,1.053242802619934,2685.0
2026-09-10T18:57:00.000+08:00,429.43255615234375,9.45522689819336,11.944580078125,20.571060180664062,0.17514896392822266,386.1000061035156,6.188000202178955,3.5899999141693115,2013.9000244140625,513.28125,2.0289063453674316,1.0539157390594482,2685.0,513.28125,2.0289063453674316,1.0539157390594482,2685.0,513.28125,2.0289063453674316,1.0539157390594482,2685.0
2026-09-10T18:58:00.000+08:00,434.8078308105469,9.46561050415039,11.951416015625,21.26483726501465,0.1693405956029892,386.0,6.203999996185303,3.5920000076293945,2013.9000244140625,513.28125,2.0289063453674316,1.0527044534683228,2685.0,513.28125,2.0289063453674316,1.0527044534683228,2685.0,513.28125,2.0289063453674316,1.0527044534683228,2685.0
2026-09-10T18:59:00.000+08:00,434.1474609375,9.48861312866211,11.9306640625,21.78761100769043,0.16541510820388794,386.20001220703125,6.208000183105469,3.6040000915527344,2014.0,513.28125,2.0289063453674316,1.0642786026000977,2685.0,513.28125,2.0289063453674316,1.0642786026000977,2685.0,513.28125,2.0289063453674316,1.0642786026000977,2685.0
2026-09-10T19:00:00.000+08:00,437.59814453125,9.433303833007812,11.8681640625,21.57939338684082,0.16677947342395782,385.70001220703125,6.2270002365112305,3.6019999980926514,2014.0999755859375,513.28125,2.0289063453674316,1.047724962234497,2685.0,513.28125,2.0289063453674316,1.047724962234497,2685.0,513.28125,2.0289063453674316,1.047724962234497,2685.0
2026-09-10T19:01:00.000+08:00,429.0271301269531,9.392044067382812,11.854248046875,21.389881134033203,0.1686778962612152,386.0,6.24399995803833,3.5959999561309814,2014.0999755859375,513.28125,2.0289063453674316,1.04691743850708,2685.0,513.28125,2.0289063453674316,1.04691743850708,2685.0,513.28125,2.0289063453674316,1.04691743850708,2685.0
2026-09-10T19:02:00.000+08:00,436.40399169921875,9.44662857055664,11.875,20.963642120361328,0.1728707253932953,385.70001220703125,6.23799991607666,3.5899999141693115,2014.199951171875,513.28125,2.0289063453674316,1.0471866130828857,2685.0,513.28125,2.0289063453674316,1.0471866130828857,2685.0,513.28125,2.0289063453674316,1.0471866130828857,2685.0
2026-09-10T19:03:00.000+08:00,431.4746398925781,9.493995666503906,11.958251953125,21.157960891723633,0.16967608034610748,385.8999938964844,6.205999851226807,3.5899999141693115,2014.199951171875,513.28125,2.0289063453674316,1.0493398904800415,2685.0,513.28125,2.0289063453674316,1.0493398904800415,2685.0,513.28125,2.0289063453674316,1.0493398904800415,2685.0
2026-09-10T19:04:00.000+08:00,443.9935607910156,9.451244354248047,12.013916015625,21.861705780029297,0.1638938933610916,385.8999938964844,6.2129998207092285,3.5920000076293945,2014.300048828125,513.28125,2.0289063453674316,1.050551176071167,2685.0,513.28125,2.0289063453674316,1.050551176071167,2685.0,513.28125,2.0289063453674316,1.050551176071167,2685.0
2026-09-10T19:05:00.000+08:00,417.1991882324219,9.478187561035156,11.96533203125,20.554601669311523,0.17472977936267853,386.20001220703125,6.241000175476074,3.6019999980926514,2014.4000244140625,513.28125,2.0289063453674316,1.0502820014953613,2685.0,513.28125,2.0289063453674316,1.0502820014953613,2685.0,513.28125,2.0289063453674316,1.0502820014953613,2685.0
2026-09-10T19:06:00.000+08:00,430.5377502441406,9.450172424316406,11.9375,22.074661254882812,0.1626299023628235,386.0,6.23799991607666,3.5940001010894775,2014.4000244140625,513.28125,2.0289063453674316,1.0510895252227783,2685.0,513.28125,2.0289063453674316,1.0510895252227783,2685.0,513.28125,2.0289063453674316,1.0510895252227783,2685.0
2026-09-10T19:07:00.000+08:00,414.144287109375,9.47601318359375,11.909912109375,20.46057891845703,0.17580147087574005,386.1000061035156,6.235000133514404,3.5959999561309814,2014.5,513.28125,2.0289063453674316,1.0523006916046143,2685.0,513.28125,2.0289063453674316,1.0523006916046143,2685.0,513.28125,2.0289063453674316,1.0523006916046143,2685.0
2026-09-10T19:08:00.000+08:00,428.1907653808594,9.485031127929688,11.882080078125,21.292762756347656,0.16893063485622406,385.79998779296875,6.2170000076293945,3.5840001106262207,2014.5,513.28125,2.0289063453674316,1.051358699798584,2685.0,513.28125,2.0289063453674316,1.051358699798584,2685.0,513.28125,2.0289063453674316,1.051358699798584,2685.0
2026-09-10T19:09:00.000+08:00,415.9342956542969,9.478935241699219,11.9375,19.984142303466797,0.17959240078926086,386.20001220703125,6.203000068664551,3.5929999351501465,2014.5999755859375,513.28125,2.0289063453674316,1.0502820014953613,2685.0,513.28125,2.0289063453674316,1.0502820014953613,2685.0,513.28125,2.0289063453674316,1.0502820014953613,2685.0
2026-09-10T19:10:00.000+08:00,417.7412109375,9.479637145996094,12.0556640625,19.95096778869629,0.17954015731811523,385.8999938964844,6.23199987411499,3.5920000076293945,2014.699951171875,513.28125,2.0289063453674316,1.048128604888916,2685.0,513.28125,2.0289063453674316,1.048128604888916,2685.0,513.28125,2.0289063453674316,1.048128604888916,2685.0
2026-09-10T19:11:00.000+08:00,405.69140625,9.438278198242188,12.0556640625,19.82188606262207,0.18171833455562592,386.70001220703125,6.24399995803833,3.6089999675750732,2014.699951171875,513.28125,2.0289063453674316,1.0626635551452637,2685.0,513.28125,2.0289063453674316,1.0626635551452637,2685.0,513.28125,2.0289063453674316,1.0626635551452637,2685.0
2026-09-10T19:12:00.000+08:00,405.8546447753906,9.517681121826172,12.0419921875,20.908632278442383,0.17160376906394958,386.5,6.24399995803833,3.6059999465942383,2014.800048828125,513.28125,2.0289063453674316,1.0548577308654785,2686.0,513.28125,2.0289063453674316,1.0548577308654785,2686.0,513.28125,2.0289063453674316,1.0548577308654785,2686.0
2026-09-10T19:13:00.000+08:00,413.402587890625,9.519783020019531,12.0,21.17338752746582,0.17044982314109802,386.6000061035156,6.256999969482422,3.617000102996826,2014.800048828125,513.28125,2.0289063453674316,1.0572803020477295,2686.0,513.28125,2.0289063453674316,1.0572803020477295,2686.0,513.28125,2.0289063453674316,1.0572803020477295,2686.0
2026-09-10T19:14:00.000+08:00,421.80108642578125,9.449871063232422,12.007080078125,21.752370834350586,0.16563710570335388,386.6000061035156,6.2220001220703125,3.6070001125335693,2014.9000244140625,513.28125,2.0289063453674316,1.0566073656082153,2686.0,513.28125,2.0289063453674316,1.0566073656082153,2686.0,513.28125,2.0289063453674316,1.0566073656082153,2686.0
2026-09-10T19:15:00.000+08:00,425.05120849609375,9.459537506103516,11.986328125,20.695152282714844,0.1747269183397293,386.6000061035156,6.230000019073486,3.5989999771118164,2015.0,513.28125,2.0289063453674316,1.054050326347351,2686.0,513.28125,2.0289063453674316,1.054050326347351,2686.0,513.28125,2.0289063453674316,1.054050326347351,2686.0
2026-09-10T19:16:00.000+08:00,412.81170654296875,9.384086608886719,11.958251953125,21.14418601989746,0.17059063911437988,386.70001220703125,6.254000186920166,3.611999988555908,2015.0,513.28125,2.0289063453674316,1.0536465644836426,2686.0,513.28125,2.0289063453674316,1.0536465644836426,2686.0,513.28125,2.0289063453674316,1.0536465644836426,2686.0
2026-09-10T19:17:00.000+08:00,408.60272216796875,9.42325210571289,11.916748046875,20.607152938842773,0.17503631114959717,386.6000061035156,6.236000061035156,3.6089999675750732,2015.0999755859375,513.28125,2.0289063453674316,1.0548577308654785,2686.0,513.28125,2.0289063453674316,1.0548577308654785,2686.0,513.28125,2.0289063453674316,1.0548577308654785,2686.0
2026-09-10T19:18:00.000+08:00,415.8894348144531,9.393726348876953,11.9375,20.459665298461914,0.17615146934986115,386.8999938964844,6.224999904632568,3.609999895095825,2015.0999755859375,513.28125,2.0289063453674316,1.0545886754989624,2686.0,513.28125,2.0289063453674316,1.0545886754989624,2686.0,513.28125,2.0289063453674316,1.0545886754989624,2686.0
2026-09-10T19:19:00.000+08:00,420.48004150390625,9.387672424316406,11.972412109375,20.765317916870117,0.17341414093971252,386.8999938964844,6.241000175476074,3.615999937057495,2015.199951171875,513.28125,2.0289063453674316,1.0599719285964966,2686.0,513.28125,2.0289063453674316,1.0599719285964966,2686.0,513.28125,2.0289063453674316,1.0599719285964966,2686.0
2026-09-10T19:20:00.000+08:00,405.2991027832031,9.38161849975586,11.96533203125,20.725032806396484,0.17466798424720764,386.79998779296875,6.2170000076293945,3.6089999675750732,2015.300048828125,513.28125,2.0289063453674316,1.0570111274719238,2686.0,513.28125,2.0289063453674316,1.0570111274719238,2686.0,513.28125,2.0289063453674316,1.0570111274719238,2686.0
2026-09-10T19:21:00.000+08:00,401.07745361328125,9.375404357910156,12.02099609375,20.484600067138672,0.176278755068779,387.0,6.2820000648498535,3.618000030517578,2015.300048828125,513.28125,2.0289063453674316,1.054050326347351,2686.0,513.28125,2.0289063453674316,1.054050326347351,2686.0,513.28125,2.0289063453674316,1.054050326347351,2686.0
2026-09-10T19:22:00.000+08:00,412.1390686035156,9.490371704101562,12.007080078125,21.026132583618164,0.1715959757566452,387.0,6.297999858856201,3.609999895095825,2015.4000244140625,513.28125,2.0289063453674316,1.0606448650360107,2686.0,513.28125,2.0289063453674316,1.0606448650360107,2686.0,513.28125,2.0289063453674316,1.0606448650360107,2686.0
2026-09-10T19:23:00.000+08:00,412.9124755859375,9.53424072265625,12.0556640625,21.3375186920166,0.16913868486881256,387.0,6.236999988555908,3.61899995803833,2015.4000244140625,513.28125,2.0289063453674316,1.061183214187622,2686.0,513.28125,2.0289063453674316,1.061183214187622,2686.0,513.28125,2.0289063453674316,1.061183214187622,2686.0
2026-09-10T19:24:00.000+08:00,406.8570251464844,9.536685943603516,12.0556640625,20.518835067749023,0.17613086104393005,387.29998779296875,6.297999858856201,3.628000020980835,2015.5,513.28125,2.0289063453674316,1.0627981424331665,2686.0,513.28125,2.0289063453674316,1.0627981424331665,2686.0,513.28125,2.0289063453674316,1.0627981424331665,2686.0
2026-09-10T19:25:00.000+08:00,420.8260803222656,9.54928207397461,12.0,20.847829818725586,0.17349527776241302,386.79998779296875,6.2769999504089355,3.6089999675750732,2015.5999755859375,513.28125,2.0289063453674316,1.061183214187622,2686.0,513.28125,2.0289063453674316,1.061183214187622,2686.0,513.28125,2.0289063453674316,1.061183214187622,2686.0
2026-09-10T19:26:00.000+08:00,410.03131103515625,9.540271759033203,12.0556640625,20.085851669311523,0.1806744486093521,387.1000061035156,6.288000106811523,3.621000051498413,2015.5999755859375,513.28125,2.0289063453674316,1.0599719285964966,2686.0,513.28125,2.0289063453674316,1.0599719285964966,2686.0,513.28125,2.0289063453674316,1.0599719285964966,2686.0
2026-09-10T19:27:00.000+08:00,418.40496826171875,9.589820861816406,12.048583984375,20.36785125732422,0.17753468453884125,387.1000061035156,6.285999774932861,3.615999937057495,2015.699951171875,513.28125,2.0289063453674316,1.060375690460205,2686.0,513.28125,2.0289063453674316,1.060375690460205,2686.0,513.28125,2.0289063453674316,1.060375690460205,2686.0
2026-09-10T19:28:00.000+08:00,427.1131896972656,9.58414077758789,12.007080078125,21.128067016601562,0.1712414026260376,387.1000061035156,6.245999813079834,3.615000009536743,2015.699951171875,513.28125,2.0289063453674316,1.0627981424331665,2686.0,513.28125,2.0289063453674316,1.0627981424331665,2686.0,513.28125,2.0289063453674316,1.0627981424331665,2686.0
2026-09-10T19:29:00.000+08:00,424.643310546875,9.50583267211914,12.048828125,21.16993522644043,0.17099721729755402,387.1000061035156,6.26800012588501,3.615000009536743,2015.800048828125,513.28125,2.0289063453674316,1.0586260557174683,2686.0,513.28125,2.0289063453674316,1.0586260557174683,2686.0,513.28125,2.0289063453674316,1.0586260557174683,2686.0
2026-09-10T19:30:00.000+08:00,421.91455078125,9.466663360595703,12.048828125,20.314584732055664,0.17839400470256805,386.70001220703125,6.2779998779296875,3.615999937057495,2015.9000244140625,513.28125,2.0289063453674316,1.055261492729187,2686.0,513.28125,2.0289063453674316,1.055261492729187,2686.0,513.28125,2.0289063453674316,1.055261492729187,2686.0
2026-09-10T19:31:00.000+08:00,418.0137023925781,9.555011749267578,11.986328125,21.034669876098633,0.1722870022058487,387.0,6.234000205993652,3.625,2015.9000244140625,513.28125,2.0289063453674316,1.061183214187622,2686.0,513.28125,2.0289063453674316,1.061183214187622,2686.0,513.28125,2.0289063453674316,1.061183214187622,2686.0
2026-09-10T19:32:00.000+08:00,415.366455078125,9.500404357910156,12.0,20.398035049438477,0.17786026000976562,387.0,6.238999843597412,3.621999979019165,2016.0,513.28125,2.0289063453674316,1.0562036037445068,2686.0,513.28125,2.0289063453674316,1.0562036037445068,2686.0,513.28125,2.0289063453674316,1.0562036037445068,2686.0
2026-09-10T19:33:00.000+08:00,419.4706726074219,9.522346496582031,12.1181640625,20.859960556030273,0.17377789318561554,386.79998779296875,6.230999946594238,3.6059999465942383,2016.0,513.28125,2.0289063453674316,1.0578186511993408,2686.0,513.28125,2.0289063453674316,1.0578186511993408,2686.0,513.28125,2.0289063453674316,1.0578186511993408,2686.0
2026-09-10T19:34:00.000+08:00,410.04571533203125,9.55398941040039,12.0,19.41568946838379,0.1864471435546875,386.79998779296875,6.234000205993652,3.615999937057495,2016.0999755859375,513.28125,2.0289063453674316,1.055261492729187,2686.0,513.28125,2.0289063453674316,1.055261492729187,2686.0,513.28125,2.0289063453674316,1.055261492729187,2686.0
2026-09-10T19:35:00.000+08:00,419.9652404785156,9.64413070678711,12.1044921875,21.449846267700195,0.1683928221464157,386.70001220703125,6.2270002365112305,3.6040000915527344,2016.199951171875,513.28125,2.067187547683716,1.0696618556976318,2686.0,513.28125,2.067187547683716,1.0696618556976318,2686.0,513.28125,2.067187547683716,1.0696618556976318,2686.0
2026-09-10T19:36:00.000+08:00,420.10003662109375,9.69906234741211,12.16015625,21.62547492980957,0.16716395318508148,384.6000061035156,6.190999984741211,3.559000015258789,2016.199951171875,509.765625,2.0289063453674316,1.0396499633789062,2686.0,509.765625,2.0289063453674316,1.0396499633789062,2686.0,509.765625,2.0289063453674316,1.0396499633789062,2686.0
2026-09-10T19:37:00.000+08:00,410.7161560058594,9.799182891845703,12.15283203125,20.599964141845703,0.17495176196098328,384.79998779296875,6.184999942779541,3.569000005722046,2016.300048828125,513.28125,2.0289063453674316,1.0432837009429932,2686.0,513.28125,2.0289063453674316,1.0432837009429932,2686.0,513.28125,2.0289063453674316,1.0432837009429932,2686.0
2026-09-10T19:38:00.000+08:00,430.7648010253906,9.805961608886719,12.1806640625,20.915271759033203,0.17054523527622223,384.70001220703125,6.193999767303467,3.569000005722046,2016.300048828125,509.765625,1.990625023841858,1.0396499633789062,2686.0,509.765625,1.990625023841858,1.0396499633789062,2686.0,509.765625,1.990625023841858,1.0396499633789062,2686.0
2026-09-10T19:39:00.000+08:00,439.56390380859375,9.809345245361328,12.1806640625,21.57638931274414,0.16559769213199615,384.79998779296875,6.188000202178955,3.569999933242798,2016.4000244140625,513.28125,2.0289063453674316,1.0438220500946045,2686.0,513.28125,2.0289063453674316,1.0438220500946045,2686.0,513.28125,2.0289063453674316,1.0438220500946045,2686.0
2026-09-10T19:40:00.000+08:00,435.2607116699219,9.75323486328125,12.201416015625,20.42160987854004,0.17481482028961182,384.70001220703125,6.193999767303467,3.569999933242798,2016.5,509.765625,2.0289063453674316,1.046244502067566,2686.0,509.765625,2.0289063453674316,1.046244502067566,2686.0,509.765625,2.0289063453674316,1.046244502067566,2686.0
2026-09-10T19:41:00.000+08:00,435.8270263671875,9.822883605957031,12.236083984375,20.140277862548828,0.1771574318408966,384.70001220703125,6.190999984741211,3.5739998817443848,2016.5,509.765625,2.0289063453674316,1.0420724153518677,2686.0,509.765625,2.0289063453674316,1.0420724153518677,2686.0,509.765625,2.0289063453674316,1.0420724153518677,2686.0
2026-09-10T19:42:00.000+08:00,433.29339599609375,9.811603546142578,12.132080078125,21.344646453857422,0.16748930513858795,384.79998779296875,6.223999977111816,3.562000036239624,2016.5999755859375,509.765625,1.990625023841858,1.0376312732696533,2686.0,509.765625,1.990625023841858,1.0376312732696533,2686.0,509.765625,1.990625023841858,1.0376312732696533,2686.0
2026-09-10T19:43:00.000+08:00,431.8346862792969,9.83510971069336,12.201416015625,20.620595932006836,0.17288540303707123,384.8999938964844,6.245999813079834,3.5759999752044678,2016.5999755859375,513.28125,2.0289063453674316,1.0400537252426147,2686.0,513.28125,2.0289063453674316,1.0400537252426147,2686.0,513.28125,2.0289063453674316,1.0400537252426147,2686.0
2026-09-10T19:44:00.000+08:00,439.8632507324219,9.806133270263672,12.16015625,21.384435653686523,0.1666632741689682,385.1000061035156,6.24399995803833,3.572000026702881,2016.699951171875,513.28125,2.0289063453674316,1.0430145263671875,2686.0,513.28125,2.0289063453674316,1.0430145263671875,2686.0,513.28125,2.0289063453674316,1.0430145263671875,2686.0
2026-09-10T19:45:00.000+08:00,444.65093994140625,9.76589584350586,12.166748046875,21.45608901977539,0.16619990766048431,384.70001220703125,6.211999893188477,3.565999984741211,2016.800048828125,509.765625,2.0289063453674316,1.0446295738220215,2686.0,509.765625,2.0289063453674316,1.0446295738220215,2686.0,509.765625,2.0289063453674316,1.0446295738220215,2686.0
2026-09-10T19:46:00.000+08:00,434.3776550292969,9.773418426513672,12.1669921875,21.034502029418945,0.16995885968208313,384.8999938964844,6.2170000076293945,3.569000005722046,2016.800048828125,513.28125,2.0289063453674316,1.0438220500946045,2686.0,513.28125,2.0289063453674316,1.0438220500946045,2686.0,513.28125,2.0289063453674316,1.0438220500946045,2686.0
2026-09-10T19:47:00.000+08:00,439.3330383300781,9.79428482055664,12.1806640625,20.78711700439453,0.17193341255187988,385.20001220703125,6.209000110626221,3.575000047683716,2016.9000244140625,513.28125,2.0289063453674316,1.0557998418807983,2686.0,513.28125,2.0289063453674316,1.0557998418807983,2686.0,513.28125,2.0289063453674316,1.0557998418807983,2686.0
2026-09-10T19:48:00.000+08:00,433.7481994628906,9.807464599609375,12.166748046875,20.674476623535156,0.17262831330299377,385.29998779296875,6.224999904632568,3.5799999237060547,2016.9000244140625,513.28125,2.0289063453674316,1.042610764503479,2686.0,513.28125,2.0289063453674316,1.042610764503479,2686.0,513.28125,2.0289063453674316,1.042610764503479,2686.0
2026-09-10T19:49:00.000+08:00,433.46490478515625,9.788795471191406,12.201416015625,20.55251121520996,0.17438258230686188,385.20001220703125,6.204999923706055,3.5820000171661377,2017.0,513.28125,2.0289063453674316,1.0439566373825073,2686.0,513.28125,2.0289063453674316,1.0439566373825073,2686.0,513.28125,2.0289063453674316,1.0439566373825073,2686.0
2026-09-10T19:50:00.000+08:00,436.3377990722656,9.761898040771484,12.229248046875,21.160795211791992,0.16889724135398865,385.20001220703125,6.193999767303467,3.569000005722046,2017.0999755859375,513.28125,2.0289063453674316,1.0422070026397705,2686.0,513.28125,2.0289063453674316,1.0422070026397705,2686.0,513.28125,2.0289063453674316,1.0422070026397705,2686.0
2026-09-10T19:51:00.000+08:00,432.5411376953125,9.760757446289062,12.1875,20.62813949584961,0.17379173636436462,385.3999938964844,6.211999893188477,3.5759999752044678,2017.0999755859375,513.28125,2.0289063453674316,1.0488015413284302,2686.0,513.28125,2.0289063453674316,1.0488015413284302,2686.0,513.28125,2.0289063453674316,1.0488015413284302,2686.0
2026-09-10T19:52:00.000+08:00,435.2928466796875,9.83944320678711,12.2431640625,20.532995223999023,0.1742561161518097,385.70001220703125,6.203999996185303,3.5810000896453857,2017.199951171875,513.28125,2.0289063453674316,1.04974365234375,2686.0,513.28125,2.0289063453674316,1.04974365234375,2686.0,513.28125,2.0289063453674316,1.04974365234375,2686.0
2026-09-10T19:53:00.000+08:00,423.83404541015625,9.84808349609375,12.201416015625,20.473827362060547,0.17500393092632294,385.6000061035156,6.206999778747559,3.5859999656677246,2017.199951171875,513.28125,2.0289063453674316,1.0471866130828857,2686.0,513.28125,2.0289063453674316,1.0471866130828857,2686.0,513.28125,2.0289063453674316,1.0471866130828857,2686.0
2026-09-10T19:54:00.000+08:00,423.71844482421875,9.865947723388672,12.229248046875,20.567115783691406,0.17421014606952667,385.70001220703125,6.209000110626221,3.5929999351501465,2017.300048828125,513.28125,2.0289063453674316,1.0607794523239136,2686.0,513.28125,2.0289063453674316,1.0607794523239136,2686.0,513.28125,2.0289063453674316,1.0607794523239136,2686.0
2026-09-10T19:55:00.000+08:00,422.9635009765625,9.766593933105469,12.1875,20.193498611450195,0.17768095433712006,385.6000061035156,6.205999851226807,3.5840001106262207,2017.4000244140625,513.28125,2.0289063453674316,1.050551176071167,2686.0,513.28125,2.0289063453674316,1.050551176071167,2686.0,513.28125,2.0289063453674316,1.050551176071167,2686.0
2026-09-10T19:56:00.000+08:00,427.4816589355469,9.802902221679688,12.208251953125,19.869487762451172,0.180679053068161,385.6000061035156,6.197000026702881,3.5869998931884766,2017.4000244140625,513.28125,2.0289063453674316,1.0485323667526245,2686.0,513.28125,2.0289063453674316,1.0485323667526245,2686.0,513.28125,2.0289063453674316,1.0485323667526245,2686.0
2026-09-10T19:57:00.000+08:00,432.3546142578125,9.833232879638672,12.2294921875,20.437265396118164,0.17556165158748627,385.5,6.208000183105469,3.578000068664551,2017.5,513.28125,2.0289063453674316,1.050551176071167,2686.0,513.28125,2.0289063453674316,1.050551176071167,2686.0,513.28125,2.0289063453674316,1.050551176071167,2686.0
2026-09-10T19:58:00.000+08:00,425.04876708984375,9.852039337158203,12.1875,20.193098068237305,0.17733782529830933,385.5,6.184000015258789,3.5820000171661377,2017.5,513.28125,2.0289063453674316,1.0500128269195557,2686.0,513.28125,2.0289063453674316,1.0500128269195557,2686.0,513.28125,2.0289063453674316,1.0500128269195557,2686.0
2026-09-10T19:59:00.000+08:00,438.37030029296875,9.873096466064453,12.208251953125,20.87936019897461,0.1711738258600235,385.6000061035156,6.203999996185303,3.5880000591278076,2017.5999755859375,513.28125,2.0289063453674316,1.0509549379348755,2686.0,513.28125,2.0289063453674316,1.0509549379348755,2686.0,513.28125,2.0289063453674316,1.0509549379348755,2686.0
2026-09-10T20:00:00.000+08:00,436.6047668457031,9.91204833984375,12.257080078125,20.317359924316406,0.17625322937965393,385.5,6.179999828338623,3.5799999237060547,2017.5999755859375,513.28125,2.0289063453674316,1.050551176071167,2686.0,513.28125,2.0289063453674316,1.050551176071167,2686.0,513.28125,2.0289063453674316,1.050551176071167,2686.0
2026-09-10T20:01:00.000+08:00,434.46502685546875,9.90301513671875,12.2783203125,21.05869483947754,0.17047590017318726,385.3999938964844,6.185999870300293,3.5850000381469727,2017.699951171875,513.28125,2.0289063453674316,1.0451678037643433,2686.0,513.28125,2.0289063453674316,1.0451678037643433,2686.0,513.28125,2.0289063453674316,1.0451678037643433,2686.0
2026-09-10T20:02:00.000+08:00,433.3354797363281,9.901176452636719,12.236328125,20.603443145751953,0.17380590736865997,385.5,6.179999828338623,3.5820000171661377,2017.800048828125,513.28125,2.0289063453674316,1.0467828512191772,2686.0,513.28125,2.0289063453674316,1.0467828512191772,2686.0,513.28125,2.0289063453674316,1.0467828512191772,2686.0
2026-09-10T20:03:00.000+08:00,443.5648193359375,9.95803451538086,12.236328125,21.00973892211914,0.1704447716474533,385.3999938964844,6.171000003814697,3.5799999237060547,2017.800048828125,513.28125,2.0289063453674316,1.0492053031921387,2686.0,513.28125,2.0289063453674316,1.0492053031921387,2686.0,513.28125,2.0289063453674316,1.0492053031921387,2686.0
2026-09-10T20:04:00.000+08:00,439.93389892578125,9.962322235107422,12.257080078125,20.251115798950195,0.1769285351037979,385.5,6.188000202178955,3.5789999961853027,2017.9000244140625,513.28125,2.067187547683716,1.064816951751709,2686.0,513.28125,2.067187547683716,1.064816951751709,2686.0,513.28125,2.067187547683716,1.064816951751709,2686.0
2026-09-10T20:05:00.000+08:00,448.6507263183594,10.000740051269531,12.284912109375,20.914113998413086,0.1711762696504593,385.5,6.184000015258789,3.5820000171661377,2018.0,513.28125,2.0289063453674316,1.0488015413284302,2686.0,513.28125,2.0289063453674316,1.0488015413284302,2686.0,513.28125,2.0289063453674316,1.0488015413284302,2686.0
2026-09-10T20:06:00.000+08:00,439.9944152832031,10.033477783203125,12.298583984375,20.474029541015625,0.1747579723596573,385.29998779296875,6.182000160217285,3.5789999961853027,2018.0,513.28125,2.0289063453674316,1.0439566373825073,2686.0,513.28125,2.0289063453674316,1.0439566373825073,2686.0,513.28125,2.0289063453674316,1.0439566373825073,2686.0
2026-09-10T20:07:00.000+08:00,453.607666015625,10.043743133544922,12.3681640625,20.763851165771484,0.17236685752868652,385.6000061035156,6.172999858856201,3.5820000171661377,2018.0999755859375,513.28125,2.0289063453674316,1.0479941368103027,2686.0,513.28125,2.0289063453674316,1.0479941368103027,2686.0,513.28125,2.0289063453674316,1.0479941368103027,2686.0
2026-09-10T20:08:00.000+08:00,437.88470458984375,10.09744644165039,12.319580078125,19.769447326660156,0.18108750879764557,384.8999938964844,6.164000034332275,3.562000036239624,2018.0999755859375,509.765625,2.0289063453674316,1.0512241125106812,2687.0,509.765625,2.0289063453674316,1.0512241125106812,2687.0,509.765625,2.0289063453674316,1.0512241125106812,2687.0
2026-09-10T20:09:00.000+08:00,431.46044921875,10.16555404663086,12.361083984375,19.652063369750977,0.18216916918754578,385.3999938964844,6.1620001792907715,3.5789999961853027,2018.199951171875,513.28125,2.0289063453674316,1.0451678037643433,2687.0,513.28125,2.0289063453674316,1.0451678037643433,2687.0,513.28125,2.0289063453674316,1.0451678037643433,2687.0
2026-09-10T20:10:00.000+08:00,450.13360595703125,10.03213882446289,12.486083984375,20.284435272216797,0.17570123076438904,385.20001220703125,6.1570000648498535,3.571000099182129,2018.199951171875,513.28125,2.0289063453674316,1.0478595495224,2687.0,513.28125,2.0289063453674316,1.0478595495224,2687.0,513.28125,2.0289063453674316,1.0478595495224,2687.0
2026-09-10T20:11:00.000+08:00,447.6055603027344,9.442604064941406,12.041748046875,19.498600006103516,0.18344907462596893,385.29998779296875,6.175000190734863,3.5810000896453857,2018.300048828125,513.28125,2.0289063453674316,1.0463790893554688,2687.0,513.28125,2.0289063453674316,1.0463790893554688,2687.0,513.28125,2.0289063453674316,1.0463790893554688,2687.0
2026-09-10T20:12:00.000+08:00,444.0425109863281,9.42758560180664,11.9169921875,20.477819442749023,0.17433497309684753,385.29998779296875,6.190000057220459,3.5850000381469727,2018.4000244140625,513.28125,2.0289063453674316,1.0471866130828857,2687.0,513.28125,2.0289063453674316,1.0471866130828857,2687.0,513.28125,2.0289063453674316,1.0471866130828857,2687.0
2026-09-10T20:13:00.000+08:00,449.46502685546875,9.517681121826172,12.007080078125,22.249977111816406,0.16116870939731598,385.3999938964844,6.186999797821045,3.5859999656677246,2018.4000244140625,513.28125,2.0289063453674316,1.0463790893554688,2687.0,513.28125,2.0289063453674316,1.0463790893554688,2687.0,513.28125,2.0289063453674316,1.0463790893554688,2687.0
2026-09-10T20:14:00.000+08:00,448.60845947265625,9.59930419921875,12.0625,21.804025650024414,0.16409814357757568,385.3999938964844,6.177000045776367,3.5769999027252197,2018.5,513.28125,2.0289063453674316,1.0598373413085938,2687.0,513.28125,2.0289063453674316,1.0598373413085938,2687.0,513.28125,2.0289063453674316,1.0598373413085938,2687.0
2026-09-10T20:15:00.000+08:00,416.53900146484375,9.593852996826172,12.104248046875,19.86189842224121,0.1802445948123932,385.6000061035156,6.190999984741211,3.5940001010894775,2018.5,513.28125,2.0289063453674316,1.0459753274917603,2687.0,513.28125,2.0289063453674316,1.0459753274917603,2687.0,513.28125,2.0289063453674316,1.0459753274917603,2687.0
2026-09-10T20:16:00.000+08:00,433.8214416503906,9.53817367553711,12.02783203125,21.802474975585938,0.16484367847442627,385.3999938964844,6.176000118255615,3.5829999446868896,2018.5999755859375,513.28125,2.0289063453674316,1.0463790893554688,2687.0,513.28125,2.0289063453674316,1.0463790893554688,2687.0,513.28125,2.0289063453674316,1.0463790893554688,2687.0
2026-09-10T20:17:00.000+08:00,430.44671630859375,9.526695251464844,12.048583984375,21.249570846557617,0.1681445688009262,385.5,6.186999797821045,3.5920000076293945,2018.699951171875,513.28125,2.0289063453674316,1.0479941368103027,2687.0,513.28125,2.0289063453674316,1.0479941368103027,2687.0,513.28125,2.0289063453674316,1.0479941368103027,2687.0
2026-09-10T20:18:00.000+08:00,423.2898254394531,9.51015853881836,12.041748046875,21.07077407836914,0.16999851167201996,385.3999938964844,6.176000118255615,3.5880000591278076,2018.699951171875,513.28125,2.0289063453674316,1.0500128269195557,2687.0,513.28125,2.0289063453674316,1.0500128269195557,2687.0,513.28125,2.0289063453674316,1.0500128269195557,2687.0
2026-09-10T20:19:00.000+08:00,429.39300537109375,9.50583267211914,12.020751953125,21.233888626098633,0.16878679394721985,385.29998779296875,6.177999973297119,3.5829999446868896,2018.800048828125,513.28125,2.0289063453674316,1.0488015413284302,2687.0,513.28125,2.0289063453674316,1.0488015413284302,2687.0,513.28125,2.0289063453674316,1.0488015413284302,2687.0
2026-09-10T20:20:00.000+08:00,424.6434326171875,9.571544647216797,12.034912109375,21.40257453918457,0.1674564927816391,385.0,6.165999889373779,3.5759999752044678,2018.800048828125,509.765625,2.0289063453674316,1.0408612489700317,2687.0,509.765625,2.0289063453674316,1.0408612489700317,2687.0,509.765625,2.0289063453674316,1.0408612489700317,2687.0
2026-09-10T20:21:00.000+08:00,423.0079345703125,9.548912048339844,12.02783203125,21.17824363708496,0.16941913962364197,384.8999938964844,6.179999828338623,3.571000099182129,2018.9000244140625,513.28125,2.0289063453674316,1.0478595495224,2687.0,513.28125,2.0289063453674316,1.0478595495224,2687.0,513.28125,2.0289063453674316,1.0478595495224,2687.0
2026-09-10T20:22:00.000+08:00,416.22607421875,9.539295196533203,12.0419921875,19.610008239746094,0.18174393475055695,385.0,6.195000171661377,3.575000047683716,2019.0,513.28125,2.0289063453674316,1.044225811958313,2687.0,513.28125,2.0289063453674316,1.044225811958313,2687.0,513.28125,2.0289063453674316,1.044225811958313,2687.0
2026-09-10T20:23:00.000+08:00,414.1239929199219,9.513744354248047,12.041748046875,20.263547897338867,0.17627713084220886,385.5,6.196000099182129,3.5829999446868896,2019.0,513.28125,2.0289063453674316,1.0509549379348755,2687.0,513.28125,2.0289063453674316,1.0509549379348755,2687.0,513.28125,2.0289063453674316,1.0509549379348755,2687.0
2026-09-10T20:24:00.000+08:00,430.09246826171875,9.580181121826172,12.007080078125,21.446184158325195,0.16650980710983276,385.5,6.198999881744385,3.5850000381469727,2019.0999755859375,513.28125,2.0289063453674316,1.051762342453003,2687.0,513.28125,2.0289063453674316,1.051762342453003,2687.0,513.28125,2.0289063453674316,1.051762342453003,2687.0
2026-09-10T20:25:00.000+08:00,430.670654296875,9.506458282470703,12.03515625,21.481273651123047,0.1663774698972702,385.5,6.198999881744385,3.5829999446868896,2019.0999755859375,513.28125,2.0289063453674316,1.0439566373825073,2687.0,513.28125,2.0289063453674316,1.0439566373825073,2687.0,513.28125,2.0289063453674316,1.0439566373825073,2687.0
2026-09-10T20:26:00.000+08:00,426.2062683105469,9.509784698486328,12.0,20.963653564453125,0.17048555612564087,385.5,6.179999828338623,3.5789999961853027,2019.199951171875,513.28125,2.0289063453674316,1.0475903749465942,2687.0,513.28125,2.0289063453674316,1.0475903749465942,2687.0,513.28125,2.0289063453674316,1.0475903749465942,2687.0
2026-09-10T20:27:00.000+08:00,421.1366271972656,9.516212463378906,12.0556640625,21.03983497619629,0.17029601335525513,385.20001220703125,6.168000221252441,3.571000099182129,2019.300048828125,513.28125,2.0289063453674316,1.0471866130828857,2687.0,513.28125,2.0289063453674316,1.0471866130828857,2687.0,513.28125,2.0289063453674316,1.0471866130828857,2687.0
2026-09-10T20:28:00.000+08:00,426.0873718261719,9.54031753540039,11.986328125,21.112089157104492,0.16966582834720612,385.5,6.189000129699707,3.5799999237060547,2019.300048828125,513.28125,2.0289063453674316,1.0500128269195557,2687.0,513.28125,2.0289063453674316,1.0500128269195557,2687.0,513.28125,2.0289063453674316,1.0500128269195557,2687.0
2026-09-10T20:29:00.000+08:00,426.0954284667969,9.583023071289062,12.007080078125,21.025733947753906,0.1701248586177826,385.5,6.170000076293945,3.5769999027252197,2019.4000244140625,513.28125,2.0289063453674316,1.0479941368103027,2687.0,513.28125,2.0289063453674316,1.0479941368103027,2687.0,513.28125,2.0289063453674316,1.0479941368103027,2687.0
2026-09-10T20:30:00.000+08:00,427.05810546875,9.51015853881836,12.0,21.34213638305664,0.16764958202838898,385.3999938964844,6.177999973297119,3.5840001106262207,2019.4000244140625,513.28125,2.0289063453674316,1.0463790893554688,2687.0,513.28125,2.0289063453674316,1.0463790893554688,2687.0,513.28125,2.0289063453674316,1.0463790893554688,2687.0
2026-09-10T20:31:00.000+08:00,427.66546630859375,9.624011993408203,12.013916015625,21.057373046875,0.1701066941022873,385.6000061035156,6.184999942779541,3.5829999446868896,2019.5,513.28125,2.0289063453674316,1.0463790893554688,2687.0,513.28125,2.0289063453674316,1.0463790893554688,2687.0,513.28125,2.0289063453674316,1.0463790893554688,2687.0
2026-09-10T20:32:00.000+08:00,422.6357116699219,9.55328369140625,11.972412109375,20.105361938476562,0.17796248197555542,385.3999938964844,6.184000015258789,3.5820000171661377,2019.5999755859375,513.28125,2.0289063453674316,1.0475903749465942,2687.0,513.28125,2.0289063453674316,1.0475903749465942,2687.0,513.28125,2.0289063453674316,1.0475903749465942,2687.0
2026-09-10T20:33:00.000+08:00,419.6792907714844,9.36832046508789,11.8681640625,21.02442741394043,0.1705635040998459,385.70001220703125,6.163000106811523,3.5820000171661377,2019.5999755859375,513.28125,2.0289063453674316,1.0509549379348755,2687.0,513.28125,2.0289063453674316,1.0509549379348755,2687.0,513.28125,2.0289063453674316,1.0509549379348755,2687.0
2026-09-10T20:34:00.000+08:00,432.03375244140625,9.293243408203125,11.8125,21.22929573059082,0.168587788939476,385.3999938964844,6.176000118255615,3.578000068664551,2019.699951171875,513.28125,2.0289063453674316,1.0500128269195557,2687.0,513.28125,2.0289063453674316,1.0500128269195557,2687.0,513.28125,2.0289063453674316,1.0500128269195557,2687.0
2026-09-10T20:35:00.000+08:00,429.645751953125,9.278175354003906,11.854248046875,22.07891082763672,0.1627797782421112,385.8999938964844,6.211999893188477,3.5910000801086426,2019.699951171875,513.28125,2.0289063453674316,1.0485323667526245,2687.0,513.28125,2.0289063453674316,1.0485323667526245,2687.0,513.28125,2.0289063453674316,1.0485323667526245,2687.0
2026-09-10T20:36:00.000+08:00,419.0166015625,9.263069152832031,11.909912109375,21.046253204345703,0.17024408280849457,385.3999938964844,6.198999881744385,3.5829999446868896,2019.800048828125,513.28125,2.0289063453674316,1.050551176071167,2687.0,513.28125,2.0289063453674316,1.050551176071167,2687.0,513.28125,2.0289063453674316,1.050551176071167,2687.0
2026-09-10T20:37:00.000+08:00,419.8654479980469,9.228229522705078,11.882080078125,21.214130401611328,0.16903828084468842,385.6000061035156,6.195000171661377,3.5820000171661377,2019.9000244140625,513.28125,2.0289063453674316,1.050551176071167,2687.0,513.28125,2.0289063453674316,1.050551176071167,2687.0,513.28125,2.0289063453674316,1.050551176071167,2687.0
2026-09-10T20:38:00.000+08:00,407.1094665527344,9.165729522705078,11.888916015625,21.10990333557129,0.1699676215648651,385.5,6.164999961853027,3.5769999027252197,2019.9000244140625,513.28125,2.0289063453674316,1.0549923181533813,2687.0,513.28125,2.0289063453674316,1.0549923181533813,2687.0,513.28125,2.0289063453674316,1.0549923181533813,2687.0
2026-09-10T20:39:00.000+08:00,394.5911865234375,9.177608489990234,11.8544921875,21.19782257080078,0.16916832327842712,385.29998779296875,6.181000232696533,3.5789999961853027,2020.0,513.28125,2.0289063453674316,1.0459753274917603,2687.0,513.28125,2.0289063453674316,1.0459753274917603,2687.0,513.28125,2.0289063453674316,1.0459753274917603,2687.0
2026-09-10T20:40:00.000+08:00,399.3070373535156,9.23111343383789,11.84033203125,21.15561294555664,0.16917496919631958,385.29998779296875,6.158999919891357,3.5759999752044678,2020.0,513.28125,2.0289063453674316,1.0475903749465942,2687.0,513.28125,2.0289063453674316,1.0475903749465942,2687.0,513.28125,2.0289063453674316,1.0475903749465942,2687.0
2026-09-10T20:41:00.000+08:00,398.28106689453125,9.294666290283203,11.895751953125,21.885936737060547,0.1635296791791916,385.3999938964844,6.171000003814697,3.578000068664551,2020.0999755859375,513.28125,2.0289063453674316,1.0500128269195557,2687.0,513.28125,2.0289063453674316,1.0500128269195557,2687.0,513.28125,2.0289063453674316,1.0500128269195557,2687.0
2026-09-10T20:42:00.000+08:00,401.54168701171875,9.25299072265625,12.0556640625,20.5550537109375,0.17392316460609436,385.3999938964844,6.1579999923706055,3.5739998817443848,2020.199951171875,513.28125,2.0289063453674316,1.0451678037643433,2687.0,513.28125,2.0289063453674316,1.0451678037643433,2687.0,513.28125,2.0289063453674316,1.0451678037643433,2687.0
2026-09-10T20:43:00.000+08:00,399.5158996582031,9.269100189208984,11.972412109375,20.82975959777832,0.17191749811172485,385.70001220703125,6.1579999923706055,3.5869998931884766,2020.199951171875,513.28125,2.0289063453674316,1.050551176071167,2687.0,513.28125,2.0289063453674316,1.050551176071167,2687.0,513.28125,2.0289063453674316,1.050551176071167,2687.0
2026-09-10T20:44:00.000+08:00,390.7676696777344,9.202014923095703,11.986083984375,20.908628463745117,0.1713646650314331,385.5,6.164999961853027,3.5829999446868896,2020.300048828125,513.28125,2.0289063453674316,1.0467828512191772,2687.0,513.28125,2.0289063453674316,1.0467828512191772,2687.0,513.28125,2.0289063453674316,1.0467828512191772,2687.0
2026-09-10T20:45:00.000+08:00,393.15435791015625,9.236495971679688,11.9306640625,20.869365692138672,0.17211832106113434,385.6000061035156,6.185999870300293,3.5859999656677246,2020.300048828125,513.28125,2.0289063453674316,1.0488015413284302,2687.0,513.28125,2.0289063453674316,1.0488015413284302,2687.0,513.28125,2.0289063453674316,1.0488015413284302,2687.0
2026-09-10T20:46:00.000+08:00,389.9450988769531,9.209186553955078,11.9931640625,21.36553192138672,0.16802763938903809,385.1000061035156,6.171000003814697,3.572000026702881,2020.4000244140625,513.28125,2.0289063453674316,1.0450332164764404,2687.0,513.28125,2.0289063453674316,1.0450332164764404,2687.0,513.28125,2.0289063453674316,1.0450332164764404,2687.0
2026-09-10T20:47:00.000+08:00,379.63037109375,9.240039825439453,11.9658203125,20.007761001586914,0.17893056571483612,384.8999938964844,6.181000232696533,3.5769999027252197,2020.5,513.28125,2.0289063453674316,1.042610764503479,2687.0,513.28125,2.0289063453674316,1.042610764503479,2687.0,513.28125,2.0289063453674316,1.042610764503479,2687.0
2026-09-10T20:48:00.000+08:00,395.7921447753906,9.191120147705078,12.007080078125,21.614601135253906,0.16516613960266113,385.0,6.1620001792907715,3.5739998817443848,2020.5,513.28125,2.0289063453674316,1.042610764503479,2687.0,513.28125,2.0289063453674316,1.042610764503479,2687.0,513.28125,2.0289063453674316,1.042610764503479,2687.0
2026-09-10T20:49:00.000+08:00,382.62823486328125,9.203758239746094,11.944580078125,20.898544311523438,0.17130379378795624,384.8999938964844,6.165999889373779,3.565000057220459,2020.5999755859375,509.765625,2.0289063453674316,1.0518969297409058,2687.0,509.765625,2.0289063453674316,1.0518969297409058,2687.0,509.765625,2.0289063453674316,1.0518969297409058,2687.0
2026-09-10T20:50:00.000+08:00,398.86407470703125,9.220314025878906,11.916748046875,22.288427352905273,0.16039714217185974,385.6000061035156,6.15500020980835,3.5859999656677246,2020.5999755859375,513.28125,2.0289063453674316,1.0443603992462158,2687.0,513.28125,2.0289063453674316,1.0443603992462158,2687.0,513.28125,2.0289063453674316,1.0443603992462158,2687.0
2026-09-10T20:51:00.000+08:00,396.4742126464844,9.208106994628906,11.923828125,21.880542755126953,0.16329576075077057,385.5,6.184999942779541,3.5910000801086426,2020.699951171875,513.28125,2.0289063453674316,1.0467828512191772,2687.0,513.28125,2.0289063453674316,1.0467828512191772,2687.0,513.28125,2.0289063453674316,1.0467828512191772,2687.0
2026-09-10T20:52:00.000+08:00,392.90972900390625,9.191532135009766,11.986083984375,20.904884338378906,0.17125184834003448,385.20001220703125,6.172999858856201,3.5859999656677246,2020.800048828125,513.28125,2.0289063453674316,1.0471866130828857,2687.0,513.28125,2.0289063453674316,1.0471866130828857,2687.0,513.28125,2.0289063453674316,1.0471866130828857,2687.0
2026-09-10T20:53:00.000+08:00,401.25469970703125,9.247608184814453,11.882080078125,21.300954818725586,0.16830231249332428,385.6000061035156,6.165999889373779,3.5869998931884766,2020.800048828125,513.28125,2.0289063453674316,1.0455715656280518,2687.0,513.28125,2.0289063453674316,1.0455715656280518,2687.0,513.28125,2.0289063453674316,1.0455715656280518,2687.0
2026-09-10T20:54:00.000+08:00,374.76995849609375,9.165729522705078,11.916748046875,20.608983993530273,0.17405031621456146,385.1000061035156,6.175000190734863,3.5829999446868896,2020.9000244140625,513.28125,2.0289063453674316,1.0430145263671875,2687.0,513.28125,2.0289063453674316,1.0430145263671875,2687.0,513.28125,2.0289063453674316,1.0430145263671875,2687.0
2026-09-10T20:55:00.000+08:00,388.2290344238281,9.192649841308594,11.986083984375,20.351423263549805,0.1762530356645584,385.29998779296875,6.172999858856201,3.5769999027252197,2020.9000244140625,513.28125,2.0289063453674316,1.0466482639312744,2687.0,513.28125,2.0289063453674316,1.0466482639312744,2687.0,513.28125,2.0289063453674316,1.0466482639312744,2687.0
2026-09-10T20:56:00.000+08:00,379.6823425292969,9.314353942871094,12.1044921875,21.53565788269043,0.16646809875965118,385.1000061035156,6.1579999923706055,3.5759999752044678,2021.0,513.28125,2.0289063453674316,1.044225811958313,2687.0,513.28125,2.0289063453674316,1.044225811958313,2687.0,513.28125,2.0289063453674316,1.044225811958313,2687.0
2026-09-10T20:57:00.000+08:00,386.1460266113281,9.437210083007812,12.076416015625,20.564950942993164,0.17383946478366852,385.0,6.170000076293945,3.569999933242798,2021.0,513.28125,2.0289063453674316,1.0478595495224,2687.0,513.28125,2.0289063453674316,1.0478595495224,2687.0,513.28125,2.0289063453674316,1.0478595495224,2687.0
2026-09-10T20:58:00.000+08:00,377.3648986816406,9.401981353759766,12.173828125,20.52778434753418,0.17410549521446228,385.20001220703125,6.159999847412109,3.575000047683716,2021.0999755859375,513.28125,1.990625023841858,1.040592074394226,2687.0,513.28125,1.990625023841858,1.040592074394226,2687.0,513.28125,1.990625023841858,1.040592074394226,2687.0
2026-09-10T20:59:00.000+08:00,399.82354736328125,9.434391021728516,12.1181640625,22.200475692749023,0.16053709387779236,385.29998779296875,6.182000160217285,3.5829999446868896,2021.199951171875,513.28125,2.0289063453674316,1.0451678037643433,2687.0,513.28125,2.0289063453674316,1.0451678037643433,2687.0,513.28125,2.0289063453674316,1.0451678037643433,2687.0
2026-09-10T21:00:00.000+08:00,385.4164733886719,9.407684326171875,12.104248046875,20.997421264648438,0.170116126537323,385.6000061035156,6.166999816894531,3.5840001106262207,2021.199951171875,513.28125,2.0289063453674316,1.0479941368103027,2687.0,513.28125,2.0289063453674316,1.0479941368103027,2687.0,513.28125,2.0289063453674316,1.0479941368103027,2687.0
2026-09-10T21:01:00.000+08:00,381.04425048828125,9.39310073852539,11.944580078125,21.107906341552734,0.1696520745754242,386.0,6.171000003814697,3.5940001010894775,2021.300048828125,513.28125,2.0289063453674316,1.05256986618042,2687.0,513.28125,2.0289063453674316,1.05256986618042,2687.0,513.28125,2.0289063453674316,1.05256986618042,2687.0
2026-09-10T21:02:00.000+08:00,400.3143310546875,9.490108489990234,11.72265625,21.0340633392334,0.17010502517223358,386.1000061035156,6.190000057220459,3.6019999980926514,2021.4000244140625,513.28125,2.0289063453674316,1.0493398904800415,2687.0,513.28125,2.0289063453674316,1.0493398904800415,2687.0,513.28125,2.0289063453674316,1.0493398904800415,2687.0
2026-09-10T21:03:00.000+08:00,451.0809631347656,10.507930755615234,12.8056640625,23.87228012084961,0.1503836214542389,386.0,6.171000003814697,3.5850000381469727,2021.4000244140625,513.28125,2.0289063453674316,1.0518969297409058,2687.0,513.28125,2.0289063453674316,1.0518969297409058,2687.0,513.28125,2.0289063453674316,1.0518969297409058,2687.0
2026-09-10T21:04:00.000+08:00,493.49652099609375,11.014579772949219,13.5556640625,21.828678131103516,0.16459998488426208,385.79998779296875,6.163000106811523,3.5759999752044678,2021.5,513.28125,2.0289063453674316,1.0485323667526245,2687.0,513.28125,2.0289063453674316,1.0485323667526245,2687.0,513.28125,2.0289063453674316,1.0485323667526245,2687.0
2026-09-10T21:05:00.000+08:00,296.0789794921875,11.065422058105469,13.673828125,12.63869571685791,0.28357356786727905,385.8999938964844,6.164999961853027,3.5850000381469727,2021.5,513.28125,2.0289063453674316,1.047724962234497,2688.0,513.28125,2.0289063453674316,1.047724962234497,2688.0,513.28125,2.0289063453674316,1.047724962234497,2688.0
2026-09-10T21:06:00.000+08:00,295.7265930175781,10.83133316040039,13.6181640625,14.353415489196777,0.2492089867591858,386.0,6.164999961853027,3.5869998931884766,2021.5999755859375,513.28125,2.0289063453674316,1.048128604888916,2688.0,513.28125,2.0289063453674316,1.048128604888916,2688.0,513.28125,2.0289063453674316,1.048128604888916,2688.0
2026-09-10T21:07:00.000+08:00,297.1819763183594,10.31100845336914,13.25,14.74471664428711,0.2429344803094864,386.20001220703125,6.156000137329102,3.5899999141693115,2021.5999755859375,513.28125,2.0289063453674316,1.0498782396316528,2688.0,513.28125,2.0289063453674316,1.0498782396316528,2688.0,513.28125,2.0289063453674316,1.0498782396316528,2688.0
2026-09-10T21:08:00.000+08:00,305.1987609863281,9.42440414428711,12.784912109375,16.398923873901367,0.21842896938323975,386.1000061035156,6.171000003814697,3.5980000495910645,2021.699951171875,513.28125,2.0289063453674316,1.0518969297409058,2688.0,513.28125,2.0289063453674316,1.0518969297409058,2688.0,513.28125,2.0289063453674316,1.0518969297409058,2688.0
2026-09-10T21:09:00.000+08:00,303.86376953125,9.184539794921875,12.59033203125,17.90300941467285,0.20074836909770966,386.29998779296875,6.169000148773193,3.6019999980926514,2021.800048828125,513.28125,2.0289063453674316,1.0514931678771973,2688.0,513.28125,2.0289063453674316,1.0514931678771973,2688.0,513.28125,2.0289063453674316,1.0514931678771973,2688.0
2026-09-10T21:10:00.000+08:00,283.3941650390625,9.202430725097656,12.576416015625,19.629169464111328,0.18299297988414764,386.5,6.189000129699707,3.6070001125335693,2021.800048828125,513.28125,2.0289063453674316,1.0539157390594482,2688.0,513.28125,2.0289063453674316,1.0539157390594482,2688.0,513.28125,2.0289063453674316,1.0539157390594482,2688.0
2026-09-10T21:11:00.000+08:00,281.9451599121094,9.360893249511719,12.6669921875,18.782503128051758,0.19177423417568207,386.3999938964844,6.177999973297119,3.6059999465942383,2021.9000244140625,513.28125,2.0289063453674316,1.055261492729187,2688.0,513.28125,2.0289063453674316,1.055261492729187,2688.0,513.28125,2.0289063453674316,1.055261492729187,2688.0
2026-09-10T21:12:00.000+08:00,281.9960021972656,9.278644561767578,12.673583984375,19.05716896057129,0.18890529870986938,386.3999938964844,6.146999835968018,3.5999999046325684,2022.0,513.28125,2.0289063453674316,1.0535119771957397,2688.0,513.28125,2.0289063453674316,1.0535119771957397,2688.0,513.28125,2.0289063453674316,1.0535119771957397,2688.0
2026-09-10T21:13:00.000+08:00,285.81536865234375,9.250545501708984,12.6806640625,18.757736206054688,0.19208075106143951,386.6000061035156,6.208000183105469,3.628000020980835,2022.0,513.28125,2.0289063453674316,1.0518969297409058,2688.0,513.28125,2.0289063453674316,1.0518969297409058,2688.0,513.28125,2.0289063453674316,1.0518969297409058,2688.0
2026-09-10T21:14:00.000+08:00,291.9468688964844,9.340747833251953,12.666748046875,19.8609676361084,0.1815118044614792,386.70001220703125,6.156000137329102,3.6070001125335693,2022.0999755859375,513.28125,2.0289063453674316,1.056069016456604,2688.0,513.28125,2.0289063453674316,1.056069016456604,2688.0,513.28125,2.0289063453674316,1.056069016456604,2688.0
2026-09-10T21:15:00.000+08:00,287.5434265136719,9.403247833251953,12.632080078125,19.27941131591797,0.18760946393013,386.79998779296875,6.150000095367432,3.6029999256134033,2022.0999755859375,513.28125,2.0289063453674316,1.0556652545928955,2688.0,513.28125,2.0289063453674316,1.0556652545928955,2688.0,513.28125,2.0289063453674316,1.0556652545928955,2688.0
2026-09-10T21:16:00.000+08:00,290.4036865234375,9.452522277832031,12.784912109375,19.159774780273438,0.18857216835021973,386.79998779296875,6.171000003814697,3.6040000915527344,2022.199951171875,513.28125,2.0289063453674316,1.054050326347351,2688.0,513.28125,2.0289063453674316,1.054050326347351,2688.0,513.28125,2.0289063453674316,1.054050326347351,2688.0
2026-09-10T21:17:00.000+08:00,287.6328430175781,9.61474609375,12.694580078125,18.62641716003418,0.1935960203409195,387.0,6.158999919891357,3.6080000400543213,2022.199951171875,513.28125,2.0289063453674316,1.055261492729187,2688.0,513.28125,2.0289063453674316,1.055261492729187,2688.0,513.28125,2.0289063453674316,1.055261492729187,2688.0
2026-09-10T21:18:00.000+08:00,288.366455078125,9.728507995605469,12.861083984375,18.271190643310547,0.19725042581558228,386.8999938964844,6.168000221252441,3.609999895095825,2022.300048828125,513.28125,2.0289063453674316,1.0566073656082153,2688.0,513.28125,2.0289063453674316,1.0566073656082153,2688.0,513.28125,2.0289063453674316,1.0566073656082153,2688.0
2026-09-10T21:19:00.000+08:00,303.4560546875,9.71114730834961,12.819580078125,19.046018600463867,0.19449424743652344,386.79998779296875,6.151000022888184,3.6080000400543213,2022.4000244140625,513.28125,2.0289063453674316,1.0566073656082153,2688.0,513.28125,2.0289063453674316,1.0566073656082153,2688.0,513.28125,2.0289063453674316,1.0566073656082153,2688.0
2026-09-10T21:20:00.000+08:00,294.2091369628906,9.728507995605469,12.854248046875,18.353572845458984,0.19696438312530518,387.0,6.15500020980835,3.6080000400543213,2022.4000244140625,513.28125,2.067187547683716,1.0688543319702148,2688.0,513.28125,2.067187547683716,1.0688543319702148,2688.0,513.28125,2.067187547683716,1.0688543319702148,2688.0
2026-09-10T21:21:00.000+08:00,300.4725646972656,9.659305572509766,12.8681640625,18.777984619140625,0.1921399086713791,386.8999938964844,6.1529998779296875,3.6040000915527344,2022.5,513.28125,2.0289063453674316,1.0548577308654785,2688.0,513.28125,2.0289063453674316,1.0548577308654785,2688.0,513.28125,2.0289063453674316,1.0548577308654785,2688.0
2026-09-10T21:22:00.000+08:00,301.2845764160156,9.589881896972656,12.72265625,18.695213317871094,0.193418487906456,386.79998779296875,6.176000118255615,3.61299991607666,2022.5999755859375,513.28125,2.0289063453674316,1.0590298175811768,2688.0,513.28125,2.0289063453674316,1.0590298175811768,2688.0,513.28125,2.0289063453674316,1.0590298175811768,2688.0
2026-09-10T21:23:00.000+08:00,299.27545166015625,9.518669128417969,12.729248046875,18.953584671020508,0.1907818615436554,386.5,6.171999931335449,3.6089999675750732,2022.5999755859375,513.28125,2.0289063453674316,1.053242802619934,2688.0,513.28125,2.0289063453674316,1.053242802619934,2688.0,513.28125,2.0289063453674316,1.053242802619934,2688.0
2026-09-10T21:24:00.000+08:00,306.00238037109375,9.505638122558594,12.736328125,19.06589698791504,0.18950065970420837,386.1000061035156,6.170000076293945,3.5980000495910645,2022.699951171875,513.28125,2.0289063453674316,1.0547232627868652,2688.0,513.28125,2.0289063453674316,1.0547232627868652,2688.0,513.28125,2.0289063453674316,1.0547232627868652,2688.0
2026-09-10T21:25:00.000+08:00,307.3404846191406,9.490924835205078,12.7294921875,19.59550666809082,0.18453210592269897,386.1000061035156,6.168000221252441,3.5989999771118164,2022.699951171875,513.28125,2.0289063453674316,1.0543195009231567,2688.0,513.28125,2.0289063453674316,1.0543195009231567,2688.0,513.28125,2.0289063453674316,1.0543195009231567,2688.0
2026-09-10T21:26:00.000+08:00,303.9088439941406,9.473953247070312,12.701416015625,19.411697387695312,0.1850430816411972,385.8999938964844,6.179999828338623,3.5980000495910645,2022.800048828125,513.28125,2.0289063453674316,1.05256986618042,2688.0,513.28125,2.0289063453674316,1.05256986618042,2688.0,513.28125,2.0289063453674316,1.05256986618042,2688.0
2026-09-10T21:27:00.000+08:00,312.6983337402344,9.508026123046875,12.7431640625,19.562501907348633,0.18376994132995605,386.1000061035156,6.171000003814697,3.5950000286102295,2022.800048828125,513.28125,2.0289063453674316,1.0555306673049927,2688.0,513.28125,2.0289063453674316,1.0555306673049927,2688.0,513.28125,2.0289063453674316,1.0555306673049927,2688.0
2026-09-10T21:28:00.000+08:00,303.300048828125,9.515613555908203,12.673828125,19.65241813659668,0.18272560834884644,385.8999938964844,6.139999866485596,3.5910000801086426,2022.9000244140625,513.28125,2.0289063453674316,1.047724962234497,2688.0,513.28125,2.0289063453674316,1.047724962234497,2688.0,513.28125,2.0289063453674316,1.047724962234497,2688.0
2026-09-10T21:29:00.000+08:00,316.189697265625,9.561027526855469,12.645751953125,19.919321060180664,0.18072904646396637,386.0,6.188000202178955,3.6110000610351562,2023.0,513.28125,2.0289063453674316,1.0501474142074585,2688.0,513.28125,2.0289063453674316,1.0501474142074585,2688.0,513.28125,2.0289063453674316,1.0501474142074585,2688.0
2026-09-10T21:30:00.000+08:00,311.4328308105469,9.5242919921875,12.625,19.517864227294922,0.18424145877361298,386.0,6.182000160217285,3.5980000495910645,2023.0,513.28125,2.0289063453674316,1.0471866130828857,2688.0,513.28125,2.0289063453674316,1.0471866130828857,2688.0,513.28125,2.0289063453674316,1.0471866130828857,2688.0
2026-09-10T21:31:00.000+08:00,313.6006164550781,9.510894775390625,12.65283203125,19.75229835510254,0.182358518242836,386.1000061035156,6.177000045776367,3.5920000076293945,2023.0999755859375,513.28125,2.0289063453674316,1.0493398904800415,2688.0,513.28125,2.0289063453674316,1.0493398904800415,2688.0,513.28125,2.0289063453674316,1.0493398904800415,2688.0
2026-09-10T21:32:00.000+08:00,327.7835388183594,9.567436218261719,12.673828125,20.489145278930664,0.1754099577665329,386.0,6.171999931335449,3.5959999561309814,2023.199951171875,513.28125,2.0289063453674316,1.0518969297409058,2688.0,513.28125,2.0289063453674316,1.0518969297409058,2688.0,513.28125,2.0289063453674316,1.0518969297409058,2688.0
2026-09-10T21:33:00.000+08:00,320.8566589355469,9.538619995117188,12.597412109375,19.881038665771484,0.1807752549648285,385.5,6.177999973297119,3.5859999656677246,2023.199951171875,513.28125,2.0289063453674316,1.047724962234497,2688.0,513.28125,2.0289063453674316,1.047724962234497,2688.0,513.28125,2.0289063453674316,1.047724962234497,2688.0
2026-09-10T21:34:00.000+08:00,319.0374450683594,9.582855224609375,12.673828125,18.9104061126709,0.1900012046098709,386.0,6.205999851226807,3.6019999980926514,2023.300048828125,513.28125,2.0289063453674316,1.051358699798584,2688.0,513.28125,2.0289063453674316,1.051358699798584,2688.0,513.28125,2.0289063453674316,1.051358699798584,2688.0
2026-09-10T21:35:00.000+08:00,315.6971435546875,9.610496520996094,12.632080078125,18.56422233581543,0.19365206360816956,385.3999938964844,6.176000118255615,3.5829999446868896,2023.300048828125,513.28125,2.0289063453674316,1.0471866130828857,2688.0,513.28125,2.0289063453674316,1.0471866130828857,2688.0,513.28125,2.0289063453674316,1.0471866130828857,2688.0
2026-09-10T21:36:00.000+08:00,319.77447509765625,9.617218017578125,12.625,19.5673770904541,0.18377527594566345,385.70001220703125,6.177999973297119,3.5880000591278076,2023.4000244140625,513.28125,2.0289063453674316,1.0467828512191772,2688.0,513.28125,2.0289063453674316,1.0467828512191772,2688.0,513.28125,2.0289063453674316,1.0467828512191772,2688.0
2026-09-10T21:37:00.000+08:00,316.9676513671875,9.604541778564453,12.673828125,19.0328369140625,0.18772819638252258,385.8999938964844,6.176000118255615,3.5910000801086426,2023.4000244140625,513.28125,2.0289063453674316,1.0485323667526245,2688.0,513.28125,2.0289063453674316,1.0485323667526245,2688.0,513.28125,2.0289063453674316,1.0485323667526245,2688.0
2026-09-10T21:38:00.000+08:00,319.2790832519531,9.65958023071289,12.666748046875,19.3500919342041,0.18521875143051147,385.70001220703125,6.1579999923706055,3.578000068664551,2023.5,513.28125,2.0289063453674316,1.0543195009231567,2688.0,513.28125,2.0289063453674316,1.0543195009231567,2688.0,513.28125,2.0289063453674316,1.0543195009231567,2688.0
2026-09-10T21:39:00.000+08:00,322.2505187988281,9.582855224609375,12.638916015625,19.827526092529297,0.18131358921527863,386.5,6.204999923706055,3.614000082015991,2023.5999755859375,513.28125,2.0289063453674316,1.0564727783203125,2688.0,513.28125,2.0289063453674316,1.0564727783203125,2688.0,513.28125,2.0289063453674316,1.0564727783203125,2688.0
2026-09-10T21:40:00.000+08:00,322.3074035644531,9.564262390136719,12.625,19.055145263671875,0.1886104792356491,384.79998779296875,6.144000053405762,3.568000078201294,2023.5999755859375,509.765625,1.990625023841858,1.0396499633789062,2688.0,509.765625,1.990625023841858,1.0396499633789062,2688.0,509.765625,1.990625023841858,1.0396499633789062,2688.0
2026-09-10T21:41:00.000+08:00,318.5909118652344,9.681365966796875,12.597412109375,19.05873680114746,0.18925702571868896,381.8999938964844,6.090000152587891,3.50600004196167,2023.699951171875,509.765625,1.990625023841858,1.0252496004104614,2688.0,509.765625,1.990625023841858,1.0252496004104614,2688.0,509.765625,1.990625023841858,1.0252496004104614,2688.0
2026-09-10T21:42:00.000+08:00,322.9967956542969,9.630329132080078,12.6669921875,19.22789192199707,0.18525171279907227,378.79998779296875,6.045000076293945,3.447999954223633,2023.699951171875,502.734375,1.990625023841858,1.006677269935608,2688.0,502.734375,1.990625023841858,1.006677269935608,2688.0,502.734375,1.990625023841858,1.006677269935608,2688.0
2026-09-10T21:43:00.000+08:00,322.6697998046875,9.664321899414062,12.66015625,18.534589767456055,0.1905086636543274,378.0,6.041999816894531,3.427999973297119,2023.800048828125,502.734375,1.9523437023162842,0.9984676837921143,2688.0,502.734375,1.9523437023162842,0.9984676837921143,2688.0,502.734375,1.9523437023162842,0.9984676837921143,2688.0
2026-09-10T21:44:00.000+08:00,328.50872802734375,9.6259765625,12.6806640625,18.83074951171875,0.18294544517993927,377.70001220703125,6.043000221252441,3.428999900817871,2023.9000244140625,502.734375,1.9523437023162842,0.9960452318191528,2688.0,502.734375,1.9523437023162842,0.9960452318191528,2688.0,502.734375,1.9523437023162842,0.9960452318191528,2688.0
2026-09-10T21:45:00.000+08:00,321.51214599609375,9.651248931884766,12.625,19.145376205444336,0.17920775711536407,378.3999938964844,6.064000129699707,3.438999891281128,2023.9000244140625,502.734375,1.990625023841858,1.0042548179626465,2688.0,502.734375,1.990625023841858,1.0042548179626465,2688.0,502.734375,1.990625023841858,1.0042548179626465,2688.0
2026-09-10T21:46:00.000+08:00,325.0837707519531,9.66192626953125,12.625,19.371444702148438,0.17706474661827087,382.70001220703125,6.1519999504089355,3.5360000133514404,2024.0,509.765625,1.990625023841858,1.0294216871261597,2688.0,509.765625,1.990625023841858,1.0294216871261597,2688.0,509.765625,1.990625023841858,1.0294216871261597,2688.0
2026-09-10T21:47:00.000+08:00,322.49859619140625,9.595474243164062,12.638916015625,19.100791931152344,0.17994017899036407,382.3999938964844,6.124000072479248,3.5220000743865967,2024.0,509.765625,1.990625023841858,1.0284795761108398,2688.0,509.765625,1.990625023841858,1.0284795761108398,2688.0,509.765625,1.990625023841858,1.0284795761108398,2688.0
2026-09-10T21:48:00.000+08:00,317.2958984375,9.598644256591797,12.6806640625,18.669570922851562,0.19100600481033325,382.3999938964844,6.111000061035156,3.5179998874664307,2024.0999755859375,509.765625,2.0289063453674316,1.0358816385269165,2688.0,509.765625,2.0289063453674316,1.0358816385269165,2688.0,509.765625,2.0289063453674316,1.0358816385269165,2688.0
2026-09-10T21:49:00.000+08:00,318.4700012207031,9.580894470214844,12.625,19.21158218383789,0.18317075073719025,382.29998779296875,6.127999782562256,3.5190000534057617,2024.199951171875,509.765625,1.990625023841858,1.0260571241378784,2688.0,509.765625,1.990625023841858,1.0260571241378784,2688.0,509.765625,1.990625023841858,1.0260571241378784,2688.0
2026-09-10T21:50:00.000+08:00,319.1889343261719,9.657974243164062,12.64599609375,19.499778747558594,0.1807200014591217,382.3999938964844,6.11299991607666,3.5139999389648438,2024.199951171875,509.765625,1.990625023841858,1.0284795761108398,2688.0,509.765625,1.990625023841858,1.0284795761108398,2688.0,509.765625,1.990625023841858,1.0284795761108398,2688.0
2026-09-10T21:51:00.000+08:00,318.5821228027344,9.597179412841797,12.59765625,18.90904998779297,0.1862071305513382,382.20001220703125,6.127999782562256,3.5139999389648438,2024.300048828125,509.765625,1.990625023841858,1.027268409729004,2688.0,509.765625,1.990625023841858,1.027268409729004,2688.0,509.765625,1.990625023841858,1.027268409729004,2688.0
2026-09-10T21:52:00.000+08:00,319.0870666503906,9.650924682617188,12.6044921875,19.381927490234375,0.1818704456090927,382.29998779296875,6.126999855041504,3.5199999809265137,2024.300048828125,509.765625,2.0289063453674316,1.0395153760910034,2688.0,509.765625,2.0289063453674316,1.0395153760910034,2688.0,509.765625,2.0289063453674316,1.0395153760910034,2688.0
2026-09-10T21:53:00.000+08:00,320.05731201171875,9.614910125732422,12.59033203125,19.110584259033203,0.1848713755607605,382.3999938964844,6.138999938964844,3.5250000953674316,2024.4000244140625,509.765625,1.990625023841858,1.0298254489898682,2688.0,509.765625,1.990625023841858,1.0298254489898682,2688.0,509.765625,1.990625023841858,1.0298254489898682,2688.0
2026-09-10T21:54:00.000+08:00,325.1724853515625,9.667572021484375,12.611083984375,19.03177261352539,0.18532168865203857,382.6000061035156,6.124000072479248,3.5220000743865967,2024.4000244140625,509.765625,1.990625023841858,1.0290179252624512,2688.0,509.765625,1.990625023841858,1.0290179252624512,2688.0,509.765625,1.990625023841858,1.0290179252624512,2688.0
2026-09-10T21:55:00.000+08:00,324.5364074707031,9.687408447265625,12.597412109375,19.200485229492188,0.18343286216259003,382.5,6.131999969482422,3.5269999504089355,2024.5,509.765625,1.990625023841858,1.0284795761108398,2688.0,509.765625,1.990625023841858,1.0284795761108398,2688.0,509.765625,1.990625023841858,1.0284795761108398,2688.0
2026-09-10T21:56:00.000+08:00,325.3959655761719,9.627296447753906,12.6044921875,19.546859741210938,0.18023355305194855,382.5,6.117000102996826,3.5239999294281006,2024.5999755859375,509.765625,1.990625023841858,1.027268409729004,2688.0,509.765625,1.990625023841858,1.027268409729004,2688.0,509.765625,1.990625023841858,1.027268409729004,2688.0
2026-09-10T21:57:00.000+08:00,327.7994689941406,9.686622619628906,12.5556640625,18.890392303466797,0.18623223900794983,382.5,6.13700008392334,3.5269999504089355,2024.5999755859375,509.765625,1.990625023841858,1.0278067588806152,2688.0,509.765625,1.990625023841858,1.0278067588806152,2688.0,509.765625,1.990625023841858,1.0278067588806152,2688.0
2026-09-10T21:58:00.000+08:00,329.4615478515625,9.628841400146484,12.611328125,19.386987686157227,0.18151350319385529,382.3999938964844,6.131999969482422,3.5269999504089355,2024.699951171875,509.765625,1.990625023841858,1.0265954732894897,2688.0,509.765625,1.990625023841858,1.0265954732894897,2688.0,509.765625,1.990625023841858,1.0265954732894897,2688.0
2026-09-10T21:59:00.000+08:00,330.8624572753906,9.664482116699219,12.541748046875,18.858062744140625,0.18660452961921692,382.3999938964844,6.11299991607666,3.5220000743865967,2024.699951171875,509.765625,1.990625023841858,1.0314403772354126,2688.0,509.765625,1.990625023841858,1.0314403772354126,2688.0,509.765625,1.990625023841858,1.0314403772354126,2688.0
2026-09-10T22:00:00.000+08:00,321.1842346191406,9.666343688964844,12.5625,18.832380294799805,0.18749621510505676,382.29998779296875,6.11299991607666,3.5179998874664307,2024.800048828125,509.765625,1.990625023841858,1.027268409729004,2688.0,509.765625,1.990625023841858,1.027268409729004,2688.0,509.765625,1.990625023841858,1.027268409729004,2688.0
2026-09-10T22:01:00.000+08:00,322.65350341796875,9.626136779785156,12.6044921875,18.24665641784668,0.19313126802444458,382.5,6.129000186920166,3.5260000228881836,2024.9000244140625,nan,nan,nan,65536.0,nan,nan,nan,65536.0,nan,nan,nan,65536.0
2026-09-10T22:02:00.000+08:00,314.7207336425781,9.674480438232422,12.4375,18.373027801513672,0.19158519804477692,382.0,6.13100004196167,3.515000104904175,2024.9000244140625,nan,nan,nan,65536.0,nan,nan,nan,65536.0,nan,nan,nan,65536.0
2026-09-10T22:03:00.000+08:00,331.557861328125,9.647579193115234,12.4931640625,18.939908981323242,0.18574534356594086,382.20001220703125,6.136000156402588,3.5220000743865967,2025.0,nan,nan,nan,65536.0,nan,nan,nan,65536.0,nan,nan,nan,65536.0
2026-09-10T22:04:00.000+08:00,337.45635986328125,9.583942413330078,12.4931640625,18.948850631713867,0.1859743297100067,381.6000061035156,6.103000164031982,3.50600004196167,2025.0,nan,nan,nan,65536.0,nan,nan,nan,65536.0,nan,nan,nan,65536.0
2026-09-10T22:05:00.000+08:00,342.74871826171875,9.678020477294922,12.444580078125,18.976333618164062,0.18528342247009277,381.70001220703125,6.111999988555908,3.51200008392334,2025.0999755859375,nan,nan,nan,65536.0,nan,nan,nan,65536.0,nan,nan,nan,65536.0
2026-09-10T22:06:00.000+08:00,336.6734619140625,9.636116027832031,12.4931640625,19.409820556640625,0.18073326349258423,381.8999938964844,6.105999946594238,3.509000062942505,2025.0999755859375,nan,nan,nan,65536.0,nan,nan,nan,65536.0,nan,nan,nan,65536.0
2026-09-10T22:07:00.000+08:00,339.9007263183594,9.577571868896484,12.479248046875,18.965578079223633,0.1853884905576706,381.79998779296875,6.11899995803833,3.507999897003174,2025.199951171875,nan,nan,nan,65536.0,nan,nan,nan,65536.0,nan,nan,nan,65536.0
2026-09-10T22:08:00.000+08:00,332.91326904296875,9.586235046386719,12.486083984375,18.596559524536133,0.18863703310489655,381.8999938964844,6.103000164031982,3.5190000534057617,2025.300048828125,nan,nan,nan,65536.0,nan,nan,nan,65536.0,nan,nan,nan,65536.0
2026-09-10T22:09:00.000+08:00,341.6360168457031,9.564502716064453,12.541748046875,18.990570068359375,0.18482857942581177,381.5,6.105000019073486,3.494999885559082,2025.300048828125,nan,nan,nan,65536.0,nan,nan,nan,65536.0,nan,nan,nan,65536.0
2026-09-10T22:10:00.000+08:00,339.4421081542969,9.595287322998047,12.451416015625,19.200786590576172,0.18311750888824463,381.3999938964844,6.122000217437744,3.503999948501587,2025.4000244140625,nan,nan,nan,65536.0,nan,nan,nan,65536.0,nan,nan,nan,65536.0
2026-09-10T22:11:00.000+08:00,328.94158935546875,9.588275909423828,12.479248046875,18.860990524291992,0.1856212168931961,381.5,6.103000164031982,3.499000072479248,2025.4000244140625,nan,nan,nan,65536.0,nan,nan,nan,65536.0,nan,nan,nan,65536.0
2026-09-10T22:12:00.000+08:00,338.0233459472656,9.5792236328125,12.4375,19.064964294433594,0.18374018371105194,381.79998779296875,6.093999862670898,3.5,2025.5,nan,nan,nan,65536.0,nan,nan,nan,65536.0,nan,nan,nan,65536.0
2026-09-10T22:13:00.000+08:00,342.6324157714844,9.552715301513672,12.375,19.492813110351562,0.1798611730337143,381.70001220703125,6.099999904632568,3.510999917984009,2025.5999755859375,nan,nan,nan,65536.0,nan,nan,nan,65536.0,nan,nan,nan,65536.0
2026-09-10T22:14:00.000+08:00,345.3446350097656,9.538387298583984,12.486328125,19.47420883178711,0.18003299832344055,382.0,6.113999843597412,3.513000011444092,2025.5999755859375,nan,nan,nan,65536.0,nan,nan,nan,65536.0,nan,nan,nan,65536.0
2026-09-10T22:15:00.000+08:00,338.0541687011719,9.461353302001953,12.444580078125,19.956811904907227,0.17598000168800354,381.70001220703125,6.09499979019165,3.50600004196167,2025.699951171875,nan,nan,nan,65536.0,nan,nan,nan,65536.0,nan,nan,nan,65536.0
2026-09-10T22:16:00.000+08:00,342.98834228515625,9.386512756347656,12.4375,20.07452964782715,0.17489823698997498,381.70001220703125,6.104000091552734,3.502000093460083,2025.699951171875,nan,nan,nan,65536.0,nan,nan,nan,65536.0,nan,nan,nan,65536.0
2026-09-10T22:17:00.000+08:00,330.4781188964844,9.415489196777344,12.4033203125,19.530677795410156,0.17930765450000763,382.20001220703125,6.116000175476074,3.510999917984009,2025.800048828125,nan,nan,nan,65536.0,nan,nan,nan,65536.0,nan,nan,nan,65536.0
2026-09-10T22:18:00.000+08:00,332.46905517578125,9.315780639648438,12.388916015625,20.178543090820312,0.17404626309871674,382.5,6.120999813079834,3.5230000019073486,2025.9000244140625,nan,nan,nan,65536.0,nan,nan,nan,65536.0,nan,nan,nan,65536.0
2026-09-10T22:19:00.000+08:00,322.693359375,9.404090881347656,12.326416015625,19.16022300720215,0.18329639732837677,382.20001220703125,6.120999813079834,3.5179998874664307,2025.9000244140625,nan,nan,nan,65536.0,nan,nan,nan,65536.0,nan,nan,nan,65536.0
2026-09-10T22:20:00.000+08:00,329.6269226074219,9.482711791992188,12.4306640625,19.59621238708496,0.17962655425071716,382.0,6.124000072479248,3.5160000324249268,2026.0,nan,nan,nan,65536.0,nan,nan,nan,65536.0,nan,nan,nan,65536.0
2026-09-10T22:21:00.000+08:00,324.7059020996094,9.531261444091797,12.4375,19.105939865112305,0.18371249735355377,382.0,6.0980000495910645,3.509999990463257,2026.0,nan,nan,nan,65536.0,nan,nan,nan,65536.0,nan,nan,nan,65536.0
2026-09-10T22:22:00.000+08:00,331.9641418457031,9.497737884521484,12.423828125,19.3507080078125,0.1816987842321396,382.29998779296875,6.119999885559082,3.5220000743865967,2026.0999755859375,nan,nan,nan,65536.0,nan,nan,nan,65536.0,nan,nan,nan,65536.0
2026-09-10T22:23:00.000+08:00,327.06146240234375,9.48984146118164,12.375,19.12787437438965,0.18376323580741882,381.79998779296875,6.0879998207092285,3.503000020980835,2026.0999755859375,nan,nan,nan,65536.0,nan,nan,nan,65536.0,nan,nan,nan,65536.0
2026-09-10T22:24:00.000+08:00,327.58935546875,9.549850463867188,12.451416015625,19.738075256347656,0.17843686044216156,382.1000061035156,6.11299991607666,3.5179998874664307,2026.199951171875,nan,nan,nan,65536.0,nan,nan,nan,65536.0,nan,nan,nan,65536.0
2026-09-10T22:25:00.000+08:00,328.15411376953125,9.412750244140625,12.326416015625,19.00221824645996,0.18492577970027924,382.29998779296875,6.116000175476074,3.5230000019073486,2026.300048828125,nan,nan,nan,65536.0,nan,nan,nan,65536.0,nan,nan,nan,65536.0
2026-09-10T22:26:00.000+08:00,330.4557189941406,9.47957992553711,12.319580078125,19.029571533203125,0.1851854771375656,382.3999938964844,6.131999969482422,3.5280001163482666,2026.300048828125,nan,nan,nan,65536.0,nan,nan,nan,65536.0,nan,nan,nan,65536.0
2026-09-10T22:27:00.000+08:00,327.6694641113281,9.474815368652344,12.4169921875,19.393980026245117,0.18165430426597595,382.29998779296875,6.105000019073486,3.5160000324249268,2026.4000244140625,nan,nan,nan,65536.0,nan,nan,nan,65536.0,nan,nan,nan,65536.0
2026-09-10T22:28:00.000+08:00,333.7091369628906,9.536922454833984,12.375,18.804208755493164,0.1872984915971756,382.1000061035156,6.09499979019165,3.51200008392334,2026.4000244140625,nan,nan,nan,65536.0,nan,nan,nan,65536.0,nan,nan,nan,65536.0
2026-09-10T22:29:00.000+08:00,328.4729919433594,9.470466613769531,12.423828125,19.133081436157227,0.18371321260929108,382.79998779296875,6.13100004196167,3.5309998989105225,2026.5,nan,nan,nan,65536.0,nan,nan,nan,65536.0,nan,nan,nan,65536.0
2026-09-10T22:30:00.000+08:00,335.5424499511719,9.45065689086914,12.4931640625,19.75522804260254,0.17813006043434143,382.29998779296875,6.122000217437744,3.515000104904175,2026.5999755859375,nan,nan,nan,65536.0,nan,nan,nan,65536.0,nan,nan,nan,65536.0
2026-09-10T22:31:00.000+08:00,333.8924560546875,9.477104187011719,12.423828125,19.540164947509766,0.1800394207239151,382.70001220703125,6.11899995803833,3.5369999408721924,2026.5999755859375,nan,nan,nan,65536.0,nan,nan,nan,65536.0,nan,nan,nan,65536.0
2026-09-10T22:32:00.000+08:00,329.11541748046875,9.542362213134766,12.2431640625,19.865671157836914,0.17708942294120789,382.3999938964844,6.132999897003174,3.5320000648498535,2026.699951171875,nan,nan,nan,65536.0,nan,nan,nan,65536.0,nan,nan,nan,65536.0
2026-09-10T22:33:00.000+08:00,335.1944274902344,9.551387786865234,12.229248046875,19.5432186126709,0.18047180771827698,382.5,6.129000186920166,3.5260000228881836,2026.699951171875,nan,nan,nan,65536.0,nan,nan,nan,65536.0,nan,nan,nan,65536.0
2026-09-10T22:34:00.000+08:00,366.690673828125,9.493633270263672,12.138916015625,19.737945556640625,0.17909665405750275,382.6000061035156,6.117000102996826,3.5329999923706055,2026.800048828125,nan,nan,nan,65536.0,nan,nan,nan,65536.0,nan,nan,nan,65536.0
2026-09-10T22:35:00.000+08:00,371.7254638671875,9.549942016601562,12.173583984375,19.879955291748047,0.17751549184322357,382.3999938964844,6.131999969482422,3.5299999713897705,2026.800048828125,nan,nan,nan,65536.0,nan,nan,nan,65536.0,nan,nan,nan,65536.0
2026-09-10T22:36:00.000+08:00,362.51031494140625,9.495708465576172,12.132080078125,20.066789627075195,0.1759623885154724,382.5,6.105999946594238,3.5350000858306885,2026.9000244140625,nan,nan,nan,65536.0,nan,nan,nan,65536.0,nan,nan,nan,65536.0
2026-09-10T22:37:00.000+08:00,362.74468994140625,9.464813232421875,12.222412109375,19.29876136779785,0.18301692605018616,382.3999938964844,6.0970001220703125,3.5179998874664307,2027.0,nan,nan,nan,65536.0,nan,nan,nan,65536.0,nan,nan,nan,65536.0
2026-09-10T22:38:00.000+08:00,365.449462890625,9.39083480834961,12.222412109375,19.988481521606445,0.17660170793533325,382.6000061035156,6.105000019073486,3.5220000743865967,2027.0,nan,nan,nan,65536.0,nan,nan,nan,65536.0,nan,nan,nan,65536.0
2026-09-10T22:39:00.000+08:00,360.6094665527344,9.31332778930664,12.125,20.12019920349121,0.174700066447258,382.6000061035156,6.113999843597412,3.5280001163482666,2027.0999755859375,nan,nan,nan,65536.0,nan,nan,nan,65536.0,nan,nan,nan,65536.0
2026-09-10T22:40:00.000+08:00,358.1633605957031,9.417797088623047,12.166748046875,20.175296783447266,0.17491687834262848,382.5,6.113999843597412,3.5260000228881836,2027.0999755859375,nan,nan,nan,65536.0,nan,nan,nan,65536.0,nan,nan,nan,65536.0
2026-09-10T22:41:00.000+08:00,357.173828125,9.409465789794922,12.22265625,19.978899002075195,0.17673645913600922,382.3999938964844,6.125,3.5190000534057617,2027.199951171875,nan,nan,nan,65536.0,nan,nan,nan,65536.0,nan,nan,nan,65536.0
2026-09-10T22:42:00.000+08:00,347.881103515625,9.475898742675781,12.229248046875,19.08388900756836,0.18497277796268463,382.5,6.11299991607666,3.5239999294281006,2027.300048828125,nan,nan,nan,65536.0,nan,nan,nan,65536.0,nan,nan,nan,65536.0
2026-09-10T22:43:00.000+08:00,366.01092529296875,9.331584930419922,12.138916015625,19.965917587280273,0.1764506846666336,382.0,6.089000225067139,3.509000062942505,2027.300048828125,nan,nan,nan,65536.0,nan,nan,nan,65536.0,nan,nan,nan,65536.0
2026-09-10T22:44:00.000+08:00,358.6533508300781,9.3157958984375,12.1806640625,19.53415870666504,0.17999239265918732,381.8999938964844,6.125,3.5299999713897705,2027.4000244140625,nan,nan,nan,65536.0,nan,nan,nan,65536.0,nan,nan,nan,65536.0
2026-09-10T22:45:00.000+08:00,355.5617370605469,9.386192321777344,12.125,19.927101135253906,0.17644312977790833,382.0,6.104000091552734,3.510999917984009,2027.4000244140625,nan,nan,nan,65536.0,nan,nan,nan,65536.0,nan,nan,nan,65536.0
2026-09-10T22:46:00.000+08:00,351.508056640625,9.351985931396484,12.1181640625,18.822561264038086,0.18674397468566895,382.1000061035156,6.098999977111816,3.5139999389648438,2027.5,nan,nan,nan,65536.0,nan,nan,nan,65536.0,nan,nan,nan,65536.0
2026-09-10T22:47:00.000+08:00,356.8013916015625,9.278789520263672,12.0,19.394350051879883,0.1812899112701416,381.8999938964844,6.110000133514404,3.515000104904175,2027.5999755859375,nan,nan,nan,65536.0,nan,nan,nan,65536.0,nan,nan,nan,65536.0
2026-09-10T22:48:00.000+08:00,361.57366943359375,9.41164779663086,12.1044921875,19.636537551879883,0.17874841392040253,381.8999938964844,6.098999977111816,3.510999917984009,2027.5999755859375,nan,nan,nan,65536.0,nan,nan,nan,65536.0,nan,nan,nan,65536.0
2026-09-10T22:49:00.000+08:00,355.6490173339844,9.36532974243164,12.09033203125,19.32535743713379,0.18162664771080017,382.29998779296875,6.0980000495910645,3.515000104904175,2027.699951171875,nan,nan,nan,65536.0,nan,nan,nan,65536.0,nan,nan,nan,65536.0
2026-09-10T22:50:00.000+08:00,360.01202392578125,9.22243881225586,12.069580078125,19.805030822753906,0.1771267205476761,381.79998779296875,6.09499979019165,3.51200008392334,2027.699951171875,nan,nan,nan,65536.0,nan,nan,nan,65536.0,nan,nan,nan,65536.0
2026-09-10T22:51:00.000+08:00,368.15020751953125,9.367607116699219,12.0419921875,19.224496841430664,0.1827356070280075,381.8999938964844,6.090000152587891,3.51200008392334,2027.800048828125,nan,nan,nan,65536.0,nan,nan,nan,65536.0,nan,nan,nan,65536.0
2026-09-10T22:52:00.000+08:00,365.9549255371094,9.400497436523438,12.138916015625,20.692665100097656,0.16986696422100067,381.8999938964844,6.110000133514404,3.5139999389648438,2027.800048828125,nan,nan,nan,65536.0,nan,nan,nan,65536.0,nan,nan,nan,65536.0
2026-09-10T22:53:00.000+08:00,361.0940856933594,9.194034576416016,12.104248046875,19.752885818481445,0.17759430408477783,382.20001220703125,6.0929999351501465,3.51200008392334,2027.9000244140625,nan,nan,nan,65536.0,nan,nan,nan,65536.0,nan,nan,nan,65536.0
2026-09-10T22:54:00.000+08:00,358.534423828125,9.19580078125,12.007080078125,20.212696075439453,0.1740490198135376,382.20001220703125,6.0929999351501465,3.5160000324249268,2028.0,nan,nan,nan,65536.0,nan,nan,nan,65536.0,nan,nan,nan,65536.0
2026-09-10T22:55:00.000+08:00,354.7082824707031,9.321876525878906,12.0908203125,20.19571876525879,0.17414583265781403,382.20001220703125,6.105000019073486,3.509000062942505,2028.0,nan,nan,nan,65536.0,nan,nan,nan,65536.0,nan,nan,nan,65536.0
2026-09-10T22:56:00.000+08:00,353.529052734375,9.232105255126953,12.0,19.95470428466797,0.1761990487575531,381.8999938964844,6.0920000076293945,3.500999927520752,2028.0999755859375,nan,nan,nan,65536.0,nan,nan,nan,65536.0,nan,nan,nan,65536.0
2026-09-10T22:57:00.000+08:00,358.1308288574219,9.189762115478516,12.03515625,19.735858917236328,0.17764617502689362,382.6000061035156,6.0929999351501465,3.5209999084472656,2028.0999755859375,nan,nan,nan,65536.0,nan,nan,nan,65536.0,nan,nan,nan,65536.0
2026-09-10T22:58:00.000+08:00,363.56829833984375,9.28817367553711,12.013916015625,20.347421646118164,0.1727983057498932,382.70001220703125,6.103000164031982,3.5199999809265137,2028.199951171875,nan,nan,nan,65536.0,nan,nan,nan,65536.0,nan,nan,nan,65536.0
2026-09-10T22:59:00.000+08:00,362.88970947265625,9.372520446777344,12.0556640625,20.43087387084961,0.17194566130638123,382.8999938964844,6.0980000495910645,3.5280001163482666,2028.300048828125,nan,nan,nan,65536.0,nan,nan,nan,65536.0,nan,nan,nan,65536.0
2026-09-10T23:00:00.000+08:00,371.43963623046875,9.247520446777344,12.0,20.2845458984375,0.17402410507202148,382.79998779296875,6.119999885559082,3.5360000133514404,2028.300048828125,nan,nan,nan,65536.0,nan,nan,nan,65536.0,nan,nan,nan,65536.0
2026-09-10T23:01:00.000+08:00,361.8746337890625,9.273735046386719,12.020751953125,19.02735710144043,0.18568000197410583,382.8999938964844,6.122000217437744,3.5350000858306885,2028.4000244140625,nan,nan,nan,65536.0,nan,nan,nan,65536.0,nan,nan,nan,65536.0
2026-09-10T23:02:00.000+08:00,351.3304443359375,9.259414672851562,12.0,19.241628646850586,0.18366429209709167,382.70001220703125,6.125,3.5360000133514404,2028.4000244140625,nan,nan,nan,65536.0,nan,nan,nan,65536.0,nan,nan,nan,65536.0
2026-09-10T23:03:00.000+08:00,354.435791015625,9.220294952392578,11.958251953125,19.255006790161133,0.18369247019290924,382.70001220703125,6.0960001945495605,3.5239999294281006,2028.5,nan,nan,nan,65536.0,nan,nan,nan,65536.0,nan,nan,nan,65536.0
2026-09-10T23:04:00.000+08:00,376.9613342285156,9.217025756835938,11.875,20.027070999145508,0.1770104020833969,382.70001220703125,6.118000030517578,3.5390000343322754,2028.5,nan,nan,nan,65536.0,nan,nan,nan,65536.0,nan,nan,nan,65536.0
2026-09-10T23:05:00.000+08:00,366.1824645996094,9.255149841308594,11.986328125,19.9819278717041,0.1770099550485611,382.8999938964844,6.126999855041504,3.5399999618530273,2028.5999755859375,nan,nan,nan,65536.0,nan,nan,nan,65536.0,nan,nan,nan,65536.0
2026-09-10T23:06:00.000+08:00,358.93316650390625,9.246883392333984,11.923583984375,19.29234504699707,0.18333695828914642,383.1000061035156,6.125,3.5429999828338623,2028.699951171875,nan,nan,nan,65536.0,nan,nan,nan,65536.0,nan,nan,nan,65536.0
2026-09-10T23:07:00.000+08:00,370.0980529785156,9.118694305419922,11.861328125,20.12954330444336,0.17610931396484375,382.8999938964844,6.122000217437744,3.5420000553131104,2028.699951171875,nan,nan,nan,65536.0,nan,nan,nan,65536.0,nan,nan,nan,65536.0
2026-09-10T23:08:00.000+08:00,358.9074401855469,9.18191909790039,11.854248046875,19.142885208129883,0.18429824709892273,382.6000061035156,6.109000205993652,3.5329999923706055,2028.800048828125,nan,nan,nan,65536.0,nan,nan,nan,65536.0,nan,nan,nan,65536.0
2026-09-10T23:09:00.000+08:00,364.29583740234375,9.19586181640625,11.9931640625,20.655954360961914,0.17137914896011353,382.5,6.105000019073486,3.5290000438690186,2028.800048828125,nan,nan,nan,65536.0,nan,nan,nan,65536.0,nan,nan,nan,65536.0
2026-09-10T23:10:00.000+08:00,355.5767822265625,9.101112365722656,11.882080078125,19.790714263916016,0.17877070605754852,382.70001220703125,6.107999801635742,3.5309998989105225,2028.9000244140625,nan,nan,nan,65536.0,nan,nan,nan,65536.0,nan,nan,nan,65536.0
2026-09-10T23:11:00.000+08:00,356.3317565917969,9.129798889160156,11.875,19.501272201538086,0.18080872297286987,382.79998779296875,6.0980000495910645,3.5250000953674316,2029.0,nan,nan,nan,65536.0,nan,nan,nan,65536.0,nan,nan,nan,65536.0
2026-09-10T23:12:00.000+08:00,352.1630859375,9.223880767822266,11.9794921875,19.603620529174805,0.1803748458623886,383.0,6.125,3.5420000553131104,2029.0,nan,nan,nan,65536.0,nan,nan,nan,65536.0,nan,nan,nan,65536.0
2026-09-10T23:13:00.000+08:00,342.0567932128906,9.248306274414062,12.0556640625,18.199600219726562,0.1931910663843155,383.1000061035156,6.131999969482422,3.5339999198913574,2029.0999755859375,nan,nan,nan,65536.0,nan,nan,nan,65536.0,nan,nan,nan,65536.0
2026-09-10T23:14:00.000+08:00,350.50543212890625,9.104976654052734,11.9306640625,19.388328552246094,0.18248091638088226,383.1000061035156,6.14300012588501,3.5409998893737793,2029.0999755859375,nan,nan,nan,65536.0,nan,nan,nan,65536.0,nan,nan,nan,65536.0
2026-09-10T23:15:00.000+08:00,358.7784118652344,9.120861053466797,11.916748046875,19.910120010375977,0.17799994349479675,382.79998779296875,6.122000217437744,3.5380001068115234,2029.199951171875,nan,nan,nan,65536.0,nan,nan,nan,65536.0,nan,nan,nan,65536.0
2026-09-10T23:16:00.000+08:00,348.61407470703125,9.208812713623047,11.986083984375,19.736967086791992,0.1795615255832672,382.29998779296875,6.120999813079834,3.5230000019073486,2029.300048828125,nan,nan,nan,65536.0,nan,nan,nan,65536.0,nan,nan,nan,65536.0
2026-09-10T23:17:00.000+08:00,342.3548583984375,9.180381774902344,11.986083984375,18.783403396606445,0.18809157609939575,382.79998779296875,6.1529998779296875,3.5439999103546143,2029.300048828125,nan,nan,nan,65536.0,nan,nan,nan,65536.0,nan,nan,nan,65536.0
2026-09-10T23:18:00.000+08:00,343.2997131347656,9.055049896240234,11.9306640625,18.61336898803711,0.18959490954875946,383.20001220703125,6.125999927520752,3.5420000553131104,2029.4000244140625,nan,nan,nan,65536.0,nan,nan,nan,65536.0,nan,nan,nan,65536.0
2026-09-10T23:19:00.000+08:00,334.4730529785156,9.085865020751953,12.007080078125,19.05304527282715,0.18600700795650482,382.79998779296875,6.146999835968018,3.5380001068115234,2029.4000244140625,nan,nan,nan,65536.0,nan,nan,nan,65536.0,nan,nan,nan,65536.0
2026-09-10T23:20:00.000+08:00,331.67352294921875,9.213409423828125,12.111328125,18.907228469848633,0.18760021030902863,382.8999938964844,6.133999824523926,3.5360000133514404,2029.5,nan,nan,nan,65536.0,nan,nan,nan,65536.0,nan,nan,nan,65536.0
2026-09-10T23:21:00.000+08:00,325.1037292480469,9.022384643554688,12.0556640625,18.859121322631836,0.18813177943229675,382.8999938964844,6.138999938964844,3.5369999408721924,2029.5999755859375,nan,nan,nan,65536.0,nan,nan,nan,65536.0,nan,nan,nan,65536.0
2026-09-10T23:22:00.000+08:00,320.9613342285156,9.083393096923828,12.0283203125,18.831554412841797,0.18814165890216827,382.6000061035156,6.145999908447266,3.5299999713897705,2029.5999755859375,nan,nan,nan,65536.0,nan,nan,nan,65536.0,nan,nan,nan,65536.0
2026-09-10T23:23:00.000+08:00,327.6057434082031,9.13833236694336,12.076416015625,19.516023635864258,0.18097949028015137,382.70001220703125,6.140999794006348,3.5290000438690186,2029.699951171875,nan,nan,nan,65536.0,nan,nan,nan,65536.0,nan,nan,nan,65536.0
2026-09-10T23:24:00.000+08:00,316.675048828125,9.165542602539062,12.125,18.713598251342773,0.18857944011688232,382.3999938964844,6.1519999504089355,3.5290000438690186,2029.699951171875,nan,nan,nan,65536.0,nan,nan,nan,65536.0,nan,nan,nan,65536.0
2026-09-10T23:25:00.000+08:00,316.5429992675781,9.028751373291016,12.097412109375,18.443687438964844,0.19117651879787445,382.20001220703125,6.14300012588501,3.5290000438690186,2029.800048828125,nan,nan,nan,65536.0,nan,nan,nan,65536.0,nan,nan,nan,65536.0
2026-09-10T23:26:00.000+08:00,318.6701354980469,9.085956573486328,12.0908203125,18.930580139160156,0.1861538290977478,382.1000061035156,6.144999980926514,3.5290000438690186,2029.800048828125,nan,nan,nan,65536.0,nan,nan,nan,65536.0,nan,nan,nan,65536.0
2026-09-10T23:27:00.000+08:00,320.0519104003906,9.154869079589844,12.076416015625,19.462844848632812,0.18121708929538727,382.3999938964844,6.142000198364258,3.5209999084472656,2029.9000244140625,nan,nan,nan,65536.0,nan,nan,nan,65536.0,nan,nan,nan,65536.0
2026-09-10T23:28:00.000+08:00,317.4354248046875,9.015190124511719,12.1181640625,18.891613006591797,0.18616726994514465,382.70001220703125,6.156000137329102,3.5250000953674316,2030.0,nan,nan,nan,65536.0,nan,nan,nan,65536.0,nan,nan,nan,65536.0
2026-09-10T23:29:00.000+08:00,315.54998779296875,9.076950073242188,12.09765625,18.3663387298584,0.19143716990947723,382.29998779296875,6.138000011444092,3.5239999294281006,2030.0,nan,nan,nan,65536.0,nan,nan,nan,65536.0,nan,nan,nan,65536.0
2026-09-10T23:30:00.000+08:00,318.0302429199219,9.18325424194336,12.097412109375,19.528621673583984,0.18101635575294495,382.5,6.144000053405762,3.5280001163482666,2030.0999755859375,nan,nan,nan,65536.0,nan,nan,nan,65536.0,nan,nan,nan,65536.0
2026-09-10T23:31:00.000+08:00,316.5808410644531,9.111373901367188,12.111328125,18.719100952148438,0.18782606720924377,382.29998779296875,6.138999938964844,3.5250000953674316,2030.0999755859375,nan,nan,nan,65536.0,nan,nan,nan,65536.0,nan,nan,nan,65536.0
2026-09-10T23:32:00.000+08:00,316.0751037597656,9.018424987792969,12.02783203125,18.190662384033203,0.18801750242710114,382.20001220703125,6.131999969482422,3.5199999809265137,2030.199951171875,nan,nan,nan,65536.0,nan,nan,nan,65536.0,nan,nan,nan,65536.0
2026-09-10T23:33:00.000+08:00,326.4513854980469,9.102493286132812,12.069580078125,18.780052185058594,0.18759267032146454,382.29998779296875,6.133999824523926,3.5269999504089355,2030.300048828125,nan,nan,nan,65536.0,nan,nan,nan,65536.0,nan,nan,nan,65536.0
2026-09-10T23:34:00.000+08:00,323.4969787597656,9.128604888916016,12.222412109375,19.720115661621094,0.17875148355960846,382.29998779296875,6.138000011444092,3.5169999599456787,2030.300048828125,nan,nan,nan,65536.0,nan,nan,nan,65536.0,nan,nan,nan,65536.0
2026-09-10T23:35:00.000+08:00,312.9749755859375,9.228919982910156,12.20849609375,18.61099624633789,0.189350426197052,382.79998779296875,6.113999843597412,3.5280001163482666,2030.4000244140625,nan,nan,nan,65536.0,nan,nan,nan,65536.0,nan,nan,nan,65536.0
2026-09-10T23:36:00.000+08:00,308.0999755859375,9.208740234375,12.298583984375,18.669313430786133,0.18891964852809906,383.29998779296875,6.146999835968018,3.5439999103546143,2030.4000244140625,nan,nan,nan,65536.0,nan,nan,nan,65536.0,nan,nan,nan,65536.0
2026-09-10T23:37:00.000+08:00,312.3562316894531,9.074024200439453,12.236083984375,18.345256805419922,0.1926928609609604,383.20001220703125,6.14300012588501,3.5380001068115234,2030.5,nan,nan,nan,65536.0,nan,nan,nan,65536.0,nan,nan,nan,65536.0
2026-09-10T23:38:00.000+08:00,316.6812438964844,9.07839584350586,12.1806640625,19.181001663208008,0.18419267237186432,383.3999938964844,6.124000072479248,3.5409998893737793,2030.5999755859375,nan,nan,nan,65536.0,nan,nan,nan,65536.0,nan,nan,nan,65536.0
2026-09-10T23:39:00.000+08:00,314.73468017578125,9.104961395263672,12.083251953125,19.627174377441406,0.18092262744903564,383.29998779296875,6.122000217437744,3.5420000553131104,2030.5999755859375,nan,nan,nan,65536.0,nan,nan,nan,65536.0,nan,nan,nan,65536.0
2026-09-10T23:40:00.000+08:00,317.9112243652344,9.15987777709961,12.145751953125,19.57066535949707,0.18139393627643585,383.3999938964844,6.13100004196167,3.5439999103546143,2030.699951171875,nan,nan,nan,65536.0,nan,nan,nan,65536.0,nan,nan,nan,65536.0
2026-09-10T23:41:00.000+08:00,321.94952392578125,9.19073486328125,12.229248046875,18.84906005859375,0.18775472044944763,383.29998779296875,6.13100004196167,3.5369999408721924,2030.699951171875,nan,nan,nan,65536.0,nan,nan,nan,65536.0,nan,nan,nan,65536.0
2026-09-10T23:42:00.000+08:00,318.1686096191406,9.221965789794922,12.236328125,18.923664093017578,0.18690884113311768,383.5,6.13100004196167,3.5399999618530273,2030.800048828125,nan,nan,nan,65536.0,nan,nan,nan,65536.0,nan,nan,nan,65536.0
2026-09-10T23:43:00.000+08:00,317.3249816894531,9.1214599609375,12.1806640625,18.86798667907715,0.18772538006305695,383.3999938964844,6.14300012588501,3.5450000762939453,2030.800048828125,nan,nan,nan,65536.0,nan,nan,nan,65536.0,nan,nan,nan,65536.0
2026-09-10T23:44:00.000+08:00,311.0090637207031,9.070106506347656,12.138916015625,18.568220138549805,0.19043289124965668,383.3999938964844,6.122000217437744,3.5460000038146973,2030.9000244140625,nan,nan,nan,65536.0,nan,nan,nan,65536.0,nan,nan,nan,65536.0
2026-09-10T23:45:00.000+08:00,325.2010192871094,9.172126770019531,12.173828125,20.265762329101562,0.1751229465007782,383.5,6.138000011444092,3.5429999828338623,2031.0,nan,nan,nan,65536.0,nan,nan,nan,65536.0,nan,nan,nan,65536.0
2026-09-10T23:46:00.000+08:00,318.5747985839844,9.14630126953125,12.236083984375,18.97598648071289,0.18628807365894318,383.5,6.146999835968018,3.5380001068115234,2031.0,nan,nan,nan,65536.0,nan,nan,nan,65536.0,nan,nan,nan,65536.0
2026-09-10T23:47:00.000+08:00,317.9754943847656,9.155879974365234,12.2294921875,18.89564323425293,0.18750354647636414,383.5,6.177000045776367,3.5429999828338623,2031.0999755859375,nan,nan,nan,65536.0,nan,nan,nan,65536.0,nan,nan,nan,65536.0
2026-09-10T23:48:00.000+08:00,317.7237243652344,9.22817611694336,12.2431640625,19.210956573486328,0.18411368131637573,383.3999938964844,6.183000087738037,3.5429999828338623,2031.0999755859375,nan,nan,nan,65536.0,nan,nan,nan,65536.0,nan,nan,nan,65536.0
2026-09-10T23:49:00.000+08:00,312.30126953125,9.238128662109375,12.2431640625,18.705171585083008,0.18962669372558594,383.70001220703125,6.179999828338623,3.555000066757202,2031.199951171875,nan,nan,nan,65536.0,nan,nan,nan,65536.0,nan,nan,nan,65536.0
2026-09-10T23:50:00.000+08:00,314.0997619628906,9.109626770019531,12.173583984375,18.655818939208984,0.190128356218338,383.79998779296875,6.164000034332275,3.5510001182556152,2031.300048828125,nan,nan,nan,65536.0,nan,nan,nan,65536.0,nan,nan,nan,65536.0
2026-09-10T23:51:00.000+08:00,314.6951599121094,9.090621948242188,12.159912109375,18.70964241027832,0.18931415677070618,383.6000061035156,6.179999828338623,3.555000066757202,2031.300048828125,nan,nan,nan,65536.0,nan,nan,nan,65536.0,nan,nan,nan,65536.0
2026-09-10T23:52:00.000+08:00,319.11083984375,9.148746490478516,12.222412109375,19.35762596130371,0.18370021879673004,383.6000061035156,6.171000003814697,3.552999973297119,2031.4000244140625,nan,nan,nan,65536.0,nan,nan,nan,65536.0,nan,nan,nan,65536.0
2026-09-10T23:53:00.000+08:00,319.6014404296875,9.16134262084961,12.1875,19.18706703186035,0.18548952043056488,383.29998779296875,6.170000076293945,3.552999973297119,2031.4000244140625,nan,nan,nan,65536.0,nan,nan,nan,65536.0,nan,nan,nan,65536.0
2026-09-10T23:54:00.000+08:00,317.39935302734375,9.136898040771484,12.236083984375,19.39659881591797,0.1831764429807663,383.6000061035156,6.192999839782715,3.562000036239624,2031.5,nan,nan,nan,65536.0,nan,nan,nan,65536.0,nan,nan,nan,65536.0
2026-09-10T23:55:00.000+08:00,318.5218811035156,9.176387786865234,12.229248046875,19.131610870361328,0.1849818080663681,383.0,6.1579999923706055,3.5439999103546143,2031.5999755859375,nan,nan,nan,65536.0,nan,nan,nan,65536.0,nan,nan,nan,65536.0
2026-09-10T23:56:00.000+08:00,322.6412353515625,9.166793823242188,12.208251953125,19.658302307128906,0.18053440749645233,383.6000061035156,6.185999870300293,3.5510001182556152,2031.5999755859375,nan,nan,nan,65536.0,nan,nan,nan,65536.0,nan,nan,nan,65536.0
2026-09-10T23:57:00.000+08:00,320.5534362792969,9.19180679321289,12.3056640625,19.484901428222656,0.18183310329914093,383.6000061035156,6.164999961853027,3.5460000038146973,2031.699951171875,nan,nan,nan,65536.0,nan,nan,nan,65536.0,nan,nan,nan,65536.0
2026-09-10T23:58:00.000+08:00,311.8616943359375,9.171630859375,12.291748046875,18.858354568481445,0.18861667811870575,383.29998779296875,6.166999816894531,3.5409998893737793,2031.699951171875,nan,nan,nan,65536.0,nan,nan,nan,65536.0,nan,nan,nan,65536.0
2026-09-10T23:59:00.000+08:00,312.7684020996094,9.177902221679688,12.2431640625,19.126073837280273,0.18561048805713654,382.6000061035156,6.177999973297119,3.5380001068115234,2031.800048828125,nan,nan,nan,65536.0,nan,nan,nan,65536.0,nan,nan,nan,65536.0
