timestamp,門診大樓_AH_1_4冰水流量,門診大樓_AH_1_4溫度1,門診大樓_AH_1_4溫度2,門診大樓_AH_1_4冷凍頓,門診大樓_AH_1_4冰水效率,門診大樓_AH_1_4電壓平均,門診大樓_AH_1_4電流平均,門診大樓_AH_1_4輸出功率,門診大樓_AH_1_4輸出功率千瓦時,門診大樓_AH_1_4 EC_FAN直流電壓,門診大樓_AH_1_4 EC_FAN直流電流,門診大樓_AH_1_4 EC_FAN有效功率,門診大樓_AH_1_4 EC_FAN輸出功率千瓦時
2026-09-13T00:00:00.000+08:00,0.0,21.315704345703125,20.541748046875,0.0,nan,388.8000030517578,0.0,0.0,1263.4000244140625,nan,nan,nan,65536.0
2026-09-13T00:01:00.000+08:00,0.0,21.2719669342041,20.54150390625,0.0,nan,389.70001220703125,0.0,0.0,1263.4000244140625,nan,nan,nan,65536.0
2026-09-13T00:02:00.000+08:00,0.0,21.26381492614746,20.59716796875,0.0,nan,389.29998779296875,0.0,0.0,1263.4000244140625,nan,nan,nan,65536.0
2026-09-13T00:03:00.000+08:00,0.0,21.267980575561523,20.58349609375,0.0,nan,389.0,0.0,0.0,1263.4000244140625,nan,nan,nan,65536.0
2026-09-13T00:04:00.000+08:00,0.0,21.283296585083008,20.5419921875,0.0,nan,389.20001220703125,0.0,0.0,1263.4000244140625,nan,nan,nan,65536.0
2026-09-13T00:05:00.000+08:00,0.0,21.291290283203125,20.52783203125,0.0,nan,388.8999938964844,0.0,0.0,1263.4000244140625,nan,nan,nan,65536.0
2026-09-13T00:06:00.000+08:00,0.0,21.292570114135742,20.611328125,0.0,nan,389.29998779296875,0.0,0.0,1263.4000244140625,nan,nan,nan,65536.0
2026-09-13T00:07:00.000+08:00,0.0,21.28522300720215,20.59716796875,0.0,nan,389.5,0.0,0.0,1263.4000244140625,nan,nan,nan,65536.0
2026-09-13T00:08:00.000+08:00,0.0,21.317968368530273,20.54150390625,0.0,nan,389.3999938964844,0.0,0.0,1263.4000244140625,nan,nan,nan,65536.0
2026-09-13T00:09:00.000+08:00,0.0,21.29863739013672,20.5556640625,0.0,nan,389.3999938964844,0.0,0.0,1263.4000244140625,nan,nan,nan,65536.0
2026-09-13T00:10:00.000+08:00,0.0,21.29384422302246,20.5,0.0,nan,389.3999938964844,0.0,0.0,1263.4000244140625,nan,nan,nan,65536.0
2026-09-13T00:11:00.000+08:00,0.0,21.30374526977539,20.59716796875,0.0,nan,389.29998779296875,0.0,0.0,1263.4000244140625,nan,nan,nan,65536.0
2026-09-13T00:12:00.000+08:00,0.0,21.305828094482422,20.59716796875,0.0,nan,389.0,0.0,0.0,1263.4000244140625,nan,nan,nan,65536.0
2026-09-13T00:13:00.000+08:00,0.0,21.329145431518555,20.611328125,0.0,nan,389.0,0.0,0.0,1263.4000244140625,nan,nan,nan,65536.0
2026-09-13T00:14:00.000+08:00,0.0,21.312528610229492,20.5,0.0,nan,389.3999938964844,0.0,0.0,1263.4000244140625,nan,nan,nan,65536.0
2026-09-13T00:15:00.000+08:00,0.0,21.44887924194336,20.58349609375,0.0,nan,389.0,0.0,0.0,1263.4000244140625,nan,nan,nan,65536.0
2026-09-13T00:16:00.000+08:00,0.0,21.321168899536133,20.5,0.0,nan,389.29998779296875,0.0,0.0,1263.4000244140625,nan,nan,nan,65536.0
2026-09-13T00:17:00.000+08:00,0.0,21.309186935424805,20.54150390625,0.0,nan,389.0,0.0,0.0,1263.4000244140625,nan,nan,nan,65536.0
2026-09-13T00:18:00.000+08:00,0.0,21.32052230834961,20.52783203125,0.0,nan,389.1000061035156,0.0,0.0,1263.4000244140625,nan,nan,nan,65536.0
2026-09-13T00:19:00.000+08:00,0.0,21.4435977935791,20.59716796875,0.0,nan,389.8999938964844,0.0,0.0,1263.4000244140625,nan,nan,nan,65536.0
2026-09-13T00:20:00.000+08:00,0.0,21.46769905090332,20.59716796875,0.0,nan,389.6000061035156,0.0,0.0,1263.4000244140625,nan,nan,nan,65536.0
2026-09-13T00:21:00.000+08:00,0.0,21.462276458740234,20.54150390625,0.0,nan,389.5,0.0,0.0,1263.4000244140625,nan,nan,nan,65536.0
2026-09-13T00:22:00.000+08:00,0.0,21.45750617980957,20.5,0.0,nan,389.1000061035156,0.0,0.0,1263.4000244140625,nan,nan,nan,65536.0
2026-09-13T00:23:00.000+08:00,0.0,21.495515823364258,20.5556640625,0.0,nan,388.3999938964844,0.0,0.0,1263.4000244140625,nan,nan,nan,65536.0
2026-09-13T00:24:00.000+08:00,0.0,21.486087799072266,20.5556640625,0.0,nan,388.70001220703125,0.0,0.0,1263.4000244140625,nan,nan,nan,65536.0
2026-09-13T00:25:00.000+08:00,0.0,21.474750518798828,20.52783203125,0.0,nan,388.70001220703125,0.0,0.0,1263.4000244140625,nan,nan,nan,65536.0
2026-09-13T00:26:00.000+08:00,0.0,21.48066520690918,20.59716796875,0.0,nan,388.5,0.0,0.0,1263.4000244140625,nan,nan,nan,65536.0
2026-09-13T00:27:00.000+08:00,0.0,21.4814510345459,20.54150390625,0.0,nan,388.79998779296875,0.0,0.0,1263.4000244140625,nan,nan,nan,65536.0
2026-09-13T00:28:00.000+08:00,0.0,21.49871826171875,20.51416015625,0.0,nan,388.29998779296875,0.0,0.0,1263.4000244140625,nan,nan,nan,65536.0
2026-09-13T00:29:00.000+08:00,0.0,21.389686584472656,20.69482421875,0.0,nan,388.20001220703125,0.0,0.0,1263.4000244140625,nan,nan,nan,65536.0
2026-09-13T00:30:00.000+08:00,0.0,21.391122817993164,20.625,0.0,nan,388.8999938964844,0.0,0.0,1263.4000244140625,nan,nan,nan,65536.0
2026-09-13T00:31:00.000+08:00,0.0,21.390335083007812,20.6806640625,0.0,nan,388.5,0.0,0.0,1263.4000244140625,nan,nan,nan,65536.0
2026-09-13T00:32:00.000+08:00,0.0,21.409154891967773,20.6806640625,0.0,nan,388.0,0.0,0.0,1263.4000244140625,nan,nan,nan,65536.0
2026-09-13T00:33:00.000+08:00,0.0,21.399099349975586,20.6806640625,0.0,nan,389.20001220703125,0.0,0.0,1263.4000244140625,nan,nan,nan,65536.0
2026-09-13T00:34:00.000+08:00,0.0,21.398311614990234,20.63916015625,0.0,nan,388.79998779296875,0.0,0.0,1263.4000244140625,nan,nan,nan,65536.0
2026-09-13T00:35:00.000+08:00,0.0,21.41249656677246,20.625,0.0,nan,389.0,0.0,0.0,1263.4000244140625,nan,nan,nan,65536.0
2026-09-13T00:36:00.000+08:00,0.0,21.409666061401367,20.69482421875,0.0,nan,388.79998779296875,0.0,0.0,1263.4000244140625,nan,nan,nan,65536.0
2026-09-13T00:37:00.000+08:00,0.0,21.405658721923828,20.70849609375,0.0,nan,388.79998779296875,0.0,0.0,1263.4000244140625,nan,nan,nan,65536.0
2026-09-13T00:38:00.000+08:00,0.0,21.41970443725586,20.66650390625,0.0,nan,388.6000061035156,0.0,0.0,1263.4000244140625,nan,nan,nan,65536.0
2026-09-13T00:39:00.000+08:00,0.0,21.410293579101562,20.66650390625,0.0,nan,389.1000061035156,0.0,0.0,1263.4000244140625,nan,nan,nan,65536.0
2026-09-13T00:40:00.000+08:00,0.0,21.40294647216797,20.72216796875,0.0,nan,389.0,0.0,0.0,1263.4000244140625,nan,nan,nan,65536.0
2026-09-13T00:41:00.000+08:00,0.0,21.40245819091797,20.63916015625,0.0,nan,388.8999938964844,0.0,0.0,1263.4000244140625,nan,nan,nan,65536.0
2026-09-13T00:42:00.000+08:00,0.0,21.43027114868164,20.65283203125,0.0,nan,388.79998779296875,0.0,0.0,1263.4000244140625,nan,nan,nan,65536.0
2026-09-13T00:43:00.000+08:00,0.0,21.41970443725586,20.65283203125,0.0,nan,388.70001220703125,0.0,0.0,1263.4000244140625,nan,nan,nan,65536.0
2026-09-13T00:44:00.000+08:00,0.0,21.434907913208008,20.72216796875,0.0,nan,388.70001220703125,0.0,0.0,1263.4000244140625,nan,nan,nan,65536.0
2026-09-13T00:45:00.000+08:00,0.0,21.43889808654785,20.72216796875,0.0,nan,389.20001220703125,0.0,0.0,1263.4000244140625,nan,nan,nan,65536.0
2026-09-13T00:46:00.000+08:00,0.0,21.443021774291992,20.736328125,0.0,nan,388.5,0.0,0.0,1263.4000244140625,nan,nan,nan,65536.0
2026-09-13T00:47:00.000+08:00,0.0,21.435047149658203,20.72216796875,0.0,nan,388.70001220703125,0.0,0.0,1263.4000244140625,nan,nan,nan,65536.0
2026-09-13T00:48:00.000+08:00,0.0,21.563247680664062,20.72216796875,0.0,nan,389.1000061035156,0.0,0.0,1263.4000244140625,nan,nan,nan,65536.0
2026-09-13T00:49:00.000+08:00,0.0,21.561321258544922,20.70849609375,0.0,nan,389.0,0.0,0.0,1263.4000244140625,nan,nan,nan,65536.0
2026-09-13T00:50:00.000+08:00,0.0,21.603322982788086,20.625,0.0,nan,388.79998779296875,0.0,0.0,1263.4000244140625,nan,nan,nan,65536.0
2026-09-13T00:51:00.000+08:00,0.0,21.580005645751953,20.63916015625,0.0,nan,388.5,0.0,0.0,1263.4000244140625,nan,nan,nan,65536.0
2026-09-13T00:52:00.000+08:00,0.0,21.598037719726562,20.69482421875,0.0,nan,389.0,0.0,0.0,1263.4000244140625,nan,nan,nan,65536.0
2026-09-13T00:53:00.000+08:00,0.0,21.567882537841797,20.6806640625,0.0,nan,389.0,0.0,0.0,1263.4000244140625,nan,nan,nan,65536.0
2026-09-13T00:54:00.000+08:00,0.0,21.559261322021484,20.65283203125,0.0,nan,389.1000061035156,0.0,0.0,1263.4000244140625,nan,nan,nan,65536.0
2026-09-13T00:55:00.000+08:00,0.0,21.598546981811523,20.65283203125,0.0,nan,389.20001220703125,0.0,0.0,1263.4000244140625,nan,nan,nan,65536.0
2026-09-13T00:56:00.000+08:00,0.0,21.584503173828125,20.6806640625,0.0,nan,389.1000061035156,0.0,0.0,1263.4000244140625,nan,nan,nan,65536.0
2026-09-13T00:57:00.000+08:00,0.0,21.620704650878906,20.63916015625,0.0,nan,389.6000061035156,0.0,0.0,1263.4000244140625,nan,nan,nan,65536.0
2026-09-13T00:58:00.000+08:00,0.0,nan,nan,0.0,nan,nan,nan,nan,nan,nan,nan,nan,nan
2026-09-13T00:59:00.000+08:00,0.0,21.59159564971924,20.65283203125,0.0,nan,389.0500030517578,0.0,0.0,1263.4000244140625,nan,nan,nan,65536.0
2026-09-13T01:00:00.000+08:00,0.0,21.613889694213867,20.69482421875,0.0,nan,389.1000061035156,0.0,0.0,1263.4000244140625,nan,nan,nan,65536.0
2026-09-13T01:01:00.000+08:00,0.0,21.610532760620117,20.736328125,0.0,nan,389.29998779296875,0.0,0.0,1263.4000244140625,nan,nan,nan,65536.0
2026-09-13T01:02:00.000+08:00,0.0,21.504743576049805,20.84716796875,0.0,nan,389.3999938964844,0.0,0.0,1263.4000244140625,nan,nan,nan,65536.0
2026-09-13T01:03:00.000+08:00,0.0,21.623809814453125,20.66650390625,0.0,nan,389.29998779296875,0.0,0.0,1263.4000244140625,nan,nan,nan,65536.0
2026-09-13T01:04:00.000+08:00,0.0,21.500225067138672,20.81982421875,0.0,nan,389.3999938964844,0.0,0.0,1263.4000244140625,nan,nan,nan,65536.0
2026-09-13T01:05:00.000+08:00,0.0,21.613889694213867,20.69482421875,0.0,nan,389.3999938964844,0.0,0.0,1263.4000244140625,nan,nan,nan,65536.0
2026-09-13T01:06:00.000+08:00,0.0,21.623809814453125,20.625,0.0,nan,389.0,0.0,0.0,1263.4000244140625,nan,nan,nan,65536.0
2026-09-13T01:07:00.000+08:00,0.0,21.534208297729492,20.861328125,0.0,nan,389.29998779296875,0.0,0.0,1263.4000244140625,nan,nan,nan,65536.0
2026-09-13T01:08:00.000+08:00,0.0,21.514131546020508,20.77783203125,0.0,nan,389.29998779296875,0.0,0.0,1263.4000244140625,nan,nan,nan,65536.0
2026-09-13T01:09:00.000+08:00,0.0,21.52018165588379,20.81982421875,0.0,nan,389.20001220703125,0.0,0.0,1263.4000244140625,nan,nan,nan,65536.0
2026-09-13T01:10:00.000+08:00,0.0,21.522777557373047,20.75,0.0,nan,389.6000061035156,0.0,0.0,1263.4000244140625,nan,nan,nan,65536.0
2026-09-13T01:11:00.000+08:00,0.0,21.617877960205078,20.625,0.0,nan,389.29998779296875,0.0,0.0,1263.4000244140625,nan,nan,nan,65536.0
2026-09-13T01:12:00.000+08:00,0.0,21.5194149017334,20.77783203125,0.0,nan,388.79998779296875,0.0,0.0,1263.4000244140625,nan,nan,nan,65536.0
2026-09-13T01:13:00.000+08:00,0.0,21.512954711914062,20.77783203125,0.0,nan,389.0,0.0,0.0,1263.4000244140625,nan,nan,nan,65536.0
2026-09-13T01:14:00.000+08:00,0.0,21.536802291870117,20.81982421875,0.0,nan,389.29998779296875,0.0,0.0,1263.4000244140625,nan,nan,nan,65536.0
2026-09-13T01:15:00.000+08:00,0.0,21.54414939880371,20.83349609375,0.0,nan,389.0,0.0,0.0,1263.4000244140625,nan,nan,nan,65536.0
2026-09-13T01:16:00.000+08:00,0.0,21.531518936157227,20.84716796875,0.0,nan,388.79998779296875,0.0,0.0,1263.4000244140625,nan,nan,nan,65536.0
2026-09-13T01:17:00.000+08:00,0.0,21.56809425354004,20.77783203125,0.0,nan,388.70001220703125,0.0,0.0,1263.4000244140625,nan,nan,nan,65536.0
2026-09-13T01:18:00.000+08:00,0.0,21.531518936157227,20.79150390625,0.0,nan,389.0,0.0,0.0,1263.4000244140625,nan,nan,nan,65536.0
2026-09-13T01:19:00.000+08:00,0.0,21.550180435180664,20.76416015625,0.0,nan,388.70001220703125,0.0,0.0,1263.4000244140625,nan,nan,nan,65536.0
2026-09-13T01:20:00.000+08:00,0.0,21.568742752075195,20.861328125,0.0,nan,389.20001220703125,0.0,0.0,1263.4000244140625,nan,nan,nan,65536.0
2026-09-13T01:21:00.000+08:00,0.0,21.673786163330078,20.75,0.0,nan,389.1000061035156,0.0,0.0,1263.4000244140625,nan,nan,nan,65536.0
2026-09-13T01:22:00.000+08:00,0.0,21.568742752075195,20.861328125,0.0,nan,389.20001220703125,0.0,0.0,1263.4000244140625,nan,nan,nan,65536.0
2026-09-13T01:23:00.000+08:00,0.0,21.54414939880371,20.75,0.0,nan,389.3999938964844,0.0,0.0,1263.4000244140625,nan,nan,nan,65536.0
2026-09-13T01:24:00.000+08:00,0.0,21.683176040649414,20.83349609375,0.0,nan,389.20001220703125,0.0,0.0,1263.4000244140625,nan,nan,nan,65536.0
2026-09-13T01:25:00.000+08:00,0.0,21.696453094482422,20.83349609375,0.0,nan,389.29998779296875,0.0,0.0,1263.4000244140625,nan,nan,nan,65536.0
2026-09-13T01:26:00.000+08:00,0.0,21.709733963012695,20.76416015625,0.0,nan,389.29998779296875,0.0,0.0,1263.4000244140625,nan,nan,nan,65536.0
2026-09-13T01:27:00.000+08:00,0.0,21.695804595947266,20.83349609375,0.0,nan,389.6000061035156,0.0,0.0,1263.4000244140625,nan,nan,nan,65536.0
2026-09-13T01:28:00.000+08:00,0.0,21.7257022857666,20.83349609375,0.0,nan,389.5,0.0,0.0,1263.4000244140625,nan,nan,nan,65536.0
2026-09-13T01:29:00.000+08:00,0.0,21.70442771911621,20.861328125,0.0,nan,389.20001220703125,0.0,0.0,1263.4000244140625,nan,nan,nan,65536.0
2026-09-13T01:30:00.000+08:00,0.0,21.687063217163086,20.79150390625,0.0,nan,389.70001220703125,0.0,0.0,1263.4000244140625,nan,nan,nan,65536.0
2026-09-13T01:31:00.000+08:00,0.0,21.717159271240234,20.79150390625,0.0,nan,389.6000061035156,0.0,0.0,1263.4000244140625,nan,nan,nan,65536.0
2026-09-13T01:32:00.000+08:00,0.0,21.74112319946289,20.84716796875,0.0,nan,389.8999938964844,0.0,0.0,1263.4000244140625,nan,nan,nan,65536.0
2026-09-13T01:33:00.000+08:00,0.0,21.700441360473633,20.77783203125,0.0,nan,389.6000061035156,0.0,0.0,1263.4000244140625,nan,nan,nan,65536.0
2026-09-13T01:34:00.000+08:00,0.0,21.711030960083008,20.77783203125,0.0,nan,389.70001220703125,0.0,0.0,1263.4000244140625,nan,nan,nan,65536.0
2026-09-13T01:35:00.000+08:00,0.0,21.70442771911621,20.83349609375,0.0,nan,389.1000061035156,0.0,0.0,1263.4000244140625,nan,nan,nan,65536.0
2026-09-13T01:36:00.000+08:00,0.0,21.720399856567383,20.76416015625,0.0,nan,389.29998779296875,0.0,0.0,1263.4000244140625,nan,nan,nan,65536.0
2026-09-13T01:37:00.000+08:00,0.0,21.7451114654541,20.8056640625,0.0,nan,389.0,0.0,0.0,1263.4000244140625,nan,nan,nan,65536.0
2026-09-13T01:38:00.000+08:00,0.0,21.74306869506836,20.861328125,0.0,nan,389.0,0.0,0.0,1263.4000244140625,nan,nan,nan,65536.0
2026-09-13T01:39:00.000+08:00,0.0,21.73432731628418,20.8056640625,0.0,nan,389.1000061035156,0.0,0.0,1263.4000244140625,nan,nan,nan,65536.0
2026-09-13T01:40:00.000+08:00,0.0,21.73033905029297,20.81982421875,0.0,nan,389.5,0.0,0.0,1263.4000244140625,nan,nan,nan,65536.0
2026-09-13T01:41:00.000+08:00,0.0,21.74705696105957,20.8056640625,0.0,nan,389.20001220703125,0.0,0.0,1263.4000244140625,nan,nan,nan,65536.0
2026-09-13T01:42:00.000+08:00,0.0,21.729141235351562,20.84716796875,0.0,nan,389.20001220703125,0.0,0.0,1263.4000244140625,nan,nan,nan,65536.0
2026-09-13T01:43:00.000+08:00,0.0,21.737686157226562,20.77783203125,0.0,nan,389.6000061035156,0.0,0.0,1263.4000244140625,nan,nan,nan,65536.0
2026-09-13T01:44:00.000+08:00,0.0,21.64136505126953,20.875,0.0,nan,389.29998779296875,0.0,0.0,1263.4000244140625,nan,nan,nan,65536.0
2026-09-13T01:45:00.000+08:00,0.0,21.631349563598633,20.91650390625,0.0,nan,389.29998779296875,0.0,0.0,1263.4000244140625,nan,nan,nan,65536.0
2026-09-13T01:46:00.000+08:00,0.0,21.741024017333984,20.861328125,0.0,nan,389.5,0.0,0.0,1263.4000244140625,nan,nan,nan,65536.0
2026-09-13T01:47:00.000+08:00,0.0,21.665332794189453,20.95849609375,0.0,nan,389.70001220703125,0.0,0.0,1263.4000244140625,nan,nan,nan,65536.0
2026-09-13T01:48:00.000+08:00,0.0,21.743619918823242,20.79150390625,0.0,nan,389.70001220703125,0.0,0.0,1263.4000244140625,nan,nan,nan,65536.0
2026-09-13T01:49:00.000+08:00,0.0,21.643978118896484,20.986328125,0.0,nan,389.8999938964844,0.0,0.0,1263.4000244140625,nan,nan,nan,65536.0
2026-09-13T01:50:00.000+08:00,0.0,21.651227951049805,20.91650390625,0.0,nan,389.70001220703125,0.0,0.0,1263.4000244140625,nan,nan,nan,65536.0
2026-09-13T01:51:00.000+08:00,0.0,21.79496955871582,20.94482421875,0.0,nan,389.79998779296875,0.0,0.0,1263.4000244140625,nan,nan,nan,65536.0
2026-09-13T01:52:00.000+08:00,0.0,21.670536041259766,20.97216796875,0.0,nan,389.8999938964844,0.0,0.0,1263.4000244140625,nan,nan,nan,65536.0
2026-09-13T01:53:00.000+08:00,0.0,21.666549682617188,20.95849609375,0.0,nan,389.79998779296875,0.0,0.0,1263.4000244140625,nan,nan,nan,65536.0
2026-09-13T01:54:00.000+08:00,0.0,21.649911880493164,20.986328125,0.0,nan,389.8999938964844,0.0,0.0,1263.4000244140625,nan,nan,nan,65536.0
2026-09-13T01:55:00.000+08:00,0.0,21.66590118408203,20.95849609375,0.0,nan,390.20001220703125,0.0,0.0,1263.4000244140625,nan,nan,nan,65536.0
2026-09-13T01:56:00.000+08:00,0.0,21.639970779418945,20.91650390625,0.0,nan,390.0,0.0,0.0,1263.4000244140625,nan,nan,nan,65536.0
2026-09-13T01:57:00.000+08:00,0.0,nan,nan,0.0,nan,nan,nan,nan,nan,nan,nan,nan,nan
2026-09-13T01:58:00.000+08:00,0.0,21.803237915039062,20.90283203125,0.0,nan,389.90000915527344,0.0,0.0,1263.4000244140625,nan,nan,nan,65536.0
2026-09-13T01:59:00.000+08:00,0.0,21.806949615478516,20.97216796875,0.0,nan,389.3999938964844,0.0,0.0,1263.4000244140625,nan,nan,nan,65536.0
2026-09-13T02:00:00.000+08:00,0.0,21.813631057739258,20.9306640625,0.0,nan,389.79998779296875,0.0,0.0,1263.4000244140625,nan,nan,nan,65536.0
2026-09-13T02:01:00.000+08:00,0.0,21.818931579589844,20.875,0.0,nan,389.6000061035156,0.0,0.0,1263.4000244140625,nan,nan,nan,65536.0
2026-09-13T02:02:00.000+08:00,0.0,21.70793914794922,20.97216796875,0.0,nan,389.70001220703125,0.0,0.0,1263.4000244140625,nan,nan,nan,65536.0
2026-09-13T02:03:00.000+08:00,0.0,21.800270080566406,20.95849609375,0.0,nan,389.29998779296875,0.0,0.0,1263.4000244140625,nan,nan,nan,65536.0
2026-09-13T02:04:00.000+08:00,0.0,21.8149471282959,20.986328125,0.0,nan,390.0,0.0,0.0,1263.4000244140625,nan,nan,nan,65536.0
2026-09-13T02:05:00.000+08:00,0.0,21.826749801635742,20.986328125,0.0,nan,389.6000061035156,0.0,0.0,1263.4000244140625,nan,nan,nan,65536.0
2026-09-13T02:06:00.000+08:00,0.0,21.83694839477539,20.97216796875,0.0,nan,389.6000061035156,0.0,0.0,1263.4000244140625,nan,nan,nan,65536.0
2026-09-13T02:07:00.000+08:00,0.0,21.828874588012695,20.9306640625,0.0,nan,390.29998779296875,0.0,0.0,1263.4000244140625,nan,nan,nan,65536.0
2026-09-13T02:08:00.000+08:00,0.0,21.818286895751953,20.986328125,0.0,nan,389.6000061035156,0.0,0.0,1263.4000244140625,nan,nan,nan,65536.0
2026-09-13T02:09:00.000+08:00,0.0,21.823665618896484,20.91650390625,0.0,nan,390.1000061035156,0.0,0.0,1263.4000244140625,nan,nan,nan,65536.0
2026-09-13T02:10:00.000+08:00,0.0,21.835474014282227,20.90283203125,0.0,nan,390.29998779296875,0.0,0.0,1263.4000244140625,nan,nan,nan,65536.0
2026-09-13T02:11:00.000+08:00,0.0,21.820877075195312,20.986328125,0.0,nan,389.8999938964844,0.0,0.0,1263.4000244140625,nan,nan,nan,65536.0
2026-09-13T02:12:00.000+08:00,0.0,21.825532913208008,20.88916015625,0.0,nan,390.1000061035156,0.0,0.0,1263.4000244140625,nan,nan,nan,65536.0
2026-09-13T02:13:00.000+08:00,0.0,21.848909378051758,20.986328125,0.0,nan,389.79998779296875,0.0,0.0,1263.4000244140625,nan,nan,nan,65536.0
2026-09-13T02:14:00.000+08:00,0.0,21.84818458557129,20.88916015625,0.0,nan,389.8999938964844,0.0,0.0,1263.4000244140625,nan,nan,nan,65536.0
2026-09-13T02:15:00.000+08:00,0.0,21.860166549682617,20.90283203125,0.0,nan,390.3999938964844,0.0,0.0,1263.4000244140625,nan,nan,nan,65536.0
2026-09-13T02:16:00.000+08:00,0.0,21.840208053588867,20.91650390625,0.0,nan,390.20001220703125,0.0,0.0,1263.4000244140625,nan,nan,nan,65536.0
2026-09-13T02:17:00.000+08:00,0.0,21.85879135131836,20.986328125,0.0,nan,389.8999938964844,0.0,0.0,1263.4000244140625,nan,nan,nan,65536.0
2026-09-13T02:18:00.000+08:00,0.0,21.86423110961914,20.90283203125,0.0,nan,390.0,0.0,0.0,1263.4000244140625,nan,nan,nan,65536.0
2026-09-13T02:19:00.000+08:00,0.0,21.858850479125977,20.986328125,0.0,nan,390.0,0.0,0.0,1263.4000244140625,nan,nan,nan,65536.0
2026-09-13T02:20:00.000+08:00,0.0,21.759702682495117,21.04150390625,0.0,nan,390.79998779296875,0.0,0.0,1263.4000244140625,nan,nan,nan,65536.0
2026-09-13T02:21:00.000+08:00,0.0,21.764493942260742,21.111328125,0.0,nan,390.20001220703125,0.0,0.0,1263.4000244140625,nan,nan,nan,65536.0
2026-09-13T02:22:00.000+08:00,0.0,21.853565216064453,20.94482421875,0.0,nan,390.1000061035156,0.0,0.0,1263.4000244140625,nan,nan,nan,65536.0
2026-09-13T02:23:00.000+08:00,0.0,21.863506317138672,20.986328125,0.0,nan,390.1000061035156,0.0,0.0,1263.4000244140625,nan,nan,nan,65536.0
2026-09-13T02:24:00.000+08:00,0.0,21.861482620239258,20.97216796875,0.0,nan,390.1000061035156,0.0,0.0,1263.4000244140625,nan,nan,nan,65536.0
2026-09-13T02:25:00.000+08:00,0.0,21.752452850341797,21.09716796875,0.0,nan,390.3999938964844,0.0,0.0,1263.4000244140625,nan,nan,nan,65536.0
2026-09-13T02:26:00.000+08:00,0.0,21.756519317626953,21.01416015625,0.0,nan,390.0,0.0,0.0,1263.4000244140625,nan,nan,nan,65536.0
2026-09-13T02:27:00.000+08:00,0.0,21.754474639892578,21.09716796875,0.0,nan,390.20001220703125,0.0,0.0,1263.4000244140625,nan,nan,nan,65536.0
2026-09-13T02:28:00.000+08:00,0.0,21.873443603515625,20.986328125,0.0,nan,390.1000061035156,0.0,0.0,1263.4000244140625,nan,nan,nan,65536.0
2026-09-13T02:29:00.000+08:00,0.0,21.76042938232422,21.111328125,0.0,nan,389.8999938964844,0.0,0.0,1263.4000244140625,nan,nan,nan,65536.0
2026-09-13T02:30:00.000+08:00,0.0,21.752452850341797,21.0419921875,0.0,nan,390.29998779296875,0.0,0.0,1263.4000244140625,nan,nan,nan,65536.0
2026-09-13T02:31:00.000+08:00,0.0,21.761075973510742,21.01416015625,0.0,nan,390.20001220703125,0.0,0.0,1263.4000244140625,nan,nan,nan,65536.0
2026-09-13T02:32:00.000+08:00,0.0,21.771760940551758,21.01416015625,0.0,nan,390.0,0.0,0.0,1263.4000244140625,nan,nan,nan,65536.0
2026-09-13T02:33:00.000+08:00,0.0,21.93008041381836,21.0556640625,0.0,nan,390.0,0.0,0.0,1263.4000244140625,nan,nan,nan,65536.0
2026-09-13T02:34:00.000+08:00,0.0,21.87874984741211,20.9306640625,0.0,nan,390.20001220703125,0.0,0.0,1263.4000244140625,nan,nan,nan,65536.0
2026-09-13T02:35:00.000+08:00,0.0,21.90874481201172,21.111328125,0.0,nan,390.20001220703125,0.0,0.0,1263.4000244140625,nan,nan,nan,65536.0
2026-09-13T02:36:00.000+08:00,0.0,21.90212631225586,21.04150390625,0.0,nan,390.3999938964844,0.0,0.0,1263.4000244140625,nan,nan,nan,65536.0
2026-09-13T02:37:00.000+08:00,0.0,21.900102615356445,21.111328125,0.0,nan,390.5,0.0,0.0,1263.4000244140625,nan,nan,nan,65536.0
2026-09-13T02:38:00.000+08:00,0.0,21.914106369018555,21.00048828125,0.0,nan,390.3999938964844,0.0,0.0,1263.4000244140625,nan,nan,nan,65536.0
2026-09-13T02:39:00.000+08:00,0.0,21.89275550842285,21.06982421875,0.0,nan,390.29998779296875,0.0,0.0,1263.4000244140625,nan,nan,nan,65536.0
2026-09-13T02:40:00.000+08:00,0.0,21.791072845458984,21.04150390625,0.0,nan,390.5,0.0,0.0,1263.4000244140625,nan,nan,nan,65536.0
2026-09-13T02:41:00.000+08:00,0.0,21.918743133544922,21.08349609375,0.0,nan,390.5,0.0,0.0,1263.4000244140625,nan,nan,nan,65536.0
2026-09-13T02:42:00.000+08:00,0.0,21.959327697753906,21.09716796875,0.0,nan,390.5,0.0,0.0,1263.4000244140625,nan,nan,nan,65536.0
2026-09-13T02:43:00.000+08:00,0.0,21.9287052154541,21.01416015625,0.0,nan,390.29998779296875,0.0,0.0,1263.4000244140625,nan,nan,nan,65536.0
2026-09-13T02:44:00.000+08:00,0.0,21.917388916015625,21.04150390625,0.0,nan,390.0,0.0,0.0,1263.4000244140625,nan,nan,nan,65536.0
2026-09-13T02:45:00.000+08:00,0.0,21.929349899291992,21.0556640625,0.0,nan,390.3999938964844,0.0,0.0,1263.4000244140625,nan,nan,nan,65536.0
2026-09-13T02:46:00.000+08:00,0.0,21.942060470581055,21.06982421875,0.0,nan,390.29998779296875,0.0,0.0,1263.4000244140625,nan,nan,nan,65536.0
2026-09-13T02:47:00.000+08:00,0.0,21.934734344482422,21.02783203125,0.0,nan,390.29998779296875,0.0,0.0,1263.4000244140625,nan,nan,nan,65536.0
2026-09-13T02:48:00.000+08:00,0.0,21.948719024658203,21.09716796875,0.0,nan,390.79998779296875,0.0,0.0,1263.4000244140625,nan,nan,nan,65536.0
2026-09-13T02:49:00.000+08:00,0.0,21.957365036010742,21.0,0.0,nan,390.29998779296875,0.0,0.0,1263.4000244140625,nan,nan,nan,65536.0
2026-09-13T02:50:00.000+08:00,0.0,21.931396484375,21.0,0.0,nan,390.1000061035156,0.0,0.0,1263.4000244140625,nan,nan,nan,65536.0
2026-09-13T02:51:00.000+08:00,0.0,21.909393310546875,21.0556640625,0.0,nan,390.79998779296875,0.0,0.0,1263.4000244140625,nan,nan,nan,65536.0
2026-09-13T02:52:00.000+08:00,0.0,21.956066131591797,21.01416015625,0.0,nan,390.3999938964844,0.0,0.0,1263.4000244140625,nan,nan,nan,65536.0
2026-09-13T02:53:00.000+08:00,0.0,21.96266746520996,21.01416015625,0.0,nan,390.6000061035156,0.0,0.0,1263.4000244140625,nan,nan,nan,65536.0
2026-09-13T02:54:00.000+08:00,0.0,21.923341751098633,21.04150390625,0.0,nan,390.79998779296875,0.0,0.0,1263.4000244140625,nan,nan,nan,65536.0
2026-09-13T02:55:00.000+08:00,0.0,21.952001571655273,21.111328125,0.0,nan,390.6000061035156,0.0,0.0,1263.4000244140625,nan,nan,nan,65536.0
2026-09-13T02:56:00.000+08:00,0.0,nan,nan,0.0,nan,nan,nan,nan,nan,nan,nan,nan,nan
2026-09-13T02:57:00.000+08:00,0.0,21.966960906982422,21.02783203125,0.0,nan,390.3500061035156,0.0,0.0,1263.4000244140625,nan,nan,nan,65536.0
2026-09-13T02:58:00.000+08:00,0.0,21.96600914001465,21.06982421875,0.0,nan,390.20001220703125,0.0,0.0,1263.4000244140625,nan,nan,nan,65536.0
2026-09-13T02:59:00.000+08:00,0.0,21.932043075561523,21.111328125,0.0,nan,390.6000061035156,0.0,0.0,1263.4000244140625,nan,nan,nan,65536.0
2026-09-13T03:00:00.000+08:00,0.0,21.94598960876465,21.01416015625,0.0,nan,390.8999938964844,0.0,0.0,1263.4000244140625,nan,nan,nan,65536.0
2026-09-13T03:01:00.000+08:00,0.0,21.983295440673828,21.02783203125,0.0,nan,391.0,0.0,0.0,1263.4000244140625,nan,nan,nan,65536.0
2026-09-13T03:02:00.000+08:00,0.0,21.956008911132812,21.0,0.0,nan,390.6000061035156,0.0,0.0,1263.4000244140625,nan,nan,nan,65536.0
2026-09-13T03:03:00.000+08:00,0.0,21.971921920776367,21.09716796875,0.0,nan,390.8999938964844,0.0,0.0,1263.4000244140625,nan,nan,nan,65536.0
2026-09-13T03:04:00.000+08:00,0.0,21.97066307067871,21.06982421875,0.0,nan,390.6000061035156,0.0,0.0,1263.4000244140625,nan,nan,nan,65536.0
2026-09-13T03:05:00.000+08:00,0.0,21.878253936767578,21.20849609375,0.0,nan,390.79998779296875,0.0,0.0,1263.4000244140625,nan,nan,nan,65536.0
2026-09-13T03:06:00.000+08:00,0.0,21.981979370117188,21.111328125,0.0,nan,390.5,0.0,0.0,1263.4000244140625,nan,nan,nan,65536.0
2026-09-13T03:07:00.000+08:00,0.0,21.98930549621582,21.08349609375,0.0,nan,390.70001220703125,0.0,0.0,1263.4000244140625,nan,nan,nan,65536.0
2026-09-13T03:08:00.000+08:00,0.0,21.972566604614258,21.111328125,0.0,nan,390.70001220703125,0.0,0.0,1263.4000244140625,nan,nan,nan,65536.0
2026-09-13T03:09:00.000+08:00,0.0,21.995925903320312,21.08349609375,0.0,nan,390.5,0.0,0.0,1263.4000244140625,nan,nan,nan,65536.0
2026-09-13T03:10:00.000+08:00,0.0,21.997947692871094,21.02783203125,0.0,nan,390.29998779296875,0.0,0.0,1263.4000244140625,nan,nan,nan,65536.0
2026-09-13T03:11:00.000+08:00,0.0,21.98264503479004,21.111328125,0.0,nan,390.3999938964844,0.0,0.0,1263.4000244140625,nan,nan,nan,65536.0
2026-09-13T03:12:00.000+08:00,0.0,21.9919376373291,21.01416015625,0.0,nan,390.6000061035156,0.0,0.0,1263.4000244140625,nan,nan,nan,65536.0
2026-09-13T03:13:00.000+08:00,0.0,21.892866134643555,21.22216796875,0.0,nan,390.8999938964844,0.0,0.0,1263.4000244140625,nan,nan,nan,65536.0
2026-09-13T03:14:00.000+08:00,0.0,21.985963821411133,21.111328125,0.0,nan,391.0,0.0,0.0,1263.4000244140625,nan,nan,nan,65536.0
2026-09-13T03:15:00.000+08:00,0.0,21.88559913635254,21.1806640625,0.0,nan,390.5,0.0,0.0,1263.4000244140625,nan,nan,nan,65536.0
2026-09-13T03:16:00.000+08:00,0.0,22.01059913635254,21.20849609375,0.0,nan,390.8999938964844,0.0,0.0,1263.4000244140625,nan,nan,nan,65536.0
2026-09-13T03:17:00.000+08:00,0.0,21.988595962524414,21.04150390625,0.0,nan,390.6000061035156,0.0,0.0,1263.4000244140625,nan,nan,nan,65536.0
2026-09-13T03:18:00.000+08:00,0.0,22.114913940429688,21.0,0.0,nan,390.8999938964844,0.0,0.0,1263.4000244140625,nan,nan,nan,65536.0
2026-09-13T03:19:00.000+08:00,0.0,22.1169376373291,21.0419921875,0.0,nan,391.0,0.0,0.0,1263.4000244140625,nan,nan,nan,65536.0
2026-09-13T03:20:00.000+08:00,0.0,22.011247634887695,21.16650390625,0.0,nan,391.1000061035156,0.0,0.0,1263.4000244140625,nan,nan,nan,65536.0
2026-09-13T03:21:00.000+08:00,0.0,22.1189022064209,21.0,0.0,nan,391.1000061035156,0.0,0.0,1263.4000244140625,nan,nan,nan,65536.0
2026-09-13T03:22:00.000+08:00,0.0,22.02124786376953,21.15283203125,0.0,nan,391.0,0.0,0.0,1263.4000244140625,nan,nan,nan,65536.0
2026-09-13T03:23:00.000+08:00,0.0,22.015195846557617,21.20849609375,0.0,nan,391.1000061035156,0.0,0.0,1263.4000244140625,nan,nan,nan,65536.0
2026-09-13T03:24:00.000+08:00,0.0,22.02120590209961,21.22216796875,0.0,nan,391.0,0.0,0.0,1263.4000244140625,nan,nan,nan,65536.0
2026-09-13T03:25:00.000+08:00,0.0,22.02589988708496,21.1806640625,0.0,nan,390.79998779296875,0.0,0.0,1263.4000244140625,nan,nan,nan,65536.0
2026-09-13T03:26:00.000+08:00,0.0,22.01988983154297,21.1806640625,0.0,nan,390.8999938964844,0.0,0.0,1263.4000244140625,nan,nan,nan,65536.0
2026-09-13T03:27:00.000+08:00,0.0,22.0272159576416,21.22216796875,0.0,nan,390.79998779296875,0.0,0.0,1263.4000244140625,nan,nan,nan,65536.0
2026-09-13T03:28:00.000+08:00,0.0,22.02589988708496,21.15283203125,0.0,nan,390.79998779296875,0.0,0.0,1263.4000244140625,nan,nan,nan,65536.0
2026-09-13T03:29:00.000+08:00,0.0,22.037216186523438,21.125,0.0,nan,390.79998779296875,0.0,0.0,1263.4000244140625,nan,nan,nan,65536.0
2026-09-13T03:30:00.000+08:00,0.0,22.008575439453125,21.16650390625,0.0,nan,391.0,0.0,0.0,1263.4000244140625,nan,nan,nan,65536.0
2026-09-13T03:31:00.000+08:00,0.0,22.051870346069336,21.1806640625,0.0,nan,390.8999938964844,0.0,0.0,1263.4000244140625,nan,nan,nan,65536.0
2026-09-13T03:32:00.000+08:00,0.0,22.03984832763672,21.125,0.0,nan,391.0,0.0,0.0,1263.4000244140625,nan,nan,nan,65536.0
2026-09-13T03:33:00.000+08:00,0.0,22.070453643798828,21.125,0.0,nan,390.8999938964844,0.0,0.0,1263.4000244140625,nan,nan,nan,65536.0
2026-09-13T03:34:00.000+08:00,0.0,22.0557804107666,21.19482421875,0.0,nan,391.0,0.0,0.0,1263.4000244140625,nan,nan,nan,65536.0
2026-09-13T03:35:00.000+08:00,0.0,22.04116439819336,21.19482421875,0.0,nan,390.6000061035156,0.0,0.0,1263.4000244140625,nan,nan,nan,65536.0
2026-09-13T03:36:00.000+08:00,0.0,22.061792373657227,21.236328125,0.0,nan,390.8999938964844,0.0,0.0,1263.4000244140625,nan,nan,nan,65536.0
2026-09-13T03:37:00.000+08:00,0.0,22.04517364501953,21.236328125,0.0,nan,391.1000061035156,0.0,0.0,1263.4000244140625,nan,nan,nan,65536.0
2026-09-13T03:38:00.000+08:00,0.0,22.052459716796875,21.15283203125,0.0,nan,391.1000061035156,0.0,0.0,1263.4000244140625,nan,nan,nan,65536.0
2026-09-13T03:39:00.000+08:00,0.0,22.053186416625977,21.22216796875,0.0,nan,391.1000061035156,0.0,0.0,1263.4000244140625,nan,nan,nan,65536.0
2026-09-13T03:40:00.000+08:00,0.0,22.059825897216797,21.22216796875,0.0,nan,390.8999938964844,0.0,0.0,1263.4000244140625,nan,nan,nan,65536.0
2026-09-13T03:41:00.000+08:00,0.0,22.058509826660156,21.19482421875,0.0,nan,391.1000061035156,0.0,0.0,1263.4000244140625,nan,nan,nan,65536.0
2026-09-13T03:42:00.000+08:00,0.0,22.09172821044922,21.16650390625,0.0,nan,391.6000061035156,0.0,0.0,1263.4000244140625,nan,nan,nan,65536.0
2026-09-13T03:43:00.000+08:00,0.0,22.043188095092773,21.1806640625,0.0,nan,391.1000061035156,0.0,0.0,1263.4000244140625,nan,nan,nan,65536.0
2026-09-13T03:44:00.000+08:00,0.0,22.065837860107422,21.22216796875,0.0,nan,391.29998779296875,0.0,0.0,1263.4000244140625,nan,nan,nan,65536.0
2026-09-13T03:45:00.000+08:00,0.0,22.049808502197266,21.22216796875,0.0,nan,391.29998779296875,0.0,0.0,1263.4000244140625,nan,nan,nan,65536.0
2026-09-13T03:46:00.000+08:00,0.0,22.06182861328125,21.15283203125,0.0,nan,391.20001220703125,0.0,0.0,1263.4000244140625,nan,nan,nan,65536.0
2026-09-13T03:47:00.000+08:00,0.0,22.064481735229492,21.19482421875,0.0,nan,391.20001220703125,0.0,0.0,1263.4000244140625,nan,nan,nan,65536.0
2026-09-13T03:48:00.000+08:00,0.0,22.051183700561523,21.1806640625,0.0,nan,391.20001220703125,0.0,0.0,1263.4000244140625,nan,nan,nan,65536.0
2026-09-13T03:49:00.000+08:00,0.0,22.08316421508789,21.15283203125,0.0,nan,391.1000061035156,0.0,0.0,1263.4000244140625,nan,nan,nan,65536.0
2026-09-13T03:50:00.000+08:00,0.0,22.076446533203125,21.20849609375,0.0,nan,391.20001220703125,0.0,0.0,1263.4000244140625,nan,nan,nan,65536.0
2026-09-13T03:51:00.000+08:00,0.0,22.067113876342773,21.16650390625,0.0,nan,391.0,0.0,0.0,1263.4000244140625,nan,nan,nan,65536.0
2026-09-13T03:52:00.000+08:00,0.0,22.090452194213867,21.125,0.0,nan,391.1000061035156,0.0,0.0,1263.4000244140625,nan,nan,nan,65536.0
2026-09-13T03:53:00.000+08:00,0.0,22.076446533203125,21.16650390625,0.0,nan,391.20001220703125,0.0,0.0,1263.4000244140625,nan,nan,nan,65536.0
2026-09-13T03:54:00.000+08:00,0.0,nan,nan,0.0,nan,nan,nan,nan,nan,nan,nan,nan,nan
2026-09-13T03:55:00.000+08:00,0.0,22.08944034576416,21.1875,0.0,nan,391.09999084472656,0.0,0.0,1263.4000244140625,nan,nan,nan,65536.0
2026-09-13T03:56:00.000+08:00,0.0,22.081769943237305,21.1806640625,0.0,nan,391.1000061035156,0.0,0.0,1263.4000244140625,nan,nan,nan,65536.0
2026-09-13T03:57:00.000+08:00,0.0,22.060434341430664,21.13916015625,0.0,nan,391.20001220703125,0.0,0.0,1263.4000244140625,nan,nan,nan,65536.0
2026-09-13T03:58:00.000+08:00,0.0,22.075130462646484,21.20849609375,0.0,nan,391.0,0.0,0.0,1263.4000244140625,nan,nan,nan,65536.0
2026-09-13T03:59:00.000+08:00,0.0,22.115694046020508,21.15283203125,0.0,nan,390.8999938964844,0.0,0.0,1263.4000244140625,nan,nan,nan,65536.0
2026-09-13T04:00:00.000+08:00,0.0,22.080453872680664,21.20849609375,0.0,nan,390.3999938964844,0.0,0.0,1263.4000244140625,nan,nan,nan,65536.0
2026-09-13T04:01:00.000+08:00,0.0,22.234743118286133,21.20849609375,0.0,nan,390.20001220703125,0.0,0.0,1263.4000244140625,nan,nan,nan,65536.0
2026-09-13T04:02:00.000+08:00,0.0,22.119722366333008,21.22265625,0.0,nan,390.79998779296875,0.0,0.0,1263.4000244140625,nan,nan,nan,65536.0
2026-09-13T04:03:00.000+08:00,0.0,22.240066528320312,21.20849609375,0.0,nan,391.0,0.0,0.0,1263.4000244140625,nan,nan,nan,65536.0
2026-09-13T04:04:00.000+08:00,0.0,22.218772888183594,21.22216796875,0.0,nan,390.6000061035156,0.0,0.0,1263.4000244140625,nan,nan,nan,65536.0
2026-09-13T04:05:00.000+08:00,0.0,22.234094619750977,21.236328125,0.0,nan,391.1000061035156,0.0,0.0,1263.4000244140625,nan,nan,nan,65536.0
2026-09-13T04:06:00.000+08:00,0.0,22.239377975463867,21.16650390625,0.0,nan,390.20001220703125,0.0,0.0,1263.4000244140625,nan,nan,nan,65536.0
2026-09-13T04:07:00.000+08:00,0.0,22.22603988647461,21.1806640625,0.0,nan,391.1000061035156,0.0,0.0,1263.4000244140625,nan,nan,nan,65536.0
2026-09-13T04:08:00.000+08:00,0.0,22.230066299438477,21.13916015625,0.0,nan,390.8999938964844,0.0,0.0,1263.4000244140625,nan,nan,nan,65536.0
2026-09-13T04:09:00.000+08:00,0.0,22.20610237121582,21.20849609375,0.0,nan,390.79998779296875,0.0,0.0,1263.4000244140625,nan,nan,nan,65536.0
2026-09-13T04:10:00.000+08:00,0.0,22.235410690307617,21.13916015625,0.0,nan,391.1000061035156,0.0,0.0,1263.4000244140625,nan,nan,nan,65536.0
2026-09-13T04:11:00.000+08:00,0.0,22.240066528320312,21.19482421875,0.0,nan,391.0,0.0,0.0,1263.4000244140625,nan,nan,nan,65536.0
2026-09-13T04:12:00.000+08:00,0.0,22.234094619750977,21.22216796875,0.0,nan,390.70001220703125,0.0,0.0,1263.4000244140625,nan,nan,nan,65536.0
2026-09-13T04:13:00.000+08:00,0.0,22.235410690307617,21.20849609375,0.0,nan,391.0,0.0,0.0,1263.4000244140625,nan,nan,nan,65536.0
2026-09-13T04:14:00.000+08:00,0.0,22.13370704650879,21.26416015625,0.0,nan,390.5,0.0,0.0,1263.4000244140625,nan,nan,nan,65536.0
2026-09-13T04:15:00.000+08:00,0.0,22.2467041015625,21.19482421875,0.0,nan,391.1000061035156,0.0,0.0,1263.4000244140625,nan,nan,nan,65536.0
2026-09-13T04:16:00.000+08:00,0.0,22.242048263549805,21.13916015625,0.0,nan,390.79998779296875,0.0,0.0,1263.4000244140625,nan,nan,nan,65536.0
2026-09-13T04:17:00.000+08:00,0.0,22.24672508239746,21.16650390625,0.0,nan,391.29998779296875,0.0,0.0,1263.4000244140625,nan,nan,nan,65536.0
2026-09-13T04:18:00.000+08:00,0.0,22.12967872619629,21.26416015625,0.0,nan,390.8999938964844,0.0,0.0,1263.4000244140625,nan,nan,nan,65536.0
2026-09-13T04:19:00.000+08:00,0.0,22.145002365112305,21.31982421875,0.0,nan,391.0,0.0,0.0,1263.4000244140625,nan,nan,nan,65536.0
2026-09-13T04:20:00.000+08:00,0.0,22.146318435668945,21.34716796875,0.0,nan,391.0,0.0,0.0,1263.4000244140625,nan,nan,nan,65536.0
2026-09-13T04:21:00.000+08:00,0.0,22.146318435668945,21.361328125,0.0,nan,391.3999938964844,0.0,0.0,1263.4000244140625,nan,nan,nan,65536.0
2026-09-13T04:22:00.000+08:00,0.0,22.132999420166016,21.2919921875,0.0,nan,390.70001220703125,0.0,0.0,1263.4000244140625,nan,nan,nan,65536.0
2026-09-13T04:23:00.000+08:00,0.0,22.135692596435547,21.26416015625,0.0,nan,390.79998779296875,0.0,0.0,1263.4000244140625,nan,nan,nan,65536.0
2026-09-13T04:24:00.000+08:00,0.0,22.243364334106445,21.27783203125,0.0,nan,390.5,0.0,0.0,1263.4000244140625,nan,nan,nan,65536.0
2026-09-13T04:25:00.000+08:00,0.0,22.134376525878906,21.33349609375,0.0,nan,390.79998779296875,0.0,0.0,1263.4000244140625,nan,nan,nan,65536.0
2026-09-13T04:26:00.000+08:00,0.0,22.146318435668945,21.361328125,0.0,nan,390.5,0.0,0.0,1263.4000244140625,nan,nan,nan,65536.0
2026-09-13T04:27:00.000+08:00,0.0,22.15631675720215,21.29150390625,0.0,nan,390.70001220703125,0.0,0.0,1263.4000244140625,nan,nan,nan,65536.0
2026-09-13T04:28:00.000+08:00,0.0,22.147674560546875,21.25048828125,0.0,nan,390.79998779296875,0.0,0.0,1263.4000244140625,nan,nan,nan,65536.0
2026-09-13T04:29:00.000+08:00,0.0,22.138362884521484,21.26416015625,0.0,nan,390.6000061035156,0.0,0.0,1263.4000244140625,nan,nan,nan,65536.0
2026-09-13T04:30:00.000+08:00,0.0,22.151681900024414,21.26416015625,0.0,nan,390.70001220703125,0.0,0.0,1263.4000244140625,nan,nan,nan,65536.0
2026-09-13T04:31:00.000+08:00,0.0,22.142351150512695,21.33349609375,0.0,nan,390.8999938964844,0.0,0.0,1263.4000244140625,nan,nan,nan,65536.0
2026-09-13T04:32:00.000+08:00,0.0,22.174959182739258,21.361328125,0.0,nan,391.0,0.0,0.0,1263.4000244140625,nan,nan,nan,65536.0
2026-09-13T04:33:00.000+08:00,0.0,22.152976989746094,21.3056640625,0.0,nan,391.0,0.0,0.0,1263.4000244140625,nan,nan,nan,65536.0
2026-09-13T04:34:00.000+08:00,0.0,22.13500213623047,21.2919921875,0.0,nan,391.0,0.0,0.0,1263.4000244140625,nan,nan,nan,65536.0
2026-09-13T04:35:00.000+08:00,0.0,22.150327682495117,21.3056640625,0.0,nan,390.79998779296875,0.0,0.0,1263.4000244140625,nan,nan,nan,65536.0
2026-09-13T04:36:00.000+08:00,0.0,22.164962768554688,21.34716796875,0.0,nan,390.8999938964844,0.0,0.0,1263.4000244140625,nan,nan,nan,65536.0
2026-09-13T04:37:00.000+08:00,0.0,22.155651092529297,21.3056640625,0.0,nan,391.1000061035156,0.0,0.0,1263.4000244140625,nan,nan,nan,65536.0
2026-09-13T04:38:00.000+08:00,0.0,22.18495750427246,21.361328125,0.0,nan,390.79998779296875,0.0,0.0,1263.4000244140625,nan,nan,nan,65536.0
2026-09-13T04:39:00.000+08:00,0.0,22.152976989746094,21.29150390625,0.0,nan,391.0,0.0,0.0,1263.4000244140625,nan,nan,nan,65536.0
2026-09-13T04:40:00.000+08:00,0.0,22.14034652709961,21.361328125,0.0,nan,390.6000061035156,0.0,0.0,1263.4000244140625,nan,nan,nan,65536.0
2026-09-13T04:41:00.000+08:00,0.0,22.165630340576172,21.2919921875,0.0,nan,390.79998779296875,0.0,0.0,1263.4000244140625,nan,nan,nan,65536.0
2026-09-13T04:42:00.000+08:00,0.0,22.152976989746094,21.25,0.0,nan,390.79998779296875,0.0,0.0,1263.4000244140625,nan,nan,nan,65536.0
2026-09-13T04:43:00.000+08:00,0.0,22.174959182739258,21.34716796875,0.0,nan,391.0,0.0,0.0,1263.4000244140625,nan,nan,nan,65536.0
2026-09-13T04:44:00.000+08:00,0.0,22.176944732666016,21.361328125,0.0,nan,391.29998779296875,0.0,0.0,1263.4000244140625,nan,nan,nan,65536.0
2026-09-13T04:45:00.000+08:00,0.0,22.148990631103516,21.34716796875,0.0,nan,390.6000061035156,0.0,0.0,1263.4000244140625,nan,nan,nan,65536.0
2026-09-13T04:46:00.000+08:00,0.0,22.33190155029297,21.2919921875,0.0,nan,390.8999938964844,0.0,0.0,1263.4000244140625,nan,nan,nan,65536.0
2026-09-13T04:47:00.000+08:00,0.0,22.172954559326172,21.33349609375,0.0,nan,391.20001220703125,0.0,0.0,1263.4000244140625,nan,nan,nan,65536.0
2026-09-13T04:48:00.000+08:00,0.0,22.17095184326172,21.31982421875,0.0,nan,390.8999938964844,0.0,0.0,1263.4000244140625,nan,nan,nan,65536.0
2026-09-13T04:49:00.000+08:00,0.0,22.18160057067871,21.27783203125,0.0,nan,390.79998779296875,0.0,0.0,1263.4000244140625,nan,nan,nan,65536.0
2026-09-13T04:50:00.000+08:00,0.0,22.175628662109375,21.34716796875,0.0,nan,390.3999938964844,0.0,0.0,1263.4000244140625,nan,nan,nan,65536.0
2026-09-13T04:51:00.000+08:00,0.0,22.164962768554688,21.361328125,0.0,nan,390.6000061035156,0.0,0.0,1263.4000244140625,nan,nan,nan,65536.0
2026-09-13T04:52:00.000+08:00,0.0,22.32657814025879,21.33349609375,0.0,nan,390.3999938964844,0.0,0.0,1263.4000244140625,nan,nan,nan,65536.0
2026-09-13T04:53:00.000+08:00,0.0,nan,nan,0.0,nan,nan,nan,nan,nan,nan,nan,nan,nan
2026-09-13T04:54:00.000+08:00,0.0,22.32792377471924,21.3193359375,0.0,nan,390.5500030517578,0.0,0.0,1263.4000244140625,nan,nan,nan,65536.0
2026-09-13T04:55:00.000+08:00,0.0,22.312610626220703,21.33349609375,0.0,nan,390.5,0.0,0.0,1263.4000244140625,nan,nan,nan,65536.0
2026-09-13T04:56:00.000+08:00,0.0,22.202224731445312,21.27783203125,0.0,nan,390.1000061035156,0.0,0.0,1263.4000244140625,nan,nan,nan,65536.0
2026-09-13T04:57:00.000+08:00,0.0,22.335241317749023,21.27783203125,0.0,nan,390.70001220703125,0.0,0.0,1263.4000244140625,nan,nan,nan,65536.0
2026-09-13T04:58:00.000+08:00,0.0,22.32789421081543,21.29150390625,0.0,nan,390.70001220703125,0.0,0.0,1263.4000244140625,nan,nan,nan,65536.0
2026-09-13T04:59:00.000+08:00,0.0,22.335887908935547,21.361328125,0.0,nan,390.6000061035156,0.0,0.0,1263.4000244140625,nan,nan,nan,65536.0
2026-09-13T05:00:00.000+08:00,0.0,22.341880798339844,21.27783203125,0.0,nan,390.20001220703125,0.0,0.0,1263.4000244140625,nan,nan,nan,65536.0
2026-09-13T05:01:00.000+08:00,0.0,22.321922302246094,21.29150390625,0.0,nan,391.0,0.0,0.0,1263.4000244140625,nan,nan,nan,65536.0
2026-09-13T05:02:00.000+08:00,0.0,22.349876403808594,21.25,0.0,nan,391.5,0.0,0.0,1263.4000244140625,nan,nan,nan,65536.0
2026-09-13T05:03:00.000+08:00,0.0,22.34121322631836,21.34716796875,0.0,nan,391.5,0.0,0.0,1263.4000244140625,nan,nan,nan,65536.0
2026-09-13T05:04:00.000+08:00,0.0,22.329227447509766,21.3056640625,0.0,nan,391.1000061035156,0.0,0.0,1263.4000244140625,nan,nan,nan,65536.0
2026-09-13T05:05:00.000+08:00,0.0,22.304615020751953,21.361328125,0.0,nan,390.6000061035156,0.0,0.0,1263.4000244140625,nan,nan,nan,65536.0
2026-09-13T05:06:00.000+08:00,0.0,22.340543746948242,21.3056640625,0.0,nan,390.3999938964844,0.0,0.0,1263.4000244140625,nan,nan,nan,65536.0
2026-09-13T05:07:00.000+08:00,0.0,22.333904266357422,21.33349609375,0.0,nan,391.0,0.0,0.0,1263.4000244140625,nan,nan,nan,65536.0
2026-09-13T05:08:00.000+08:00,0.0,22.32524299621582,21.31982421875,0.0,nan,390.8999938964844,0.0,0.0,1263.4000244140625,nan,nan,nan,65536.0
2026-09-13T05:09:00.000+08:00,0.0,22.34121322631836,21.361328125,0.0,nan,391.0,0.0,0.0,1263.4000244140625,nan,nan,nan,65536.0
2026-09-13T05:10:00.000+08:00,0.0,22.367849349975586,21.361328125,0.0,nan,391.1000061035156,0.0,0.0,1263.4000244140625,nan,nan,nan,65536.0
2026-09-13T05:11:00.000+08:00,0.0,22.35918617248535,21.33349609375,0.0,nan,390.79998779296875,0.0,0.0,1263.4000244140625,nan,nan,nan,65536.0
2026-09-13T05:12:00.000+08:00,0.0,22.374488830566406,21.25,0.0,nan,391.0,0.0,0.0,1263.4000244140625,nan,nan,nan,65536.0
2026-09-13T05:13:00.000+08:00,0.0,22.36717987060547,21.25,0.0,nan,391.0,0.0,0.0,1263.4000244140625,nan,nan,nan,65536.0
2026-09-13T05:14:00.000+08:00,0.0,22.335887908935547,21.29150390625,0.0,nan,391.1000061035156,0.0,0.0,1263.4000244140625,nan,nan,nan,65536.0
2026-09-13T05:15:00.000+08:00,0.0,22.350542068481445,21.27783203125,0.0,nan,391.1000061035156,0.0,0.0,1263.4000244140625,nan,nan,nan,65536.0
2026-09-13T05:16:00.000+08:00,0.0,22.371835708618164,21.33349609375,0.0,nan,391.3999938964844,0.0,0.0,1263.4000244140625,nan,nan,nan,65536.0
2026-09-13T05:17:00.000+08:00,0.0,22.35453224182129,21.361328125,0.0,nan,391.20001220703125,0.0,0.0,1263.4000244140625,nan,nan,nan,65536.0
2026-09-13T05:18:00.000+08:00,0.0,22.36717987060547,21.29150390625,0.0,nan,391.20001220703125,0.0,0.0,1263.4000244140625,nan,nan,nan,65536.0
2026-09-13T05:19:00.000+08:00,0.0,22.334552764892578,21.34716796875,0.0,nan,391.20001220703125,0.0,0.0,1263.4000244140625,nan,nan,nan,65536.0
2026-09-13T05:20:00.000+08:00,0.0,22.336557388305664,21.3056640625,0.0,nan,391.1000061035156,0.0,0.0,1263.4000244140625,nan,nan,nan,65536.0
2026-09-13T05:21:00.000+08:00,0.0,22.367849349975586,21.31982421875,0.0,nan,390.79998779296875,0.0,0.0,1263.4000244140625,nan,nan,nan,65536.0
2026-09-13T05:22:00.000+08:00,0.0,22.251493453979492,21.4306640625,0.0,nan,391.0,0.0,0.0,1263.4000244140625,nan,nan,nan,65536.0
2026-09-13T05:23:00.000+08:00,0.0,22.362524032592773,21.34716796875,0.0,nan,391.29998779296875,0.0,0.0,1263.4000244140625,nan,nan,nan,65536.0
2026-09-13T05:24:00.000+08:00,0.0,22.363174438476562,21.34716796875,0.0,nan,391.3999938964844,0.0,0.0,1263.4000244140625,nan,nan,nan,65536.0
2026-09-13T05:25:00.000+08:00,0.0,22.363174438476562,21.27783203125,0.0,nan,391.5,0.0,0.0,1263.4000244140625,nan,nan,nan,65536.0
2026-09-13T05:26:00.000+08:00,0.0,22.363840103149414,21.31982421875,0.0,nan,390.70001220703125,0.0,0.0,1263.4000244140625,nan,nan,nan,65536.0
2026-09-13T05:27:00.000+08:00,0.0,22.25015640258789,21.375,0.0,nan,390.8999938964844,0.0,0.0,1263.4000244140625,nan,nan,nan,65536.0
2026-09-13T05:28:00.000+08:00,0.0,22.35453224182129,21.3056640625,0.0,nan,390.79998779296875,0.0,0.0,1263.4000244140625,nan,nan,nan,65536.0
2026-09-13T05:29:00.000+08:00,0.0,22.255481719970703,21.41650390625,0.0,nan,390.3999938964844,0.0,0.0,1263.4000244140625,nan,nan,nan,65536.0
2026-09-13T05:30:00.000+08:00,0.0,22.367830276489258,21.361328125,0.0,nan,390.1000061035156,0.0,0.0,1263.4000244140625,nan,nan,nan,65536.0
2026-09-13T05:31:00.000+08:00,0.0,22.291427612304688,21.45849609375,0.0,nan,390.29998779296875,0.0,0.0,1263.4000244140625,nan,nan,nan,65536.0
2026-09-13T05:32:00.000+08:00,0.0,22.254812240600586,21.40283203125,0.0,nan,390.5,0.0,0.0,1263.4000244140625,nan,nan,nan,65536.0
2026-09-13T05:33:00.000+08:00,0.0,22.25015640258789,21.40283203125,0.0,nan,390.70001220703125,0.0,0.0,1263.4000244140625,nan,nan,nan,65536.0
2026-09-13T05:34:00.000+08:00,0.0,22.36983299255371,21.34716796875,0.0,nan,390.6000061035156,0.0,0.0,1263.4000244140625,nan,nan,nan,65536.0
2026-09-13T05:35:00.000+08:00,0.0,22.373821258544922,21.361328125,0.0,nan,390.6000061035156,0.0,0.0,1263.4000244140625,nan,nan,nan,65536.0
2026-09-13T05:36:00.000+08:00,0.0,22.27278709411621,21.47216796875,0.0,nan,390.29998779296875,0.0,0.0,1263.4000244140625,nan,nan,nan,65536.0
2026-09-13T05:37:00.000+08:00,0.0,22.261470794677734,21.486328125,0.0,nan,390.5,0.0,0.0,1263.4000244140625,nan,nan,nan,65536.0
2026-09-13T05:38:00.000+08:00,0.0,22.25815200805664,21.41650390625,0.0,nan,390.70001220703125,0.0,0.0,1263.4000244140625,nan,nan,nan,65536.0
2026-09-13T05:39:00.000+08:00,0.0,22.25815200805664,21.486328125,0.0,nan,390.1000061035156,0.0,0.0,1263.4000244140625,nan,nan,nan,65536.0
2026-09-13T05:40:00.000+08:00,0.0,22.274124145507812,21.45849609375,0.0,nan,390.3999938964844,0.0,0.0,1263.4000244140625,nan,nan,nan,65536.0
2026-09-13T05:41:00.000+08:00,0.0,22.36117172241211,21.26416015625,0.0,nan,390.5,0.0,0.0,1263.4000244140625,nan,nan,nan,65536.0
2026-09-13T05:42:00.000+08:00,0.0,22.266794204711914,21.375,0.0,nan,390.70001220703125,0.0,0.0,1263.4000244140625,nan,nan,nan,65536.0
2026-09-13T05:43:00.000+08:00,0.0,22.281448364257812,21.40283203125,0.0,nan,391.3999938964844,0.0,0.0,1263.4000244140625,nan,nan,nan,65536.0
2026-09-13T05:44:00.000+08:00,0.0,22.264144897460938,21.375,0.0,nan,391.1000061035156,0.0,0.0,1263.4000244140625,nan,nan,nan,65536.0
2026-09-13T05:45:00.000+08:00,0.0,22.269468307495117,21.37548828125,0.0,nan,391.1000061035156,0.0,0.0,1263.4000244140625,nan,nan,nan,65536.0
2026-09-13T05:46:00.000+08:00,0.0,22.27944564819336,21.45849609375,0.0,nan,391.5,0.0,0.0,1263.4000244140625,nan,nan,nan,65536.0
2026-09-13T05:47:00.000+08:00,0.0,22.28343391418457,21.40283203125,0.0,nan,391.5,0.0,0.0,1263.4000244140625,nan,nan,nan,65536.0
2026-09-13T05:48:00.000+08:00,0.0,22.288087844848633,21.44482421875,0.0,nan,391.20001220703125,0.0,0.0,1263.4000244140625,nan,nan,nan,65536.0
2026-09-13T05:49:00.000+08:00,0.0,22.2820987701416,21.486328125,0.0,nan,390.79998779296875,0.0,0.0,1263.4000244140625,nan,nan,nan,65536.0
2026-09-13T05:50:00.000+08:00,0.0,22.268798828125,21.38916015625,0.0,nan,390.8999938964844,0.0,0.0,1263.4000244140625,nan,nan,nan,65536.0
2026-09-13T05:51:00.000+08:00,0.0,22.292097091674805,21.375,0.0,nan,nan,nan,nan,nan,nan,nan,nan,nan
2026-09-13T05:52:00.000+08:00,0.0,nan,nan,0.0,nan,390.90000915527344,0.0,0.0,1263.4000244140625,nan,nan,nan,65536.0
2026-09-13T05:53:00.000+08:00,0.0,22.280447006225586,21.4443359375,0.0,nan,390.8999938964844,0.0,0.0,1263.4000244140625,nan,nan,nan,65536.0
2026-09-13T05:54:00.000+08:00,0.0,22.29009437561035,21.41650390625,0.0,nan,390.8999938964844,0.0,0.0,1263.4000244140625,nan,nan,nan,65536.0
2026-09-13T05:55:00.000+08:00,0.0,22.27278709411621,21.38916015625,0.0,nan,390.70001220703125,0.0,0.0,1263.4000244140625,nan,nan,nan,65536.0
2026-09-13T05:56:00.000+08:00,0.0,22.27545928955078,21.40283203125,0.0,nan,390.3999938964844,0.0,0.0,1263.4000244140625,nan,nan,nan,65536.0
2026-09-13T05:57:00.000+08:00,0.0,22.266794204711914,21.40283203125,0.0,nan,390.8999938964844,0.0,0.0,1263.4000244140625,nan,nan,nan,65536.0
2026-09-13T05:58:00.000+08:00,0.0,22.424402236938477,21.40283203125,0.0,nan,390.6000061035156,0.0,0.0,1263.4000244140625,nan,nan,nan,65536.0
2026-09-13T05:59:00.000+08:00,0.0,22.430397033691406,21.47216796875,0.0,nan,391.0,0.0,0.0,1263.4000244140625,nan,nan,nan,65536.0
2026-09-13T06:00:00.000+08:00,0.0,22.40444564819336,21.4306640625,0.0,nan,390.8999938964844,0.0,0.0,1263.4000244140625,nan,nan,nan,65536.0
2026-09-13T06:01:00.000+08:00,0.0,22.416427612304688,21.38916015625,0.0,nan,390.5,0.0,0.0,1263.4000244140625,nan,nan,nan,65536.0
2026-09-13T06:02:00.000+08:00,0.0,22.413087844848633,21.38916015625,0.0,nan,390.5,0.0,0.0,1263.4000244140625,nan,nan,nan,65536.0
2026-09-13T06:03:00.000+08:00,0.0,22.416427612304688,21.486328125,0.0,nan,390.79998779296875,0.0,0.0,1263.4000244140625,nan,nan,nan,65536.0
2026-09-13T06:04:00.000+08:00,0.0,22.421083450317383,21.38916015625,0.0,nan,391.1000061035156,0.0,0.0,1263.4000244140625,nan,nan,nan,65536.0
2026-09-13T06:05:00.000+08:00,0.0,22.418413162231445,21.47216796875,0.0,nan,390.79998779296875,0.0,0.0,1263.4000244140625,nan,nan,nan,65536.0
2026-09-13T06:06:00.000+08:00,0.0,22.43239974975586,21.47216796875,0.0,nan,390.5,0.0,0.0,1263.4000244140625,nan,nan,nan,65536.0
2026-09-13T06:07:00.000+08:00,0.0,22.413087844848633,21.45849609375,0.0,nan,390.20001220703125,0.0,0.0,1263.4000244140625,nan,nan,nan,65536.0
2026-09-13T06:08:00.000+08:00,0.0,22.433734893798828,21.486328125,0.0,nan,390.3999938964844,0.0,0.0,1263.4000244140625,nan,nan,nan,65536.0
2026-09-13T06:09:00.000+08:00,0.0,22.42972755432129,21.47216796875,0.0,nan,390.29998779296875,0.0,0.0,1263.4000244140625,nan,nan,nan,65536.0
2026-09-13T06:10:00.000+08:00,0.0,22.465009689331055,21.4306640625,0.0,nan,390.20001220703125,0.0,0.0,1263.4000244140625,nan,nan,nan,65536.0
2026-09-13T06:11:00.000+08:00,0.0,22.45035171508789,21.486328125,0.0,nan,390.3999938964844,0.0,0.0,1263.4000244140625,nan,nan,nan,65536.0
2026-09-13T06:12:00.000+08:00,0.0,22.445030212402344,21.40283203125,0.0,nan,390.0,0.0,0.0,1263.4000244140625,nan,nan,nan,65536.0
2026-09-13T06:13:00.000+08:00,0.0,22.478347778320312,21.44482421875,0.0,nan,389.79998779296875,0.0,0.0,1263.4000244140625,nan,nan,nan,65536.0
2026-09-13T06:14:00.000+08:00,0.0,22.4217529296875,21.38916015625,0.0,nan,389.6000061035156,0.0,0.0,1263.4000244140625,nan,nan,nan,65536.0
2026-09-13T06:15:00.000+08:00,0.0,22.42707633972168,21.375,0.0,nan,390.0,0.0,0.0,1263.4000244140625,nan,nan,nan,65536.0
2026-09-13T06:16:00.000+08:00,0.0,22.4423770904541,21.38916015625,0.0,nan,390.1000061035156,0.0,0.0,1263.4000244140625,nan,nan,nan,65536.0
2026-09-13T06:17:00.000+08:00,0.0,22.43507194519043,21.486328125,0.0,nan,390.1000061035156,0.0,0.0,1263.4000244140625,nan,nan,nan,65536.0
2026-09-13T06:18:00.000+08:00,0.0,22.473003387451172,21.45849609375,0.0,nan,390.20001220703125,0.0,0.0,1263.4000244140625,nan,nan,nan,65536.0
2026-09-13T06:19:00.000+08:00,0.0,22.45102310180664,21.4306640625,0.0,nan,390.29998779296875,0.0,0.0,1263.4000244140625,nan,nan,nan,65536.0
2026-09-13T06:20:00.000+08:00,0.0,22.45035171508789,21.38916015625,0.0,nan,390.20001220703125,0.0,0.0,1263.4000244140625,nan,nan,nan,65536.0
2026-09-13T06:21:00.000+08:00,0.0,22.43239974975586,21.375,0.0,nan,390.29998779296875,0.0,0.0,1263.4000244140625,nan,nan,nan,65536.0
2026-09-13T06:22:00.000+08:00,0.0,22.435739517211914,21.375,0.0,nan,390.6000061035156,0.0,0.0,1263.4000244140625,nan,nan,nan,65536.0
2026-09-13T06:23:00.000+08:00,0.0,22.45035171508789,21.4306640625,0.0,nan,390.79998779296875,0.0,0.0,1263.4000244140625,nan,nan,nan,65536.0
2026-09-13T06:24:00.000+08:00,0.0,22.431732177734375,21.38916015625,0.0,nan,390.8999938964844,0.0,0.0,1263.4000244140625,nan,nan,nan,65536.0
2026-09-13T06:25:00.000+08:00,0.0,22.4337158203125,21.40283203125,0.0,nan,390.79998779296875,0.0,0.0,1263.4000244140625,nan,nan,nan,65536.0
2026-09-13T06:26:00.000+08:00,0.0,22.454360961914062,21.47216796875,0.0,nan,390.5,0.0,0.0,1263.4000244140625,nan,nan,nan,65536.0
2026-09-13T06:27:00.000+08:00,0.0,22.47100067138672,21.486328125,0.0,nan,390.5,0.0,0.0,1263.4000244140625,nan,nan,nan,65536.0
2026-09-13T06:28:00.000+08:00,0.0,22.498933792114258,21.41650390625,0.0,nan,390.6000061035156,0.0,0.0,1263.4000244140625,nan,nan,nan,65536.0
2026-09-13T06:29:00.000+08:00,0.0,22.459686279296875,21.375,0.0,nan,390.70001220703125,0.0,0.0,1263.4000244140625,nan,nan,nan,65536.0
2026-09-13T06:30:00.000+08:00,0.0,22.458349227905273,21.40283203125,0.0,nan,391.1000061035156,0.0,0.0,1263.4000244140625,nan,nan,nan,65536.0
2026-09-13T06:31:00.000+08:00,0.0,22.495615005493164,21.38916015625,0.0,nan,390.6000061035156,0.0,0.0,1263.4000244140625,nan,nan,nan,65536.0
2026-09-13T06:32:00.000+08:00,0.0,22.463024139404297,21.38916015625,0.0,nan,390.8999938964844,0.0,0.0,1263.4000244140625,nan,nan,nan,65536.0
2026-09-13T06:33:00.000+08:00,0.0,22.48563575744629,21.4306640625,0.0,nan,390.8999938964844,0.0,0.0,1263.4000244140625,nan,nan,nan,65536.0
2026-09-13T06:34:00.000+08:00,0.0,22.47433853149414,21.486328125,0.0,nan,390.6000061035156,0.0,0.0,1263.4000244140625,nan,nan,nan,65536.0
2026-09-13T06:35:00.000+08:00,0.0,22.493610382080078,21.41650390625,0.0,nan,390.70001220703125,0.0,0.0,1263.4000244140625,nan,nan,nan,65536.0
2026-09-13T06:36:00.000+08:00,0.0,22.46233558654785,21.486328125,0.0,nan,390.70001220703125,0.0,0.0,1263.4000244140625,nan,nan,nan,65536.0
2026-09-13T06:37:00.000+08:00,0.0,22.488306045532227,21.47216796875,0.0,nan,390.70001220703125,0.0,0.0,1263.4000244140625,nan,nan,nan,65536.0
2026-09-13T06:38:00.000+08:00,0.0,22.486303329467773,21.41650390625,0.0,nan,390.6000061035156,0.0,0.0,1263.4000244140625,nan,nan,nan,65536.0
2026-09-13T06:39:00.000+08:00,0.0,22.4763240814209,21.41650390625,0.0,nan,391.0,0.0,0.0,1263.4000244140625,nan,nan,nan,65536.0
2026-09-13T06:40:00.000+08:00,0.0,22.397232055664062,21.5419921875,0.0,nan,391.0,0.0,0.0,1263.4000244140625,nan,nan,nan,65536.0
2026-09-13T06:41:00.000+08:00,0.0,22.4763240814209,21.4169921875,0.0,nan,390.8999938964844,0.0,0.0,1263.4000244140625,nan,nan,nan,65536.0
2026-09-13T06:42:00.000+08:00,0.0,22.472333908081055,21.38916015625,0.0,nan,391.1000061035156,0.0,0.0,1263.4000244140625,nan,nan,nan,65536.0
2026-09-13T06:43:00.000+08:00,0.0,22.492961883544922,21.47216796875,0.0,nan,391.1000061035156,0.0,0.0,1263.4000244140625,nan,nan,nan,65536.0
2026-09-13T06:44:00.000+08:00,0.0,22.473670959472656,21.47216796875,0.0,nan,390.79998779296875,0.0,0.0,1263.4000244140625,nan,nan,nan,65536.0
2026-09-13T06:45:00.000+08:00,0.0,22.459686279296875,21.44482421875,0.0,nan,390.79998779296875,0.0,0.0,1263.4000244140625,nan,nan,nan,65536.0
2026-09-13T06:46:00.000+08:00,0.0,22.383913040161133,21.58349609375,0.0,nan,390.6000061035156,0.0,0.0,1263.4000244140625,nan,nan,nan,65536.0
2026-09-13T06:47:00.000+08:00,0.0,22.377273559570312,21.486328125,0.0,nan,390.29998779296875,0.0,0.0,1263.4000244140625,nan,nan,nan,65536.0
2026-09-13T06:48:00.000+08:00,0.0,22.487638473510742,21.4306640625,0.0,nan,390.20001220703125,0.0,0.0,1263.4000244140625,nan,nan,nan,65536.0
2026-09-13T06:49:00.000+08:00,0.0,22.414535522460938,21.51416015625,0.0,nan,389.6000061035156,0.0,0.0,1263.4000244140625,nan,nan,nan,65536.0
2026-09-13T06:50:00.000+08:00,0.0,nan,nan,0.0,nan,nan,nan,nan,nan,nan,nan,nan,nan
2026-09-13T06:51:00.000+08:00,0.0,22.420482635498047,21.40283203125,0.0,nan,389.75,0.0,0.0,1263.4000244140625,nan,nan,nan,65536.0
2026-09-13T06:52:00.000+08:00,0.0,22.622617721557617,21.40283203125,0.0,nan,389.8999938964844,0.0,0.0,1263.4000244140625,nan,nan,nan,65536.0
2026-09-13T06:53:00.000+08:00,0.0,22.376644134521484,21.41650390625,0.0,nan,390.0,0.0,0.0,1263.4000244140625,nan,nan,nan,65536.0
2026-09-13T06:54:00.000+08:00,0.0,22.48563575744629,21.486328125,0.0,nan,390.20001220703125,0.0,0.0,1263.4000244140625,nan,nan,nan,65536.0
2026-09-13T06:55:00.000+08:00,0.0,22.52356719970703,21.611328125,0.0,nan,390.20001220703125,0.0,0.0,1263.4000244140625,nan,nan,nan,65536.0
2026-09-13T06:56:00.000+08:00,0.0,22.3866024017334,21.611328125,0.0,nan,390.0,0.0,0.0,1263.4000244140625,nan,nan,nan,65536.0
2026-09-13T06:57:00.000+08:00,0.0,22.469663619995117,21.40283203125,0.0,nan,390.1000061035156,0.0,0.0,1263.4000244140625,nan,nan,nan,65536.0
2026-09-13T06:58:00.000+08:00,0.0,22.38393211364746,21.59716796875,0.0,nan,389.79998779296875,0.0,0.0,1263.4000244140625,nan,nan,nan,65536.0
2026-09-13T06:59:00.000+08:00,0.0,22.533546447753906,21.5556640625,0.0,nan,389.79998779296875,0.0,0.0,1263.4000244140625,nan,nan,nan,65536.0
2026-09-13T07:00:00.000+08:00,0.0,22.40389060974121,21.5556640625,0.0,nan,390.1000061035156,0.0,0.0,1263.4000244140625,nan,nan,nan,65536.0
2026-09-13T07:01:00.000+08:00,0.0,22.5275936126709,21.59716796875,0.0,nan,390.1000061035156,0.0,0.0,1263.4000244140625,nan,nan,nan,65536.0
2026-09-13T07:02:00.000+08:00,0.0,22.49162483215332,21.47216796875,0.0,nan,390.20001220703125,0.0,0.0,1263.4000244140625,nan,nan,nan,65536.0
2026-09-13T07:03:00.000+08:00,0.0,22.47565460205078,21.4306640625,0.0,nan,390.5,0.0,0.0,1263.4000244140625,nan,nan,nan,65536.0
2026-09-13T07:04:00.000+08:00,0.0,22.384599685668945,21.41650390625,0.0,nan,390.1000061035156,0.0,0.0,1263.4000244140625,nan,nan,nan,65536.0
2026-09-13T07:05:00.000+08:00,0.0,22.517595291137695,21.58349609375,0.0,nan,390.3999938964844,0.0,0.0,1263.4000244140625,nan,nan,nan,65536.0
2026-09-13T07:06:00.000+08:00,0.0,22.61063575744629,21.375,0.0,nan,390.0,0.0,0.0,1263.4000244140625,nan,nan,nan,65536.0
2026-09-13T07:07:00.000+08:00,0.0,22.381946563720703,21.611328125,0.0,nan,390.20001220703125,0.0,0.0,1263.4000244140625,nan,nan,nan,65536.0
2026-09-13T07:08:00.000+08:00,0.0,22.47701072692871,21.38916015625,0.0,nan,390.0,0.0,0.0,1263.4000244140625,nan,nan,nan,65536.0
2026-09-13T07:09:00.000+08:00,0.0,22.53156089782715,21.59716796875,0.0,nan,390.29998779296875,0.0,0.0,1263.4000244140625,nan,nan,nan,65536.0
2026-09-13T07:10:00.000+08:00,0.0,22.40192413330078,21.5556640625,0.0,nan,390.29998779296875,0.0,0.0,1263.4000244140625,nan,nan,nan,65536.0
2026-09-13T07:11:00.000+08:00,0.0,22.532230377197266,21.56982421875,0.0,nan,390.29998779296875,0.0,0.0,1263.4000244140625,nan,nan,nan,65536.0
2026-09-13T07:12:00.000+08:00,0.0,22.532896041870117,21.59716796875,0.0,nan,390.0,0.0,0.0,1263.4000244140625,nan,nan,nan,65536.0
2026-09-13T07:13:00.000+08:00,0.0,22.62328338623047,21.45849609375,0.0,nan,389.29998779296875,0.0,0.0,1263.4000244140625,nan,nan,nan,65536.0
2026-09-13T07:14:00.000+08:00,0.0,22.5355281829834,21.56982421875,0.0,nan,390.0,0.0,0.0,1263.4000244140625,nan,nan,nan,65536.0
2026-09-13T07:15:00.000+08:00,0.0,22.544879913330078,21.59716796875,0.0,nan,390.0,0.0,0.0,1263.4000244140625,nan,nan,nan,65536.0
2026-09-13T07:16:00.000+08:00,0.0,22.54087257385254,21.52783203125,0.0,nan,389.1000061035156,0.0,0.0,1263.4000244140625,nan,nan,nan,65536.0
2026-09-13T07:17:00.000+08:00,0.0,22.54218864440918,21.611328125,0.0,nan,389.79998779296875,0.0,0.0,1263.4000244140625,nan,nan,nan,65536.0
2026-09-13T07:18:00.000+08:00,0.0,22.518932342529297,21.5419921875,0.0,nan,390.1000061035156,0.0,0.0,1263.4000244140625,nan,nan,nan,65536.0
2026-09-13T07:19:00.000+08:00,0.0,22.53423500061035,21.611328125,0.0,nan,390.1000061035156,0.0,0.0,1263.4000244140625,nan,nan,nan,65536.0
2026-09-13T07:20:00.000+08:00,0.0,22.52755355834961,21.51416015625,0.0,nan,390.1000061035156,0.0,0.0,1263.4000244140625,nan,nan,nan,65536.0
2026-09-13T07:21:00.000+08:00,0.0,22.516925811767578,21.5556640625,0.0,nan,390.20001220703125,0.0,0.0,1263.4000244140625,nan,nan,nan,65536.0
2026-09-13T07:22:00.000+08:00,0.0,22.534881591796875,21.5,0.0,nan,390.3999938964844,0.0,0.0,1263.4000244140625,nan,nan,nan,65536.0
2026-09-13T07:23:00.000+08:00,0.0,22.537553787231445,21.611328125,0.0,nan,390.5,0.0,0.0,1263.4000244140625,nan,nan,nan,65536.0
2026-09-13T07:24:00.000+08:00,0.0,22.52755355834961,21.5556640625,0.0,nan,390.29998779296875,0.0,0.0,1263.4000244140625,nan,nan,nan,65536.0
2026-09-13T07:25:00.000+08:00,0.0,22.589473724365234,21.52783203125,0.0,nan,390.3999938964844,0.0,0.0,1263.4000244140625,nan,nan,nan,65536.0
2026-09-13T07:26:00.000+08:00,0.0,22.547531127929688,21.5556640625,0.0,nan,389.70001220703125,0.0,0.0,1263.4000244140625,nan,nan,nan,65536.0
2026-09-13T07:27:00.000+08:00,0.0,22.558826446533203,21.52783203125,0.0,nan,389.6000061035156,0.0,0.0,1263.4000244140625,nan,nan,nan,65536.0
2026-09-13T07:28:00.000+08:00,0.0,22.528261184692383,21.51416015625,0.0,nan,389.1000061035156,0.0,0.0,1263.4000244140625,nan,nan,nan,65536.0
2026-09-13T07:29:00.000+08:00,0.0,22.561519622802734,21.54150390625,0.0,nan,389.5,0.0,0.0,1263.4000244140625,nan,nan,nan,65536.0
2026-09-13T07:30:00.000+08:00,0.0,22.521581649780273,21.611328125,0.0,nan,389.3999938964844,0.0,0.0,1263.4000244140625,nan,nan,nan,65536.0
2026-09-13T07:31:00.000+08:00,0.0,22.562145233154297,21.51416015625,0.0,nan,389.6000061035156,0.0,0.0,1263.4000244140625,nan,nan,nan,65536.0
2026-09-13T07:32:00.000+08:00,0.0,22.54087257385254,21.58349609375,0.0,nan,389.5,0.0,0.0,1263.4000244140625,nan,nan,nan,65536.0
2026-09-13T07:33:00.000+08:00,0.0,22.558868408203125,21.56982421875,0.0,nan,389.5,0.0,0.0,1263.4000244140625,nan,nan,nan,65536.0
2026-09-13T07:34:00.000+08:00,0.0,22.582164764404297,21.56982421875,0.0,nan,389.3999938964844,0.0,0.0,1263.4000244140625,nan,nan,nan,65536.0
2026-09-13T07:35:00.000+08:00,0.0,22.544233322143555,21.5,0.0,nan,389.1000061035156,0.0,0.0,1263.4000244140625,nan,nan,nan,65536.0
2026-09-13T07:36:00.000+08:00,0.0,22.540205001831055,21.52783203125,0.0,nan,389.1000061035156,0.0,0.0,1263.4000244140625,nan,nan,nan,65536.0
2026-09-13T07:37:00.000+08:00,0.0,22.593460083007812,21.5556640625,0.0,nan,389.6000061035156,0.0,0.0,1263.4000244140625,nan,nan,nan,65536.0
2026-09-13T07:38:00.000+08:00,0.0,22.53557014465332,21.56982421875,0.0,nan,389.29998779296875,0.0,0.0,1263.4000244140625,nan,nan,nan,65536.0
2026-09-13T07:39:00.000+08:00,0.0,22.54087257385254,21.54150390625,0.0,nan,389.5,0.0,0.0,1263.4000244140625,nan,nan,nan,65536.0
2026-09-13T07:40:00.000+08:00,0.0,22.571516036987305,21.5,0.0,nan,389.70001220703125,0.0,0.0,1263.4000244140625,nan,nan,nan,65536.0
2026-09-13T07:41:00.000+08:00,0.0,22.534212112426758,21.58349609375,0.0,nan,389.1000061035156,0.0,0.0,1263.4000244140625,nan,nan,nan,65536.0
2026-09-13T07:42:00.000+08:00,0.0,22.580808639526367,21.52783203125,0.0,nan,389.5,0.0,0.0,1263.4000244140625,nan,nan,nan,65536.0
2026-09-13T07:43:00.000+08:00,0.0,22.54886817932129,21.5556640625,0.0,nan,390.29998779296875,0.0,0.0,1263.4000244140625,nan,nan,nan,65536.0
2026-09-13T07:44:00.000+08:00,0.0,22.552854537963867,21.52783203125,0.0,nan,389.70001220703125,0.0,0.0,1263.4000244140625,nan,nan,nan,65536.0
2026-09-13T07:45:00.000+08:00,0.0,22.532896041870117,21.5419921875,0.0,nan,389.79998779296875,0.0,0.0,1263.4000244140625,nan,nan,nan,65536.0
2026-09-13T07:46:00.000+08:00,0.0,22.561479568481445,21.52783203125,0.0,nan,389.8999938964844,0.0,0.0,1263.4000244140625,nan,nan,nan,65536.0
2026-09-13T07:47:00.000+08:00,0.0,22.581478118896484,21.52783203125,0.0,nan,389.70001220703125,0.0,0.0,1263.4000244140625,nan,nan,nan,65536.0
2026-09-13T07:48:00.000+08:00,0.0,22.569494247436523,21.5556640625,0.0,nan,389.29998779296875,0.0,0.0,1263.4000244140625,nan,nan,nan,65536.0
2026-09-13T07:49:00.000+08:00,0.0,nan,nan,0.0,nan,nan,nan,nan,nan,nan,nan,nan,nan
2026-09-13T07:50:00.000+08:00,0.0,22.56549644470215,21.5556640625,0.0,nan,389.3999938964844,0.0,0.0,1263.4000244140625,nan,nan,nan,65536.0
2026-09-13T07:51:00.000+08:00,0.0,22.544879913330078,21.52783203125,0.0,nan,389.8999938964844,0.0,0.0,1263.4000244140625,nan,nan,nan,65536.0
2026-09-13T07:52:00.000+08:00,0.0,22.572145462036133,21.5556640625,0.0,nan,389.79998779296875,0.0,0.0,1263.4000244140625,nan,nan,nan,65536.0
2026-09-13T07:53:00.000+08:00,0.0,22.563522338867188,21.56982421875,0.0,nan,389.8999938964844,0.0,0.0,1263.4000244140625,nan,nan,nan,65536.0
2026-09-13T07:54:00.000+08:00,0.0,22.568159103393555,21.56982421875,0.0,nan,388.8999938964844,0.0,0.0,1263.4000244140625,nan,nan,nan,65536.0
2026-09-13T07:55:00.000+08:00,0.0,22.574169158935547,21.59716796875,0.0,nan,389.8999938964844,0.0,0.0,1263.4000244140625,nan,nan,nan,65536.0
2026-09-13T07:56:00.000+08:00,0.0,22.59014129638672,21.52783203125,0.0,nan,389.8999938964844,0.0,0.0,1263.4000244140625,nan,nan,nan,65536.0
2026-09-13T07:57:00.000+08:00,0.0,22.584129333496094,21.51416015625,0.0,nan,389.79998779296875,0.0,0.0,1263.4000244140625,nan,nan,nan,65536.0
2026-09-13T07:58:00.000+08:00,0.0,22.543563842773438,21.56982421875,0.0,nan,390.0,0.0,0.0,1263.4000244140625,nan,nan,nan,65536.0
2026-09-13T07:59:00.000+08:00,0.0,22.57147979736328,21.5,0.0,nan,389.3999938964844,0.0,0.0,1263.4000244140625,nan,nan,nan,65536.0
2026-09-13T08:00:00.000+08:00,0.0,22.616756439208984,21.611328125,0.0,nan,389.8999938964844,0.0,0.0,1263.4000244140625,nan,nan,nan,65536.0
2026-09-13T08:01:00.000+08:00,0.0,22.607463836669922,21.54150390625,0.0,nan,389.70001220703125,0.0,0.0,1263.4000244140625,nan,nan,nan,65536.0
2026-09-13T08:02:00.000+08:00,0.0,22.62469482421875,21.5,0.0,nan,389.3999938964844,0.0,0.0,1263.4000244140625,nan,nan,nan,65536.0
2026-09-13T08:03:00.000+08:00,0.0,22.5030517578125,21.58349609375,0.0,nan,389.1000061035156,0.0,0.0,1263.4000244140625,nan,nan,nan,65536.0
2026-09-13T08:04:00.000+08:00,0.0,22.594776153564453,21.5,0.0,nan,389.3999938964844,0.0,0.0,1263.4000244140625,nan,nan,nan,65536.0
2026-09-13T08:05:00.000+08:00,0.0,22.568159103393555,21.56982421875,0.0,nan,389.20001220703125,0.0,0.0,1263.4000244140625,nan,nan,nan,65536.0
2026-09-13T08:06:00.000+08:00,0.0,22.505704879760742,21.59716796875,0.0,nan,389.0,0.0,0.0,1263.4000244140625,nan,nan,nan,65536.0
2026-09-13T08:07:00.000+08:00,0.0,22.546865463256836,21.58349609375,0.0,nan,388.3999938964844,0.0,0.0,1263.4000244140625,nan,nan,nan,65536.0
2026-09-13T08:08:00.000+08:00,0.0,22.57147979736328,21.56982421875,0.0,nan,388.79998779296875,0.0,0.0,1263.4000244140625,nan,nan,nan,65536.0
2026-09-13T08:09:00.000+08:00,0.0,22.548828125,21.5556640625,0.0,nan,388.8999938964844,0.0,0.0,1263.4000244140625,nan,nan,nan,65536.0
2026-09-13T08:10:00.000+08:00,0.0,22.51702117919922,21.6806640625,0.0,nan,388.70001220703125,0.0,0.0,1263.4000244140625,nan,nan,nan,65536.0
2026-09-13T08:11:00.000+08:00,0.0,22.69527244567871,21.6806640625,0.0,nan,388.8999938964844,0.0,0.0,1263.4000244140625,nan,nan,nan,65536.0
2026-09-13T08:12:00.000+08:00,0.0,22.529577255249023,21.54150390625,0.0,nan,388.79998779296875,0.0,0.0,1263.4000244140625,nan,nan,nan,65536.0
2026-09-13T08:13:00.000+08:00,0.0,22.586742401123047,21.52783203125,0.0,nan,388.70001220703125,0.0,0.0,1263.4000244140625,nan,nan,nan,65536.0
2026-09-13T08:14:00.000+08:00,0.0,22.516332626342773,21.70849609375,0.0,nan,388.70001220703125,0.0,0.0,1263.4000244140625,nan,nan,nan,65536.0
2026-09-13T08:15:00.000+08:00,0.0,22.529577255249023,21.59716796875,0.0,nan,388.79998779296875,0.0,0.0,1263.4000244140625,nan,nan,nan,65536.0
2026-09-13T08:16:00.000+08:00,0.0,22.663942337036133,21.6806640625,0.0,nan,388.79998779296875,0.0,0.0,1263.4000244140625,nan,nan,nan,65536.0
2026-09-13T08:17:00.000+08:00,0.0,22.57147979736328,21.58349609375,0.0,nan,388.8999938964844,0.0,0.0,1263.4000244140625,nan,nan,nan,65536.0
2026-09-13T08:18:00.000+08:00,0.0,22.512231826782227,21.52783203125,0.0,nan,388.5,0.0,0.0,1263.4000244140625,nan,nan,nan,65536.0
2026-09-13T08:19:00.000+08:00,0.0,22.501127243041992,21.5556640625,0.0,nan,388.70001220703125,0.0,0.0,1263.4000244140625,nan,nan,nan,65536.0
2026-09-13T08:20:00.000+08:00,0.0,22.68260383605957,21.736328125,0.0,nan,388.5,0.0,0.0,1263.4000244140625,nan,nan,nan,65536.0
2026-09-13T08:21:00.000+08:00,0.0,22.514366149902344,21.69482421875,0.0,nan,388.29998779296875,0.0,0.0,1263.4000244140625,nan,nan,nan,65536.0
2026-09-13T08:22:00.000+08:00,0.0,22.59080696105957,21.611328125,0.0,nan,389.29998779296875,0.0,0.0,1263.4000244140625,nan,nan,nan,65536.0
2026-09-13T08:23:00.000+08:00,0.0,22.57811737060547,21.52783203125,0.0,nan,389.1000061035156,0.0,0.0,1263.4000244140625,nan,nan,nan,65536.0
2026-09-13T08:24:00.000+08:00,0.0,22.598134994506836,21.58349609375,0.0,nan,389.29998779296875,0.0,0.0,1263.4000244140625,nan,nan,nan,65536.0
2026-09-13T08:25:00.000+08:00,0.0,22.614774703979492,21.611328125,0.0,nan,388.6000061035156,0.0,0.0,1263.4000244140625,nan,nan,nan,65536.0
2026-09-13T08:26:00.000+08:00,0.0,22.621414184570312,21.58349609375,0.0,nan,389.0,0.0,0.0,1263.4000244140625,nan,nan,nan,65536.0
2026-09-13T08:27:00.000+08:00,0.0,22.646005630493164,21.63916015625,0.0,nan,389.29998779296875,0.0,0.0,1263.4000244140625,nan,nan,nan,65536.0
2026-09-13T08:28:00.000+08:00,0.0,22.531692504882812,21.65283203125,0.0,nan,389.20001220703125,0.0,0.0,1263.4000244140625,nan,nan,nan,65536.0
2026-09-13T08:29:00.000+08:00,0.0,22.618722915649414,21.56982421875,0.0,nan,389.29998779296875,0.0,0.0,1263.4000244140625,nan,nan,nan,65536.0
2026-09-13T08:30:00.000+08:00,0.0,22.544191360473633,21.54150390625,0.0,nan,389.1000061035156,0.0,0.0,1263.4000244140625,nan,nan,nan,65536.0
2026-09-13T08:31:00.000+08:00,0.0,22.503679275512695,21.736328125,0.0,nan,389.1000061035156,0.0,0.0,1263.4000244140625,nan,nan,nan,65536.0
2026-09-13T08:32:00.000+08:00,0.0,22.521047592163086,21.6806640625,0.0,nan,389.1000061035156,0.0,0.0,1263.4000244140625,nan,nan,nan,65536.0
2026-09-13T08:33:00.000+08:00,0.0,22.53156089782715,21.58349609375,0.0,nan,389.1000061035156,0.0,0.0,1263.4000244140625,nan,nan,nan,65536.0
2026-09-13T08:34:00.000+08:00,0.0,22.57811737060547,21.54150390625,0.0,nan,388.8999938964844,0.0,0.0,1263.4000244140625,nan,nan,nan,65536.0
2026-09-13T08:35:00.000+08:00,0.0,22.572126388549805,21.611328125,0.0,nan,388.79998779296875,0.0,0.0,1263.4000244140625,nan,nan,nan,65536.0
2026-09-13T08:36:00.000+08:00,0.0,22.60279083251953,21.51416015625,0.0,nan,389.0,0.0,0.0,1263.4000244140625,nan,nan,nan,65536.0
2026-09-13T08:37:00.000+08:00,0.0,22.596149444580078,21.59716796875,0.0,nan,388.79998779296875,0.0,0.0,1263.4000244140625,nan,nan,nan,65536.0
2026-09-13T08:38:00.000+08:00,0.0,22.619409561157227,21.59716796875,0.0,nan,388.79998779296875,0.0,0.0,1263.4000244140625,nan,nan,nan,65536.0
2026-09-13T08:39:00.000+08:00,0.0,22.583459854125977,21.5,0.0,nan,389.0,0.0,0.0,1263.4000244140625,nan,nan,nan,65536.0
2026-09-13T08:40:00.000+08:00,0.0,22.6453800201416,21.736328125,0.0,nan,389.29998779296875,0.0,0.0,1263.4000244140625,nan,nan,nan,65536.0
2026-09-13T08:41:00.000+08:00,0.0,22.667320251464844,21.625,0.0,nan,389.29998779296875,0.0,0.0,1263.4000244140625,nan,nan,nan,65536.0
2026-09-13T08:42:00.000+08:00,0.0,22.57682228088379,21.51416015625,0.0,nan,389.29998779296875,0.0,0.0,1263.4000244140625,nan,nan,nan,65536.0
2026-09-13T08:43:00.000+08:00,0.0,22.50041961669922,21.66650390625,0.0,nan,389.20001220703125,0.0,0.0,1263.4000244140625,nan,nan,nan,65536.0
2026-09-13T08:44:00.000+08:00,0.0,22.51104736328125,21.6806640625,0.0,nan,388.8999938964844,0.0,0.0,1263.4000244140625,nan,nan,nan,65536.0
2026-09-13T08:45:00.000+08:00,0.0,22.647342681884766,21.69482421875,0.0,nan,389.1000061035156,0.0,0.0,1263.4000244140625,nan,nan,nan,65536.0
2026-09-13T08:46:00.000+08:00,0.0,22.513700485229492,21.72216796875,0.0,nan,389.29998779296875,0.0,0.0,1263.4000244140625,nan,nan,nan,65536.0
2026-09-13T08:47:00.000+08:00,0.0,22.731111526489258,21.611328125,0.0,nan,389.20001220703125,0.0,0.0,1263.4000244140625,nan,nan,nan,65536.0
2026-09-13T08:48:00.000+08:00,0.0,nan,nan,0.0,nan,nan,nan,nan,nan,nan,nan,nan,nan
2026-09-13T08:49:00.000+08:00,0.0,22.604116439819336,21.569580078125,0.0,nan,388.5500030517578,0.0,0.0,1263.4000244140625,nan,nan,nan,65536.0
2026-09-13T08:50:00.000+08:00,0.0,22.628738403320312,21.65283203125,0.0,nan,388.6000061035156,0.0,0.0,1263.4000244140625,nan,nan,nan,65536.0
2026-09-13T08:51:00.000+08:00,0.0,22.741031646728516,21.611328125,0.0,nan,388.5,0.0,0.0,1263.4000244140625,nan,nan,nan,65536.0
2026-09-13T08:52:00.000+08:00,0.0,22.584775924682617,21.56982421875,0.0,nan,388.6000061035156,0.0,0.0,1263.4000244140625,nan,nan,nan,65536.0
2026-09-13T08:53:00.000+08:00,0.0,22.67867660522461,21.625,0.0,nan,388.6000061035156,0.0,0.0,1263.4000244140625,nan,nan,nan,65536.0
2026-09-13T08:54:00.000+08:00,0.0,22.530376434326172,21.66650390625,0.0,nan,388.70001220703125,0.0,0.0,1263.4000244140625,nan,nan,nan,65536.0
2026-09-13T08:55:00.000+08:00,0.0,22.548828125,21.58349609375,0.0,nan,388.3999938964844,0.0,0.0,1263.4000244140625,nan,nan,nan,65536.0
2026-09-13T08:56:00.000+08:00,0.0,22.670011520385742,21.63916015625,0.0,nan,388.6000061035156,0.0,0.0,1263.4000244140625,nan,nan,nan,65536.0
2026-09-13T08:57:00.000+08:00,0.0,22.624731063842773,21.58349609375,0.0,nan,388.70001220703125,0.0,0.0,1263.4000244140625,nan,nan,nan,65536.0
2026-09-13T08:58:00.000+08:00,0.0,22.626718521118164,21.66650390625,0.0,nan,388.1000061035156,0.0,0.0,1263.4000244140625,nan,nan,nan,65536.0
2026-09-13T08:59:00.000+08:00,0.0,22.672035217285156,21.69482421875,0.0,nan,389.0,0.0,0.0,1263.4000244140625,nan,nan,nan,65536.0
2026-09-13T09:00:00.000+08:00,0.0,22.72509765625,21.52783203125,0.0,nan,389.20001220703125,0.0,0.0,1263.4000244140625,nan,nan,nan,65536.0
2026-09-13T09:01:00.000+08:00,0.0,22.71514129638672,21.611328125,0.0,nan,389.20001220703125,0.0,0.0,1263.4000244140625,nan,nan,nan,65536.0
2026-09-13T09:02:00.000+08:00,0.0,22.73578453063965,21.5556640625,0.0,nan,388.79998779296875,0.0,0.0,1263.4000244140625,nan,nan,nan,65536.0
2026-09-13T09:03:00.000+08:00,0.0,22.64739990234375,21.69482421875,0.0,nan,389.5,0.0,0.0,1263.4000244140625,nan,nan,nan,65536.0
2026-09-13T09:04:00.000+08:00,0.0,22.744409561157227,21.625,0.0,nan,389.3999938964844,0.0,0.0,1263.4000244140625,nan,nan,nan,65536.0
2026-09-13T09:05:00.000+08:00,0.0,22.646005630493164,21.72216796875,0.0,nan,389.29998779296875,0.0,0.0,1263.4000244140625,nan,nan,nan,65536.0
2026-09-13T09:06:00.000+08:00,0.0,22.66663360595703,21.66650390625,0.0,nan,389.0,0.0,0.0,1263.4000244140625,nan,nan,nan,65536.0
2026-09-13T09:07:00.000+08:00,0.0,22.630075454711914,21.6806640625,0.0,nan,389.1000061035156,0.0,0.0,1263.4000244140625,nan,nan,nan,65536.0
2026-09-13T09:08:00.000+08:00,0.0,22.720441818237305,21.58349609375,0.0,nan,389.20001220703125,0.0,0.0,1263.4000244140625,nan,nan,nan,65536.0
2026-09-13T09:09:00.000+08:00,0.0,22.719125747680664,21.611328125,0.0,nan,389.29998779296875,0.0,0.0,1263.4000244140625,nan,nan,nan,65536.0
2026-09-13T09:10:00.000+08:00,0.0,22.5661563873291,21.51416015625,0.0,nan,389.0,0.0,0.0,1263.4000244140625,nan,nan,nan,65536.0
2026-09-13T09:11:00.000+08:00,0.0,22.657991409301758,21.625,0.0,nan,389.1000061035156,0.0,0.0,1263.4000244140625,nan,nan,nan,65536.0
2026-09-13T09:12:00.000+08:00,0.0,22.635417938232422,21.625,0.0,nan,388.8999938964844,0.0,0.0,1263.4000244140625,nan,nan,nan,65536.0
2026-09-13T09:13:00.000+08:00,0.0,22.65471076965332,21.625,0.0,nan,389.1000061035156,0.0,0.0,1263.4000244140625,nan,nan,nan,65536.0
2026-09-13T09:14:00.000+08:00,0.0,22.64936637878418,21.6806640625,0.0,nan,389.3999938964844,0.0,0.0,1263.4000244140625,nan,nan,nan,65536.0
2026-09-13T09:15:00.000+08:00,0.0,22.626718521118164,21.66650390625,0.0,nan,389.20001220703125,0.0,0.0,1263.4000244140625,nan,nan,nan,65536.0
2026-09-13T09:16:00.000+08:00,0.0,22.677377700805664,21.6669921875,0.0,nan,389.5,0.0,0.0,1263.4000244140625,nan,nan,nan,65536.0
2026-09-13T09:17:00.000+08:00,0.0,22.747041702270508,21.625,0.0,nan,389.29998779296875,0.0,0.0,1263.4000244140625,nan,nan,nan,65536.0
2026-09-13T09:18:00.000+08:00,0.0,22.572832107543945,21.5419921875,0.0,nan,388.70001220703125,0.0,0.0,1263.4000244140625,nan,nan,nan,65536.0
2026-09-13T09:19:00.000+08:00,0.0,22.638071060180664,21.625,0.0,nan,389.0,0.0,0.0,1263.4000244140625,nan,nan,nan,65536.0
2026-09-13T09:20:00.000+08:00,0.0,22.69458770751953,21.65283203125,0.0,nan,388.5,0.0,0.0,1263.4000244140625,nan,nan,nan,65536.0
2026-09-13T09:21:00.000+08:00,0.0,22.718421936035156,21.611328125,0.0,nan,388.8999938964844,0.0,0.0,1263.4000244140625,nan,nan,nan,65536.0
2026-09-13T09:22:00.000+08:00,0.0,22.705181121826172,21.611328125,0.0,nan,388.8999938964844,0.0,0.0,1263.4000244140625,nan,nan,nan,65536.0
2026-09-13T09:23:00.000+08:00,0.0,22.554189682006836,21.58349609375,0.0,nan,389.0,0.0,0.0,1263.4000244140625,nan,nan,nan,65536.0
2026-09-13T09:24:00.000+08:00,0.0,22.639366149902344,21.62548828125,0.0,nan,389.1000061035156,0.0,0.0,1263.4000244140625,nan,nan,nan,65536.0
2026-09-13T09:25:00.000+08:00,0.0,22.661975860595703,21.56982421875,0.0,nan,389.0,0.0,0.0,1263.4000244140625,nan,nan,nan,65536.0
2026-09-13T09:26:00.000+08:00,0.0,22.747730255126953,21.54150390625,0.0,nan,388.70001220703125,0.0,0.0,1263.4000244140625,nan,nan,nan,65536.0
2026-09-13T09:27:00.000+08:00,0.0,22.648698806762695,21.63916015625,0.0,nan,389.1000061035156,0.0,0.0,1263.4000244140625,nan,nan,nan,65536.0
2026-09-13T09:28:00.000+08:00,0.0,22.639366149902344,21.625,0.0,nan,388.5,0.0,0.0,1263.4000244140625,nan,nan,nan,65536.0
2026-09-13T09:29:00.000+08:00,0.0,22.64139175415039,21.72216796875,0.0,nan,388.20001220703125,0.0,0.0,1263.4000244140625,nan,nan,nan,65536.0
2026-09-13T09:30:00.000+08:00,0.0,22.64470863342285,21.63916015625,0.0,nan,388.1000061035156,0.0,0.0,1263.4000244140625,nan,nan,nan,65536.0
2026-09-13T09:31:00.000+08:00,0.0,22.662017822265625,21.69482421875,0.0,nan,388.5,0.0,0.0,1263.4000244140625,nan,nan,nan,65536.0
2026-09-13T09:32:00.000+08:00,0.0,22.747098922729492,21.54150390625,0.0,nan,388.1000061035156,0.0,0.0,1263.4000244140625,nan,nan,nan,65536.0
2026-09-13T09:33:00.000+08:00,0.0,22.748395919799805,21.736328125,0.0,nan,387.70001220703125,0.0,0.0,1263.4000244140625,nan,nan,nan,65536.0
2026-09-13T09:34:00.000+08:00,0.0,22.62738609313965,21.66650390625,0.0,nan,388.0,0.0,0.0,1263.4000244140625,nan,nan,nan,65536.0
2026-09-13T09:35:00.000+08:00,0.0,22.658658981323242,21.66650390625,0.0,nan,387.79998779296875,0.0,0.0,1263.4000244140625,nan,nan,nan,65536.0
2026-09-13T09:36:00.000+08:00,0.0,22.646047592163086,21.736328125,0.0,nan,388.1000061035156,0.0,0.0,1263.4000244140625,nan,nan,nan,65536.0
2026-09-13T09:37:00.000+08:00,0.0,22.643356323242188,21.736328125,0.0,nan,388.29998779296875,0.0,0.0,1263.4000244140625,nan,nan,nan,65536.0
2026-09-13T09:38:00.000+08:00,0.0,22.626089096069336,21.6806640625,0.0,nan,388.6000061035156,0.0,0.0,1263.4000244140625,nan,nan,nan,65536.0
2026-09-13T09:39:00.000+08:00,0.0,22.654043197631836,21.6806640625,0.0,nan,388.3999938964844,0.0,0.0,1263.4000244140625,nan,nan,nan,65536.0
2026-09-13T09:40:00.000+08:00,0.0,22.666025161743164,21.69482421875,0.0,nan,388.5,0.0,0.0,1263.4000244140625,nan,nan,nan,65536.0
2026-09-13T09:41:00.000+08:00,0.0,22.640663146972656,21.66650390625,0.0,nan,388.5,0.0,0.0,1263.4000244140625,nan,nan,nan,65536.0
2026-09-13T09:42:00.000+08:00,0.0,22.641332626342773,21.65283203125,0.0,nan,388.29998779296875,0.0,0.0,1263.4000244140625,nan,nan,nan,65536.0
2026-09-13T09:43:00.000+08:00,0.0,22.635379791259766,21.736328125,0.0,nan,388.5,0.0,0.0,1263.4000244140625,nan,nan,nan,65536.0
2026-09-13T09:44:00.000+08:00,0.0,22.656692504882812,21.66650390625,0.0,nan,388.29998779296875,0.0,0.0,1263.4000244140625,nan,nan,nan,65536.0
2026-09-13T09:45:00.000+08:00,0.0,22.6280517578125,21.625,0.0,nan,388.79998779296875,0.0,0.0,1263.4000244140625,nan,nan,nan,65536.0
2026-09-13T09:46:00.000+08:00,0.0,nan,nan,0.0,nan,nan,nan,nan,nan,nan,nan,nan,nan
2026-09-13T09:47:00.000+08:00,0.0,22.65767478942871,21.687744140625,0.0,nan,388.5500030517578,0.0,0.0,1263.4000244140625,nan,nan,nan,65536.0
2026-09-13T09:48:00.000+08:00,0.0,22.67462921142578,21.63916015625,0.0,nan,388.29998779296875,0.0,0.0,1263.4000244140625,nan,nan,nan,65536.0
2026-09-13T09:49:00.000+08:00,0.0,22.679302215576172,21.72216796875,0.0,nan,388.29998779296875,0.0,0.0,1263.4000244140625,nan,nan,nan,65536.0
2026-09-13T09:50:00.000+08:00,0.0,22.676652908325195,21.65283203125,0.0,nan,388.70001220703125,0.0,0.0,1263.4000244140625,nan,nan,nan,65536.0
2026-09-13T09:51:00.000+08:00,0.0,22.66798973083496,21.65283203125,0.0,nan,387.79998779296875,0.0,0.0,1263.4000244140625,nan,nan,nan,65536.0
2026-09-13T09:52:00.000+08:00,0.0,22.649423599243164,21.63916015625,0.0,nan,388.29998779296875,0.0,0.0,1263.4000244140625,nan,nan,nan,65536.0
2026-09-13T09:53:00.000+08:00,0.0,22.66062355041504,21.63916015625,0.0,nan,388.1000061035156,0.0,0.0,1263.4000244140625,nan,nan,nan,65536.0
2026-09-13T09:54:00.000+08:00,0.0,22.656633377075195,21.69482421875,0.0,nan,388.5,0.0,0.0,1263.4000244140625,nan,nan,nan,65536.0
2026-09-13T09:55:00.000+08:00,0.0,22.659954071044922,21.66650390625,0.0,nan,388.20001220703125,0.0,0.0,1263.4000244140625,nan,nan,nan,65536.0
2026-09-13T09:56:00.000+08:00,0.0,22.66663360595703,21.736328125,0.0,nan,388.20001220703125,0.0,0.0,1263.4000244140625,nan,nan,nan,65536.0
2026-09-13T09:57:00.000+08:00,0.0,22.67333221435547,21.736328125,0.0,nan,388.0,0.0,0.0,1263.4000244140625,nan,nan,nan,65536.0
2026-09-13T09:58:00.000+08:00,0.0,22.64936637878418,21.736328125,0.0,nan,387.79998779296875,0.0,0.0,1263.4000244140625,nan,nan,nan,65536.0
2026-09-13T09:59:00.000+08:00,0.0,22.658658981323242,21.6806640625,0.0,nan,387.79998779296875,0.0,0.0,1263.4000244140625,nan,nan,nan,65536.0
2026-09-13T10:00:00.000+08:00,0.0,22.663372039794922,21.736328125,0.0,nan,387.79998779296875,0.0,0.0,1263.4000244140625,nan,nan,nan,65536.0
2026-09-13T10:01:00.000+08:00,0.0,22.673999786376953,21.70849609375,0.0,nan,387.6000061035156,0.0,0.0,1263.4000244140625,nan,nan,nan,65536.0
2026-09-13T10:02:00.000+08:00,0.0,22.71719741821289,21.736328125,0.0,nan,387.3999938964844,0.0,0.0,1263.4000244140625,nan,nan,nan,65536.0
2026-09-13T10:03:00.000+08:00,0.0,22.651350021362305,21.625,0.0,nan,387.6000061035156,0.0,0.0,1263.4000244140625,nan,nan,nan,65536.0
2026-09-13T10:04:00.000+08:00,0.0,22.64936637878418,21.63916015625,0.0,nan,388.29998779296875,0.0,0.0,1263.4000244140625,nan,nan,nan,65536.0
2026-09-13T10:05:00.000+08:00,0.0,22.662017822265625,21.66650390625,0.0,nan,387.79998779296875,0.0,0.0,1263.4000244140625,nan,nan,nan,65536.0
2026-09-13T10:06:00.000+08:00,0.0,22.656003952026367,21.69482421875,0.0,nan,387.6000061035156,0.0,0.0,1263.4000244140625,nan,nan,nan,65536.0
2026-09-13T10:07:00.000+08:00,0.0,22.648698806762695,21.63916015625,0.0,nan,388.0,0.0,0.0,1263.4000244140625,nan,nan,nan,65536.0
2026-09-13T10:08:00.000+08:00,0.0,22.64936637878418,21.72216796875,0.0,nan,387.79998779296875,0.0,0.0,1263.4000244140625,nan,nan,nan,65536.0
2026-09-13T10:09:00.000+08:00,0.0,22.65274429321289,21.65283203125,0.0,nan,387.79998779296875,1.8270000219345093,1.0529999732971191,1263.4000244140625,nan,nan,nan,65536.0
2026-09-13T10:10:00.000+08:00,0.0,22.670639038085938,21.72216796875,0.0,nan,387.70001220703125,1.8220000267028809,1.0499999523162842,1263.4000244140625,nan,nan,nan,65536.0
2026-09-13T10:11:00.000+08:00,0.0,22.68058204650879,21.69482421875,0.0,nan,388.20001220703125,1.8359999656677246,1.0529999732971191,1263.4000244140625,nan,nan,nan,65536.0
2026-09-13T10:12:00.000+08:00,0.0,22.693920135498047,21.6806640625,0.0, +inf,388.1000061035156,1.840999960899353,1.055999994277954,1263.4000244140625,nan,nan,nan,65536.0
2026-09-13T10:13:00.000+08:00,0.0,22.76544189453125,15.722412109375,0.0, +inf,387.8999938964844,1.8489999771118164,1.059000015258789,1263.5,516.796875,1.990625023841858,1.0463790893554688,1313.0
2026-09-13T10:14:00.000+08:00,0.0,22.49005126953125,10.507080078125,0.0, +inf,388.1000061035156,1.8480000495910645,1.062000036239624,1263.5,516.796875,1.990625023841858,1.0451678037643433,1313.0
2026-09-13T10:15:00.000+08:00,0.0,14.527606964111328,9.375,0.0, +inf,388.0,1.8669999837875366,1.0740000009536743,1263.5,516.796875,2.0289063453674316,1.0617214441299438,1313.0
2026-09-13T10:16:00.000+08:00,19.651845932006836,11.633495330810547,9.33349609375,1.8471739292144775,0.5733082294464111,387.5,1.8660000562667847,1.0740000009536743,1263.5,516.796875,2.0289063453674316,1.0633364915847778,1313.0
2026-09-13T10:17:00.000+08:00,0.0,11.674163818359375,9.388916015625,0.0, +inf,387.0,1.8559999465942383,1.0709999799728394,1263.5,516.796875,2.0289063453674316,1.0544540882110596,1313.0
2026-09-13T10:18:00.000+08:00,182.26919555664062,11.786155700683594,9.52783203125,29.30373764038086,0.036855366080999374,387.3999938964844,1.8589999675750732,1.0740000009536743,1263.5,516.796875,2.0289063453674316,1.0529736280441284,1313.0
2026-09-13T10:19:00.000+08:00,204.75152587890625,11.689605712890625,9.569580078125,9.876935005187988,0.10873818397521973,387.29998779296875,1.840999960899353,1.059000015258789,1263.5999755859375,516.796875,2.0289063453674316,1.0512241125106812,1313.0
2026-09-13T10:20:00.000+08:00,206.01202392578125,11.75814437866211,9.625,9.104248046875,0.1173078715801239,387.1000061035156,1.840000033378601,1.065000057220459,1263.5999755859375,516.796875,2.0289063453674316,1.0566073656082153,1313.0
2026-09-13T10:21:00.000+08:00,205.92684936523438,11.765209197998047,9.65283203125,8.786358833312988,0.12121061980724335,387.70001220703125,1.8580000400543213,1.0709999799728394,1263.5999755859375,516.796875,2.0289063453674316,1.0592989921569824,1313.0
2026-09-13T10:22:00.000+08:00,204.22885131835938,11.779529571533203,9.6875,8.695438385009766,0.12316802889108658,387.8999938964844,1.8459999561309814,1.062000036239624,1263.5999755859375,516.796875,1.990625023841858,1.0539157390594482,1313.0
2026-09-13T10:23:00.000+08:00,204.8428192138672,11.802787780761719,9.729248046875,8.633949279785156,0.12439267337322235,388.0,1.8589999675750732,1.0709999799728394,1263.5999755859375,516.796875,2.0289063453674316,1.057684063911438,1313.0
2026-09-13T10:24:00.000+08:00,203.97264099121094,11.805854797363281,9.71533203125,8.693745613098145,0.1221567839384079,388.1000061035156,1.86899995803833,1.0740000009536743,1263.5999755859375,516.796875,1.990625023841858,1.0527044534683228,1313.0
2026-09-13T10:25:00.000+08:00,202.1284637451172,11.751358032226562,9.708251953125,8.371541023254395,0.12685836851596832,388.6000061035156,1.86899995803833,1.0740000009536743,1263.699951171875,520.3125,2.0289063453674316,1.0602411031723022,1313.0
2026-09-13T10:26:00.000+08:00,203.29971313476562,11.76144790649414,9.757080078125,7.931962013244629,0.13330888748168945,388.29998779296875,1.8569999933242798,1.0709999799728394,1263.699951171875,516.796875,1.990625023841858,1.0501474142074585,1313.0
2026-09-13T10:27:00.000+08:00,203.2443389892578,11.6959228515625,9.729248046875,7.952846050262451,0.13466876745224,388.5,1.8600000143051147,1.0770000219345093,1263.699951171875,520.3125,2.0289063453674316,1.0598373413085938,1313.0
2026-09-13T10:28:00.000+08:00,203.24696350097656,11.73483657836914,9.6806640625,8.440479278564453,0.12795481085777283,388.20001220703125,1.8539999723434448,1.0740000009536743,1263.699951171875,516.796875,2.0289063453674316,1.0579532384872437,1313.0
2026-09-13T10:29:00.000+08:00,202.3666229248047,11.677814483642578,9.6806640625,8.317488670349121,0.12876483798027039,388.5,1.8539999723434448,1.0740000009536743,1263.699951171875,516.796875,2.0289063453674316,1.0543195009231567,1313.0
2026-09-13T10:30:00.000+08:00,202.15115356445312,11.644477844238281,9.638916015625,8.656916618347168,0.12371610850095749,387.79998779296875,1.8489999771118164,1.0679999589920044,1263.800048828125,516.796875,1.990625023841858,1.050551176071167,1313.0
2026-09-13T10:31:00.000+08:00,203.07569885253906,11.57861328125,9.659912109375,8.229954719543457,0.13013437390327454,388.29998779296875,1.840000033378601,1.062000036239624,1263.800048828125,516.796875,1.990625023841858,1.0501474142074585,1313.0
2026-09-13T10:32:00.000+08:00,202.54042053222656,11.710578918457031,9.770751953125,7.8725361824035645,0.13566149771213531,387.8999938964844,1.8329999446868896,1.059000015258789,1263.800048828125,516.796875,2.0289063453674316,1.0555306673049927,1313.0
2026-09-13T10:33:00.000+08:00,202.39596557617188,11.699901580810547,9.694580078125,8.138266563415527,0.1316004991531372,387.70001220703125,1.8539999723434448,1.0679999589920044,1263.800048828125,516.796875,1.990625023841858,1.0543195009231567,1313.0
2026-09-13T10:34:00.000+08:00,203.0767822265625,11.702972412109375,9.701416015625,8.203638076782227,0.13018614053726196,387.5,1.8359999656677246,1.055999994277954,1263.800048828125,516.796875,1.990625023841858,1.0475903749465942,1313.0
2026-09-13T10:35:00.000+08:00,201.49000549316406,11.737319946289062,9.666748046875,7.871343612670898,0.13491979241371155,387.5,1.8459999561309814,1.065000057220459,1263.800048828125,516.796875,2.0289063453674316,1.0549923181533813,1313.0
2026-09-13T10:36:00.000+08:00,200.90318298339844,11.661903381347656,9.645751953125,8.029735565185547,0.13225841522216797,387.3999938964844,1.8389999866485596,1.059000015258789,1263.9000244140625,516.796875,2.0289063453674316,1.05256986618042,1313.0
2026-09-13T10:37:00.000+08:00,201.73826599121094,11.683006286621094,9.625,8.040238380432129,0.1320856213569641,387.6000061035156,1.8420000076293945,1.065000057220459,1263.9000244140625,516.796875,2.0289063453674316,1.0549923181533813,1313.0
2026-09-13T10:38:00.000+08:00,201.55209350585938,11.590553283691406,9.659912109375,8.06802749633789,0.13125884532928467,387.0,1.8329999446868896,1.055999994277954,1263.9000244140625,516.796875,1.990625023841858,1.0537811517715454,1313.0
2026-09-13T10:39:00.000+08:00,200.8151397705078,11.614120483398438,9.673583984375,7.992352485656738,0.13287702202796936,387.70001220703125,1.8359999656677246,1.059000015258789,1263.9000244140625,516.796875,1.990625023841858,1.0483977794647217,1314.0
2026-09-13T10:40:00.000+08:00,203.28297424316406,11.916557312011719,9.638916015625,8.108403205871582,0.13171520829200745,387.5,1.8279999494552612,1.0529999732971191,1263.9000244140625,516.796875,1.990625023841858,1.0401883125305176,1314.0
2026-09-13T10:41:00.000+08:00,202.47412109375,11.9130859375,9.736083984375,8.267992973327637,0.12880997359752655,387.70001220703125,1.8350000381469727,1.055999994277954,1264.0,516.796875,1.990625023841858,1.0393807888031006,1314.0
2026-09-13T10:42:00.000+08:00,203.49566650390625,11.97744369506836,9.7431640625,7.789343357086182,0.1367252618074417,387.3999938964844,1.8200000524520874,1.0499999523162842,1264.0,516.796875,1.990625023841858,1.0401883125305176,1314.0
2026-09-13T10:43:00.000+08:00,0.0,11.967899322509766,9.798583984375,0.0, +inf,387.0,1.8760000467300415,1.055999994277954,1264.0,516.796875,1.990625023841858,1.0400537252426147,1314.0
2026-09-13T10:44:00.000+08:00,0.0,12.061256408691406,9.854248046875,0.0, +inf,387.20001220703125,1.8389999866485596,1.059000015258789,1264.0,516.796875,1.990625023841858,1.0435528755187988,1314.0
2026-09-13T10:45:00.000+08:00,0.0,nan,nan,0.0, +inf,nan,nan,nan,nan,nan,nan,nan,nan
2026-09-13T10:46:00.000+08:00,0.0,12.053241729736328,9.8994140625,0.0, +inf,387.25,1.831999957561493,1.0529999732971191,1264.0,516.796875,1.990625023841858,1.0465136766433716,1314.0
2026-09-13T10:47:00.000+08:00,0.0,12.093978881835938,9.96533203125,0.0, +inf,386.8999938964844,1.8229999542236328,1.0499999523162842,1264.0999755859375,516.796875,1.990625023841858,1.0392462015151978,1314.0
2026-09-13T10:48:00.000+08:00,0.0,12.166488647460938,10.041748046875,0.0, +inf,387.1000061035156,1.8250000476837158,1.0499999523162842,1264.0999755859375,516.796875,1.990625023841858,1.0479941368103027,1314.0
2026-09-13T10:49:00.000+08:00,0.0,12.131538391113281,10.069580078125,0.0, +inf,386.79998779296875,1.8339999914169312,1.0499999523162842,1264.0999755859375,516.796875,1.990625023841858,1.0432837009429932,1314.0
2026-09-13T10:50:00.000+08:00,0.0,12.156669616699219,10.083251953125,0.0, +inf,387.0,1.8339999914169312,1.055999994277954,1264.0999755859375,516.796875,1.990625023841858,1.0466482639312744,1314.0
2026-09-13T10:51:00.000+08:00,0.0,12.229747772216797,10.173583984375,0.0, +inf,386.29998779296875,1.843999981880188,1.059000015258789,1264.0999755859375,516.796875,1.990625023841858,1.0353432893753052,1314.0
2026-09-13T10:52:00.000+08:00,0.0,12.226203918457031,10.15283203125,0.0, +inf,387.0,1.8609999418258667,1.0709999799728394,1264.0999755859375,516.796875,1.990625023841858,1.0466482639312744,1314.0
2026-09-13T10:53:00.000+08:00,0.0,12.273014068603516,10.2431640625,0.0, +inf,386.70001220703125,1.8480000495910645,1.055999994277954,1264.199951171875,516.796875,1.990625023841858,1.0446295738220215,1314.0
2026-09-13T10:54:00.000+08:00,0.0,12.276260375976562,10.263916015625,0.0, +inf,387.0,1.850000023841858,1.065000057220459,1264.199951171875,516.796875,1.990625023841858,1.0446295738220215,1314.0
2026-09-13T10:55:00.000+08:00,0.0,12.352630615234375,10.284912109375,0.0, +inf,386.6000061035156,1.8350000381469727,1.0499999523162842,1264.199951171875,516.796875,1.990625023841858,1.0457061529159546,1314.0
2026-09-13T10:56:00.000+08:00,0.0,12.321346282958984,10.354248046875,0.0, +inf,386.1000061035156,1.840000033378601,1.055999994277954,1264.199951171875,516.796875,1.990625023841858,1.0473212003707886,1314.0
2026-09-13T10:57:00.000+08:00,0.0,12.346511840820312,10.3125,0.0, +inf,386.8999938964844,1.8619999885559082,1.065000057220459,1264.199951171875,516.796875,1.990625023841858,1.047052025794983,1314.0
2026-09-13T10:58:00.000+08:00,0.0,12.385032653808594,10.382080078125,0.0, +inf,387.1000061035156,1.8589999675750732,1.065000057220459,1264.300048828125,516.796875,1.990625023841858,1.0482631921768188,1314.0
2026-09-13T10:59:00.000+08:00,0.0,12.375255584716797,10.416748046875,0.0, +inf,386.3999938964844,1.8539999723434448,1.062000036239624,1264.300048828125,516.796875,1.990625023841858,1.045302391052246,1314.0
2026-09-13T11:00:00.000+08:00,0.0,12.420433044433594,10.45849609375,0.0, +inf,386.3999938964844,1.847000002861023,1.062000036239624,1264.300048828125,516.796875,1.990625023841858,1.0420724153518677,1314.0
2026-09-13T11:01:00.000+08:00,0.0,12.487499237060547,10.458251953125,0.0, +inf,386.29998779296875,1.843000054359436,1.059000015258789,1264.300048828125,516.796875,1.990625023841858,1.0482631921768188,1314.0
2026-09-13T11:02:00.000+08:00,0.0,12.48940658569336,10.5556640625,0.0, +inf,386.8999938964844,1.847000002861023,1.059000015258789,1264.300048828125,516.796875,1.990625023841858,1.0490707159042358,1314.0
2026-09-13T11:03:00.000+08:00,0.0,12.54348373413086,10.583251953125,0.0, +inf,387.0,1.850000023841858,1.065000057220459,1264.300048828125,516.796875,1.990625023841858,1.0490707159042358,1314.0
2026-09-13T11:04:00.000+08:00,0.0,12.52376937866211,10.666748046875,0.0, +inf,386.79998779296875,1.840999960899353,1.059000015258789,1264.4000244140625,516.796875,1.990625023841858,1.046244502067566,1314.0
2026-09-13T11:05:00.000+08:00,0.0,12.599422454833984,10.708251953125,0.0, +inf,386.5,1.847000002861023,1.065000057220459,1264.4000244140625,516.796875,1.990625023841858,1.0444949865341187,1314.0
2026-09-13T11:06:00.000+08:00,0.0,12.59530258178711,10.75,0.0, +inf,386.5,1.8489999771118164,1.062000036239624,1264.4000244140625,516.796875,1.990625023841858,1.0457061529159546,1314.0
2026-09-13T11:07:00.000+08:00,0.0,12.624710083007812,10.84033203125,0.0, +inf,387.1000061035156,1.843000054359436,1.062000036239624,1264.4000244140625,516.796875,1.990625023841858,1.0516277551651,1314.0
2026-09-13T11:08:00.000+08:00,0.0,12.67181396484375,10.916748046875,0.0, +inf,387.1000061035156,1.840000033378601,1.059000015258789,1264.4000244140625,516.796875,1.990625023841858,1.0496090650558472,1314.0
2026-09-13T11:09:00.000+08:00,0.0,12.661739349365234,10.951416015625,0.0, +inf,387.29998779296875,1.8519999980926514,1.0679999589920044,1264.4000244140625,516.796875,2.0289063453674316,1.0562036037445068,1314.0
2026-09-13T11:10:00.000+08:00,0.0,12.658946990966797,11.013916015625,0.0, +inf,387.29998779296875,1.8480000495910645,1.065000057220459,1264.5,516.796875,1.990625023841858,1.0516277551651,1314.0
2026-09-13T11:11:00.000+08:00,0.0,12.730274200439453,11.0625,0.0, +inf,387.1000061035156,1.8489999771118164,1.065000057220459,1264.5,516.796875,2.0289063453674316,1.0529736280441284,1314.0
2026-09-13T11:12:00.000+08:00,0.0,12.727821350097656,11.138916015625,0.0, +inf,387.0,1.8539999723434448,1.065000057220459,1264.5,516.796875,2.0289063453674316,1.0557998418807983,1314.0
2026-09-13T11:13:00.000+08:00,0.0,12.740974426269531,11.194580078125,0.0, +inf,387.70001220703125,1.8539999723434448,1.0679999589920044,1264.5,516.796875,2.0289063453674316,1.0563381910324097,1314.0
2026-09-13T11:14:00.000+08:00,0.0,12.808635711669922,11.291748046875,0.0, +inf,387.8999938964844,1.8650000095367432,1.0770000219345093,1264.5,516.796875,2.0289063453674316,1.061317801475525,1314.0
2026-09-13T11:15:00.000+08:00,0.0,12.77435302734375,11.326416015625,0.0, +inf,387.5,1.8569999933242798,1.0679999589920044,1264.5999755859375,516.796875,2.0289063453674316,1.0545886754989624,1314.0
2026-09-13T11:16:00.000+08:00,0.0,12.865222930908203,11.375,0.0, +inf,387.6000061035156,1.8589999675750732,1.0709999799728394,1264.5999755859375,516.796875,2.0289063453674316,1.0553960800170898,1314.0
2026-09-13T11:17:00.000+08:00,0.0,12.864570617675781,11.486083984375,0.0, +inf,387.3999938964844,1.8480000495910645,1.062000036239624,1264.5999755859375,516.796875,2.0289063453674316,1.0566073656082153,1314.0
2026-09-13T11:18:00.000+08:00,0.0,12.863636016845703,11.52783203125,0.0, +inf,387.20001220703125,1.8539999723434448,1.065000057220459,1264.5999755859375,516.796875,2.0289063453674316,1.0508203506469727,1314.0
2026-09-13T11:19:00.000+08:00,0.0,12.873764038085938,11.52783203125,0.0, +inf,386.79998779296875,1.8450000286102295,1.059000015258789,1264.5999755859375,516.796875,2.0289063453674316,1.0536465644836426,1314.0
2026-09-13T11:20:00.000+08:00,0.0,12.90432357788086,11.645751953125,0.0, +inf,386.8999938964844,1.8519999980926514,1.065000057220459,1264.5999755859375,516.796875,1.990625023841858,1.0510895252227783,1314.0
2026-09-13T11:21:00.000+08:00,0.0,12.985054016113281,11.6875,0.0, +inf,386.79998779296875,1.8589999675750732,1.065000057220459,1264.699951171875,516.796875,1.990625023841858,1.0510895252227783,1314.0
2026-09-13T11:22:00.000+08:00,0.0,12.977218627929688,11.791748046875,0.0, +inf,386.8999938964844,1.847000002861023,1.059000015258789,1264.699951171875,516.796875,2.0289063453674316,1.0516277551651,1314.0
2026-09-13T11:23:00.000+08:00,0.0,12.940811157226562,11.854248046875,0.0, +inf,387.0,1.8600000143051147,1.0709999799728394,1264.699951171875,516.796875,1.990625023841858,1.0508203506469727,1314.0
2026-09-13T11:24:00.000+08:00,0.0,13.045764923095703,11.923583984375,0.0, +inf,387.0,1.8580000400543213,1.0709999799728394,1264.699951171875,516.796875,2.0289063453674316,1.054050326347351,1314.0
2026-09-13T11:25:00.000+08:00,0.0,13.054832458496094,11.895751953125,0.0, +inf,387.20001220703125,1.8519999980926514,1.0679999589920044,1264.699951171875,516.796875,2.0289063453674316,1.0586260557174683,1314.0
2026-09-13T11:26:00.000+08:00,0.0,13.01633071899414,12.0,0.0, +inf,387.3999938964844,1.8539999723434448,1.0709999799728394,1264.699951171875,516.796875,2.0289063453674316,1.0583568811416626,1314.0
2026-09-13T11:27:00.000+08:00,0.0,13.02777099609375,12.076416015625,0.0, +inf,387.0,1.8609999418258667,1.0709999799728394,1264.800048828125,516.796875,2.0289063453674316,1.0582222938537598,1314.0
2026-09-13T11:28:00.000+08:00,0.0,13.07083511352539,12.132080078125,0.0, +inf,387.20001220703125,1.8609999418258667,1.0709999799728394,1264.800048828125,516.796875,2.0289063453674316,1.0557998418807983,1314.0
2026-09-13T11:29:00.000+08:00,0.0,13.079181671142578,12.145751953125,0.0, +inf,387.3999938964844,0.0,0.0,1264.800048828125,nan,nan,nan,65536.0
2026-09-13T11:30:00.000+08:00,0.0,13.092731475830078,12.236083984375,0.0, +inf,387.79998779296875,0.0,0.0,1264.800048828125,nan,nan,nan,65536.0
2026-09-13T11:31:00.000+08:00,0.0,13.185184478759766,12.263916015625,0.0, +inf,386.6000061035156,0.0,0.0,1264.800048828125,nan,nan,nan,65536.0
2026-09-13T11:32:00.000+08:00,0.0,13.135852813720703,12.34033203125,0.0,nan,387.29998779296875,0.0,0.0,1264.800048828125,nan,nan,nan,65536.0
2026-09-13T11:33:00.000+08:00,0.0,13.199577331542969,12.416748046875,0.0,nan,387.3999938964844,0.0,0.0,1264.800048828125,nan,nan,nan,65536.0
2026-09-13T11:34:00.000+08:00,0.0,13.227439880371094,12.4306640625,0.0,nan,386.79998779296875,0.0,0.0,1264.800048828125,nan,nan,nan,65536.0
2026-09-13T11:35:00.000+08:00,0.0,13.238174438476562,12.46533203125,0.0,nan,386.79998779296875,0.0,0.0,1264.800048828125,nan,nan,nan,65536.0
2026-09-13T11:36:00.000+08:00,0.0,13.292778015136719,12.513916015625,0.0,nan,386.70001220703125,0.0,0.0,1264.800048828125,nan,nan,nan,65536.0
2026-09-13T11:37:00.000+08:00,0.0,13.281997680664062,12.520751953125,0.0,nan,386.70001220703125,0.0,0.0,1264.800048828125,nan,nan,nan,65536.0
2026-09-13T11:38:00.000+08:00,0.0,13.255722045898438,12.597412109375,0.0,nan,386.6000061035156,0.0,0.0,1264.800048828125,nan,nan,nan,65536.0
2026-09-13T11:39:00.000+08:00,0.0,13.313129425048828,12.6181640625,0.0,nan,386.8999938964844,0.0,0.0,1264.800048828125,nan,nan,nan,65536.0
2026-09-13T11:40:00.000+08:00,0.0,13.373641967773438,12.722412109375,0.0,nan,387.20001220703125,0.0,0.0,1264.800048828125,nan,nan,nan,65536.0
2026-09-13T11:41:00.000+08:00,0.0,13.34658432006836,12.7431640625,0.0,nan,386.70001220703125,0.0,0.0,1264.800048828125,nan,nan,nan,65536.0
2026-09-13T11:42:00.000+08:00,0.0,13.432598114013672,12.71533203125,0.0,nan,386.20001220703125,0.0,0.0,1264.800048828125,nan,nan,nan,65536.0
2026-09-13T11:43:00.000+08:00,0.0,13.407516479492188,12.77783203125,0.0,nan,386.79998779296875,0.0,0.0,1264.800048828125,nan,nan,nan,65536.0
2026-09-13T11:44:00.000+08:00,0.0,nan,nan,0.0,nan,nan,nan,nan,nan,nan,nan,nan,nan
2026-09-13T11:45:00.000+08:00,0.0,13.464494705200195,12.854248046875,0.0,nan,387.0,0.0,0.0,1264.800048828125,nan,nan,nan,65536.0
2026-09-13T11:46:00.000+08:00,0.0,13.469688415527344,12.9306640625,0.0,nan,387.0,0.0,0.0,1264.800048828125,nan,nan,nan,65536.0
2026-09-13T11:47:00.000+08:00,0.0,13.507553100585938,12.96533203125,0.0,nan,387.29998779296875,0.0,0.0,1264.800048828125,nan,nan,nan,65536.0
2026-09-13T11:48:00.000+08:00,0.0,13.515514373779297,12.9931640625,0.0,nan,387.5,0.0,0.0,1264.800048828125,nan,nan,nan,65536.0
2026-09-13T11:49:00.000+08:00,0.0,13.500072479248047,13.041748046875,0.0,nan,386.8999938964844,0.0,0.0,1264.800048828125,nan,nan,nan,65536.0
2026-09-13T11:50:00.000+08:00,0.0,13.596023559570312,13.104248046875,0.0,nan,387.29998779296875,0.0,0.0,1264.800048828125,nan,nan,nan,65536.0
2026-09-13T11:51:00.000+08:00,0.0,13.576114654541016,13.083251953125,0.0,nan,387.3999938964844,0.0,0.0,1264.800048828125,nan,nan,nan,65536.0
2026-09-13T11:52:00.000+08:00,0.0,13.591243743896484,13.076416015625,0.0,nan,387.29998779296875,0.0,0.0,1264.800048828125,nan,nan,nan,65536.0
2026-09-13T11:53:00.000+08:00,0.0,13.645885467529297,13.1806640625,0.0,nan,387.3999938964844,0.0,0.0,1264.800048828125,nan,nan,nan,65536.0
2026-09-13T11:54:00.000+08:00,0.0,13.65264892578125,13.1875,0.0,nan,387.3999938964844,0.0,0.0,1264.800048828125,nan,nan,nan,65536.0
2026-09-13T11:55:00.000+08:00,0.0,13.67022705078125,13.194580078125,0.0,nan,387.20001220703125,0.0,0.0,1264.800048828125,nan,nan,nan,65536.0
2026-09-13T11:56:00.000+08:00,0.0,13.720771789550781,13.3056640625,0.0,nan,387.29998779296875,0.0,0.0,1264.800048828125,nan,nan,nan,65536.0
2026-09-13T11:57:00.000+08:00,0.0,13.745506286621094,13.291748046875,0.0,nan,387.3999938964844,0.0,0.0,1264.800048828125,nan,nan,nan,65536.0
2026-09-13T11:58:00.000+08:00,0.0,13.719284057617188,13.354248046875,0.0,nan,387.5,0.0,0.0,1264.800048828125,nan,nan,nan,65536.0
2026-09-13T11:59:00.000+08:00,0.0,13.811321258544922,13.347412109375,0.0,nan,387.5,0.0,0.0,1264.800048828125,nan,nan,nan,65536.0
2026-09-13T12:00:00.000+08:00,0.0,13.864612579345703,13.409912109375,0.0,nan,387.6000061035156,0.0,0.0,1264.800048828125,nan,nan,nan,65536.0
2026-09-13T12:01:00.000+08:00,0.0,13.836723327636719,13.472412109375,0.0,nan,388.0,0.0,0.0,1264.800048828125,nan,nan,nan,65536.0
2026-09-13T12:02:00.000+08:00,0.0,13.83566665649414,13.472412109375,0.0,nan,388.0,0.0,0.0,1264.800048828125,nan,nan,nan,65536.0
2026-09-13T12:03:00.000+08:00,0.0,13.851577758789062,13.5,0.0,nan,388.1000061035156,0.0,0.0,1264.800048828125,nan,nan,nan,65536.0
2026-09-13T12:04:00.000+08:00,0.0,13.834606170654297,13.534912109375,0.0,nan,387.70001220703125,0.0,0.0,1264.800048828125,nan,nan,nan,65536.0
2026-09-13T12:05:00.000+08:00,0.0,13.91720199584961,13.5625,0.0,nan,387.70001220703125,0.0,0.0,1264.800048828125,nan,nan,nan,65536.0
2026-09-13T12:06:00.000+08:00,0.0,13.927295684814453,13.583251953125,0.0,nan,387.6000061035156,0.0,0.0,1264.800048828125,nan,nan,nan,65536.0
2026-09-13T12:07:00.000+08:00,0.0,13.924121856689453,13.65283203125,0.0,nan,387.70001220703125,0.0,0.0,1264.800048828125,nan,nan,nan,65536.0
2026-09-13T12:08:00.000+08:00,0.0,13.98959732055664,13.673583984375,0.0,nan,387.8999938964844,0.0,0.0,1264.800048828125,nan,nan,nan,65536.0
2026-09-13T12:09:00.000+08:00,0.0,13.950733184814453,13.7431640625,0.0,nan,387.70001220703125,0.0,0.0,1264.800048828125,nan,nan,nan,65536.0
2026-09-13T12:10:00.000+08:00,0.0,13.989578247070312,13.708251953125,0.0,nan,387.79998779296875,0.0,0.0,1264.800048828125,nan,nan,nan,65536.0
2026-09-13T12:11:00.000+08:00,0.0,14.023723602294922,13.75,0.0,nan,387.29998779296875,0.0,0.0,1264.800048828125,nan,nan,nan,65536.0
2026-09-13T12:12:00.000+08:00,0.0,14.056449890136719,13.784912109375,0.0,nan,387.79998779296875,0.0,0.0,1264.800048828125,nan,nan,nan,65536.0
2026-09-13T12:13:00.000+08:00,0.0,14.041343688964844,13.854248046875,0.0,nan,387.8999938964844,0.0,0.0,1264.800048828125,nan,nan,nan,65536.0
2026-09-13T12:14:00.000+08:00,0.0,14.113956451416016,13.854248046875,0.0,nan,387.70001220703125,0.0,0.0,1264.800048828125,nan,nan,nan,65536.0
2026-09-13T12:15:00.000+08:00,0.0,14.074504852294922,13.916748046875,0.0,nan,387.8999938964844,0.0,0.0,1264.800048828125,nan,nan,nan,65536.0
2026-09-13T12:16:00.000+08:00,0.0,14.067779541015625,13.979248046875,0.0,nan,387.6000061035156,0.0,0.0,1264.800048828125,nan,nan,nan,65536.0
2026-09-13T12:17:00.000+08:00,0.0,14.14847183227539,13.972412109375,0.0,nan,387.70001220703125,0.0,0.0,1264.800048828125,nan,nan,nan,65536.0
2026-09-13T12:18:00.000+08:00,0.0,14.131534576416016,14.048583984375,0.0,nan,387.79998779296875,0.0,0.0,1264.800048828125,nan,nan,nan,65536.0
2026-09-13T12:19:00.000+08:00,0.0,14.205184936523438,14.0556640625,0.0,nan,387.70001220703125,0.0,0.0,1264.800048828125,nan,nan,nan,65536.0
2026-09-13T12:20:00.000+08:00,0.0,14.21975326538086,14.013916015625,0.0,nan,387.8999938964844,0.0,0.0,1264.800048828125,nan,nan,nan,65536.0
2026-09-13T12:21:00.000+08:00,0.0,14.208110809326172,14.09033203125,0.0,nan,387.6000061035156,0.0,0.0,1264.800048828125,nan,nan,nan,65536.0
2026-09-13T12:22:00.000+08:00,0.0,14.311382293701172,14.1181640625,0.0,nan,387.70001220703125,0.0,0.0,1264.800048828125,nan,nan,nan,65536.0
2026-09-13T12:23:00.000+08:00,0.0,14.281192779541016,14.145751953125,0.0,nan,387.70001220703125,0.0,0.0,1264.800048828125,nan,nan,nan,65536.0
2026-09-13T12:24:00.000+08:00,0.0,14.284748077392578,14.138916015625,0.0,nan,387.79998779296875,0.0,0.0,1264.800048828125,nan,nan,nan,65536.0
2026-09-13T12:25:00.000+08:00,0.0,14.35250473022461,14.229248046875,0.0,nan,387.79998779296875,0.0,0.0,1264.800048828125,nan,nan,nan,65536.0
2026-09-13T12:26:00.000+08:00,0.0,14.314807891845703,14.25,0.0,nan,387.79998779296875,0.0,0.0,1264.800048828125,nan,nan,nan,65536.0
2026-09-13T12:27:00.000+08:00,0.0,14.321449279785156,14.257080078125,0.0,nan,387.20001220703125,0.0,0.0,1264.800048828125,nan,nan,nan,65536.0
2026-09-13T12:28:00.000+08:00,0.0,14.401206970214844,14.291748046875,0.0,nan,387.3999938964844,0.0,0.0,1264.800048828125,nan,nan,nan,65536.0
2026-09-13T12:29:00.000+08:00,0.0,14.382118225097656,14.27783203125,0.0,nan,387.70001220703125,0.0,0.0,1264.800048828125,nan,nan,nan,65536.0
2026-09-13T12:30:00.000+08:00,0.0,14.386920928955078,14.40283203125,0.0,nan,387.70001220703125,0.0,0.0,1264.800048828125,nan,nan,nan,65536.0
2026-09-13T12:31:00.000+08:00,0.0,14.44677734375,14.423583984375,0.0,nan,387.20001220703125,0.0,0.0,1264.800048828125,nan,nan,nan,65536.0
2026-09-13T12:32:00.000+08:00,0.0,14.499027252197266,14.416748046875,0.0,nan,387.29998779296875,0.0,0.0,1264.800048828125,nan,nan,nan,65536.0
2026-09-13T12:33:00.000+08:00,0.0,14.490619659423828,14.423583984375,0.0,nan,387.20001220703125,0.0,0.0,1264.800048828125,nan,nan,nan,65536.0
2026-09-13T12:34:00.000+08:00,0.0,14.5552978515625,14.451416015625,0.0,nan,387.3999938964844,0.0,0.0,1264.800048828125,nan,nan,nan,65536.0
2026-09-13T12:35:00.000+08:00,0.0,14.544612884521484,14.458251953125,0.0,nan,387.29998779296875,0.0,0.0,1264.800048828125,nan,nan,nan,65536.0
2026-09-13T12:36:00.000+08:00,0.0,14.513168334960938,14.548583984375,0.0,nan,387.1000061035156,0.0,0.0,1264.800048828125,nan,nan,nan,65536.0
2026-09-13T12:37:00.000+08:00,0.0,14.596435546875,14.5,0.0,nan,386.79998779296875,0.0,0.0,1264.800048828125,nan,nan,nan,65536.0
2026-09-13T12:38:00.000+08:00,0.0,14.57730484008789,14.6181640625,0.0,nan,387.3999938964844,0.0,0.0,1264.800048828125,nan,nan,nan,65536.0
2026-09-13T12:39:00.000+08:00,0.0,14.617610931396484,14.569580078125,0.0,nan,387.20001220703125,0.0,0.0,1264.800048828125,nan,nan,nan,65536.0
2026-09-13T12:40:00.000+08:00,0.0,14.641983032226562,14.645751953125,0.0,nan,387.3999938964844,0.0,0.0,1264.800048828125,nan,nan,nan,65536.0
2026-09-13T12:41:00.000+08:00,0.0,14.65176773071289,14.6806640625,0.0,nan,387.20001220703125,0.0,0.0,1264.800048828125,nan,nan,nan,65536.0
2026-09-13T12:42:00.000+08:00,0.0,14.66680908203125,14.645751953125,0.0,nan,387.5,0.0,0.0,1264.800048828125,nan,nan,nan,65536.0
2026-09-13T12:43:00.000+08:00,0.0,nan,nan,0.0,nan,nan,nan,nan,nan,nan,nan,nan,nan
2026-09-13T12:44:00.000+08:00,0.0,14.732341766357422,14.708251953125,0.0,nan,387.29998779296875,0.0,0.0,1264.800048828125,nan,nan,nan,65536.0
2026-09-13T12:45:00.000+08:00,0.0,14.706100463867188,14.75,0.0,nan,387.20001220703125,0.0,0.0,1264.800048828125,nan,nan,nan,65536.0
2026-09-13T12:46:00.000+08:00,0.0,14.756214141845703,14.8125,0.0,nan,386.3999938964844,0.0,0.0,1264.800048828125,nan,nan,nan,65536.0
2026-09-13T12:47:00.000+08:00,0.0,14.764198303222656,14.84033203125,0.0,nan,386.79998779296875,0.0,0.0,1264.800048828125,nan,nan,nan,65536.0
2026-09-13T12:48:00.000+08:00,0.0,14.76251220703125,14.861083984375,0.0,nan,386.8999938964844,0.0,0.0,1264.800048828125,nan,nan,nan,65536.0
2026-09-13T12:49:00.000+08:00,0.0,14.834541320800781,14.923583984375,0.0,nan,386.79998779296875,0.0,0.0,1264.800048828125,nan,nan,nan,65536.0
2026-09-13T12:50:00.000+08:00,0.0,14.862442016601562,14.89599609375,0.0,nan,386.5,0.0,0.0,1264.800048828125,nan,nan,nan,65536.0
2026-09-13T12:51:00.000+08:00,0.0,14.836856842041016,14.875,0.0,nan,386.29998779296875,0.0,0.0,1264.800048828125,nan,nan,nan,65536.0
2026-09-13T12:52:00.000+08:00,0.0,14.814216613769531,14.882080078125,0.0,nan,386.3999938964844,0.0,0.0,1264.800048828125,nan,nan,nan,65536.0
2026-09-13T12:53:00.000+08:00,0.0,14.908870697021484,14.972412109375,0.0,nan,387.0,0.0,0.0,1264.800048828125,nan,nan,nan,65536.0
2026-09-13T12:54:00.000+08:00,0.0,14.898639678955078,15.013916015625,0.0,nan,386.8999938964844,0.0,0.0,1264.800048828125,nan,nan,nan,65536.0
2026-09-13T12:55:00.000+08:00,0.0,14.967453002929688,15.020751953125,0.0,nan,387.5,0.0,0.0,1264.800048828125,nan,nan,nan,65536.0
2026-09-13T12:56:00.000+08:00,0.0,14.96146011352539,15.069580078125,0.0,nan,387.0,0.0,0.0,1264.800048828125,nan,nan,nan,65536.0
2026-09-13T12:57:00.000+08:00,0.0,14.99490737915039,15.020751953125,0.0,nan,387.1000061035156,0.0,0.0,1264.800048828125,nan,nan,nan,65536.0
2026-09-13T12:58:00.000+08:00,0.0,14.953739166259766,15.069580078125,0.0,nan,386.8999938964844,0.0,0.0,1264.800048828125,nan,nan,nan,65536.0
2026-09-13T12:59:00.000+08:00,0.0,15.000144958496094,15.125,0.0,nan,386.70001220703125,0.0,0.0,1264.800048828125,nan,nan,nan,65536.0
2026-09-13T13:00:00.000+08:00,0.0,15.040687561035156,15.166748046875,0.0,nan,386.79998779296875,0.0,0.0,1264.800048828125,nan,nan,nan,65536.0
2026-09-13T13:01:00.000+08:00,0.0,15.044471740722656,15.2431640625,0.0,nan,386.79998779296875,0.0,0.0,1264.800048828125,nan,nan,nan,65536.0
2026-09-13T13:02:00.000+08:00,0.0,15.029796600341797,15.236083984375,0.0,nan,387.29998779296875,0.0,0.0,1264.800048828125,nan,nan,nan,65536.0
2026-09-13T13:03:00.000+08:00,0.0,15.072223663330078,15.291748046875,0.0,nan,387.20001220703125,0.0,0.0,1264.800048828125,nan,nan,nan,65536.0
2026-09-13T13:04:00.000+08:00,0.0,15.090198516845703,15.20849609375,0.0,nan,387.20001220703125,0.0,0.0,1264.800048828125,nan,nan,nan,65536.0
2026-09-13T13:05:00.000+08:00,0.0,15.109859466552734,15.201416015625,0.0,nan,387.20001220703125,0.0,0.0,1264.800048828125,nan,nan,nan,65536.0
2026-09-13T13:06:00.000+08:00,0.0,15.163566589355469,15.263916015625,0.0,nan,386.79998779296875,0.0,0.0,1264.800048828125,nan,nan,nan,65536.0
2026-09-13T13:07:00.000+08:00,0.0,15.165641784667969,15.270751953125,0.0,nan,386.29998779296875,0.0,0.0,1264.800048828125,nan,nan,nan,65536.0
2026-09-13T13:08:00.000+08:00,0.0,15.218402862548828,15.326416015625,0.0,nan,386.6000061035156,0.0,0.0,1264.800048828125,nan,nan,nan,65536.0
2026-09-13T13:09:00.000+08:00,0.0,15.202465057373047,15.347412109375,0.0,nan,386.79998779296875,0.0,0.0,1264.800048828125,nan,nan,nan,65536.0
2026-09-13T13:10:00.000+08:00,0.0,15.24422836303711,15.347412109375,0.0,nan,386.79998779296875,0.0,0.0,1264.800048828125,nan,nan,nan,65536.0
2026-09-13T13:11:00.000+08:00,0.0,15.188457489013672,15.409912109375,0.0,nan,386.29998779296875,0.0,0.0,1264.800048828125,nan,nan,nan,65536.0
2026-09-13T13:12:00.000+08:00,0.0,15.199127197265625,15.451416015625,0.0,nan,386.20001220703125,0.0,0.0,1264.800048828125,nan,nan,nan,65536.0
2026-09-13T13:13:00.000+08:00,0.0,15.288909912109375,15.472412109375,0.0,nan,386.3999938964844,0.0,0.0,1264.800048828125,nan,nan,nan,65536.0
2026-09-13T13:14:00.000+08:00,0.0,15.260848999023438,15.5,0.0,nan,386.6000061035156,0.0,0.0,1264.800048828125,nan,nan,nan,65536.0
2026-09-13T13:15:00.000+08:00,0.0,15.268321990966797,15.548583984375,0.0,nan,386.79998779296875,0.0,0.0,1264.800048828125,nan,nan,nan,65536.0
2026-09-13T13:16:00.000+08:00,0.0,15.345199584960938,15.52783203125,0.0,nan,386.79998779296875,0.0,0.0,1264.800048828125,nan,nan,nan,65536.0
2026-09-13T13:17:00.000+08:00,0.0,15.335617065429688,15.6181640625,0.0,nan,386.70001220703125,0.0,0.0,1264.800048828125,nan,nan,nan,65536.0
2026-09-13T13:18:00.000+08:00,0.0,15.31460952758789,15.611083984375,0.0,nan,386.3999938964844,0.0,0.0,1264.800048828125,nan,nan,nan,65536.0
2026-09-13T13:19:00.000+08:00,0.0,15.350013732910156,15.604248046875,0.0,nan,386.6000061035156,0.0,0.0,1264.800048828125,nan,nan,nan,65536.0
2026-09-13T13:20:00.000+08:00,0.0,15.410308837890625,15.625,0.0,nan,386.79998779296875,0.0,0.0,1264.800048828125,nan,nan,nan,65536.0
2026-09-13T13:21:00.000+08:00,0.0,15.473865509033203,15.659912109375,0.0,nan,386.79998779296875,0.0,0.0,1264.800048828125,nan,nan,nan,65536.0
2026-09-13T13:22:00.000+08:00,0.0,15.482730865478516,15.659912109375,0.0,nan,386.6000061035156,0.0,0.0,1264.800048828125,nan,nan,nan,65536.0
2026-09-13T13:23:00.000+08:00,0.0,15.46816635131836,15.722412109375,0.0,nan,386.5,0.0,0.0,1264.800048828125,nan,nan,nan,65536.0
2026-09-13T13:24:00.000+08:00,0.0,15.561012268066406,15.736083984375,0.0,nan,386.1000061035156,0.0,0.0,1264.800048828125,nan,nan,nan,65536.0
2026-09-13T13:25:00.000+08:00,0.0,15.556617736816406,15.708251953125,0.0,nan,386.6000061035156,0.0,0.0,1264.800048828125,nan,nan,nan,65536.0
2026-09-13T13:26:00.000+08:00,0.0,15.531627655029297,15.736083984375,0.0,nan,386.70001220703125,0.0,0.0,1264.800048828125,nan,nan,nan,65536.0
2026-09-13T13:27:00.000+08:00,0.0,15.512985229492188,15.77783203125,0.0,nan,386.8999938964844,0.0,0.0,1264.800048828125,nan,nan,nan,65536.0
2026-09-13T13:28:00.000+08:00,0.0,15.603397369384766,15.791748046875,0.0,nan,387.20001220703125,0.0,0.0,1264.800048828125,nan,nan,nan,65536.0
2026-09-13T13:29:00.000+08:00,0.0,15.612911224365234,15.798583984375,0.0,nan,387.3999938964844,0.0,0.0,1264.800048828125,nan,nan,nan,65536.0
2026-09-13T13:30:00.000+08:00,0.0,15.563846588134766,15.84033203125,0.0,nan,386.79998779296875,0.0,0.0,1264.800048828125,nan,nan,nan,65536.0
2026-09-13T13:31:00.000+08:00,0.0,15.66473388671875,15.819580078125,0.0,nan,387.1000061035156,0.0,0.0,1264.800048828125,nan,nan,nan,65536.0
2026-09-13T13:32:00.000+08:00,0.0,15.575584411621094,15.895751953125,0.0,nan,387.1000061035156,0.0,0.0,1264.800048828125,nan,nan,nan,65536.0
2026-09-13T13:33:00.000+08:00,0.0,15.638614654541016,15.923583984375,0.0,nan,386.1000061035156,0.0,0.0,1264.800048828125,nan,nan,nan,65536.0
2026-09-13T13:34:00.000+08:00,0.0,15.657035827636719,15.90283203125,0.0,nan,386.1000061035156,0.0,0.0,1264.800048828125,nan,nan,nan,65536.0
2026-09-13T13:35:00.000+08:00,0.0,15.631423950195312,15.895751953125,0.0,nan,386.1000061035156,0.0,0.0,1264.800048828125,nan,nan,nan,65536.0
2026-09-13T13:36:00.000+08:00,0.0,15.747936248779297,15.875,0.0,nan,385.8999938964844,0.0,0.0,1264.800048828125,nan,nan,nan,65536.0
2026-09-13T13:37:00.000+08:00,0.0,15.719833374023438,15.9931640625,0.0,nan,386.20001220703125,0.0,0.0,1264.800048828125,nan,nan,nan,65536.0
2026-09-13T13:38:00.000+08:00,0.0,15.694345474243164,16.06982421875,0.0,nan,385.70001220703125,0.0,0.0,1264.800048828125,nan,nan,nan,65536.0
2026-09-13T13:39:00.000+08:00,0.0,15.707300186157227,16.0,0.0,nan,385.6000061035156,0.0,0.0,1264.800048828125,nan,nan,nan,65536.0
2026-09-13T13:40:00.000+08:00,0.0,15.759836196899414,16.02783203125,0.0,nan,386.3999938964844,0.0,0.0,1264.800048828125,nan,nan,nan,65536.0
2026-09-13T13:41:00.000+08:00,0.0,15.780521392822266,16.08349609375,0.0,nan,386.1000061035156,0.0,0.0,1264.800048828125,nan,nan,nan,65536.0
2026-09-13T13:42:00.000+08:00,0.0,nan,nan,0.0,nan,nan,nan,nan,nan,nan,nan,nan,nan
2026-09-13T13:43:00.000+08:00,0.0,15.779921531677246,16.194580078125,0.0,nan,387.0,0.0,0.0,1264.800048828125,nan,nan,nan,65536.0
2026-09-13T13:44:00.000+08:00,0.0,15.808441162109375,16.01416015625,0.0,nan,387.3999938964844,0.0,0.0,1264.800048828125,nan,nan,nan,65536.0
2026-09-13T13:45:00.000+08:00,0.0,15.828357696533203,16.15283203125,0.0,nan,386.79998779296875,0.0,0.0,1264.800048828125,nan,nan,nan,65536.0
2026-09-13T13:46:00.000+08:00,0.0,15.817893981933594,16.236328125,0.0,nan,386.70001220703125,0.0,0.0,1264.800048828125,nan,nan,nan,65536.0
2026-09-13T13:47:00.000+08:00,0.0,15.908550262451172,16.16650390625,0.0,nan,387.0,0.0,0.0,1264.800048828125,nan,nan,nan,65536.0
2026-09-13T13:48:00.000+08:00,0.0,15.9085693359375,16.15283203125,0.0,nan,387.20001220703125,0.0,0.0,1264.800048828125,nan,nan,nan,65536.0
2026-09-13T13:49:00.000+08:00,0.0,15.925987243652344,16.20849609375,0.0,nan,387.29998779296875,0.0,0.0,1264.800048828125,nan,nan,nan,65536.0
2026-09-13T13:50:00.000+08:00,0.0,15.931734085083008,16.20849609375,0.0,nan,387.20001220703125,0.0,0.0,1264.800048828125,nan,nan,nan,65536.0
2026-09-13T13:51:00.000+08:00,0.0,15.923006057739258,16.236328125,0.0,nan,386.79998779296875,0.0,0.0,1264.800048828125,nan,nan,nan,65536.0
2026-09-13T13:52:00.000+08:00,0.0,15.946168899536133,16.27783203125,0.0,nan,387.29998779296875,0.0,0.0,1264.800048828125,nan,nan,nan,65536.0
2026-09-13T13:53:00.000+08:00,0.0,15.958379745483398,16.25,0.0,nan,387.3999938964844,0.0,0.0,1264.800048828125,nan,nan,nan,65536.0
2026-09-13T13:54:00.000+08:00,0.0,15.964363098144531,16.31982421875,0.0,nan,387.29998779296875,0.0,0.0,1264.800048828125,nan,nan,nan,65536.0
2026-09-13T13:55:00.000+08:00,0.0,16.062213897705078,16.29150390625,0.0,nan,387.0,0.0,0.0,1264.800048828125,nan,nan,nan,65536.0
2026-09-13T13:56:00.000+08:00,0.0,16.071197509765625,16.29150390625,0.0,nan,386.8999938964844,0.0,0.0,1264.800048828125,nan,nan,nan,65536.0
2026-09-13T13:57:00.000+08:00,0.0,16.082141876220703,16.25,0.0,nan,386.8999938964844,0.0,0.0,1264.800048828125,nan,nan,nan,65536.0
2026-09-13T13:58:00.000+08:00,0.0,16.003551483154297,16.29150390625,0.0,nan,387.1000061035156,0.0,0.0,1264.800048828125,nan,nan,nan,65536.0
2026-09-13T13:59:00.000+08:00,0.0,16.026458740234375,16.44482421875,0.0,nan,387.3999938964844,0.0,0.0,1264.800048828125,nan,nan,nan,65536.0
2026-09-13T14:00:00.000+08:00,0.0,16.012454986572266,16.4306640625,0.0,nan,387.70001220703125,0.0,0.0,1264.800048828125,nan,nan,nan,65536.0
2026-09-13T14:01:00.000+08:00,0.0,16.045875549316406,16.45849609375,0.0,nan,387.5,0.0,0.0,1264.800048828125,nan,nan,nan,65536.0
2026-09-13T14:02:00.000+08:00,0.0,16.09320831298828,16.45849609375,0.0,nan,387.0,0.0,0.0,1264.800048828125,nan,nan,nan,65536.0
2026-09-13T14:03:00.000+08:00,0.0,16.068885803222656,16.486328125,0.0,nan,386.8999938964844,0.0,0.0,1264.800048828125,nan,nan,nan,65536.0
2026-09-13T14:04:00.000+08:00,0.0,16.237621307373047,16.4306640625,0.0,nan,387.20001220703125,0.0,0.0,1264.800048828125,nan,nan,nan,65536.0
2026-09-13T14:05:00.000+08:00,0.0,16.225677490234375,16.4306640625,0.0,nan,386.79998779296875,0.0,0.0,1264.800048828125,nan,nan,nan,65536.0
2026-09-13T14:06:00.000+08:00,0.0,16.131549835205078,16.611328125,0.0,nan,386.6000061035156,0.0,0.0,1264.800048828125,nan,nan,nan,65536.0
2026-09-13T14:07:00.000+08:00,0.0,16.14157485961914,16.54150390625,0.0,nan,386.6000061035156,0.0,0.0,1264.800048828125,nan,nan,nan,65536.0
2026-09-13T14:08:00.000+08:00,0.0,16.191864013671875,16.58349609375,0.0,nan,386.79998779296875,0.0,0.0,1264.800048828125,nan,nan,nan,65536.0
2026-09-13T14:09:00.000+08:00,0.0,16.17938995361328,16.51416015625,0.0,nan,386.20001220703125,0.0,0.0,1264.800048828125,nan,nan,nan,65536.0
2026-09-13T14:10:00.000+08:00,0.0,16.181957244873047,16.5,0.0,nan,386.6000061035156,0.0,0.0,1264.800048828125,nan,nan,nan,65536.0
2026-09-13T14:11:00.000+08:00,0.0,16.321353912353516,16.51416015625,0.0,nan,386.3999938964844,0.0,0.0,1264.800048828125,nan,nan,nan,65536.0
2026-09-13T14:12:00.000+08:00,0.0,16.349266052246094,16.5556640625,0.0,nan,386.8999938964844,0.0,0.0,1264.800048828125,nan,nan,nan,65536.0
2026-09-13T14:13:00.000+08:00,0.0,16.37148666381836,16.59716796875,0.0,nan,387.1000061035156,0.0,0.0,1264.800048828125,nan,nan,nan,65536.0
2026-09-13T14:14:00.000+08:00,0.0,16.36935043334961,16.611328125,0.0,nan,387.79998779296875,0.0,0.0,1264.800048828125,nan,nan,nan,65536.0
2026-09-13T14:15:00.000+08:00,0.0,16.30556869506836,16.72216796875,0.0,nan,387.29998779296875,0.0,0.0,1264.800048828125,nan,nan,nan,65536.0
2026-09-13T14:16:00.000+08:00,0.0,16.301055908203125,16.65283203125,0.0,nan,386.8999938964844,0.0,0.0,1264.800048828125,nan,nan,nan,65536.0
2026-09-13T14:17:00.000+08:00,0.0,16.294109344482422,16.6806640625,0.0,nan,387.29998779296875,0.0,0.0,1264.800048828125,nan,nan,nan,65536.0
2026-09-13T14:18:00.000+08:00,0.0,16.334884643554688,16.625,0.0,nan,387.20001220703125,0.0,0.0,1264.800048828125,nan,nan,nan,65536.0
2026-09-13T14:19:00.000+08:00,0.0,16.32689666748047,16.65283203125,0.0,nan,388.0,0.0,0.0,1264.800048828125,nan,nan,nan,65536.0
2026-09-13T14:20:00.000+08:00,0.0,16.495418548583984,16.736328125,0.0,nan,387.8999938964844,0.0,0.0,1264.800048828125,nan,nan,nan,65536.0
2026-09-13T14:21:00.000+08:00,0.0,16.463512420654297,16.625,0.0,nan,388.29998779296875,0.0,0.0,1264.800048828125,nan,nan,nan,65536.0
2026-09-13T14:22:00.000+08:00,0.0,16.41915512084961,16.75,0.0,nan,388.70001220703125,0.0,0.0,1264.800048828125,nan,nan,nan,65536.0
2026-09-13T14:23:00.000+08:00,0.0,16.425220489501953,16.861328125,0.0,nan,388.29998779296875,0.0,0.0,1264.800048828125,nan,nan,nan,65536.0
2026-09-13T14:24:00.000+08:00,0.0,16.471527099609375,16.75,0.0,nan,388.1000061035156,0.0,0.0,1264.800048828125,nan,nan,nan,65536.0
2026-09-13T14:25:00.000+08:00,0.0,16.465953826904297,16.76416015625,0.0,nan,388.20001220703125,0.0,0.0,1264.800048828125,nan,nan,nan,65536.0
2026-09-13T14:26:00.000+08:00,0.0,16.460601806640625,16.79150390625,0.0,nan,388.0,0.0,0.0,1264.800048828125,nan,nan,nan,65536.0
2026-09-13T14:27:00.000+08:00,0.0,16.37790298461914,16.91650390625,0.0,nan,388.3999938964844,0.0,0.0,1264.800048828125,nan,nan,nan,65536.0
2026-09-13T14:28:00.000+08:00,0.0,16.4794921875,16.8056640625,0.0,nan,388.20001220703125,0.0,0.0,1264.800048828125,nan,nan,nan,65536.0
2026-09-13T14:29:00.000+08:00,0.0,16.378429412841797,16.91650390625,0.0,nan,388.29998779296875,0.0,0.0,1264.800048828125,nan,nan,nan,65536.0
2026-09-13T14:30:00.000+08:00,0.0,16.524425506591797,16.97216796875,0.0,nan,388.3999938964844,0.0,0.0,1264.800048828125,nan,nan,nan,65536.0
2026-09-13T14:31:00.000+08:00,0.0,16.537750244140625,16.95849609375,0.0,nan,388.1000061035156,0.0,0.0,1264.800048828125,nan,nan,nan,65536.0
2026-09-13T14:32:00.000+08:00,0.0,16.561370849609375,16.97216796875,0.0,nan,388.5,0.0,0.0,1264.800048828125,nan,nan,nan,65536.0
2026-09-13T14:33:00.000+08:00,0.0,16.56641387939453,16.875,0.0,nan,388.5,0.0,0.0,1264.800048828125,nan,nan,nan,65536.0
2026-09-13T14:34:00.000+08:00,0.0,16.598613739013672,16.986328125,0.0,nan,388.20001220703125,0.0,0.0,1264.800048828125,nan,nan,nan,65536.0
2026-09-13T14:35:00.000+08:00,0.0,16.536903381347656,16.9306640625,0.0,nan,388.0,0.0,0.0,1264.800048828125,nan,nan,nan,65536.0
2026-09-13T14:36:00.000+08:00,0.0,16.61376190185547,16.91650390625,0.0,nan,388.5,0.0,0.0,1264.800048828125,nan,nan,nan,65536.0
2026-09-13T14:37:00.000+08:00,0.0,16.614822387695312,16.875,0.0,nan,388.3999938964844,0.0,0.0,1264.800048828125,nan,nan,nan,65536.0
2026-09-13T14:38:00.000+08:00,0.0,16.66297149658203,17.02783203125,0.0,nan,387.70001220703125,0.0,0.0,1264.800048828125,nan,nan,nan,65536.0
2026-09-13T14:39:00.000+08:00,0.0,16.66055679321289,17.0,0.0,nan,387.29998779296875,0.0,0.0,1264.800048828125,nan,nan,nan,65536.0
2026-09-13T14:40:00.000+08:00,0.0,16.694602966308594,17.0556640625,0.0,nan,387.5,0.0,0.0,1264.800048828125,nan,nan,nan,65536.0
2026-09-13T14:41:00.000+08:00,0.0,nan,nan,0.0,nan,nan,nan,nan,nan,nan,nan,nan,nan
2026-09-13T14:42:00.000+08:00,0.0,16.681974411010742,17.041748046875,0.0,nan,387.1999969482422,0.0,0.0,1264.800048828125,nan,nan,nan,65536.0
2026-09-13T14:43:00.000+08:00,0.0,16.72519302368164,17.0419921875,0.0,nan,387.29998779296875,0.0,0.0,1264.800048828125,nan,nan,nan,65536.0
2026-09-13T14:44:00.000+08:00,0.0,16.70498275756836,17.09716796875,0.0,nan,387.70001220703125,0.0,0.0,1264.800048828125,nan,nan,nan,65536.0
2026-09-13T14:45:00.000+08:00,0.0,16.720657348632812,17.0556640625,0.0,nan,387.29998779296875,0.0,0.0,1264.800048828125,nan,nan,nan,65536.0
2026-09-13T14:46:00.000+08:00,0.0,16.739280700683594,17.0,0.0,nan,387.29998779296875,0.0,0.0,1264.800048828125,nan,nan,nan,65536.0
2026-09-13T14:47:00.000+08:00,0.0,16.758155822753906,17.236328125,0.0,nan,387.3999938964844,0.0,0.0,1264.800048828125,nan,nan,nan,65536.0
2026-09-13T14:48:00.000+08:00,0.0,16.79433822631836,17.22216796875,0.0,nan,387.8999938964844,0.0,0.0,1264.800048828125,nan,nan,nan,65536.0
2026-09-13T14:49:00.000+08:00,0.0,16.780757904052734,17.125,0.0,nan,388.29998779296875,0.0,0.0,1264.800048828125,nan,nan,nan,65536.0
2026-09-13T14:50:00.000+08:00,0.0,16.826496124267578,17.16650390625,0.0,nan,387.70001220703125,0.0,0.0,1264.800048828125,nan,nan,nan,65536.0
2026-09-13T14:51:00.000+08:00,0.0,16.825946807861328,17.16650390625,0.0,nan,387.8999938964844,0.0,0.0,1264.800048828125,nan,nan,nan,65536.0
2026-09-13T14:52:00.000+08:00,0.0,16.7666015625,17.26416015625,0.0,nan,387.70001220703125,0.0,0.0,1264.800048828125,nan,nan,nan,65536.0
2026-09-13T14:53:00.000+08:00,0.0,16.837921142578125,17.13916015625,0.0,nan,388.1000061035156,0.0,0.0,1264.800048828125,nan,nan,nan,65536.0
2026-09-13T14:54:00.000+08:00,0.0,16.857852935791016,17.15283203125,0.0,nan,388.1000061035156,0.0,0.0,1264.800048828125,nan,nan,nan,65536.0
2026-09-13T14:55:00.000+08:00,0.0,16.774906158447266,17.31982421875,0.0,nan,387.79998779296875,0.0,0.0,1264.800048828125,nan,nan,nan,65536.0
2026-09-13T14:56:00.000+08:00,0.0,16.995136260986328,17.16650390625,0.0,nan,387.0,0.0,0.0,1264.800048828125,nan,nan,nan,65536.0
2026-09-13T14:57:00.000+08:00,0.0,16.92005157470703,17.33349609375,0.0,nan,388.1000061035156,0.0,0.0,1264.800048828125,nan,nan,nan,65536.0
2026-09-13T14:58:00.000+08:00,0.0,16.941085815429688,17.34716796875,0.0,nan,387.6000061035156,0.0,0.0,1264.800048828125,nan,nan,nan,65536.0
2026-09-13T14:59:00.000+08:00,0.0,16.950443267822266,17.3056640625,0.0,nan,387.5,0.0,0.0,1264.800048828125,nan,nan,nan,65536.0
2026-09-13T15:00:00.000+08:00,0.0,16.96210479736328,17.33349609375,0.0,nan,387.3999938964844,0.0,0.0,1264.800048828125,nan,nan,nan,65536.0
2026-09-13T15:01:00.000+08:00,0.0,16.96404266357422,17.29150390625,0.0,nan,387.5,0.0,0.0,1264.800048828125,nan,nan,nan,65536.0
2026-09-13T15:02:00.000+08:00,0.0,16.97805404663086,17.34716796875,0.0,nan,387.20001220703125,0.0,0.0,1264.800048828125,nan,nan,nan,65536.0
2026-09-13T15:03:00.000+08:00,0.0,16.881507873535156,17.40283203125,0.0,nan,387.6000061035156,0.0,0.0,1264.800048828125,nan,nan,nan,65536.0
2026-09-13T15:04:00.000+08:00,0.0,16.8929443359375,17.486328125,0.0,nan,388.1000061035156,0.0,0.0,1264.800048828125,nan,nan,nan,65536.0
2026-09-13T15:05:00.000+08:00,0.0,17.026458740234375,17.41650390625,0.0,nan,388.1000061035156,0.0,0.0,1264.800048828125,nan,nan,nan,65536.0
2026-09-13T15:06:00.000+08:00,0.0,17.013748168945312,17.4306640625,0.0,nan,388.0,0.0,0.0,1264.800048828125,nan,nan,nan,65536.0
2026-09-13T15:07:00.000+08:00,0.0,17.023006439208984,17.47216796875,0.0,nan,388.0,0.0,0.0,1264.800048828125,nan,nan,nan,65536.0
2026-09-13T15:08:00.000+08:00,0.0,17.115833282470703,17.41650390625,0.0,nan,388.0,0.0,0.0,1264.800048828125,nan,nan,nan,65536.0
2026-09-13T15:09:00.000+08:00,0.0,17.103317260742188,17.41650390625,0.0,nan,387.29998779296875,0.0,0.0,1264.800048828125,nan,nan,nan,65536.0
2026-09-13T15:10:00.000+08:00,0.0,17.08283233642578,17.47216796875,0.0,nan,387.0,0.0,0.0,1264.800048828125,nan,nan,nan,65536.0
2026-09-13T15:11:00.000+08:00,0.0,17.09933090209961,17.375,0.0,nan,387.1000061035156,0.0,0.0,1264.800048828125,nan,nan,nan,65536.0
2026-09-13T15:12:00.000+08:00,0.0,17.027271270751953,17.56982421875,0.0,nan,387.20001220703125,0.0,0.0,1264.800048828125,nan,nan,nan,65536.0
2026-09-13T15:13:00.000+08:00,0.0,17.249526977539062,17.52783203125,0.0,nan,387.1000061035156,0.0,0.0,1264.800048828125,nan,nan,nan,65536.0
2026-09-13T15:14:00.000+08:00,0.0,17.006237030029297,17.51416015625,0.0,nan,387.29998779296875,0.0,0.0,1264.800048828125,nan,nan,nan,65536.0
2026-09-13T15:15:00.000+08:00,0.0,17.17966079711914,17.58349609375,0.0,nan,387.79998779296875,0.0,0.0,1264.800048828125,nan,nan,nan,65536.0
2026-09-13T15:16:00.000+08:00,0.0,17.155723571777344,17.611328125,0.0,nan,387.5,0.0,0.0,1264.800048828125,nan,nan,nan,65536.0
2026-09-13T15:17:00.000+08:00,0.0,17.17510986328125,17.59765625,0.0,nan,387.70001220703125,0.0,0.0,1264.800048828125,nan,nan,nan,65536.0
2026-09-13T15:18:00.000+08:00,0.0,17.22298812866211,17.611328125,0.0,nan,387.20001220703125,0.0,0.0,1264.800048828125,nan,nan,nan,65536.0
2026-09-13T15:19:00.000+08:00,0.0,17.234405517578125,17.5,0.0,nan,387.3999938964844,0.0,0.0,1264.800048828125,nan,nan,nan,65536.0
2026-09-13T15:20:00.000+08:00,0.0,17.240585327148438,17.611328125,0.0,nan,387.29998779296875,0.0,0.0,1264.800048828125,nan,nan,nan,65536.0
2026-09-13T15:21:00.000+08:00,0.0,17.134029388427734,17.6806640625,0.0,nan,388.1000061035156,0.0,0.0,1264.800048828125,nan,nan,nan,65536.0
2026-09-13T15:22:00.000+08:00,0.0,17.244728088378906,17.69482421875,0.0,nan,387.5,0.0,0.0,1264.800048828125,nan,nan,nan,65536.0
2026-09-13T15:23:00.000+08:00,0.0,17.28969955444336,17.736328125,0.0,nan,387.70001220703125,0.0,0.0,1264.800048828125,nan,nan,nan,65536.0
2026-09-13T15:24:00.000+08:00,0.0,17.299312591552734,17.70849609375,0.0,nan,387.79998779296875,0.0,0.0,1264.800048828125,nan,nan,nan,65536.0
2026-09-13T15:25:00.000+08:00,0.0,17.275943756103516,17.69482421875,0.0,nan,387.79998779296875,0.0,0.0,1264.800048828125,nan,nan,nan,65536.0
2026-09-13T15:26:00.000+08:00,0.0,17.333026885986328,17.70849609375,0.0,nan,388.0,0.0,0.0,1264.800048828125,nan,nan,nan,65536.0
2026-09-13T15:27:00.000+08:00,0.0,17.345542907714844,17.736328125,0.0,nan,387.6000061035156,0.0,0.0,1264.800048828125,nan,nan,nan,65536.0
2026-09-13T15:28:00.000+08:00,0.0,17.255878448486328,17.79150390625,0.0,nan,387.70001220703125,0.0,0.0,1264.800048828125,nan,nan,nan,65536.0
2026-09-13T15:29:00.000+08:00,0.0,17.262630462646484,17.79150390625,0.0,nan,387.8999938964844,0.0,0.0,1264.800048828125,nan,nan,nan,65536.0
2026-09-13T15:30:00.000+08:00,0.0,17.276382446289062,17.861328125,0.0,nan,387.79998779296875,0.0,0.0,1264.800048828125,nan,nan,nan,65536.0
2026-09-13T15:31:00.000+08:00,0.0,17.291767120361328,17.8056640625,0.0,nan,387.5,0.0,0.0,1264.800048828125,nan,nan,nan,65536.0
2026-09-13T15:32:00.000+08:00,0.0,17.401382446289062,17.84716796875,0.0,nan,387.70001220703125,0.0,0.0,1264.800048828125,nan,nan,nan,65536.0
2026-09-13T15:33:00.000+08:00,0.0,17.449241638183594,17.76416015625,0.0,nan,387.0,0.0,0.0,1264.800048828125,nan,nan,nan,65536.0
2026-09-13T15:34:00.000+08:00,0.0,17.428855895996094,17.861328125,0.0,nan,387.29998779296875,0.0,0.0,1264.800048828125,nan,nan,nan,65536.0
2026-09-13T15:35:00.000+08:00,0.0,17.443038940429688,17.861328125,0.0,nan,387.1000061035156,0.0,0.0,1264.800048828125,nan,nan,nan,65536.0
2026-09-13T15:36:00.000+08:00,0.0,17.461212158203125,17.861328125,0.0,nan,387.6000061035156,0.0,0.0,1264.800048828125,nan,nan,nan,65536.0
2026-09-13T15:37:00.000+08:00,0.0,17.46175765991211,17.8056640625,0.0,nan,387.1000061035156,0.0,0.0,1264.800048828125,nan,nan,nan,65536.0
2026-09-13T15:38:00.000+08:00,0.0,17.450908660888672,17.75,0.0,nan,386.70001220703125,0.0,0.0,1264.800048828125,nan,nan,nan,65536.0
2026-09-13T15:39:00.000+08:00,0.0,17.49542999267578,17.83349609375,0.0,nan,nan,nan,nan,nan,nan,nan,nan,nan
2026-09-13T15:40:00.000+08:00,0.0,nan,nan,0.0,nan,387.1000061035156,0.0,0.0,1264.800048828125,nan,nan,nan,65536.0
2026-09-13T15:41:00.000+08:00,0.0,17.39375114440918,17.875244140625,0.0,nan,387.3999938964844,0.0,0.0,1264.800048828125,nan,nan,nan,65536.0
2026-09-13T15:42:00.000+08:00,0.0,17.55868911743164,17.95849609375,0.0,nan,387.70001220703125,0.0,0.0,1264.800048828125,nan,nan,nan,65536.0
2026-09-13T15:43:00.000+08:00,0.0,17.599689483642578,17.9306640625,0.0,nan,387.5,0.0,0.0,1264.800048828125,nan,nan,nan,65536.0
2026-09-13T15:44:00.000+08:00,0.0,17.534751892089844,17.875,0.0,nan,387.3999938964844,0.0,0.0,1264.800048828125,nan,nan,nan,65536.0
2026-09-13T15:45:00.000+08:00,0.0,17.570659637451172,17.88916015625,0.0,nan,387.79998779296875,0.0,0.0,1264.800048828125,nan,nan,nan,65536.0
2026-09-13T15:46:00.000+08:00,0.0,17.586040496826172,17.986328125,0.0,nan,387.79998779296875,0.0,0.0,1264.800048828125,nan,nan,nan,65536.0
2026-09-13T15:47:00.000+08:00,0.0,17.51227378845215,18.02783203125,0.0,nan,387.29998779296875,0.0,0.0,1264.800048828125,nan,nan,nan,65536.0
2026-09-13T15:48:00.000+08:00,0.0,17.60137176513672,17.91650390625,0.0,nan,387.6000061035156,0.0,0.0,1264.800048828125,nan,nan,nan,65536.0
2026-09-13T15:49:00.000+08:00,0.0,17.62417984008789,17.91650390625,0.0,nan,387.8999938964844,0.0,0.0,1264.800048828125,nan,nan,nan,65536.0
2026-09-13T15:50:00.000+08:00,0.0,17.524816513061523,18.09716796875,0.0,nan,387.5,0.0,0.0,1264.800048828125,nan,nan,nan,65536.0
2026-09-13T15:51:00.000+08:00,0.0,17.649248123168945,18.01416015625,0.0,nan,388.20001220703125,0.0,0.0,1264.800048828125,nan,nan,nan,65536.0
2026-09-13T15:52:00.000+08:00,0.0,17.63385772705078,18.08349609375,0.0,nan,388.29998779296875,0.0,0.0,1264.800048828125,nan,nan,nan,65536.0
2026-09-13T15:53:00.000+08:00,0.0,17.675434112548828,18.111328125,0.0,nan,388.1000061035156,0.0,0.0,1264.800048828125,nan,nan,nan,65536.0
2026-09-13T15:54:00.000+08:00,0.0,17.688032150268555,18.09716796875,0.0,nan,388.29998779296875,0.0,0.0,1264.800048828125,nan,nan,nan,65536.0
2026-09-13T15:55:00.000+08:00,0.0,17.7125301361084,18.04150390625,0.0,nan,387.79998779296875,0.0,0.0,1264.800048828125,nan,nan,nan,65536.0
2026-09-13T15:56:00.000+08:00,0.0,17.743898391723633,18.0556640625,0.0,nan,388.1000061035156,0.0,0.0,1264.800048828125,nan,nan,nan,65536.0
2026-09-13T15:57:00.000+08:00,0.0,17.740461349487305,18.02783203125,0.0,nan,388.20001220703125,0.0,0.0,1264.800048828125,nan,nan,nan,65536.0
2026-09-13T15:58:00.000+08:00,0.0,17.634855270385742,18.13916015625,0.0,nan,387.79998779296875,0.0,0.0,1264.800048828125,nan,nan,nan,65536.0
2026-09-13T15:59:00.000+08:00,0.0,17.736478805541992,18.09716796875,0.0,nan,388.3999938964844,0.0,0.0,1264.800048828125,nan,nan,nan,65536.0
2026-09-13T16:00:00.000+08:00,0.0,17.79063606262207,18.19482421875,0.0,nan,388.0,0.0,0.0,1264.800048828125,nan,nan,nan,65536.0
2026-09-13T16:01:00.000+08:00,0.0,17.763273239135742,18.13916015625,0.0,nan,388.0,0.0,0.0,1264.800048828125,nan,nan,nan,65536.0
2026-09-13T16:02:00.000+08:00,0.0,17.755813598632812,18.16650390625,0.0,nan,388.20001220703125,0.0,0.0,1264.800048828125,nan,nan,nan,65536.0
2026-09-13T16:03:00.000+08:00,0.0,17.812246322631836,18.13916015625,0.0,nan,388.0,0.0,0.0,1264.800048828125,nan,nan,nan,65536.0
2026-09-13T16:04:00.000+08:00,0.0,17.812284469604492,18.20849609375,0.0,nan,388.5,0.0,0.0,1264.800048828125,nan,nan,nan,65536.0
2026-09-13T16:05:00.000+08:00,0.0,17.8071231842041,18.20849609375,0.0,nan,388.0,0.0,0.0,1264.800048828125,nan,nan,nan,65536.0
2026-09-13T16:06:00.000+08:00,0.0,17.823671340942383,18.1806640625,0.0,nan,388.0,0.0,0.0,1264.800048828125,nan,nan,nan,65536.0
2026-09-13T16:07:00.000+08:00,0.0,17.870405197143555,18.25,0.0,nan,387.8999938964844,0.0,0.0,1264.800048828125,nan,nan,nan,65536.0
2026-09-13T16:08:00.000+08:00,0.0,17.87441062927246,18.236328125,0.0,nan,388.20001220703125,0.0,0.0,1264.800048828125,nan,nan,nan,65536.0
2026-09-13T16:09:00.000+08:00,0.0,17.86758041381836,18.27783203125,0.0,nan,388.0,0.0,0.0,1264.800048828125,nan,nan,nan,65536.0
2026-09-13T16:10:00.000+08:00,0.0,17.76081657409668,18.29150390625,0.0,nan,387.8999938964844,0.0,0.0,1264.800048828125,nan,nan,nan,65536.0
2026-09-13T16:11:00.000+08:00,0.0,17.904621124267578,18.31982421875,0.0,nan,388.0,0.0,0.0,1264.800048828125,nan,nan,nan,65536.0
2026-09-13T16:12:00.000+08:00,0.0,17.929704666137695,18.33349609375,0.0,nan,387.8999938964844,0.0,0.0,1264.800048828125,nan,nan,nan,65536.0
2026-09-13T16:13:00.000+08:00,0.0,17.940542221069336,18.25,0.0,nan,388.8999938964844,0.0,0.0,1264.800048828125,nan,nan,nan,65536.0
2026-09-13T16:14:00.000+08:00,0.0,17.926860809326172,18.29150390625,0.0,nan,389.1000061035156,0.0,0.0,1264.800048828125,nan,nan,nan,65536.0
2026-09-13T16:15:00.000+08:00,0.0,17.966766357421875,18.27783203125,0.0,nan,388.8999938964844,0.0,0.0,1264.800048828125,nan,nan,nan,65536.0
2026-09-13T16:16:00.000+08:00,0.0,17.975872039794922,18.27783203125,0.0,nan,388.8999938964844,0.0,0.0,1264.800048828125,nan,nan,nan,65536.0
2026-09-13T16:17:00.000+08:00,0.0,17.978151321411133,18.34716796875,0.0,nan,388.8999938964844,0.0,0.0,1264.800048828125,nan,nan,nan,65536.0
2026-09-13T16:18:00.000+08:00,0.0,17.891347885131836,18.41650390625,0.0,nan,388.6000061035156,0.0,0.0,1264.800048828125,nan,nan,nan,65536.0
2026-09-13T16:19:00.000+08:00,0.0,17.905029296875,18.375,0.0,nan,388.70001220703125,0.0,0.0,1264.800048828125,nan,nan,nan,65536.0
2026-09-13T16:20:00.000+08:00,0.0,18.037446975708008,18.27783203125,0.0,nan,388.6000061035156,0.0,0.0,1264.800048828125,nan,nan,nan,65536.0
2026-09-13T16:21:00.000+08:00,0.0,18.060216903686523,18.41650390625,0.0,nan,388.5,0.0,0.0,1264.800048828125,nan,nan,nan,65536.0
2026-09-13T16:22:00.000+08:00,0.0,18.04198455810547,18.4306640625,0.0,nan,388.70001220703125,0.0,0.0,1264.800048828125,nan,nan,nan,65536.0
2026-09-13T16:23:00.000+08:00,0.0,18.03630828857422,18.38916015625,0.0,nan,388.6000061035156,0.0,0.0,1264.800048828125,nan,nan,nan,65536.0
2026-09-13T16:24:00.000+08:00,0.0,18.04425811767578,18.41650390625,0.0,nan,388.79998779296875,0.0,0.0,1264.800048828125,nan,nan,nan,65536.0
2026-09-13T16:25:00.000+08:00,0.0,18.105854034423828,18.486328125,0.0,nan,388.6000061035156,0.0,0.0,1264.800048828125,nan,nan,nan,65536.0
2026-09-13T16:26:00.000+08:00,0.0,18.114961624145508,18.47216796875,0.0,nan,388.5,0.0,0.0,1264.800048828125,nan,nan,nan,65536.0
2026-09-13T16:27:00.000+08:00,0.0,18.098983764648438,18.38916015625,0.0,nan,388.29998779296875,0.0,0.0,1264.800048828125,nan,nan,nan,65536.0
2026-09-13T16:28:00.000+08:00,0.0,18.11211585998535,18.47216796875,0.0,nan,388.29998779296875,0.0,0.0,1264.800048828125,nan,nan,nan,65536.0
2026-09-13T16:29:00.000+08:00,0.0,18.019620895385742,18.56982421875,0.0,nan,388.70001220703125,0.0,0.0,1264.800048828125,nan,nan,nan,65536.0
2026-09-13T16:30:00.000+08:00,0.0,18.019620895385742,18.611328125,0.0,nan,388.5,0.0,0.0,1264.800048828125,nan,nan,nan,65536.0
2026-09-13T16:31:00.000+08:00,0.0,18.021291732788086,18.5419921875,0.0,nan,387.8999938964844,0.0,0.0,1264.800048828125,nan,nan,nan,65536.0
2026-09-13T16:32:00.000+08:00,0.0,18.179365158081055,18.52783203125,0.0,nan,387.8999938964844,0.0,0.0,1264.800048828125,nan,nan,nan,65536.0
2026-09-13T16:33:00.000+08:00,0.0,18.154279708862305,18.5,0.0,nan,387.20001220703125,0.0,0.0,1264.800048828125,nan,nan,nan,65536.0
2026-09-13T16:34:00.000+08:00,0.0,18.189672470092773,18.5556640625,0.0,nan,387.0,0.0,0.0,1264.800048828125,nan,nan,nan,65536.0
2026-09-13T16:35:00.000+08:00,0.0,18.215229034423828,18.5556640625,0.0,nan,387.3999938964844,0.0,0.0,1264.800048828125,nan,nan,nan,65536.0
2026-09-13T16:36:00.000+08:00,0.0,18.214757919311523,18.5556640625,0.0,nan,387.6000061035156,0.0,0.0,1264.800048828125,nan,nan,nan,65536.0
2026-09-13T16:37:00.000+08:00,0.0,18.125030517578125,18.66650390625,0.0,nan,387.20001220703125,0.0,0.0,1264.800048828125,nan,nan,nan,65536.0
2026-09-13T16:38:00.000+08:00,0.0,18.131860733032227,18.66650390625,0.0,nan,nan,nan,nan,nan,nan,nan,nan,nan
2026-09-13T16:39:00.000+08:00,0.0,nan,nan,0.0,nan,387.1000061035156,0.0,0.0,1264.800048828125,nan,nan,nan,65536.0
2026-09-13T16:40:00.000+08:00,0.0,18.212735176086426,18.548828125,0.0,nan,387.29998779296875,0.0,0.0,1264.800048828125,nan,nan,nan,65536.0
2026-09-13T16:41:00.000+08:00,0.0,18.137592315673828,18.6806640625,0.0,nan,387.29998779296875,0.0,0.0,1264.800048828125,nan,nan,nan,65536.0
2026-09-13T16:42:00.000+08:00,0.0,18.162677764892578,18.736328125,0.0,nan,386.5,0.0,0.0,1264.800048828125,nan,nan,nan,65536.0
2026-09-13T16:43:00.000+08:00,0.0,18.31553077697754,18.6806640625,0.0,nan,386.79998779296875,0.0,0.0,1264.800048828125,nan,nan,nan,65536.0
2026-09-13T16:44:00.000+08:00,0.0,18.323522567749023,18.69482421875,0.0,nan,386.8999938964844,0.0,0.0,1264.800048828125,nan,nan,nan,65536.0
2026-09-13T16:45:00.000+08:00,0.0,18.29391860961914,18.65283203125,0.0,nan,387.29998779296875,0.0,0.0,1264.800048828125,nan,nan,nan,65536.0
2026-09-13T16:46:00.000+08:00,0.0,18.340145111083984,18.66650390625,0.0,nan,387.20001220703125,0.0,0.0,1264.800048828125,nan,nan,nan,65536.0
2026-09-13T16:47:00.000+08:00,0.0,18.25222396850586,18.81982421875,0.0,nan,387.1000061035156,0.0,0.0,1264.800048828125,nan,nan,nan,65536.0
2026-09-13T16:48:00.000+08:00,0.0,18.343461990356445,18.6806640625,0.0,nan,387.0,0.0,0.0,1264.800048828125,nan,nan,nan,65536.0
2026-09-13T16:49:00.000+08:00,0.0,18.3475284576416,18.65283203125,0.0,nan,387.3999938964844,0.0,0.0,1264.800048828125,nan,nan,nan,65536.0
2026-09-13T16:50:00.000+08:00,0.0,18.367488861083984,18.66650390625,0.0,nan,387.1000061035156,0.0,0.0,1264.800048828125,nan,nan,nan,65536.0
2026-09-13T16:51:00.000+08:00,0.0,18.377717971801758,18.79150390625,0.0,nan,387.79998779296875,0.0,0.0,1264.800048828125,nan,nan,nan,65536.0
2026-09-13T16:52:00.000+08:00,0.0,18.259607315063477,18.83349609375,0.0,nan,388.0,0.0,0.0,1264.800048828125,nan,nan,nan,65536.0
2026-09-13T16:53:00.000+08:00,0.0,18.405059814453125,18.81982421875,0.0,nan,387.70001220703125,0.0,0.0,1264.800048828125,nan,nan,nan,65536.0
2026-09-13T16:54:00.000+08:00,0.0,18.417701721191406,18.79150390625,0.0,nan,388.0,0.0,0.0,1264.800048828125,nan,nan,nan,65536.0
2026-09-13T16:55:00.000+08:00,0.0,18.44435691833496,18.8056640625,0.0,nan,388.0,0.0,0.0,1264.800048828125,nan,nan,nan,65536.0
2026-09-13T16:56:00.000+08:00,0.0,18.424314498901367,18.76416015625,0.0,nan,387.1000061035156,0.0,0.0,1264.800048828125,nan,nan,nan,65536.0
2026-09-13T16:57:00.000+08:00,0.0,18.466064453125,18.77783203125,0.0,nan,387.29998779296875,0.0,0.0,1264.800048828125,nan,nan,nan,65536.0
2026-09-13T16:58:00.000+08:00,0.0,18.436485290527344,18.861328125,0.0,nan,387.79998779296875,0.0,0.0,1264.800048828125,nan,nan,nan,65536.0
2026-09-13T16:59:00.000+08:00,0.0,18.47639274597168,18.77783203125,0.0,nan,388.0,0.0,0.0,1264.800048828125,nan,nan,nan,65536.0
2026-09-13T17:00:00.000+08:00,0.0,18.465593338012695,18.83349609375,0.0,nan,387.6000061035156,0.0,0.0,1264.800048828125,nan,nan,nan,65536.0
2026-09-13T17:01:00.000+08:00,0.0,18.492820739746094,18.83349609375,0.0,nan,387.70001220703125,0.0,0.0,1264.800048828125,nan,nan,nan,65536.0
2026-09-13T17:02:00.000+08:00,0.0,18.382740020751953,18.94482421875,0.0,nan,387.6000061035156,0.0,0.0,1264.800048828125,nan,nan,nan,65536.0
2026-09-13T17:03:00.000+08:00,0.0,18.552078247070312,18.94482421875,0.0,nan,387.3999938964844,0.0,0.0,1264.800048828125,nan,nan,nan,65536.0
2026-09-13T17:04:00.000+08:00,0.0,18.542343139648438,18.95849609375,0.0,nan,387.29998779296875,0.0,0.0,1264.800048828125,nan,nan,nan,65536.0
2026-09-13T17:05:00.000+08:00,0.0,18.5452880859375,18.875,0.0,nan,386.5,0.0,0.0,1264.800048828125,nan,nan,nan,65536.0
2026-09-13T17:06:00.000+08:00,0.0,18.571435928344727,18.91650390625,0.0,nan,387.0,0.0,0.0,1264.800048828125,nan,nan,nan,65536.0
2026-09-13T17:07:00.000+08:00,0.0,18.582368850708008,18.97216796875,0.0,nan,386.70001220703125,0.0,0.0,1264.800048828125,nan,nan,nan,65536.0
2026-09-13T17:08:00.000+08:00,0.0,18.591983795166016,18.97216796875,0.0,nan,387.29998779296875,0.0,0.0,1264.800048828125,nan,nan,nan,65536.0
2026-09-13T17:09:00.000+08:00,0.0,18.602920532226562,18.95849609375,0.0,nan,387.1000061035156,0.0,0.0,1264.800048828125,nan,nan,nan,65536.0
2026-09-13T17:10:00.000+08:00,0.0,18.618289947509766,18.97216796875,0.0,nan,385.79998779296875,0.0,0.0,1264.800048828125,nan,nan,nan,65536.0
2026-09-13T17:11:00.000+08:00,0.0,18.608081817626953,18.9306640625,0.0,nan,386.29998779296875,0.0,0.0,1264.800048828125,nan,nan,nan,65536.0
2026-09-13T17:12:00.000+08:00,0.0,18.607494354248047,18.94482421875,0.0,nan,386.1000061035156,0.0,0.0,1264.800048828125,nan,nan,nan,65536.0
2026-09-13T17:13:00.000+08:00,0.0,18.748313903808594,18.986328125,0.0,nan,386.5,0.0,0.0,1264.800048828125,nan,nan,nan,65536.0
2026-09-13T17:14:00.000+08:00,0.0,18.710174560546875,18.875,0.0,nan,386.79998779296875,0.0,0.0,1264.800048828125,nan,nan,nan,65536.0
2026-09-13T17:15:00.000+08:00,0.0,18.626256942749023,19.08349609375,0.0,nan,386.29998779296875,0.0,0.0,1264.800048828125,nan,nan,nan,65536.0
2026-09-13T17:16:00.000+08:00,0.0,18.66838264465332,19.04150390625,0.0,nan,386.20001220703125,0.0,0.0,1264.800048828125,nan,nan,nan,65536.0
2026-09-13T17:17:00.000+08:00,0.0,18.628633499145508,19.0,0.0,nan,386.3999938964844,0.0,0.0,1264.800048828125,nan,nan,nan,65536.0
2026-09-13T17:18:00.000+08:00,0.0,18.696901321411133,19.09716796875,0.0,nan,386.3999938964844,0.0,0.0,1264.800048828125,nan,nan,nan,65536.0
2026-09-13T17:19:00.000+08:00,0.0,18.699277877807617,19.01416015625,0.0,nan,386.79998779296875,0.0,0.0,1264.800048828125,nan,nan,nan,65536.0
2026-09-13T17:20:00.000+08:00,0.0,18.695114135742188,19.08349609375,0.0,nan,386.79998779296875,0.0,0.0,1264.800048828125,nan,nan,nan,65536.0
2026-09-13T17:21:00.000+08:00,0.0,18.71743392944336,19.01416015625,0.0,nan,386.5,0.0,0.0,1264.800048828125,nan,nan,nan,65536.0
2026-09-13T17:22:00.000+08:00,0.0,18.716413497924805,19.08349609375,0.0,nan,386.5,0.0,0.0,1264.800048828125,nan,nan,nan,65536.0
2026-09-13T17:23:00.000+08:00,0.0,18.740360260009766,19.0556640625,0.0,nan,386.5,0.0,0.0,1264.800048828125,nan,nan,nan,65536.0
2026-09-13T17:24:00.000+08:00,0.0,18.656269073486328,19.16650390625,0.0,nan,386.8999938964844,0.0,0.0,1264.800048828125,nan,nan,nan,65536.0
2026-09-13T17:25:00.000+08:00,0.0,18.631319046020508,19.125,0.0,nan,386.79998779296875,0.0,0.0,1264.800048828125,nan,nan,nan,65536.0
2026-09-13T17:26:00.000+08:00,0.0,18.78586196899414,19.13916015625,0.0,nan,387.0,0.0,0.0,1264.800048828125,nan,nan,nan,65536.0
2026-09-13T17:27:00.000+08:00,0.0,18.78586196899414,19.22216796875,0.0,nan,387.5,0.0,0.0,1264.800048828125,nan,nan,nan,65536.0
2026-09-13T17:28:00.000+08:00,0.0,18.7852725982666,19.236328125,0.0,nan,387.79998779296875,0.0,0.0,1264.800048828125,nan,nan,nan,65536.0
2026-09-13T17:29:00.000+08:00,0.0,18.787647247314453,19.15283203125,0.0,nan,387.6000061035156,0.0,0.0,1264.800048828125,nan,nan,nan,65536.0
2026-09-13T17:30:00.000+08:00,0.0,18.8098087310791,19.13916015625,0.0,nan,387.3999938964844,0.0,0.0,1264.800048828125,nan,nan,nan,65536.0
2026-09-13T17:31:00.000+08:00,0.0,18.855897903442383,19.19482421875,0.0,nan,387.3999938964844,0.0,0.0,1264.800048828125,nan,nan,nan,65536.0
2026-09-13T17:32:00.000+08:00,0.0,18.830360412597656,19.15283203125,0.0,nan,387.5,0.0,0.0,1264.800048828125,nan,nan,nan,65536.0
2026-09-13T17:33:00.000+08:00,0.0,18.830949783325195,19.16650390625,0.0,nan,387.79998779296875,0.0,0.0,1264.800048828125,nan,nan,nan,65536.0
2026-09-13T17:34:00.000+08:00,0.0,18.853696823120117,19.15283203125,0.0,nan,387.6000061035156,0.0,0.0,1264.800048828125,nan,nan,nan,65536.0
2026-09-13T17:35:00.000+08:00,0.0,18.86745834350586,19.236328125,0.0,nan,387.70001220703125,0.0,0.0,1264.800048828125,nan,nan,nan,65536.0
2026-09-13T17:36:00.000+08:00,0.0,18.86366844177246,19.19482421875,0.0,nan,nan,nan,nan,nan,nan,nan,nan,nan
2026-09-13T17:37:00.000+08:00,0.0,18.9009952545166,19.3056640625,0.0,nan,388.0,0.0,0.0,1264.800048828125,nan,nan,nan,65536.0
2026-09-13T17:38:00.000+08:00,0.0,nan,nan,0.0,nan,387.70001220703125,0.0,0.0,1264.800048828125,nan,nan,nan,65536.0
2026-09-13T17:39:00.000+08:00,0.0,18.901586532592773,19.326416015625,0.0,nan,387.8999938964844,0.0,0.0,1264.800048828125,nan,nan,nan,65536.0
2026-09-13T17:40:00.000+08:00,0.0,18.91596031188965,19.33349609375,0.0,nan,387.6000061035156,0.0,0.0,1264.800048828125,nan,nan,nan,65536.0
2026-09-13T17:41:00.000+08:00,0.0,18.9239501953125,19.33349609375,0.0,nan,387.79998779296875,0.0,0.0,1264.800048828125,nan,nan,nan,65536.0
2026-09-13T17:42:00.000+08:00,0.0,18.900602340698242,19.25,0.0,nan,387.79998779296875,0.0,0.0,1264.800048828125,nan,nan,nan,65536.0
2026-09-13T17:43:00.000+08:00,0.0,18.968841552734375,19.26416015625,0.0,nan,387.6000061035156,0.0,0.0,1264.800048828125,nan,nan,nan,65536.0
2026-09-13T17:44:00.000+08:00,0.0,18.955076217651367,19.34716796875,0.0,nan,387.6000061035156,0.0,0.0,1264.800048828125,nan,nan,nan,65536.0
2026-09-13T17:45:00.000+08:00,0.0,18.932531356811523,19.25,0.0,nan,386.29998779296875,0.0,0.0,1264.800048828125,nan,nan,nan,65536.0
2026-09-13T17:46:00.000+08:00,0.0,18.9774227142334,19.3056640625,0.0,nan,386.8999938964844,0.0,0.0,1264.800048828125,nan,nan,nan,65536.0
2026-09-13T17:47:00.000+08:00,0.0,18.9638729095459,19.361328125,0.0,nan,386.5,0.0,0.0,1264.800048828125,nan,nan,nan,65536.0
2026-09-13T17:48:00.000+08:00,0.0,18.993993759155273,19.361328125,0.0,nan,386.20001220703125,0.0,0.0,1264.800048828125,nan,nan,nan,65536.0
2026-09-13T17:49:00.000+08:00,0.0,18.876379013061523,19.26416015625,0.0,nan,386.6000061035156,0.0,0.0,1264.800048828125,nan,nan,nan,65536.0
2026-09-13T17:50:00.000+08:00,0.0,18.975027084350586,19.361328125,0.0,nan,386.5,0.0,0.0,1264.800048828125,nan,nan,nan,65536.0
2026-09-13T17:51:00.000+08:00,0.0,19.024118423461914,19.4306640625,0.0,nan,386.29998779296875,0.0,0.0,1264.800048828125,nan,nan,nan,65536.0
2026-09-13T17:52:00.000+08:00,0.0,19.05205726623535,19.486328125,0.0,nan,386.6000061035156,0.0,0.0,1264.800048828125,nan,nan,nan,65536.0
2026-09-13T17:53:00.000+08:00,0.0,19.01154899597168,19.4306640625,0.0,nan,386.70001220703125,0.0,0.0,1264.800048828125,nan,nan,nan,65536.0
2026-09-13T17:54:00.000+08:00,0.0,19.035114288330078,19.41650390625,0.0,nan,387.20001220703125,0.0,0.0,1264.800048828125,nan,nan,nan,65536.0
2026-09-13T17:55:00.000+08:00,0.0,19.028337478637695,19.41650390625,0.0,nan,387.0,0.0,0.0,1264.800048828125,nan,nan,nan,65536.0
2026-09-13T17:56:00.000+08:00,0.0,19.045286178588867,19.47216796875,0.0,nan,387.20001220703125,0.0,0.0,1264.800048828125,nan,nan,nan,65536.0
2026-09-13T17:57:00.000+08:00,0.0,19.086402893066406,19.486328125,0.0,nan,386.70001220703125,0.0,0.0,1264.800048828125,nan,nan,nan,65536.0
2026-09-13T17:58:00.000+08:00,0.0,19.07660484313965,19.41650390625,0.0,nan,386.6000061035156,0.0,0.0,1264.800048828125,nan,nan,nan,65536.0
2026-09-13T17:59:00.000+08:00,0.0,19.104312896728516,19.44482421875,0.0,nan,386.79998779296875,0.0,0.0,1264.800048828125,nan,nan,nan,65536.0
2026-09-13T18:00:00.000+08:00,0.0,19.08555793762207,19.4306640625,0.0,nan,386.6000061035156,0.0,0.0,1264.800048828125,nan,nan,nan,65536.0
2026-09-13T18:01:00.000+08:00,0.0,19.125717163085938,19.45849609375,0.0,nan,386.29998779296875,0.0,0.0,1264.800048828125,nan,nan,nan,65536.0
2026-09-13T18:02:00.000+08:00,0.0,19.00627326965332,19.51416015625,0.0,nan,386.1000061035156,0.0,0.0,1264.800048828125,nan,nan,nan,65536.0
2026-09-13T18:03:00.000+08:00,0.0,19.13951873779297,19.56982421875,0.0,nan,386.3999938964844,0.0,0.0,1264.800048828125,nan,nan,nan,65536.0
2026-09-13T18:04:00.000+08:00,0.0,19.151851654052734,19.59716796875,0.0,nan,386.6000061035156,0.0,0.0,1264.800048828125,nan,nan,nan,65536.0
2026-09-13T18:05:00.000+08:00,0.0,19.161041259765625,19.59716796875,0.0,nan,387.29998779296875,0.0,0.0,1264.800048828125,nan,nan,nan,65536.0
2026-09-13T18:06:00.000+08:00,0.0,19.16964340209961,19.59716796875,0.0,nan,386.6000061035156,0.0,0.0,1264.800048828125,nan,nan,nan,65536.0
2026-09-13T18:07:00.000+08:00,0.0,19.1500244140625,19.5556640625,0.0,nan,387.1000061035156,0.0,0.0,1264.800048828125,nan,nan,nan,65536.0
2026-09-13T18:08:00.000+08:00,0.0,19.175453186035156,19.54150390625,0.0,nan,386.8999938964844,0.0,0.0,1264.800048828125,nan,nan,nan,65536.0
2026-09-13T18:09:00.000+08:00,0.0,19.190202713012695,19.52783203125,0.0,nan,386.79998779296875,0.0,0.0,1264.800048828125,nan,nan,nan,65536.0
2026-09-13T18:10:00.000+08:00,0.0,19.16903305053711,19.51416015625,0.0,nan,386.70001220703125,0.0,0.0,1264.800048828125,nan,nan,nan,65536.0
2026-09-13T18:11:00.000+08:00,0.0,19.196367263793945,19.54150390625,0.0,nan,386.8999938964844,0.0,0.0,1264.800048828125,nan,nan,nan,65536.0
2026-09-13T18:12:00.000+08:00,0.0,19.20494842529297,19.54150390625,0.0,nan,386.29998779296875,0.0,0.0,1264.800048828125,nan,nan,nan,65536.0
2026-09-13T18:13:00.000+08:00,0.0,19.319795608520508,19.611328125,0.0,nan,386.79998779296875,0.0,0.0,1264.800048828125,nan,nan,nan,65536.0
2026-09-13T18:14:00.000+08:00,0.0,19.365861892700195,19.5419921875,0.0,nan,387.0,0.0,0.0,1264.800048828125,nan,nan,nan,65536.0
2026-09-13T18:15:00.000+08:00,0.0,19.35944175720215,19.70849609375,0.0,nan,386.70001220703125,0.0,0.0,1264.800048828125,nan,nan,nan,65536.0
2026-09-13T18:16:00.000+08:00,0.0,19.359718322753906,19.625,0.0,nan,386.6000061035156,0.0,0.0,1264.800048828125,nan,nan,nan,65536.0
2026-09-13T18:17:00.000+08:00,0.0,19.204004287719727,19.5556640625,0.0,nan,386.29998779296875,0.0,0.0,1264.800048828125,nan,nan,nan,65536.0
2026-09-13T18:18:00.000+08:00,0.0,19.256847381591797,19.63916015625,0.0,nan,386.1000061035156,0.0,0.0,1264.800048828125,nan,nan,nan,65536.0
2026-09-13T18:19:00.000+08:00,0.0,19.26943588256836,19.736328125,0.0,nan,386.20001220703125,0.0,0.0,1264.800048828125,nan,nan,nan,65536.0
2026-09-13T18:20:00.000+08:00,0.0,19.357280731201172,19.54150390625,0.0,nan,386.0,0.0,0.0,1264.800048828125,nan,nan,nan,65536.0
2026-09-13T18:21:00.000+08:00,0.0,19.29336929321289,19.69482421875,0.0,nan,386.0,0.0,0.0,1264.800048828125,nan,nan,nan,65536.0
2026-09-13T18:22:00.000+08:00,0.0,19.26603889465332,19.70849609375,0.0,nan,386.1000061035156,0.0,0.0,1264.800048828125,nan,nan,nan,65536.0
2026-09-13T18:23:00.000+08:00,0.0,19.278017044067383,19.6669921875,0.0,nan,386.5,0.0,0.0,1264.800048828125,nan,nan,nan,65536.0
2026-09-13T18:24:00.000+08:00,0.0,19.32899284362793,19.6669921875,0.0,nan,386.79998779296875,0.0,0.0,1264.800048828125,nan,nan,nan,65536.0
2026-09-13T18:25:00.000+08:00,0.0,19.319488525390625,19.66650390625,0.0,nan,386.0,0.0,0.0,1264.800048828125,nan,nan,nan,65536.0
2026-09-13T18:26:00.000+08:00,0.0,19.34772300720215,19.66650390625,0.0,nan,386.6000061035156,0.0,0.0,1264.800048828125,nan,nan,nan,65536.0
2026-09-13T18:27:00.000+08:00,0.0,19.326536178588867,19.70849609375,0.0,nan,386.3999938964844,0.0,0.0,1264.800048828125,nan,nan,nan,65536.0
2026-09-13T18:28:00.000+08:00,0.0,19.36859703063965,19.70849609375,0.0,nan,386.6000061035156,0.0,0.0,1264.800048828125,nan,nan,nan,65536.0
2026-09-13T18:29:00.000+08:00,0.0,19.498212814331055,19.69482421875,0.0,nan,387.1000061035156,0.0,0.0,1264.800048828125,nan,nan,nan,65536.0
2026-09-13T18:30:00.000+08:00,0.0,19.422636032104492,19.77783203125,0.0,nan,387.0,0.0,0.0,1264.800048828125,nan,nan,nan,65536.0
2026-09-13T18:31:00.000+08:00,0.0,19.496976852416992,19.6806640625,0.0,nan,387.0,0.0,0.0,1264.800048828125,nan,nan,nan,65536.0
2026-09-13T18:32:00.000+08:00,0.0,19.39532470703125,19.83349609375,0.0,nan,386.79998779296875,0.0,0.0,1264.800048828125,nan,nan,nan,65536.0
2026-09-13T18:33:00.000+08:00,0.0,19.4171199798584,19.76416015625,0.0,nan,386.70001220703125,0.0,0.0,1264.800048828125,nan,nan,nan,65536.0
2026-09-13T18:34:00.000+08:00,0.0,19.402685165405273,19.81982421875,0.0,nan,nan,nan,nan,nan,nan,nan,nan,nan
2026-09-13T18:35:00.000+08:00,0.0,19.409442901611328,19.84716796875,0.0,nan,386.25,0.0,0.0,1264.800048828125,nan,nan,nan,65536.0
2026-09-13T18:36:00.000+08:00,0.0,19.433082580566406,19.75,0.0,nan,386.5,0.0,0.0,1264.800048828125,nan,nan,nan,65536.0
2026-09-13T18:37:00.000+08:00,0.0,nan,nan,0.0,nan,386.29998779296875,0.0,0.0,1264.800048828125,nan,nan,nan,65536.0
2026-09-13T18:38:00.000+08:00,0.0,19.43154239654541,19.83349609375,0.0,nan,386.70001220703125,0.0,0.0,1264.800048828125,nan,nan,nan,65536.0
2026-09-13T18:39:00.000+08:00,0.0,19.442922592163086,19.76416015625,0.0,nan,386.6000061035156,0.0,0.0,1264.800048828125,nan,nan,nan,65536.0
2026-09-13T18:40:00.000+08:00,0.0,19.58665657043457,19.79150390625,0.0,nan,386.79998779296875,0.0,0.0,1264.800048828125,nan,nan,nan,65536.0
2026-09-13T18:41:00.000+08:00,0.0,19.46255874633789,19.8056640625,0.0,nan,386.3999938964844,0.0,0.0,1264.800048828125,nan,nan,nan,65536.0
2026-09-13T18:42:00.000+08:00,0.0,19.58141326904297,19.76416015625,0.0,nan,386.29998779296875,0.0,0.0,1264.800048828125,nan,nan,nan,65536.0
2026-09-13T18:43:00.000+08:00,0.0,19.57771873474121,19.84716796875,0.0,nan,386.70001220703125,0.0,0.0,1264.800048828125,nan,nan,nan,65536.0
2026-09-13T18:44:00.000+08:00,0.0,19.623197555541992,19.77783203125,0.0,nan,386.3999938964844,0.0,0.0,1264.800048828125,nan,nan,nan,65536.0
2026-09-13T18:45:00.000+08:00,0.0,19.519662857055664,19.986328125,0.0,nan,386.70001220703125,0.0,0.0,1264.800048828125,nan,nan,nan,65536.0
2026-09-13T18:46:00.000+08:00,0.0,19.516576766967773,19.77783203125,0.0,nan,387.0,0.0,0.0,1264.800048828125,nan,nan,nan,65536.0
2026-09-13T18:47:00.000+08:00,0.0,19.51443862915039,19.91650390625,0.0,nan,386.3999938964844,0.0,0.0,1264.800048828125,nan,nan,nan,65536.0
2026-09-13T18:48:00.000+08:00,0.0,19.50465965270996,19.95849609375,0.0,nan,386.20001220703125,0.0,0.0,1264.800048828125,nan,nan,nan,65536.0
2026-09-13T18:49:00.000+08:00,0.0,19.5307559967041,19.90283203125,0.0,nan,386.1000061035156,0.0,0.0,1264.800048828125,nan,nan,nan,65536.0
2026-09-13T18:50:00.000+08:00,0.0,19.57892417907715,19.9306640625,0.0,nan,386.1000061035156,0.0,0.0,1264.800048828125,nan,nan,nan,65536.0
2026-09-13T18:51:00.000+08:00,0.0,19.58167266845703,19.9306640625,0.0,nan,386.79998779296875,0.0,0.0,1264.800048828125,nan,nan,nan,65536.0
2026-09-13T18:52:00.000+08:00,0.0,19.549470901489258,19.95849609375,0.0,nan,386.29998779296875,0.0,0.0,1264.800048828125,nan,nan,nan,65536.0
2026-09-13T18:53:00.000+08:00,0.0,19.56969451904297,19.94482421875,0.0,nan,386.20001220703125,0.0,0.0,1264.800048828125,nan,nan,nan,65536.0
2026-09-13T18:54:00.000+08:00,0.0,19.69593048095703,19.9306640625,0.0,nan,386.5,0.0,0.0,1264.800048828125,nan,nan,nan,65536.0
2026-09-13T18:55:00.000+08:00,0.0,19.686702728271484,19.91650390625,0.0,nan,386.6000061035156,0.0,0.0,1264.800048828125,nan,nan,nan,65536.0
2026-09-13T18:56:00.000+08:00,0.0,19.699918746948242,19.94482421875,0.0,nan,386.5,0.0,0.0,1264.800048828125,nan,nan,nan,65536.0
2026-09-13T18:57:00.000+08:00,0.0,19.745691299438477,19.94482421875,0.0,nan,386.1000061035156,0.0,0.0,1264.800048828125,nan,nan,nan,65536.0
2026-09-13T18:58:00.000+08:00,0.0,19.720497131347656,19.875,0.0,nan,386.29998779296875,0.0,0.0,1264.800048828125,nan,nan,nan,65536.0
2026-09-13T18:59:00.000+08:00,0.0,19.71101188659668,19.875,0.0,nan,386.79998779296875,0.0,0.0,1264.800048828125,nan,nan,nan,65536.0
2026-09-13T19:00:00.000+08:00,0.0,19.731239318847656,19.91650390625,0.0,nan,386.5,0.0,0.0,1264.800048828125,nan,nan,nan,65536.0
2026-09-13T19:01:00.000+08:00,0.0,19.740467071533203,19.91650390625,0.0,nan,386.8999938964844,0.0,0.0,1264.800048828125,nan,nan,nan,65536.0
2026-09-13T19:02:00.000+08:00,0.0,19.64278221130371,20.111328125,0.0,nan,386.70001220703125,0.0,0.0,1264.800048828125,nan,nan,nan,65536.0
2026-09-13T19:03:00.000+08:00,0.0,19.640033721923828,20.08349609375,0.0,nan,386.5,0.0,0.0,1264.800048828125,nan,nan,nan,65536.0
2026-09-13T19:04:00.000+08:00,0.0,19.633926391601562,20.02783203125,0.0,nan,386.8999938964844,0.0,0.0,1264.800048828125,nan,nan,nan,65536.0
2026-09-13T19:05:00.000+08:00,0.0,19.640914916992188,20.0,0.0,nan,387.1000061035156,0.0,0.0,1264.800048828125,nan,nan,nan,65536.0
2026-09-13T19:06:00.000+08:00,0.0,19.63017463684082,20.111328125,0.0,nan,386.5,0.0,0.0,1264.800048828125,nan,nan,nan,65536.0
2026-09-13T19:07:00.000+08:00,0.0,19.677833557128906,20.02783203125,0.0,nan,386.3999938964844,0.0,0.0,1264.800048828125,nan,nan,nan,65536.0
2026-09-13T19:08:00.000+08:00,0.0,19.6505184173584,20.09716796875,0.0,nan,386.6000061035156,0.0,0.0,1264.800048828125,nan,nan,nan,65536.0
2026-09-13T19:09:00.000+08:00,0.0,19.63578987121582,20.09716796875,0.0,nan,387.1000061035156,0.0,0.0,1264.800048828125,nan,nan,nan,65536.0
2026-09-13T19:10:00.000+08:00,0.0,19.68981170654297,20.01416015625,0.0,nan,387.1000061035156,0.0,0.0,1264.800048828125,nan,nan,nan,65536.0
2026-09-13T19:11:00.000+08:00,0.0,19.816301345825195,20.111328125,0.0,nan,387.20001220703125,0.0,0.0,1264.800048828125,nan,nan,nan,65536.0
2026-09-13T19:12:00.000+08:00,0.0,19.81231689453125,20.01416015625,0.0,nan,387.0,0.0,0.0,1264.800048828125,nan,nan,nan,65536.0
2026-09-13T19:13:00.000+08:00,0.0,19.820289611816406,20.02783203125,0.0,nan,387.79998779296875,0.0,0.0,1264.800048828125,nan,nan,nan,65536.0
2026-09-13T19:14:00.000+08:00,0.0,19.837745666503906,20.111328125,0.0,nan,387.70001220703125,0.0,0.0,1264.800048828125,nan,nan,nan,65536.0
2026-09-13T19:15:00.000+08:00,0.0,19.865453720092773,20.06982421875,0.0,nan,387.70001220703125,0.0,0.0,1264.800048828125,nan,nan,nan,65536.0
2026-09-13T19:16:00.000+08:00,0.0,19.84212303161621,20.04150390625,0.0,nan,387.5,0.0,0.0,1264.800048828125,nan,nan,nan,65536.0
2026-09-13T19:17:00.000+08:00,0.0,19.859582901000977,20.09716796875,0.0,nan,387.70001220703125,0.0,0.0,1264.800048828125,nan,nan,nan,65536.0
2026-09-13T19:18:00.000+08:00,0.0,19.75914764404297,20.236328125,0.0,nan,387.6000061035156,0.0,0.0,1264.800048828125,nan,nan,nan,65536.0
2026-09-13T19:19:00.000+08:00,0.0,19.857088088989258,20.0,0.0,nan,387.29998779296875,0.0,0.0,1264.800048828125,nan,nan,nan,65536.0
2026-09-13T19:20:00.000+08:00,0.0,19.759775161743164,20.236328125,0.0,nan,388.20001220703125,0.0,0.0,1264.800048828125,nan,nan,nan,65536.0
2026-09-13T19:21:00.000+08:00,0.0,19.7644100189209,20.20849609375,0.0,nan,388.0,0.0,0.0,1264.800048828125,nan,nan,nan,65536.0
2026-09-13T19:22:00.000+08:00,0.0,19.836252212524414,20.04150390625,0.0,nan,387.79998779296875,0.0,0.0,1264.800048828125,nan,nan,nan,65536.0
2026-09-13T19:23:00.000+08:00,0.0,19.782867431640625,20.13916015625,0.0,nan,388.20001220703125,0.0,0.0,1264.800048828125,nan,nan,nan,65536.0
2026-09-13T19:24:00.000+08:00,0.0,19.766904830932617,20.16650390625,0.0,nan,387.6000061035156,0.0,0.0,1264.800048828125,nan,nan,nan,65536.0
2026-09-13T19:25:00.000+08:00,0.0,19.906845092773438,20.19482421875,0.0,nan,387.29998779296875,0.0,0.0,1264.800048828125,nan,nan,nan,65536.0
2026-09-13T19:26:00.000+08:00,0.0,19.92805290222168,20.236328125,0.0,nan,387.20001220703125,0.0,0.0,1264.800048828125,nan,nan,nan,65536.0
2026-09-13T19:27:00.000+08:00,0.0,19.92805290222168,20.236328125,0.0,nan,387.0,0.0,0.0,1264.800048828125,nan,nan,nan,65536.0
2026-09-13T19:28:00.000+08:00,0.0,19.918590545654297,20.20849609375,0.0,nan,387.1000061035156,0.0,0.0,1264.800048828125,nan,nan,nan,65536.0
2026-09-13T19:29:00.000+08:00,0.0,19.97848129272461,20.125,0.0,nan,387.6000061035156,0.0,0.0,1264.800048828125,nan,nan,nan,65536.0
2026-09-13T19:30:00.000+08:00,0.0,19.930803298950195,20.22216796875,0.0,nan,387.3999938964844,0.0,0.0,1264.800048828125,nan,nan,nan,65536.0
2026-09-13T19:31:00.000+08:00,0.0,19.952009201049805,20.1806640625,0.0,nan,387.79998779296875,0.0,0.0,1264.800048828125,nan,nan,nan,65536.0
2026-09-13T19:32:00.000+08:00,0.0,19.96063232421875,20.125,0.0,nan,388.20001220703125,0.0,0.0,1264.800048828125,nan,nan,nan,65536.0
2026-09-13T19:33:00.000+08:00,0.0,19.967975616455078,20.22216796875,0.0,nan,nan,nan,nan,nan,nan,nan,nan,nan
2026-09-13T19:34:00.000+08:00,0.0,19.998432159423828,20.16650390625,0.0,nan,387.3000030517578,0.0,0.0,1264.800048828125,nan,nan,nan,65536.0
2026-09-13T19:35:00.000+08:00,0.0,19.98857307434082,20.13916015625,0.0,nan,387.0,0.0,0.0,1264.800048828125,nan,nan,nan,65536.0
2026-09-13T19:36:00.000+08:00,0.0,nan,nan,0.0,nan,387.3999938964844,0.0,0.0,1264.800048828125,nan,nan,nan,65536.0
2026-09-13T19:37:00.000+08:00,0.0,20.037935256958008,20.20849609375,0.0,nan,387.0,0.0,0.0,1264.800048828125,nan,nan,nan,65536.0
2026-09-13T19:38:00.000+08:00,0.0,20.01523780822754,20.33349609375,0.0,nan,387.6000061035156,0.0,0.0,1264.800048828125,nan,nan,nan,65536.0
2026-09-13T19:39:00.000+08:00,0.0,19.987728118896484,20.16650390625,0.0,nan,388.0,0.0,0.0,1264.800048828125,nan,nan,nan,65536.0
2026-09-13T19:40:00.000+08:00,0.0,20.008522033691406,20.27783203125,0.0,nan,388.20001220703125,0.0,0.0,1264.800048828125,nan,nan,nan,65536.0
2026-09-13T19:41:00.000+08:00,0.0,20.048444747924805,20.27783203125,0.0,nan,387.79998779296875,0.0,0.0,1264.800048828125,nan,nan,nan,65536.0
2026-09-13T19:42:00.000+08:00,0.0,20.04716682434082,20.25,0.0,nan,387.70001220703125,0.0,0.0,1264.800048828125,nan,nan,nan,65536.0
2026-09-13T19:43:00.000+08:00,0.0,20.030380249023438,20.3056640625,0.0,nan,387.20001220703125,0.0,0.0,1264.800048828125,nan,nan,nan,65536.0
2026-09-13T19:44:00.000+08:00,0.0,20.055789947509766,20.33349609375,0.0,nan,387.3999938964844,0.0,0.0,1264.800048828125,nan,nan,nan,65536.0
2026-09-13T19:45:00.000+08:00,0.0,20.095062255859375,20.361328125,0.0,nan,387.1000061035156,0.0,0.0,1264.800048828125,nan,nan,nan,65536.0
2026-09-13T19:46:00.000+08:00,0.0,20.070497512817383,20.34716796875,0.0,nan,388.0,0.0,0.0,1264.800048828125,nan,nan,nan,65536.0
2026-09-13T19:47:00.000+08:00,0.0,20.09025001525879,20.2919921875,0.0,nan,387.5,0.0,0.0,1264.800048828125,nan,nan,nan,65536.0
2026-09-13T19:48:00.000+08:00,0.0,20.092981338500977,20.29150390625,0.0,nan,387.29998779296875,0.0,0.0,1264.800048828125,nan,nan,nan,65536.0
2026-09-13T19:49:00.000+08:00,0.0,20.082904815673828,20.27783203125,0.0,nan,387.5,0.0,0.0,1264.800048828125,nan,nan,nan,65536.0
2026-09-13T19:50:00.000+08:00,0.0,20.07238006591797,20.33349609375,0.0,nan,387.6000061035156,0.0,0.0,1264.800048828125,nan,nan,nan,65536.0
2026-09-13T19:51:00.000+08:00,0.0,20.096338272094727,20.25,0.0,nan,387.5,0.0,0.0,1264.800048828125,nan,nan,nan,65536.0
2026-09-13T19:52:00.000+08:00,0.0,20.10515594482422,20.27783203125,0.0,nan,387.5,0.0,0.0,1264.800048828125,nan,nan,nan,65536.0
2026-09-13T19:53:00.000+08:00,0.0,20.065664291381836,20.27783203125,0.0,nan,387.79998779296875,0.0,0.0,1264.800048828125,nan,nan,nan,65536.0
2026-09-13T19:54:00.000+08:00,0.0,20.13099479675293,20.40283203125,0.0,nan,388.29998779296875,0.0,0.0,1264.800048828125,nan,nan,nan,65536.0
2026-09-13T19:55:00.000+08:00,0.0,20.14568328857422,20.4306640625,0.0,nan,388.0,0.0,0.0,1264.800048828125,nan,nan,nan,65536.0
2026-09-13T19:56:00.000+08:00,0.0,20.237932205200195,20.27783203125,0.0,nan,387.8999938964844,0.0,0.0,1264.800048828125,nan,nan,nan,65536.0
2026-09-13T19:57:00.000+08:00,0.0,20.131624221801758,20.38916015625,0.0,nan,387.79998779296875,0.0,0.0,1264.800048828125,nan,nan,nan,65536.0
2026-09-13T19:58:00.000+08:00,0.0,20.16673469543457,20.41650390625,0.0,nan,388.3999938964844,0.0,0.0,1264.800048828125,nan,nan,nan,65536.0
2026-09-13T19:59:00.000+08:00,0.0,20.133527755737305,20.41650390625,0.0,nan,388.29998779296875,0.0,0.0,1264.800048828125,nan,nan,nan,65536.0
2026-09-13T20:00:00.000+08:00,0.0,20.171546936035156,20.40283203125,0.0,nan,388.20001220703125,0.0,0.0,1264.800048828125,nan,nan,nan,65536.0
2026-09-13T20:01:00.000+08:00,0.0,20.185426712036133,20.41650390625,0.0,nan,388.3999938964844,0.0,0.0,1264.800048828125,nan,nan,nan,65536.0
2026-09-13T20:02:00.000+08:00,0.0,20.190044403076172,20.47216796875,0.0,nan,388.29998779296875,0.0,0.0,1264.800048828125,nan,nan,nan,65536.0
2026-09-13T20:03:00.000+08:00,0.0,20.18878746032715,20.47216796875,0.0,nan,388.29998779296875,0.0,0.0,1264.800048828125,nan,nan,nan,65536.0
2026-09-13T20:04:00.000+08:00,0.0,20.16292381286621,20.40283203125,0.0,nan,388.8999938964844,0.0,0.0,1264.800048828125,nan,nan,nan,65536.0
2026-09-13T20:05:00.000+08:00,0.0,20.18668556213379,20.486328125,0.0,nan,388.3999938964844,0.0,0.0,1264.800048828125,nan,nan,nan,65536.0
2026-09-13T20:06:00.000+08:00,0.0,20.20745849609375,20.486328125,0.0,nan,388.20001220703125,0.0,0.0,1264.800048828125,nan,nan,nan,65536.0
2026-09-13T20:07:00.000+08:00,0.0,20.35977554321289,20.44482421875,0.0,nan,387.79998779296875,0.0,0.0,1264.800048828125,nan,nan,nan,65536.0
2026-09-13T20:08:00.000+08:00,0.0,20.202667236328125,20.486328125,0.0,nan,388.0,0.0,0.0,1264.800048828125,nan,nan,nan,65536.0
2026-09-13T20:09:00.000+08:00,0.0,20.235403060913086,20.45849609375,0.0,nan,388.0,0.0,0.0,1264.800048828125,nan,nan,nan,65536.0
2026-09-13T20:10:00.000+08:00,0.0,20.250091552734375,20.4306640625,0.0,nan,388.20001220703125,0.0,0.0,1264.800048828125,nan,nan,nan,65536.0
2026-09-13T20:11:00.000+08:00,0.0,20.327667236328125,20.4306640625,0.0,nan,388.0,0.0,0.0,1264.800048828125,nan,nan,nan,65536.0
2026-09-13T20:12:00.000+08:00,0.0,20.340274810791016,20.375,0.0,nan,388.20001220703125,0.0,0.0,1264.800048828125,nan,nan,nan,65536.0
2026-09-13T20:13:00.000+08:00,0.0,20.273889541625977,20.54150390625,0.0,nan,388.0,0.0,0.0,1264.800048828125,nan,nan,nan,65536.0
2026-09-13T20:14:00.000+08:00,0.0,20.36438751220703,20.47216796875,0.0,nan,388.1000061035156,0.0,0.0,1264.800048828125,nan,nan,nan,65536.0
2026-09-13T20:15:00.000+08:00,0.0,20.26222801208496,20.59716796875,0.0,nan,388.20001220703125,0.0,0.0,1264.800048828125,nan,nan,nan,65536.0
2026-09-13T20:16:00.000+08:00,0.0,20.25391960144043,20.51416015625,0.0,nan,387.8999938964844,0.0,0.0,1264.800048828125,nan,nan,nan,65536.0
2026-09-13T20:17:00.000+08:00,0.0,20.256000518798828,20.5,0.0,nan,387.79998779296875,0.0,0.0,1264.800048828125,nan,nan,nan,65536.0
2026-09-13T20:18:00.000+08:00,0.0,20.301191329956055,20.5556640625,0.0,nan,387.8999938964844,0.0,0.0,1264.800048828125,nan,nan,nan,65536.0
2026-09-13T20:19:00.000+08:00,0.0,20.27931022644043,20.58349609375,0.0,nan,387.79998779296875,0.0,0.0,1264.800048828125,nan,nan,nan,65536.0
2026-09-13T20:20:00.000+08:00,0.0,20.300703048706055,20.52783203125,0.0,nan,387.70001220703125,0.0,0.0,1264.800048828125,nan,nan,nan,65536.0
2026-09-13T20:21:00.000+08:00,0.0,20.30390167236328,20.51416015625,0.0,nan,387.8999938964844,0.0,0.0,1264.800048828125,nan,nan,nan,65536.0
2026-09-13T20:22:00.000+08:00,0.0,20.299108505249023,20.54150390625,0.0,nan,387.6000061035156,0.0,0.0,1264.800048828125,nan,nan,nan,65536.0
2026-09-13T20:23:00.000+08:00,0.0,20.319873809814453,20.59716796875,0.0,nan,387.3999938964844,0.0,0.0,1264.800048828125,nan,nan,nan,65536.0
2026-09-13T20:24:00.000+08:00,0.0,20.292570114135742,20.52783203125,0.0,nan,387.5,0.0,0.0,1264.800048828125,nan,nan,nan,65536.0
2026-09-13T20:25:00.000+08:00,0.0,20.409101486206055,20.52783203125,0.0,nan,388.1000061035156,0.0,0.0,1264.800048828125,nan,nan,nan,65536.0
2026-09-13T20:26:00.000+08:00,0.0,20.31046485900879,20.58349609375,0.0,nan,388.0,0.0,0.0,1264.800048828125,nan,nan,nan,65536.0
2026-09-13T20:27:00.000+08:00,0.0,20.4440860748291,20.59716796875,0.0,nan,387.5,0.0,0.0,1264.800048828125,nan,nan,nan,65536.0
2026-09-13T20:28:00.000+08:00,0.0,20.454145431518555,20.5,0.0,nan,387.8999938964844,0.0,0.0,1264.800048828125,nan,nan,nan,65536.0
2026-09-13T20:29:00.000+08:00,0.0,20.45159149169922,20.59716796875,0.0,nan,387.6000061035156,0.0,0.0,1264.800048828125,nan,nan,nan,65536.0
2026-09-13T20:30:00.000+08:00,0.0,20.46355628967285,20.5556640625,0.0,nan,387.6000061035156,0.0,0.0,1264.800048828125,nan,nan,nan,65536.0
2026-09-13T20:31:00.000+08:00,0.0,20.462139129638672,20.52783203125,0.0,nan,387.29998779296875,0.0,0.0,1264.800048828125,nan,nan,nan,65536.0
2026-09-13T20:32:00.000+08:00,0.0,20.47269058227539,20.51416015625,0.0,nan,nan,nan,nan,nan,nan,nan,nan,nan
2026-09-13T20:33:00.000+08:00,0.0,20.490880966186523,20.5556640625,0.0,nan,387.6499938964844,0.0,0.0,1264.800048828125,nan,nan,nan,65536.0
2026-09-13T20:34:00.000+08:00,0.0,20.461490631103516,20.5,0.0,nan,388.0,0.0,0.0,1264.800048828125,nan,nan,nan,65536.0
2026-09-13T20:35:00.000+08:00,0.0,nan,nan,0.0,nan,387.5,0.0,0.0,1264.800048828125,nan,nan,nan,65536.0
2026-09-13T20:36:00.000+08:00,0.0,20.442424774169922,20.611083984375,0.0,nan,387.70001220703125,0.0,0.0,1264.800048828125,nan,nan,nan,65536.0
2026-09-13T20:37:00.000+08:00,0.0,20.381065368652344,20.66650390625,0.0,nan,388.1000061035156,0.0,0.0,1264.800048828125,nan,nan,nan,65536.0
2026-09-13T20:38:00.000+08:00,0.0,20.472196578979492,20.51416015625,0.0,nan,387.79998779296875,0.0,0.0,1264.800048828125,nan,nan,nan,65536.0
2026-09-13T20:39:00.000+08:00,0.0,20.409019470214844,20.736328125,0.0,nan,388.20001220703125,0.0,0.0,1264.800048828125,nan,nan,nan,65536.0
2026-09-13T20:40:00.000+08:00,0.0,20.403732299804688,20.6806640625,0.0,nan,388.20001220703125,0.0,0.0,1264.800048828125,nan,nan,nan,65536.0
2026-09-13T20:41:00.000+08:00,0.0,20.41172981262207,20.72216796875,0.0,nan,388.3999938964844,0.0,0.0,1264.800048828125,nan,nan,nan,65536.0
2026-09-13T20:42:00.000+08:00,0.0,20.53272247314453,20.66650390625,0.0,nan,387.3999938964844,0.0,0.0,1264.800048828125,nan,nan,nan,65536.0
2026-09-13T20:43:00.000+08:00,0.0,20.554624557495117,20.66650390625,0.0,nan,387.70001220703125,0.0,0.0,1264.800048828125,nan,nan,nan,65536.0
2026-09-13T20:44:00.000+08:00,0.0,20.561458587646484,20.65283203125,0.0,nan,387.8999938964844,0.0,0.0,1264.800048828125,nan,nan,nan,65536.0
2026-09-13T20:45:00.000+08:00,0.0,20.549341201782227,20.736328125,0.0,nan,387.6000061035156,0.0,0.0,1264.800048828125,nan,nan,nan,65536.0
2026-09-13T20:46:00.000+08:00,0.0,20.57265853881836,20.63916015625,0.0,nan,387.8999938964844,0.0,0.0,1264.800048828125,nan,nan,nan,65536.0
2026-09-13T20:47:00.000+08:00,0.0,20.589412689208984,20.65283203125,0.0,nan,388.29998779296875,0.0,0.0,1264.800048828125,nan,nan,nan,65536.0
2026-09-13T20:48:00.000+08:00,0.0,20.57601547241211,20.736328125,0.0,nan,388.1000061035156,0.0,0.0,1264.800048828125,nan,nan,nan,65536.0
2026-09-13T20:49:00.000+08:00,0.0,20.610647201538086,20.63916015625,0.0,nan,387.70001220703125,0.0,0.0,1264.800048828125,nan,nan,nan,65536.0
2026-09-13T20:50:00.000+08:00,0.0,20.621984481811523,20.70849609375,0.0,nan,387.5,0.0,0.0,1264.800048828125,nan,nan,nan,65536.0
2026-09-13T20:51:00.000+08:00,0.0,20.559396743774414,20.736328125,0.0,nan,387.29998779296875,0.0,0.0,1264.800048828125,nan,nan,nan,65536.0
2026-09-13T20:52:00.000+08:00,0.0,20.59868621826172,20.63916015625,0.0,nan,387.3999938964844,0.0,0.0,1264.800048828125,nan,nan,nan,65536.0
2026-09-13T20:53:00.000+08:00,0.0,20.59198570251465,20.736328125,0.0,nan,387.6000061035156,0.0,0.0,1264.800048828125,nan,nan,nan,65536.0
2026-09-13T20:54:00.000+08:00,0.0,20.59868621826172,20.69482421875,0.0,nan,388.29998779296875,0.0,0.0,1264.800048828125,nan,nan,nan,65536.0
2026-09-13T20:55:00.000+08:00,0.0,20.595855712890625,20.63916015625,0.0,nan,388.29998779296875,0.0,0.0,1264.800048828125,nan,nan,nan,65536.0
2026-09-13T20:56:00.000+08:00,0.0,20.592498779296875,20.736328125,0.0,nan,387.8999938964844,0.0,0.0,1264.800048828125,nan,nan,nan,65536.0
2026-09-13T20:57:00.000+08:00,0.0,20.504331588745117,20.77783203125,0.0,nan,387.5,0.0,0.0,1264.800048828125,nan,nan,nan,65536.0
2026-09-13T20:58:00.000+08:00,0.0,20.5214786529541,20.8056640625,0.0,nan,387.8999938964844,0.0,0.0,1264.800048828125,nan,nan,nan,65536.0
2026-09-13T20:59:00.000+08:00,0.0,20.615934371948242,20.66650390625,0.0,nan,388.0,0.0,0.0,1264.800048828125,nan,nan,nan,65536.0
2026-09-13T21:00:00.000+08:00,0.0,20.649171829223633,20.76416015625,0.0,nan,387.1000061035156,0.0,0.0,1264.800048828125,nan,nan,nan,65536.0
2026-09-13T21:01:00.000+08:00,0.0,20.64259147644043,20.81982421875,0.0,nan,386.6000061035156,0.0,0.0,1264.800048828125,nan,nan,nan,65536.0
2026-09-13T21:02:00.000+08:00,0.0,20.636560440063477,20.75,0.0,nan,386.6000061035156,0.0,0.0,1264.800048828125,nan,nan,nan,65536.0
2026-09-13T21:03:00.000+08:00,0.0,20.655101776123047,20.83349609375,0.0,nan,386.70001220703125,0.0,0.0,1264.800048828125,nan,nan,nan,65536.0
2026-09-13T21:04:00.000+08:00,0.0,20.676475524902344,20.76416015625,0.0,nan,387.6000061035156,0.0,0.0,1264.800048828125,nan,nan,nan,65536.0
2026-09-13T21:05:00.000+08:00,0.0,20.665788650512695,20.77783203125,0.0,nan,387.0,0.0,0.0,1264.800048828125,nan,nan,nan,65536.0
2026-09-13T21:06:00.000+08:00,0.0,20.692447662353516,20.76416015625,0.0,nan,387.20001220703125,0.0,0.0,1264.800048828125,nan,nan,nan,65536.0
2026-09-13T21:07:00.000+08:00,0.0,20.675079345703125,20.81982421875,0.0,nan,387.3999938964844,0.0,0.0,1264.800048828125,nan,nan,nan,65536.0
2026-09-13T21:08:00.000+08:00,0.0,20.66309928894043,20.79150390625,0.0,nan,387.8999938964844,0.0,0.0,1264.800048828125,nan,nan,nan,65536.0
2026-09-13T21:09:00.000+08:00,0.0,20.67918586730957,20.861328125,0.0,nan,387.3999938964844,0.0,0.0,1264.800048828125,nan,nan,nan,65536.0
2026-09-13T21:10:00.000+08:00,0.0,20.694507598876953,20.75,0.0,nan,387.79998779296875,0.0,0.0,1264.800048828125,nan,nan,nan,65536.0
2026-09-13T21:11:00.000+08:00,0.0,20.675079345703125,20.76416015625,0.0,nan,387.79998779296875,0.0,0.0,1264.800048828125,nan,nan,nan,65536.0
2026-09-13T21:12:00.000+08:00,0.0,20.710479736328125,20.83349609375,0.0,nan,387.3999938964844,0.0,0.0,1264.800048828125,nan,nan,nan,65536.0
2026-09-13T21:13:00.000+08:00,0.0,20.7330322265625,20.76416015625,0.0,nan,387.1000061035156,0.0,0.0,1264.800048828125,nan,nan,nan,65536.0
2026-09-13T21:14:00.000+08:00,0.0,20.72181510925293,20.79150390625,0.0,nan,387.8999938964844,0.0,0.0,1264.800048828125,nan,nan,nan,65536.0
2026-09-13T21:15:00.000+08:00,0.0,20.73432731628418,20.77783203125,0.0,nan,387.6000061035156,0.0,0.0,1264.800048828125,nan,nan,nan,65536.0
2026-09-13T21:16:00.000+08:00,0.0,20.721046447753906,20.77783203125,0.0,nan,388.20001220703125,0.0,0.0,1264.800048828125,nan,nan,nan,65536.0
2026-09-13T21:17:00.000+08:00,0.0,20.85264778137207,20.8056640625,0.0,nan,388.29998779296875,0.0,0.0,1264.800048828125,nan,nan,nan,65536.0
2026-09-13T21:18:00.000+08:00,0.0,20.863332748413086,20.79150390625,0.0,nan,388.29998779296875,0.0,0.0,1264.800048828125,nan,nan,nan,65536.0
2026-09-13T21:19:00.000+08:00,0.0,20.758390426635742,20.91650390625,0.0,nan,387.5,0.0,0.0,1264.800048828125,nan,nan,nan,65536.0
2026-09-13T21:20:00.000+08:00,0.0,20.862016677856445,20.81982421875,0.0,nan,387.79998779296875,0.0,0.0,1264.800048828125,nan,nan,nan,65536.0
2026-09-13T21:21:00.000+08:00,0.0,20.862016677856445,20.79150390625,0.0,nan,387.8999938964844,0.0,0.0,1264.800048828125,nan,nan,nan,65536.0
2026-09-13T21:22:00.000+08:00,0.0,20.85932731628418,20.77783203125,0.0,nan,387.3999938964844,0.0,0.0,1264.800048828125,nan,nan,nan,65536.0
2026-09-13T21:23:00.000+08:00,0.0,20.86408233642578,20.76416015625,0.0,nan,387.5,0.0,0.0,1264.800048828125,nan,nan,nan,65536.0
2026-09-13T21:24:00.000+08:00,0.0,20.75104331970215,20.76416015625,0.0,nan,387.79998779296875,0.0,0.0,1264.800048828125,nan,nan,nan,65536.0
2026-09-13T21:25:00.000+08:00,0.0,20.788938522338867,20.9306640625,0.0,nan,388.0,0.0,0.0,1264.800048828125,nan,nan,nan,65536.0
2026-09-13T21:26:00.000+08:00,0.0,20.76636505126953,20.986328125,0.0,nan,388.5,0.0,0.0,1264.800048828125,nan,nan,nan,65536.0
2026-09-13T21:27:00.000+08:00,0.0,20.76701545715332,20.875,0.0,nan,388.79998779296875,0.0,0.0,1264.800048828125,nan,nan,nan,65536.0
2026-09-13T21:28:00.000+08:00,0.0,20.800920486450195,20.95849609375,0.0,nan,388.5,0.0,0.0,1264.800048828125,nan,nan,nan,65536.0
2026-09-13T21:29:00.000+08:00,0.0,20.757644653320312,20.95849609375,0.0,nan,388.6000061035156,0.0,0.0,1264.800048828125,nan,nan,nan,65536.0
2026-09-13T21:30:00.000+08:00,0.0,20.76962661743164,20.97216796875,0.0,nan,388.29998779296875,0.0,0.0,1264.800048828125,nan,nan,nan,65536.0
2026-09-13T21:31:00.000+08:00,0.0,20.827478408813477,20.97216796875,0.0,nan,nan,nan,nan,nan,nan,nan,nan,nan
2026-09-13T21:32:00.000+08:00,0.0,20.82488441467285,20.97216796875,0.0,nan,388.5,0.0,0.0,1264.800048828125,nan,nan,nan,65536.0
2026-09-13T21:33:00.000+08:00,0.0,20.851600646972656,20.94482421875,0.0,nan,388.8999938964844,0.0,0.0,1264.800048828125,nan,nan,nan,65536.0
2026-09-13T21:34:00.000+08:00,0.0,nan,nan,0.0,nan,387.6000061035156,0.0,0.0,1264.800048828125,nan,nan,nan,65536.0
2026-09-13T21:35:00.000+08:00,0.0,20.805604934692383,20.90283203125,0.0,nan,388.0,0.0,0.0,1264.800048828125,nan,nan,nan,65536.0
2026-09-13T21:36:00.000+08:00,0.0,20.788938522338867,20.88916015625,0.0,nan,388.20001220703125,0.0,0.0,1264.800048828125,nan,nan,nan,65536.0
2026-09-13T21:37:00.000+08:00,0.0,20.941890716552734,20.88916015625,0.0,nan,387.6000061035156,0.0,0.0,1264.800048828125,nan,nan,nan,65536.0
2026-09-13T21:38:00.000+08:00,0.0,20.83221435546875,20.90283203125,0.0,nan,387.79998779296875,0.0,0.0,1264.800048828125,nan,nan,nan,65536.0
2026-09-13T21:39:00.000+08:00,0.0,20.95850944519043,20.95849609375,0.0,nan,388.1000061035156,0.0,0.0,1264.800048828125,nan,nan,nan,65536.0
2026-09-13T21:40:00.000+08:00,0.0,20.982553482055664,20.91650390625,0.0,nan,388.0,0.0,0.0,1264.800048828125,nan,nan,nan,65536.0
2026-09-13T21:41:00.000+08:00,0.0,20.96722984313965,20.91650390625,0.0,nan,387.6000061035156,0.0,0.0,1264.800048828125,nan,nan,nan,65536.0
2026-09-13T21:42:00.000+08:00,0.0,20.943758010864258,20.97216796875,0.0,nan,387.79998779296875,0.0,0.0,1264.800048828125,nan,nan,nan,65536.0
2026-09-13T21:43:00.000+08:00,0.0,20.98581314086914,20.88916015625,0.0,nan,387.5,0.0,0.0,1264.800048828125,nan,nan,nan,65536.0
2026-09-13T21:44:00.000+08:00,0.0,20.99510383605957,20.91650390625,0.0,nan,387.79998779296875,0.0,0.0,1264.800048828125,nan,nan,nan,65536.0
2026-09-13T21:45:00.000+08:00,0.0,20.886154174804688,21.02783203125,0.0,nan,388.1000061035156,0.0,0.0,1264.800048828125,nan,nan,nan,65536.0
2026-09-13T21:46:00.000+08:00,0.0,20.972614288330078,20.9169921875,0.0,nan,387.6000061035156,0.0,0.0,1264.800048828125,nan,nan,nan,65536.0
2026-09-13T21:47:00.000+08:00,0.0,20.888120651245117,21.0,0.0,nan,387.6000061035156,0.0,0.0,1264.800048828125,nan,nan,nan,65536.0
2026-09-13T21:48:00.000+08:00,0.0,20.898136138916016,21.111328125,0.0,nan,388.1000061035156,0.0,0.0,1264.800048828125,nan,nan,nan,65536.0
2026-09-13T21:49:00.000+08:00,0.0,20.909452438354492,21.09716796875,0.0,nan,388.3999938964844,0.0,0.0,1264.800048828125,nan,nan,nan,65536.0
2026-09-13T21:50:00.000+08:00,0.0,20.894798278808594,21.01416015625,0.0,nan,387.79998779296875,0.0,0.0,1264.800048828125,nan,nan,nan,65536.0
2026-09-13T21:51:00.000+08:00,0.0,20.916719436645508,21.06982421875,0.0,nan,387.8999938964844,0.0,0.0,1264.800048828125,nan,nan,nan,65536.0
2026-09-13T21:52:00.000+08:00,0.0,20.897489547729492,21.0556640625,0.0,nan,387.79998779296875,0.0,0.0,1264.800048828125,nan,nan,nan,65536.0
2026-09-13T21:53:00.000+08:00,0.0,20.89415168762207,21.08349609375,0.0,nan,387.79998779296875,0.0,0.0,1264.800048828125,nan,nan,nan,65536.0
2026-09-13T21:54:00.000+08:00,0.0,20.909393310546875,21.06982421875,0.0,nan,388.1000061035156,0.0,0.0,1264.800048828125,nan,nan,nan,65536.0
2026-09-13T21:55:00.000+08:00,0.0,20.910043716430664,21.01416015625,0.0,nan,388.5,0.0,0.0,1264.800048828125,nan,nan,nan,65536.0
2026-09-13T21:56:00.000+08:00,0.0,20.930727005004883,21.02783203125,0.0,nan,388.3999938964844,0.0,0.0,1264.800048828125,nan,nan,nan,65536.0
2026-09-13T21:57:00.000+08:00,0.0,21.039697647094727,21.02783203125,0.0,nan,388.6000061035156,0.0,0.0,1264.800048828125,nan,nan,nan,65536.0
2026-09-13T21:58:00.000+08:00,0.0,21.06305503845215,21.02783203125,0.0,nan,389.1000061035156,0.0,0.0,1264.800048828125,nan,nan,nan,65536.0
2026-09-13T21:59:00.000+08:00,0.0,21.039051055908203,21.0,0.0,nan,389.0,0.0,0.0,1264.800048828125,nan,nan,nan,65536.0
2026-09-13T22:00:00.000+08:00,0.0,21.084997177124023,21.0,0.0,nan,388.5,0.0,0.0,1264.800048828125,nan,nan,nan,65536.0
2026-09-13T22:01:00.000+08:00,0.0,21.106979370117188,21.04150390625,0.0,nan,388.5,0.0,0.0,1264.800048828125,nan,nan,nan,65536.0
2026-09-13T22:02:00.000+08:00,0.0,21.061031341552734,21.01416015625,0.0,nan,388.70001220703125,0.0,0.0,1264.800048828125,nan,nan,nan,65536.0
2026-09-13T22:03:00.000+08:00,0.0,21.0889835357666,21.04150390625,0.0,nan,388.79998779296875,0.0,0.0,1264.800048828125,nan,nan,nan,65536.0
2026-09-13T22:04:00.000+08:00,0.0,21.07236671447754,21.04150390625,0.0,nan,388.5,0.0,0.0,1264.800048828125,nan,nan,nan,65536.0
2026-09-13T22:05:00.000+08:00,0.0,21.07366180419922,21.02783203125,0.0,nan,388.5,0.0,0.0,1264.800048828125,nan,nan,nan,65536.0
2026-09-13T22:06:00.000+08:00,0.0,21.104955673217773,21.01416015625,0.0,nan,388.20001220703125,0.0,0.0,1264.800048828125,nan,nan,nan,65536.0
2026-09-13T22:07:00.000+08:00,0.0,21.09495735168457,21.111328125,0.0,nan,389.20001220703125,0.0,0.0,1264.800048828125,nan,nan,nan,65536.0
2026-09-13T22:08:00.000+08:00,0.0,21.10234260559082,21.111328125,0.0,nan,388.70001220703125,0.0,0.0,1264.800048828125,nan,nan,nan,65536.0
2026-09-13T22:09:00.000+08:00,0.0,21.114971160888672,21.01416015625,0.0,nan,388.8999938964844,0.0,0.0,1264.800048828125,nan,nan,nan,65536.0
2026-09-13T22:10:00.000+08:00,0.0,21.12361717224121,21.0,0.0,nan,389.20001220703125,0.0,0.0,1264.800048828125,nan,nan,nan,65536.0
2026-09-13T22:11:00.000+08:00,0.0,21.10359764099121,21.02783203125,0.0,nan,389.0,0.0,0.0,1264.800048828125,nan,nan,nan,65536.0
2026-09-13T22:12:00.000+08:00,0.0,21.019851684570312,21.19482421875,0.0,nan,388.79998779296875,0.0,0.0,1264.800048828125,nan,nan,nan,65536.0
2026-09-13T22:13:00.000+08:00,0.0,21.120277404785156,21.0,0.0,nan,389.20001220703125,0.0,0.0,1264.800048828125,nan,nan,nan,65536.0
2026-09-13T22:14:00.000+08:00,0.0,21.122241973876953,21.09716796875,0.0,nan,389.1000061035156,0.0,0.0,1264.800048828125,nan,nan,nan,65536.0
2026-09-13T22:15:00.000+08:00,0.0,21.24062156677246,21.0556640625,0.0,nan,389.20001220703125,0.0,0.0,1264.800048828125,nan,nan,nan,65536.0
2026-09-13T22:16:00.000+08:00,0.0,21.23930549621582,21.15283203125,0.0,nan,389.29998779296875,0.0,0.0,1264.800048828125,nan,nan,nan,65536.0
2026-09-13T22:17:00.000+08:00,0.0,21.100257873535156,21.111328125,0.0,nan,389.20001220703125,0.0,0.0,1264.800048828125,nan,nan,nan,65536.0
2026-09-13T22:18:00.000+08:00,0.0,21.12628746032715,21.04150390625,0.0,nan,389.29998779296875,0.0,0.0,1264.800048828125,nan,nan,nan,65536.0
2026-09-13T22:19:00.000+08:00,0.0,21.129627227783203,21.236328125,0.0,nan,389.0,0.0,0.0,1264.800048828125,nan,nan,nan,65536.0
2026-09-13T22:20:00.000+08:00,0.0,21.142866134643555,21.15283203125,0.0,nan,388.79998779296875,0.0,0.0,1264.800048828125,nan,nan,nan,65536.0
2026-09-13T22:21:00.000+08:00,0.0,21.149547576904297,21.20849609375,0.0,nan,388.8999938964844,0.0,0.0,1264.800048828125,nan,nan,nan,65536.0
2026-09-13T22:22:00.000+08:00,0.0,21.169504165649414,21.22216796875,0.0,nan,389.0,0.0,0.0,1264.800048828125,nan,nan,nan,65536.0
2026-09-13T22:23:00.000+08:00,0.0,21.174808502197266,21.20849609375,0.0,nan,389.20001220703125,0.0,0.0,1264.800048828125,nan,nan,nan,65536.0
2026-09-13T22:24:00.000+08:00,0.0,21.15015411376953,21.19482421875,0.0,nan,389.1000061035156,0.0,0.0,1264.800048828125,nan,nan,nan,65536.0
2026-09-13T22:25:00.000+08:00,0.0,21.150863647460938,21.125,0.0,nan,389.20001220703125,0.0,0.0,1264.800048828125,nan,nan,nan,65536.0
2026-09-13T22:26:00.000+08:00,0.0,21.181486129760742,21.236328125,0.0,nan,388.70001220703125,0.0,0.0,1264.800048828125,nan,nan,nan,65536.0
2026-09-13T22:27:00.000+08:00,0.0,21.184825897216797,21.22216796875,0.0,nan,388.70001220703125,0.0,0.0,1264.800048828125,nan,nan,nan,65536.0
2026-09-13T22:28:00.000+08:00,0.0,21.186141967773438,21.125,0.0,nan,388.6000061035156,0.0,0.0,1264.800048828125,nan,nan,nan,65536.0
2026-09-13T22:29:00.000+08:00,0.0,21.15288734436035,21.1669921875,0.0,nan,387.3999938964844,0.0,0.0,1264.800048828125,nan,nan,nan,65536.0
2026-09-13T22:30:00.000+08:00,0.0,21.19614028930664,21.15283203125,0.0,nan,nan,nan,nan,nan,nan,nan,nan,nan
2026-09-13T22:31:00.000+08:00,0.0,21.18814468383789,21.16650390625,0.0,nan,387.3000030517578,0.0,0.0,1264.800048828125,nan,nan,nan,65536.0
2026-09-13T22:32:00.000+08:00,0.0,21.23870849609375,21.19482421875,0.0,nan,388.70001220703125,0.0,0.0,1264.800048828125,nan,nan,nan,65536.0
2026-09-13T22:33:00.000+08:00,0.0,nan,nan,0.0,nan,388.20001220703125,0.0,0.0,1264.800048828125,nan,nan,nan,65536.0
2026-09-13T22:34:00.000+08:00,0.0,21.227423667907715,21.13916015625,0.0,nan,387.8999938964844,0.0,0.0,1264.800048828125,nan,nan,nan,65536.0
2026-09-13T22:35:00.000+08:00,0.0,21.231422424316406,21.236328125,0.0,nan,388.0,0.0,0.0,1264.800048828125,nan,nan,nan,65536.0
2026-09-13T22:36:00.000+08:00,0.0,21.36370849609375,21.125,0.0,nan,388.5,0.0,0.0,1264.800048828125,nan,nan,nan,65536.0
2026-09-13T22:37:00.000+08:00,0.0,21.20079803466797,21.1806640625,0.0,nan,388.3999938964844,0.0,0.0,1264.800048828125,nan,nan,nan,65536.0
2026-09-13T22:38:00.000+08:00,0.0,21.35575294494629,21.125,0.0,nan,388.6000061035156,0.0,0.0,1264.800048828125,nan,nan,nan,65536.0
2026-09-13T22:39:00.000+08:00,0.0,21.351726531982422,21.15283203125,0.0,nan,388.6000061035156,0.0,0.0,1264.800048828125,nan,nan,nan,65536.0
2026-09-13T22:40:00.000+08:00,0.0,21.356382369995117,21.15283203125,0.0,nan,388.5,0.0,0.0,1264.800048828125,nan,nan,nan,65536.0
2026-09-13T22:41:00.000+08:00,0.0,21.365066528320312,21.16650390625,0.0,nan,388.79998779296875,0.0,0.0,1264.800048828125,nan,nan,nan,65536.0
2026-09-13T22:42:00.000+08:00,0.0,21.366382598876953,21.236328125,0.0,nan,388.5,0.0,0.0,1264.800048828125,nan,nan,nan,65536.0
2026-09-13T22:43:00.000+08:00,0.0,21.369722366333008,21.15283203125,0.0,nan,387.8999938964844,0.0,0.0,1264.800048828125,nan,nan,nan,65536.0
2026-09-13T22:44:00.000+08:00,0.0,21.25603675842285,21.31982421875,0.0,nan,388.29998779296875,0.0,0.0,1264.800048828125,nan,nan,nan,65536.0
2026-09-13T22:45:00.000+08:00,0.0,21.3717041015625,21.22216796875,0.0,nan,388.29998779296875,0.0,0.0,1264.800048828125,nan,nan,nan,65536.0
2026-09-13T22:46:00.000+08:00,0.0,21.293970108032227,21.27783203125,0.0,nan,388.6000061035156,0.0,0.0,1264.800048828125,nan,nan,nan,65536.0
2026-09-13T22:47:00.000+08:00,0.0,21.27467918395996,21.27783203125,0.0,nan,388.29998779296875,0.0,0.0,1264.800048828125,nan,nan,nan,65536.0
2026-09-13T22:48:00.000+08:00,0.0,21.279335021972656,21.31982421875,0.0,nan,388.20001220703125,0.0,0.0,1264.800048828125,nan,nan,nan,65536.0
2026-09-13T22:49:00.000+08:00,0.0,21.286640167236328,21.29150390625,0.0,nan,388.29998779296875,0.0,0.0,1264.800048828125,nan,nan,nan,65536.0
2026-09-13T22:50:00.000+08:00,0.0,21.299270629882812,21.361328125,0.0,nan,388.20001220703125,0.0,0.0,1264.800048828125,nan,nan,nan,65536.0
2026-09-13T22:51:00.000+08:00,0.0,21.307933807373047,21.34716796875,0.0,nan,388.1000061035156,0.0,0.0,1264.800048828125,nan,nan,nan,65536.0
2026-09-13T22:52:00.000+08:00,0.0,21.293298721313477,21.34716796875,0.0,nan,389.0,0.0,0.0,1264.800048828125,nan,nan,nan,65536.0
2026-09-13T22:53:00.000+08:00,0.0,21.296621322631836,21.34716796875,0.0,nan,389.0,0.0,0.0,1264.800048828125,nan,nan,nan,65536.0
2026-09-13T22:54:00.000+08:00,0.0,21.449575424194336,21.29150390625,0.0,nan,388.79998779296875,0.0,0.0,1264.800048828125,nan,nan,nan,65536.0
2026-09-13T22:55:00.000+08:00,0.0,21.29862403869629,21.27783203125,0.0,nan,388.8999938964844,0.0,0.0,1264.800048828125,nan,nan,nan,65536.0
2026-09-13T22:56:00.000+08:00,0.0,21.424291610717773,21.27783203125,0.0,nan,389.5,0.0,0.0,1264.800048828125,nan,nan,nan,65536.0
2026-09-13T22:57:00.000+08:00,0.0,21.446922302246094,21.361328125,0.0,nan,388.70001220703125,0.0,0.0,1264.800048828125,nan,nan,nan,65536.0
2026-09-13T22:58:00.000+08:00,0.0,21.449575424194336,21.29150390625,0.0,nan,388.79998779296875,0.0,0.0,1264.800048828125,nan,nan,nan,65536.0
2026-09-13T22:59:00.000+08:00,0.0,21.42494010925293,21.361328125,0.0,nan,388.1000061035156,0.0,0.0,1264.800048828125,nan,nan,nan,65536.0
2026-09-13T23:00:00.000+08:00,0.0,21.460887908935547,21.25048828125,0.0,nan,388.1000061035156,0.0,0.0,1264.800048828125,nan,nan,nan,65536.0
2026-09-13T23:01:00.000+08:00,0.0,21.416316986083984,21.3056640625,0.0,nan,388.1000061035156,0.0,0.0,1264.800048828125,nan,nan,nan,65536.0
2026-09-13T23:02:00.000+08:00,0.0,21.449575424194336,21.361328125,0.0,nan,388.20001220703125,0.0,0.0,1264.800048828125,nan,nan,nan,65536.0
2026-09-13T23:03:00.000+08:00,0.0,21.460241317749023,21.27783203125,0.0,nan,388.1000061035156,0.0,0.0,1264.800048828125,nan,nan,nan,65536.0
2026-09-13T23:04:00.000+08:00,0.0,21.439613342285156,21.33349609375,0.0,nan,386.1000061035156,0.0,0.0,1264.800048828125,nan,nan,nan,65536.0
2026-09-13T23:05:00.000+08:00,0.0,21.446922302246094,21.361328125,0.0,nan,386.3999938964844,0.0,0.0,1264.800048828125,nan,nan,nan,65536.0
2026-09-13T23:06:00.000+08:00,0.0,21.477527618408203,21.29150390625,0.0,nan,386.20001220703125,0.0,0.0,1264.800048828125,nan,nan,nan,65536.0
2026-09-13T23:07:00.000+08:00,0.0,21.47886085510254,21.25,0.0,nan,386.20001220703125,0.0,0.0,1264.800048828125,nan,nan,nan,65536.0
2026-09-13T23:08:00.000+08:00,0.0,21.381149291992188,21.41650390625,0.0,nan,386.29998779296875,0.0,0.0,1264.800048828125,nan,nan,nan,65536.0
2026-09-13T23:09:00.000+08:00,0.0,21.442914962768555,21.33349609375,0.0,nan,386.1000061035156,0.0,0.0,1264.800048828125,nan,nan,nan,65536.0
2026-09-13T23:10:00.000+08:00,0.0,21.38181495666504,21.486328125,0.0,nan,385.79998779296875,0.0,0.0,1264.800048828125,nan,nan,nan,65536.0
2026-09-13T23:11:00.000+08:00,0.0,21.379812240600586,21.38916015625,0.0,nan,385.0,0.0,0.0,1264.800048828125,nan,nan,nan,65536.0
2026-09-13T23:12:00.000+08:00,0.0,21.48084831237793,21.33349609375,0.0,nan,385.0,0.0,0.0,1264.800048828125,nan,nan,nan,65536.0
2026-09-13T23:13:00.000+08:00,0.0,21.37782859802246,21.26416015625,0.0,nan,385.5,0.0,0.0,1264.800048828125,nan,nan,nan,65536.0
2026-09-13T23:14:00.000+08:00,0.0,21.39246368408203,21.41650390625,0.0,nan,385.29998779296875,0.0,0.0,1264.800048828125,nan,nan,nan,65536.0
2026-09-13T23:15:00.000+08:00,0.0,21.474206924438477,21.27783203125,0.0,nan,385.70001220703125,0.0,0.0,1264.800048828125,nan,nan,nan,65536.0
2026-09-13T23:16:00.000+08:00,0.0,21.49217987060547,21.375,0.0,nan,385.3999938964844,0.0,0.0,1264.800048828125,nan,nan,nan,65536.0
2026-09-13T23:17:00.000+08:00,0.0,21.39645004272461,21.40283203125,0.0,nan,385.20001220703125,0.0,0.0,1264.800048828125,nan,nan,nan,65536.0
2026-09-13T23:18:00.000+08:00,0.0,21.623172760009766,21.45849609375,0.0,nan,385.79998779296875,0.0,0.0,1264.800048828125,nan,nan,nan,65536.0
2026-09-13T23:19:00.000+08:00,0.0,21.511470794677734,21.486328125,0.0,nan,385.6000061035156,0.0,0.0,1264.800048828125,nan,nan,nan,65536.0
2026-09-13T23:20:00.000+08:00,0.0,21.531429290771484,21.44482421875,0.0,nan,385.0,0.0,0.0,1264.800048828125,nan,nan,nan,65536.0
2026-09-13T23:21:00.000+08:00,0.0,21.546083450317383,21.41650390625,0.0,nan,385.0,0.0,0.0,1264.800048828125,nan,nan,nan,65536.0
2026-09-13T23:22:00.000+08:00,0.0,21.52013397216797,21.45849609375,0.0,nan,385.3999938964844,0.0,0.0,1264.800048828125,nan,nan,nan,65536.0
2026-09-13T23:23:00.000+08:00,0.0,21.53476905822754,21.44482421875,0.0,nan,385.3999938964844,0.0,0.0,1264.800048828125,nan,nan,nan,65536.0
2026-09-13T23:24:00.000+08:00,0.0,21.621170043945312,21.31982421875,0.0,nan,385.3999938964844,0.0,0.0,1264.800048828125,nan,nan,nan,65536.0
2026-09-13T23:25:00.000+08:00,0.0,21.532764434814453,21.47216796875,0.0,nan,385.6000061035156,0.0,0.0,1264.800048828125,nan,nan,nan,65536.0
2026-09-13T23:26:00.000+08:00,0.0,21.526126861572266,21.40283203125,0.0,nan,385.8999938964844,0.0,0.0,1264.800048828125,nan,nan,nan,65536.0
2026-09-13T23:27:00.000+08:00,0.0,21.518129348754883,21.38916015625,0.0,nan,386.1000061035156,0.0,0.0,1264.800048828125,nan,nan,nan,65536.0
2026-09-13T23:28:00.000+08:00,0.0,21.562055587768555,21.47216796875,0.0,nan,385.20001220703125,0.0,0.0,1264.800048828125,nan,nan,nan,65536.0
2026-09-13T23:29:00.000+08:00,0.0,21.56804656982422,21.45849609375,0.0,nan,nan,nan,nan,nan,nan,nan,nan,nan
2026-09-13T23:30:00.000+08:00,0.0,21.547420501708984,21.38916015625,0.0,nan,385.15000915527344,0.0,0.0,1264.800048828125,nan,nan,nan,65536.0
2026-09-13T23:31:00.000+08:00,0.0,nan,nan,0.0,nan,385.0,0.0,0.0,1264.800048828125,nan,nan,nan,65536.0
2026-09-13T23:32:00.000+08:00,0.0,21.565059661865234,21.4306640625,0.0,nan,385.5,0.0,0.0,1264.800048828125,nan,nan,nan,65536.0
2026-09-13T23:33:00.000+08:00,0.0,21.560718536376953,21.4306640625,0.0,nan,385.5,0.0,0.0,1264.800048828125,nan,nan,nan,65536.0
2026-09-13T23:34:00.000+08:00,0.0,21.58003044128418,21.44482421875,0.0,nan,385.79998779296875,0.0,0.0,1264.800048828125,nan,nan,nan,65536.0
2026-09-13T23:35:00.000+08:00,0.0,21.57535171508789,21.47216796875,0.0,nan,385.6000061035156,0.0,0.0,1264.800048828125,nan,nan,nan,65536.0
2026-09-13T23:36:00.000+08:00,0.0,21.598003387451172,21.47216796875,0.0,nan,385.1000061035156,0.0,0.0,1264.800048828125,nan,nan,nan,65536.0
2026-09-13T23:37:00.000+08:00,0.0,21.605958938598633,21.47216796875,0.0,nan,385.5,0.0,0.0,1264.800048828125,nan,nan,nan,65536.0
2026-09-13T23:38:00.000+08:00,0.0,21.617311477661133,21.44482421875,0.0,nan,385.29998779296875,0.0,0.0,1264.800048828125,nan,nan,nan,65536.0
2026-09-13T23:39:00.000+08:00,0.0,21.605979919433594,21.44482421875,0.0,nan,385.6000061035156,0.0,0.0,1264.800048828125,nan,nan,nan,65536.0
2026-09-13T23:40:00.000+08:00,0.0,21.598003387451172,21.38916015625,0.0,nan,385.5,0.0,0.0,1264.800048828125,nan,nan,nan,65536.0
2026-09-13T23:41:00.000+08:00,0.0,21.73362922668457,21.486328125,0.0,nan,385.6000061035156,0.0,0.0,1264.800048828125,nan,nan,nan,65536.0
2026-09-13T23:42:00.000+08:00,0.0,21.625268936157227,21.58349609375,0.0,nan,386.0,0.0,0.0,1264.800048828125,nan,nan,nan,65536.0
2026-09-13T23:43:00.000+08:00,0.0,21.732295989990234,21.4306640625,0.0,nan,385.79998779296875,0.0,0.0,1264.800048828125,nan,nan,nan,65536.0
2026-09-13T23:44:00.000+08:00,0.0,21.62994384765625,21.52783203125,0.0,nan,385.6000061035156,0.0,0.0,1264.800048828125,nan,nan,nan,65536.0
2026-09-13T23:45:00.000+08:00,0.0,21.62996482849121,21.44482421875,0.0,nan,385.3999938964844,0.0,0.0,1264.800048828125,nan,nan,nan,65536.0
2026-09-13T23:46:00.000+08:00,0.0,21.6850528717041,21.4306640625,0.0,nan,385.3999938964844,0.0,0.0,1264.800048828125,nan,nan,nan,65536.0
2026-09-13T23:47:00.000+08:00,0.0,21.631929397583008,21.611328125,0.0,nan,385.3999938964844,0.0,0.0,1264.800048828125,nan,nan,nan,65536.0
2026-09-13T23:48:00.000+08:00,0.0,21.625957489013672,21.611328125,0.0,nan,385.29998779296875,0.0,0.0,1264.800048828125,nan,nan,nan,65536.0
2026-09-13T23:49:00.000+08:00,0.0,21.642595291137695,21.58349609375,0.0,nan,384.6000061035156,0.0,0.0,1264.800048828125,nan,nan,nan,65536.0
2026-09-13T23:50:00.000+08:00,0.0,21.74826431274414,21.611328125,0.0,nan,384.70001220703125,0.0,0.0,1264.800048828125,nan,nan,nan,65536.0
2026-09-13T23:51:00.000+08:00,0.0,21.63658332824707,21.611328125,0.0,nan,384.6000061035156,0.0,0.0,1264.800048828125,nan,nan,nan,65536.0
2026-09-13T23:52:00.000+08:00,0.0,21.64459991455078,21.611328125,0.0,nan,384.6000061035156,0.0,0.0,1264.800048828125,nan,nan,nan,65536.0
2026-09-13T23:53:00.000+08:00,0.0,21.647897720336914,21.611328125,0.0,nan,384.70001220703125,0.0,0.0,1264.800048828125,nan,nan,nan,65536.0
2026-09-13T23:54:00.000+08:00,0.0,21.644577026367188,21.59716796875,0.0,nan,384.5,0.0,0.0,1264.800048828125,nan,nan,nan,65536.0
2026-09-13T23:55:00.000+08:00,0.0,21.682493209838867,21.52783203125,0.0,nan,385.70001220703125,0.0,0.0,1264.800048828125,nan,nan,nan,65536.0
2026-09-13T23:56:00.000+08:00,0.0,21.643260955810547,21.58349609375,0.0,nan,385.29998779296875,0.0,0.0,1264.800048828125,nan,nan,nan,65536.0
2026-09-13T23:57:00.000+08:00,0.0,21.661867141723633,21.59716796875,0.0,nan,385.6000061035156,0.0,0.0,1264.800048828125,nan,nan,nan,65536.0
2026-09-13T23:58:00.000+08:00,0.0,21.634599685668945,21.59716796875,0.0,nan,385.6000061035156,0.0,0.0,1264.800048828125,nan,nan,nan,65536.0
2026-09-13T23:59:00.000+08:00,0.0,nan,nan,0.0,nan,nan,nan,nan,nan,nan,nan,nan,nan
