timestamp,門診大樓_AH_1_3冰水流量,門診大樓_AH_1_3溫度1,門診大樓_AH_1_3溫度2,門診大樓_AH_1_3冷凍頓,門診大樓_AH_1_3冰水效率,門診大樓_AH_1_3電壓平均,門診大樓_AH_1_3電流平均,門診大樓_AH_1_3輸出功率,門診大樓_AH_1_3輸出功率千瓦時,門診大樓_AH_1_3 EC_FAN直流電壓,門診大樓_AH_1_3 EC_FAN直流電流,門診大樓_AH_1_3 EC_FAN有效功率,門診大樓_AH_1_3 EC_FAN輸出功率千瓦時
2026-09-13T00:00:00.000+08:00,6.803399085998535,20.83131217956543,20.847900390625,2.814134059008211E-4,0.0,389.1999969482422,0.0,0.0,2630.10009765625,nan,nan,nan,65536.0
2026-09-13T00:01:00.000+08:00,6.510429859161377,20.756858825683594,20.986328125,0.0,nan,389.8999938964844,0.0,0.0,2630.10009765625,nan,nan,nan,65536.0
2026-09-13T00:02:00.000+08:00,7.259129047393799,20.7827091217041,20.9453125,0.007243149448186159,0.0,389.6000061035156,0.0,0.0,2630.10009765625,nan,nan,nan,65536.0
2026-09-13T00:03:00.000+08:00,7.226576805114746,20.9137020111084,20.958984375,0.0,nan,389.5,0.0,0.0,2630.10009765625,nan,nan,nan,65536.0
2026-09-13T00:04:00.000+08:00,6.998712062835693,20.76951026916504,20.931640625,0.0,nan,389.5,0.0,0.0,2630.10009765625,nan,nan,nan,65536.0
2026-09-13T00:05:00.000+08:00,7.552098274230957,20.778095245361328,20.94482421875,0.0,nan,389.3999938964844,0.0,0.0,2630.10009765625,nan,nan,nan,65536.0
2026-09-13T00:06:00.000+08:00,7.128920555114746,20.7966365814209,20.90283203125,0.0,nan,389.70001220703125,0.0,0.0,2630.10009765625,nan,nan,nan,65536.0
2026-09-13T00:07:00.000+08:00,6.510429859161377,20.781965255737305,20.9453125,0.0,nan,389.8999938964844,0.0,0.0,2630.10009765625,nan,nan,nan,65536.0
2026-09-13T00:08:00.000+08:00,7.942724227905273,20.797935485839844,20.97265625,0.0,nan,389.79998779296875,0.0,0.0,2630.10009765625,nan,nan,nan,65536.0
2026-09-13T00:09:00.000+08:00,7.226576805114746,20.787954330444336,20.958984375,0.0,nan,389.70001220703125,0.0,0.0,2630.10009765625,nan,nan,nan,65536.0
2026-09-13T00:10:00.000+08:00,7.48699426651001,20.928924560546875,20.97265625,0.0,nan,389.6000061035156,0.0,0.0,2630.10009765625,nan,nan,nan,65536.0
2026-09-13T00:11:00.000+08:00,7.063816070556641,20.929475784301758,20.986328125,0.0,nan,389.79998779296875,0.0,0.0,2630.10009765625,nan,nan,nan,65536.0
2026-09-13T00:12:00.000+08:00,7.7148590087890625,20.939453125,20.90283203125,0.0,nan,389.6000061035156,0.0,0.0,2630.10009765625,nan,nan,nan,65536.0
2026-09-13T00:13:00.000+08:00,7.356785774230957,20.94137954711914,20.931640625,0.0,nan,389.6000061035156,0.0,0.0,2630.10009765625,nan,nan,nan,65536.0
2026-09-13T00:14:00.000+08:00,8.300797462463379,20.942773818969727,20.88916015625,0.0,nan,389.70001220703125,0.0,0.0,2630.10009765625,nan,nan,nan,65536.0
2026-09-13T00:15:00.000+08:00,7.552098274230957,20.948020935058594,20.94482421875,0.010446660220623016,0.0,389.70001220703125,0.0,0.0,2630.10009765625,nan,nan,nan,65536.0
2026-09-13T00:16:00.000+08:00,7.812515735626221,20.961240768432617,20.95849609375,0.0010377594735473394,0.0,389.5,0.0,0.0,2630.10009765625,nan,nan,nan,65536.0
2026-09-13T00:17:00.000+08:00,7.58465051651001,20.93613624572754,20.931640625,0.0,nan,389.70001220703125,0.0,0.0,2630.10009765625,nan,nan,nan,65536.0
2026-09-13T00:18:00.000+08:00,8.007828712463379,20.95792007446289,20.97265625,6.361007108353078E-4,0.0,389.6000061035156,0.0,0.0,2630.10009765625,nan,nan,nan,65536.0
2026-09-13T00:19:00.000+08:00,7.942724227905273,20.98114013671875,20.931640625,0.010693933814764023,0.0,390.5,0.0,0.0,2630.10009765625,nan,nan,nan,65536.0
2026-09-13T00:20:00.000+08:00,7.6172027587890625,20.969881057739258,20.931640625,0.008593512699007988,0.0,390.1000061035156,0.0,0.0,2630.10009765625,nan,nan,nan,65536.0
2026-09-13T00:21:00.000+08:00,7.7148590087890625,20.98504638671875,20.97265625,0.0030121742747724056,0.0,390.0,0.0,0.0,2630.10009765625,nan,nan,nan,65536.0
2026-09-13T00:22:00.000+08:00,7.5195465087890625,20.981081008911133,20.958984375,0.0,nan,389.8999938964844,0.0,0.0,2630.10009765625,nan,nan,nan,65536.0
2026-09-13T00:23:00.000+08:00,7.454442024230957,20.88782501220703,21.111328125,0.01785455085337162,0.0,389.20001220703125,0.0,0.0,2630.10009765625,nan,nan,nan,65536.0
2026-09-13T00:24:00.000+08:00,7.6172027587890625,20.889829635620117,21.0419921875,0.0057085417211055756,0.0,389.20001220703125,0.0,0.0,2630.10009765625,nan,nan,nan,65536.0
2026-09-13T00:25:00.000+08:00,7.58465051651001,20.986404418945312,20.986328125,0.010885787196457386,0.0,389.1000061035156,0.0,0.0,2630.10009765625,nan,nan,nan,65536.0
2026-09-13T00:26:00.000+08:00,7.942724227905273,20.883207321166992,21.083984375,0.00819967407733202,0.0,389.1000061035156,0.0,0.0,2630.10009765625,nan,nan,nan,65536.0
2026-09-13T00:27:00.000+08:00,7.5195465087890625,20.87859344482422,21.056640625,0.00866603385657072,0.0,389.29998779296875,0.0,0.0,2630.10009765625,nan,nan,nan,65536.0
2026-09-13T00:28:00.000+08:00,7.942724227905273,20.893795013427734,21.0,0.0,nan,388.6000061035156,0.0,0.0,2630.10009765625,nan,nan,nan,65536.0
2026-09-13T00:29:00.000+08:00,7.779963493347168,20.9017333984375,21.111328125,0.0,nan,388.5,0.0,0.0,2630.10009765625,nan,nan,nan,65536.0
2026-09-13T00:30:00.000+08:00,8.105484962463379,20.895111083984375,21.06982421875,0.0,nan,389.1000061035156,0.0,0.0,2630.10009765625,nan,nan,nan,65536.0
2026-09-13T00:31:00.000+08:00,7.682307243347168,20.991668701171875,20.94482421875,0.005379964597523212,0.0,389.29998779296875,0.0,0.0,2630.10009765625,nan,nan,nan,65536.0
2026-09-13T00:32:00.000+08:00,7.58465051651001,20.91689682006836,21.0,0.0,nan,389.0,0.0,0.0,2630.10009765625,nan,nan,nan,65536.0
2026-09-13T00:33:00.000+08:00,8.23569393157959,21.04397964477539,21.08349609375,0.0,nan,389.5,0.0,0.0,2630.10009765625,nan,nan,nan,65536.0
2026-09-13T00:34:00.000+08:00,7.845067977905273,21.034669876098633,21.0703125,0.0,nan,389.3999938964844,0.0,0.0,2630.10009765625,nan,nan,nan,65536.0
2026-09-13T00:35:00.000+08:00,8.007828712463379,21.042606353759766,21.0703125,0.0,nan,389.6000061035156,0.0,0.0,2630.10009765625,nan,nan,nan,65536.0
2026-09-13T00:36:00.000+08:00,7.552098274230957,21.043922424316406,21.056640625,0.0,nan,389.29998779296875,0.0,0.0,2630.10009765625,nan,nan,nan,65536.0
2026-09-13T00:37:00.000+08:00,8.170589447021484,21.05185890197754,21.111328125,0.0,nan,389.29998779296875,0.0,0.0,2630.10009765625,nan,nan,nan,65536.0
2026-09-13T00:38:00.000+08:00,8.138036727905273,21.06244659423828,21.111328125,0.003206965047866106,0.0,389.20001220703125,0.0,0.0,2630.10009765625,nan,nan,nan,65536.0
2026-09-13T00:39:00.000+08:00,8.138036727905273,21.08163833618164,21.06982421875,0.0,nan,389.6000061035156,0.0,0.0,2630.10009765625,nan,nan,nan,65536.0
2026-09-13T00:40:00.000+08:00,8.789079666137695,21.084308624267578,21.01416015625,0.0,nan,389.5,0.0,0.0,2630.10009765625,nan,nan,nan,65536.0
2026-09-13T00:41:00.000+08:00,8.072933197021484,21.08163833618164,21.083984375,0.0014640194131061435,0.0,389.20001220703125,0.0,0.0,2630.10009765625,nan,nan,nan,65536.0
2026-09-13T00:42:00.000+08:00,8.919288635253906,21.07631492614746,21.111328125,0.0011591220973059535,0.0,389.20001220703125,0.0,0.0,2630.10009765625,nan,nan,nan,65536.0
2026-09-13T00:43:00.000+08:00,8.789079666137695,21.067060470581055,21.0419921875,0.010694576427340508,0.0,389.20001220703125,0.0,0.0,2630.10009765625,nan,nan,nan,65536.0
2026-09-13T00:44:00.000+08:00,9.049497604370117,21.0650577545166,21.08349609375,0.012468664906919003,0.0,389.3999938964844,0.0,0.0,2630.10009765625,nan,nan,nan,65536.0
2026-09-13T00:45:00.000+08:00,8.52866268157959,21.086252212524414,21.056640625,0.011909841559827328,0.0,389.29998779296875,0.0,0.0,2630.10009765625,nan,nan,nan,65536.0
2026-09-13T00:46:00.000+08:00,8.463558197021484,21.094898223876953,21.083984375,0.0,nan,389.20001220703125,0.0,0.0,2630.10009765625,nan,nan,nan,65536.0
2026-09-13T00:47:00.000+08:00,8.33335018157959,21.002939224243164,21.19482421875,0.008672002702951431,0.0,389.29998779296875,0.0,0.0,2630.10009765625,nan,nan,nan,65536.0
2026-09-13T00:48:00.000+08:00,8.789079666137695,21.109355926513672,21.083984375,4.623351196642034E-5,0.0,389.70001220703125,0.0,0.0,2630.10009765625,nan,nan,nan,65536.0
2026-09-13T00:49:00.000+08:00,8.398454666137695,21.10344123840332,21.056640625,0.004838997032493353,0.0,389.5,0.0,0.0,2630.10009765625,nan,nan,nan,65536.0
2026-09-13T00:50:00.000+08:00,8.463558197021484,21.117996215820312,21.02783203125,0.0,nan,389.5,0.0,0.0,2630.10009765625,nan,nan,nan,65536.0
2026-09-13T00:51:00.000+08:00,8.984393119812012,21.0035457611084,21.125,0.005079019349068403,0.0,389.1000061035156,0.0,0.0,2630.10009765625,nan,nan,nan,65536.0
2026-09-13T00:52:00.000+08:00,8.593767166137695,21.025392532348633,21.236328125,0.0071893963031470776,0.0,389.29998779296875,0.0,0.0,2630.10009765625,nan,nan,nan,65536.0
2026-09-13T00:53:00.000+08:00,8.8541841506958,21.117351531982422,21.056640625,0.0046254307962954044,0.0,389.3999938964844,0.0,0.0,2630.10009765625,nan,nan,nan,65536.0
2026-09-13T00:54:00.000+08:00,8.398454666137695,21.00560760498047,21.181640625,0.01153254508972168,0.0,389.3999938964844,0.0,0.0,2630.10009765625,nan,nan,nan,65536.0
2026-09-13T00:55:00.000+08:00,8.984393119812012,21.121965408325195,21.02783203125,0.0,nan,389.5,0.0,0.0,2630.10009765625,nan,nan,nan,65536.0
2026-09-13T00:56:00.000+08:00,8.593767166137695,21.016845703125,21.1953125,0.01786941848695278,0.0,389.6000061035156,0.0,0.0,2630.10009765625,nan,nan,nan,65536.0
2026-09-13T00:57:00.000+08:00,8.33335018157959,21.043935775756836,21.236328125,0.0,nan,390.0,0.0,0.0,2630.10009765625,nan,nan,nan,65536.0
2026-09-13T00:58:00.000+08:00,9.049497604370117,nan,nan,0.0,nan,nan,nan,nan,nan,nan,nan,nan,nan
2026-09-13T00:59:00.000+08:00,8.8541841506958,21.030369758605957,21.13916015625,0.0,nan,389.3999938964844,0.0,0.0,2630.10009765625,nan,nan,nan,65536.0
2026-09-13T01:00:00.000+08:00,8.398454666137695,21.162294387817383,21.125,0.0,nan,389.8999938964844,0.0,0.0,2630.10009765625,nan,nan,nan,65536.0
2026-09-13T01:01:00.000+08:00,8.170589447021484,21.026098251342773,21.208984375,0.0,nan,389.6000061035156,0.0,0.0,2630.10009765625,nan,nan,nan,65536.0
2026-09-13T01:02:00.000+08:00,8.268245697021484,21.024742126464844,21.20849609375,0.0,nan,389.79998779296875,0.0,0.0,2630.10009765625,nan,nan,nan,65536.0
2026-09-13T01:03:00.000+08:00,8.52866268157959,21.160999298095703,21.13916015625,0.0,nan,389.79998779296875,0.0,0.0,2630.10009765625,nan,nan,nan,65536.0
2026-09-13T01:04:00.000+08:00,8.33335018157959,21.180131912231445,21.236328125,0.0,nan,389.79998779296875,0.0,0.0,2630.10009765625,nan,nan,nan,65536.0
2026-09-13T01:05:00.000+08:00,8.300797462463379,21.175554275512695,21.125,0.0,nan,389.8999938964844,0.0,0.0,2630.10009765625,nan,nan,nan,65536.0
2026-09-13T01:06:00.000+08:00,8.33335018157959,21.18610382080078,21.208984375,0.0,nan,389.6000061035156,0.0,0.0,2630.10009765625,nan,nan,nan,65536.0
2026-09-13T01:07:00.000+08:00,8.398454666137695,21.1848087310791,21.125,0.0,nan,389.6000061035156,0.0,0.0,2630.10009765625,nan,nan,nan,65536.0
2026-09-13T01:08:00.000+08:00,8.268245697021484,21.1927433013916,21.208984375,0.0,nan,389.70001220703125,0.0,0.0,2630.10009765625,nan,nan,nan,65536.0
2026-09-13T01:09:00.000+08:00,8.723976135253906,21.18610382080078,21.1953125,0.008241239003837109,0.0,389.79998779296875,0.0,0.0,2630.10009765625,nan,nan,nan,65536.0
2026-09-13T01:10:00.000+08:00,8.463558197021484,21.191389083862305,21.19482421875,0.010709420777857304,0.0,390.20001220703125,0.0,0.0,2630.10009765625,nan,nan,nan,65536.0
2026-09-13T01:11:00.000+08:00,8.203141212463379,21.205297470092773,21.1669921875,0.0,nan,389.70001220703125,0.0,0.0,2630.10009765625,nan,nan,nan,65536.0
2026-09-13T01:12:00.000+08:00,7.779963493347168,21.200679779052734,21.125,0.0,nan,389.5,0.0,0.0,2630.10009765625,nan,nan,nan,65536.0
2026-09-13T01:13:00.000+08:00,8.398454666137695,21.220518112182617,21.125,0.0,nan,389.5,0.0,0.0,2630.10009765625,nan,nan,nan,65536.0
2026-09-13T01:14:00.000+08:00,8.33335018157959,21.198007583618164,21.19482421875,0.0,nan,389.70001220703125,0.0,0.0,2630.10009765625,nan,nan,nan,65536.0
2026-09-13T01:15:00.000+08:00,8.723976135253906,21.217885971069336,21.208984375,0.013099746778607368,0.0,389.5,0.0,0.0,2630.10009765625,nan,nan,nan,65536.0
2026-09-13T01:16:00.000+08:00,8.6588716506958,21.208614349365234,21.13916015625,0.0,nan,389.5,0.0,0.0,2630.10009765625,nan,nan,nan,65536.0
2026-09-13T01:17:00.000+08:00,8.789079666137695,21.209264755249023,21.125,0.0,nan,389.79998779296875,0.0,0.0,2630.10009765625,nan,nan,nan,65536.0
2026-09-13T01:18:00.000+08:00,9.114601135253906,21.243661880493164,21.22265625,0.016503725200891495,0.0,389.6000061035156,0.0,0.0,2630.10009765625,nan,nan,nan,65536.0
2026-09-13T01:19:00.000+08:00,8.398454666137695,21.24762725830078,21.2919921875,0.015976477414369583,0.0,389.79998779296875,0.0,0.0,2630.10009765625,nan,nan,nan,65536.0
2026-09-13T01:20:00.000+08:00,8.789079666137695,21.241008758544922,21.22265625,0.00945026334375143,0.0,389.3999938964844,0.0,0.0,2630.10009765625,nan,nan,nan,65536.0
2026-09-13T01:21:00.000+08:00,8.33335018157959,21.134531021118164,21.34765625,4.487693659029901E-4,0.0,389.6000061035156,0.0,0.0,2630.10009765625,nan,nan,nan,65536.0
2026-09-13T01:22:00.000+08:00,8.203141212463379,21.245624542236328,21.22265625,0.006224960088729858,0.0,389.5,0.0,0.0,2630.10009765625,nan,nan,nan,65536.0
2026-09-13T01:23:00.000+08:00,8.170589447021484,21.129230499267578,21.33349609375,0.0045484635047614574,0.0,389.79998779296875,0.0,0.0,2630.10009765625,nan,nan,nan,65536.0
2026-09-13T01:24:00.000+08:00,8.105484962463379,21.237689971923828,21.1953125,0.0016055040759965777,0.0,389.6000061035156,0.0,0.0,2630.10009765625,nan,nan,nan,65536.0
2026-09-13T01:25:00.000+08:00,8.170589447021484,21.241697311401367,21.125,0.009949415922164917,0.0,389.70001220703125,0.0,0.0,2630.10009765625,nan,nan,nan,65536.0
2026-09-13T01:26:00.000+08:00,8.6588716506958,21.24694061279297,21.236328125,0.0,nan,389.79998779296875,0.0,0.0,2630.10009765625,nan,nan,nan,65536.0
2026-09-13T01:27:00.000+08:00,8.6588716506958,21.161623001098633,21.34765625,0.008987815119326115,0.0,390.1000061035156,0.0,0.0,2630.10009765625,nan,nan,nan,65536.0
2026-09-13T01:28:00.000+08:00,8.6588716506958,21.12590980529785,21.306640625,0.019930614158511162,0.0,390.0,0.0,0.0,2630.10009765625,nan,nan,nan,65536.0
2026-09-13T01:29:00.000+08:00,8.300797462463379,21.15568733215332,21.263671875,7.642942946404219E-4,0.0,390.0,0.0,0.0,2630.10009765625,nan,nan,nan,65536.0
2026-09-13T01:30:00.000+08:00,8.52866268157959,21.147754669189453,21.2919921875,0.0,nan,390.0,0.0,0.0,2630.10009765625,nan,nan,nan,65536.0
2026-09-13T01:31:00.000+08:00,8.203141212463379,21.141782760620117,21.34765625,0.0,nan,390.1000061035156,0.0,0.0,2630.10009765625,nan,nan,nan,65536.0
2026-09-13T01:32:00.000+08:00,7.845067977905273,21.28265380859375,21.361328125,0.0,nan,390.1000061035156,0.0,0.0,2630.10009765625,nan,nan,nan,65536.0
2026-09-13T01:33:00.000+08:00,8.170589447021484,21.28927230834961,21.306640625,0.0,nan,390.20001220703125,0.0,0.0,2630.10009765625,nan,nan,nan,65536.0
2026-09-13T01:34:00.000+08:00,7.877619743347168,21.144433975219727,21.2783203125,0.0,nan,390.20001220703125,0.0,0.0,2630.10009765625,nan,nan,nan,65536.0
2026-09-13T01:35:00.000+08:00,8.723976135253906,21.28133773803711,21.3056640625,0.0,nan,389.8999938964844,0.0,0.0,2630.10009765625,nan,nan,nan,65536.0
2026-09-13T01:36:00.000+08:00,8.105484962463379,21.287309646606445,21.333984375,0.0067422580905258656,0.0,389.79998779296875,0.0,0.0,2630.10009765625,nan,nan,nan,65536.0
2026-09-13T01:37:00.000+08:00,7.747411251068115,21.285972595214844,21.361328125,0.0,nan,389.70001220703125,0.0,0.0,2630.10009765625,nan,nan,nan,65536.0
2026-09-13T01:38:00.000+08:00,7.6172027587890625,21.320371627807617,21.27783203125,0.003038040827959776,0.0,389.79998779296875,0.0,0.0,2630.10009765625,nan,nan,nan,65536.0
2026-09-13T01:39:00.000+08:00,8.33335018157959,21.311767578125,21.361328125,0.0,nan,389.8999938964844,0.0,0.0,2630.10009765625,nan,nan,nan,65536.0
2026-09-13T01:40:00.000+08:00,7.942724227905273,21.301177978515625,21.3203125,9.098725859075785E-4,0.0,390.1000061035156,0.0,0.0,2630.10009765625,nan,nan,nan,65536.0
2026-09-13T01:41:00.000+08:00,7.812515735626221,21.315065383911133,21.27783203125,0.0013144953409209847,0.0,389.70001220703125,0.0,0.0,2630.10009765625,nan,nan,nan,65536.0
2026-09-13T01:42:00.000+08:00,8.23569393157959,21.311098098754883,21.34765625,0.006877059582620859,0.0,389.79998779296875,0.0,0.0,2630.10009765625,nan,nan,nan,65536.0
2026-09-13T01:43:00.000+08:00,8.040380477905273,21.315065383911133,21.34716796875,0.0,nan,390.0,0.0,0.0,2630.10009765625,nan,nan,nan,65536.0
2026-09-13T01:44:00.000+08:00,7.6172027587890625,21.31308364868164,21.3203125,0.0,nan,389.79998779296875,0.0,0.0,2630.10009765625,nan,nan,nan,65536.0
2026-09-13T01:45:00.000+08:00,7.845067977905273,21.342195510864258,21.333984375,0.005737099796533585,0.0,390.0,0.0,0.0,2630.10009765625,nan,nan,nan,65536.0
2026-09-13T01:46:00.000+08:00,7.5195465087890625,21.332273483276367,21.33349609375,0.00848277099430561,0.0,390.0,0.0,0.0,2630.10009765625,nan,nan,nan,65536.0
2026-09-13T01:47:00.000+08:00,7.7148590087890625,21.335573196411133,21.2919921875,0.0,nan,390.20001220703125,0.0,0.0,2630.10009765625,nan,nan,nan,65536.0
2026-09-13T01:48:00.000+08:00,8.040380477905273,21.338205337524414,21.2919921875,7.801773026585579E-4,0.0,390.20001220703125,0.0,0.0,2630.10009765625,nan,nan,nan,65536.0
2026-09-13T01:49:00.000+08:00,7.812515735626221,21.34879493713379,21.3203125,0.0,nan,390.29998779296875,0.0,0.0,2630.10009765625,nan,nan,nan,65536.0
2026-09-13T01:50:00.000+08:00,7.6172027587890625,21.366649627685547,21.361328125,0.006569881923496723,0.0,390.1000061035156,0.0,0.0,2630.10009765625,nan,nan,nan,65536.0
2026-09-13T01:51:00.000+08:00,7.812515735626221,21.317716598510742,21.31982421875,0.013468698598444462,0.0,390.29998779296875,0.0,0.0,2630.10009765625,nan,nan,nan,65536.0
2026-09-13T01:52:00.000+08:00,7.682307243347168,21.35541343688965,21.25,0.01566396839916706,0.0,390.29998779296875,0.0,0.0,2630.10009765625,nan,nan,nan,65536.0
2026-09-13T01:53:00.000+08:00,7.421889781951904,21.352764129638672,21.2783203125,0.003254218492656946,0.0,390.3999938964844,0.0,0.0,2630.10009765625,nan,nan,nan,65536.0
2026-09-13T01:54:00.000+08:00,7.812515735626221,21.35144805908203,21.31982421875,0.006235426291823387,0.0,390.3999938964844,0.0,0.0,2630.10009765625,nan,nan,nan,65536.0
2026-09-13T01:55:00.000+08:00,7.682307243347168,21.371286392211914,21.34765625,0.003805659944191575,0.0,390.70001220703125,0.0,0.0,2630.10009765625,nan,nan,nan,65536.0
2026-09-13T01:56:00.000+08:00,7.975276470184326,21.356082916259766,21.306640625,0.0,nan,390.3999938964844,0.0,0.0,2630.10009765625,nan,nan,nan,65536.0
2026-09-13T01:57:00.000+08:00,8.040380477905273,nan,nan,0.009349651634693146,0.0,nan,nan,nan,nan,nan,nan,nan,nan
2026-09-13T01:58:00.000+08:00,7.942724227905273,21.307461738586426,21.361328125,0.01869582198560238,0.0,390.25,0.0,0.0,2630.10009765625,nan,nan,nan,65536.0
2026-09-13T01:59:00.000+08:00,7.975276470184326,21.25554084777832,21.47265625,0.007515255827456713,0.0,389.79998779296875,0.0,0.0,2630.10009765625,nan,nan,nan,65536.0
2026-09-13T02:00:00.000+08:00,8.072933197021484,21.373939514160156,21.3203125,0.0,nan,390.20001220703125,0.0,0.0,2630.10009765625,nan,nan,nan,65536.0
2026-09-13T02:01:00.000+08:00,7.5195465087890625,21.366649627685547,21.375,0.014799104072153568,0.0,390.0,0.0,0.0,2630.10009765625,nan,nan,nan,65536.0
2026-09-13T02:02:00.000+08:00,7.356785774230957,21.25223731994629,21.486328125,0.0,nan,390.29998779296875,0.0,0.0,2630.10009765625,nan,nan,nan,65536.0
2026-09-13T02:03:00.000+08:00,8.268245697021484,21.28860092163086,21.47216796875,0.0,nan,389.8999938964844,0.0,0.0,2630.10009765625,nan,nan,nan,65536.0
2026-09-13T02:04:00.000+08:00,8.072933197021484,21.260175704956055,21.431640625,0.0,nan,390.3999938964844,0.0,0.0,2630.10009765625,nan,nan,nan,65536.0
2026-09-13T02:05:00.000+08:00,7.975276470184326,21.272748947143555,21.47265625,0.0,nan,390.1000061035156,0.0,0.0,2630.10009765625,nan,nan,nan,65536.0
2026-09-13T02:06:00.000+08:00,8.040380477905273,21.297870635986328,21.45849609375,0.0,nan,390.0,0.0,0.0,2630.10009765625,nan,nan,nan,65536.0
2026-09-13T02:07:00.000+08:00,7.975276470184326,21.283315658569336,21.486328125,0.0,nan,390.29998779296875,0.0,0.0,2630.10009765625,nan,nan,nan,65536.0
2026-09-13T02:08:00.000+08:00,7.877619743347168,21.264144897460938,21.486328125,0.0,nan,390.0,0.0,0.0,2630.10009765625,nan,nan,nan,65536.0
2026-09-13T02:09:00.000+08:00,8.33335018157959,21.27473258972168,21.47265625,0.0,nan,390.29998779296875,0.0,0.0,2630.10009765625,nan,nan,nan,65536.0
2026-09-13T02:10:00.000+08:00,8.23569393157959,21.40766716003418,21.4453125,0.0,nan,390.79998779296875,0.0,0.0,2630.10009765625,nan,nan,nan,65536.0
2026-09-13T02:11:00.000+08:00,7.48699426651001,21.278030395507812,21.44482421875,0.0,nan,390.3999938964844,0.0,0.0,2630.10009765625,nan,nan,nan,65536.0
2026-09-13T02:12:00.000+08:00,7.6172027587890625,21.42418670654297,21.47265625,0.0,nan,390.6000061035156,0.0,0.0,2630.10009765625,nan,nan,nan,65536.0
2026-09-13T02:13:00.000+08:00,7.910171985626221,21.268779754638672,21.486328125,0.0,nan,390.3999938964844,0.0,0.0,2630.10009765625,nan,nan,nan,65536.0
2026-09-13T02:14:00.000+08:00,7.6172027587890625,21.418237686157227,21.47265625,0.0,nan,390.29998779296875,0.0,0.0,2630.10009765625,nan,nan,nan,65536.0
2026-09-13T02:15:00.000+08:00,7.063816070556641,21.415603637695312,21.431640625,0.0,nan,390.5,0.0,0.0,2630.10009765625,nan,nan,nan,65536.0
2026-09-13T02:16:00.000+08:00,7.454442024230957,21.285968780517578,21.41650390625,0.0,nan,390.6000061035156,0.0,0.0,2630.10009765625,nan,nan,nan,65536.0
2026-09-13T02:17:00.000+08:00,7.356785774230957,21.419553756713867,21.4453125,0.0,nan,390.6000061035156,0.0,0.0,2630.10009765625,nan,nan,nan,65536.0
2026-09-13T02:18:00.000+08:00,8.072933197021484,21.42550277709961,21.375,0.0,nan,390.5,0.0,0.0,2630.10009765625,nan,nan,nan,65536.0
2026-09-13T02:19:00.000+08:00,7.226576805114746,21.44931411743164,21.375,0.0,nan,390.6000061035156,0.0,0.0,2630.10009765625,nan,nan,nan,65536.0
2026-09-13T02:20:00.000+08:00,7.421889781951904,21.432125091552734,21.486328125,0.0,nan,391.5,0.0,0.0,2630.10009765625,nan,nan,nan,65536.0
2026-09-13T02:21:00.000+08:00,8.007828712463379,21.419553756713867,21.431640625,0.00423299428075552,0.0,390.6000061035156,0.0,0.0,2630.10009765625,nan,nan,nan,65536.0
2026-09-13T02:22:00.000+08:00,7.812515735626221,21.42552375793457,21.44482421875,0.0,nan,390.6000061035156,0.0,0.0,2630.10009765625,nan,nan,nan,65536.0
2026-09-13T02:23:00.000+08:00,7.5195465087890625,21.429492950439453,21.44482421875,5.645884666591883E-4,0.0,390.6000061035156,0.0,0.0,2630.10009765625,nan,nan,nan,65536.0
2026-09-13T02:24:00.000+08:00,7.682307243347168,21.449981689453125,21.4453125,0.0,nan,390.5,0.0,0.0,2630.10009765625,nan,nan,nan,65536.0
2026-09-13T02:25:00.000+08:00,8.300797462463379,21.458585739135742,21.40283203125,0.0012948709772899747,0.0,390.8999938964844,0.0,0.0,2630.10009765625,nan,nan,nan,65536.0
2026-09-13T02:26:00.000+08:00,8.040380477905273,21.44668197631836,21.4453125,0.0,nan,390.6000061035156,0.0,0.0,2630.10009765625,nan,nan,nan,65536.0
2026-09-13T02:27:00.000+08:00,8.203141212463379,21.475772857666016,21.486328125,4.371007380541414E-4,0.0,390.70001220703125,0.0,0.0,2630.10009765625,nan,nan,nan,65536.0
2026-09-13T02:28:00.000+08:00,7.682307243347168,21.47113800048828,21.41650390625,0.0024273074232041836,0.0,390.5,0.0,0.0,2630.10009765625,nan,nan,nan,65536.0
2026-09-13T02:29:00.000+08:00,7.975276470184326,21.455265045166016,21.431640625,0.00868238415569067,0.0,390.3999938964844,0.0,0.0,2630.10009765625,nan,nan,nan,65536.0
2026-09-13T02:30:00.000+08:00,8.984393119812012,21.453279495239258,21.4453125,0.016079934313893318,0.0,390.6000061035156,0.0,0.0,2630.10009765625,nan,nan,nan,65536.0
2026-09-13T02:31:00.000+08:00,7.942724227905273,21.469839096069336,21.431640625,0.00347867701202631,0.0,390.6000061035156,0.0,0.0,2630.10009765625,nan,nan,nan,65536.0
2026-09-13T02:32:00.000+08:00,8.007828712463379,21.463869094848633,21.375,0.0,nan,390.70001220703125,0.0,0.0,2630.10009765625,nan,nan,nan,65536.0
2026-09-13T02:33:00.000+08:00,7.421889781951904,21.48105812072754,21.40283203125,0.0027643723879009485,0.0,390.70001220703125,0.0,0.0,2630.10009765625,nan,nan,nan,65536.0
2026-09-13T02:34:00.000+08:00,8.105484962463379,21.47907257080078,21.486328125,0.004455166403204203,0.0,390.8999938964844,0.0,0.0,2630.10009765625,nan,nan,nan,65536.0
2026-09-13T02:35:00.000+08:00,8.723976135253906,21.480409622192383,21.40283203125,0.0,nan,390.6000061035156,0.0,0.0,2630.10009765625,nan,nan,nan,65536.0
2026-09-13T02:36:00.000+08:00,8.170589447021484,21.471824645996094,21.47265625,0.0,nan,390.5,0.0,0.0,2630.10009765625,nan,nan,nan,65536.0
2026-09-13T02:37:00.000+08:00,8.040380477905273,21.482391357421875,21.47265625,0.01219163928180933,0.0,390.8999938964844,0.0,0.0,2630.10009765625,nan,nan,nan,65536.0
2026-09-13T02:38:00.000+08:00,7.7148590087890625,21.473140716552734,21.4453125,0.0,nan,390.79998779296875,0.0,0.0,2630.10009765625,nan,nan,nan,65536.0
2026-09-13T02:39:00.000+08:00,7.910171985626221,21.489662170410156,21.47265625,0.008220551535487175,0.0,390.70001220703125,0.0,0.0,2630.10009765625,nan,nan,nan,65536.0
2026-09-13T02:40:00.000+08:00,8.723976135253906,21.37656593322754,21.45849609375,0.012815816327929497,0.0,390.8999938964844,0.0,0.0,2630.10009765625,nan,nan,nan,65536.0
2026-09-13T02:41:00.000+08:00,8.33335018157959,21.47907257080078,21.375,0.0014995771925896406,0.0,391.0,0.0,0.0,2630.10009765625,nan,nan,nan,65536.0
2026-09-13T02:42:00.000+08:00,7.552098274230957,21.381179809570312,21.611328125,0.0020503485575318336,0.0,391.0,0.0,0.0,2630.10009765625,nan,nan,nan,65536.0
2026-09-13T02:43:00.000+08:00,7.5195465087890625,21.4876766204834,21.44482421875,0.0,nan,391.0,0.0,0.0,2630.10009765625,nan,nan,nan,65536.0
2026-09-13T02:44:00.000+08:00,8.23569393157959,21.485694885253906,21.458984375,0.01441237237304449,0.0,390.1000061035156,0.0,0.0,2630.10009765625,nan,nan,nan,65536.0
2026-09-13T02:45:00.000+08:00,8.007828712463379,21.380552291870117,21.59765625,0.004423915408551693,0.0,390.79998779296875,0.0,0.0,2630.10009765625,nan,nan,nan,65536.0
2026-09-13T02:46:00.000+08:00,7.975276470184326,21.37788200378418,21.58349609375,0.0,nan,390.79998779296875,0.0,0.0,2630.10009765625,nan,nan,nan,65536.0
2026-09-13T02:47:00.000+08:00,7.682307243347168,21.381179809570312,21.5419921875,9.120210306718946E-4,0.0,391.20001220703125,0.0,0.0,2630.10009765625,nan,nan,nan,65536.0
2026-09-13T02:48:00.000+08:00,8.105484962463379,21.379886627197266,21.52783203125,0.0,nan,391.0,0.0,0.0,2630.10009765625,nan,nan,nan,65536.0
2026-09-13T02:49:00.000+08:00,7.682307243347168,21.392457962036133,21.59765625,0.0041039492934942245,0.0,390.70001220703125,0.0,0.0,2630.10009765625,nan,nan,nan,65536.0
2026-09-13T02:50:00.000+08:00,8.33335018157959,21.404991149902344,21.59765625,0.0,nan,390.6000061035156,0.0,0.0,2630.10009765625,nan,nan,nan,65536.0
2026-09-13T02:51:00.000+08:00,8.072933197021484,21.41094398498535,21.5419921875,0.0,nan,391.1000061035156,0.0,0.0,2630.10009765625,nan,nan,nan,65536.0
2026-09-13T02:52:00.000+08:00,7.6172027587890625,21.37790298461914,21.52783203125,0.0,nan,390.8999938964844,0.0,0.0,2630.10009765625,nan,nan,nan,65536.0
2026-09-13T02:53:00.000+08:00,7.877619743347168,21.385150909423828,21.583984375,0.0,nan,391.0,0.0,0.0,2630.10009765625,nan,nan,nan,65536.0
2026-09-13T02:54:00.000+08:00,7.649755001068115,21.411588668823242,21.52783203125,0.0,nan,391.20001220703125,0.0,0.0,2630.10009765625,nan,nan,nan,65536.0
2026-09-13T02:55:00.000+08:00,7.779963493347168,21.401060104370117,21.5,0.0,nan,390.8999938964844,0.0,0.0,2630.10009765625,nan,nan,nan,65536.0
2026-09-13T02:56:00.000+08:00,7.259129047393799,nan,nan,0.0,nan,nan,nan,nan,nan,nan,nan,nan,nan
2026-09-13T02:57:00.000+08:00,7.552098274230957,21.399046897888184,21.57666015625,0.0,nan,390.8999938964844,0.0,0.0,2630.10009765625,nan,nan,nan,65536.0
2026-09-13T02:58:00.000+08:00,7.812515735626221,21.393085479736328,21.5419921875,0.0,nan,390.79998779296875,0.0,0.0,2630.10009765625,nan,nan,nan,65536.0
2026-09-13T02:59:00.000+08:00,8.072933197021484,21.406993865966797,21.5283203125,0.0,nan,391.1000061035156,0.0,0.0,2630.10009765625,nan,nan,nan,65536.0
2026-09-13T03:00:00.000+08:00,7.324233531951904,21.416227340698242,21.5703125,0.0,nan,391.3999938964844,0.0,0.0,2630.10009765625,nan,nan,nan,65536.0
2026-09-13T03:01:00.000+08:00,7.910171985626221,21.430801391601562,21.58349609375,0.0,nan,391.70001220703125,0.0,0.0,2630.10009765625,nan,nan,nan,65536.0
2026-09-13T03:02:00.000+08:00,8.040380477905273,21.410293579101562,21.583984375,0.0,nan,391.20001220703125,0.0,0.0,2630.10009765625,nan,nan,nan,65536.0
2026-09-13T03:03:00.000+08:00,7.942724227905273,21.535293579101562,21.52783203125,0.0016499143093824387,0.0,391.29998779296875,0.0,0.0,2630.10009765625,nan,nan,nan,65536.0
2026-09-13T03:04:00.000+08:00,7.58465051651001,21.42023468017578,21.54150390625,0.0,nan,391.1000061035156,0.0,0.0,2630.10009765625,nan,nan,nan,65536.0
2026-09-13T03:05:00.000+08:00,7.845067977905273,21.41889762878418,21.59765625,0.0,nan,391.29998779296875,0.0,0.0,2630.10009765625,nan,nan,nan,65536.0
2026-09-13T03:06:00.000+08:00,7.7148590087890625,21.548532485961914,21.5703125,0.0,nan,390.8999938964844,0.0,0.0,2630.10009765625,nan,nan,nan,65536.0
2026-09-13T03:07:00.000+08:00,7.552098274230957,21.558433532714844,21.556640625,0.0,nan,390.8999938964844,0.0,0.0,2630.10009765625,nan,nan,nan,65536.0
2026-09-13T03:08:00.000+08:00,8.398454666137695,21.563739776611328,21.611328125,0.0,nan,391.20001220703125,0.0,0.0,2630.10009765625,nan,nan,nan,65536.0
2026-09-13T03:09:00.000+08:00,8.52866268157959,21.568336486816406,21.59765625,0.0,nan,391.0,0.0,0.0,2630.10009765625,nan,nan,nan,65536.0
2026-09-13T03:10:00.000+08:00,8.463558197021484,21.57367706298828,21.56982421875,0.006817502900958061,0.0,390.79998779296875,0.0,0.0,2630.10009765625,nan,nan,nan,65536.0
2026-09-13T03:11:00.000+08:00,8.723976135253906,21.573009490966797,21.611328125,0.0,nan,390.79998779296875,0.0,0.0,2630.10009765625,nan,nan,nan,65536.0
2026-09-13T03:12:00.000+08:00,7.942724227905273,21.577608108520508,21.51416015625,0.0,nan,391.20001220703125,0.0,0.0,2630.10009765625,nan,nan,nan,65536.0
2026-09-13T03:13:00.000+08:00,8.300797462463379,21.565032958984375,21.5703125,0.007889684289693832,0.0,391.70001220703125,0.0,0.0,2630.10009765625,nan,nan,nan,65536.0
2026-09-13T03:14:00.000+08:00,8.138036727905273,21.57693862915039,21.5,0.0,nan,391.5,0.0,0.0,2630.10009765625,nan,nan,nan,65536.0
2026-09-13T03:15:00.000+08:00,8.52866268157959,21.582242965698242,21.611328125,0.014030051417648792,0.0,391.1000061035156,0.0,0.0,2630.10009765625,nan,nan,nan,65536.0
2026-09-13T03:16:00.000+08:00,8.105484962463379,21.58491325378418,21.59765625,0.0,nan,391.6000061035156,0.0,0.0,2630.10009765625,nan,nan,nan,65536.0
2026-09-13T03:17:00.000+08:00,7.779963493347168,21.57297134399414,21.5419921875,0.0,nan,391.20001220703125,0.0,0.0,2630.10009765625,nan,nan,nan,65536.0
2026-09-13T03:18:00.000+08:00,8.007828712463379,21.57827377319336,21.56982421875,0.0031562596559524536,0.0,391.29998779296875,0.0,0.0,2630.10009765625,nan,nan,nan,65536.0
2026-09-13T03:19:00.000+08:00,8.138036727905273,21.58024024963379,21.59716796875,0.0,nan,391.3999938964844,0.0,0.0,2630.10009765625,nan,nan,nan,65536.0
2026-09-13T03:20:00.000+08:00,8.33335018157959,21.584877014160156,21.611328125,0.004362177103757858,0.0,391.3999938964844,0.0,0.0,2630.10009765625,nan,nan,nan,65536.0
2026-09-13T03:21:00.000+08:00,7.910171985626221,21.586212158203125,21.51416015625,0.012494723312556744,0.0,391.3999938964844,0.0,0.0,2630.10009765625,nan,nan,nan,65536.0
2026-09-13T03:22:00.000+08:00,8.072933197021484,21.60208511352539,21.58349609375,0.0,nan,391.3999938964844,0.0,0.0,2630.10009765625,nan,nan,nan,65536.0
2026-09-13T03:23:00.000+08:00,8.007828712463379,21.603418350219727,21.5283203125,0.006657458376139402,0.0,391.5,0.0,0.0,2630.10009765625,nan,nan,nan,65536.0
2026-09-13T03:24:00.000+08:00,8.203141212463379,21.599411010742188,21.52783203125,0.013556021265685558,0.0,391.5,0.0,0.0,2630.10009765625,nan,nan,nan,65536.0
2026-09-13T03:25:00.000+08:00,8.072933197021484,21.615324020385742,21.611328125,0.002546758158132434,0.0,391.20001220703125,0.0,0.0,2630.10009765625,nan,nan,nan,65536.0
2026-09-13T03:26:00.000+08:00,7.910171985626221,21.61332130432129,21.556640625,0.0,nan,391.3999938964844,0.0,0.0,2630.10009765625,nan,nan,nan,65536.0
2026-09-13T03:27:00.000+08:00,8.268245697021484,21.602750778198242,21.56982421875,5.072184721939266E-4,0.0,391.29998779296875,0.0,0.0,2630.10009765625,nan,nan,nan,65536.0
2026-09-13T03:28:00.000+08:00,7.975276470184326,21.610017776489258,21.5556640625,0.0021613151766359806,0.0,391.29998779296875,0.0,0.0,2630.10009765625,nan,nan,nan,65536.0
2026-09-13T03:29:00.000+08:00,7.812515735626221,21.610017776489258,21.5703125,0.0,nan,391.1000061035156,0.0,0.0,2630.10009765625,nan,nan,nan,65536.0
2026-09-13T03:30:00.000+08:00,8.33335018157959,21.617956161499023,21.611328125,0.0,nan,391.20001220703125,0.0,0.0,2630.10009765625,nan,nan,nan,65536.0
2026-09-13T03:31:00.000+08:00,8.398454666137695,21.61928939819336,21.611328125,0.004338093101978302,0.0,391.29998779296875,0.0,0.0,2630.10009765625,nan,nan,nan,65536.0
2026-09-13T03:32:00.000+08:00,8.23569393157959,21.606050491333008,21.5,0.006308880168944597,0.0,391.70001220703125,0.0,0.0,2630.10009765625,nan,nan,nan,65536.0
2026-09-13T03:33:00.000+08:00,8.52866268157959,21.618623733520508,21.59765625,0.0,nan,391.20001220703125,0.0,0.0,2630.10009765625,nan,nan,nan,65536.0
2026-09-13T03:34:00.000+08:00,8.52866268157959,21.617286682128906,21.58349609375,0.0029590630438178778,0.0,391.20001220703125,0.0,0.0,2630.10009765625,nan,nan,nan,65536.0
2026-09-13T03:35:00.000+08:00,8.723976135253906,21.611356735229492,21.5703125,0.005540270358324051,0.0,391.20001220703125,0.0,0.0,2630.10009765625,nan,nan,nan,65536.0
2026-09-13T03:36:00.000+08:00,8.789079666137695,21.608055114746094,21.56982421875,0.0021556790452450514,0.0,391.5,0.0,0.0,2630.10009765625,nan,nan,nan,65536.0
2026-09-13T03:37:00.000+08:00,8.723976135253906,21.50949478149414,21.72265625,0.0,nan,391.5,0.0,0.0,2630.10009765625,nan,nan,nan,65536.0
2026-09-13T03:38:00.000+08:00,8.463558197021484,21.596818923950195,21.556640625,0.009742126800119877,0.0,391.5,0.0,0.0,2630.10009765625,nan,nan,nan,65536.0
2026-09-13T03:39:00.000+08:00,8.919288635253906,21.60011863708496,21.5283203125,0.00476036686450243,0.0,391.6000061035156,0.0,0.0,2630.10009765625,nan,nan,nan,65536.0
2026-09-13T03:40:00.000+08:00,8.6588716506958,21.500890731811523,21.72265625,0.0,nan,391.20001220703125,0.0,0.0,2630.10009765625,nan,nan,nan,65536.0
2026-09-13T03:41:00.000+08:00,8.789079666137695,21.520732879638672,21.736328125,0.004547182470560074,0.0,391.29998779296875,0.0,0.0,2630.10009765625,nan,nan,nan,65536.0
2026-09-13T03:42:00.000+08:00,8.6588716506958,21.510791778564453,21.70849609375,0.0,nan,391.8999938964844,0.0,0.0,2630.10009765625,nan,nan,nan,65536.0
2026-09-13T03:43:00.000+08:00,7.975276470184326,21.514759063720703,21.72216796875,7.690310012549162E-4,0.0,391.6000061035156,0.0,0.0,2630.10009765625,nan,nan,nan,65536.0
2026-09-13T03:44:00.000+08:00,8.33335018157959,21.51943588256836,21.6953125,0.0,nan,391.8999938964844,0.0,0.0,2630.10009765625,nan,nan,nan,65536.0
2026-09-13T03:45:00.000+08:00,8.105484962463379,21.53196907043457,21.63916015625,0.0,nan,391.70001220703125,0.0,0.0,2630.10009765625,nan,nan,nan,65536.0
2026-09-13T03:46:00.000+08:00,8.919288635253906,21.51805877685547,21.6533203125,0.0,nan,391.79998779296875,0.0,0.0,2630.10009765625,nan,nan,nan,65536.0
2026-09-13T03:47:00.000+08:00,8.33335018157959,21.537233352661133,21.72216796875,0.0,nan,391.79998779296875,0.0,0.0,2630.10009765625,nan,nan,nan,65536.0
2026-09-13T03:48:00.000+08:00,8.919288635253906,21.517433166503906,21.70849609375,0.0,nan,391.6000061035156,0.0,0.0,2630.10009765625,nan,nan,nan,65536.0
2026-09-13T03:49:00.000+08:00,8.463558197021484,21.531299591064453,21.6533203125,0.0,nan,391.5,0.0,0.0,2630.10009765625,nan,nan,nan,65536.0
2026-09-13T03:50:00.000+08:00,8.463558197021484,21.51676368713379,21.72265625,0.0,nan,391.79998779296875,0.0,0.0,2630.10009765625,nan,nan,nan,65536.0
2026-09-13T03:51:00.000+08:00,8.040380477905273,21.526704788208008,21.708984375,0.0,nan,391.5,0.0,0.0,2630.10009765625,nan,nan,nan,65536.0
2026-09-13T03:52:00.000+08:00,7.910171985626221,21.66490364074707,21.6669921875,0.0,nan,391.5,0.0,0.0,2630.10009765625,nan,nan,nan,65536.0
2026-09-13T03:53:00.000+08:00,7.779963493347168,21.67747688293457,21.72265625,0.0,nan,391.70001220703125,0.0,0.0,2630.10009765625,nan,nan,nan,65536.0
2026-09-13T03:54:00.000+08:00,8.398454666137695,nan,nan,0.0,nan,nan,nan,nan,nan,nan,nan,nan,nan
2026-09-13T03:55:00.000+08:00,8.072933197021484,21.52470111846924,21.687744140625,0.0,nan,391.34999084472656,0.0,0.0,2630.10009765625,nan,nan,nan,65536.0
2026-09-13T03:56:00.000+08:00,7.58465051651001,21.661605834960938,21.6953125,0.0,nan,391.5,0.0,0.0,2630.10009765625,nan,nan,nan,65536.0
2026-09-13T03:57:00.000+08:00,7.6172027587890625,21.53330421447754,21.681640625,0.0,nan,391.20001220703125,0.0,0.0,2630.10009765625,nan,nan,nan,65536.0
2026-09-13T03:58:00.000+08:00,8.723976135253906,21.684743881225586,21.708984375,0.0,nan,391.29998779296875,0.0,0.0,2630.10009765625,nan,nan,nan,65536.0
2026-09-13T03:59:00.000+08:00,8.170589447021484,21.530672073364258,21.69482421875,0.0,nan,391.20001220703125,0.0,0.0,2630.10009765625,nan,nan,nan,65536.0
2026-09-13T04:00:00.000+08:00,7.877619743347168,21.698654174804688,21.708984375,0.0022087842226028442,0.0,391.0,0.0,0.0,2630.10009765625,nan,nan,nan,65536.0
2026-09-13T04:01:00.000+08:00,7.812515735626221,21.68735694885254,21.6953125,0.0,nan,390.8999938964844,0.0,0.0,2630.10009765625,nan,nan,nan,65536.0
2026-09-13T04:02:00.000+08:00,8.007828712463379,21.684078216552734,21.6533203125,0.0,nan,391.1000061035156,0.0,0.0,2630.10009765625,nan,nan,nan,65536.0
2026-09-13T04:03:00.000+08:00,8.170589447021484,21.66423797607422,21.6669921875,0.0020061477553099394,0.0,391.29998779296875,0.0,0.0,2630.10009765625,nan,nan,nan,65536.0
2026-09-13T04:04:00.000+08:00,7.910171985626221,21.678144454956055,21.6953125,0.0,nan,391.29998779296875,0.0,0.0,2630.10009765625,nan,nan,nan,65536.0
2026-09-13T04:05:00.000+08:00,7.845067977905273,21.707883834838867,21.63916015625,0.0,nan,391.5,0.0,0.0,2630.10009765625,nan,nan,nan,65536.0
2026-09-13T04:06:00.000+08:00,8.072933197021484,21.722402572631836,21.69482421875,0.0,nan,390.8999938964844,0.0,0.0,2630.10009765625,nan,nan,nan,65536.0
2026-09-13T04:07:00.000+08:00,8.203141212463379,21.67551040649414,21.6953125,0.013270105235278606,0.0,391.0,0.0,0.0,2630.10009765625,nan,nan,nan,65536.0
2026-09-13T04:08:00.000+08:00,7.324233531951904,21.664274215698242,21.70849609375,0.004637487698346376,0.0,391.29998779296875,0.0,0.0,2630.10009765625,nan,nan,nan,65536.0
2026-09-13T04:09:00.000+08:00,7.975276470184326,21.703289031982422,21.681640625,0.0,nan,391.20001220703125,0.0,0.0,2630.10009765625,nan,nan,nan,65536.0
2026-09-13T04:10:00.000+08:00,7.975276470184326,21.68010902404785,21.69482421875,0.0,nan,391.5,0.0,0.0,2630.10009765625,nan,nan,nan,65536.0
2026-09-13T04:11:00.000+08:00,8.040380477905273,21.698654174804688,21.736328125,0.008052196353673935,0.0,391.3999938964844,0.0,0.0,2630.10009765625,nan,nan,nan,65536.0
2026-09-13T04:12:00.000+08:00,7.682307243347168,21.698593139648438,21.6806640625,0.0025084211956709623,0.0,391.20001220703125,0.0,0.0,2630.10009765625,nan,nan,nan,65536.0
2026-09-13T04:13:00.000+08:00,7.682307243347168,21.708553314208984,21.736328125,0.0,nan,391.20001220703125,0.0,0.0,2630.10009765625,nan,nan,nan,65536.0
2026-09-13T04:14:00.000+08:00,7.6172027587890625,21.690717697143555,21.63916015625,0.0011781451757997274,0.0,391.20001220703125,0.0,0.0,2630.10009765625,nan,nan,nan,65536.0
2026-09-13T04:15:00.000+08:00,7.7148590087890625,21.698654174804688,21.708984375,0.0,nan,391.6000061035156,0.0,0.0,2630.10009765625,nan,nan,nan,65536.0
2026-09-13T04:16:00.000+08:00,7.747411251068115,21.709888458251953,21.70849609375,0.0015005676541477442,0.0,391.70001220703125,0.0,0.0,2630.10009765625,nan,nan,nan,65536.0
2026-09-13T04:17:00.000+08:00,7.747411251068115,21.71513557434082,21.72265625,0.009951595216989517,0.0,391.70001220703125,0.0,0.0,2630.10009765625,nan,nan,nan,65536.0
2026-09-13T04:18:00.000+08:00,7.845067977905273,21.71055793762207,21.736328125,0.014344828203320503,0.0,391.5,0.0,0.0,2630.10009765625,nan,nan,nan,65536.0
2026-09-13T04:19:00.000+08:00,8.138036727905273,21.70128631591797,21.681640625,0.010611348785459995,0.0,391.3999938964844,0.0,0.0,2630.10009765625,nan,nan,nan,65536.0
2026-09-13T04:20:00.000+08:00,7.877619743347168,21.725759506225586,21.736328125,0.0,nan,391.3999938964844,0.0,0.0,2630.10009765625,nan,nan,nan,65536.0
2026-09-13T04:21:00.000+08:00,8.398454666137695,21.726430892944336,21.681640625,0.0,nan,391.79998779296875,0.0,0.0,2630.10009765625,nan,nan,nan,65536.0
2026-09-13T04:22:00.000+08:00,7.682307243347168,21.695981979370117,21.6953125,0.0,nan,391.0,0.0,0.0,2630.10009765625,nan,nan,nan,65536.0
2026-09-13T04:23:00.000+08:00,7.942724227905273,21.725759506225586,21.6953125,0.003729966701939702,0.0,391.1000061035156,0.0,0.0,2630.10009765625,nan,nan,nan,65536.0
2026-09-13T04:24:00.000+08:00,8.33335018157959,21.744855880737305,21.65283203125,0.0024396907538175583,0.0,390.8999938964844,0.0,0.0,2630.10009765625,nan,nan,nan,65536.0
2026-09-13T04:25:00.000+08:00,7.975276470184326,21.730337142944336,21.72265625,0.002934269839897752,0.0,391.1000061035156,0.0,0.0,2630.10009765625,nan,nan,nan,65536.0
2026-09-13T04:26:00.000+08:00,7.975276470184326,21.703899383544922,21.708984375,0.004924152512103319,0.0,391.20001220703125,0.0,0.0,2630.10009765625,nan,nan,nan,65536.0
2026-09-13T04:27:00.000+08:00,8.268245697021484,21.733030319213867,21.69482421875,0.003252018243074417,0.0,391.0,0.0,0.0,2630.10009765625,nan,nan,nan,65536.0
2026-09-13T04:28:00.000+08:00,8.463558197021484,21.712520599365234,21.6953125,0.0014848927967250347,0.0,391.20001220703125,0.0,0.0,2630.10009765625,nan,nan,nan,65536.0
2026-09-13T04:29:00.000+08:00,8.170589447021484,21.7283935546875,21.65283203125,0.0064275250770151615,0.0,391.0,0.0,0.0,2630.10009765625,nan,nan,nan,65536.0
2026-09-13T04:30:00.000+08:00,8.398454666137695,21.740299224853516,21.6953125,0.01479731872677803,0.0,391.0,0.0,0.0,2630.10009765625,nan,nan,nan,65536.0
2026-09-13T04:31:00.000+08:00,7.942724227905273,21.729063034057617,21.63916015625,0.0,nan,391.1000061035156,0.0,0.0,2630.10009765625,nan,nan,nan,65536.0
2026-09-13T04:32:00.000+08:00,7.747411251068115,21.748903274536133,21.8203125,0.013922031037509441,0.0,391.3999938964844,0.0,0.0,2630.10009765625,nan,nan,nan,65536.0
2026-09-13T04:33:00.000+08:00,8.138036727905273,21.731674194335938,21.72265625,0.007450272794812918,0.0,391.3999938964844,0.0,0.0,2630.10009765625,nan,nan,nan,65536.0
2026-09-13T04:34:00.000+08:00,7.7148590087890625,21.723127365112305,21.6806640625,0.0,nan,391.5,0.0,0.0,2630.10009765625,nan,nan,nan,65536.0
2026-09-13T04:35:00.000+08:00,8.463558197021484,21.644411087036133,21.8203125,0.016429590061306953,0.0,391.3999938964844,0.0,0.0,2630.10009765625,nan,nan,nan,65536.0
2026-09-13T04:36:00.000+08:00,8.072933197021484,21.626516342163086,21.75,0.0,nan,391.1000061035156,0.0,0.0,2630.10009765625,nan,nan,nan,65536.0
2026-09-13T04:37:00.000+08:00,8.072933197021484,21.73900032043457,21.708984375,0.012267272919416428,0.0,391.3999938964844,0.0,0.0,2630.10009765625,nan,nan,nan,65536.0
2026-09-13T04:38:00.000+08:00,7.649755001068115,21.62786865234375,21.77783203125,0.0,nan,391.20001220703125,0.0,0.0,2630.10009765625,nan,nan,nan,65536.0
2026-09-13T04:39:00.000+08:00,7.877619743347168,21.625844955444336,21.8056640625,0.0,nan,391.29998779296875,0.0,0.0,2630.10009765625,nan,nan,nan,65536.0
2026-09-13T04:40:00.000+08:00,8.398454666137695,21.62786865234375,21.84765625,0.0,nan,391.1000061035156,0.0,0.0,2630.10009765625,nan,nan,nan,65536.0
2026-09-13T04:41:00.000+08:00,7.682307243347168,21.748903274536133,21.6669921875,0.010437218472361565,0.0,391.0,0.0,0.0,2630.10009765625,nan,nan,nan,65536.0
2026-09-13T04:42:00.000+08:00,8.463558197021484,21.629148483276367,21.76416015625,0.0,nan,391.29998779296875,0.0,0.0,2630.10009765625,nan,nan,nan,65536.0
2026-09-13T04:43:00.000+08:00,8.300797462463379,21.629873275756836,21.84765625,0.0,nan,391.3999938964844,0.0,0.0,2630.10009765625,nan,nan,nan,65536.0
2026-09-13T04:44:00.000+08:00,7.877619743347168,21.656923294067383,21.76416015625,0.0,nan,391.3999938964844,0.0,0.0,2630.10009765625,nan,nan,nan,65536.0
2026-09-13T04:45:00.000+08:00,7.910171985626221,21.766050338745117,21.7783203125,0.0,nan,391.1000061035156,0.0,0.0,2630.10009765625,nan,nan,nan,65536.0
2026-09-13T04:46:00.000+08:00,7.779963493347168,21.738332748413086,21.72216796875,0.0,nan,391.5,0.0,0.0,2630.10009765625,nan,nan,nan,65536.0
2026-09-13T04:47:00.000+08:00,8.072933197021484,21.783926010131836,21.861328125,0.0,nan,391.3999938964844,0.0,0.0,2630.10009765625,nan,nan,nan,65536.0
2026-09-13T04:48:00.000+08:00,7.552098274230957,21.62920570373535,21.806640625,0.0,nan,391.29998779296875,0.0,0.0,2630.10009765625,nan,nan,nan,65536.0
2026-09-13T04:49:00.000+08:00,7.291681289672852,21.745601654052734,21.736328125,0.0,nan,391.29998779296875,0.0,0.0,2630.10009765625,nan,nan,nan,65536.0
2026-09-13T04:50:00.000+08:00,7.649755001068115,21.760807037353516,21.833984375,0.0,nan,390.79998779296875,0.0,0.0,2630.10009765625,nan,nan,nan,65536.0
2026-09-13T04:51:00.000+08:00,7.58465051651001,21.78520393371582,21.833984375,0.0,nan,391.1000061035156,0.0,0.0,2630.10009765625,nan,nan,nan,65536.0
2026-09-13T04:52:00.000+08:00,7.747411251068115,21.78858184814453,21.8056640625,0.0,nan,390.79998779296875,0.0,0.0,2630.10009765625,nan,nan,nan,65536.0
2026-09-13T04:53:00.000+08:00,7.454442024230957,nan,nan,0.0,nan,nan,nan,nan,nan,nan,nan,nan,nan
2026-09-13T04:54:00.000+08:00,7.7148590087890625,21.719451904296875,21.833740234375,0.0012422993313521147,0.0,391.0,0.0,0.0,2630.10009765625,nan,nan,nan,65536.0
2026-09-13T04:55:00.000+08:00,7.58465051651001,21.7740478515625,21.75,5.037457449361682E-4,0.0,390.79998779296875,0.0,0.0,2630.10009765625,nan,nan,nan,65536.0
2026-09-13T04:56:00.000+08:00,7.5195465087890625,21.783926010131836,21.8203125,0.0,nan,390.5,0.0,0.0,2630.10009765625,nan,nan,nan,65536.0
2026-09-13T04:57:00.000+08:00,7.356785774230957,21.793216705322266,21.81982421875,0.0,nan,391.0,0.0,0.0,2630.10009765625,nan,nan,nan,65536.0
2026-09-13T04:58:00.000+08:00,7.5195465087890625,21.79913330078125,21.8203125,0.00467208307236433,0.0,390.70001220703125,0.0,0.0,2630.10009765625,nan,nan,nan,65536.0
2026-09-13T04:59:00.000+08:00,8.138036727905273,21.793888092041016,21.83349609375,0.0,nan,390.70001220703125,0.0,0.0,2630.10009765625,nan,nan,nan,65536.0
2026-09-13T05:00:00.000+08:00,7.812515735626221,21.817028045654297,21.81982421875,0.0,nan,390.3999938964844,0.0,0.0,2630.10009765625,nan,nan,nan,65536.0
2026-09-13T05:01:00.000+08:00,7.910171985626221,21.760807037353516,21.806640625,0.0,nan,391.29998779296875,0.0,0.0,2630.10009765625,nan,nan,nan,65536.0
2026-09-13T05:02:00.000+08:00,8.300797462463379,21.801742553710938,21.84765625,0.0,nan,391.70001220703125,0.0,0.0,2630.10009765625,nan,nan,nan,65536.0
2026-09-13T05:03:00.000+08:00,7.779963493347168,21.8031005859375,21.861328125,0.0,nan,391.79998779296875,0.0,0.0,2630.10009765625,nan,nan,nan,65536.0
2026-09-13T05:04:00.000+08:00,7.910171985626221,21.789918899536133,21.75,0.0,nan,391.3999938964844,0.0,0.0,2630.10009765625,nan,nan,nan,65536.0
2026-09-13T05:05:00.000+08:00,8.268245697021484,21.801076889038086,21.8056640625,0.0,nan,391.1000061035156,0.0,0.0,2630.10009765625,nan,nan,nan,65536.0
2026-09-13T05:06:00.000+08:00,8.170589447021484,21.79718780517578,21.8203125,0.0,nan,391.0,0.0,0.0,2630.10009765625,nan,nan,nan,65536.0
2026-09-13T05:07:00.000+08:00,7.975276470184326,21.807065963745117,21.7919921875,0.0,nan,391.5,0.0,0.0,2630.10009765625,nan,nan,nan,65536.0
2026-09-13T05:08:00.000+08:00,8.33335018157959,21.807065963745117,21.75,0.008012882433831692,0.0,391.3999938964844,0.0,0.0,2630.10009765625,nan,nan,nan,65536.0
2026-09-13T05:09:00.000+08:00,8.398454666137695,21.82099723815918,21.84716796875,0.0,nan,391.5,0.0,0.0,2630.10009765625,nan,nan,nan,65536.0
2026-09-13T05:10:00.000+08:00,8.398454666137695,21.80975914001465,21.861328125,7.087660196702927E-5,0.0,391.3999938964844,0.0,0.0,2630.10009765625,nan,nan,nan,65536.0
2026-09-13T05:11:00.000+08:00,7.910171985626221,21.80647850036621,21.861328125,0.0,nan,391.20001220703125,0.0,0.0,2630.10009765625,nan,nan,nan,65536.0
2026-09-13T05:12:00.000+08:00,8.398454666137695,21.824298858642578,21.806640625,0.0,nan,391.3999938964844,0.0,0.0,2630.10009765625,nan,nan,nan,65536.0
2026-09-13T05:13:00.000+08:00,9.114601135253906,21.810447692871094,21.8056640625,0.0,nan,391.3999938964844,0.0,0.0,2630.10009765625,nan,nan,nan,65536.0
2026-09-13T05:14:00.000+08:00,8.33335018157959,21.832904815673828,21.75,0.0,nan,391.5,0.0,0.0,2630.10009765625,nan,nan,nan,65536.0
2026-09-13T05:15:00.000+08:00,8.463558197021484,21.82099723815918,21.76416015625,0.0,nan,391.5,0.0,0.0,2630.10009765625,nan,nan,nan,65536.0
2026-09-13T05:16:00.000+08:00,9.114601135253906,21.828855514526367,21.8203125,0.0,nan,391.79998779296875,0.0,0.0,2630.10009765625,nan,nan,nan,65536.0
2026-09-13T05:17:00.000+08:00,8.007828712463379,21.825634002685547,21.84716796875,0.0031559565104544163,0.0,391.6000061035156,0.0,0.0,2630.10009765625,nan,nan,nan,65536.0
2026-09-13T05:18:00.000+08:00,8.33335018157959,21.791194915771484,21.7919921875,0.010486002080142498,0.0,391.6000061035156,0.0,0.0,2630.10009765625,nan,nan,nan,65536.0
2026-09-13T05:19:00.000+08:00,8.33335018157959,21.84345817565918,21.806640625,0.004097267519682646,0.0,391.6000061035156,0.0,0.0,2630.10009765625,nan,nan,nan,65536.0
2026-09-13T05:20:00.000+08:00,7.910171985626221,21.822351455688477,21.7919921875,0.0,nan,391.29998779296875,0.0,0.0,2630.10009765625,nan,nan,nan,65536.0
2026-09-13T05:21:00.000+08:00,8.8541841506958,21.842790603637695,21.806640625,0.0017072276677936316,0.0,391.20001220703125,0.0,0.0,2630.10009765625,nan,nan,nan,65536.0
2026-09-13T05:22:00.000+08:00,7.779963493347168,21.83551788330078,21.84765625,0.0,nan,391.3999938964844,0.0,0.0,2630.10009765625,nan,nan,nan,65536.0
2026-09-13T05:23:00.000+08:00,8.268245697021484,21.818382263183594,21.84765625,0.005299979355186224,0.0,391.3999938964844,0.0,0.0,2630.10009765625,nan,nan,nan,65536.0
2026-09-13T05:24:00.000+08:00,8.138036727905273,21.84345817565918,21.77783203125,0.0,nan,391.5,0.0,0.0,2630.10009765625,nan,nan,nan,65536.0
2026-09-13T05:25:00.000+08:00,7.7148590087890625,21.84473419189453,21.81982421875,0.0,nan,391.70001220703125,0.0,0.0,2630.10009765625,nan,nan,nan,65536.0
2026-09-13T05:26:00.000+08:00,7.877619743347168,21.81239128112793,21.861328125,0.0,nan,391.0,0.0,0.0,2630.10009765625,nan,nan,nan,65536.0
2026-09-13T05:27:00.000+08:00,8.23569393157959,21.821664810180664,21.75,0.012153679504990578,0.0,391.0,0.0,0.0,2630.10009765625,nan,nan,nan,65536.0
2026-09-13T05:28:00.000+08:00,7.5195465087890625,21.81239128112793,21.84716796875,0.007322290912270546,0.0,391.20001220703125,0.0,0.0,2630.10009765625,nan,nan,nan,65536.0
2026-09-13T05:29:00.000+08:00,7.48699426651001,21.84286880493164,21.76416015625,0.0014073442434892058,0.0,390.5,0.0,0.0,2630.10009765625,nan,nan,nan,65536.0
2026-09-13T05:30:00.000+08:00,8.593767166137695,21.846757888793945,21.833984375,0.002292176941409707,0.0,390.5,0.0,0.0,2630.10009765625,nan,nan,nan,65536.0
2026-09-13T05:31:00.000+08:00,8.072933197021484,21.83155059814453,21.84765625,0.007685796357691288,0.0,390.5,0.0,0.0,2630.10009765625,nan,nan,nan,65536.0
2026-09-13T05:32:00.000+08:00,7.975276470184326,21.834850311279297,21.7783203125,0.0,nan,390.3999938964844,0.0,0.0,2630.10009765625,nan,nan,nan,65536.0
2026-09-13T05:33:00.000+08:00,7.845067977905273,21.847427368164062,21.8056640625,0.0,nan,391.1000061035156,0.0,0.0,2630.10009765625,nan,nan,nan,65536.0
2026-09-13T05:34:00.000+08:00,7.552098274230957,21.84945297241211,21.76416015625,0.0,nan,391.0,0.0,0.0,2630.10009765625,nan,nan,nan,65536.0
2026-09-13T05:35:00.000+08:00,7.649755001068115,21.85605239868164,21.861328125,0.0053204018622636795,0.0,390.79998779296875,0.0,0.0,2630.10009765625,nan,nan,nan,65536.0
2026-09-13T05:36:00.000+08:00,8.105484962463379,21.85866928100586,21.84765625,0.0,nan,390.5,0.0,0.0,2630.10009765625,nan,nan,nan,65536.0
2026-09-13T05:37:00.000+08:00,8.33335018157959,21.87395668029785,21.79150390625,0.011621013283729553,0.0,390.8999938964844,0.0,0.0,2630.10009765625,nan,nan,nan,65536.0
2026-09-13T05:38:00.000+08:00,8.23569393157959,21.84878158569336,21.77783203125,0.0,nan,391.1000061035156,0.0,0.0,2630.10009765625,nan,nan,nan,65536.0
2026-09-13T05:39:00.000+08:00,8.398454666137695,21.850040435791016,21.75,0.021453045308589935,0.0,390.29998779296875,0.0,0.0,2630.10009765625,nan,nan,nan,65536.0
2026-09-13T05:40:00.000+08:00,7.942724227905273,21.86399269104004,21.84765625,0.011076278053224087,0.0,390.8999938964844,0.0,0.0,2630.10009765625,nan,nan,nan,65536.0
2026-09-13T05:41:00.000+08:00,7.975276470184326,21.973115921020508,21.75,0.014897409826517105,0.0,390.70001220703125,0.0,0.0,2630.10009765625,nan,nan,nan,65536.0
2026-09-13T05:42:00.000+08:00,8.33335018157959,21.848115921020508,21.7919921875,0.009593194350600243,0.0,390.8999938964844,0.0,0.0,2630.10009765625,nan,nan,nan,65536.0
2026-09-13T05:43:00.000+08:00,8.072933197021484,21.9710693359375,21.81982421875,0.00416781147941947,0.0,391.6000061035156,0.0,0.0,2630.10009765625,nan,nan,nan,65536.0
2026-09-13T05:44:00.000+08:00,8.072933197021484,21.854108810424805,21.806640625,0.007169173564761877,0.0,391.5,0.0,0.0,2630.10009765625,nan,nan,nan,65536.0
2026-09-13T05:45:00.000+08:00,8.105484962463379,21.86128044128418,21.75,1.8097962311003357E-4,0.0,391.3999938964844,0.0,0.0,2630.10009765625,nan,nan,nan,65536.0
2026-09-13T05:46:00.000+08:00,8.007828712463379,21.879182815551758,21.97265625,0.03133349120616913,0.0,391.6000061035156,0.0,0.0,2630.10009765625,nan,nan,nan,65536.0
2026-09-13T05:47:00.000+08:00,7.6172027587890625,21.99227523803711,21.77783203125,0.03251069784164429,0.0,391.8999938964844,0.0,0.0,2630.10009765625,nan,nan,nan,65536.0
2026-09-13T05:48:00.000+08:00,7.910171985626221,21.875883102416992,21.833984375,0.02501249685883522,0.0,391.3999938964844,0.0,0.0,2630.10009765625,nan,nan,nan,65536.0
2026-09-13T05:49:00.000+08:00,8.593767166137695,21.883153915405273,21.9169921875,0.0,nan,391.29998779296875,0.0,0.0,2630.10009765625,nan,nan,nan,65536.0
2026-09-13T05:50:00.000+08:00,8.919288635253906,21.875883102416992,21.931640625,0.012054667808115482,0.0,391.1000061035156,0.0,0.0,2630.10009765625,nan,nan,nan,65536.0
2026-09-13T05:51:00.000+08:00,8.105484962463379,21.996246337890625,21.75,0.0,nan,391.5,nan,nan,nan,nan,nan,nan,nan
2026-09-13T05:52:00.000+08:00,8.593767166137695,nan,nan,0.023191705346107483,0.0,nan,0.0,0.0,2630.10009765625,nan,nan,nan,65536.0
2026-09-13T05:53:00.000+08:00,8.463558197021484,21.933106422424316,21.8896484375,0.0,nan,391.25,0.0,0.0,2630.10009765625,nan,nan,nan,65536.0
2026-09-13T05:54:00.000+08:00,8.723976135253906,21.879852294921875,21.97265625,0.032247867435216904,0.0,391.20001220703125,0.0,0.0,2630.10009765625,nan,nan,nan,65536.0
2026-09-13T05:55:00.000+08:00,8.398454666137695,21.992942810058594,21.75,0.0,nan,390.6000061035156,0.0,0.0,2630.10009765625,nan,nan,nan,65536.0
2026-09-13T05:56:00.000+08:00,8.300797462463379,21.887222290039062,21.91650390625,0.028865382075309753,0.0,391.29998779296875,0.0,0.0,2630.10009765625,nan,nan,nan,65536.0
2026-09-13T05:57:00.000+08:00,8.33335018157959,21.89244842529297,21.986328125,0.0,nan,391.20001220703125,0.0,0.0,2630.10009765625,nan,nan,nan,65536.0
2026-09-13T05:58:00.000+08:00,8.170589447021484,21.89303970336914,21.9453125,0.024212606251239777,0.0,390.8999938964844,0.0,0.0,2630.10009765625,nan,nan,nan,65536.0
2026-09-13T05:59:00.000+08:00,8.593767166137695,21.909584045410156,21.95849609375,0.0,nan,391.3999938964844,0.0,0.0,2630.10009765625,nan,nan,nan,65536.0
2026-09-13T06:00:00.000+08:00,8.23569393157959,21.888477325439453,21.9453125,0.0,nan,391.5,0.0,0.0,2630.10009765625,nan,nan,nan,65536.0
2026-09-13T06:01:00.000+08:00,8.23569393157959,21.903671264648438,21.875,0.0,nan,390.8999938964844,0.0,0.0,2630.10009765625,nan,nan,nan,65536.0
2026-09-13T06:02:00.000+08:00,8.170589447021484,21.88054084777832,21.9453125,0.0,nan,391.0,0.0,0.0,2630.10009765625,nan,nan,nan,65536.0
2026-09-13T06:03:00.000+08:00,8.6588716506958,21.889148712158203,21.875,0.0,nan,391.1000061035156,0.0,0.0,2630.10009765625,nan,nan,nan,65536.0
2026-09-13T06:04:00.000+08:00,8.52866268157959,21.890422821044922,21.9453125,0.0,nan,391.3999938964844,0.0,0.0,2630.10009765625,nan,nan,nan,65536.0
2026-09-13T06:05:00.000+08:00,8.593767166137695,21.89573097229004,21.97265625,0.001735394005663693,0.0,391.29998779296875,0.0,0.0,2630.10009765625,nan,nan,nan,65536.0
2026-09-13T06:06:00.000+08:00,7.845067977905273,21.902334213256836,21.875,0.02961714006960392,0.0,390.70001220703125,0.0,0.0,2630.10009765625,nan,nan,nan,65536.0
2026-09-13T06:07:00.000+08:00,8.23569393157959,21.914220809936523,21.9033203125,0.0,nan,390.5,0.0,0.0,2630.10009765625,nan,nan,nan,65536.0
2026-09-13T06:08:00.000+08:00,8.463558197021484,21.91160774230957,21.97216796875,0.0,nan,390.70001220703125,0.0,0.0,2630.10009765625,nan,nan,nan,65536.0
2026-09-13T06:09:00.000+08:00,8.398454666137695,21.903671264648438,21.95849609375,0.0027581488247960806,0.0,390.6000061035156,0.0,0.0,2630.10009765625,nan,nan,nan,65536.0
2026-09-13T06:10:00.000+08:00,8.268245697021484,21.902334213256836,21.88916015625,0.0,nan,390.79998779296875,0.0,0.0,2630.10009765625,nan,nan,nan,65536.0
2026-09-13T06:11:00.000+08:00,7.975276470184326,21.891759872436523,21.931640625,0.0,nan,390.70001220703125,0.0,0.0,2630.10009765625,nan,nan,nan,65536.0
2026-09-13T06:12:00.000+08:00,8.723976135253906,21.910253524780273,21.97265625,0.0,nan,390.3999938964844,0.0,0.0,2630.10009765625,nan,nan,nan,65536.0
2026-09-13T06:13:00.000+08:00,8.6588716506958,21.922847747802734,21.94482421875,0.0,nan,390.3999938964844,0.0,0.0,2630.10009765625,nan,nan,nan,65536.0
2026-09-13T06:14:00.000+08:00,8.723976135253906,21.896419525146484,21.986328125,0.0,nan,390.29998779296875,0.0,0.0,2630.10009765625,nan,nan,nan,65536.0
2026-09-13T06:15:00.000+08:00,8.593767166137695,21.916837692260742,21.9453125,0.0,nan,390.20001220703125,0.0,0.0,2630.10009765625,nan,nan,nan,65536.0
2026-09-13T06:16:00.000+08:00,8.723976135253906,21.909683227539062,21.95849609375,0.0,nan,390.3999938964844,0.0,0.0,2630.10009765625,nan,nan,nan,65536.0
2026-09-13T06:17:00.000+08:00,8.33335018157959,21.90105438232422,21.986328125,0.0,nan,390.3999938964844,0.0,0.0,2630.10009765625,nan,nan,nan,65536.0
2026-09-13T06:18:00.000+08:00,8.33335018157959,21.916933059692383,21.97265625,0.0,nan,390.5,0.0,0.0,2630.10009765625,nan,nan,nan,65536.0
2026-09-13T06:19:00.000+08:00,8.919288635253906,21.91954803466797,21.931640625,0.0,nan,390.3999938964844,0.0,0.0,2630.10009765625,nan,nan,nan,65536.0
2026-09-13T06:20:00.000+08:00,8.6588716506958,21.924205780029297,21.95849609375,0.008335716091096401,0.0,390.6000061035156,0.0,0.0,2630.10009765625,nan,nan,nan,65536.0
2026-09-13T06:21:00.000+08:00,8.138036727905273,21.92546272277832,21.875,0.004200190771371126,0.0,390.8999938964844,0.0,0.0,2630.10009765625,nan,nan,nan,65536.0
2026-09-13T06:22:00.000+08:00,8.007828712463379,21.91094207763672,21.95849609375,0.0046572634018957615,0.0,391.29998779296875,0.0,0.0,2630.10009765625,nan,nan,nan,65536.0
2026-09-13T06:23:00.000+08:00,8.33335018157959,21.922161102294922,21.97265625,0.0,nan,391.29998779296875,0.0,0.0,2630.10009765625,nan,nan,nan,65536.0
2026-09-13T06:24:00.000+08:00,7.454442024230957,21.910253524780273,21.9453125,0.0,nan,391.1000061035156,0.0,0.0,2630.10009765625,nan,nan,nan,65536.0
2026-09-13T06:25:00.000+08:00,8.300797462463379,21.889835357666016,21.91650390625,0.010702947154641151,0.0,391.0,0.0,0.0,2630.10009765625,nan,nan,nan,65536.0
2026-09-13T06:26:00.000+08:00,8.23569393157959,21.928844451904297,21.931640625,0.0,nan,390.8999938964844,0.0,0.0,2630.10009765625,nan,nan,nan,65536.0
2026-09-13T06:27:00.000+08:00,7.845067977905273,21.917524337768555,21.9033203125,0.005862090270966291,0.0,391.1000061035156,0.0,0.0,2630.10009765625,nan,nan,nan,65536.0
2026-09-13T06:28:00.000+08:00,7.910171985626221,21.921493530273438,21.958984375,0.0,nan,391.29998779296875,0.0,0.0,2630.10009765625,nan,nan,nan,65536.0
2026-09-13T06:29:00.000+08:00,7.812515735626221,21.94269561767578,21.875,0.00792599841952324,0.0,391.20001220703125,0.0,0.0,2630.10009765625,nan,nan,nan,65536.0
2026-09-13T06:30:00.000+08:00,8.398454666137695,21.920137405395508,21.9453125,0.0,nan,391.29998779296875,0.0,0.0,2630.10009765625,nan,nan,nan,65536.0
2026-09-13T06:31:00.000+08:00,8.398454666137695,21.929431915283203,21.958984375,0.005613554269075394,0.0,391.1000061035156,0.0,0.0,2630.10009765625,nan,nan,nan,65536.0
2026-09-13T06:32:00.000+08:00,7.6172027587890625,21.948692321777344,21.97265625,0.0,nan,391.29998779296875,0.0,0.0,2630.10009765625,nan,nan,nan,65536.0
2026-09-13T06:33:00.000+08:00,7.845067977905273,21.945980072021484,21.986328125,0.002658054931089282,0.0,391.29998779296875,0.0,0.0,2630.10009765625,nan,nan,nan,65536.0
2026-09-13T06:34:00.000+08:00,7.910171985626221,21.950637817382812,21.88916015625,0.0,nan,391.1000061035156,0.0,0.0,2630.10009765625,nan,nan,nan,65536.0
2026-09-13T06:35:00.000+08:00,7.845067977905273,21.927486419677734,21.90283203125,0.002012319630011916,0.0,390.8999938964844,0.0,0.0,2630.10009765625,nan,nan,nan,65536.0
2026-09-13T06:36:00.000+08:00,8.593767166137695,21.93939781188965,21.90283203125,0.0037059246096760035,0.0,391.0,0.0,0.0,2630.10009765625,nan,nan,nan,65536.0
2026-09-13T06:37:00.000+08:00,8.072933197021484,21.932144165039062,21.97265625,0.0025137627962976694,0.0,391.20001220703125,0.0,0.0,2630.10009765625,nan,nan,nan,65536.0
2026-09-13T06:38:00.000+08:00,7.845067977905273,21.933502197265625,21.88916015625,0.0,nan,391.0,0.0,0.0,2630.10009765625,nan,nan,nan,65536.0
2026-09-13T06:39:00.000+08:00,7.421889781951904,21.936113357543945,21.986328125,0.0,nan,391.29998779296875,0.0,0.0,2630.10009765625,nan,nan,nan,65536.0
2026-09-13T06:40:00.000+08:00,8.072933197021484,21.95527458190918,21.875,0.004753174725919962,0.0,391.20001220703125,0.0,0.0,2630.10009765625,nan,nan,nan,65536.0
2026-09-13T06:41:00.000+08:00,8.33335018157959,21.948692321777344,21.97265625,0.0,nan,391.1000061035156,0.0,0.0,2630.10009765625,nan,nan,nan,65536.0
2026-09-13T06:42:00.000+08:00,7.682307243347168,21.95391845703125,21.9453125,0.008917280472815037,0.0,391.29998779296875,0.0,0.0,2630.10009765625,nan,nan,nan,65536.0
2026-09-13T06:43:00.000+08:00,7.877619743347168,21.963214874267578,21.931640625,0.00719606364145875,0.0,391.29998779296875,0.0,0.0,2630.10009765625,nan,nan,nan,65536.0
2026-09-13T06:44:00.000+08:00,8.138036727905273,21.926820755004883,21.95849609375,0.006466285791248083,0.0,391.20001220703125,0.0,0.0,2630.10009765625,nan,nan,nan,65536.0
2026-09-13T06:45:00.000+08:00,7.747411251068115,21.941438674926758,21.97216796875,0.003534455318003893,0.0,391.29998779296875,0.0,0.0,2630.10009765625,nan,nan,nan,65536.0
2026-09-13T06:46:00.000+08:00,8.23569393157959,21.953248977661133,21.97265625,0.0,nan,390.79998779296875,0.0,0.0,2630.10009765625,nan,nan,nan,65536.0
2026-09-13T06:47:00.000+08:00,7.649755001068115,22.07891845703125,21.88916015625,0.0,nan,390.6000061035156,0.0,0.0,2630.10009765625,nan,nan,nan,65536.0
2026-09-13T06:48:00.000+08:00,8.398454666137695,21.95199203491211,21.986328125,0.0,nan,390.70001220703125,0.0,0.0,2630.10009765625,nan,nan,nan,65536.0
2026-09-13T06:49:00.000+08:00,7.910171985626221,21.9453125,21.986328125,0.0,nan,390.5,0.0,0.0,2630.10009765625,nan,nan,nan,65536.0
2026-09-13T06:50:00.000+08:00,8.6588716506958,nan,nan,0.0,nan,nan,nan,nan,nan,nan,nan,nan,nan
2026-09-13T06:51:00.000+08:00,8.33335018157959,21.963890075683594,21.910400390625,0.0,nan,390.3999938964844,0.0,0.0,2630.10009765625,nan,nan,nan,65536.0
2026-09-13T06:52:00.000+08:00,8.52866268157959,21.96050262451172,21.88916015625,0.016638275235891342,0.0,390.6000061035156,0.0,0.0,2630.10009765625,nan,nan,nan,65536.0
2026-09-13T06:53:00.000+08:00,9.114601135253906,21.96582794189453,21.88916015625,0.006432679481804371,0.0,390.29998779296875,0.0,0.0,2630.10009765625,nan,nan,nan,65536.0
2026-09-13T06:54:00.000+08:00,8.919288635253906,22.087543487548828,21.9453125,0.0,nan,390.29998779296875,0.0,0.0,2630.10009765625,nan,nan,nan,65536.0
2026-09-13T06:55:00.000+08:00,8.138036727905273,22.07891845703125,21.88916015625,0.007231301162391901,0.0,390.5,0.0,0.0,2630.10009765625,nan,nan,nan,65536.0
2026-09-13T06:56:00.000+08:00,8.919288635253906,21.96775245666504,21.931640625,0.003942500334233046,0.0,390.5,0.0,0.0,2630.10009765625,nan,nan,nan,65536.0
2026-09-13T06:57:00.000+08:00,8.6588716506958,22.074949264526367,21.986328125,0.0029744200874119997,0.0,390.5,0.0,0.0,2630.10009765625,nan,nan,nan,65536.0
2026-09-13T06:58:00.000+08:00,8.723976135253906,22.073692321777344,21.94482421875,0.01928381249308586,0.0,390.5,0.0,0.0,2630.10009765625,nan,nan,nan,65536.0
2026-09-13T06:59:00.000+08:00,8.8541841506958,21.976381301879883,21.88916015625,0.01857912726700306,0.0,390.3999938964844,0.0,0.0,2630.10009765625,nan,nan,nan,65536.0
2026-09-13T07:00:00.000+08:00,8.33335018157959,21.984989166259766,21.958984375,0.014126616530120373,0.0,390.70001220703125,0.0,0.0,2630.10009765625,nan,nan,nan,65536.0
2026-09-13T07:01:00.000+08:00,9.114601135253906,22.08550262451172,21.95849609375,0.026714470237493515,0.0,390.5,0.0,0.0,2630.10009765625,nan,nan,nan,65536.0
2026-09-13T07:02:00.000+08:00,9.049497604370117,22.110675811767578,21.94482421875,0.011994343250989914,0.0,390.3999938964844,0.0,0.0,2630.10009765625,nan,nan,nan,65536.0
2026-09-13T07:03:00.000+08:00,7.845067977905273,22.09876823425293,21.986328125,0.004309356212615967,0.0,390.79998779296875,0.0,0.0,2630.10009765625,nan,nan,nan,65536.0
2026-09-13T07:04:00.000+08:00,8.463558197021484,22.08890151977539,21.94482421875,0.026435639709234238,0.0,390.70001220703125,0.0,0.0,2630.10009765625,nan,nan,nan,65536.0
2026-09-13T07:05:00.000+08:00,8.984393119812012,22.112031936645508,21.958984375,0.030150089412927628,0.0,390.5,0.0,0.0,2630.10009765625,nan,nan,nan,65536.0
2026-09-13T07:06:00.000+08:00,7.910171985626221,22.083574295043945,21.88916015625,0.023717792704701424,0.0,390.5,0.0,0.0,2630.10009765625,nan,nan,nan,65536.0
2026-09-13T07:07:00.000+08:00,8.105484962463379,22.086191177368164,21.94482421875,0.023946058005094528,0.0,390.70001220703125,0.0,0.0,2630.10009765625,nan,nan,nan,65536.0
2026-09-13T07:08:00.000+08:00,8.463558197021484,22.10080909729004,21.931640625,0.024367809295654297,0.0,390.5,0.0,0.0,2630.10009765625,nan,nan,nan,65536.0
2026-09-13T07:09:00.000+08:00,8.203141212463379,22.11735725402832,22.0419921875,7.680307026021183E-4,0.0,390.6000061035156,0.0,0.0,2630.10009765625,nan,nan,nan,65536.0
2026-09-13T07:10:00.000+08:00,8.33335018157959,22.099454879760742,21.97265625,0.03257787972688675,0.0,390.8999938964844,0.0,0.0,2630.10009765625,nan,nan,nan,65536.0
2026-09-13T07:11:00.000+08:00,8.170589447021484,22.11136245727539,21.875,0.024564795196056366,0.0,390.70001220703125,0.0,0.0,2630.10009765625,nan,nan,nan,65536.0
2026-09-13T07:12:00.000+08:00,7.877619743347168,22.087543487548828,21.94482421875,0.032404348254203796,0.0,390.70001220703125,0.0,0.0,2630.10009765625,nan,nan,nan,65536.0
2026-09-13T07:13:00.000+08:00,8.33335018157959,22.117258071899414,21.875,0.025164829567074776,0.0,389.8999938964844,0.0,0.0,2630.10009765625,nan,nan,nan,65536.0
2026-09-13T07:14:00.000+08:00,7.7148590087890625,22.094913482666016,21.88916015625,0.03208519145846367,0.0,390.5,0.0,0.0,2630.10009765625,nan,nan,nan,65536.0
2026-09-13T07:15:00.000+08:00,8.398454666137695,22.107393264770508,21.9033203125,0.027119996026158333,0.0,390.29998779296875,0.0,0.0,2630.10009765625,nan,nan,nan,65536.0
2026-09-13T07:16:00.000+08:00,8.105484962463379,22.110675811767578,21.97265625,0.02411906234920025,0.0,389.70001220703125,0.0,0.0,2630.10009765625,nan,nan,nan,65536.0
2026-09-13T07:17:00.000+08:00,7.649755001068115,22.108749389648438,21.875,0.03136252239346504,0.0,390.3999938964844,0.0,0.0,2630.10009765625,nan,nan,nan,65536.0
2026-09-13T07:18:00.000+08:00,8.23569393157959,22.089569091796875,21.97265625,0.0,nan,390.6000061035156,0.0,0.0,2630.10009765625,nan,nan,nan,65536.0
2026-09-13T07:19:00.000+08:00,8.105484962463379,22.006210327148438,22.0,0.0045364536345005035,0.0,390.6000061035156,0.0,0.0,2630.10009765625,nan,nan,nan,65536.0
2026-09-13T07:20:00.000+08:00,7.910171985626221,22.106704711914062,21.958984375,0.018590761348605156,0.0,390.5,0.0,0.0,2630.10009765625,nan,nan,nan,65536.0
2026-09-13T07:21:00.000+08:00,8.105484962463379,22.123271942138672,22.056640625,0.008267087861895561,0.0,390.79998779296875,0.0,0.0,2630.10009765625,nan,nan,nan,65536.0
2026-09-13T07:22:00.000+08:00,8.300797462463379,22.120656967163086,21.875,0.02873627282679081,0.0,390.79998779296875,0.0,0.0,2630.10009765625,nan,nan,nan,65536.0
2026-09-13T07:23:00.000+08:00,8.268245697021484,22.004167556762695,22.0556640625,0.0,nan,390.70001220703125,0.0,0.0,2630.10009765625,nan,nan,nan,65536.0
2026-09-13T07:24:00.000+08:00,8.105484962463379,22.108062744140625,21.94482421875,0.026144808158278465,0.0,390.6000061035156,0.0,0.0,2630.10009765625,nan,nan,nan,65536.0
2026-09-13T07:25:00.000+08:00,8.105484962463379,22.109416961669922,21.97265625,0.03677782043814659,0.0,390.79998779296875,0.0,0.0,2630.10009765625,nan,nan,nan,65536.0
2026-09-13T07:26:00.000+08:00,8.23569393157959,22.103424072265625,21.94482421875,0.023996932432055473,0.0,390.1000061035156,0.13600000739097595,0.0,2630.10009765625,nan,nan,nan,65536.0
2026-09-13T07:27:00.000+08:00,8.463558197021484,22.120656967163086,21.88916015625,0.034987546503543854,0.0,389.79998779296875,0.0,0.0,2630.10009765625,nan,nan,nan,65536.0
2026-09-13T07:28:00.000+08:00,8.203141212463379,22.006759643554688,22.0703125,0.018200526013970375,0.0,389.70001220703125,0.0,0.0,2630.10009765625,nan,nan,nan,65536.0
2026-09-13T07:29:00.000+08:00,8.007828712463379,22.011537551879883,22.01416015625,0.0,nan,390.0,0.0,0.0,2630.10009765625,nan,nan,nan,65536.0
2026-09-13T07:30:00.000+08:00,8.105484962463379,22.008806228637695,22.083984375,0.0,nan,390.1000061035156,0.0,0.0,2630.10009765625,nan,nan,nan,65536.0
2026-09-13T07:31:00.000+08:00,7.747411251068115,22.00155258178711,22.0703125,0.01991814374923706,0.0,390.0,0.0,0.0,2630.10009765625,nan,nan,nan,65536.0
2026-09-13T07:32:00.000+08:00,8.463558197021484,22.002910614013672,22.083984375,0.028289513662457466,0.0,390.0,0.0,0.0,2630.10009765625,nan,nan,nan,65536.0
2026-09-13T07:33:00.000+08:00,7.910171985626221,22.005521774291992,22.0283203125,0.021705536171793938,0.0,389.8999938964844,0.0,0.0,2630.10009765625,nan,nan,nan,65536.0
2026-09-13T07:34:00.000+08:00,8.007828712463379,22.122583389282227,21.958984375,0.023606033995747566,0.0,390.0,0.0,0.0,2630.10009765625,nan,nan,nan,65536.0
2026-09-13T07:35:00.000+08:00,8.300797462463379,22.123271942138672,22.09765625,0.02788873203098774,0.0,390.0,0.0,0.0,2630.10009765625,nan,nan,nan,65536.0
2026-09-13T07:36:00.000+08:00,8.52866268157959,22.00098419189453,22.08349609375,0.029618388041853905,0.0,389.8999938964844,0.0,0.0,2630.10009765625,nan,nan,nan,65536.0
2026-09-13T07:37:00.000+08:00,7.877619743347168,22.000864028930664,22.111328125,0.023025136440992355,0.0,390.20001220703125,0.0,0.0,2630.10009765625,nan,nan,nan,65536.0
2026-09-13T07:38:00.000+08:00,7.779963493347168,22.1165714263916,21.94482421875,0.021242545917630196,0.0,389.8999938964844,0.0,0.0,2630.10009765625,nan,nan,nan,65536.0
2026-09-13T07:39:00.000+08:00,8.463558197021484,22.0280818939209,22.056640625,0.022669918835163116,0.0,389.8999938964844,0.0,0.0,2630.10009765625,nan,nan,nan,65536.0
2026-09-13T07:40:00.000+08:00,7.812515735626221,22.002241134643555,22.04150390625,0.02532842569053173,0.0,389.79998779296875,0.0,0.0,2630.10009765625,nan,nan,nan,65536.0
2026-09-13T07:41:00.000+08:00,7.747411251068115,22.022069931030273,22.06982421875,0.0,nan,389.8999938964844,0.0,0.0,2630.10009765625,nan,nan,nan,65536.0
2026-09-13T07:42:00.000+08:00,8.170589447021484,22.011537551879883,22.0,0.0,nan,390.29998779296875,0.0,0.0,2630.10009765625,nan,nan,nan,65536.0
2026-09-13T07:43:00.000+08:00,8.463558197021484,22.002241134643555,22.08349609375,0.0,nan,390.79998779296875,0.0,0.0,2630.10009765625,nan,nan,nan,65536.0
2026-09-13T07:44:00.000+08:00,8.593767166137695,22.010847091674805,22.0,0.02730220928788185,0.0,390.5,0.0,0.0,2630.10009765625,nan,nan,nan,65536.0
2026-09-13T07:45:00.000+08:00,8.463558197021484,22.011417388916016,22.09765625,6.998470053076744E-4,0.0,390.3999938964844,0.0,0.0,2630.10009765625,nan,nan,nan,65536.0
2026-09-13T07:46:00.000+08:00,7.877619743347168,22.02332878112793,22.08349609375,0.0,nan,390.29998779296875,0.0,0.0,2630.10009765625,nan,nan,nan,65536.0
2026-09-13T07:47:00.000+08:00,8.919288635253906,22.03000831604004,22.09765625,0.03506496176123619,0.0,389.8999938964844,0.0,0.0,2630.10009765625,nan,nan,nan,65536.0
2026-09-13T07:48:00.000+08:00,8.8541841506958,22.027416229248047,22.0,0.0061902496963739395,0.0,389.5,0.0,0.0,2630.10009765625,nan,nan,nan,65536.0
2026-09-13T07:49:00.000+08:00,8.52866268157959,nan,nan,0.0,nan,nan,nan,nan,nan,nan,nan,nan,nan
2026-09-13T07:50:00.000+08:00,8.33335018157959,22.013510704040527,22.020751953125,0.0,nan,389.79998779296875,0.0,0.0,2630.10009765625,nan,nan,nan,65536.0
2026-09-13T07:51:00.000+08:00,8.203141212463379,22.01403045654297,22.056640625,0.0,nan,390.29998779296875,0.0,0.0,2630.10009765625,nan,nan,nan,65536.0
2026-09-13T07:52:00.000+08:00,8.52866268157959,22.018787384033203,22.06982421875,0.0,nan,390.29998779296875,0.0,0.0,2630.10009765625,nan,nan,nan,65536.0
2026-09-13T07:53:00.000+08:00,8.203141212463379,22.023996353149414,22.01416015625,0.0,nan,390.20001220703125,0.1420000046491623,0.0,2630.10009765625,nan,nan,nan,65536.0
2026-09-13T07:54:00.000+08:00,8.593767166137695,22.017433166503906,22.02783203125,0.0,nan,389.20001220703125,0.0,0.0,2630.10009765625,nan,nan,nan,65536.0
2026-09-13T07:55:00.000+08:00,8.463558197021484,22.005521774291992,22.01416015625,0.0,nan,390.20001220703125,0.0,0.0,2630.10009765625,nan,nan,nan,65536.0
2026-09-13T07:56:00.000+08:00,8.8541841506958,22.0267276763916,22.0703125,0.004674352239817381,0.0,390.20001220703125,0.0,0.0,2630.10009765625,nan,nan,nan,65536.0
2026-09-13T07:57:00.000+08:00,8.268245697021484,22.019474029541016,22.06982421875,0.0033978319261223078,0.0,390.29998779296875,0.0,0.0,2630.10009765625,nan,nan,nan,65536.0
2026-09-13T07:58:00.000+08:00,8.268245697021484,22.053159713745117,22.111328125,0.0,nan,390.1000061035156,0.0,0.0,2630.10009765625,nan,nan,nan,65536.0
2026-09-13T07:59:00.000+08:00,8.33335018157959,22.039321899414062,22.111328125,0.0,nan,389.5,0.0,0.0,2630.10009765625,nan,nan,nan,65536.0
2026-09-13T08:00:00.000+08:00,7.975276470184326,22.106704711914062,21.94482421875,0.027637427672743797,0.0,389.8999938964844,0.0,0.0,2630.10009765625,nan,nan,nan,65536.0
2026-09-13T08:01:00.000+08:00,8.398454666137695,22.099454879760742,21.986328125,0.0,nan,390.1000061035156,0.0,0.0,2630.10009765625,nan,nan,nan,65536.0
2026-09-13T08:02:00.000+08:00,8.740241050720215,22.094797134399414,21.958984375,0.0,nan,389.8999938964844,0.0,0.0,2630.10009765625,nan,nan,nan,65536.0
2026-09-13T08:03:00.000+08:00,9.244810104370117,22.07970428466797,21.958984375,0.0,nan,389.3999938964844,0.0,0.0,2630.10009765625,nan,nan,nan,65536.0
2026-09-13T08:04:00.000+08:00,8.52866268157959,22.03138542175293,22.0,0.0024707273114472628,0.0,389.70001220703125,0.0,0.0,2630.10009765625,nan,nan,nan,65536.0
2026-09-13T08:05:00.000+08:00,8.45372486114502,22.12529754638672,21.9169921875,0.018743261694908142,0.0,389.3999938964844,0.0,0.0,2630.10009765625,nan,nan,nan,65536.0
2026-09-13T08:06:00.000+08:00,8.307486534118652,22.12462615966797,22.111328125,0.014720984734594822,0.0,389.6000061035156,0.0,0.0,2630.10009765625,nan,nan,nan,65536.0
2026-09-13T08:07:00.000+08:00,9.179705619812012,22.045888900756836,22.01416015625,0.0,nan,388.8999938964844,0.0,0.0,2630.10009765625,nan,nan,nan,65536.0
2026-09-13T08:08:00.000+08:00,8.170589447021484,22.230432510375977,22.0703125,0.0,nan,389.1000061035156,0.0,0.0,2630.10009765625,nan,nan,nan,65536.0
2026-09-13T08:09:00.000+08:00,8.517826080322266,22.1068058013916,22.0,0.01971491426229477,0.0,389.3999938964844,0.0,0.0,2630.10009765625,nan,nan,nan,65536.0
2026-09-13T08:10:00.000+08:00,8.984393119812012,22.063039779663086,21.958984375,0.0024514480028301477,0.0,389.1000061035156,0.0,0.0,2630.10009765625,nan,nan,nan,65536.0
2026-09-13T08:11:00.000+08:00,8.6588716506958,22.063039779663086,21.88916015625,3.928974037989974E-4,0.0,389.29998779296875,0.0,0.0,2630.10009765625,nan,nan,nan,65536.0
2026-09-13T08:12:00.000+08:00,8.377706527709961,22.195392608642578,22.02783203125,0.005870761815458536,0.0,389.29998779296875,0.0,0.0,2630.10009765625,nan,nan,nan,65536.0
2026-09-13T08:13:00.000+08:00,8.445106506347656,22.247583389282227,22.02783203125,0.055079489946365356,0.0,389.0,0.0,0.0,2630.10009765625,nan,nan,nan,65536.0
2026-09-13T08:14:00.000+08:00,8.62696361541748,22.017433166503906,22.056640625,0.02147977612912655,0.0,389.1000061035156,0.0,0.0,2630.10009765625,nan,nan,nan,65536.0
2026-09-13T08:15:00.000+08:00,8.789079666137695,22.213863372802734,22.09765625,0.0,nan,389.20001220703125,0.0,0.0,2630.10009765625,nan,nan,nan,65536.0
2026-09-13T08:16:00.000+08:00,8.535066604614258,22.04987335205078,21.931640625,0.020953252911567688,0.0,389.20001220703125,0.0,0.0,2630.10009765625,nan,nan,nan,65536.0
2026-09-13T08:17:00.000+08:00,8.917716026306152,22.07436180114746,22.0,0.04259242117404938,0.0,389.20001220703125,0.0,0.0,2630.10009765625,nan,nan,nan,65536.0
2026-09-13T08:18:00.000+08:00,8.173232078552246,22.141843795776367,22.1953125,0.044226232916116714,0.0,389.1000061035156,0.0,0.0,2630.10009765625,nan,nan,nan,65536.0
2026-09-13T08:19:00.000+08:00,8.040380477905273,22.006210327148438,22.111328125,0.005215990357100964,0.0,389.20001220703125,0.0,0.0,2630.10009765625,nan,nan,nan,65536.0
2026-09-13T08:20:00.000+08:00,8.52866268157959,22.080862045288086,21.931640625,0.018636804074048996,0.0,389.0,0.0,0.0,2630.10009765625,nan,nan,nan,65536.0
2026-09-13T08:21:00.000+08:00,8.398454666137695,22.013463973999023,22.06982421875,0.03197043389081955,0.0,388.8999938964844,0.0,0.0,2630.10009765625,nan,nan,nan,65536.0
2026-09-13T08:22:00.000+08:00,8.919288635253906,22.223867416381836,22.09765625,0.035645872354507446,0.0,389.6000061035156,0.0,0.0,2630.10009765625,nan,nan,nan,65536.0
2026-09-13T08:23:00.000+08:00,8.224214553833008,22.172143936157227,22.02783203125,0.048583682626485825,0.0,389.3999938964844,0.0,0.0,2630.10009765625,nan,nan,nan,65536.0
2026-09-13T08:24:00.000+08:00,8.547358512878418,22.17827606201172,22.01416015625,0.03892090171575546,0.0,389.3999938964844,0.0,0.0,2630.10009765625,nan,nan,nan,65536.0
2026-09-13T08:25:00.000+08:00,8.332047462463379,22.15104103088379,22.01416015625,0.04448333755135536,0.0,389.29998779296875,0.0,0.0,2630.10009765625,nan,nan,nan,65536.0
2026-09-13T08:26:00.000+08:00,8.8541841506958,22.096839904785156,21.875,0.022491509094834328,0.0,389.3999938964844,0.0,0.0,2630.10009765625,nan,nan,nan,65536.0
2026-09-13T08:27:00.000+08:00,8.659912109375,22.080961227416992,21.9453125,0.03072964772582054,0.0,389.5,0.0,0.0,2630.10009765625,nan,nan,nan,65536.0
2026-09-13T08:28:00.000+08:00,8.105484962463379,22.240999221801758,21.90283203125,0.009515847079455853,0.0,389.5,0.0,0.0,2630.10009765625,nan,nan,nan,65536.0
2026-09-13T08:29:00.000+08:00,8.984393119812012,22.178159713745117,22.06982421875,0.014916092157363892,0.0,389.70001220703125,0.0,0.0,2630.10009765625,nan,nan,nan,65536.0
2026-09-13T08:30:00.000+08:00,8.52866268157959,22.226463317871094,22.111328125,0.014827914535999298,0.0,389.3999938964844,0.0,0.0,2630.10009765625,nan,nan,nan,65536.0
2026-09-13T08:31:00.000+08:00,8.268245697021484,22.129249572753906,22.0,0.0,nan,389.3999938964844,0.0,0.0,2630.10009765625,nan,nan,nan,65536.0
2026-09-13T08:32:00.000+08:00,9.114601135253906,22.081533432006836,21.986328125,0.0,nan,389.3999938964844,0.0,0.0,2630.10009765625,nan,nan,nan,65536.0
2026-09-13T08:33:00.000+08:00,8.265401840209961,22.142532348632812,22.22265625,0.020385295152664185,0.0,389.5,0.0,0.0,2630.10009765625,nan,nan,nan,65536.0
2026-09-13T08:34:00.000+08:00,8.300797462463379,22.170320510864258,22.1953125,0.0,nan,389.6000061035156,0.0,0.0,2630.10009765625,nan,nan,nan,65536.0
2026-09-13T08:35:00.000+08:00,8.593767166137695,22.22317886352539,22.01416015625,0.0,nan,389.3999938964844,0.0,0.0,2630.10009765625,nan,nan,nan,65536.0
2026-09-13T08:36:00.000+08:00,8.463558197021484,22.211822509765625,22.06982421875,0.0,nan,389.29998779296875,0.0,0.0,2630.10009765625,nan,nan,nan,65536.0
2026-09-13T08:37:00.000+08:00,8.919288635253906,22.13789176940918,22.0283203125,0.021658098325133324,0.0,389.5,0.0,0.0,2630.10009765625,nan,nan,nan,65536.0
2026-09-13T08:38:00.000+08:00,8.31490421295166,22.211271286010742,22.06982421875,0.014078984037041664,0.0,389.3999938964844,0.0,0.0,2630.10009765625,nan,nan,nan,65536.0
2026-09-13T08:39:00.000+08:00,8.174065589904785,22.064498901367188,22.111328125,0.012140687555074692,0.0,389.6000061035156,0.0,0.0,2630.10009765625,nan,nan,nan,65536.0
2026-09-13T08:40:00.000+08:00,8.463558197021484,22.147186279296875,22.0,0.0032311473041772842,0.0,389.6000061035156,0.0,0.0,2630.10009765625,nan,nan,nan,65536.0
2026-09-13T08:41:00.000+08:00,7.9598388671875,22.245540618896484,21.986328125,0.04849433898925781,0.0,389.8999938964844,0.0,0.0,2630.10009765625,nan,nan,nan,65536.0
2026-09-13T08:42:00.000+08:00,9.227129936218262,22.042606353759766,22.08349609375,0.0,nan,389.79998779296875,0.0,0.0,2630.10009765625,nan,nan,nan,65536.0
2026-09-13T08:43:00.000+08:00,8.170589447021484,22.226381301879883,21.875,0.021810362115502357,0.0,389.6000061035156,0.0,0.0,2630.10009765625,nan,nan,nan,65536.0
2026-09-13T08:44:00.000+08:00,8.170589447021484,22.134593963623047,22.22216796875,0.02624318189918995,0.0,389.5,0.0,0.0,2630.10009765625,nan,nan,nan,65536.0
2026-09-13T08:45:00.000+08:00,8.63118839263916,22.18406867980957,21.9453125,0.027755573391914368,0.0,389.5,0.0,0.0,2630.10009765625,nan,nan,nan,65536.0
2026-09-13T08:46:00.000+08:00,8.398454666137695,22.184858322143555,22.01416015625,0.008380284532904625,0.0,389.5,0.0,0.0,2630.10009765625,nan,nan,nan,65536.0
2026-09-13T08:47:00.000+08:00,8.33335018157959,22.114761352539062,21.931640625,0.0059339734725654125,0.0,389.70001220703125,0.0,0.0,2630.10009765625,nan,nan,nan,65536.0
2026-09-13T08:48:00.000+08:00,8.530426025390625,nan,nan,0.005792479030787945,0.0,nan,nan,nan,nan,nan,nan,nan,nan
2026-09-13T08:49:00.000+08:00,8.183046340942383,22.090523719787598,22.062744140625,0.05375741794705391,0.0,389.09999084472656,0.0,0.0,2630.10009765625,nan,nan,nan,65536.0
2026-09-13T08:50:00.000+08:00,7.747411251068115,22.195392608642578,22.083984375,0.023806778714060783,0.0,389.0,0.0,0.0,2630.10009765625,nan,nan,nan,65536.0
2026-09-13T08:51:00.000+08:00,8.23569393157959,22.235776901245117,22.0,0.03262559324502945,0.0,388.79998779296875,0.0,0.0,2630.10009765625,nan,nan,nan,65536.0
2026-09-13T08:52:00.000+08:00,7.69349479675293,22.222490310668945,22.09765625,0.021086517721414566,0.0,389.20001220703125,0.0,0.0,2630.10009765625,nan,nan,nan,65536.0
2026-09-13T08:53:00.000+08:00,8.138036727905273,22.169530868530273,22.0703125,0.0,nan,389.0,0.0,0.0,2630.10009765625,nan,nan,nan,65536.0
2026-09-13T08:54:00.000+08:00,7.975276470184326,22.184823989868164,22.22265625,0.012280350551009178,0.0,389.1000061035156,0.0,0.0,2630.10009765625,nan,nan,nan,65536.0
2026-09-13T08:55:00.000+08:00,8.100476264953613,22.02604103088379,22.0,0.037952810525894165,0.0,389.0,0.0,0.0,2630.10009765625,nan,nan,nan,65536.0
2026-09-13T08:56:00.000+08:00,8.182117462158203,22.225120544433594,21.97265625,0.011954783461987972,0.0,389.1000061035156,0.0,0.0,2630.10009765625,nan,nan,nan,65536.0
2026-09-13T08:57:00.000+08:00,7.454442024230957,22.211233139038086,22.236328125,0.017415309324860573,0.0,389.1000061035156,0.0,0.0,2630.10009765625,nan,nan,nan,65536.0
2026-09-13T08:58:00.000+08:00,7.92704439163208,22.1497859954834,22.22265625,0.04525202140212059,0.0,388.6000061035156,0.0,0.0,2630.10009765625,nan,nan,nan,65536.0
2026-09-13T08:59:00.000+08:00,8.45101547241211,22.206533432006836,21.9306640625,0.024372313171625137,0.0,389.29998779296875,0.0,0.0,2630.10009765625,nan,nan,nan,65536.0
2026-09-13T09:00:00.000+08:00,8.52866268157959,22.209327697753906,22.19482421875,0.0013601103564724326,0.0,389.3999938964844,0.0,0.0,2630.10009765625,nan,nan,nan,65536.0
2026-09-13T09:01:00.000+08:00,8.723976135253906,22.229780197143555,21.875,0.007553203497081995,0.0,389.5,0.0,0.0,2630.10009765625,nan,nan,nan,65536.0
2026-09-13T09:02:00.000+08:00,8.25313949584961,22.223867416381836,22.0556640625,0.035408876836299896,0.0,389.20001220703125,0.0,0.0,2630.10009765625,nan,nan,nan,65536.0
2026-09-13T09:03:00.000+08:00,8.52866268157959,22.23836898803711,22.09716796875,0.0,nan,389.70001220703125,0.0,0.0,2630.10009765625,nan,nan,nan,65536.0
2026-09-13T09:04:00.000+08:00,7.911945343017578,22.130624771118164,22.236328125,0.005372507032006979,0.0,389.3999938964844,0.0,0.0,2630.10009765625,nan,nan,nan,65536.0
2026-09-13T09:05:00.000+08:00,8.250728607177734,22.221803665161133,22.04150390625,0.049897484481334686,0.0,389.5,0.0,0.0,2630.10009765625,nan,nan,nan,65536.0
2026-09-13T09:06:00.000+08:00,8.381946563720703,22.164287567138672,22.125,0.027934569865465164,0.0,389.20001220703125,0.0,0.0,2630.10009765625,nan,nan,nan,65536.0
2026-09-13T09:07:00.000+08:00,8.642810821533203,22.192798614501953,22.06982421875,0.0396420992910862,0.0,389.29998779296875,0.0,0.0,2630.10009765625,nan,nan,nan,65536.0
2026-09-13T09:08:00.000+08:00,8.141761779785156,22.21661376953125,21.875,0.04527978599071503,0.0,389.3999938964844,0.0,0.0,2630.10009765625,nan,nan,nan,65536.0
2026-09-13T09:09:00.000+08:00,8.52866268157959,22.144359588623047,22.083984375,0.032039087265729904,0.0,389.29998779296875,0.0,0.0,2630.10009765625,nan,nan,nan,65536.0
2026-09-13T09:10:00.000+08:00,8.149016380310059,22.007448196411133,22.0,0.039562758058309555,0.0,389.3999938964844,0.0,0.0,2630.10009765625,nan,nan,nan,65536.0
2026-09-13T09:11:00.000+08:00,8.143542289733887,22.23431968688965,22.0703125,0.03382581099867821,0.0,389.3999938964844,0.0,0.0,2630.10009765625,nan,nan,nan,65536.0
2026-09-13T09:12:00.000+08:00,8.8541841506958,22.20730209350586,22.083984375,0.023354003205895424,0.0,389.3999938964844,0.0,0.0,2630.10009765625,nan,nan,nan,65536.0
2026-09-13T09:13:00.000+08:00,8.635765075683594,22.13718605041504,22.236328125,0.005097304005175829,0.0,389.29998779296875,0.0,0.0,2630.10009765625,nan,nan,nan,65536.0
2026-09-13T09:14:00.000+08:00,8.398454666137695,22.21001434326172,22.22265625,0.0,nan,389.8999938964844,0.0,0.0,2630.10009765625,nan,nan,nan,65536.0
2026-09-13T09:15:00.000+08:00,8.398454666137695,22.245073318481445,22.04150390625,0.025203466415405273,0.0,389.6000061035156,0.0,0.0,2630.10009765625,nan,nan,nan,65536.0
2026-09-13T09:16:00.000+08:00,8.887384414672852,22.136499404907227,22.13916015625,0.02020837925374508,0.0,389.70001220703125,0.0,0.0,2630.10009765625,nan,nan,nan,65536.0
2026-09-13T09:17:00.000+08:00,8.6588716506958,22.24496841430664,22.02783203125,0.0,nan,389.6000061035156,0.0,0.0,2630.10009765625,nan,nan,nan,65536.0
2026-09-13T09:18:00.000+08:00,8.593767166137695,22.16363525390625,22.0,0.0,nan,389.1000061035156,0.0,0.0,2630.10009765625,nan,nan,nan,65536.0
2026-09-13T09:19:00.000+08:00,8.706122398376465,22.219898223876953,22.0,0.0219404473900795,0.0,389.3999938964844,0.0,0.0,2630.10009765625,nan,nan,nan,65536.0
2026-09-13T09:20:00.000+08:00,8.361698150634766,22.133907318115234,22.22265625,0.042842671275138855,0.0,389.20001220703125,0.0,0.0,2630.10009765625,nan,nan,nan,65536.0
2026-09-13T09:21:00.000+08:00,8.439764976501465,22.125864028930664,22.06982421875,0.010933552868664265,0.0,389.20001220703125,0.0,0.0,2630.10009765625,nan,nan,nan,65536.0
2026-09-13T09:22:00.000+08:00,9.094751358032227,22.229093551635742,21.931640625,0.05812012776732445,0.0,389.1000061035156,0.0,0.0,2630.10009765625,nan,nan,nan,65536.0
2026-09-13T09:23:00.000+08:00,8.361087799072266,22.144474029541016,22.02783203125,0.015230158343911171,0.0,389.3999938964844,0.0,0.0,2630.10009765625,nan,nan,nan,65536.0
2026-09-13T09:24:00.000+08:00,8.56117057800293,22.182796478271484,22.09765625,0.03430861234664917,0.0,389.1000061035156,0.0,0.0,2630.10009765625,nan,nan,nan,65536.0
2026-09-13T09:25:00.000+08:00,8.356578826904297,22.186216354370117,22.09765625,0.030273746699094772,0.0,389.1000061035156,0.0,0.0,2630.10009765625,nan,nan,nan,65536.0
2026-09-13T09:26:00.000+08:00,9.049497604370117,22.149799346923828,22.0703125,0.0,nan,388.79998779296875,0.0,0.0,2630.10009765625,nan,nan,nan,65536.0
2026-09-13T09:27:00.000+08:00,8.908514976501465,22.191423416137695,22.0,0.02611718326807022,0.0,389.0,0.0,0.0,2630.10009765625,nan,nan,nan,65536.0
2026-09-13T09:28:00.000+08:00,8.448168754577637,22.196632385253906,22.09765625,0.011922123841941357,0.0,388.6000061035156,0.0,0.0,2630.10009765625,nan,nan,nan,65536.0
2026-09-13T09:29:00.000+08:00,8.593767166137695,22.19266128540039,22.111328125,0.0034320862032473087,0.0,388.20001220703125,0.0,0.0,2630.10009765625,nan,nan,nan,65536.0
2026-09-13T09:30:00.000+08:00,8.300797462463379,22.204689025878906,22.111328125,0.01566976122558117,0.0,388.3999938964844,0.0,0.0,2630.10009765625,nan,nan,nan,65536.0
2026-09-13T09:31:00.000+08:00,8.707656860351562,22.196746826171875,22.09765625,0.021914657205343246,0.0,388.3999938964844,0.0,0.0,2630.10009765625,nan,nan,nan,65536.0
2026-09-13T09:32:00.000+08:00,8.723976135253906,22.213315963745117,22.01416015625,0.025051888078451157,0.0,388.5,0.0,0.0,2630.10009765625,nan,nan,nan,65536.0
2026-09-13T09:33:00.000+08:00,8.398454666137695,22.206064224243164,22.06982421875,0.016947772353887558,0.0,388.0,0.0,0.0,2630.10009765625,nan,nan,nan,65536.0
2026-09-13T09:34:00.000+08:00,9.114601135253906,22.192798614501953,22.056640625,0.02205268293619156,0.0,388.20001220703125,0.0,0.0,2630.10009765625,nan,nan,nan,65536.0
2026-09-13T09:35:00.000+08:00,9.12020206451416,22.219758987426758,22.083984375,0.03307018801569939,0.0,388.3999938964844,0.0,0.0,2630.10009765625,nan,nan,nan,65536.0
2026-09-13T09:36:00.000+08:00,9.049497604370117,22.2026424407959,22.0,0.02661132626235485,0.0,388.29998779296875,0.0,0.0,2630.10009765625,nan,nan,nan,65536.0
2026-09-13T09:37:00.000+08:00,8.789079666137695,22.192798614501953,22.083984375,0.02719561755657196,0.0,388.70001220703125,0.0,0.0,2630.10009765625,nan,nan,nan,65536.0
2026-09-13T09:38:00.000+08:00,8.542009353637695,22.188140869140625,22.083984375,0.016475524753332138,0.0,389.0,0.0,0.0,2630.10009765625,nan,nan,nan,65536.0
2026-09-13T09:39:00.000+08:00,8.693835258483887,22.186216354370117,22.0283203125,0.02183808945119381,0.0,388.70001220703125,0.0,0.0,2630.10009765625,nan,nan,nan,65536.0
2026-09-13T09:40:00.000+08:00,8.817706108093262,22.209226608276367,22.09765625,0.015101193450391293,0.0,389.0,0.0,0.0,2630.10009765625,nan,nan,nan,65536.0
2026-09-13T09:41:00.000+08:00,8.678958892822266,22.193466186523438,22.056640625,0.02660394087433815,0.0,388.8999938964844,0.0,0.0,2630.10009765625,nan,nan,nan,65536.0
2026-09-13T09:42:00.000+08:00,8.919288635253906,22.218521118164062,22.0703125,0.02189539186656475,0.0,388.70001220703125,0.0,0.0,2630.10009765625,nan,nan,nan,65536.0
2026-09-13T09:43:00.000+08:00,9.179705619812012,22.198007583618164,22.111328125,0.02302519977092743,0.0,389.0,0.0,0.0,2630.10009765625,nan,nan,nan,65536.0
2026-09-13T09:44:00.000+08:00,8.52866268157959,22.188810348510742,22.056640625,0.017584284767508507,0.0,388.5,0.0,0.0,2630.10009765625,nan,nan,nan,65536.0
2026-09-13T09:45:00.000+08:00,9.114601135253906,22.189498901367188,22.09765625,0.02207096479833126,0.0,389.0,0.0,0.0,2630.10009765625,nan,nan,nan,65536.0
2026-09-13T09:46:00.000+08:00,8.105484962463379,nan,nan,0.017712077125906944,0.0,nan,nan,nan,nan,nan,nan,nan,nan
2026-09-13T09:47:00.000+08:00,8.62939739227295,22.210240364074707,22.03515625,0.014625206589698792,0.0,388.6000061035156,0.0,0.0,2630.10009765625,nan,nan,nan,65536.0
2026-09-13T09:48:00.000+08:00,8.984393119812012,22.211271286010742,22.08349609375,0.030085489153862,0.0,388.29998779296875,0.0,0.0,2630.10009765625,nan,nan,nan,65536.0
2026-09-13T09:49:00.000+08:00,8.007828712463379,22.21783447265625,22.08349609375,0.019950954243540764,0.0,388.3999938964844,0.0,0.0,2630.10009765625,nan,nan,nan,65536.0
2026-09-13T09:50:00.000+08:00,9.250687599182129,22.18937873840332,22.08349609375,0.025872282683849335,0.0,388.6000061035156,0.0,0.0,2630.10009765625,nan,nan,nan,65536.0
2026-09-13T09:51:00.000+08:00,8.675152778625488,22.204689025878906,22.09765625,0.026819787919521332,0.0,388.0,0.0,0.0,2630.10009765625,nan,nan,nan,65536.0
2026-09-13T09:52:00.000+08:00,8.348024368286133,22.21921157836914,22.056640625,0.025841621682047844,0.0,388.6000061035156,0.0,0.0,2630.10009765625,nan,nan,nan,65536.0
2026-09-13T09:53:00.000+08:00,8.895081520080566,22.2059268951416,22.04150390625,0.017760425806045532,0.0,388.1000061035156,0.0,0.0,2630.10009765625,nan,nan,nan,65536.0
2026-09-13T09:54:00.000+08:00,8.8541841506958,22.188810348510742,22.0419921875,0.018952740356326103,0.0,388.5,0.0,0.0,2630.10009765625,nan,nan,nan,65536.0
2026-09-13T09:55:00.000+08:00,8.546092987060547,22.207988739013672,22.111328125,0.024159442633390427,0.0,388.29998779296875,0.0,0.0,2630.10009765625,nan,nan,nan,65536.0
2026-09-13T09:56:00.000+08:00,9.223140716552734,22.228506088256836,22.06982421875,0.02553241141140461,0.0,388.20001220703125,0.0,0.0,2630.10009765625,nan,nan,nan,65536.0
2026-09-13T09:57:00.000+08:00,8.723976135253906,22.2026424407959,22.0,0.022337712347507477,0.0,388.20001220703125,0.0,0.0,2630.10009765625,nan,nan,nan,65536.0
2026-09-13T09:58:00.000+08:00,8.579890251159668,22.20991325378418,22.083984375,0.014541301876306534,0.0,388.1000061035156,0.0,0.0,2630.10009765625,nan,nan,nan,65536.0
2026-09-13T09:59:00.000+08:00,8.6588716506958,22.216480255126953,22.06982421875,0.03810646012425423,0.0,388.1000061035156,0.0,0.0,2630.10009765625,nan,nan,nan,65536.0
2026-09-13T10:00:00.000+08:00,8.350992202758789,22.213197708129883,22.0703125,0.019026324152946472,0.0,388.1000061035156,0.0,0.0,2630.10009765625,nan,nan,nan,65536.0
2026-09-13T10:01:00.000+08:00,8.784772872924805,22.213315963745117,22.083984375,0.023962488397955894,0.0,387.8999938964844,0.0,0.0,2630.10009765625,nan,nan,nan,65536.0
2026-09-13T10:02:00.000+08:00,8.588404655456543,22.20730209350586,22.111328125,0.020420407876372337,0.0,387.79998779296875,0.0,0.0,2630.10009765625,nan,nan,nan,65536.0
2026-09-13T10:03:00.000+08:00,8.75762939453125,22.21592903137207,22.083984375,0.027373384684324265,0.0,388.0,0.0,0.0,2630.10009765625,nan,nan,nan,65536.0
2026-09-13T10:04:00.000+08:00,8.768126487731934,22.19936180114746,22.0556640625,0.020600849762558937,0.0,387.8999938964844,0.0,0.0,2630.10009765625,nan,nan,nan,65536.0
2026-09-13T10:05:00.000+08:00,8.862133979797363,22.21262550354004,22.06982421875,0.02269146591424942,0.0,388.0,0.0,0.0,2630.10009765625,nan,nan,nan,65536.0
2026-09-13T10:06:00.000+08:00,8.380451202392578,22.212509155273438,22.056640625,0.029215000569820404,0.0,387.70001220703125,0.0,0.0,2630.10009765625,nan,nan,nan,65536.0
2026-09-13T10:07:00.000+08:00,8.708006858825684,22.221803665161133,22.0,0.021153295412659645,0.0,388.3999938964844,0.0,0.0,2630.10009765625,nan,nan,nan,65536.0
2026-09-13T10:08:00.000+08:00,8.52866268157959,22.190874099731445,22.056640625,0.020452652126550674,0.0,388.0,0.0,0.0,2630.10009765625,nan,nan,nan,65536.0
2026-09-13T10:09:00.000+08:00,8.823283195495605,22.209226608276367,22.09716796875,0.02340739592909813,0.0,388.20001220703125,1.8170000314712524,1.0410000085830688,2630.10009765625,nan,nan,nan,65536.0
2026-09-13T10:10:00.000+08:00,7.926835536956787,22.21058464050293,22.0703125,0.027980735525488853,0.0,388.1000061035156,1.812000036239624,1.0420000553131104,2630.10009765625,nan,nan,nan,65536.0
2026-09-13T10:11:00.000+08:00,8.71890926361084,22.203330993652344,22.04150390625,0.03168536722660065,0.0,388.5,1.8320000171661377,1.0460000038146973,2630.10009765625,nan,nan,nan,65536.0
2026-09-13T10:12:00.000+08:00,8.42755126953125,22.231670379638672,22.0419921875,0.018219392746686935,57.02714538574219,388.29998779296875,1.8339999914169312,1.0499999523162842,2630.10009765625,nan,nan,nan,65536.0
2026-09-13T10:13:00.000+08:00,9.102105140686035,22.22577476501465,22.09716796875,0.016147315502166748,64.40699005126953,388.1000061035156,1.8240000009536743,1.0410000085830688,2630.199951171875,516.796875,1.990625023841858,1.04691743850708,2710.0
2026-09-13T10:14:00.000+08:00,8.118518829345703,22.223867416381836,22.056640625,0.017883118242025375,58.37908172607422,388.29998779296875,1.8370000123977661,1.0449999570846558,2630.199951171875,516.796875,1.990625023841858,1.0485323667526245,2710.0
2026-09-13T10:15:00.000+08:00,8.868101119995117,19.364990234375,12.347412109375,0.02461298555135727,42.49789047241211,388.1000061035156,1.8530000448226929,1.0579999685287476,2630.199951171875,516.796875,2.0289063453674316,1.061317801475525,2710.0
2026-09-13T10:16:00.000+08:00,8.505433082580566,12.854778289794922,9.4375,0.02733572944998741,38.228355407714844,387.79998779296875,1.8559999465942383,1.059000015258789,2630.199951171875,513.28125,2.0289063453674316,1.0599719285964966,2710.0
2026-09-13T10:17:00.000+08:00,8.540240287780762,12.63083267211914,9.548828125,0.024815471842885017,42.07052993774414,387.29998779296875,1.8450000286102295,1.0579999685287476,2630.199951171875,513.28125,2.0289063453674316,1.0610486268997192,2710.0
2026-09-13T10:18:00.000+08:00,162.61593627929688,12.62896728515625,9.58349609375,21.066434860229492,0.05031701177358627,387.5,1.8450000286102295,1.0609999895095825,2630.199951171875,513.28125,2.0289063453674316,1.0626635551452637,2710.0
2026-09-13T10:19:00.000+08:00,194.77932739257812,12.67422866821289,9.604248046875,13.3234281539917,0.0796341598033905,387.6000061035156,1.8480000495910645,1.062999963760376,2630.300048828125,513.28125,2.0289063453674316,1.063201904296875,2710.0
2026-09-13T10:20:00.000+08:00,196.80992126464844,12.681549072265625,9.611328125,12.494668960571289,0.0846761092543602,387.6000061035156,1.8489999771118164,1.062999963760376,2630.300048828125,513.28125,2.0289063453674316,1.065220594406128,2710.0
2026-09-13T10:21:00.000+08:00,195.10842895507812,12.682609558105469,9.625,12.110349655151367,0.08744587004184723,388.1000061035156,1.8639999628067017,1.0700000524520874,2630.300048828125,516.796875,2.067187547683716,1.069527268409729,2710.0
2026-09-13T10:22:00.000+08:00,194.7713165283203,12.635635375976562,9.72265625,11.963013648986816,0.08885721117258072,388.29998779296875,1.8660000562667847,1.0720000267028809,2630.300048828125,516.796875,2.067187547683716,1.068719744682312,2710.0
2026-09-13T10:23:00.000+08:00,194.6132049560547,12.605968475341797,9.694580078125,11.625207901000977,0.09169728308916092,388.20001220703125,1.8660000562667847,1.0700000524520874,2630.300048828125,516.796875,2.067187547683716,1.071142315864563,2710.0
2026-09-13T10:24:00.000+08:00,193.7807159423828,12.616634368896484,9.736328125,11.545147895812988,0.09250640124082565,388.3999938964844,1.8669999837875366,1.069000005722046,2630.39990234375,516.796875,2.067187547683716,1.071142315864563,2710.0
2026-09-13T10:25:00.000+08:00,192.17147827148438,12.545936584472656,9.7431640625,11.030547142028809,0.0971846655011177,388.79998779296875,1.8730000257492065,1.0709999799728394,2630.39990234375,516.796875,2.067187547683716,1.0712769031524658,2710.0
2026-09-13T10:26:00.000+08:00,193.03836059570312,12.517940521240234,9.6875,10.950926780700684,0.0957893580198288,388.5,1.8639999628067017,1.0720000267028809,2630.39990234375,516.796875,2.067187547683716,1.0728918313980103,2710.0
2026-09-13T10:27:00.000+08:00,193.02525329589844,12.560077667236328,9.66015625,11.15112590789795,0.09604410827159882,388.70001220703125,1.8569999933242798,1.0709999799728394,2630.39990234375,516.796875,2.067187547683716,1.0745068788528442,2710.0
2026-09-13T10:28:00.000+08:00,195.04722595214844,12.475341796875,9.64599609375,10.798848152160645,0.09908463805913925,388.20001220703125,1.8509999513626099,1.065000057220459,2630.39990234375,516.796875,2.067187547683716,1.0669702291488647,2710.0
2026-09-13T10:29:00.000+08:00,193.65647888183594,12.389427185058594,9.625,10.870534896850586,0.09815523773431778,388.70001220703125,1.8650000095367432,1.0709999799728394,2630.39990234375,516.796875,2.067187547683716,1.0728918313980103,2710.0
2026-09-13T10:30:00.000+08:00,192.9163360595703,12.431838989257812,9.5908203125,10.673613548278809,0.10024721175432205,388.1000061035156,1.8519999980926514,1.065000057220459,2630.5,513.28125,2.0289063453674316,1.0661627054214478,2710.0
2026-09-13T10:31:00.000+08:00,194.10140991210938,12.427295684814453,9.59033203125,10.864805221557617,0.098299041390419,388.6000061035156,1.8489999771118164,1.0670000314712524,2630.5,516.796875,2.0289063453674316,1.067508578300476,2710.0
2026-09-13T10:32:00.000+08:00,193.3084716796875,12.394153594970703,9.7431640625,10.780624389648438,0.099159374833107,388.20001220703125,1.8489999771118164,1.0570000410079956,2630.5,513.28125,2.0289063453674316,1.064816951751709,2710.0
2026-09-13T10:33:00.000+08:00,193.83392333984375,12.447845458984375,9.736328125,10.473127365112305,0.10178430378437042,388.1000061035156,1.8580000400543213,1.0700000524520874,2630.5,513.28125,2.0289063453674316,1.0665664672851562,2710.0
2026-09-13T10:34:00.000+08:00,192.62582397460938,12.439029693603516,9.7294921875,10.792503356933594,0.09877226501703262,387.8999938964844,1.847000002861023,1.062999963760376,2630.5,513.28125,2.0289063453674316,1.064816951751709,2710.0
2026-09-13T10:35:00.000+08:00,193.3758544921875,12.412544250488281,9.64599609375,10.641868591308594,0.09988847374916077,388.0,1.8550000190734863,1.065999984741211,2630.60009765625,513.28125,2.067187547683716,1.0677777528762817,2710.0
2026-09-13T10:36:00.000+08:00,193.3761749267578,12.43292236328125,9.64599609375,10.404720306396484,0.10293405503034592,387.70001220703125,1.8459999561309814,1.062999963760376,2630.60009765625,513.28125,2.0289063453674316,1.0644131898880005,2710.0
2026-09-13T10:37:00.000+08:00,192.31887817382812,12.339374542236328,9.6669921875,10.751418113708496,0.09896368533372879,388.0,1.8480000495910645,1.065999984741211,2630.60009765625,513.28125,2.0289063453674316,1.0665664672851562,2710.0
2026-09-13T10:38:00.000+08:00,191.90643310546875,12.315650939941406,9.666748046875,10.498197555541992,0.10192225873470306,387.79998779296875,1.843000054359436,1.059000015258789,2630.60009765625,513.28125,2.0289063453674316,1.0619906187057495,2710.0
2026-09-13T10:39:00.000+08:00,192.72451782226562,12.32265853881836,9.6806640625,10.750012397766113,0.09944174438714981,388.1000061035156,1.8550000190734863,1.069000005722046,2630.60009765625,513.28125,2.067187547683716,1.0689889192581177,2710.0
2026-09-13T10:40:00.000+08:00,191.3568115234375,12.651287078857422,9.66015625,10.498140335083008,0.1013512834906578,387.6000061035156,1.8309999704360962,1.0499999523162842,2630.60009765625,513.28125,2.0289063453674316,1.053242802619934,2710.0
2026-09-13T10:41:00.000+08:00,194.5983123779297,12.656913757324219,9.70849609375,10.300271034240723,0.1035895049571991,388.20001220703125,1.8320000171661377,1.0529999732971191,2630.699951171875,513.28125,2.0289063453674316,1.0529736280441284,2710.0
2026-09-13T10:42:00.000+08:00,163.76931762695312,12.707714080810547,9.77783203125,8.537964820861816,0.10627985000610352,387.79998779296875,1.8339999914169312,1.0540000200271606,2630.699951171875,513.28125,2.0289063453674316,1.0557998418807983,2710.0
2026-09-13T10:43:00.000+08:00,7.085386276245117,12.801563262939453,9.798828125,0.41745808720588684,2.534386157989502,387.5,1.8819999694824219,1.0509999990463257,2630.699951171875,513.28125,2.0289063453674316,1.0498782396316528,2710.0
2026-09-13T10:44:00.000+08:00,6.086431980133057,12.790889739990234,9.770751953125,0.3540390431880951,2.9770727157592773,388.0,1.8339999914169312,1.0529999732971191,2630.699951171875,513.28125,2.0289063453674316,1.0537811517715454,2710.0
2026-09-13T10:45:00.000+08:00,6.736079692840576,nan,nan,0.39355748891830444,2.680675506591797,nan,nan,nan,nan,nan,nan,nan,nan
2026-09-13T10:46:00.000+08:00,7.0967254638671875,12.806577682495117,9.8648681640625,0.42301198840141296,2.482199192047119,387.6999969482422,1.8504999876022339,1.0645000338554382,2630.699951171875,513.28125,2.0480469465255737,1.0644131898880005,2710.0
2026-09-13T10:47:00.000+08:00,5.949014186859131,12.854034423828125,9.9306640625,0.35624203085899353,2.9670839309692383,387.20001220703125,1.8320000171661377,1.0509999990463257,2630.800048828125,513.28125,2.0289063453674316,1.0502820014953613,2710.0
2026-09-13T10:48:00.000+08:00,5.797194480895996,12.847831726074219,9.9794921875,0.33723118901252747,3.161036252975464,387.70001220703125,1.8370000123977661,1.055999994277954,2630.800048828125,513.28125,2.0289063453674316,1.0566073656082153,2710.0
2026-09-13T10:49:00.000+08:00,6.235864639282227,12.889785766601562,10.048828125,0.36011937260627747,2.9379146099090576,387.5,1.8380000591278076,1.0570000410079956,2630.800048828125,513.28125,2.0289063453674316,1.0572803020477295,2710.0
2026-09-13T10:50:00.000+08:00,6.629477024078369,12.995475769042969,10.041748046875,0.3835121989250183,2.7378530502319336,387.3999938964844,1.843999981880188,1.0549999475479126,2630.800048828125,513.28125,2.0289063453674316,1.056069016456604,2710.0
2026-09-13T10:51:00.000+08:00,6.49498176574707,12.942138671875,10.111328125,0.3761647939682007,2.799304962158203,386.70001220703125,1.8279999494552612,1.0460000038146973,2630.800048828125,513.28125,2.0289063453674316,1.047724962234497,2710.0
2026-09-13T10:52:00.000+08:00,6.9986114501953125,13.059371948242188,10.097412109375,0.4114052355289459,2.5595200061798096,387.1000061035156,1.840999960899353,1.0529999732971191,2630.89990234375,513.28125,2.0289063453674316,1.0539157390594482,2710.0
2026-09-13T10:53:00.000+08:00,6.986454486846924,13.037040710449219,10.125,0.41007986664772034,2.572669506072998,387.20001220703125,1.840999960899353,1.0540000200271606,2630.89990234375,513.28125,2.0289063453674316,1.053242802619934,2710.0
2026-09-13T10:54:00.000+08:00, -0.13080106675624847,13.083869934082031,10.2158203125,0.0, +inf,387.29998779296875,1.8389999866485596,1.0540000200271606,2630.89990234375,513.28125,2.0289063453674316,1.0544540882110596,2710.0
2026-09-13T10:55:00.000+08:00,0.0,13.134658813476562,10.25,0.0, +inf,386.79998779296875,1.8320000171661377,1.0499999523162842,2630.89990234375,513.28125,2.0289063453674316,1.0498782396316528,2710.0
2026-09-13T10:56:00.000+08:00,0.09732593595981598,13.146522521972656,10.28515625,0.005601273849606514,187.99295043945312,386.70001220703125,1.8289999961853027,1.0449999570846558,2630.89990234375,513.28125,2.0289063453674316,1.048936128616333,2710.0
2026-09-13T10:57:00.000+08:00,0.0,13.1837158203125,10.257080078125,0.0, +inf,387.29998779296875,1.8539999723434448,1.055999994277954,2630.89990234375,513.28125,2.0289063453674316,1.056876540184021,2710.0
2026-09-13T10:58:00.000+08:00,0.0,13.223270416259766,10.3125,0.0, +inf,387.3999938964844,1.850000023841858,1.0540000200271606,2631.0,513.28125,2.0289063453674316,1.0544540882110596,2710.0
2026-09-13T10:59:00.000+08:00,0.0,13.196067810058594,10.4306640625,0.0, +inf,386.70001220703125,1.8339999914169312,1.0490000247955322,2631.0,513.28125,2.0289063453674316,1.0493398904800415,2710.0
2026-09-13T11:00:00.000+08:00,0.0,13.309345245361328,10.39599609375,0.0, +inf,386.79998779296875,1.8370000123977661,1.0509999990463257,2631.0,513.28125,2.0289063453674316,1.0518969297409058,2710.0
2026-09-13T11:01:00.000+08:00,0.0,13.27187728881836,10.479248046875,0.0, +inf,386.79998779296875,1.8279999494552612,1.0499999523162842,2631.0,513.28125,2.0289063453674316,1.0510895252227783,2710.0
2026-09-13T11:02:00.000+08:00,0.0,13.31869888305664,10.5556640625,0.0, +inf,387.20001220703125,1.847000002861023,1.0570000410079956,2631.0,513.28125,2.0289063453674316,1.0544540882110596,2710.0
2026-09-13T11:03:00.000+08:00,0.0,13.36190414428711,10.5419921875,0.0, +inf,387.29998779296875,1.8489999771118164,1.055999994277954,2631.0,513.28125,2.0289063453674316,1.0544540882110596,2710.0
2026-09-13T11:04:00.000+08:00,0.0,13.3955078125,10.5625,0.0, +inf,387.20001220703125,1.8370000123977661,1.0520000457763672,2631.10009765625,513.28125,2.0289063453674316,1.0514931678771973,2710.0
2026-09-13T11:05:00.000+08:00,0.0,13.428821563720703,10.597412109375,0.0, +inf,386.8999938964844,1.8339999914169312,1.0499999523162842,2631.10009765625,513.28125,2.0289063453674316,1.0518969297409058,2710.0
2026-09-13T11:06:00.000+08:00,0.0,13.456199645996094,10.6806640625,0.0, +inf,386.79998779296875,1.840000033378601,1.0520000457763672,2631.10009765625,513.28125,2.0289063453674316,1.0493398904800415,2710.0
2026-09-13T11:07:00.000+08:00,0.0,13.472026824951172,10.625,0.0, +inf,387.6000061035156,1.8300000429153442,1.0520000457763672,2631.10009765625,513.28125,2.0289063453674316,1.0536465644836426,2711.0
2026-09-13T11:08:00.000+08:00,0.0,13.555614471435547,10.6669921875,0.0, +inf,387.3999938964844,1.840000033378601,1.0570000410079956,2631.10009765625,513.28125,2.0289063453674316,1.056876540184021,2711.0
2026-09-13T11:09:00.000+08:00,0.0,13.609352111816406,10.722412109375,0.0, +inf,387.6000061035156,1.8380000591278076,1.055999994277954,2631.10009765625,513.28125,2.0289063453674316,1.0548577308654785,2711.0
2026-09-13T11:10:00.000+08:00,0.0,13.604232788085938,10.75,0.0, +inf,387.79998779296875,1.8420000076293945,1.0570000410079956,2631.199951171875,513.28125,2.0289063453674316,1.0578186511993408,2711.0
2026-09-13T11:11:00.000+08:00,0.0,13.607189178466797,10.7919921875,0.0, +inf,387.70001220703125,1.8420000076293945,1.0570000410079956,2631.199951171875,513.28125,2.0289063453674316,1.0578186511993408,2711.0
2026-09-13T11:12:00.000+08:00,0.0,13.647083282470703,10.861328125,0.0, +inf,388.0,1.843999981880188,1.055999994277954,2631.199951171875,513.28125,2.0289063453674316,1.0582222938537598,2711.0
2026-09-13T11:13:00.000+08:00,0.0,13.679065704345703,10.861328125,0.0, +inf,388.1000061035156,1.8700000047683716,1.0770000219345093,2631.199951171875,513.28125,2.0289063453674316,1.064816951751709,2711.0
2026-09-13T11:14:00.000+08:00,0.0,13.715354919433594,10.923583984375,0.0, +inf,388.20001220703125,1.847000002861023,1.0609999895095825,2631.199951171875,513.28125,2.0289063453674316,1.0599719285964966,2711.0
2026-09-13T11:15:00.000+08:00,0.0,13.734798431396484,10.916748046875,0.0, +inf,387.8999938964844,1.8370000123977661,1.0549999475479126,2631.300048828125,513.28125,2.0289063453674316,1.054050326347351,2711.0
2026-09-13T11:16:00.000+08:00,0.0,13.796749114990234,10.986328125,0.0, +inf,388.0,1.8700000047683716,1.0750000476837158,2631.300048828125,513.28125,2.067187547683716,1.0767947435379028,2711.0
2026-09-13T11:17:00.000+08:00,0.0,13.808612823486328,10.944580078125,0.0, +inf,387.79998779296875,1.843000054359436,1.0570000410079956,2631.300048828125,513.28125,2.0289063453674316,1.0578186511993408,2711.0
2026-09-13T11:18:00.000+08:00,0.0,13.844905853271484,11.03515625,0.0, +inf,387.5,1.840999960899353,1.0549999475479126,2631.300048828125,513.28125,2.0289063453674316,1.0544540882110596,2711.0
2026-09-13T11:19:00.000+08:00,0.0,13.814739227294922,11.111083984375,0.0, +inf,387.5,1.840999960899353,1.0549999475479126,2631.300048828125,513.28125,2.0289063453674316,1.0544540882110596,2711.0
2026-09-13T11:20:00.000+08:00,0.0,13.816436767578125,11.097412109375,0.0, +inf,387.5,1.840000033378601,1.0549999475479126,2631.300048828125,513.28125,2.0289063453674316,1.0539157390594482,2711.0
2026-09-13T11:21:00.000+08:00,0.0,13.882339477539062,11.173828125,0.0, +inf,387.1000061035156,1.8370000123977661,1.0520000457763672,2631.39990234375,513.28125,2.0289063453674316,1.0523006916046143,2711.0
2026-09-13T11:22:00.000+08:00,0.0,13.972530364990234,11.1806640625,0.0, +inf,387.20001220703125,1.8359999656677246,1.0499999523162842,2631.39990234375,513.28125,2.0289063453674316,1.0556652545928955,2711.0
2026-09-13T11:23:00.000+08:00,0.0,13.956134796142578,11.2294921875,0.0, +inf,387.3999938964844,1.840999960899353,1.055999994277954,2631.39990234375,513.28125,2.0289063453674316,1.0556652545928955,2711.0
2026-09-13T11:24:00.000+08:00,0.0,14.015472412109375,11.284912109375,0.0, +inf,387.3999938964844,1.840999960899353,1.055999994277954,2631.39990234375,513.28125,2.0289063453674316,1.0544540882110596,2711.0
2026-09-13T11:25:00.000+08:00,0.0,14.041305541992188,11.25,0.0, +inf,387.5,1.840000033378601,1.0570000410079956,2631.39990234375,513.28125,2.0289063453674316,1.0548577308654785,2711.0
2026-09-13T11:26:00.000+08:00,0.0,14.071563720703125,11.3544921875,0.0, +inf,387.79998779296875,1.8420000076293945,1.0570000410079956,2631.39990234375,513.28125,2.0289063453674316,1.0570111274719238,2711.0
2026-09-13T11:27:00.000+08:00,0.0,14.076667785644531,11.4169921875,0.0, +inf,387.70001220703125,1.8420000076293945,1.055999994277954,2631.5,513.28125,2.0289063453674316,1.0544540882110596,2711.0
2026-09-13T11:28:00.000+08:00,0.0,14.119476318359375,11.416748046875,0.0, +inf,387.6000061035156,1.843000054359436,1.0540000200271606,2631.5,513.28125,2.0289063453674316,1.0536465644836426,2711.0
2026-09-13T11:29:00.000+08:00,0.0,14.144268035888672,11.47265625,0.0, +inf,388.0,0.0,0.0,2631.5,nan,nan,nan,65536.0
2026-09-13T11:30:00.000+08:00,0.0,14.172332763671875,11.4794921875,0.0, +inf,387.8999938964844,0.0,0.0,2631.5,nan,nan,nan,65536.0
2026-09-13T11:31:00.000+08:00,0.0,14.246448516845703,11.5625,0.0, +inf,387.20001220703125,0.0,0.0,2631.5,nan,nan,nan,65536.0
2026-09-13T11:32:00.000+08:00,0.0,14.200248718261719,11.632080078125,0.0, +inf,387.6000061035156,0.0,0.0,2631.5,nan,nan,nan,65536.0
2026-09-13T11:33:00.000+08:00,0.0,14.290447235107422,11.659912109375,0.0,nan,387.8999938964844,0.0,0.0,2631.5,nan,nan,nan,65536.0
2026-09-13T11:34:00.000+08:00,0.0,14.28011703491211,11.722412109375,0.0,nan,387.29998779296875,0.0,0.0,2631.5,nan,nan,nan,65536.0
2026-09-13T11:35:00.000+08:00,0.0,14.344181060791016,11.8056640625,0.0,nan,387.20001220703125,0.0,0.0,2631.5,nan,nan,nan,65536.0
2026-09-13T11:36:00.000+08:00,0.0,14.344276428222656,11.854248046875,0.0,nan,386.8999938964844,0.0,0.0,2631.5,nan,nan,nan,65536.0
2026-09-13T11:37:00.000+08:00,0.0,14.397491455078125,11.888916015625,0.0,nan,387.0,0.0,0.0,2631.5,nan,nan,nan,65536.0
2026-09-13T11:38:00.000+08:00,0.0,14.429519653320312,11.89599609375,0.0,nan,387.0,0.0,0.0,2631.5,nan,nan,nan,65536.0
2026-09-13T11:39:00.000+08:00,0.0,14.487770080566406,11.9794921875,0.0,nan,387.20001220703125,0.0,0.0,2631.5,nan,nan,nan,65536.0
2026-09-13T11:40:00.000+08:00,0.0,14.459163665771484,12.0419921875,0.0,nan,387.3999938964844,0.0,0.0,2631.5,nan,nan,nan,65536.0
2026-09-13T11:41:00.000+08:00,0.0,14.45602035522461,12.0908203125,0.0,nan,387.20001220703125,0.0,0.0,2631.5,nan,nan,nan,65536.0
2026-09-13T11:42:00.000+08:00,0.0,14.558467864990234,12.069580078125,0.0,nan,387.0,0.0,0.0,2631.5,nan,nan,nan,65536.0
2026-09-13T11:43:00.000+08:00,0.0,14.554218292236328,12.1806640625,0.0,nan,387.29998779296875,0.0,0.0,2631.5,nan,nan,nan,65536.0
2026-09-13T11:44:00.000+08:00,0.0,nan,nan,0.0,nan,nan,nan,nan,nan,nan,nan,nan,nan
2026-09-13T11:45:00.000+08:00,0.0,14.597787857055664,12.236328125,0.0,nan,387.5500030517578,0.0,0.0,2631.5,nan,nan,nan,65536.0
2026-09-13T11:46:00.000+08:00,0.0,14.660358428955078,12.34765625,0.0,nan,387.5,0.0,0.0,2631.5,nan,nan,nan,65536.0
2026-09-13T11:47:00.000+08:00,0.0,14.670177459716797,12.34765625,0.0,nan,387.79998779296875,0.0,0.0,2631.5,nan,nan,nan,65536.0
2026-09-13T11:48:00.000+08:00,0.0,14.667057037353516,12.409912109375,0.0,nan,387.79998779296875,0.0,0.0,2631.5,nan,nan,nan,65536.0
2026-09-13T11:49:00.000+08:00,0.0,14.694759368896484,12.444580078125,0.0,nan,387.3999938964844,0.0,0.0,2631.5,nan,nan,nan,65536.0
2026-09-13T11:50:00.000+08:00,0.0,14.718109130859375,12.4443359375,0.0,nan,387.6000061035156,0.0,0.0,2631.5,nan,nan,nan,65536.0
2026-09-13T11:51:00.000+08:00,0.0,14.71536636352539,12.5419921875,0.0,nan,387.79998779296875,0.0,0.0,2631.5,nan,nan,nan,65536.0
2026-09-13T11:52:00.000+08:00,0.0,14.760833740234375,12.611328125,0.0,nan,387.70001220703125,0.0,0.0,2631.5,nan,nan,nan,65536.0
2026-09-13T11:53:00.000+08:00,0.0,14.786205291748047,12.576416015625,0.0,nan,387.6000061035156,0.0,0.0,2631.5,nan,nan,nan,65536.0
2026-09-13T11:54:00.000+08:00,0.0,14.874408721923828,12.6533203125,0.0,nan,388.0,0.0,0.0,2631.5,nan,nan,nan,65536.0
2026-09-13T11:55:00.000+08:00,0.0,14.864181518554688,12.63916015625,0.0,nan,387.79998779296875,0.0,0.0,2631.5,nan,nan,nan,65536.0
2026-09-13T11:56:00.000+08:00,0.0,14.822647094726562,12.722412109375,0.0,nan,387.6000061035156,0.0,0.0,2631.5,nan,nan,nan,65536.0
2026-09-13T11:57:00.000+08:00,0.0,14.882003784179688,12.77099609375,0.0,nan,387.79998779296875,0.0,0.0,2631.5,nan,nan,nan,65536.0
2026-09-13T11:58:00.000+08:00,0.0,14.915645599365234,12.7919921875,0.0,nan,387.79998779296875,0.0,0.0,2631.5,nan,nan,nan,65536.0
2026-09-13T11:59:00.000+08:00,0.0,14.945327758789062,12.8125,0.0,nan,387.79998779296875,0.0,0.0,2631.5,nan,nan,nan,65536.0
2026-09-13T12:00:00.000+08:00,0.0,14.987701416015625,12.84765625,0.0,nan,388.0,0.0,0.0,2631.5,nan,nan,nan,65536.0
2026-09-13T12:01:00.000+08:00,0.0,15.028076171875,12.882080078125,0.0,nan,388.20001220703125,0.0,0.0,2631.5,nan,nan,nan,65536.0
2026-09-13T12:02:00.000+08:00,0.0,15.053028106689453,12.9033203125,0.0,nan,388.29998779296875,0.0,0.0,2631.5,nan,nan,nan,65536.0
2026-09-13T12:03:00.000+08:00,0.0,15.033683776855469,12.951416015625,0.0,nan,388.29998779296875,0.0,0.0,2631.5,nan,nan,nan,65536.0
2026-09-13T12:04:00.000+08:00,0.0,15.123893737792969,13.02099609375,0.0,nan,388.1000061035156,0.0,0.0,2631.5,nan,nan,nan,65536.0
2026-09-13T12:05:00.000+08:00,0.0,15.088714599609375,13.0283203125,0.0,nan,388.29998779296875,0.0,0.0,2631.5,nan,nan,nan,65536.0
2026-09-13T12:06:00.000+08:00,0.0,15.081226348876953,13.076416015625,0.0,nan,388.20001220703125,0.0,0.0,2631.5,nan,nan,nan,65536.0
2026-09-13T12:07:00.000+08:00,0.0,15.163520812988281,13.0625,0.0,nan,388.1000061035156,0.0,0.0,2631.5,nan,nan,nan,65536.0
2026-09-13T12:08:00.000+08:00,0.0,15.140613555908203,13.132080078125,0.0,nan,388.20001220703125,0.0,0.0,2631.5,nan,nan,nan,65536.0
2026-09-13T12:09:00.000+08:00,0.0,15.133125305175781,13.2294921875,0.0,nan,387.8999938964844,0.0,0.0,2631.5,nan,nan,nan,65536.0
2026-09-13T12:10:00.000+08:00,0.0,15.226886749267578,13.20849609375,0.0,nan,388.1000061035156,0.0,0.0,2631.5,nan,nan,nan,65536.0
2026-09-13T12:11:00.000+08:00,0.0,15.24395751953125,13.236083984375,0.0,nan,387.5,0.0,0.0,2631.5,nan,nan,nan,65536.0
2026-09-13T12:12:00.000+08:00,0.0,15.266891479492188,13.2919921875,0.0,nan,388.1000061035156,0.0,0.0,2631.5,nan,nan,nan,65536.0
2026-09-13T12:13:00.000+08:00,0.0,15.257091522216797,13.34765625,0.0,nan,388.1000061035156,0.0,0.0,2631.5,nan,nan,nan,65536.0
2026-09-13T12:14:00.000+08:00,0.0,15.283157348632812,13.347412109375,0.0,nan,387.8999938964844,0.0,0.0,2631.5,nan,nan,nan,65536.0
2026-09-13T12:15:00.000+08:00,0.0,15.332725524902344,13.4306640625,0.0,nan,388.0,0.0,0.0,2631.5,nan,nan,nan,65536.0
2026-09-13T12:16:00.000+08:00,0.0,15.359203338623047,13.4306640625,0.0,nan,388.0,0.0,0.0,2631.5,nan,nan,nan,65536.0
2026-09-13T12:17:00.000+08:00,0.0,15.327964782714844,13.444580078125,0.0,nan,388.0,0.0,0.0,2631.5,nan,nan,nan,65536.0
2026-09-13T12:18:00.000+08:00,0.0,15.421703338623047,13.479248046875,0.0,nan,388.0,0.0,0.0,2631.5,nan,nan,nan,65536.0
2026-09-13T12:19:00.000+08:00,0.0,15.392131805419922,13.548828125,0.0,nan,388.29998779296875,0.0,0.0,2631.5,nan,nan,nan,65536.0
2026-09-13T12:20:00.000+08:00,0.0,15.42068862915039,13.52099609375,0.0,nan,388.29998779296875,0.0,0.0,2631.5,nan,nan,nan,65536.0
2026-09-13T12:21:00.000+08:00,0.0,15.443595886230469,13.5625,0.0,nan,388.20001220703125,0.0,0.0,2631.5,nan,nan,nan,65536.0
2026-09-13T12:22:00.000+08:00,0.0,15.485458374023438,13.6181640625,0.0,nan,388.1000061035156,0.0,0.0,2631.5,nan,nan,nan,65536.0
2026-09-13T12:23:00.000+08:00,0.0,15.517562866210938,13.625,0.0,nan,388.20001220703125,0.0,0.0,2631.5,nan,nan,nan,65536.0
2026-09-13T12:24:00.000+08:00,0.0,15.532970428466797,13.659912109375,0.0,nan,388.0,0.0,0.0,2631.5,nan,nan,nan,65536.0
2026-09-13T12:25:00.000+08:00,0.0,15.523212432861328,13.7431640625,0.0,nan,388.0,0.0,0.0,2631.5,nan,nan,nan,65536.0
2026-09-13T12:26:00.000+08:00,0.0,15.59799575805664,13.694580078125,0.0,nan,388.6000061035156,0.0,0.0,2631.5,nan,nan,nan,65536.0
2026-09-13T12:27:00.000+08:00,0.0,15.575084686279297,13.7783203125,0.0,nan,387.6000061035156,0.0,0.0,2631.5,nan,nan,nan,65536.0
2026-09-13T12:28:00.000+08:00,0.0,15.68295669555664,13.757080078125,0.0,nan,387.79998779296875,0.0,0.0,2631.5,nan,nan,nan,65536.0
2026-09-13T12:29:00.000+08:00,0.0,15.649463653564453,13.8544921875,0.0,nan,387.70001220703125,0.0,0.0,2631.5,nan,nan,nan,65536.0
2026-09-13T12:30:00.000+08:00,0.0,15.670967102050781,13.84765625,0.0,nan,388.0,0.0,0.0,2631.5,nan,nan,nan,65536.0
2026-09-13T12:31:00.000+08:00,0.0,15.65114974975586,13.895751953125,0.0,nan,387.70001220703125,0.0,0.0,2631.5,nan,nan,nan,65536.0
2026-09-13T12:32:00.000+08:00,0.0,15.732173919677734,13.909912109375,0.0,nan,387.79998779296875,0.0,0.0,2631.5,nan,nan,nan,65536.0
2026-09-13T12:33:00.000+08:00,0.0,15.709247589111328,13.986328125,0.0,nan,387.70001220703125,0.0,0.0,2631.5,nan,nan,nan,65536.0
2026-09-13T12:34:00.000+08:00,0.0,15.733863830566406,13.9375,0.0,nan,387.79998779296875,0.0,0.0,2631.5,nan,nan,nan,65536.0
2026-09-13T12:35:00.000+08:00,0.0,15.774330139160156,14.048828125,0.0,nan,387.70001220703125,0.0,0.0,2631.5,nan,nan,nan,65536.0
2026-09-13T12:36:00.000+08:00,0.0,15.807788848876953,14.03515625,0.0,nan,387.79998779296875,0.0,0.0,2631.5,nan,nan,nan,65536.0
2026-09-13T12:37:00.000+08:00,0.0,15.783992767333984,14.0908203125,0.0,nan,387.29998779296875,0.0,0.0,2631.5,nan,nan,nan,65536.0
2026-09-13T12:38:00.000+08:00,0.0,15.871570587158203,14.09033203125,0.0,nan,388.0,0.0,0.0,2631.5,nan,nan,nan,65536.0
2026-09-13T12:39:00.000+08:00,0.0,15.832836151123047,14.145751953125,0.0,nan,387.79998779296875,0.0,0.0,2631.5,nan,nan,nan,65536.0
2026-09-13T12:40:00.000+08:00,0.0,15.852638244628906,14.16015625,0.0,nan,387.70001220703125,0.0,0.0,2631.5,nan,nan,nan,65536.0
2026-09-13T12:41:00.000+08:00,0.0,15.866264343261719,14.138916015625,0.0,nan,387.3999938964844,0.0,0.0,2631.5,nan,nan,nan,65536.0
2026-09-13T12:42:00.000+08:00,0.0,15.91379165649414,14.236328125,0.0,nan,387.79998779296875,0.0,0.0,2631.5,nan,nan,nan,65536.0
2026-09-13T12:43:00.000+08:00,0.0,nan,nan,0.0,nan,nan,nan,nan,nan,nan,nan,nan,nan
2026-09-13T12:44:00.000+08:00,0.0,15.956256866455078,14.2396240234375,0.0,nan,387.6499938964844,0.0,0.0,2631.5,nan,nan,nan,65536.0
2026-09-13T12:45:00.000+08:00,0.0,15.951164245605469,14.3125,0.0,nan,387.29998779296875,0.0,0.0,2631.5,nan,nan,nan,65536.0
2026-09-13T12:46:00.000+08:00,0.0,16.04583740234375,14.3544921875,0.0,nan,386.79998779296875,0.0,0.0,2631.5,nan,nan,nan,65536.0
2026-09-13T12:47:00.000+08:00,0.0,16.110069274902344,14.347412109375,0.0,nan,387.20001220703125,0.0,0.0,2631.5,nan,nan,nan,65536.0
2026-09-13T12:48:00.000+08:00,0.0,16.11003875732422,14.4306640625,0.0,nan,387.20001220703125,0.0,0.0,2631.5,nan,nan,nan,65536.0
2026-09-13T12:49:00.000+08:00,0.0,16.101333618164062,14.4306640625,0.0,nan,386.8999938964844,0.0,0.0,2631.5,nan,nan,nan,65536.0
2026-09-13T12:50:00.000+08:00,0.0,16.095932006835938,14.479248046875,0.0,nan,386.8999938964844,0.0,0.0,2631.5,nan,nan,nan,65536.0
2026-09-13T12:51:00.000+08:00,0.0,16.104713439941406,14.4375,0.0,nan,386.8999938964844,0.0,0.0,2631.5,nan,nan,nan,65536.0
2026-09-13T12:52:00.000+08:00,0.0,16.04144287109375,14.53515625,0.0,nan,387.0,0.0,0.0,2631.5,nan,nan,nan,65536.0
2026-09-13T12:53:00.000+08:00,0.0,16.07476043701172,14.548828125,0.0,nan,387.29998779296875,0.0,0.0,2631.5,nan,nan,nan,65536.0
2026-09-13T12:54:00.000+08:00,0.0,16.15398406982422,14.611083984375,0.0,nan,387.3999938964844,0.0,0.0,2631.5,nan,nan,nan,65536.0
2026-09-13T12:55:00.000+08:00,0.0,16.200599670410156,14.604248046875,0.0,nan,387.70001220703125,0.0,0.0,2631.5,nan,nan,nan,65536.0
2026-09-13T12:56:00.000+08:00,0.0,16.241104125976562,14.611328125,0.0,nan,387.5,0.0,0.0,2631.5,nan,nan,nan,65536.0
2026-09-13T12:57:00.000+08:00,0.0,16.212059020996094,14.64599609375,0.0,nan,387.5,0.0,0.0,2631.5,nan,nan,nan,65536.0
2026-09-13T12:58:00.000+08:00,0.0,16.143417358398438,14.6875,0.0,nan,387.29998779296875,0.0,0.0,2631.5,nan,nan,nan,65536.0
2026-09-13T12:59:00.000+08:00,0.0,16.329933166503906,14.7431640625,0.0,nan,387.20001220703125,0.0,0.0,2631.5,nan,nan,nan,65536.0
2026-09-13T13:00:00.000+08:00,0.0,16.362564086914062,14.7294921875,0.0,nan,387.3999938964844,0.0,0.0,2631.5,nan,nan,nan,65536.0
2026-09-13T13:01:00.000+08:00,0.0,16.285079956054688,14.75,0.0,nan,387.20001220703125,0.0,0.0,2631.5,nan,nan,nan,65536.0
2026-09-13T13:02:00.000+08:00,0.0,16.326499938964844,14.8056640625,0.0,nan,387.6000061035156,0.0,0.0,2631.5,nan,nan,nan,65536.0
2026-09-13T13:03:00.000+08:00,0.0,16.260276794433594,14.861083984375,0.0,nan,387.70001220703125,0.0,0.0,2631.5,nan,nan,nan,65536.0
2026-09-13T13:04:00.000+08:00,0.0,16.3245849609375,14.847412109375,0.0,nan,387.70001220703125,0.0,0.0,2631.5,nan,nan,nan,65536.0
2026-09-13T13:05:00.000+08:00,0.0,16.405593872070312,14.882080078125,0.0,nan,387.5,0.0,0.0,2631.5,nan,nan,nan,65536.0
2026-09-13T13:06:00.000+08:00,0.0,16.37804412841797,14.986328125,0.0,nan,387.20001220703125,0.0,0.0,2631.5,nan,nan,nan,65536.0
2026-09-13T13:07:00.000+08:00,0.0,16.498802185058594,14.882080078125,0.0,nan,386.70001220703125,0.0,0.0,2631.5,nan,nan,nan,65536.0
2026-09-13T13:08:00.000+08:00,0.0,16.437171936035156,14.986328125,0.0,nan,387.20001220703125,0.0,0.0,2631.5,nan,nan,nan,65536.0
2026-09-13T13:09:00.000+08:00,0.0,16.488388061523438,14.9375,0.0,nan,386.8999938964844,0.0,0.0,2631.5,nan,nan,nan,65536.0
2026-09-13T13:10:00.000+08:00,0.0,16.562965393066406,15.048583984375,0.0,nan,387.3999938964844,0.0,0.0,2631.5,nan,nan,nan,65536.0
2026-09-13T13:11:00.000+08:00,0.0,16.580650329589844,15.034912109375,0.0,nan,387.1000061035156,0.0,0.0,2631.5,nan,nan,nan,65536.0
2026-09-13T13:12:00.000+08:00,0.0,16.519027709960938,15.104248046875,0.0,nan,386.8999938964844,0.0,0.0,2631.5,nan,nan,nan,65536.0
2026-09-13T13:13:00.000+08:00,0.0,16.578659057617188,15.0625,0.0,nan,386.6000061035156,0.0,0.0,2631.5,nan,nan,nan,65536.0
2026-09-13T13:14:00.000+08:00,0.0,16.509109497070312,15.173828125,0.0,nan,386.8999938964844,0.0,0.0,2631.5,nan,nan,nan,65536.0
2026-09-13T13:15:00.000+08:00,0.0,16.558486938476562,15.1318359375,0.0,nan,387.29998779296875,0.0,0.0,2631.5,nan,nan,nan,65536.0
2026-09-13T13:16:00.000+08:00,0.0,16.502883911132812,15.201416015625,0.0,nan,387.5,0.0,0.0,2631.5,nan,nan,nan,65536.0
2026-09-13T13:17:00.000+08:00,0.0,16.62279510498047,15.159912109375,0.0,nan,387.20001220703125,0.0,0.0,2631.5,nan,nan,nan,65536.0
2026-09-13T13:18:00.000+08:00,0.0,16.704788208007812,15.194580078125,0.0,nan,387.0,0.0,0.0,2631.5,nan,nan,nan,65536.0
2026-09-13T13:19:00.000+08:00,0.0,16.734588623046875,15.236083984375,0.0,nan,387.1000061035156,0.0,0.0,2631.5,nan,nan,nan,65536.0
2026-09-13T13:20:00.000+08:00,0.0,16.67107391357422,15.298828125,0.0,nan,387.3999938964844,0.0,0.0,2631.5,nan,nan,nan,65536.0
2026-09-13T13:21:00.000+08:00,0.0,16.727455139160156,15.25,0.0,nan,387.29998779296875,0.0,0.0,2631.5,nan,nan,nan,65536.0
2026-09-13T13:22:00.000+08:00,0.0,16.744827270507812,15.2783203125,0.0,nan,387.0,0.0,0.0,2631.5,nan,nan,nan,65536.0
2026-09-13T13:23:00.000+08:00,0.0,16.716171264648438,15.3125,0.0,nan,386.3999938964844,0.0,0.0,2631.5,nan,nan,nan,65536.0
2026-09-13T13:24:00.000+08:00,0.0,16.641883850097656,15.41015625,0.0,nan,386.70001220703125,0.0,0.0,2631.5,nan,nan,nan,65536.0
2026-09-13T13:25:00.000+08:00,0.0,16.830276489257812,15.4169921875,0.0,nan,387.1000061035156,0.0,0.0,2631.5,nan,nan,nan,65536.0
2026-09-13T13:26:00.000+08:00,0.0,16.86957550048828,15.41015625,0.0,nan,387.29998779296875,0.0,0.0,2631.5,nan,nan,nan,65536.0
2026-09-13T13:27:00.000+08:00,0.0,16.771522521972656,15.47265625,0.0,nan,387.29998779296875,0.0,0.0,2631.5,nan,nan,nan,65536.0
2026-09-13T13:28:00.000+08:00,0.0,16.780250549316406,15.513916015625,0.0,nan,387.6000061035156,0.0,0.0,2631.5,nan,nan,nan,65536.0
2026-09-13T13:29:00.000+08:00,0.0,16.774246215820312,15.548828125,0.0,nan,387.79998779296875,0.0,0.0,2631.5,nan,nan,nan,65536.0
2026-09-13T13:30:00.000+08:00,0.0,16.83666229248047,15.53515625,0.0,nan,387.29998779296875,0.0,0.0,2631.5,nan,nan,nan,65536.0
2026-09-13T13:31:00.000+08:00,0.0,16.839561462402344,15.513916015625,0.0,nan,387.5,0.0,0.0,2631.5,nan,nan,nan,65536.0
2026-09-13T13:32:00.000+08:00,0.0,16.91997528076172,15.6181640625,0.0,nan,387.29998779296875,0.0,0.0,2631.5,nan,nan,nan,65536.0
2026-09-13T13:33:00.000+08:00,0.0,16.94951629638672,15.611328125,0.0,nan,386.6000061035156,0.0,0.0,2631.5,nan,nan,nan,65536.0
2026-09-13T13:34:00.000+08:00,0.0,16.996116638183594,15.659912109375,0.0,nan,386.70001220703125,0.0,0.0,2631.5,nan,nan,nan,65536.0
2026-09-13T13:35:00.000+08:00,0.0,16.878067016601562,15.625,0.0,nan,386.5,0.0,0.0,2631.5,nan,nan,nan,65536.0
2026-09-13T13:36:00.000+08:00,0.0,16.962127685546875,15.632080078125,0.0,nan,386.70001220703125,0.0,0.0,2631.5,nan,nan,nan,65536.0
2026-09-13T13:37:00.000+08:00,0.0,16.884872436523438,15.729248046875,0.0,nan,386.70001220703125,0.0,0.0,2631.5,nan,nan,nan,65536.0
2026-09-13T13:38:00.000+08:00,0.0,16.914443969726562,15.70849609375,0.0,nan,386.5,0.0,0.0,2631.5,nan,nan,nan,65536.0
2026-09-13T13:39:00.000+08:00,0.0,17.11579132080078,15.6875,0.0,nan,386.20001220703125,0.0,0.0,2631.5,nan,nan,nan,65536.0
2026-09-13T13:40:00.000+08:00,0.0,17.061126708984375,15.763916015625,0.0,nan,387.0,0.0,0.0,2631.5,nan,nan,nan,65536.0
2026-09-13T13:41:00.000+08:00,0.0,17.069984436035156,15.798828125,0.0,nan,386.8999938964844,0.0,0.0,2631.5,nan,nan,nan,65536.0
2026-09-13T13:42:00.000+08:00,0.0,nan,nan,0.0,nan,nan,nan,nan,nan,nan,nan,nan,nan
2026-09-13T13:43:00.000+08:00,0.0,17.0892333984375,15.8232421875,0.0,nan,387.90000915527344,0.0,0.0,2631.5,nan,nan,nan,65536.0
2026-09-13T13:44:00.000+08:00,0.0,17.068824768066406,15.8408203125,0.0,nan,387.8999938964844,0.0,0.0,2631.5,nan,nan,nan,65536.0
2026-09-13T13:45:00.000+08:00,0.0,17.12029266357422,15.8408203125,0.0,nan,387.6000061035156,0.0,0.0,2631.5,nan,nan,nan,65536.0
2026-09-13T13:46:00.000+08:00,0.0,17.18866729736328,15.88916015625,0.0,nan,387.3999938964844,0.0,0.0,2631.5,nan,nan,nan,65536.0
2026-09-13T13:47:00.000+08:00,0.0,17.238174438476562,15.895751953125,0.0,nan,387.79998779296875,0.0,0.0,2631.5,nan,nan,nan,65536.0
2026-09-13T13:48:00.000+08:00,0.0,17.1309814453125,15.9658203125,0.0,nan,387.79998779296875,0.0,0.0,2631.5,nan,nan,nan,65536.0
2026-09-13T13:49:00.000+08:00,0.0,17.18645477294922,15.958251953125,0.0,nan,388.0,0.0,0.0,2631.5,nan,nan,nan,65536.0
2026-09-13T13:50:00.000+08:00,0.0,17.13433837890625,16.0283203125,0.0,nan,388.0,0.0,0.0,2631.5,nan,nan,nan,65536.0
2026-09-13T13:51:00.000+08:00,0.0,17.15265655517578,16.09765625,0.0,nan,387.8999938964844,0.0,0.0,2631.5,nan,nan,nan,65536.0
2026-09-13T13:52:00.000+08:00,0.0,17.17890167236328,16.083984375,0.0,nan,388.20001220703125,0.0,0.0,2631.5,nan,nan,nan,65536.0
2026-09-13T13:53:00.000+08:00,0.0,17.199710845947266,16.09765625,0.0,nan,388.0,0.0,0.0,2631.5,nan,nan,nan,65536.0
2026-09-13T13:54:00.000+08:00,0.0,17.343029022216797,16.09765625,0.0,nan,387.8999938964844,0.0,0.0,2631.5,nan,nan,nan,65536.0
2026-09-13T13:55:00.000+08:00,0.0,17.369274139404297,16.09765625,0.0,nan,387.8999938964844,0.0,0.0,2631.5,nan,nan,nan,65536.0
2026-09-13T13:56:00.000+08:00,0.0,17.254669189453125,16.1669921875,0.0,nan,387.5,0.0,0.0,2631.5,nan,nan,nan,65536.0
2026-09-13T13:57:00.000+08:00,0.0,17.27448272705078,16.22265625,0.0,nan,387.8999938964844,0.0,0.0,2631.5,nan,nan,nan,65536.0
2026-09-13T13:58:00.000+08:00,0.0,17.313587188720703,16.236328125,0.0,nan,387.5,0.0,0.0,2631.5,nan,nan,nan,65536.0
2026-09-13T13:59:00.000+08:00,0.0,17.32944107055664,16.22265625,0.0,nan,387.70001220703125,0.0,0.0,2631.5,nan,nan,nan,65536.0
2026-09-13T14:00:00.000+08:00,0.0,17.34679412841797,16.236328125,0.0,nan,388.20001220703125,0.0,0.0,2631.5,nan,nan,nan,65536.0
2026-09-13T14:01:00.000+08:00,0.0,17.258453369140625,16.3203125,0.0,nan,388.0,0.0,0.0,2631.5,nan,nan,nan,65536.0
2026-09-13T14:02:00.000+08:00,0.0,17.41067886352539,16.333984375,0.0,nan,387.70001220703125,0.0,0.0,2631.5,nan,nan,nan,65536.0
2026-09-13T14:03:00.000+08:00,0.0,17.42452621459961,16.2919921875,0.0,nan,387.8999938964844,0.0,0.0,2631.5,nan,nan,nan,65536.0
2026-09-13T14:04:00.000+08:00,0.0,17.449298858642578,16.34765625,0.0,nan,388.0,0.0,0.0,2631.5,nan,nan,nan,65536.0
2026-09-13T14:05:00.000+08:00,0.0,17.467601776123047,16.25,0.0,nan,387.3999938964844,0.0,0.0,2631.5,nan,nan,nan,65536.0
2026-09-13T14:06:00.000+08:00,0.0,17.487899780273438,16.333984375,0.0,nan,387.3999938964844,0.0,0.0,2631.5,nan,nan,nan,65536.0
2026-09-13T14:07:00.000+08:00,0.0,17.388103485107422,16.44482421875,0.0,nan,387.5,0.0,0.0,2631.5,nan,nan,nan,65536.0
2026-09-13T14:08:00.000+08:00,0.0,17.417858123779297,16.40283203125,0.0,nan,387.5,0.0,0.0,2631.5,nan,nan,nan,65536.0
2026-09-13T14:09:00.000+08:00,0.0,17.41989517211914,16.458984375,0.0,nan,387.0,0.0,0.0,2631.5,nan,nan,nan,65536.0
2026-09-13T14:10:00.000+08:00,0.0,17.572124481201172,16.47265625,0.0,nan,387.5,0.0,0.0,2631.5,nan,nan,nan,65536.0
2026-09-13T14:11:00.000+08:00,0.0,17.596282958984375,16.431640625,0.0,nan,387.3999938964844,0.0,0.0,2631.5,nan,nan,nan,65536.0
2026-09-13T14:12:00.000+08:00,0.0,17.607269287109375,16.40283203125,0.0,nan,387.6000061035156,0.0,0.0,2631.5,nan,nan,nan,65536.0
2026-09-13T14:13:00.000+08:00,0.0,17.50054931640625,16.58349609375,0.0,nan,387.79998779296875,0.0,0.0,2631.5,nan,nan,nan,65536.0
2026-09-13T14:14:00.000+08:00,0.0,17.529281616210938,16.611328125,0.0,nan,388.20001220703125,0.0,0.0,2631.5,nan,nan,nan,65536.0
2026-09-13T14:15:00.000+08:00,0.0,17.550647735595703,16.5703125,0.0,nan,387.8999938964844,0.0,0.0,2631.5,nan,nan,nan,65536.0
2026-09-13T14:16:00.000+08:00,0.0,17.568904876708984,16.611328125,0.0,nan,387.6000061035156,0.0,0.0,2631.5,nan,nan,nan,65536.0
2026-09-13T14:17:00.000+08:00,0.0,17.595108032226562,16.611328125,0.0,nan,387.8999938964844,0.0,0.0,2631.5,nan,nan,nan,65536.0
2026-09-13T14:18:00.000+08:00,0.0,17.727149963378906,16.56982421875,0.0,nan,387.70001220703125,0.0,0.0,2631.5,nan,nan,nan,65536.0
2026-09-13T14:19:00.000+08:00,0.0,17.737483978271484,16.583984375,0.0,nan,388.5,0.0,0.0,2631.5,nan,nan,nan,65536.0
2026-09-13T14:20:00.000+08:00,0.0,17.647632598876953,16.6953125,0.0,nan,388.5,0.0,0.0,2631.5,nan,nan,nan,65536.0
2026-09-13T14:21:00.000+08:00,0.0,17.671916961669922,16.736328125,0.0,nan,388.6000061035156,0.0,0.0,2631.5,nan,nan,nan,65536.0
2026-09-13T14:22:00.000+08:00,0.0,17.684314727783203,16.736328125,0.0,nan,388.79998779296875,0.0,0.0,2631.5,nan,nan,nan,65536.0
2026-09-13T14:23:00.000+08:00,0.0,17.695167541503906,16.625,0.0,nan,388.70001220703125,0.0,0.0,2631.5,nan,nan,nan,65536.0
2026-09-13T14:24:00.000+08:00,0.0,17.725502014160156,16.72216796875,0.0,nan,388.3999938964844,0.0,0.0,2631.5,nan,nan,nan,65536.0
2026-09-13T14:25:00.000+08:00,0.0,17.64046859741211,16.75,0.0,nan,388.8999938964844,0.0,0.0,2631.5,nan,nan,nan,65536.0
2026-09-13T14:26:00.000+08:00,0.0,17.638233184814453,16.861328125,0.0,nan,388.3999938964844,0.0,0.0,2631.5,nan,nan,nan,65536.0
2026-09-13T14:27:00.000+08:00,0.0,17.800613403320312,16.84765625,0.0,nan,388.70001220703125,0.0,0.0,2631.5,nan,nan,nan,65536.0
2026-09-13T14:28:00.000+08:00,0.0,17.797687530517578,16.833984375,0.0,nan,388.79998779296875,0.0,0.0,2631.5,nan,nan,nan,65536.0
2026-09-13T14:29:00.000+08:00,0.0,17.810089111328125,16.861328125,0.0,nan,388.6000061035156,0.0,0.0,2631.5,nan,nan,nan,65536.0
2026-09-13T14:30:00.000+08:00,0.0,17.846290588378906,16.7783203125,0.0,nan,388.8999938964844,0.0,0.0,2631.5,nan,nan,nan,65536.0
2026-09-13T14:31:00.000+08:00,0.0,17.755611419677734,16.986328125,0.0,nan,388.79998779296875,0.0,0.0,2631.5,nan,nan,nan,65536.0
2026-09-13T14:32:00.000+08:00,0.0,17.76300811767578,16.97265625,0.0,nan,389.0,0.0,0.0,2631.5,nan,nan,nan,65536.0
2026-09-13T14:33:00.000+08:00,0.0,17.791576385498047,16.9453125,0.0,nan,389.20001220703125,0.0,0.0,2631.5,nan,nan,nan,65536.0
2026-09-13T14:34:00.000+08:00,0.0,17.794185638427734,16.90283203125,0.0,nan,388.79998779296875,0.0,0.0,2631.5,nan,nan,nan,65536.0
2026-09-13T14:35:00.000+08:00,0.0,17.94036102294922,16.90283203125,0.0,nan,388.6000061035156,0.0,0.0,2631.5,nan,nan,nan,65536.0
2026-09-13T14:36:00.000+08:00,0.0,17.972064971923828,16.88916015625,0.0,nan,389.20001220703125,0.0,0.0,2631.5,nan,nan,nan,65536.0
2026-09-13T14:37:00.000+08:00,0.0,17.982364654541016,16.9306640625,0.0,nan,389.0,0.0,0.0,2631.5,nan,nan,nan,65536.0
2026-09-13T14:38:00.000+08:00,0.0,17.996356964111328,16.931640625,0.0,nan,388.6000061035156,0.0,0.0,2631.5,nan,nan,nan,65536.0
2026-09-13T14:39:00.000+08:00,0.0,17.895668029785156,17.0,0.0,nan,387.8999938964844,0.0,0.0,2631.5,nan,nan,nan,65536.0
2026-09-13T14:40:00.000+08:00,0.0,17.911521911621094,17.09765625,0.0,nan,387.79998779296875,0.0,0.0,2631.5,nan,nan,nan,65536.0
2026-09-13T14:41:00.000+08:00,0.0,nan,nan,0.0,nan,nan,nan,nan,nan,nan,nan,nan,nan
2026-09-13T14:42:00.000+08:00,0.0,17.934104919433594,17.09033203125,0.0,nan,388.25,0.0,0.0,2631.5,nan,nan,nan,65536.0
2026-09-13T14:43:00.000+08:00,0.0,18.080101013183594,17.0703125,0.0,nan,388.0,0.0,0.0,2631.5,nan,nan,nan,65536.0
2026-09-13T14:44:00.000+08:00,0.0,18.003192901611328,17.181640625,0.0,nan,388.29998779296875,0.0,0.0,2631.5,nan,nan,nan,65536.0
2026-09-13T14:45:00.000+08:00,0.0,18.018516540527344,17.13916015625,0.0,nan,387.8999938964844,0.0,0.0,2631.5,nan,nan,nan,65536.0
2026-09-13T14:46:00.000+08:00,0.0,18.024066925048828,17.13916015625,0.0,nan,387.8999938964844,0.0,0.0,2631.5,nan,nan,nan,65536.0
2026-09-13T14:47:00.000+08:00,0.0,18.018516540527344,17.125,0.0,nan,387.8999938964844,0.0,0.0,2631.5,nan,nan,nan,65536.0
2026-09-13T14:48:00.000+08:00,0.0,18.07849884033203,17.20849609375,0.0,nan,388.5,0.0,0.0,2631.5,nan,nan,nan,65536.0
2026-09-13T14:49:00.000+08:00,0.0,18.090389251708984,17.125,0.0,nan,388.6000061035156,0.0,0.0,2631.5,nan,nan,nan,65536.0
2026-09-13T14:50:00.000+08:00,0.0,18.076908111572266,17.1953125,0.0,nan,388.3999938964844,0.0,0.0,2631.5,nan,nan,nan,65536.0
2026-09-13T14:51:00.000+08:00,0.0,18.012405395507812,17.306640625,0.0,nan,388.29998779296875,0.0,0.0,2631.5,nan,nan,nan,65536.0
2026-09-13T14:52:00.000+08:00,0.0,18.24709701538086,17.27783203125,0.0,nan,388.5,0.0,0.0,2631.5,nan,nan,nan,65536.0
2026-09-13T14:53:00.000+08:00,0.0,18.16622543334961,17.333984375,0.0,nan,388.29998779296875,0.0,0.0,2631.5,nan,nan,nan,65536.0
2026-09-13T14:54:00.000+08:00,0.0,18.183902740478516,17.306640625,0.0,nan,388.5,0.0,0.0,2631.5,nan,nan,nan,65536.0
2026-09-13T14:55:00.000+08:00,0.0,18.170188903808594,17.306640625,0.0,nan,388.29998779296875,0.0,0.0,2631.5,nan,nan,nan,65536.0
2026-09-13T14:56:00.000+08:00,0.0,18.192890167236328,17.31982421875,0.0,nan,388.0,0.0,0.0,2631.5,nan,nan,nan,65536.0
2026-09-13T14:57:00.000+08:00,0.0,18.228031158447266,17.25,0.0,nan,388.3999938964844,0.0,0.0,2631.5,nan,nan,nan,65536.0
2026-09-13T14:58:00.000+08:00,0.0,18.24890899658203,17.486328125,0.0,nan,388.29998779296875,0.0,0.0,2631.5,nan,nan,nan,65536.0
2026-09-13T14:59:00.000+08:00,0.0,18.128421783447266,17.4169921875,0.0,nan,387.8999938964844,0.0,0.0,2631.5,nan,nan,nan,65536.0
2026-09-13T15:00:00.000+08:00,0.0,18.270336151123047,17.47216796875,0.0,nan,387.8999938964844,0.0,0.0,2631.5,nan,nan,nan,65536.0
2026-09-13T15:01:00.000+08:00,0.0,18.299358367919922,17.4169921875,0.0,nan,387.8999938964844,0.0,0.0,2631.5,nan,nan,nan,65536.0
2026-09-13T15:02:00.000+08:00,0.0,18.31052017211914,17.486328125,0.0,nan,388.0,0.0,0.0,2631.5,nan,nan,nan,65536.0
2026-09-13T15:03:00.000+08:00,0.0,18.345844268798828,17.458984375,0.0,nan,388.0,0.0,0.0,2631.5,nan,nan,nan,65536.0
2026-09-13T15:04:00.000+08:00,0.0,18.35088348388672,17.458984375,0.0,nan,388.6000061035156,0.0,0.0,2631.5,nan,nan,nan,65536.0
2026-09-13T15:05:00.000+08:00,0.0,18.35376739501953,17.375,0.0,nan,388.79998779296875,0.0,0.0,2631.5,nan,nan,nan,65536.0
2026-09-13T15:06:00.000+08:00,0.0,18.25362777709961,17.556640625,0.0,nan,388.79998779296875,0.0,0.0,2631.5,nan,nan,nan,65536.0
2026-09-13T15:07:00.000+08:00,0.0,18.278488159179688,17.56982421875,0.0,nan,388.79998779296875,0.0,0.0,2631.5,nan,nan,nan,65536.0
2026-09-13T15:08:00.000+08:00,0.0,18.407981872558594,17.56982421875,0.0,nan,388.5,0.0,0.0,2631.5,nan,nan,nan,65536.0
2026-09-13T15:09:00.000+08:00,0.0,18.44023895263672,17.583984375,0.0,nan,388.70001220703125,0.0,0.0,2631.5,nan,nan,nan,65536.0
2026-09-13T15:10:00.000+08:00,0.0,18.4317626953125,17.5,0.0,nan,387.70001220703125,0.0,0.0,2631.5,nan,nan,nan,65536.0
2026-09-13T15:11:00.000+08:00,0.0,18.453365325927734,17.556640625,0.0,nan,388.0,0.0,0.0,2631.5,nan,nan,nan,65536.0
2026-09-13T15:12:00.000+08:00,0.0,18.48670196533203,17.5419921875,0.0,nan,387.79998779296875,0.0,0.0,2631.5,nan,nan,nan,65536.0
2026-09-13T15:13:00.000+08:00,0.0,18.380970001220703,17.708984375,0.0,nan,388.0,0.0,0.0,2631.5,nan,nan,nan,65536.0
2026-09-13T15:14:00.000+08:00,0.0,18.404224395751953,17.6806640625,0.0,nan,387.8999938964844,0.0,0.0,2631.5,nan,nan,nan,65536.0
2026-09-13T15:15:00.000+08:00,0.0,18.41556167602539,17.708984375,0.0,nan,388.1000061035156,0.0,0.0,2631.5,nan,nan,nan,65536.0
2026-09-13T15:16:00.000+08:00,0.0,18.430866241455078,17.708984375,0.0,nan,388.3999938964844,0.0,0.0,2631.5,nan,nan,nan,65536.0
2026-09-13T15:17:00.000+08:00,0.0,18.561458587646484,17.6533203125,0.0,nan,388.70001220703125,0.0,0.0,2631.5,nan,nan,nan,65536.0
2026-09-13T15:18:00.000+08:00,0.0,18.59151840209961,17.69482421875,0.0,nan,388.1000061035156,0.0,0.0,2631.5,nan,nan,nan,65536.0
2026-09-13T15:19:00.000+08:00,0.0,18.617496490478516,17.736328125,0.0,nan,388.3999938964844,0.0,0.0,2631.5,nan,nan,nan,65536.0
2026-09-13T15:20:00.000+08:00,0.0,18.622562408447266,17.736328125,0.0,nan,387.8999938964844,0.0,0.0,2631.5,nan,nan,nan,65536.0
2026-09-13T15:21:00.000+08:00,0.0,18.507801055908203,17.861328125,0.0,nan,388.6000061035156,0.0,0.0,2631.5,nan,nan,nan,65536.0
2026-09-13T15:22:00.000+08:00,0.0,18.541160583496094,17.806640625,0.0,nan,388.29998779296875,0.0,0.0,2631.5,nan,nan,nan,65536.0
2026-09-13T15:23:00.000+08:00,0.06780339777469635,18.551403045654297,17.84716796875,0.0012253595050424337,0.0,388.20001220703125,0.0,0.0,2631.5,nan,nan,nan,65536.0
2026-09-13T15:24:00.000+08:00,0.0,18.550735473632812,17.75,0.0,nan,388.29998779296875,0.0,0.0,2631.5,nan,nan,nan,65536.0
2026-09-13T15:25:00.000+08:00,0.0,18.590469360351562,17.84716796875,0.0,nan,388.3999938964844,0.0,0.0,2631.5,nan,nan,nan,65536.0
2026-09-13T15:26:00.000+08:00,0.0,18.733638763427734,17.76416015625,0.0,nan,388.5,0.0,0.0,2631.5,nan,nan,nan,65536.0
2026-09-13T15:27:00.000+08:00,0.0,18.74321746826172,17.833984375,0.0,nan,388.29998779296875,0.0,0.0,2631.5,nan,nan,nan,65536.0
2026-09-13T15:28:00.000+08:00,0.0,18.63177490234375,17.9453125,0.0,nan,388.29998779296875,0.0,0.0,2631.5,nan,nan,nan,65536.0
2026-09-13T15:29:00.000+08:00,0.0,18.658397674560547,17.888671875,0.0,nan,388.3999938964844,0.0,0.0,2631.5,nan,nan,nan,65536.0
2026-09-13T15:30:00.000+08:00,0.0,18.653236389160156,17.97265625,0.0,nan,388.79998779296875,0.0,0.0,2631.5,nan,nan,nan,65536.0
2026-09-13T15:31:00.000+08:00,0.0,18.69803237915039,17.94482421875,0.0,nan,388.3999938964844,0.0,0.0,2631.5,nan,nan,nan,65536.0
2026-09-13T15:32:00.000+08:00,0.0,18.687240600585938,17.88916015625,0.0,nan,388.0,0.0,0.0,2631.5,nan,nan,nan,65536.0
2026-09-13T15:33:00.000+08:00,0.0,18.7127685546875,17.9453125,0.0,nan,387.8999938964844,0.0,0.0,2631.5,nan,nan,nan,65536.0
2026-09-13T15:34:00.000+08:00,0.0,18.713890075683594,17.958984375,0.0,nan,388.0,0.0,0.0,2631.5,nan,nan,nan,65536.0
2026-09-13T15:35:00.000+08:00,0.0,18.87061309814453,17.931640625,0.0,nan,387.70001220703125,0.0,0.0,2631.5,nan,nan,nan,65536.0
2026-09-13T15:36:00.000+08:00,0.0,18.755817413330078,18.0,0.0,nan,387.79998779296875,0.0,0.0,2631.5,nan,nan,nan,65536.0
2026-09-13T15:37:00.000+08:00,0.0,18.771617889404297,18.0,0.0,nan,387.79998779296875,0.0,0.0,2631.5,nan,nan,nan,65536.0
2026-09-13T15:38:00.000+08:00,0.0,18.794347763061523,18.09716796875,0.0,nan,387.20001220703125,0.0,0.0,2631.5,nan,nan,nan,65536.0
2026-09-13T15:39:00.000+08:00,0.0,18.796585083007812,18.083984375,0.0,nan,387.5,nan,nan,nan,nan,nan,nan,nan
2026-09-13T15:40:00.000+08:00,0.0,nan,nan,0.0,nan,nan,0.0,0.0,2631.5,nan,nan,nan,65536.0
2026-09-13T15:41:00.000+08:00,0.0,18.86112403869629,18.090576171875,0.0,nan,387.8000030517578,0.0,0.0,2631.5,nan,nan,nan,65536.0
2026-09-13T15:42:00.000+08:00,0.0,18.84979820251465,18.083984375,0.0,nan,388.29998779296875,0.0,0.0,2631.5,nan,nan,nan,65536.0
2026-09-13T15:43:00.000+08:00,0.0,18.76048469543457,18.15283203125,0.0,nan,388.3999938964844,0.0,0.0,2631.5,nan,nan,nan,65536.0
2026-09-13T15:44:00.000+08:00,0.0,18.7622127532959,18.125,0.0,nan,388.3999938964844,0.0,0.0,2631.5,nan,nan,nan,65536.0
2026-09-13T15:45:00.000+08:00,0.0,18.910432815551758,18.1806640625,0.0,nan,388.29998779296875,0.0,0.0,2631.5,nan,nan,nan,65536.0
2026-09-13T15:46:00.000+08:00,0.0,18.92059898376465,18.236328125,0.0,nan,388.5,0.0,0.0,2631.5,nan,nan,nan,65536.0
2026-09-13T15:47:00.000+08:00,0.0,18.95571517944336,18.13916015625,0.0,nan,387.8999938964844,0.0,0.0,2631.5,nan,nan,nan,65536.0
2026-09-13T15:48:00.000+08:00,0.0,18.94611930847168,18.1953125,0.0,nan,387.8999938964844,0.0,0.0,2631.5,nan,nan,nan,65536.0
2026-09-13T15:49:00.000+08:00,0.0,18.96706199645996,18.19482421875,0.0,nan,388.0,0.0,0.0,2631.5,nan,nan,nan,65536.0
2026-09-13T15:50:00.000+08:00,0.0,18.977230072021484,18.236328125,0.0,nan,387.8999938964844,0.0,0.0,2631.5,nan,nan,nan,65536.0
2026-09-13T15:51:00.000+08:00,0.0,18.890762329101562,18.2919921875,0.0,nan,388.79998779296875,0.0,0.0,2631.5,nan,nan,nan,65536.0
2026-09-13T15:52:00.000+08:00,0.0,18.87998390197754,18.33349609375,0.0,nan,388.79998779296875,0.0,0.0,2631.5,nan,nan,nan,65536.0
2026-09-13T15:53:00.000+08:00,0.0,18.913984298706055,18.34716796875,0.0,nan,389.0,0.0,0.0,2631.5,nan,nan,nan,65536.0
2026-09-13T15:54:00.000+08:00,0.0,19.0537052154541,18.3203125,0.0,nan,388.79998779296875,0.0,0.0,2631.5,nan,nan,nan,65536.0
2026-09-13T15:55:00.000+08:00,0.0,19.101285934448242,18.25,0.0,nan,388.1000061035156,0.0,0.0,2631.5,nan,nan,nan,65536.0
2026-09-13T15:56:00.000+08:00,0.0,19.108078002929688,18.3203125,0.0,nan,388.5,0.0,0.0,2631.5,nan,nan,nan,65536.0
2026-09-13T15:57:00.000+08:00,0.0,19.104110717773438,18.25,0.0,nan,388.5,0.0,0.0,2631.5,nan,nan,nan,65536.0
2026-09-13T15:58:00.000+08:00,0.0,19.106937408447266,18.34716796875,0.0,nan,388.6000061035156,0.0,0.0,2631.5,nan,nan,nan,65536.0
2026-09-13T15:59:00.000+08:00,0.0,19.008573532104492,18.47265625,0.0,nan,388.6000061035156,0.0,0.0,2631.5,nan,nan,nan,65536.0
2026-09-13T16:00:00.000+08:00,0.0,19.0181941986084,18.486328125,0.0,nan,388.6000061035156,0.0,0.0,2631.5,nan,nan,nan,65536.0
2026-09-13T16:01:00.000+08:00,0.0,19.041412353515625,18.4453125,0.0,nan,388.79998779296875,0.0,0.0,2631.5,nan,nan,nan,65536.0
2026-09-13T16:02:00.000+08:00,0.0,19.037446975708008,18.375,0.0,nan,388.70001220703125,0.0,0.0,2631.5,nan,nan,nan,65536.0
2026-09-13T16:03:00.000+08:00,0.0,19.060100555419922,18.47265625,0.0,nan,388.3999938964844,0.0,0.0,2631.5,nan,nan,nan,65536.0
2026-09-13T16:04:00.000+08:00,0.0,19.051050186157227,18.45849609375,0.0,nan,388.79998779296875,0.0,0.0,2631.5,nan,nan,nan,65536.0
2026-09-13T16:05:00.000+08:00,0.0,19.201528549194336,18.45849609375,0.0,nan,388.5,0.0,0.0,2631.5,nan,nan,nan,65536.0
2026-09-13T16:06:00.000+08:00,0.0,19.22532081604004,18.4453125,0.0,nan,388.70001220703125,0.0,0.0,2631.5,nan,nan,nan,65536.0
2026-09-13T16:07:00.000+08:00,0.0,19.240650177001953,18.375,0.0,nan,388.70001220703125,0.0,0.0,2631.5,nan,nan,nan,65536.0
2026-09-13T16:08:00.000+08:00,0.0,19.16146469116211,18.54150390625,0.0,nan,388.8999938964844,0.0,0.0,2631.5,nan,nan,nan,65536.0
2026-09-13T16:09:00.000+08:00,0.21925611793994904,19.139968872070312,18.59765625,0.0022404990158975124,0.0,388.8999938964844,0.0,0.0,2631.5,nan,nan,nan,65536.0
2026-09-13T16:10:00.000+08:00,0.0,19.16317367553711,18.5,0.0,nan,388.5,0.0,0.0,2631.5,nan,nan,nan,65536.0
2026-09-13T16:11:00.000+08:00,0.0,19.184724807739258,18.583984375,0.0,nan,388.3999938964844,0.0,0.0,2631.5,nan,nan,nan,65536.0
2026-09-13T16:12:00.000+08:00,0.0,19.202253341674805,18.5703125,0.0,nan,388.29998779296875,0.0,0.0,2631.5,nan,nan,nan,65536.0
2026-09-13T16:13:00.000+08:00,0.0,19.200016021728516,18.5703125,0.0,nan,389.20001220703125,0.0,0.0,2631.5,nan,nan,nan,65536.0
2026-09-13T16:14:00.000+08:00,0.0,19.20735740661621,18.56982421875,0.0,nan,389.29998779296875,0.0,0.0,2631.5,nan,nan,nan,65536.0
2026-09-13T16:15:00.000+08:00,0.0,19.355579376220703,18.54150390625,0.0,nan,389.29998779296875,0.0,0.0,2631.5,nan,nan,nan,65536.0
2026-09-13T16:16:00.000+08:00,0.0,19.255449295043945,18.708984375,0.0,nan,389.3999938964844,0.0,0.0,2631.5,nan,nan,nan,65536.0
2026-09-13T16:17:00.000+08:00,0.0,19.262298583984375,18.736328125,0.0,nan,389.3999938964844,0.0,0.0,2631.5,nan,nan,nan,65536.0
2026-09-13T16:18:00.000+08:00,0.0,19.286657333374023,18.681640625,0.0,nan,389.20001220703125,0.0,0.0,2631.5,nan,nan,nan,65536.0
2026-09-13T16:19:00.000+08:00,0.0,19.313823699951172,18.625,0.0,nan,389.20001220703125,0.0,0.0,2631.5,nan,nan,nan,65536.0
2026-09-13T16:20:00.000+08:00,0.0,19.297964096069336,18.72265625,0.0,nan,389.20001220703125,0.0,0.0,2631.5,nan,nan,nan,65536.0
2026-09-13T16:21:00.000+08:00,0.0,19.33473014831543,18.69482421875,0.0,nan,389.20001220703125,0.0,0.0,2631.5,nan,nan,nan,65536.0
2026-09-13T16:22:00.000+08:00,0.0,19.348350524902344,18.681640625,0.0,nan,389.20001220703125,0.0,0.0,2631.5,nan,nan,nan,65536.0
2026-09-13T16:23:00.000+08:00,0.0,19.369333267211914,18.625,0.0,nan,389.1000061035156,0.0,0.0,2631.5,nan,nan,nan,65536.0
2026-09-13T16:24:00.000+08:00,0.0,19.472291946411133,18.66650390625,0.0,nan,389.20001220703125,0.0,0.0,2631.5,nan,nan,nan,65536.0
2026-09-13T16:25:00.000+08:00,0.07869219779968262,19.397090911865234,18.83349609375,0.0010285014286637306,0.0,389.29998779296875,0.0,0.0,2631.5,nan,nan,nan,65536.0
2026-09-13T16:26:00.000+08:00,0.0,19.393123626708984,18.81982421875,0.0,nan,388.79998779296875,0.0,0.0,2631.5,nan,nan,nan,65536.0
2026-09-13T16:27:00.000+08:00,0.0,19.40046501159668,18.83349609375,0.0,nan,388.79998779296875,0.0,0.0,2631.5,nan,nan,nan,65536.0
2026-09-13T16:28:00.000+08:00,0.0,19.416913986206055,18.861328125,0.0,nan,388.8999938964844,0.0,0.0,2631.5,nan,nan,nan,65536.0
2026-09-13T16:29:00.000+08:00,0.0,19.448047637939453,18.75,0.0,nan,389.1000061035156,0.0,0.0,2631.5,nan,nan,nan,65536.0
2026-09-13T16:30:00.000+08:00,0.0,19.45026397705078,18.806640625,0.0,nan,388.8999938964844,0.0,0.0,2631.5,nan,nan,nan,65536.0
2026-09-13T16:31:00.000+08:00,0.0,19.449792861938477,18.861328125,0.0,nan,388.5,0.0,0.0,2631.5,nan,nan,nan,65536.0
2026-09-13T16:32:00.000+08:00,0.0,19.465654373168945,18.84765625,0.0,nan,388.3999938964844,0.0,0.0,2631.5,nan,nan,nan,65536.0
2026-09-13T16:33:00.000+08:00,0.0,19.393356323242188,18.88916015625,0.0,nan,388.0,0.0,0.0,2631.5,nan,nan,nan,65536.0
2026-09-13T16:34:00.000+08:00,0.0,19.49397850036621,18.76416015625,0.0,nan,387.8999938964844,0.0,0.0,2631.5,nan,nan,nan,65536.0
2026-09-13T16:35:00.000+08:00,0.0,19.494449615478516,18.75,0.0,nan,388.1000061035156,0.0,0.0,2631.5,nan,nan,nan,65536.0
2026-09-13T16:36:00.000+08:00,0.0,19.546566009521484,18.931640625,0.0,nan,388.1000061035156,0.0,0.0,2631.5,nan,nan,nan,65536.0
2026-09-13T16:37:00.000+08:00,0.0,19.54715347290039,18.986328125,0.0,nan,388.0,0.0,0.0,2631.5,nan,nan,nan,65536.0
2026-09-13T16:38:00.000+08:00,0.0,19.554494857788086,18.90283203125,0.0,nan,387.5,nan,nan,nan,nan,nan,nan,nan
2026-09-13T16:39:00.000+08:00,0.0,nan,nan,0.0,nan,nan,0.0,0.0,2631.5,nan,nan,nan,65536.0
2026-09-13T16:40:00.000+08:00,0.0,19.57857036590576,18.930908203125,0.0,nan,387.75,0.0,0.0,2631.5,nan,nan,nan,65536.0
2026-09-13T16:41:00.000+08:00,0.627028226852417,19.59693145751953,18.9169921875,0.00844629481434822,0.0,387.3999938964844,0.0,0.0,2631.5,nan,nan,nan,65536.0
2026-09-13T16:42:00.000+08:00,0.0,19.59192657470703,18.97265625,0.0,nan,387.20001220703125,0.0,0.0,2631.5,nan,nan,nan,65536.0
2026-09-13T16:43:00.000+08:00,0.4608848989009857,19.61000633239746,18.95849609375,0.005471054930239916,0.0,387.70001220703125,0.0,0.0,2631.5,nan,nan,nan,65536.0
2026-09-13T16:44:00.000+08:00,0.0,19.52962303161621,19.0703125,0.0,nan,387.70001220703125,0.0,0.0,2631.5,nan,nan,nan,65536.0
2026-09-13T16:45:00.000+08:00,0.0,19.541086196899414,19.09765625,0.0,nan,387.8999938964844,0.0,0.0,2631.5,nan,nan,nan,65536.0
2026-09-13T16:46:00.000+08:00,0.0,19.529190063476562,19.083984375,0.0,nan,387.79998779296875,0.0,0.0,2631.5,nan,nan,nan,65536.0
2026-09-13T16:47:00.000+08:00,0.0,19.662708282470703,19.09765625,0.0,nan,387.70001220703125,0.0,0.0,2631.5,nan,nan,nan,65536.0
2026-09-13T16:48:00.000+08:00,0.0,19.702360153198242,19.056640625,0.0,nan,387.79998779296875,0.0,0.0,2631.5,nan,nan,nan,65536.0
2026-09-13T16:49:00.000+08:00,0.0,19.68708610534668,19.01416015625,0.0,nan,387.8999938964844,0.0,0.0,2631.5,nan,nan,nan,65536.0
2026-09-13T16:50:00.000+08:00,0.0,19.73625946044922,19.08349609375,0.0,nan,387.70001220703125,0.0,0.0,2631.5,nan,nan,nan,65536.0
2026-09-13T16:51:00.000+08:00,0.0,19.631671905517578,19.236328125,0.0,nan,388.29998779296875,0.0,0.0,2631.5,nan,nan,nan,65536.0
2026-09-13T16:52:00.000+08:00,0.0,19.746976852416992,19.0,0.0,nan,388.5,0.0,0.0,2631.5,nan,nan,nan,65536.0
2026-09-13T16:53:00.000+08:00,0.0,19.746562957763672,19.09716796875,0.0,nan,388.70001220703125,0.0,0.0,2631.5,nan,nan,nan,65536.0
2026-09-13T16:54:00.000+08:00,0.0,19.644746780395508,19.1953125,0.0,nan,388.5,0.0,0.0,2631.5,nan,nan,nan,65536.0
2026-09-13T16:55:00.000+08:00,0.0,19.7844295501709,19.208984375,0.0,nan,388.20001220703125,0.0,0.0,2631.5,nan,nan,nan,65536.0
2026-09-13T16:56:00.000+08:00,0.0,19.665748596191406,19.20849609375,0.0,nan,387.70001220703125,0.0,0.0,2631.5,nan,nan,nan,65536.0
2026-09-13T16:57:00.000+08:00,0.0,19.793537139892578,19.19482421875,0.0,nan,387.8999938964844,0.0,0.0,2631.5,nan,nan,nan,65536.0
2026-09-13T16:58:00.000+08:00,0.0,19.82187843322754,19.13916015625,0.0,nan,388.20001220703125,0.0,0.0,2631.5,nan,nan,nan,65536.0
2026-09-13T16:59:00.000+08:00,0.0,19.825843811035156,19.22216796875,0.0,nan,388.3999938964844,0.0,0.0,2631.5,nan,nan,nan,65536.0
2026-09-13T17:00:00.000+08:00,0.0,19.852401733398438,19.22216796875,0.0,nan,388.0,0.0,0.0,2631.5,nan,nan,nan,65536.0
2026-09-13T17:01:00.000+08:00,0.0,19.866085052490234,19.236328125,0.0,nan,388.1000061035156,0.0,0.0,2631.5,nan,nan,nan,65536.0
2026-09-13T17:02:00.000+08:00,0.0,19.873428344726562,19.13916015625,0.0,nan,388.3999938964844,0.0,0.0,2631.5,nan,nan,nan,65536.0
2026-09-13T17:03:00.000+08:00,0.0,19.771617889404297,19.33349609375,0.0,nan,387.6000061035156,0.0,0.0,2631.5,nan,nan,nan,65536.0
2026-09-13T17:04:00.000+08:00,0.0,19.75298309326172,19.306640625,0.0,nan,387.6000061035156,0.0,0.0,2631.5,nan,nan,nan,65536.0
2026-09-13T17:05:00.000+08:00,0.0,19.805744171142578,19.3203125,0.0,nan,387.3999938964844,0.0,0.0,2631.5,nan,nan,nan,65536.0
2026-09-13T17:06:00.000+08:00,0.0,19.80672836303711,19.333984375,0.0,nan,387.20001220703125,0.0,0.0,2631.5,nan,nan,nan,65536.0
2026-09-13T17:07:00.000+08:00,0.0,19.939659118652344,19.31982421875,0.0,nan,387.5,0.0,0.0,2631.5,nan,nan,nan,65536.0
2026-09-13T17:08:00.000+08:00,0.0,19.814659118652344,19.26416015625,0.0,nan,387.8999938964844,0.0,0.0,2631.5,nan,nan,nan,65536.0
2026-09-13T17:09:00.000+08:00,0.0,19.966445922851562,19.3203125,0.0,nan,387.8999938964844,0.0,0.0,2631.5,nan,nan,nan,65536.0
2026-09-13T17:10:00.000+08:00,0.0,19.96405029296875,19.31982421875,0.0,nan,387.0,0.0,0.0,2631.5,nan,nan,nan,65536.0
2026-09-13T17:11:00.000+08:00,0.0,19.9838809967041,19.31982421875,0.0,nan,386.79998779296875,0.0,0.0,2631.5,nan,nan,nan,65536.0
2026-09-13T17:12:00.000+08:00,0.0,19.981700897216797,19.333984375,0.0,nan,386.79998779296875,0.0,0.0,2631.5,nan,nan,nan,65536.0
2026-09-13T17:13:00.000+08:00,0.0,19.992189407348633,19.26416015625,0.0,nan,386.79998779296875,0.0,0.0,2631.5,nan,nan,nan,65536.0
2026-09-13T17:14:00.000+08:00,0.0,19.886646270751953,19.44482421875,0.0,nan,387.20001220703125,0.0,0.0,2631.5,nan,nan,nan,65536.0
2026-09-13T17:15:00.000+08:00,0.0,19.92413330078125,19.4169921875,0.0,nan,386.8999938964844,0.0,0.0,2631.5,nan,nan,nan,65536.0
2026-09-13T17:16:00.000+08:00,0.2390637844800949,19.918970108032227,19.47265625,0.002154301619157195,0.0,386.79998779296875,0.0,0.0,2631.5,nan,nan,nan,65536.0
2026-09-13T17:17:00.000+08:00,0.5009174346923828,19.942157745361328,19.486328125,0.004375568591058254,0.0,386.79998779296875,0.0,0.0,2631.5,nan,nan,nan,65536.0
2026-09-13T17:18:00.000+08:00,0.579902708530426,20.079057693481445,19.44482421875,0.0059394221752882,0.0,387.29998779296875,0.0,0.0,2631.5,nan,nan,nan,65536.0
2026-09-13T17:19:00.000+08:00,0.07668749243021011,20.090957641601562,19.47216796875,6.885752081871033E-4,0.0,387.29998779296875,0.0,0.0,2631.5,nan,nan,nan,65536.0
2026-09-13T17:20:00.000+08:00,0.0,20.08182716369629,19.486328125,0.0,nan,387.5,0.0,0.0,2631.5,nan,nan,nan,65536.0
2026-09-13T17:21:00.000+08:00,0.0,20.11691665649414,19.44482421875,0.0,nan,387.1000061035156,0.0,0.0,2631.5,nan,nan,nan,65536.0
2026-09-13T17:22:00.000+08:00,0.0,20.115367889404297,19.44482421875,0.0,nan,387.0,0.0,0.0,2631.5,nan,nan,nan,65536.0
2026-09-13T17:23:00.000+08:00,0.0,20.01414680480957,19.556640625,0.0,nan,387.0,0.0,0.0,2631.5,nan,nan,nan,65536.0
2026-09-13T17:24:00.000+08:00,0.0,20.0367488861084,19.5703125,0.0,nan,387.3999938964844,0.0,0.0,2631.5,nan,nan,nan,65536.0
2026-09-13T17:25:00.000+08:00,0.0,20.03614044189453,19.58349609375,0.0,nan,387.29998779296875,0.0,0.0,2631.5,nan,nan,nan,65536.0
2026-09-13T17:26:00.000+08:00,0.004554797429591417,20.03553009033203,19.56982421875,6.0240363382035866E-5,0.0,387.5,0.0,0.0,2631.5,nan,nan,nan,65536.0
2026-09-13T17:27:00.000+08:00,0.37566399574279785,20.0593318939209,19.556640625,0.003329077735543251,0.0,388.0,0.0,0.0,2631.5,nan,nan,nan,65536.0
2026-09-13T17:28:00.000+08:00,0.7267767786979675,20.060548782348633,19.51416015625,0.006310353986918926,0.0,388.20001220703125,0.0,0.0,2631.5,nan,nan,nan,65536.0
2026-09-13T17:29:00.000+08:00,0.0,20.08218765258789,19.59765625,0.0,nan,388.20001220703125,0.0,0.0,2631.5,nan,nan,nan,65536.0
2026-09-13T17:30:00.000+08:00,0.0,20.104768753051758,19.59765625,0.0,nan,387.8999938964844,0.0,0.0,2631.5,nan,nan,nan,65536.0
2026-09-13T17:31:00.000+08:00,0.0,20.237701416015625,19.56982421875,0.0,nan,387.5,0.0,0.0,2631.5,nan,nan,nan,65536.0
2026-09-13T17:32:00.000+08:00,0.0,20.233736038208008,19.5703125,0.0,nan,387.8999938964844,0.0,0.0,2631.5,nan,nan,nan,65536.0
2026-09-13T17:33:00.000+08:00,0.1241249367594719,20.243494033813477,19.59765625,0.0012839501723647118,0.0,388.29998779296875,0.0,0.0,2631.5,nan,nan,nan,65536.0
2026-09-13T17:34:00.000+08:00,0.22196316719055176,20.132535934448242,19.708984375,0.0026940584648400545,0.0,388.3999938964844,0.0,0.0,2631.5,nan,nan,nan,65536.0
2026-09-13T17:35:00.000+08:00,0.0,20.154508590698242,19.6953125,0.0,nan,388.3999938964844,0.0,0.0,2631.5,nan,nan,nan,65536.0
2026-09-13T17:36:00.000+08:00,0.26894861459732056,20.14382553100586,19.6953125,0.003972412087023258,0.0,388.5,nan,nan,nan,nan,nan,nan,nan
2026-09-13T17:37:00.000+08:00,0.0,20.167625427246094,19.72265625,0.0,nan,388.3999938964844,0.0,0.0,2631.5,nan,nan,nan,65536.0
2026-09-13T17:38:00.000+08:00,0.0,nan,nan,0.0,nan,nan,0.0,0.0,2631.5,nan,nan,nan,65536.0
2026-09-13T17:39:00.000+08:00,0.0,20.17539119720459,19.674072265625,0.0,nan,388.34999084472656,0.0,0.0,2631.5,nan,nan,nan,65536.0
2026-09-13T17:40:00.000+08:00,0.0,20.23839569091797,19.708984375,0.0,nan,388.1000061035156,0.0,0.0,2631.5,nan,nan,nan,65536.0
2026-09-13T17:41:00.000+08:00,0.0,20.195369720458984,19.625,0.0,nan,388.3999938964844,0.0,0.0,2631.5,nan,nan,nan,65536.0
2026-09-13T17:42:00.000+08:00,0.0,20.21763801574707,19.69482421875,0.0,nan,388.5,0.0,0.0,2631.5,nan,nan,nan,65536.0
2026-09-13T17:43:00.000+08:00,0.0,20.22710418701172,19.6669921875,0.0,nan,388.1000061035156,0.0,0.0,2631.5,nan,nan,nan,65536.0
2026-09-13T17:44:00.000+08:00,0.0,20.276527404785156,19.833984375,0.0,nan,387.8999938964844,0.0,0.0,2631.5,nan,nan,nan,65536.0
2026-09-13T17:45:00.000+08:00,0.0,20.275310516357422,19.8056640625,0.0,nan,387.29998779296875,0.0,0.0,2631.5,nan,nan,nan,65536.0
2026-09-13T17:46:00.000+08:00,0.0,20.268596649169922,19.79150390625,0.0,nan,387.3999938964844,0.0,0.0,2631.5,nan,nan,nan,65536.0
2026-09-13T17:47:00.000+08:00,0.0,20.307044982910156,19.833984375,0.0,nan,387.0,0.0,0.0,2631.5,nan,nan,nan,65536.0
2026-09-13T17:48:00.000+08:00,0.0,20.286916732788086,19.75,0.0,nan,386.70001220703125,0.0,0.0,2631.5,nan,nan,nan,65536.0
2026-09-13T17:49:00.000+08:00,0.0,20.304292678833008,19.833984375,0.0,nan,387.0,0.0,0.0,2631.5,nan,nan,nan,65536.0
2026-09-13T17:50:00.000+08:00,0.0,20.29787254333496,19.75,0.0,nan,386.8999938964844,0.0,0.0,2631.5,nan,nan,nan,65536.0
2026-09-13T17:51:00.000+08:00,0.0,20.34547233581543,19.861328125,0.0,nan,386.70001220703125,0.0,0.0,2631.5,nan,nan,nan,65536.0
2026-09-13T17:52:00.000+08:00,0.0,20.355249404907227,19.84765625,0.0,nan,387.0,0.0,0.0,2631.5,nan,nan,nan,65536.0
2026-09-13T17:53:00.000+08:00,0.0,20.357704162597656,19.81982421875,0.0,nan,387.5,0.0,0.0,2631.5,nan,nan,nan,65536.0
2026-09-13T17:54:00.000+08:00,0.0,20.250967025756836,19.9033203125,0.0,nan,387.6000061035156,0.0,0.0,2631.5,nan,nan,nan,65536.0
2026-09-13T17:55:00.000+08:00,0.0,20.494272232055664,19.833984375,0.0,nan,387.3999938964844,0.0,0.0,2631.5,nan,nan,nan,65536.0
2026-09-13T17:56:00.000+08:00,0.0,20.36591148376465,19.7783203125,0.0,nan,387.3999938964844,0.0,0.0,2631.5,nan,nan,nan,65536.0
2026-09-13T17:57:00.000+08:00,0.0,20.394895553588867,19.94482421875,0.0,nan,387.20001220703125,0.0,0.0,2631.5,nan,nan,nan,65536.0
2026-09-13T17:58:00.000+08:00,0.0,20.402830123901367,19.931640625,0.0,nan,387.20001220703125,0.0,0.0,2631.5,nan,nan,nan,65536.0
2026-09-13T17:59:00.000+08:00,0.0,20.4095458984375,19.97216796875,0.0,nan,387.1000061035156,0.0,0.0,2631.5,nan,nan,nan,65536.0
2026-09-13T18:00:00.000+08:00,0.0,20.43729019165039,19.88916015625,0.0,nan,387.29998779296875,0.0,0.0,2631.5,nan,nan,nan,65536.0
2026-09-13T18:01:00.000+08:00,0.0,20.460208892822266,19.9453125,0.0,nan,386.79998779296875,0.0,0.0,2631.5,nan,nan,nan,65536.0
2026-09-13T18:02:00.000+08:00,0.0,20.451921463012695,19.91650390625,0.0,nan,387.1000061035156,0.0,0.0,2631.5,nan,nan,nan,65536.0
2026-09-13T18:03:00.000+08:00,0.0,20.493432998657227,19.958984375,0.0,nan,386.6000061035156,0.0,0.0,2631.5,nan,nan,nan,65536.0
2026-09-13T18:04:00.000+08:00,0.0,20.475719451904297,19.958984375,0.0,nan,386.8999938964844,0.0,0.0,2631.5,nan,nan,nan,65536.0
2026-09-13T18:05:00.000+08:00,0.0,20.471752166748047,19.875,0.0,nan,387.79998779296875,0.0,0.0,2631.5,nan,nan,nan,65536.0
2026-09-13T18:06:00.000+08:00,0.0,20.486989974975586,19.875,0.0,nan,387.70001220703125,0.0,0.0,2631.5,nan,nan,nan,65536.0
2026-09-13T18:07:00.000+08:00,0.0,20.399555206298828,20.09716796875,0.0,nan,387.20001220703125,0.0,0.0,2631.5,nan,nan,nan,65536.0
2026-09-13T18:08:00.000+08:00,0.0,20.49679183959961,19.9453125,0.0,nan,387.3999938964844,0.0,0.0,2631.5,nan,nan,nan,65536.0
2026-09-13T18:09:00.000+08:00,0.0,20.5153865814209,20.0703125,0.0,nan,387.20001220703125,0.0,0.0,2631.5,nan,nan,nan,65536.0
2026-09-13T18:10:00.000+08:00,0.0,20.527265548706055,20.111328125,0.0,nan,387.20001220703125,0.0,0.0,2631.5,nan,nan,nan,65536.0
2026-09-13T18:11:00.000+08:00,0.0,20.55106544494629,20.0703125,0.0,nan,387.3999938964844,0.0,0.0,2631.5,nan,nan,nan,65536.0
2026-09-13T18:12:00.000+08:00,0.0,20.549592971801758,20.09765625,0.0,nan,387.1000061035156,0.0,0.0,2631.5,nan,nan,nan,65536.0
2026-09-13T18:13:00.000+08:00,0.0,20.5562686920166,20.01416015625,0.0,nan,387.3999938964844,0.0,0.0,2631.5,nan,nan,nan,65536.0
2026-09-13T18:14:00.000+08:00,0.0,20.588001251220703,20.06982421875,0.0,nan,387.6000061035156,0.0,0.0,2631.5,nan,nan,nan,65536.0
2026-09-13T18:15:00.000+08:00,0.5165388584136963,20.589868545532227,20.111328125,0.005257817450910807,0.0,387.29998779296875,0.0,0.0,2631.5,nan,nan,nan,65536.0
2026-09-13T18:16:00.000+08:00,1.190260410308838,20.58069610595703,20.056640625,0.01236008945852518,0.0,387.20001220703125,0.0,0.0,2631.5,nan,nan,nan,65536.0
2026-09-13T18:17:00.000+08:00,0.5151183009147644,20.61886978149414,20.02783203125,0.004947396460920572,0.0,387.1000061035156,0.0,0.0,2631.5,nan,nan,nan,65536.0
2026-09-13T18:18:00.000+08:00,0.4993915557861328,20.61700439453125,20.111328125,0.005292261950671673,0.0,387.0,0.0,0.0,2631.5,nan,nan,nan,65536.0
2026-09-13T18:19:00.000+08:00,0.11483751982450485,20.613666534423828,20.01416015625,0.0011622357415035367,0.0,387.20001220703125,0.0,0.0,2631.5,nan,nan,nan,65536.0
2026-09-13T18:20:00.000+08:00,0.3037120997905731,20.5053768157959,20.181640625,0.003042147494852543,0.0,387.0,0.0,0.0,2631.5,nan,nan,nan,65536.0
2026-09-13T18:21:00.000+08:00,0.20597916841506958,20.5277042388916,20.208984375,0.002131945686414838,0.0,386.79998779296875,0.0,0.0,2631.5,nan,nan,nan,65536.0
2026-09-13T18:22:00.000+08:00,0.5302648544311523,20.528942108154297,20.125,0.003323565935716033,0.0,386.70001220703125,0.0,0.0,2631.5,nan,nan,nan,65536.0
2026-09-13T18:23:00.000+08:00,0.23789255321025848,20.657514572143555,20.20849609375,0.0013862121850252151,0.0,387.29998779296875,0.0,0.0,2631.5,nan,nan,nan,65536.0
2026-09-13T18:24:00.000+08:00,0.0,20.670671463012695,20.208984375,0.0,nan,387.70001220703125,0.0,0.0,2631.5,nan,nan,nan,65536.0
2026-09-13T18:25:00.000+08:00,0.4614024758338928,20.684436798095703,20.125,0.0027896303217858076,0.0,387.1000061035156,0.0,0.0,2631.5,nan,nan,nan,65536.0
2026-09-13T18:26:00.000+08:00,0.4267154633998871,20.715538024902344,20.236328125,0.00434801634401083,0.0,387.29998779296875,0.0,0.0,2631.5,nan,nan,nan,65536.0
2026-09-13T18:27:00.000+08:00,0.10028203576803207,20.72471046447754,20.236328125,9.439255809411407E-4,0.0,386.8999938964844,0.0,0.0,2631.5,nan,nan,nan,65536.0
2026-09-13T18:28:00.000+08:00,0.08475101739168167,20.697572708129883,20.22265625,8.174008107744157E-4,0.0,387.3999938964844,0.0,0.0,2631.5,nan,nan,nan,65536.0
2026-09-13T18:29:00.000+08:00,0.0,20.71428108215332,20.22265625,0.0,nan,387.79998779296875,0.0,0.0,2631.5,nan,nan,nan,65536.0
2026-09-13T18:30:00.000+08:00,0.0,20.646678924560547,20.34765625,0.0,nan,387.70001220703125,0.0,0.0,2631.5,nan,nan,nan,65536.0
2026-09-13T18:31:00.000+08:00,0.0,20.749982833862305,20.208984375,0.0,nan,387.8999938964844,0.0,0.0,2631.5,nan,nan,nan,65536.0
2026-09-13T18:32:00.000+08:00,0.3761557340621948,20.651491165161133,20.34716796875,0.003701104549691081,0.0,387.6000061035156,0.0,0.0,2631.5,nan,nan,nan,65536.0
2026-09-13T18:33:00.000+08:00,0.0,20.642086029052734,20.34765625,0.0,nan,387.5,0.0,0.0,2631.5,nan,nan,nan,65536.0
2026-09-13T18:34:00.000+08:00,0.0,20.649389266967773,20.27783203125,0.0,nan,387.3999938964844,nan,nan,nan,nan,nan,nan,nan
2026-09-13T18:35:00.000+08:00,0.0,20.68049430847168,20.26416015625,0.0,nan,386.79998779296875,0.0,0.0,2631.5,nan,nan,nan,65536.0
2026-09-13T18:36:00.000+08:00,0.04730929434299469,20.685087203979492,20.34716796875,4.0450048982165754E-4,0.0,387.29998779296875,0.0,0.0,2631.5,nan,nan,nan,65536.0
2026-09-13T18:37:00.000+08:00,0.800967812538147,nan,nan,0.005560058634728193,0.0,nan,0.0,0.0,2631.5,nan,nan,nan,65536.0
2026-09-13T18:38:00.000+08:00,0.0,20.794754028320312,20.31982421875,0.0,nan,387.34999084472656,0.0,0.0,2631.5,nan,nan,nan,65536.0
2026-09-13T18:39:00.000+08:00,0.4273224472999573,20.827213287353516,20.3203125,0.0030565555207431316,0.0,387.1000061035156,0.0,0.0,2631.5,nan,nan,nan,65536.0
2026-09-13T18:40:00.000+08:00,0.0,20.857059478759766,20.333984375,0.0,nan,387.6000061035156,0.0,0.0,2631.5,nan,nan,nan,65536.0
2026-09-13T18:41:00.000+08:00,0.0,20.845788955688477,20.2783203125,0.0,nan,387.5,0.0,0.0,2631.5,nan,nan,nan,65536.0
2026-09-13T18:42:00.000+08:00,0.0,20.874357223510742,20.3203125,0.0,nan,387.20001220703125,0.0,0.0,2631.5,nan,nan,nan,65536.0
2026-09-13T18:43:00.000+08:00,0.0,20.850187301635742,20.361328125,0.0,nan,387.5,0.0,0.0,2631.5,nan,nan,nan,65536.0
2026-09-13T18:44:00.000+08:00,0.0,20.86039924621582,20.34765625,0.0,nan,387.5,0.0,0.0,2631.5,nan,nan,nan,65536.0
2026-09-13T18:45:00.000+08:00,0.0,20.76502799987793,20.375,0.0,nan,387.70001220703125,0.0,0.0,2631.5,nan,nan,nan,65536.0
2026-09-13T18:46:00.000+08:00,0.0,20.797584533691406,20.375,0.0,nan,387.79998779296875,0.0,0.0,2631.5,nan,nan,nan,65536.0
2026-09-13T18:47:00.000+08:00,0.0,20.786314010620117,20.4033203125,0.0,nan,387.3999938964844,0.0,0.0,2631.5,nan,nan,nan,65536.0
2026-09-13T18:48:00.000+08:00,0.0,20.793621063232422,20.47265625,0.0,nan,386.70001220703125,0.0,0.0,2631.5,nan,nan,nan,65536.0
2026-09-13T18:49:00.000+08:00,0.0,20.80326271057129,20.47265625,0.0,nan,386.70001220703125,0.0,0.0,2631.5,nan,nan,nan,65536.0
2026-09-13T18:50:00.000+08:00,0.0,20.804067611694336,20.431640625,0.0,nan,386.8999938964844,0.0,0.0,2631.5,nan,nan,nan,65536.0
2026-09-13T18:51:00.000+08:00,0.0,20.80326271057129,20.458984375,0.0,nan,387.3999938964844,0.0,0.0,2631.5,nan,nan,nan,65536.0
2026-09-13T18:52:00.000+08:00,0.0,20.82199478149414,20.458984375,0.0,nan,387.5,0.0,0.0,2631.5,nan,nan,nan,65536.0
2026-09-13T18:53:00.000+08:00,0.0,20.97142219543457,20.44482421875,0.0,nan,387.29998779296875,0.0,0.0,2631.5,nan,nan,nan,65536.0
2026-09-13T18:54:00.000+08:00,0.0,20.94681739807129,20.4169921875,0.0,nan,387.20001220703125,0.0,0.0,2631.5,nan,nan,nan,65536.0
2026-09-13T18:55:00.000+08:00,0.0,20.979352951049805,20.47265625,0.0,nan,387.5,0.0,0.0,2631.5,nan,nan,nan,65536.0
2026-09-13T18:56:00.000+08:00,0.0,20.982515335083008,20.375,0.0,nan,387.20001220703125,0.0,0.0,2631.5,nan,nan,nan,65536.0
2026-09-13T18:57:00.000+08:00,0.0,20.981887817382812,20.38916015625,0.0,nan,386.8999938964844,0.0,0.0,2631.5,nan,nan,nan,65536.0
2026-09-13T18:58:00.000+08:00,0.0,20.881315231323242,20.58349609375,0.0,nan,387.1000061035156,0.0,0.0,2631.5,nan,nan,nan,65536.0
2026-09-13T18:59:00.000+08:00,0.0,20.886716842651367,20.5283203125,0.0,nan,387.5,0.0,0.0,2631.5,nan,nan,nan,65536.0
2026-09-13T19:00:00.000+08:00,0.0,20.890052795410156,20.58349609375,0.0,nan,387.20001220703125,0.0,0.0,2631.5,nan,nan,nan,65536.0
2026-09-13T19:01:00.000+08:00,0.0,20.909082412719727,20.583984375,0.0,nan,387.5,0.0,0.0,2631.5,nan,nan,nan,65536.0
2026-09-13T19:02:00.000+08:00,0.0,20.913049697875977,20.5,0.0,nan,387.1000061035156,0.0,0.0,2631.5,nan,nan,nan,65536.0
2026-09-13T19:03:00.000+08:00,0.0,20.9105167388916,20.59716796875,0.0,nan,387.5,0.0,0.0,2631.5,nan,nan,nan,65536.0
2026-09-13T19:04:00.000+08:00,0.0,20.93242073059082,20.52783203125,0.0,nan,387.5,0.0,0.0,2631.5,nan,nan,nan,65536.0
2026-09-13T19:05:00.000+08:00,0.0,20.944793701171875,20.5283203125,0.0,nan,387.70001220703125,0.0,0.0,2631.5,nan,nan,nan,65536.0
2026-09-13T19:06:00.000+08:00,0.0,20.942241668701172,20.59765625,0.0,nan,387.3999938964844,0.0,0.0,2631.5,nan,nan,nan,65536.0
2026-09-13T19:07:00.000+08:00,0.0,20.95939064025879,20.59765625,0.0,nan,387.29998779296875,0.0,0.0,2631.5,nan,nan,nan,65536.0
2026-09-13T19:08:00.000+08:00,0.0,20.975263595581055,20.59765625,0.0,nan,387.3999938964844,0.0,0.0,2631.5,nan,nan,nan,65536.0
2026-09-13T19:09:00.000+08:00,0.0,20.987167358398438,20.59765625,0.0,nan,387.6000061035156,0.0,0.0,2631.5,nan,nan,nan,65536.0
2026-09-13T19:10:00.000+08:00,0.0,21.106294631958008,20.52783203125,0.0,nan,387.6000061035156,0.0,0.0,2631.5,nan,nan,nan,65536.0
2026-09-13T19:11:00.000+08:00,0.0,21.11151695251465,20.5,0.0,nan,387.6000061035156,0.0,0.0,2631.5,nan,nan,nan,65536.0
2026-09-13T19:12:00.000+08:00,0.0,21.112796783447266,20.583984375,0.0,nan,387.5,0.0,0.0,2631.5,nan,nan,nan,65536.0
2026-09-13T19:13:00.000+08:00,0.0,21.123424530029297,20.556640625,0.0,nan,388.20001220703125,0.0,0.0,2631.5,nan,nan,nan,65536.0
2026-09-13T19:14:00.000+08:00,0.0,21.023509979248047,20.66650390625,0.0,nan,388.1000061035156,0.0,0.0,2631.5,nan,nan,nan,65536.0
2026-09-13T19:15:00.000+08:00,0.22468611598014832,21.032859802246094,20.681640625,0.001497872406616807,0.0,388.0,0.0,0.0,2631.5,nan,nan,nan,65536.0
2026-09-13T19:16:00.000+08:00,0.09485005587339401,21.023509979248047,20.6953125,5.057812086306512E-4,0.0,388.0,0.0,0.0,2631.5,nan,nan,nan,65536.0
2026-09-13T19:17:00.000+08:00,0.05362739786505699,21.056020736694336,20.708984375,3.2063800608739257E-4,0.0,388.29998779296875,0.0,0.0,2631.5,nan,nan,nan,65536.0
2026-09-13T19:18:00.000+08:00,0.0,21.0427188873291,20.681640625,0.0,nan,388.1000061035156,0.0,0.0,2631.5,nan,nan,nan,65536.0
2026-09-13T19:19:00.000+08:00,0.0,21.049360275268555,20.736328125,0.0,nan,388.0,0.0,0.0,2631.5,nan,nan,nan,65536.0
2026-09-13T19:20:00.000+08:00,0.0,21.10491180419922,20.63916015625,0.0,nan,388.6000061035156,0.0,0.0,2631.5,nan,nan,nan,65536.0
2026-09-13T19:21:00.000+08:00,0.1760684996843338,21.06523323059082,20.6533203125,0.001138561055995524,0.0,388.6000061035156,0.0,0.0,2631.5,nan,nan,nan,65536.0
2026-09-13T19:22:00.000+08:00,0.4406977593898773,21.1009464263916,20.69482421875,0.0031418194994330406,0.0,388.29998779296875,0.0,0.0,2631.5,nan,nan,nan,65536.0
2026-09-13T19:23:00.000+08:00,0.19793550670146942,21.081106185913086,20.736328125,0.0016533321468159556,0.0,388.20001220703125,0.0,0.0,2631.5,nan,nan,nan,65536.0
2026-09-13T19:24:00.000+08:00,0.3844298720359802,21.12013816833496,20.708984375,0.0029876050539314747,0.0,387.8999938964844,0.0,0.0,2631.5,nan,nan,nan,65536.0
2026-09-13T19:25:00.000+08:00,0.0,21.105541229248047,20.6669921875,0.0,nan,388.0,0.0,0.0,2631.5,nan,nan,nan,65536.0
2026-09-13T19:26:00.000+08:00,0.0,21.127426147460938,20.8203125,0.0,nan,388.0,0.0,0.0,2631.5,nan,nan,nan,65536.0
2026-09-13T19:27:00.000+08:00,0.0,21.234390258789062,20.70849609375,0.0,nan,387.70001220703125,0.0,0.0,2631.5,nan,nan,nan,65536.0
2026-09-13T19:28:00.000+08:00,0.0,21.110158920288086,20.72265625,0.0,nan,388.1000061035156,0.0,0.0,2631.5,nan,nan,nan,65536.0
2026-09-13T19:29:00.000+08:00,0.0,21.12999725341797,20.84765625,0.0,nan,388.1000061035156,0.0,0.0,2631.5,nan,nan,nan,65536.0
2026-09-13T19:30:00.000+08:00,0.0,21.145870208740234,20.84716796875,0.0,nan,388.1000061035156,0.0,0.0,2631.5,nan,nan,nan,65536.0
2026-09-13T19:31:00.000+08:00,0.7794802784919739,21.15904998779297,20.8203125,0.004536467604339123,0.0,388.20001220703125,0.0,0.0,2631.5,nan,nan,nan,65536.0
2026-09-13T19:32:00.000+08:00,0.0,21.165061950683594,20.75,0.0,nan,388.70001220703125,0.0,0.0,2631.5,nan,nan,nan,65536.0
2026-09-13T19:33:00.000+08:00,0.0,21.175668716430664,20.8203125,0.0,nan,388.1000061035156,nan,nan,nan,nan,nan,nan,nan
2026-09-13T19:34:00.000+08:00,0.6664309501647949,21.184255599975586,20.833984375,0.004298280458897352,0.0,388.1000061035156,0.0,0.0,2631.5,nan,nan,nan,65536.0
2026-09-13T19:35:00.000+08:00,0.9016005396842957,21.20012855529785,20.75,0.005572629626840353,0.0,388.1000061035156,0.0,0.0,2631.5,nan,nan,nan,65536.0
2026-09-13T19:36:00.000+08:00,0.0,nan,nan,0.0,nan,nan,0.0,0.0,2631.5,nan,nan,nan,65536.0
2026-09-13T19:37:00.000+08:00,0.47591423988342285,21.212356567382812,20.75,0.003078239969909191,0.0,387.8000030517578,0.0,0.0,2631.5,nan,nan,nan,65536.0
2026-09-13T19:38:00.000+08:00,0.4222024083137512,21.22328758239746,20.76416015625,0.0031014839187264442,0.0,388.20001220703125,0.0,0.0,2631.5,nan,nan,nan,65536.0
2026-09-13T19:39:00.000+08:00,0.0,21.212032318115234,20.8203125,0.0,nan,388.29998779296875,0.0,0.0,2631.5,nan,nan,nan,65536.0
2026-09-13T19:40:00.000+08:00,0.0,21.228532791137695,20.76416015625,0.0,nan,388.29998779296875,0.0,0.0,2631.5,nan,nan,nan,65536.0
2026-09-13T19:41:00.000+08:00,0.0,21.224563598632812,20.861328125,0.0,nan,388.3999938964844,0.0,0.0,2631.5,nan,nan,nan,65536.0
2026-09-13T19:42:00.000+08:00,0.0,21.23776626586914,20.75,0.0,nan,388.3999938964844,0.0,0.0,2631.5,nan,nan,nan,65536.0
2026-09-13T19:43:00.000+08:00,0.0,21.366731643676758,20.84716796875,0.0,nan,387.70001220703125,0.0,0.0,2631.5,nan,nan,nan,65536.0
2026-09-13T19:44:00.000+08:00,0.0,21.262222290039062,20.986328125,0.0,nan,387.6000061035156,0.0,0.0,2631.5,nan,nan,nan,65536.0
2026-09-13T19:45:00.000+08:00,0.0,21.26359748840332,20.888671875,0.0,nan,388.0,0.0,0.0,2631.5,nan,nan,nan,65536.0
2026-09-13T19:46:00.000+08:00,0.0,21.279470443725586,20.9169921875,0.0,nan,388.29998779296875,0.0,0.0,2631.5,nan,nan,nan,65536.0
2026-09-13T19:47:00.000+08:00,0.0,21.259628295898438,20.9453125,0.0,nan,387.79998779296875,0.0,0.0,2631.5,nan,nan,nan,65536.0
2026-09-13T19:48:00.000+08:00,0.2624894380569458,21.296714782714844,20.875,0.0018119047163054347,0.0,387.6000061035156,0.0,0.0,2631.5,nan,nan,nan,65536.0
2026-09-13T19:49:00.000+08:00,0.0,21.301979064941406,20.958984375,0.0,nan,387.8999938964844,0.0,0.0,2631.5,nan,nan,nan,65536.0
2026-09-13T19:50:00.000+08:00,0.03239518776535988,21.299955368041992,20.875,2.193637192249298E-4,0.0,388.29998779296875,0.0,0.0,2631.5,nan,nan,nan,65536.0
2026-09-13T19:51:00.000+08:00,0.0,21.3132381439209,20.97216796875,0.0,nan,388.0,0.0,0.0,2631.5,nan,nan,nan,65536.0
2026-09-13T19:52:00.000+08:00,0.0,21.312509536743164,20.9453125,0.0,nan,388.20001220703125,0.0,0.0,2631.5,nan,nan,nan,65536.0
2026-09-13T19:53:00.000+08:00,0.0,21.323020935058594,20.94482421875,0.0,nan,388.29998779296875,0.0,0.0,2631.5,nan,nan,nan,65536.0
2026-09-13T19:54:00.000+08:00,0.0,21.323766708374023,20.986328125,0.0,nan,388.6000061035156,0.0,0.0,2631.5,nan,nan,nan,65536.0
2026-09-13T19:55:00.000+08:00,0.0,21.336965560913086,20.888671875,0.0,nan,388.70001220703125,0.0,0.0,2631.5,nan,nan,nan,65536.0
2026-09-13T19:56:00.000+08:00,0.0,21.353544235229492,20.931640625,0.0,nan,388.20001220703125,0.0,0.0,2631.5,nan,nan,nan,65536.0
2026-09-13T19:57:00.000+08:00,0.0,21.36609649658203,20.9033203125,0.0,nan,388.1000061035156,0.0,0.0,2631.5,nan,nan,nan,65536.0
2026-09-13T19:58:00.000+08:00,0.0,21.354843139648438,20.94482421875,0.0,nan,388.70001220703125,0.0,0.0,2631.5,nan,nan,nan,65536.0
2026-09-13T19:59:00.000+08:00,0.0,21.25899314880371,21.09765625,0.0,nan,388.79998779296875,0.0,0.0,2631.5,nan,nan,nan,65536.0
2026-09-13T20:00:00.000+08:00,0.0,21.370716094970703,20.97265625,0.0,nan,388.70001220703125,0.0,0.0,2631.5,nan,nan,nan,65536.0
2026-09-13T20:01:00.000+08:00,0.0,21.39719581604004,21.0283203125,0.0,nan,388.8999938964844,0.0,0.0,2631.5,nan,nan,nan,65536.0
2026-09-13T20:02:00.000+08:00,0.0,21.25033187866211,20.958984375,0.0,nan,389.1000061035156,0.0,0.0,2631.5,nan,nan,nan,65536.0
2026-09-13T20:03:00.000+08:00,0.0,21.390554428100586,21.0419921875,0.0,nan,389.20001220703125,0.0,0.0,2631.5,nan,nan,nan,65536.0
2026-09-13T20:04:00.000+08:00,0.0,21.390554428100586,21.111328125,0.0,nan,389.29998779296875,0.0,0.0,2631.5,nan,nan,nan,65536.0
2026-09-13T20:05:00.000+08:00,0.0,21.303213119506836,21.01416015625,0.0,nan,389.0,0.0,0.0,2631.5,nan,nan,nan,65536.0
2026-09-13T20:06:00.000+08:00,0.10144631564617157,21.413713455200195,21.0419921875,4.5485468581318855E-4,0.0,388.8999938964844,0.0,0.0,2631.5,nan,nan,nan,65536.0
2026-09-13T20:07:00.000+08:00,0.0,21.420982360839844,21.01416015625,0.0,nan,388.6000061035156,0.0,0.0,2631.5,nan,nan,nan,65536.0
2026-09-13T20:08:00.000+08:00,0.015475383959710598,21.420923233032227,21.09765625,1.2328046432230622E-4,0.0,388.5,0.0,0.0,2631.5,nan,nan,nan,65536.0
2026-09-13T20:09:00.000+08:00,0.0,21.437503814697266,21.0,0.0,nan,388.3999938964844,0.0,0.0,2631.5,nan,nan,nan,65536.0
2026-09-13T20:10:00.000+08:00,0.0,21.455341339111328,21.02783203125,0.0,nan,388.6000061035156,0.0,0.0,2631.5,nan,nan,nan,65536.0
2026-09-13T20:11:00.000+08:00,0.0,21.44278907775879,21.083984375,0.0,nan,388.70001220703125,0.0,0.0,2631.5,nan,nan,nan,65536.0
2026-09-13T20:12:00.000+08:00,0.0,21.44278907775879,21.08349609375,0.0,nan,388.70001220703125,0.0,0.0,2631.5,nan,nan,nan,65536.0
2026-09-13T20:13:00.000+08:00,0.0,21.462610244750977,21.0703125,0.0,nan,388.70001220703125,0.0,0.0,2631.5,nan,nan,nan,65536.0
2026-09-13T20:14:00.000+08:00,0.0,21.47848129272461,21.0,0.0,nan,388.3999938964844,0.0,0.0,2631.5,nan,nan,nan,65536.0
2026-09-13T20:15:00.000+08:00,0.0,21.46919059753418,21.0419921875,0.0,nan,388.6000061035156,0.0,0.0,2631.5,nan,nan,nan,65536.0
2026-09-13T20:16:00.000+08:00,0.0,21.491052627563477,21.083984375,0.0,nan,388.29998779296875,0.0,0.0,2631.5,nan,nan,nan,65536.0
2026-09-13T20:17:00.000+08:00,0.0,21.37664222717285,21.208984375,0.0,nan,388.5,0.0,0.0,2631.5,nan,nan,nan,65536.0
2026-09-13T20:18:00.000+08:00,0.0,21.491092681884766,21.083984375,0.0,nan,388.20001220703125,0.0,0.0,2631.5,nan,nan,nan,65536.0
2026-09-13T20:19:00.000+08:00,0.0,21.381256103515625,21.208984375,0.0,nan,388.5,0.0,0.0,2631.5,nan,nan,nan,65536.0
2026-09-13T20:20:00.000+08:00,0.0,21.4950008392334,21.09716796875,0.0,nan,388.20001220703125,0.0,0.0,2631.5,nan,nan,nan,65536.0
2026-09-13T20:21:00.000+08:00,0.0,21.403709411621094,21.125,0.0,nan,388.1000061035156,0.0,0.0,2631.5,nan,nan,nan,65536.0
2026-09-13T20:22:00.000+08:00,0.0,21.403751373291016,21.1669921875,0.0,nan,388.1000061035156,0.0,0.0,2631.5,nan,nan,nan,65536.0
2026-09-13T20:23:00.000+08:00,0.0,21.407716751098633,21.236328125,0.0,nan,388.1000061035156,0.0,0.0,2631.5,nan,nan,nan,65536.0
2026-09-13T20:24:00.000+08:00,0.0,21.393810272216797,21.208984375,0.0,nan,388.1000061035156,0.0,0.0,2631.5,nan,nan,nan,65536.0
2026-09-13T20:25:00.000+08:00,0.0,21.438108444213867,21.125,0.0,nan,388.6000061035156,0.0,0.0,2631.5,nan,nan,nan,65536.0
2026-09-13T20:26:00.000+08:00,0.0,21.4242000579834,21.22265625,0.0,nan,388.79998779296875,0.0,0.0,2631.5,nan,nan,nan,65536.0
2026-09-13T20:27:00.000+08:00,0.0,21.41697120666504,21.13916015625,0.0,nan,388.20001220703125,0.0,0.0,2631.5,nan,nan,nan,65536.0
2026-09-13T20:28:00.000+08:00,0.0,21.575698852539062,21.181640625,0.0,nan,388.20001220703125,0.0,0.0,2631.5,nan,nan,nan,65536.0
2026-09-13T20:29:00.000+08:00,0.0,21.564462661743164,21.236328125,0.0,nan,388.20001220703125,0.0,0.0,2631.5,nan,nan,nan,65536.0
2026-09-13T20:30:00.000+08:00,0.0,21.58298683166504,21.1669921875,0.0,nan,388.0,0.0,0.0,2631.5,nan,nan,nan,65536.0
2026-09-13T20:31:00.000+08:00,0.0,21.582948684692383,21.181640625,0.0,nan,387.8999938964844,0.0,0.0,2631.5,nan,nan,nan,65536.0
2026-09-13T20:32:00.000+08:00,0.0,21.572359085083008,21.208984375,0.0,nan,388.5,nan,nan,nan,nan,nan,nan,nan
2026-09-13T20:33:00.000+08:00,0.0,21.575010299682617,21.181640625,0.0,nan,388.20001220703125,0.0,0.0,2631.5,nan,nan,nan,65536.0
2026-09-13T20:34:00.000+08:00,0.0,21.594202041625977,21.1953125,0.0,nan,389.1000061035156,0.0,0.0,2631.5,nan,nan,nan,65536.0
2026-09-13T20:35:00.000+08:00,0.0,nan,nan,0.0,nan,nan,0.0,0.0,2631.5,nan,nan,nan,65536.0
2026-09-13T20:36:00.000+08:00,0.0,21.54757595062256,21.278076171875,0.0,nan,388.4499969482422,0.0,0.0,2631.5,nan,nan,nan,65536.0
2026-09-13T20:37:00.000+08:00,0.0,21.601470947265625,21.13916015625,0.0,nan,388.79998779296875,0.0,0.0,2631.5,nan,nan,nan,65536.0
2026-09-13T20:38:00.000+08:00,0.0,21.51017951965332,21.361328125,0.0,nan,388.29998779296875,0.0,0.0,2631.5,nan,nan,nan,65536.0
2026-09-13T20:39:00.000+08:00,0.0,21.501596450805664,21.1669921875,0.0,nan,388.70001220703125,0.0,0.0,2631.5,nan,nan,nan,65536.0
2026-09-13T20:40:00.000+08:00,0.0,21.50886344909668,21.33349609375,0.0,nan,388.6000061035156,0.0,0.0,2631.5,nan,nan,nan,65536.0
2026-09-13T20:41:00.000+08:00,0.2780125141143799,21.521438598632812,21.27783203125,8.138210978358984E-4,0.0,388.6000061035156,0.0,0.0,2631.5,nan,nan,nan,65536.0
2026-09-13T20:42:00.000+08:00,0.0,21.526052474975586,21.31982421875,0.0,nan,387.70001220703125,0.0,0.0,2631.5,nan,nan,nan,65536.0
2026-09-13T20:43:00.000+08:00,0.0,21.542612075805664,21.34765625,0.0,nan,388.3999938964844,0.0,0.0,2631.5,nan,nan,nan,65536.0
2026-09-13T20:44:00.000+08:00,0.0,21.536640167236328,21.29150390625,0.0,nan,388.70001220703125,0.0,0.0,2631.5,nan,nan,nan,65536.0
2026-09-13T20:45:00.000+08:00,0.0,21.537309646606445,21.361328125,0.0,nan,388.3999938964844,0.0,0.0,2631.5,nan,nan,nan,65536.0
2026-09-13T20:46:00.000+08:00,0.7165863513946533,21.551197052001953,21.29150390625,0.003188604488968849,0.0,388.5,0.0,0.0,2631.5,nan,nan,nan,65536.0
2026-09-13T20:47:00.000+08:00,0.0,21.571016311645508,21.34765625,0.0,nan,388.70001220703125,0.0,0.0,2631.5,nan,nan,nan,65536.0
2026-09-13T20:48:00.000+08:00,0.0,21.545913696289062,21.34765625,0.0,nan,389.0,0.0,0.0,2631.5,nan,nan,nan,65536.0
2026-09-13T20:49:00.000+08:00,0.0038703361060470343,21.57634162902832,21.34765625,1.3971144653623924E-5,0.0,388.29998779296875,0.0,0.0,2631.5,nan,nan,nan,65536.0
2026-09-13T20:50:00.000+08:00,0.0,21.59417724609375,21.26416015625,0.0,nan,388.20001220703125,0.0,0.0,2631.5,nan,nan,nan,65536.0
2026-09-13T20:51:00.000+08:00,0.1665516048669815,21.590211868286133,21.333984375,8.755248854868114E-4,0.0,388.20001220703125,0.0,0.0,2631.5,nan,nan,nan,65536.0
2026-09-13T20:52:00.000+08:00,0.0,21.584257125854492,21.34765625,0.0,nan,388.29998779296875,0.0,0.0,2631.5,nan,nan,nan,65536.0
2026-09-13T20:53:00.000+08:00,0.0,21.59549331665039,21.34765625,0.0,nan,388.29998779296875,0.0,0.0,2631.5,nan,nan,nan,65536.0
2026-09-13T20:54:00.000+08:00,0.0,21.604747772216797,21.333984375,0.0,nan,388.79998779296875,0.0,0.0,2631.5,nan,nan,nan,65536.0
2026-09-13T20:55:00.000+08:00,0.0,21.63319206237793,21.47265625,0.0,nan,388.79998779296875,0.0,0.0,2631.5,nan,nan,nan,65536.0
2026-09-13T20:56:00.000+08:00,0.0,21.622602462768555,21.4453125,0.0,nan,388.3999938964844,0.0,0.0,2631.5,nan,nan,nan,65536.0
2026-09-13T20:57:00.000+08:00,0.0,21.74695587158203,21.25,0.0,nan,388.20001220703125,0.0,0.0,2631.5,nan,nan,nan,65536.0
2026-09-13T20:58:00.000+08:00,0.0,21.747602462768555,21.2919921875,0.0,nan,388.29998779296875,0.0,0.0,2631.5,nan,nan,nan,65536.0
2026-09-13T20:59:00.000+08:00,0.0,21.62592124938965,21.47216796875,0.0,nan,388.5,0.0,0.0,2631.5,nan,nan,nan,65536.0
2026-09-13T21:00:00.000+08:00,0.0,21.632522583007812,21.40283203125,0.0,nan,387.5,0.0,0.0,2631.5,nan,nan,nan,65536.0
2026-09-13T21:01:00.000+08:00,0.0,21.744970321655273,21.25,0.0,nan,387.3999938964844,0.0,0.0,2631.5,nan,nan,nan,65536.0
2026-09-13T21:02:00.000+08:00,0.0,21.64375877380371,21.375,0.0,nan,387.3999938964844,0.0,0.0,2631.5,nan,nan,nan,65536.0
2026-09-13T21:03:00.000+08:00,0.0,21.65766716003418,21.40283203125,0.0,nan,387.6000061035156,0.0,0.0,2631.5,nan,nan,nan,65536.0
2026-09-13T21:04:00.000+08:00,0.0,21.637157440185547,21.486328125,0.0,nan,388.0,0.0,0.0,2631.5,nan,nan,nan,65536.0
2026-09-13T21:05:00.000+08:00,0.0,21.64112663269043,21.4033203125,0.0,nan,387.6000061035156,0.0,0.0,2631.5,nan,nan,nan,65536.0
2026-09-13T21:06:00.000+08:00,0.2773270606994629,21.66295051574707,21.44482421875,0.001297826529480517,0.0,388.0,0.0,0.0,2631.5,nan,nan,nan,65536.0
2026-09-13T21:07:00.000+08:00,0.06642752140760422,21.676170349121094,21.4169921875,3.1233858317136765E-4,0.0,388.1000061035156,0.0,0.0,2631.5,nan,nan,nan,65536.0
2026-09-13T21:08:00.000+08:00,0.050940219312906265,21.67418670654297,21.47265625,2.566176117397845E-4,0.0,388.5,0.0,0.0,2631.5,nan,nan,nan,65536.0
2026-09-13T21:09:00.000+08:00,0.38334307074546814,21.682125091552734,21.388671875,0.0015999219613149762,0.0,388.0,0.0,0.0,2631.5,nan,nan,nan,65536.0
2026-09-13T21:10:00.000+08:00,0.0,21.668903350830078,21.375,0.0,nan,388.5,0.0,0.0,2631.5,nan,nan,nan,65536.0
2026-09-13T21:11:00.000+08:00,0.0,21.704614639282227,21.486328125,0.0,nan,388.1000061035156,0.0,0.0,2631.5,nan,nan,nan,65536.0
2026-09-13T21:12:00.000+08:00,0.0,21.703948974609375,21.44482421875,0.0,nan,388.0,0.0,0.0,2631.5,nan,nan,nan,65536.0
2026-09-13T21:13:00.000+08:00,0.0,21.678823471069336,21.486328125,0.0,nan,388.20001220703125,0.0,0.0,2631.5,nan,nan,nan,65536.0
2026-09-13T21:14:00.000+08:00,0.0,21.722454071044922,21.486328125,0.0,nan,388.20001220703125,0.0,0.0,2631.5,nan,nan,nan,65536.0
2026-09-13T21:15:00.000+08:00,0.05022098869085312,21.725751876831055,21.47265625,2.2211394389159977E-4,0.0,388.1000061035156,0.0,0.0,2631.5,nan,nan,nan,65536.0
2026-09-13T21:16:00.000+08:00,0.0,21.707897186279297,21.375,0.0,nan,388.70001220703125,0.0,0.0,2631.5,nan,nan,nan,65536.0
2026-09-13T21:17:00.000+08:00,0.6009541153907776,21.73105812072754,21.44482421875,0.004324435722082853,0.0,388.79998779296875,0.0,0.0,2631.5,nan,nan,nan,65536.0
2026-09-13T21:18:00.000+08:00,0.0,21.72641944885254,21.44482421875,0.0,nan,388.8999938964844,0.0,0.0,2631.5,nan,nan,nan,65536.0
2026-09-13T21:19:00.000+08:00,0.0,21.738327026367188,21.431640625,0.0,nan,388.29998779296875,0.0,0.0,2631.5,nan,nan,nan,65536.0
2026-09-13T21:20:00.000+08:00,0.3778296411037445,21.62656593322754,21.56982421875,0.0021915810648351908,0.0,388.6000061035156,0.0,0.0,2631.5,nan,nan,nan,65536.0
2026-09-13T21:21:00.000+08:00,0.11965159326791763,21.630535125732422,21.611328125,1.1007840657839552E-4,0.0,388.6000061035156,0.0,0.0,2631.5,nan,nan,nan,65536.0
2026-09-13T21:22:00.000+08:00,0.42689231038093567,21.62656593322754,21.5703125,0.002507943892851472,0.0,388.29998779296875,0.0,0.0,2631.5,nan,nan,nan,65536.0
2026-09-13T21:23:00.000+08:00,0.0,21.625228881835938,21.556640625,0.0,nan,388.29998779296875,0.0,0.0,2631.5,nan,nan,nan,65536.0
2026-09-13T21:24:00.000+08:00,0.8024410605430603,21.625228881835938,21.611328125,0.005590783432126045,0.0,388.20001220703125,0.0,0.0,2631.5,nan,nan,nan,65536.0
2026-09-13T21:25:00.000+08:00,0.13289080560207367,21.63713264465332,21.5556640625,1.5365025319624692E-4,0.0,388.3999938964844,0.0,0.0,2631.5,nan,nan,nan,65536.0
2026-09-13T21:26:00.000+08:00,0.0,21.635150909423828,21.556640625,0.0,nan,388.3999938964844,0.0,0.0,2631.5,nan,nan,nan,65536.0
2026-09-13T21:27:00.000+08:00,0.418643981218338,21.62788200378418,21.611328125,0.0027390874456614256,0.0,389.20001220703125,0.0,0.0,2631.5,nan,nan,nan,65536.0
2026-09-13T21:28:00.000+08:00,0.257794588804245,21.637802124023438,21.54150390625,0.00115598039701581,0.0,388.79998779296875,0.0,0.0,2631.5,nan,nan,nan,65536.0
2026-09-13T21:29:00.000+08:00,0.25905323028564453,21.651670455932617,21.611328125,1.417215244146064E-4,0.0,388.6000061035156,0.0,0.0,2631.5,nan,nan,nan,65536.0
2026-09-13T21:30:00.000+08:00,0.0,21.787904739379883,21.5419921875,0.0,nan,388.5,0.0,0.0,2631.5,nan,nan,nan,65536.0
2026-09-13T21:31:00.000+08:00,0.11140428483486176,21.799161911010742,21.556640625,2.922278072219342E-4,0.0,388.79998779296875,nan,nan,nan,nan,nan,nan,nan
2026-09-13T21:32:00.000+08:00,0.0,21.791227340698242,21.583984375,0.0,nan,388.20001220703125,0.0,0.0,2631.5,nan,nan,nan,65536.0
2026-09-13T21:33:00.000+08:00,0.0,21.803796768188477,21.51416015625,0.0,nan,389.0,0.0,0.0,2631.5,nan,nan,nan,65536.0
2026-09-13T21:34:00.000+08:00,0.0,nan,nan,0.0,nan,nan,0.0,0.0,2631.5,nan,nan,nan,65536.0
2026-09-13T21:35:00.000+08:00,0.0,21.82329559326172,21.6044921875,0.0,nan,388.6000061035156,0.0,0.0,2631.5,nan,nan,nan,65536.0
2026-09-13T21:36:00.000+08:00,0.0,21.828235626220703,21.5703125,0.0,nan,388.79998779296875,0.0,0.0,2631.5,nan,nan,nan,65536.0
2026-09-13T21:37:00.000+08:00,0.056312594562768936,21.83951187133789,21.58349609375,3.064268676098436E-4,0.0,388.29998779296875,0.0,0.0,2631.5,nan,nan,nan,65536.0
2026-09-13T21:38:00.000+08:00,0.0,21.840177536010742,21.556640625,0.0,nan,388.29998779296875,0.0,0.0,2631.5,nan,nan,nan,65536.0
2026-09-13T21:39:00.000+08:00,0.0,21.825603485107422,21.5,0.0,nan,388.70001220703125,0.0,0.0,2631.5,nan,nan,nan,65536.0
2026-09-13T21:40:00.000+08:00,0.0,21.846778869628906,21.56982421875,0.0,nan,387.20001220703125,0.0,0.0,2631.5,nan,nan,nan,65536.0
2026-09-13T21:41:00.000+08:00,0.0,21.82627296447754,21.611328125,0.0,nan,388.29998779296875,0.0,0.0,2631.5,nan,nan,nan,65536.0
2026-09-13T21:42:00.000+08:00,0.0,21.871923446655273,21.51416015625,0.0,nan,388.5,0.0,0.0,2631.5,nan,nan,nan,65536.0
2026-09-13T21:43:00.000+08:00,0.0,21.871885299682617,21.51416015625,0.0,nan,388.20001220703125,0.0,0.0,2631.5,nan,nan,nan,65536.0
2026-09-13T21:44:00.000+08:00,0.0,21.87388801574707,21.5703125,0.0,nan,388.6000061035156,0.0,0.0,2631.5,nan,nan,nan,65536.0
2026-09-13T21:45:00.000+08:00,0.007217143662273884,21.754819869995117,21.65283203125,3.7316469388315454E-5,0.0,388.3999938964844,0.0,0.0,2631.5,nan,nan,nan,65536.0
2026-09-13T21:46:00.000+08:00,0.0,21.86131477355957,21.51416015625,0.0,nan,388.20001220703125,0.0,0.0,2631.5,nan,nan,nan,65536.0
2026-09-13T21:47:00.000+08:00,0.20744048058986664,21.7601261138916,21.736328125,0.0013653035275638103,0.0,388.1000061035156,0.0,0.0,2631.5,nan,nan,nan,65536.0
2026-09-13T21:48:00.000+08:00,0.0,21.871923446655273,21.5,0.0,nan,388.6000061035156,0.0,0.0,2631.5,nan,nan,nan,65536.0
2026-09-13T21:49:00.000+08:00,0.038365598767995834,21.760791778564453,21.72265625,2.622576430439949E-4,0.0,388.79998779296875,0.0,0.0,2631.5,nan,nan,nan,65536.0
2026-09-13T21:50:00.000+08:00,0.0,21.7601261138916,21.681640625,0.0,nan,388.3999938964844,0.0,0.0,2631.5,nan,nan,nan,65536.0
2026-09-13T21:51:00.000+08:00,0.0,21.776662826538086,21.625,0.0,nan,388.3999938964844,0.0,0.0,2631.5,nan,nan,nan,65536.0
2026-09-13T21:52:00.000+08:00,0.00736615527421236,21.870588302612305,21.5419921875,4.5028209569863975E-5,0.0,388.70001220703125,0.0,0.0,2631.5,nan,nan,nan,65536.0
2026-09-13T21:53:00.000+08:00,0.22851771116256714,21.78196907043457,21.736328125,1.8182539497502148E-4,0.0,388.3999938964844,0.0,0.0,2631.5,nan,nan,nan,65536.0
2026-09-13T21:54:00.000+08:00,0.0,21.793813705444336,21.65283203125,0.0,nan,388.6000061035156,0.0,0.0,2631.5,nan,nan,nan,65536.0
2026-09-13T21:55:00.000+08:00,0.0,21.798450469970703,21.69482421875,0.0,nan,388.8999938964844,0.0,0.0,2631.5,nan,nan,nan,65536.0
2026-09-13T21:56:00.000+08:00,0.5090018510818481,21.78923797607422,21.736328125,0.0010398218873888254,0.0,389.1000061035156,0.0,0.0,2631.5,nan,nan,nan,65536.0
2026-09-13T21:57:00.000+08:00,0.08929985761642456,21.797842025756836,21.6953125,2.7220332412980497E-4,0.0,388.8999938964844,0.0,0.0,2631.5,nan,nan,nan,65536.0
2026-09-13T21:58:00.000+08:00,0.2907947599887848,21.81498908996582,21.6669921875,9.116991423070431E-4,0.0,389.29998779296875,0.0,0.0,2631.5,nan,nan,nan,65536.0
2026-09-13T21:59:00.000+08:00,0.12070958316326141,21.799116134643555,21.6953125,3.128178359474987E-4,0.0,389.20001220703125,0.0,0.0,2631.5,nan,nan,nan,65536.0
2026-09-13T22:00:00.000+08:00,0.0,21.932720184326172,21.625,0.0,nan,388.8999938964844,0.0,0.0,2631.5,nan,nan,nan,65536.0
2026-09-13T22:01:00.000+08:00,0.0,21.949949264526367,21.708984375,0.0,nan,388.79998779296875,0.0,0.0,2631.5,nan,nan,nan,65536.0
2026-09-13T22:02:00.000+08:00,0.0,21.931386947631836,21.69482421875,0.0,nan,389.20001220703125,0.0,0.0,2631.5,nan,nan,nan,65536.0
2026-09-13T22:03:00.000+08:00,0.0,21.944623947143555,21.6533203125,0.0,nan,389.3999938964844,0.0,0.0,2631.5,nan,nan,nan,65536.0
2026-09-13T22:04:00.000+08:00,0.0,21.96183204650879,21.625,0.0,nan,389.3999938964844,0.0,0.0,2631.5,nan,nan,nan,65536.0
2026-09-13T22:05:00.000+08:00,0.04667351022362709,21.94798469543457,21.708984375,2.831674355547875E-4,0.0,389.20001220703125,0.0,0.0,2631.5,nan,nan,nan,65536.0
2026-09-13T22:06:00.000+08:00,0.0,21.965744018554688,21.65283203125,0.0,nan,389.3999938964844,0.0,0.0,2631.5,nan,nan,nan,65536.0
2026-09-13T22:07:00.000+08:00,0.11539681255817413,21.949949264526367,21.625,6.099912570789456E-4,0.0,389.8999938964844,0.0,0.0,2631.5,nan,nan,nan,65536.0
2026-09-13T22:08:00.000+08:00,0.12606903910636902,21.97179412841797,21.6806640625,6.696063210256398E-4,0.0,389.5,0.0,0.0,2631.5,nan,nan,nan,65536.0
2026-09-13T22:09:00.000+08:00,0.0,21.961166381835938,21.66650390625,0.0,nan,389.6000061035156,0.0,0.0,2631.5,nan,nan,nan,65536.0
2026-09-13T22:10:00.000+08:00,0.33389991521835327,21.970399856567383,21.736328125,0.0015397662064060569,0.0,389.70001220703125,0.0,0.0,2631.5,nan,nan,nan,65536.0
2026-09-13T22:11:00.000+08:00,0.3742901086807251,21.975034713745117,21.6953125,0.0021171250846236944,0.0,389.70001220703125,0.0,0.0,2631.5,nan,nan,nan,65536.0
2026-09-13T22:12:00.000+08:00,0.2138022929430008,21.986251831054688,21.72216796875,0.001507375854998827,0.0,389.6000061035156,0.0,0.0,2631.5,nan,nan,nan,65536.0
2026-09-13T22:13:00.000+08:00,0.007299596909433603,21.99687957763672,21.708984375,4.306800838094205E-5,0.0,389.8999938964844,0.0,0.0,2631.5,nan,nan,nan,65536.0
2026-09-13T22:14:00.000+08:00,0.4028785228729248,21.882429122924805,21.75,0.0025575244799256325,0.0,389.79998779296875,0.0,0.0,2631.5,nan,nan,nan,65536.0
2026-09-13T22:15:00.000+08:00,0.0,21.994855880737305,21.708984375,0.0,nan,389.79998779296875,0.0,0.0,2631.5,nan,nan,nan,65536.0
2026-09-13T22:16:00.000+08:00,0.0,21.99291229248047,21.6669921875,0.0,nan,389.70001220703125,0.0,0.0,2631.5,nan,nan,nan,65536.0
2026-09-13T22:17:00.000+08:00,0.23500370979309082,21.878477096557617,21.861328125,1.5278167848009616E-4,0.0,389.8999938964844,0.0,0.0,2631.5,nan,nan,nan,65536.0
2026-09-13T22:18:00.000+08:00,0.0,21.994855880737305,21.736328125,0.0,nan,389.8999938964844,0.0,0.0,2631.5,nan,nan,nan,65536.0
2026-09-13T22:19:00.000+08:00,0.5977542996406555,21.89238739013672,21.7919921875,0.003511354560032487,0.0,389.6000061035156,0.0,0.0,2631.5,nan,nan,nan,65536.0
2026-09-13T22:20:00.000+08:00,0.0,21.88836097717285,21.84716796875,0.0,nan,389.5,0.0,0.0,2631.5,nan,nan,nan,65536.0
2026-09-13T22:21:00.000+08:00,0.059299785643815994,21.91747283935547,21.83349609375,8.163542952388525E-5,0.0,389.29998779296875,0.0,0.0,2631.5,nan,nan,nan,65536.0
2026-09-13T22:22:00.000+08:00,0.23729848861694336,21.888418197631836,21.81982421875,3.0427248566411436E-4,0.0,389.20001220703125,0.0,0.0,2631.5,nan,nan,nan,65536.0
2026-09-13T22:23:00.000+08:00,0.0,21.888418197631836,21.833984375,0.0,nan,389.29998779296875,0.0,0.0,2631.5,nan,nan,nan,65536.0
2026-09-13T22:24:00.000+08:00,0.0,21.90564727783203,21.806640625,0.0,nan,389.5,0.0,0.0,2631.5,nan,nan,nan,65536.0
2026-09-13T22:25:00.000+08:00,0.0,21.914173126220703,21.84716796875,0.0,nan,389.3999938964844,0.0,0.0,2631.5,nan,nan,nan,65536.0
2026-09-13T22:26:00.000+08:00,0.0,21.9393367767334,21.8203125,0.0,nan,389.3999938964844,0.0,0.0,2631.5,nan,nan,nan,65536.0
2026-09-13T22:27:00.000+08:00,0.0,21.905569076538086,21.79150390625,0.0,nan,389.20001220703125,0.0,0.0,2631.5,nan,nan,nan,65536.0
2026-09-13T22:28:00.000+08:00,0.0,21.93798065185547,21.81982421875,0.0,nan,389.20001220703125,0.0,0.0,2631.5,nan,nan,nan,65536.0
2026-09-13T22:29:00.000+08:00,0.0,21.940004348754883,21.8203125,0.0,nan,388.0,0.0,0.0,2631.5,nan,nan,nan,65536.0
2026-09-13T22:30:00.000+08:00,0.05235781893134117,21.920162200927734,21.833984375,1.3586315617430955E-4,0.0,387.79998779296875,nan,nan,nan,nan,nan,nan,nan
2026-09-13T22:31:00.000+08:00,0.0,21.916194915771484,21.77783203125,0.0,nan,388.20001220703125,0.0,0.0,2631.5,nan,nan,nan,65536.0
2026-09-13T22:32:00.000+08:00,0.0,22.08746337890625,21.76416015625,0.0,nan,389.0,0.0,0.0,2631.5,nan,nan,nan,65536.0
2026-09-13T22:33:00.000+08:00,0.5356769561767578,nan,nan,0.0016537075862288475,0.0,nan,0.0,0.0,2631.5,nan,nan,nan,65536.0
2026-09-13T22:34:00.000+08:00,0.21123531460762024,22.081509590148926,21.820068359375,0.0012452363735064864,0.0,388.75,0.0,0.0,2631.5,nan,nan,nan,65536.0
2026-09-13T22:35:00.000+08:00,0.4116106331348419,22.068973541259766,21.861328125,0.0017206722404807806,0.0,388.70001220703125,0.0,0.0,2631.5,nan,nan,nan,65536.0
2026-09-13T22:36:00.000+08:00,0.0,22.08940887451172,21.8203125,0.0,nan,389.5,0.0,0.0,2631.5,nan,nan,nan,65536.0
2026-09-13T22:37:00.000+08:00,0.12136126309633255,22.074886322021484,21.77783203125,6.113952258601785E-4,0.0,389.20001220703125,0.0,0.0,2631.5,nan,nan,nan,65536.0
2026-09-13T22:38:00.000+08:00,0.0,22.06103515625,21.7783203125,0.0,nan,389.29998779296875,0.0,0.0,2631.5,nan,nan,nan,65536.0
2026-09-13T22:39:00.000+08:00,0.050501130521297455,22.08477210998535,21.833984375,2.5593649479560554E-4,0.0,389.0,0.0,0.0,2631.5,nan,nan,nan,65536.0
2026-09-13T22:40:00.000+08:00,0.0,22.11128044128418,21.806640625,0.0,nan,389.6000061035156,0.0,0.0,2631.5,nan,nan,nan,65536.0
2026-09-13T22:41:00.000+08:00,0.0,22.11727523803711,21.76416015625,0.0,nan,389.20001220703125,0.0,0.0,2631.5,nan,nan,nan,65536.0
2026-09-13T22:42:00.000+08:00,0.0,22.107311248779297,21.861328125,0.0,nan,389.0,0.0,0.0,2631.5,nan,nan,nan,65536.0
2026-09-13T22:43:00.000+08:00,0.0,22.116605758666992,21.76416015625,0.0,nan,388.6000061035156,0.0,0.0,2631.5,nan,nan,nan,65536.0
2026-09-13T22:44:00.000+08:00,0.0,22.114564895629883,21.75,0.0,nan,388.8999938964844,0.0,0.0,2631.5,nan,nan,nan,65536.0
2026-09-13T22:45:00.000+08:00,0.5315592885017395,22.003416061401367,21.90283203125,0.00291734142228961,0.0,388.79998779296875,0.0,0.0,2631.5,nan,nan,nan,65536.0
2026-09-13T22:46:00.000+08:00,0.08158998191356659,22.012123107910156,21.97265625,4.592649347614497E-4,0.0,388.8999938964844,0.0,0.0,2631.5,nan,nan,nan,65536.0
2026-09-13T22:47:00.000+08:00,0.47606226801872253,22.113893508911133,21.79150390625,0.0032349831890314817,0.0,388.70001220703125,0.0,0.0,2631.5,nan,nan,nan,65536.0
2026-09-13T22:48:00.000+08:00,0.0,22.021318435668945,21.958984375,0.0,nan,388.70001220703125,0.0,0.0,2631.5,nan,nan,nan,65536.0
2026-09-13T22:49:00.000+08:00,0.27204209566116333,22.010766983032227,21.9453125,3.1776135438121855E-4,0.0,388.79998779296875,0.0,0.0,2631.5,nan,nan,nan,65536.0
2026-09-13T22:50:00.000+08:00,0.0,22.005441665649414,21.91650390625,0.0,nan,388.70001220703125,0.0,0.0,2631.5,nan,nan,nan,65536.0
2026-09-13T22:51:00.000+08:00,0.0,22.02334213256836,21.95849609375,0.0,nan,388.6000061035156,0.0,0.0,2631.5,nan,nan,nan,65536.0
2026-09-13T22:52:00.000+08:00,0.0,22.02664566040039,21.958984375,0.0,nan,389.3999938964844,0.0,0.0,2631.5,nan,nan,nan,65536.0
2026-09-13T22:53:00.000+08:00,0.0,22.018707275390625,21.9453125,0.0,nan,389.20001220703125,0.0,0.0,2631.5,nan,nan,nan,65536.0
2026-09-13T22:54:00.000+08:00,0.0,22.010766983032227,21.986328125,0.0,nan,389.1000061035156,0.0,0.0,2631.5,nan,nan,nan,65536.0
2026-09-13T22:55:00.000+08:00,0.2642090320587158,22.045806884765625,21.875,4.086395201738924E-4,0.0,389.3999938964844,0.0,0.0,2631.5,nan,nan,nan,65536.0
2026-09-13T22:56:00.000+08:00,0.0,22.039125442504883,21.97265625,0.0,nan,389.8999938964844,0.0,0.0,2631.5,nan,nan,nan,65536.0
2026-09-13T22:57:00.000+08:00,0.0,22.032560348510742,21.97265625,0.0,nan,389.70001220703125,0.0,0.0,2631.5,nan,nan,nan,65536.0
2026-09-13T22:58:00.000+08:00,0.0,22.039220809936523,21.97265625,0.0,nan,389.6000061035156,0.0,0.0,2631.5,nan,nan,nan,65536.0
2026-09-13T22:59:00.000+08:00,0.0,22.045236587524414,21.875,0.0,nan,388.70001220703125,0.0,0.0,2631.5,nan,nan,nan,65536.0
2026-09-13T23:00:00.000+08:00,0.0,22.047161102294922,21.9453125,0.0,nan,388.79998779296875,0.0,0.0,2631.5,nan,nan,nan,65536.0
2026-09-13T23:01:00.000+08:00,0.11906150728464127,22.080862045288086,21.97265625,2.8396781999617815E-4,0.0,388.79998779296875,0.0,0.0,2631.5,nan,nan,nan,65536.0
2026-09-13T23:02:00.000+08:00,0.0,22.035842895507812,21.97265625,0.0,nan,388.8999938964844,0.0,0.0,2631.5,nan,nan,nan,65536.0
2026-09-13T23:03:00.000+08:00,0.0,22.159584045410156,21.95849609375,0.0,nan,388.79998779296875,0.0,0.0,2631.5,nan,nan,nan,65536.0
2026-09-13T23:04:00.000+08:00,0.5975139141082764,22.066909790039062,21.9453125,0.0012936554849147797,0.0,386.8999938964844,0.0,0.0,2631.5,nan,nan,nan,65536.0
2026-09-13T23:05:00.000+08:00,0.41145962476730347,22.0399112701416,21.9306640625,0.001181257190182805,0.0,387.20001220703125,0.0,0.0,2631.5,nan,nan,nan,65536.0
2026-09-13T23:06:00.000+08:00,0.11640612035989761,22.070980072021484,21.931640625,1.7864331312011927E-4,0.0,387.0,0.0,0.0,2631.5,nan,nan,nan,65536.0
2026-09-13T23:07:00.000+08:00,0.5345812439918518,22.197925567626953,21.94482421875,0.0010007756063714623,0.0,386.8999938964844,0.0,0.0,2631.5,nan,nan,nan,65536.0
2026-09-13T23:08:00.000+08:00,0.030072590336203575,22.20256233215332,21.88916015625,1.0260054841637611E-4,0.0,386.79998779296875,0.0,0.0,2631.5,nan,nan,nan,65536.0
2026-09-13T23:09:00.000+08:00,0.6992979645729065,22.082887649536133,21.875,0.0014213199028745294,0.0,386.6000061035156,0.0,0.0,2631.5,nan,nan,nan,65536.0
2026-09-13T23:10:00.000+08:00,0.3855196535587311,22.198591232299805,21.9453125,0.0016527605475857854,0.0,386.29998779296875,0.0,0.0,2631.5,nan,nan,nan,65536.0
2026-09-13T23:11:00.000+08:00,1.4698256254196167,22.217182159423828,21.94482421875,0.005020759999752045,0.0,385.70001220703125,0.0,0.0,2631.5,nan,nan,nan,65536.0
2026-09-13T23:12:00.000+08:00,0.25857341289520264,22.220365524291992,21.986328125,6.858649430796504E-4,0.0,385.5,0.0,0.0,2631.5,nan,nan,nan,65536.0
2026-09-13T23:13:00.000+08:00,1.0444185733795166,22.213783264160156,21.875,0.0050899269990623,0.0,385.79998779296875,0.0,0.0,2631.5,nan,nan,nan,65536.0
2026-09-13T23:14:00.000+08:00,0.3100421130657196,22.233631134033203,21.9453125,9.910983499139547E-4,0.0,385.70001220703125,0.0,0.0,2631.5,nan,nan,nan,65536.0
2026-09-13T23:15:00.000+08:00,0.2854928970336914,22.22773551940918,21.958984375,0.0014324038056656718,0.0,386.1000061035156,0.0,0.0,2631.5,nan,nan,nan,65536.0
2026-09-13T23:16:00.000+08:00,0.6796671748161316,22.231704711914062,21.97265625,0.004515086766332388,0.0,386.0,0.0,0.0,2631.5,nan,nan,nan,65536.0
2026-09-13T23:17:00.000+08:00,0.0,22.20981216430664,21.958984375,0.0,nan,385.70001220703125,0.0,0.0,2631.5,nan,nan,nan,65536.0
2026-09-13T23:18:00.000+08:00,0.1742008775472641,22.242828369140625,21.958984375,8.565877215005457E-4,0.0,386.29998779296875,0.0,0.0,2631.5,nan,nan,nan,65536.0
2026-09-13T23:19:00.000+08:00,0.0,22.22966194152832,21.958984375,0.0,nan,386.1000061035156,0.0,0.0,2631.5,nan,nan,nan,65536.0
2026-09-13T23:20:00.000+08:00,0.08497652411460876,22.222410202026367,21.94482421875,4.5347539708018303E-4,0.0,386.0,0.0,0.0,2631.5,nan,nan,nan,65536.0
2026-09-13T23:21:00.000+08:00,0.0,22.233631134033203,21.97265625,0.0,nan,385.70001220703125,0.0,0.0,2631.5,nan,nan,nan,65536.0
2026-09-13T23:22:00.000+08:00,0.5229254961013794,22.219797134399414,21.94482421875,0.0028275279328227043,0.0,386.5,0.0,0.0,2631.5,nan,nan,nan,65536.0
2026-09-13T23:23:00.000+08:00,0.0,22.15229606628418,22.0,0.0,nan,386.20001220703125,0.0,0.0,2631.5,nan,nan,nan,65536.0
2026-09-13T23:24:00.000+08:00,0.0,22.130521774291992,22.111328125,0.0,nan,386.3999938964844,0.0,0.0,2631.5,nan,nan,nan,65536.0
2026-09-13T23:25:00.000+08:00,0.0,22.1436710357666,22.09765625,0.0,nan,386.29998779296875,0.0,0.0,2631.5,nan,nan,nan,65536.0
2026-09-13T23:26:00.000+08:00,0.5254477858543396,22.24292755126953,21.958984375,0.0035912927705794573,0.0,386.20001220703125,0.0,0.0,2631.5,nan,nan,nan,65536.0
2026-09-13T23:27:00.000+08:00,0.3184722363948822,22.247583389282227,21.986328125,5.706647643819451E-4,0.0,386.70001220703125,0.0,0.0,2631.5,nan,nan,nan,65536.0
2026-09-13T23:28:00.000+08:00,0.18287834525108337,22.131879806518555,22.111328125,0.0012028133496642113,0.0,386.20001220703125,0.0,0.0,2631.5,nan,nan,nan,65536.0
2026-09-13T23:29:00.000+08:00,0.0,22.129837036132812,22.083984375,0.0,nan,386.0,nan,nan,nan,nan,nan,nan,nan
2026-09-13T23:30:00.000+08:00,0.0,22.135730743408203,22.01416015625,0.0,nan,385.8999938964844,0.0,0.0,2631.5,nan,nan,nan,65536.0
2026-09-13T23:31:00.000+08:00,0.0,nan,nan,0.0,nan,nan,0.0,0.0,2631.5,nan,nan,nan,65536.0
2026-09-13T23:32:00.000+08:00,0.0,22.192678451538086,22.007080078125,0.0,nan,386.04998779296875,0.0,0.0,2631.5,nan,nan,nan,65536.0
2026-09-13T23:33:00.000+08:00,0.2843564450740814,22.164207458496094,22.09765625,4.0919563616625965E-4,0.0,386.3999938964844,0.0,0.0,2631.5,nan,nan,nan,65536.0
2026-09-13T23:34:00.000+08:00,0.338602751493454,22.151607513427734,22.02783203125,9.164922521449625E-4,0.0,386.29998779296875,0.0,0.0,2631.5,nan,nan,nan,65536.0
2026-09-13T23:35:00.000+08:00,0.0,22.170101165771484,22.09765625,0.0,nan,386.20001220703125,0.0,0.0,2631.5,nan,nan,nan,65536.0
2026-09-13T23:36:00.000+08:00,0.08062338829040527,22.156265258789062,22.06982421875,1.0587702126940712E-4,0.0,385.79998779296875,0.0,0.0,2631.5,nan,nan,nan,65536.0
2026-09-13T23:37:00.000+08:00,0.179119274020195,22.13981819152832,22.111328125,4.6184062375687063E-4,0.0,386.0,0.0,0.0,2631.5,nan,nan,nan,65536.0
2026-09-13T23:38:00.000+08:00,0.2795165479183197,22.1661319732666,22.09765625,3.112595295533538E-4,0.0,386.1000061035156,0.0,0.0,2631.5,nan,nan,nan,65536.0
2026-09-13T23:39:00.000+08:00,0.03763643652200699,22.168176651000977,22.08349609375,6.172142457216978E-5,0.0,386.20001220703125,0.0,0.0,2631.5,nan,nan,nan,65536.0
2026-09-13T23:40:00.000+08:00,0.0,22.152965545654297,22.01416015625,0.0,nan,386.20001220703125,0.0,0.0,2631.5,nan,nan,nan,65536.0
2026-09-13T23:41:00.000+08:00,0.025462161749601364,22.286590576171875,22.09716796875,4.147885556449182E-5,0.0,386.3999938964844,0.0,0.0,2631.5,nan,nan,nan,65536.0
2026-09-13T23:42:00.000+08:00,0.16128751635551453,22.184720993041992,22.09765625,5.381892551667988E-4,0.0,386.5,0.0,0.0,2631.5,nan,nan,nan,65536.0
2026-09-13T23:43:00.000+08:00,0.0,22.188692092895508,22.02783203125,0.0,nan,386.29998779296875,0.0,0.0,2631.5,nan,nan,nan,65536.0
2026-09-13T23:44:00.000+08:00,0.6039890050888062,22.316303253173828,22.111328125,0.0019177625654265285,0.0,386.29998779296875,0.0,0.0,2631.5,nan,nan,nan,65536.0
2026-09-13T23:45:00.000+08:00,0.21970613300800323,22.190616607666016,22.056640625,7.187215378507972E-4,0.0,386.3999938964844,0.0,0.0,2631.5,nan,nan,nan,65536.0
2026-09-13T23:46:00.000+08:00,0.7139120697975159,22.318349838256836,22.083984375,0.001182794338092208,0.0,386.1000061035156,0.0,0.0,2631.5,nan,nan,nan,65536.0
2026-09-13T23:47:00.000+08:00,0.6361944079399109,22.19266128540039,22.0,0.0014321987982839346,0.0,386.1000061035156,0.0,0.0,2631.5,nan,nan,nan,65536.0
2026-09-13T23:48:00.000+08:00,0.033235616981983185,22.178159713745117,22.01416015625,5.3903138905297965E-5,0.0,385.79998779296875,0.0,0.0,2631.5,nan,nan,nan,65536.0
2026-09-13T23:49:00.000+08:00,0.49378374218940735,22.323007583618164,22.083984375,0.0011732521234080195,0.0,385.5,0.0,0.0,2631.5,nan,nan,nan,65536.0
2026-09-13T23:50:00.000+08:00,0.3522264063358307,22.30575180053711,22.0,0.0014610690996050835,0.0,385.20001220703125,0.0,0.0,2631.5,nan,nan,nan,65536.0
2026-09-13T23:51:00.000+08:00,0.13180997967720032,22.325599670410156,22.056640625,6.465351907536387E-4,0.0,385.3999938964844,0.0,0.0,2631.5,nan,nan,nan,65536.0
2026-09-13T23:52:00.000+08:00,0.561835527420044,22.316974639892578,22.0,0.0024235700257122517,0.0,385.70001220703125,0.0,0.0,2631.5,nan,nan,nan,65536.0
2026-09-13T23:53:00.000+08:00,0.08152640610933304,22.336822509765625,22.0,5.540390848182142E-4,0.0,385.3999938964844,0.0,0.0,2631.5,nan,nan,nan,65536.0
2026-09-13T23:54:00.000+08:00,0.1984957903623581,22.33558464050293,22.0419921875,0.0010523274540901184,0.0,385.5,0.0,0.0,2631.5,nan,nan,nan,65536.0
2026-09-13T23:55:00.000+08:00,0.5227854251861572,22.338197708129883,22.111328125,0.0033361981622874737,0.0,386.20001220703125,0.0,0.0,2631.5,nan,nan,nan,65536.0
2026-09-13T23:56:00.000+08:00,0.08348540961742401,22.344758987426758,22.06982421875,4.037788021378219E-4,0.0,386.20001220703125,0.0,0.0,2631.5,nan,nan,nan,65536.0
2026-09-13T23:57:00.000+08:00,0.21028462052345276,22.349416732788086,22.01416015625,0.0013448133831843734,0.0,386.3999938964844,0.0,0.0,2631.5,nan,nan,nan,65536.0
2026-09-13T23:58:00.000+08:00,0.7608697414398193,22.33149528503418,22.111328125,0.003420724533498287,0.0,386.29998779296875,0.0,0.0,2631.5,nan,nan,nan,65536.0
2026-09-13T23:59:00.000+08:00,0.024260131642222404,nan,nan,1.5703708049841225E-4,0.0,nan,nan,nan,nan,nan,nan,nan,nan
