timestamp,門診大樓_AH_1_3冰水流量,門診大樓_AH_1_3溫度1,門診大樓_AH_1_3溫度2,門診大樓_AH_1_3冷凍頓,門診大樓_AH_1_3冰水效率,門診大樓_AH_1_3電壓平均,門診大樓_AH_1_3電流平均,門診大樓_AH_1_3輸出功率,門診大樓_AH_1_3輸出功率千瓦時,門診大樓_AH_1_3 EC_FAN直流電壓,門診大樓_AH_1_3 EC_FAN直流電流,門診大樓_AH_1_3 EC_FAN有效功率,門診大樓_AH_1_3 EC_FAN輸出功率千瓦時
2026-09-14T00:00:00.000+08:00,0.27146095037460327,22.34379768371582,22.070068359375,0.0019638161174952984,0.0,386.1000061035156,0.0,0.0,2631.5,nan,nan,nan,65536.0
2026-09-14T00:01:00.000+08:00,0.3066555857658386,22.32956886291504,22.0703125,0.001850818982347846,0.0,386.20001220703125,0.0,0.0,2631.5,nan,nan,nan,65536.0
2026-09-14T00:02:00.000+08:00,0.0,22.33558464050293,22.0419921875,0.0,nan,385.79998779296875,0.0,0.0,2631.5,nan,nan,nan,65536.0
2026-09-14T00:03:00.000+08:00,0.17536616325378418,22.333538055419922,22.08349609375,0.0010077384067699313,0.0,385.8999938964844,0.0,0.0,2631.5,nan,nan,nan,65536.0
2026-09-14T00:04:00.000+08:00,0.07112934440374374,22.345449447631836,22.01416015625,3.880137228406966E-4,0.0,385.79998779296875,0.0,0.0,2631.5,nan,nan,nan,65536.0
2026-09-14T00:05:00.000+08:00,0.4416871964931488,22.25220489501953,22.20849609375,0.002165513811632991,0.0,385.8999938964844,0.0,0.0,2631.5,nan,nan,nan,65536.0
2026-09-14T00:06:00.000+08:00,0.3231651186943054,22.370622634887695,22.111328125,0.0020013630855828524,0.0,385.8999938964844,0.0,0.0,2631.5,nan,nan,nan,65536.0
2026-09-14T00:07:00.000+08:00,0.09315330535173416,22.250829696655273,22.125,5.898508243262768E-4,0.0,385.79998779296875,0.0,0.0,2631.5,nan,nan,nan,65536.0
2026-09-14T00:08:00.000+08:00,0.372970849275589,22.365964889526367,22.22265625,0.0019895604345947504,0.0,385.79998779296875,0.0,0.0,2631.5,nan,nan,nan,65536.0
2026-09-14T00:09:00.000+08:00,0.0,22.356670379638672,22.083984375,0.0,nan,385.6000061035156,0.0,0.0,2631.5,nan,nan,nan,65536.0
2026-09-14T00:10:00.000+08:00,0.5120019316673279,22.36993408203125,22.083984375,0.0027228316757827997,0.0,385.79998779296875,0.0,0.0,2631.5,nan,nan,nan,65536.0
2026-09-14T00:11:00.000+08:00,0.7370317578315735,22.355432510375977,22.056640625,0.00101589469704777,0.0,385.6000061035156,0.0,0.0,2631.5,nan,nan,nan,65536.0
2026-09-14T00:12:00.000+08:00,0.20880840718746185,22.2554874420166,22.236328125,0.001027772668749094,0.0,385.79998779296875,0.0,0.0,2631.5,nan,nan,nan,65536.0
2026-09-14T00:13:00.000+08:00,0.7527545094490051,22.25945472717285,22.15283203125,0.004270823672413826,0.0,385.29998779296875,0.0,0.0,2631.5,nan,nan,nan,65536.0
2026-09-14T00:14:00.000+08:00,0.8950012922286987,22.373905181884766,22.0703125,0.006358113139867783,0.0,385.20001220703125,0.0,0.0,2631.5,nan,nan,nan,65536.0
2026-09-14T00:15:00.000+08:00,0.6897711753845215,22.2554874420166,22.20849609375,0.004017426632344723,0.0,384.70001220703125,0.0,0.0,2631.5,nan,nan,nan,65536.0
2026-09-14T00:16:00.000+08:00,0.7485136389732361,22.266157150268555,22.22265625,0.004264240153133869,0.0,385.70001220703125,0.0,0.0,2631.5,nan,nan,nan,65536.0
2026-09-14T00:17:00.000+08:00,0.4140951633453369,22.27067756652832,22.181640625,0.0028095890302211046,0.0,385.29998779296875,0.0,0.0,2631.5,nan,nan,nan,65536.0
2026-09-14T00:18:00.000+08:00,1.4280884265899658,22.268753051757812,22.19482421875,0.002072995761409402,0.0,385.29998779296875,0.0,0.0,2631.5,nan,nan,nan,65536.0
2026-09-14T00:19:00.000+08:00,0.8703070282936096,22.270814895629883,22.236328125,0.0019698378164321184,0.0,385.29998779296875,0.0,0.0,2631.5,nan,nan,nan,65536.0
2026-09-14T00:20:00.000+08:00,0.3610101640224457,22.26411247253418,22.236328125,0.0021413597278296947,0.0,385.79998779296875,0.0,0.0,2631.5,nan,nan,nan,65536.0
2026-09-14T00:21:00.000+08:00,0.2480243593454361,22.284631729125977,22.208984375,4.5499001862481236E-4,0.0,385.79998779296875,0.0,0.0,2631.5,nan,nan,nan,65536.0
2026-09-14T00:22:00.000+08:00,0.7886067628860474,22.284631729125977,22.19482421875,9.535802528262138E-4,0.0,385.79998779296875,0.0,0.0,2631.5,nan,nan,nan,65536.0
2026-09-14T00:23:00.000+08:00,0.30015766620635986,22.271366119384766,22.236328125,7.779241423122585E-4,0.0,385.79998779296875,0.0,0.0,2631.5,nan,nan,nan,65536.0
2026-09-14T00:24:00.000+08:00,0.41554951667785645,22.284631729125977,22.20849609375,6.766318110749125E-4,0.0,386.20001220703125,0.0,0.0,2631.5,nan,nan,nan,65536.0
2026-09-14T00:25:00.000+08:00,0.33443933725357056,22.274648666381836,22.1953125,4.8706281813792884E-4,0.0,386.3999938964844,0.0,0.0,2631.5,nan,nan,nan,65536.0
2026-09-14T00:26:00.000+08:00,0.5746058225631714,22.298446655273438,22.19482421875,0.0014261980541050434,0.0,386.29998779296875,0.0,0.0,2631.5,nan,nan,nan,65536.0
2026-09-14T00:27:00.000+08:00,0.788578987121582,22.261499404907227,22.208984375,7.021483615972102E-4,0.0,386.3999938964844,0.0,0.0,2631.5,nan,nan,nan,65536.0
2026-09-14T00:28:00.000+08:00,0.08202211558818817,22.297225952148438,22.1953125,2.4686253163963556E-4,0.0,386.3999938964844,0.0,0.0,2631.5,nan,nan,nan,65536.0
2026-09-14T00:29:00.000+08:00,0.5325844883918762,22.27737808227539,22.181640625,0.0010551249142736197,0.0,386.20001220703125,0.0,0.0,2631.5,nan,nan,nan,65536.0
2026-09-14T00:30:00.000+08:00,0.426548570394516,22.294475555419922,22.22265625,9.283958934247494E-4,0.0,386.6000061035156,0.0,0.0,2631.5,nan,nan,nan,65536.0
2026-09-14T00:31:00.000+08:00,0.0,22.296537399291992,22.181640625,0.0,nan,385.8999938964844,0.0,0.0,2631.5,nan,nan,nan,65536.0
2026-09-14T00:32:00.000+08:00,0.0,22.289976119995117,22.236328125,0.0,nan,386.0,0.0,0.0,2631.5,nan,nan,nan,65536.0
2026-09-14T00:33:00.000+08:00,0.0,22.289287567138672,22.208984375,0.0,nan,386.0,0.0,0.0,2631.5,nan,nan,nan,65536.0
2026-09-14T00:34:00.000+08:00,0.06986969709396362,22.416879653930664,22.13916015625,7.055673631839454E-5,0.0,386.20001220703125,0.0,0.0,2631.5,nan,nan,nan,65536.0
2026-09-14T00:35:00.000+08:00,0.0,22.451921463012695,22.236328125,0.0,nan,386.5,0.0,0.0,2631.5,nan,nan,nan,65536.0
2026-09-14T00:36:00.000+08:00,0.22709216177463531,22.428102493286133,22.1953125,7.239075493998826E-4,0.0,386.29998779296875,0.0,0.0,2631.5,nan,nan,nan,65536.0
2026-09-14T00:37:00.000+08:00,0.23660507798194885,22.417570114135742,22.13916015625,9.283538674935699E-4,0.0,386.20001220703125,0.0,0.0,2631.5,nan,nan,nan,65536.0
2026-09-14T00:38:00.000+08:00,0.0,22.303102493286133,22.208984375,0.0,nan,386.5,0.0,0.0,2631.5,nan,nan,nan,65536.0
2026-09-14T00:39:00.000+08:00,0.35851767659187317,22.43207359313965,22.236328125,0.0013122771633788943,0.0,386.3999938964844,0.0,0.0,2631.5,nan,nan,nan,65536.0
2026-09-14T00:40:00.000+08:00,0.4628816545009613,22.422225952148438,22.1669921875,0.0021852380596101284,0.0,386.29998779296875,0.0,0.0,2631.5,nan,nan,nan,65536.0
2026-09-14T00:41:00.000+08:00,0.0,22.43741798400879,22.22265625,0.0,nan,386.29998779296875,0.0,0.0,2631.5,nan,nan,nan,65536.0
2026-09-14T00:42:00.000+08:00,0.0,22.433448791503906,22.19482421875,0.0,nan,386.20001220703125,0.0,0.0,2631.5,nan,nan,nan,65536.0
2026-09-14T00:43:00.000+08:00,0.0,22.453296661376953,22.22265625,0.0,nan,386.6000061035156,0.0,0.0,2631.5,nan,nan,nan,65536.0
2026-09-14T00:44:00.000+08:00,0.0,22.43741798400879,22.125,0.0,nan,386.6000061035156,0.0,0.0,2631.5,nan,nan,nan,65536.0
2026-09-14T00:45:00.000+08:00,0.0,22.43207359313965,22.16650390625,0.0,nan,386.70001220703125,0.0,0.0,2631.5,nan,nan,nan,65536.0
2026-09-14T00:46:00.000+08:00,0.0,22.44466781616211,22.181640625,0.0,nan,386.5,0.0,0.0,2631.5,nan,nan,nan,65536.0
2026-09-14T00:47:00.000+08:00,0.04580725356936455,22.471080780029297,22.236328125,2.0338367903605103E-4,0.0,386.29998779296875,0.0,0.0,2631.5,nan,nan,nan,65536.0
2026-09-14T00:48:00.000+08:00,0.02448464371263981,22.48039436340332,22.125,1.0247366299154237E-4,0.0,386.5,0.0,0.0,2631.5,nan,nan,nan,65536.0
2026-09-14T00:49:00.000+08:00,0.0,22.467798233032227,22.125,0.0,nan,386.70001220703125,0.0,0.0,2631.5,nan,nan,nan,65536.0
2026-09-14T00:50:00.000+08:00,0.025700580328702927,22.445354461669922,22.181640625,1.3127598504070193E-4,0.0,386.70001220703125,0.0,0.0,2631.5,nan,nan,nan,65536.0
2026-09-14T00:51:00.000+08:00,0.17823810875415802,22.467798233032227,22.1953125,8.820315706543624E-4,0.0,386.8999938964844,0.0,0.0,2631.5,nan,nan,nan,65536.0
2026-09-14T00:52:00.000+08:00,0.0,22.469173431396484,22.236328125,0.0,nan,386.70001220703125,0.0,0.0,2631.5,nan,nan,nan,65536.0
2026-09-14T00:53:00.000+08:00,0.38428282737731934,22.446043014526367,22.22216796875,0.0025886863004416227,0.0,387.0,0.0,0.0,2631.5,nan,nan,nan,65536.0
2026-09-14T00:54:00.000+08:00,0.23147907853126526,22.467111587524414,22.19482421875,0.0011371433502063155,0.0,387.20001220703125,0.0,0.0,2631.5,nan,nan,nan,65536.0
2026-09-14T00:55:00.000+08:00,0.5217125415802002,22.467267990112305,22.236328125,0.0035215767566114664,0.0,386.79998779296875,0.0,0.0,2631.5,nan,nan,nan,65536.0
2026-09-14T00:56:00.000+08:00,0.16501380503177643,22.469173431396484,22.208984375,8.207298815250397E-4,0.0,386.79998779296875,0.0,0.0,2631.5,nan,nan,nan,65536.0
2026-09-14T00:57:00.000+08:00,0.8001095056533813,22.476425170898438,22.15283203125,0.00430322578176856,0.0,386.79998779296875,0.0,0.0,2631.5,nan,nan,nan,65536.0
2026-09-14T00:58:00.000+08:00,0.0,nan,nan,0.0,nan,nan,nan,nan,nan,nan,nan,nan,nan
2026-09-14T00:59:00.000+08:00,0.0,22.476080894470215,22.16015625,0.0,nan,386.79998779296875,0.0,0.0,2631.5,nan,nan,nan,65536.0
2026-09-14T01:00:00.000+08:00,0.0,22.496274948120117,22.19482421875,0.0,nan,386.70001220703125,0.0,0.0,2631.5,nan,nan,nan,65536.0
2026-09-14T01:01:00.000+08:00,0.0,22.472455978393555,22.236328125,0.0,nan,386.70001220703125,0.0,0.0,2631.5,nan,nan,nan,65536.0
2026-09-14T01:02:00.000+08:00,0.0,22.49161720275879,22.22265625,0.0,nan,386.8999938964844,0.0,0.0,2631.5,nan,nan,nan,65536.0
2026-09-14T01:03:00.000+08:00,0.0,22.475048065185547,22.1669921875,0.0,nan,387.0,0.0,0.0,2631.5,nan,nan,nan,65536.0
2026-09-14T01:04:00.000+08:00,0.0,22.49884605407715,22.208984375,0.0,nan,387.1000061035156,0.0,0.0,2631.5,nan,nan,nan,65536.0
2026-09-14T01:05:00.000+08:00,0.0,22.48902130126953,22.22265625,0.0,nan,387.0,0.0,0.0,2631.5,nan,nan,nan,65536.0
2026-09-14T01:06:00.000+08:00,0.0,22.495586395263672,22.15283203125,0.0,nan,387.0,0.0,0.0,2631.5,nan,nan,nan,65536.0
2026-09-14T01:07:00.000+08:00,0.0,22.49420928955078,22.22265625,0.0,nan,387.0,0.0,0.0,2631.5,nan,nan,nan,65536.0
2026-09-14T01:08:00.000+08:00,0.0,22.4923038482666,22.13916015625,0.0,nan,387.20001220703125,0.0,0.0,2631.5,nan,nan,nan,65536.0
2026-09-14T01:09:00.000+08:00,0.0,22.481082916259766,22.236328125,0.0,nan,387.3999938964844,0.0,0.0,2631.5,nan,nan,nan,65536.0
2026-09-14T01:10:00.000+08:00,0.287662535905838,22.47367286682129,22.181640625,0.002077680081129074,0.0,387.1000061035156,0.0,0.0,2631.5,nan,nan,nan,65536.0
2026-09-14T01:11:00.000+08:00,0.0,22.4923038482666,22.208984375,0.0,nan,387.0,0.0,0.0,2631.5,nan,nan,nan,65536.0
2026-09-14T01:12:00.000+08:00,0.24418283998966217,22.38766098022461,22.306640625,3.4483306808397174E-4,0.0,387.20001220703125,0.0,0.0,2631.5,nan,nan,nan,65536.0
2026-09-14T01:13:00.000+08:00,0.0,22.391101837158203,22.34716796875,0.0,nan,387.1000061035156,0.0,0.0,2631.5,nan,nan,nan,65536.0
2026-09-14T01:14:00.000+08:00,0.0,22.39507293701172,22.306640625,0.0,nan,386.79998779296875,0.0,0.0,2631.5,nan,nan,nan,65536.0
2026-09-14T01:15:00.000+08:00,0.0,22.49177360534668,22.15283203125,0.0,nan,386.70001220703125,0.0,0.0,2631.5,nan,nan,nan,65536.0
2026-09-14T01:16:00.000+08:00,0.0,22.385068893432617,22.33349609375,0.0,nan,386.70001220703125,0.0,0.0,2631.5,nan,nan,nan,65536.0
2026-09-14T01:17:00.000+08:00,0.0,22.38921356201172,22.333984375,0.0,nan,386.6000061035156,0.0,0.0,2631.5,nan,nan,nan,65536.0
2026-09-14T01:18:00.000+08:00,0.0,22.41423225402832,22.333984375,0.0,nan,386.70001220703125,0.0,0.0,2631.5,nan,nan,nan,65536.0
2026-09-14T01:19:00.000+08:00,0.0,22.38921356201172,22.31982421875,0.0,nan,387.0,0.0,0.0,2631.5,nan,nan,nan,65536.0
2026-09-14T01:20:00.000+08:00,0.17035141587257385,22.394384384155273,22.3203125,0.0011936191003769636,0.0,387.3999938964844,0.0,0.0,2631.5,nan,nan,nan,65536.0
2026-09-14T01:21:00.000+08:00,0.0,22.48505210876465,22.1953125,0.0,nan,386.8999938964844,0.0,0.0,2631.5,nan,nan,nan,65536.0
2026-09-14T01:22:00.000+08:00,0.0,22.393693923950195,22.34765625,0.0,nan,387.0,0.0,0.0,2631.5,nan,nan,nan,65536.0
2026-09-14T01:23:00.000+08:00,0.0,22.389726638793945,22.27783203125,0.0,nan,387.29998779296875,0.0,0.0,2631.5,nan,nan,nan,65536.0
2026-09-14T01:24:00.000+08:00,0.014200834557414055,22.413543701171875,22.27783203125,8.782491931924596E-6,0.0,387.1000061035156,0.0,0.0,2631.5,nan,nan,nan,65536.0
2026-09-14T01:25:00.000+08:00,0.0,22.410438537597656,22.27783203125,0.0,nan,387.1000061035156,0.0,0.0,2631.5,nan,nan,nan,65536.0
2026-09-14T01:26:00.000+08:00,0.16572806239128113,22.531291961669922,22.34765625,4.066909896209836E-4,0.0,387.5,0.0,0.0,2631.5,nan,nan,nan,65536.0
2026-09-14T01:27:00.000+08:00,0.0,22.415451049804688,22.25,0.0,nan,387.29998779296875,0.0,0.0,2631.5,nan,nan,nan,65536.0
2026-09-14T01:28:00.000+08:00,0.0,22.540607452392578,22.333984375,0.0,nan,387.20001220703125,0.0,0.0,2631.5,nan,nan,nan,65536.0
2026-09-14T01:29:00.000+08:00,0.18082694709300995,22.529916763305664,22.361328125,4.604542918968946E-4,0.0,387.20001220703125,0.0,0.0,2631.5,nan,nan,nan,65536.0
2026-09-14T01:30:00.000+08:00,0.0,22.391788482666016,22.25,0.0,nan,387.1000061035156,0.0,0.0,2631.5,nan,nan,nan,65536.0
2026-09-14T01:31:00.000+08:00,0.4281499683856964,22.54803466796875,22.34765625,0.002047633985057473,0.0,387.29998779296875,0.0,0.0,2631.5,nan,nan,nan,65536.0
2026-09-14T01:32:00.000+08:00,0.411467581987381,22.555795669555664,22.2919921875,4.082727828063071E-4,0.0,387.1000061035156,0.0,0.0,2631.5,nan,nan,nan,65536.0
2026-09-14T01:33:00.000+08:00,0.26336562633514404,22.52800941467285,22.3203125,8.187266648747027E-4,0.0,386.8999938964844,0.0,0.0,2631.5,nan,nan,nan,65536.0
2026-09-14T01:34:00.000+08:00,0.12943969666957855,22.41957664489746,22.333984375,1.989196753129363E-4,0.0,387.20001220703125,0.0,0.0,2631.5,nan,nan,nan,65536.0
2026-09-14T01:35:00.000+08:00,0.2745603919029236,22.406291961669922,22.34765625,0.0011736281448975205,0.0,387.3999938964844,0.0,0.0,2631.5,nan,nan,nan,65536.0
2026-09-14T01:36:00.000+08:00,0.16205541789531708,22.538719177246094,22.33349609375,5.847916472703218E-4,0.0,387.3999938964844,0.0,0.0,2631.5,nan,nan,nan,65536.0
2026-09-14T01:37:00.000+08:00,0.4633197486400604,22.420265197753906,22.33349609375,7.611482869833708E-4,0.0,387.29998779296875,0.0,0.0,2631.5,nan,nan,nan,65536.0
2026-09-14T01:38:00.000+08:00,0.0,22.409574508666992,22.2783203125,0.0,nan,387.20001220703125,0.0,0.0,2631.5,nan,nan,nan,65536.0
2026-09-14T01:39:00.000+08:00,0.0,22.55442237854004,22.33349609375,4.0026140050031245E-4,0.0,386.8999938964844,0.0,0.0,2631.5,nan,nan,nan,65536.0
2026-09-14T01:40:00.000+08:00,0.09121018648147583,22.568395614624023,22.361328125,3.9885565638542175E-4,0.0,387.29998779296875,0.0,0.0,2631.5,nan,nan,nan,65536.0
2026-09-14T01:41:00.000+08:00,0.0,22.55113983154297,22.26416015625,0.0,nan,387.20001220703125,0.0,0.0,2631.5,nan,nan,nan,65536.0
2026-09-14T01:42:00.000+08:00,0.0,22.54129409790039,22.25,0.0,nan,387.29998779296875,0.0,0.0,2631.5,nan,nan,nan,65536.0
2026-09-14T01:43:00.000+08:00,0.0,22.54388999938965,22.361328125,0.0,nan,387.20001220703125,0.0,0.0,2631.5,nan,nan,nan,65536.0
2026-09-14T01:44:00.000+08:00,0.0,22.560455322265625,22.306640625,0.0,nan,387.1000061035156,0.0,0.0,2631.5,nan,nan,nan,65536.0
2026-09-14T01:45:00.000+08:00,0.0,22.54923439025879,22.25,0.0,nan,387.29998779296875,0.0,0.0,2631.5,nan,nan,nan,65536.0
2026-09-14T01:46:00.000+08:00,0.0,22.564424514770508,22.361328125,0.0,nan,387.1000061035156,0.0,0.0,2631.5,nan,nan,nan,65536.0
2026-09-14T01:47:00.000+08:00,0.49809715151786804,22.53801155090332,22.27783203125,0.002147549530491233,0.0,387.6000061035156,0.0,0.0,2631.5,nan,nan,nan,65536.0
2026-09-14T01:48:00.000+08:00,0.1596086472272873,22.568395614624023,22.31982421875,7.319456781260669E-4,0.0,387.5,0.0,0.0,2631.5,nan,nan,nan,65536.0
2026-09-14T01:49:00.000+08:00,0.0,22.559080123901367,22.26416015625,0.0,nan,387.79998779296875,0.0,0.0,2631.5,nan,nan,nan,65536.0
2026-09-14T01:50:00.000+08:00,0.10348281264305115,22.564424514770508,22.25,4.3551481212489307E-4,0.0,387.6000061035156,0.0,0.0,2631.5,nan,nan,nan,65536.0
2026-09-14T01:51:00.000+08:00,0.0,22.569082260131836,22.27783203125,0.0,nan,387.3999938964844,0.0,0.0,2631.5,nan,nan,nan,65536.0
2026-09-14T01:52:00.000+08:00,0.3461228907108307,22.576845169067383,22.361328125,0.0020408073905855417,0.0,387.6000061035156,0.0,0.0,2631.5,nan,nan,nan,65536.0
2026-09-14T01:53:00.000+08:00,0.0,22.540607452392578,22.34765625,0.0,nan,387.70001220703125,0.0,0.0,2631.5,nan,nan,nan,65536.0
2026-09-14T01:54:00.000+08:00,0.8685993552207947,22.545265197753906,22.3203125,0.00398059468716383,0.0,386.8999938964844,0.0,0.0,2631.5,nan,nan,nan,65536.0
2026-09-14T01:55:00.000+08:00,0.0,22.586177825927734,22.25,0.0,nan,387.0,0.0,0.0,2631.5,nan,nan,nan,65536.0
2026-09-14T01:56:00.000+08:00,0.12204770743846893,22.57495880126953,22.2783203125,6.06544257607311E-4,0.0,386.79998779296875,0.0,0.0,2631.5,nan,nan,nan,65536.0
2026-09-14T01:57:00.000+08:00,0.0,nan,nan,0.0,nan,nan,nan,nan,nan,nan,nan,nan,nan
2026-09-14T01:58:00.000+08:00,0.0,22.566065788269043,22.2919921875,0.0,nan,386.6000061035156,0.0,0.0,2631.5,nan,nan,nan,65536.0
2026-09-14T01:59:00.000+08:00,0.0,22.577533721923828,22.3203125,0.0,nan,386.5,0.0,0.0,2631.5,nan,nan,nan,65536.0
2026-09-14T02:00:00.000+08:00,0.0,22.592212677001953,22.2919921875,0.0,nan,386.3999938964844,0.0,0.0,2631.5,nan,nan,nan,65536.0
2026-09-14T02:01:00.000+08:00,0.0,22.596179962158203,22.361328125,0.0,nan,386.20001220703125,0.0,0.0,2631.5,nan,nan,nan,65536.0
2026-09-14T02:02:00.000+08:00,0.0,22.559768676757812,22.34765625,0.0,nan,386.3999938964844,0.0,0.0,2631.5,nan,nan,nan,65536.0
2026-09-14T02:03:00.000+08:00,0.11057578027248383,22.594097137451172,22.361328125,5.719155305996537E-4,0.0,386.20001220703125,0.0,0.0,2631.5,nan,nan,nan,65536.0
2026-09-14T02:04:00.000+08:00,0.0,22.60203742980957,22.333984375,0.0,nan,385.79998779296875,0.0,0.0,2631.5,nan,nan,nan,65536.0
2026-09-14T02:05:00.000+08:00,0.03249949589371681,22.590835571289062,22.306640625,1.4767966058570892E-4,0.0,385.8999938964844,0.0,0.0,2631.5,nan,nan,nan,65536.0
2026-09-14T02:06:00.000+08:00,0.307635098695755,22.582897186279297,22.25,0.001605760189704597,0.0,386.0,0.0,0.0,2631.5,nan,nan,nan,65536.0
2026-09-14T02:07:00.000+08:00,0.0,22.5770206451416,22.27783203125,0.0,nan,386.20001220703125,0.0,0.0,2631.5,nan,nan,nan,65536.0
2026-09-14T02:08:00.000+08:00,0.8178330063819885,22.57495880126953,22.26416015625,0.0038220698479562998,0.0,386.20001220703125,0.0,0.0,2631.5,nan,nan,nan,65536.0
2026-09-14T02:09:00.000+08:00,0.6318532228469849,22.587554931640625,22.34765625,0.003001714125275612,0.0,386.20001220703125,0.0,0.0,2631.5,nan,nan,nan,65536.0
2026-09-14T02:10:00.000+08:00,0.8227523565292358,22.598953247070312,22.26416015625,0.005351966246962547,0.0,386.1000061035156,0.0,0.0,2631.5,nan,nan,nan,65536.0
2026-09-14T02:11:00.000+08:00,0.0,22.595670700073242,22.34716796875,0.0,nan,386.20001220703125,0.0,0.0,2631.5,nan,nan,nan,65536.0
2026-09-14T02:12:00.000+08:00,0.30694666504859924,22.58824348449707,22.26416015625,0.0014425262343138456,0.0,386.3999938964844,0.0,0.0,2631.5,nan,nan,nan,65536.0
2026-09-14T02:13:00.000+08:00,1.2335176467895508,22.589618682861328,22.29150390625,0.006365618202835321,0.0,385.6000061035156,0.0,0.0,2631.5,nan,nan,nan,65536.0
2026-09-14T02:14:00.000+08:00,0.17977292835712433,22.589618682861328,22.27783203125,8.684683707542717E-4,0.0,386.0,0.0,0.0,2631.5,nan,nan,nan,65536.0
2026-09-14T02:15:00.000+08:00,0.28502798080444336,22.58547019958496,22.333984375,0.0017308242386206985,0.0,386.1000061035156,0.0,0.0,2631.5,nan,nan,nan,65536.0
2026-09-14T02:16:00.000+08:00,0.6458364725112915,22.60877799987793,22.3203125,0.0036983338650316,0.0,386.29998779296875,0.0,0.0,2631.5,nan,nan,nan,65536.0
2026-09-14T02:17:00.000+08:00,0.2717103064060211,22.588930130004883,22.25,0.0014198583085089922,0.0,386.1000061035156,0.0,0.0,2631.5,nan,nan,nan,65536.0
2026-09-14T02:18:00.000+08:00,0.3985055387020111,22.594276428222656,22.306640625,0.002625227440148592,0.0,386.1000061035156,0.0,0.0,2631.5,nan,nan,nan,65536.0
2026-09-14T02:19:00.000+08:00,0.02668107859790325,22.612060546875,22.361328125,1.4803744852542877E-4,0.0,386.70001220703125,0.0,0.0,2631.5,nan,nan,nan,65536.0
2026-09-14T02:20:00.000+08:00,0.3332532048225403,22.596179962158203,22.34765625,0.0023243457544595003,0.0,386.20001220703125,0.0,0.0,2631.5,nan,nan,nan,65536.0
2026-09-14T02:21:00.000+08:00,0.27942314743995667,22.57305145263672,22.3203125,0.0017342758364975452,0.0,386.3999938964844,0.0,0.0,2631.5,nan,nan,nan,65536.0
2026-09-14T02:22:00.000+08:00,0.22361919283866882,22.611370086669922,22.34716796875,0.0012938163708895445,0.0,386.6000061035156,0.0,0.0,2631.5,nan,nan,nan,65536.0
2026-09-14T02:23:00.000+08:00,0.0,22.61602783203125,22.27783203125,0.0,nan,386.3999938964844,0.0,0.0,2631.5,nan,nan,nan,65536.0
2026-09-14T02:24:00.000+08:00,0.20193001627922058,22.617229461669922,22.3203125,0.0010898755863308907,0.0,386.5,0.0,0.0,2631.5,nan,nan,nan,65536.0
2026-09-14T02:25:00.000+08:00,0.135615736246109,22.59358787536621,22.3203125,8.253754349425435E-4,0.0,386.79998779296875,0.0,0.0,2631.5,nan,nan,nan,65536.0
2026-09-14T02:26:00.000+08:00,0.16782218217849731,22.609466552734375,22.34765625,9.756284998729825E-4,0.0,386.8999938964844,0.0,0.0,2631.5,nan,nan,nan,65536.0
2026-09-14T02:27:00.000+08:00,0.1735849678516388,22.61066436767578,22.333984375,9.928321233019233E-4,0.0,386.8999938964844,0.0,0.0,2631.5,nan,nan,nan,65536.0
2026-09-14T02:28:00.000+08:00,0.27619755268096924,22.61394500732422,22.3203125,0.0013836862053722143,0.0,386.3999938964844,0.0,0.0,2631.5,nan,nan,nan,65536.0
2026-09-14T02:29:00.000+08:00,0.0,22.60531997680664,22.27783203125,0.0,nan,386.5,0.0,0.0,2631.5,nan,nan,nan,65536.0
2026-09-14T02:30:00.000+08:00,0.0,22.6179141998291,22.26416015625,0.0,nan,387.3999938964844,0.0,0.0,2631.5,nan,nan,nan,65536.0
2026-09-14T02:31:00.000+08:00,0.0,22.612749099731445,22.26416015625,0.0,nan,386.79998779296875,0.0,0.0,2631.5,nan,nan,nan,65536.0
2026-09-14T02:32:00.000+08:00,0.0,22.507596969604492,22.375,0.0,nan,386.6000061035156,0.0,0.0,2631.5,nan,nan,nan,65536.0
2026-09-14T02:33:00.000+08:00,0.0,22.61066436767578,22.361328125,0.0,nan,386.3999938964844,0.0,0.0,2631.5,nan,nan,nan,65536.0
2026-09-14T02:34:00.000+08:00,0.07451986521482468,22.501543045043945,22.3203125,3.5847933031618595E-4,0.0,386.6000061035156,0.0,0.0,2631.5,nan,nan,nan,65536.0
2026-09-14T02:35:00.000+08:00,0.2781098783016205,22.506908416748047,22.44482421875,0.0020092532504349947,0.0,386.20001220703125,0.0,0.0,2631.5,nan,nan,nan,65536.0
2026-09-14T02:36:00.000+08:00,0.017300283536314964,22.510169982910156,22.375,1.0191152978222817E-4,0.0,386.20001220703125,0.0,0.0,2631.5,nan,nan,nan,65536.0
2026-09-14T02:37:00.000+08:00,0.39426663517951965,22.62465476989746,22.25,0.0012038156855851412,0.0,386.70001220703125,0.0,0.0,2631.5,nan,nan,nan,65536.0
2026-09-14T02:38:00.000+08:00,0.0,22.618602752685547,22.34765625,0.0,nan,386.29998779296875,0.0,0.0,2631.5,nan,nan,nan,65536.0
2026-09-14T02:39:00.000+08:00,0.0,22.523983001708984,22.47265625,0.0,nan,386.5,0.0,0.0,2631.5,nan,nan,nan,65536.0
2026-09-14T02:40:00.000+08:00,0.0,22.621198654174805,22.3203125,0.0,nan,386.29998779296875,0.0,0.0,2631.5,nan,nan,nan,65536.0
2026-09-14T02:41:00.000+08:00,0.06907496601343155,22.508106231689453,22.458984375,4.7230988275259733E-4,0.0,386.5,0.0,0.0,2631.5,nan,nan,nan,65536.0
2026-09-14T02:42:00.000+08:00,0.0,22.620685577392578,22.3203125,0.0,nan,386.70001220703125,0.0,0.0,2631.5,nan,nan,nan,65536.0
2026-09-14T02:43:00.000+08:00,0.0,22.602214813232422,22.33349609375,0.0,nan,386.6000061035156,0.0,0.0,2631.5,nan,nan,nan,65536.0
2026-09-14T02:44:00.000+08:00,0.0,22.622573852539062,22.31982421875,0.0,nan,386.0,0.0,0.0,2631.5,nan,nan,nan,65536.0
2026-09-14T02:45:00.000+08:00,0.0,22.60343360900879,22.333984375,0.0,nan,386.70001220703125,0.0,0.0,2631.5,nan,nan,nan,65536.0
2026-09-14T02:46:00.000+08:00,0.0,22.637941360473633,22.431640625,0.0,nan,386.5,0.0,0.0,2631.5,nan,nan,nan,65536.0
2026-09-14T02:47:00.000+08:00,0.01663270965218544,22.644502639770508,22.4453125,8.112862997222692E-5,0.0,386.6000061035156,0.0,0.0,2631.5,nan,nan,nan,65536.0
2026-09-14T02:48:00.000+08:00,0.0,22.513648986816406,22.44482421875,0.0,nan,386.70001220703125,0.0,0.0,2631.5,nan,nan,nan,65536.0
2026-09-14T02:49:00.000+08:00,0.0,22.520015716552734,22.47265625,0.0,nan,386.79998779296875,0.0,0.0,2631.5,nan,nan,nan,65536.0
2026-09-14T02:50:00.000+08:00,0.0,22.508283615112305,22.45849609375,0.0,nan,386.5,0.0,0.0,2631.5,nan,nan,nan,65536.0
2026-09-14T02:51:00.000+08:00,0.0,22.521390914916992,22.47265625,0.0,nan,386.8999938964844,0.0,0.0,2631.5,nan,nan,nan,65536.0
2026-09-14T02:52:00.000+08:00,0.0,22.511367797851562,22.458984375,0.0,nan,386.8999938964844,0.0,0.0,2631.5,nan,nan,nan,65536.0
2026-09-14T02:53:00.000+08:00,0.1180700808763504,22.64104652404785,22.45849609375,1.1692546104313806E-4,0.0,387.29998779296875,0.0,0.0,2631.5,nan,nan,nan,65536.0
2026-09-14T02:54:00.000+08:00,0.0,22.642419815063477,22.4169921875,0.0,nan,387.20001220703125,0.0,0.0,2631.5,nan,nan,nan,65536.0
2026-09-14T02:55:00.000+08:00,0.021229229867458344,22.648473739624023,22.4453125,8.4987077570986E-5,0.0,387.20001220703125,0.0,0.0,2631.5,nan,nan,nan,65536.0
2026-09-14T02:56:00.000+08:00,0.0,nan,nan,0.0,nan,nan,nan,nan,nan,nan,nan,nan,nan
2026-09-14T02:57:00.000+08:00,0.0,22.655017852783203,22.38916015625,0.0,nan,386.8500061035156,0.0,0.0,2631.5,nan,nan,nan,65536.0
2026-09-14T02:58:00.000+08:00,0.0,22.65521240234375,22.38916015625,0.0,nan,387.0,0.0,0.0,2631.5,nan,nan,nan,65536.0
2026-09-14T02:59:00.000+08:00,0.0,22.523277282714844,22.486328125,0.0,nan,387.1000061035156,0.0,0.0,2631.5,nan,nan,nan,65536.0
2026-09-14T03:00:00.000+08:00,0.0,22.612749099731445,22.34765625,0.0,nan,386.70001220703125,0.0,0.0,2631.5,nan,nan,nan,65536.0
2026-09-14T03:01:00.000+08:00,0.0,22.63913917541504,22.47265625,0.0,nan,387.1000061035156,0.0,0.0,2631.5,nan,nan,nan,65536.0
2026-09-14T03:02:00.000+08:00,0.0,22.501737594604492,22.4453125,0.0,nan,387.0,0.0,0.0,2631.5,nan,nan,nan,65536.0
2026-09-14T03:03:00.000+08:00,0.0,22.655725479125977,22.375,0.0,nan,387.0,0.0,0.0,2631.5,nan,nan,nan,65536.0
2026-09-14T03:04:00.000+08:00,0.0,22.65104866027832,22.4453125,0.0,nan,386.79998779296875,0.0,0.0,2631.5,nan,nan,nan,65536.0
2026-09-14T03:05:00.000+08:00,0.0,22.641735076904297,22.41650390625,0.0,nan,386.79998779296875,0.0,0.0,2631.5,nan,nan,nan,65536.0
2026-09-14T03:06:00.000+08:00,0.0,22.672292709350586,22.375,0.0,nan,386.6000061035156,0.0,0.0,2631.5,nan,nan,nan,65536.0
2026-09-14T03:07:00.000+08:00,0.0,22.646390914916992,22.38916015625,0.0,nan,386.8999938964844,0.0,0.0,2631.5,nan,nan,nan,65536.0
2026-09-14T03:08:00.000+08:00,0.0,22.653818130493164,22.375,0.0,nan,386.70001220703125,0.0,0.0,2631.5,nan,nan,nan,65536.0
2026-09-14T03:09:00.000+08:00,0.0,22.656414031982422,22.38916015625,0.0,nan,387.1000061035156,0.0,0.0,2631.5,nan,nan,nan,65536.0
2026-09-14T03:10:00.000+08:00,0.0,22.657609939575195,22.44482421875,0.0,nan,386.8999938964844,0.0,0.0,2631.5,nan,nan,nan,65536.0
2026-09-14T03:11:00.000+08:00,0.0,22.66692543029785,22.375,0.0,nan,387.29998779296875,0.0,0.0,2631.5,nan,nan,nan,65536.0
2026-09-14T03:12:00.000+08:00,0.0,22.650362014770508,22.4453125,0.0,nan,387.0,0.0,0.0,2631.5,nan,nan,nan,65536.0
2026-09-14T03:13:00.000+08:00,0.0,22.647079467773438,22.375,0.0,nan,387.0,0.0,0.0,2631.5,nan,nan,nan,65536.0
2026-09-14T03:14:00.000+08:00,0.09160954505205154,22.665552139282227,22.431640625,3.0537013662979007E-4,0.0,386.79998779296875,0.0,0.0,2631.5,nan,nan,nan,65536.0
2026-09-14T03:15:00.000+08:00,0.0,22.6767520904541,22.44482421875,0.0,nan,387.0,0.0,0.0,2631.5,nan,nan,nan,65536.0
2026-09-14T03:16:00.000+08:00,0.0,22.67348861694336,22.47265625,0.0,nan,387.1000061035156,0.0,0.0,2631.5,nan,nan,nan,65536.0
2026-09-14T03:17:00.000+08:00,0.0,22.66832160949707,22.41650390625,0.0,nan,387.1000061035156,0.0,0.0,2631.5,nan,nan,nan,65536.0
2026-09-14T03:18:00.000+08:00,0.0,22.670209884643555,22.375,0.0,nan,387.3999938964844,0.0,0.0,2631.5,nan,nan,nan,65536.0
2026-09-14T03:19:00.000+08:00,0.0,22.66692543029785,22.44482421875,0.0,nan,387.3999938964844,0.0,0.0,2631.5,nan,nan,nan,65536.0
2026-09-14T03:20:00.000+08:00,0.0,22.68160629272461,22.47216796875,0.0,nan,387.70001220703125,0.0,0.0,2631.5,nan,nan,nan,65536.0
2026-09-14T03:21:00.000+08:00,0.0,22.655725479125977,22.4453125,0.0,nan,387.5,0.0,0.0,2631.5,nan,nan,nan,65536.0
2026-09-14T03:22:00.000+08:00,0.0,22.655017852783203,22.38916015625,0.0,nan,387.6000061035156,0.0,0.0,2631.5,nan,nan,nan,65536.0
2026-09-14T03:23:00.000+08:00,0.0,22.67348861694336,22.4169921875,0.0,nan,387.5,0.0,0.0,2631.5,nan,nan,nan,65536.0
2026-09-14T03:24:00.000+08:00,0.0,22.67348861694336,22.458984375,0.0,nan,387.29998779296875,0.0,0.0,2631.5,nan,nan,nan,65536.0
2026-09-14T03:25:00.000+08:00,0.0,22.66952133178711,22.38916015625,0.0,nan,387.3999938964844,0.0,0.0,2631.5,nan,nan,nan,65536.0
2026-09-14T03:26:00.000+08:00,0.0,22.678836822509766,22.458984375,0.0,nan,387.29998779296875,0.0,0.0,2631.5,nan,nan,nan,65536.0
2026-09-14T03:27:00.000+08:00,0.0,22.687267303466797,22.431640625,0.0,nan,387.29998779296875,0.0,0.0,2631.5,nan,nan,nan,65536.0
2026-09-14T03:28:00.000+08:00,0.0,22.66952133178711,22.47265625,0.0,nan,387.3999938964844,0.0,0.0,2631.5,nan,nan,nan,65536.0
2026-09-14T03:29:00.000+08:00,0.0,22.660381317138672,22.375,0.0,nan,387.20001220703125,0.0,0.0,2631.5,nan,nan,nan,65536.0
2026-09-14T03:30:00.000+08:00,0.0,22.662267684936523,22.486328125,0.0,nan,387.20001220703125,0.0,0.0,2631.5,nan,nan,nan,65536.0
2026-09-14T03:31:00.000+08:00,0.0,22.686264038085938,22.4453125,0.0,nan,387.3999938964844,0.0,0.0,2631.5,nan,nan,nan,65536.0
2026-09-14T03:32:00.000+08:00,0.0,22.677637100219727,22.431640625,0.0,nan,387.5,0.0,0.0,2631.5,nan,nan,nan,65536.0
2026-09-14T03:33:00.000+08:00,0.0,22.690744400024414,22.45849609375,0.0,nan,387.29998779296875,0.0,0.0,2631.5,nan,nan,nan,65536.0
2026-09-14T03:34:00.000+08:00,0.0,22.665729522705078,22.4169921875,0.0,nan,387.3999938964844,0.0,0.0,2631.5,nan,nan,nan,65536.0
2026-09-14T03:35:00.000+08:00,0.0,22.684886932373047,22.458984375,0.0,nan,387.29998779296875,0.0,0.0,2631.5,nan,nan,nan,65536.0
2026-09-14T03:36:00.000+08:00,0.21545234322547913,22.704538345336914,22.4453125,0.001197031349875033,0.0,387.29998779296875,0.0,0.0,2631.5,nan,nan,nan,65536.0
2026-09-14T03:37:00.000+08:00,0.0,22.694026947021484,22.44482421875,0.0,nan,387.3999938964844,0.0,0.0,2631.5,nan,nan,nan,65536.0
2026-09-14T03:38:00.000+08:00,0.0,22.680721282958984,22.4453125,0.0,nan,387.29998779296875,0.0,0.0,2631.5,nan,nan,nan,65536.0
2026-09-14T03:39:00.000+08:00,0.5816510915756226,22.669696807861328,22.458984375,0.003372736042365432,0.0,387.3999938964844,0.0,0.0,2631.5,nan,nan,nan,65536.0
2026-09-14T03:40:00.000+08:00,0.0,22.66952133178711,22.45849609375,0.0,nan,387.29998779296875,0.0,0.0,2631.5,nan,nan,nan,65536.0
2026-09-14T03:41:00.000+08:00,0.0,22.690744400024414,22.4033203125,0.0,nan,387.3999938964844,0.0,0.0,2631.5,nan,nan,nan,65536.0
2026-09-14T03:42:00.000+08:00,0.0,22.697288513183594,22.38916015625,0.0,nan,387.20001220703125,0.0,0.0,2631.5,nan,nan,nan,65536.0
2026-09-14T03:43:00.000+08:00,0.09252646565437317,22.68885612487793,22.375,4.312271485105157E-4,0.0,387.20001220703125,0.0,0.0,2631.5,nan,nan,nan,65536.0
2026-09-14T03:44:00.000+08:00,0.0,22.69162940979004,22.486328125,0.0,nan,387.29998779296875,0.0,0.0,2631.5,nan,nan,nan,65536.0
2026-09-14T03:45:00.000+08:00,0.0,22.691431045532227,22.45849609375,0.0,nan,387.29998779296875,0.0,0.0,2631.5,nan,nan,nan,65536.0
2026-09-14T03:46:00.000+08:00,0.0,22.692140579223633,22.44482421875,0.0,nan,387.3999938964844,0.0,0.0,2631.5,nan,nan,nan,65536.0
2026-09-14T03:47:00.000+08:00,0.0,22.705913543701172,22.458984375,0.0,nan,387.3999938964844,0.0,0.0,2631.5,nan,nan,nan,65536.0
2026-09-14T03:48:00.000+08:00,0.1486055999994278,22.671405792236328,22.486328125,7.029983680695295E-4,0.0,387.6000061035156,0.0,0.0,2631.5,nan,nan,nan,65536.0
2026-09-14T03:49:00.000+08:00,0.5291720628738403,22.681407928466797,22.431640625,0.002689340151846409,0.0,387.6000061035156,0.0,0.0,2631.5,nan,nan,nan,65536.0
2026-09-14T03:50:00.000+08:00,0.20209293067455292,22.695402145385742,22.4453125,9.030568762682378E-4,0.0,387.20001220703125,0.0,0.0,2631.5,nan,nan,nan,65536.0
2026-09-14T03:51:00.000+08:00,0.10370036959648132,22.6841983795166,22.38916015625,4.698471166193485E-4,0.0,387.29998779296875,0.0,0.0,2631.5,nan,nan,nan,65536.0
2026-09-14T03:52:00.000+08:00,0.3209885358810425,22.694713592529297,22.4453125,0.001545470324344933,0.0,387.20001220703125,0.0,0.0,2631.5,nan,nan,nan,65536.0
2026-09-14T03:53:00.000+08:00,0.05754243955016136,22.69331932067871,22.47265625,2.3713239352218807E-4,0.0,387.29998779296875,0.0,0.0,2631.5,nan,nan,nan,65536.0
2026-09-14T03:54:00.000+08:00,0.5584022402763367,22.698684692382812,22.38916015625,0.002696116454899311,0.0,387.6000061035156,0.0,0.0,2631.5,nan,nan,nan,65536.0
2026-09-14T03:55:00.000+08:00,0.0,nan,nan,0.0,nan,nan,nan,nan,nan,nan,nan,nan,nan
2026-09-14T03:56:00.000+08:00,0.5588811039924622,22.7029972076416,22.4306640625,0.0032532450277358294,0.0,387.70001220703125,0.0,0.0,2631.5,nan,nan,nan,65536.0
2026-09-14T03:57:00.000+08:00,0.20443539321422577,22.699371337890625,22.486328125,9.215936297550797E-4,0.0,387.1000061035156,0.0,0.0,2631.5,nan,nan,nan,65536.0
2026-09-14T03:58:00.000+08:00,0.6866985559463501,22.689350128173828,22.4169921875,0.0028392402455210686,0.0,387.20001220703125,0.0,0.0,2631.5,nan,nan,nan,65536.0
2026-09-14T03:59:00.000+08:00,0.4354952573776245,22.704538345336914,22.4169921875,0.002825212897732854,0.0,387.1000061035156,0.0,0.0,2631.5,nan,nan,nan,65536.0
2026-09-14T04:00:00.000+08:00,0.6102017760276794,22.70334243774414,22.40283203125,0.003958596382290125,0.0,387.20001220703125,0.0,0.0,2631.5,nan,nan,nan,65536.0
2026-09-14T04:01:00.000+08:00,0.42046093940734863,22.705913543701172,22.45849609375,0.001749061164446175,0.0,387.29998779296875,0.0,0.0,2631.5,nan,nan,nan,65536.0
2026-09-14T04:02:00.000+08:00,0.5232294797897339,22.707801818847656,22.375,0.0022045832592993975,0.0,387.1000061035156,0.0,0.0,2631.5,nan,nan,nan,65536.0
2026-09-14T04:03:00.000+08:00,0.31891727447509766,22.707996368408203,22.45849609375,0.0019520403584465384,0.0,387.29998779296875,0.0,0.0,2631.5,nan,nan,nan,65536.0
2026-09-14T04:04:00.000+08:00,0.0,22.6905460357666,22.47265625,0.0,nan,387.0,0.0,0.0,2631.5,nan,nan,nan,65536.0
2026-09-14T04:05:00.000+08:00,1.162450909614563,22.6900577545166,22.47265625,0.005573736969381571,0.0,387.1000061035156,0.0,0.0,2631.5,nan,nan,nan,65536.0
2026-09-14T04:06:00.000+08:00,0.6293239593505859,22.702651977539062,22.44482421875,0.003625044133514166,0.0,387.20001220703125,0.0,0.0,2631.5,nan,nan,nan,65536.0
2026-09-14T04:07:00.000+08:00,0.8956102728843689,22.702651977539062,22.45849609375,0.0048158741556108,0.0,387.29998779296875,0.0,0.0,2631.5,nan,nan,nan,65536.0
2026-09-14T04:08:00.000+08:00,0.5925707221031189,22.701454162597656,22.486328125,0.0033036323729902506,0.0,387.0,0.0,0.0,2631.5,nan,nan,nan,65536.0
2026-09-14T04:09:00.000+08:00,0.06412876397371292,22.699172973632812,22.458984375,2.660244354046881E-4,0.0,387.1000061035156,0.0,0.0,2631.5,nan,nan,nan,65536.0
2026-09-14T04:10:00.000+08:00,0.34410327672958374,22.713167190551758,22.4453125,0.0015169278485700488,0.0,387.1000061035156,0.0,0.0,2631.5,nan,nan,nan,65536.0
2026-09-14T04:11:00.000+08:00,0.0,22.697484970092773,22.4453125,0.0,nan,387.6000061035156,0.0,0.0,2631.5,nan,nan,nan,65536.0
2026-09-14T04:12:00.000+08:00,1.1655364036560059,22.715742111206055,22.486328125,0.007150421384721994,0.0,386.5,0.0,0.0,2631.5,nan,nan,nan,65536.0
2026-09-14T04:13:00.000+08:00,1.2378419637680054,22.709197998046875,22.44482421875,0.008551660925149918,0.0,387.20001220703125,0.0,0.0,2631.5,nan,nan,nan,65536.0
2026-09-14T04:14:00.000+08:00,0.6128641366958618,22.706621170043945,22.431640625,0.0036268087569624186,0.0,387.20001220703125,0.0,0.0,2631.5,nan,nan,nan,65536.0
2026-09-14T04:15:00.000+08:00,0.6786747574806213,22.727649688720703,22.486328125,0.0034226831048727036,0.0,387.1000061035156,0.0,0.0,2631.5,nan,nan,nan,65536.0
2026-09-14T04:16:00.000+08:00,0.22821174561977386,22.69331932067871,22.4453125,0.0010970054427161813,0.0,387.29998779296875,0.0,0.0,2631.5,nan,nan,nan,65536.0
2026-09-14T04:17:00.000+08:00,0.6937646865844727,22.711477279663086,22.4453125,0.003516375320032239,0.0,387.3999938964844,0.0,0.0,2631.5,nan,nan,nan,65536.0
2026-09-14T04:18:00.000+08:00,0.2018783539533615,22.719907760620117,22.4033203125,0.0010748517233878374,0.0,387.3999938964844,0.0,0.0,2631.5,nan,nan,nan,65536.0
2026-09-14T04:19:00.000+08:00,0.8138523697853088,22.73578453063965,22.45849609375,0.004638073034584522,0.0,387.3999938964844,0.0,0.0,2631.5,nan,nan,nan,65536.0
2026-09-14T04:20:00.000+08:00,0.4270750880241394,22.706621170043945,22.4453125,0.002420577919110656,0.0,387.29998779296875,0.0,0.0,2631.5,nan,nan,nan,65536.0
2026-09-14T04:21:00.000+08:00,0.13433919847011566,22.72179412841797,22.44482421875,6.980113685131073E-4,0.0,387.29998779296875,0.0,0.0,2631.5,nan,nan,nan,65536.0
2026-09-14T04:22:00.000+08:00,0.4064975380897522,22.71525001525879,22.431640625,0.002921120962128043,0.0,387.1000061035156,0.0,0.0,2631.5,nan,nan,nan,65536.0
2026-09-14T04:23:00.000+08:00,0.5100975632667542,22.72110366821289,22.4169921875,0.0026186348404735327,0.0,387.20001220703125,0.0,0.0,2631.5,nan,nan,nan,65536.0
2026-09-14T04:24:00.000+08:00,0.3822234869003296,22.7297306060791,22.4169921875,0.002022253815084696,0.0,387.1000061035156,0.0,0.0,2631.5,nan,nan,nan,65536.0
2026-09-14T04:25:00.000+08:00,0.2722318470478058,22.735097885131836,22.4169921875,0.0013268952025100589,0.0,387.6000061035156,0.0,0.0,2631.5,nan,nan,nan,65536.0
2026-09-14T04:26:00.000+08:00,0.0,22.71525001525879,22.47265625,0.0,nan,387.3999938964844,0.0,0.0,2631.5,nan,nan,nan,65536.0
2026-09-14T04:27:00.000+08:00,0.0,22.688169479370117,22.41650390625,0.0,nan,387.8999938964844,0.0,0.0,2631.5,nan,nan,nan,65536.0
2026-09-14T04:28:00.000+08:00,0.0,22.707996368408203,22.486328125,0.0,nan,387.5,0.0,0.0,2631.5,nan,nan,nan,65536.0
2026-09-14T04:29:00.000+08:00,0.07797892391681671,22.71713638305664,22.4453125,4.184021963737905E-4,0.0,387.29998779296875,0.0,0.0,2631.5,nan,nan,nan,65536.0
2026-09-14T04:30:00.000+08:00,0.26733532547950745,22.719219207763672,22.458984375,0.0013451259583234787,0.0,387.3999938964844,0.0,0.0,2631.5,nan,nan,nan,65536.0
2026-09-14T04:31:00.000+08:00,0.3542023003101349,22.719219207763672,22.4453125,0.0020971850026398897,0.0,387.20001220703125,0.0,0.0,2631.5,nan,nan,nan,65536.0
2026-09-14T04:32:00.000+08:00,0.0,22.713167190551758,22.47265625,0.0,nan,387.5,0.0,0.0,2631.5,nan,nan,nan,65536.0
2026-09-14T04:33:00.000+08:00,0.0,22.723190307617188,22.4453125,0.0,nan,387.29998779296875,0.0,0.0,2631.5,nan,nan,nan,65536.0
2026-09-14T04:34:00.000+08:00,0.0,22.72179412841797,22.38916015625,0.0,nan,387.1000061035156,0.0,0.0,2631.5,nan,nan,nan,65536.0
2026-09-14T04:35:00.000+08:00,0.0,22.74024772644043,22.47265625,0.0,nan,386.8999938964844,0.0,0.0,2631.5,nan,nan,nan,65536.0
2026-09-14T04:36:00.000+08:00,0.3728148937225342,22.735097885131836,22.458984375,0.002161703072488308,0.0,387.0,0.0,0.0,2631.5,nan,nan,nan,65536.0
2026-09-14T04:37:00.000+08:00,0.2066815048456192,22.73390007019043,22.4169921875,0.0011505697621032596,0.0,387.1000061035156,0.0,0.0,2631.5,nan,nan,nan,65536.0
2026-09-14T04:38:00.000+08:00,0.2923663258552551,22.72199058532715,22.486328125,0.0017641226295381784,0.0,387.5,0.0,0.0,2631.5,nan,nan,nan,65536.0
2026-09-14T04:39:00.000+08:00,0.0,22.748184204101562,22.38916015625,0.0,nan,387.3999938964844,0.0,0.0,2631.5,nan,nan,nan,65536.0
2026-09-14T04:40:00.000+08:00,0.38750943541526794,22.738361358642578,22.44482421875,0.0025959331542253494,0.0,387.0,0.0,0.0,2631.5,nan,nan,nan,65536.0
2026-09-14T04:41:00.000+08:00,0.0,22.71405029296875,22.47265625,0.0,nan,387.1000061035156,0.0,0.0,2631.5,nan,nan,nan,65536.0
2026-09-14T04:42:00.000+08:00,0.0905187726020813,22.710100173950195,22.458984375,5.759436171501875E-4,0.0,387.29998779296875,0.0,0.0,2631.5,nan,nan,nan,65536.0
2026-09-14T04:43:00.000+08:00,0.16353262960910797,22.74234962463379,22.47265625,7.659014081582427E-4,0.0,388.0,0.0,0.0,2631.5,nan,nan,nan,65536.0
2026-09-14T04:44:00.000+08:00,0.0,22.72576141357422,22.486328125,0.0,nan,387.8999938964844,0.0,0.0,2631.5,nan,nan,nan,65536.0
2026-09-14T04:45:00.000+08:00,0.17670825123786926,22.719219207763672,22.4453125,0.0010821506148204207,0.0,387.29998779296875,0.0,0.0,2631.5,nan,nan,nan,65536.0
2026-09-14T04:46:00.000+08:00,0.0,22.628549575805664,22.486328125,0.0,nan,387.6000061035156,0.0,0.0,2631.5,nan,nan,nan,65536.0
2026-09-14T04:47:00.000+08:00,0.0,22.73578453063965,22.4453125,0.0,nan,387.6000061035156,0.0,0.0,2631.5,nan,nan,nan,65536.0
2026-09-14T04:48:00.000+08:00,0.0,22.71525001525879,22.486328125,0.0,nan,387.1000061035156,0.0,0.0,2631.5,nan,nan,nan,65536.0
2026-09-14T04:49:00.000+08:00,0.0,22.743724822998047,22.45849609375,0.0,nan,387.3999938964844,0.0,0.0,2631.5,nan,nan,nan,65536.0
2026-09-14T04:50:00.000+08:00,0.0,22.731815338134766,22.375,0.0,nan,386.79998779296875,0.0,0.0,2631.5,nan,nan,nan,65536.0
2026-09-14T04:51:00.000+08:00,0.5360842347145081,22.728357315063477,22.38916015625,0.0027492402587085962,0.0,386.79998779296875,0.0,0.0,2631.5,nan,nan,nan,65536.0
2026-09-14T04:52:00.000+08:00,0.0,22.734411239624023,22.44482421875,0.0,nan,386.6000061035156,0.0,0.0,2631.5,nan,nan,nan,65536.0
2026-09-14T04:53:00.000+08:00,0.4933089017868042,22.727649688720703,22.4453125,0.0022053702268749475,0.0,386.6000061035156,0.0,0.0,2631.5,nan,nan,nan,65536.0
2026-09-14T04:54:00.000+08:00,0.22561098635196686,nan,nan,0.0016297097317874432,0.0,nan,nan,nan,nan,nan,nan,nan,nan
2026-09-14T04:55:00.000+08:00,0.0,22.68474292755127,22.486083984375,0.0,nan,386.54998779296875,0.0,0.0,2631.5,nan,nan,nan,65536.0
2026-09-14T04:56:00.000+08:00,0.0792713537812233,22.625267028808594,22.583984375,5.152725498192012E-4,0.0,386.6000061035156,0.0,0.0,2631.5,nan,nan,nan,65536.0
2026-09-14T04:57:00.000+08:00,0.0,22.718334197998047,22.41650390625,0.0,nan,386.8999938964844,0.0,0.0,2631.5,nan,nan,nan,65536.0
2026-09-14T04:58:00.000+08:00,0.0,22.725980758666992,22.486328125,0.0,nan,386.29998779296875,0.0,0.0,2631.5,nan,nan,nan,65536.0
2026-09-14T04:59:00.000+08:00,0.28112488985061646,22.748891830444336,22.458984375,3.4314804361201823E-4,0.0,386.3999938964844,0.0,0.0,2631.5,nan,nan,nan,65536.0
2026-09-14T05:00:00.000+08:00,0.0,22.738868713378906,22.47265625,0.0,nan,387.0,0.0,0.0,2631.5,nan,nan,nan,65536.0
2026-09-14T05:01:00.000+08:00,0.0,22.754236221313477,22.611328125,0.0,nan,386.79998779296875,0.0,0.0,2631.5,nan,nan,nan,65536.0
2026-09-14T05:02:00.000+08:00,0.0,22.741151809692383,22.47265625,0.0,nan,386.70001220703125,0.0,0.0,2631.5,nan,nan,nan,65536.0
2026-09-14T05:03:00.000+08:00,0.13488061726093292,22.743038177490234,22.431640625,6.689114961773157E-4,0.0,386.0,0.0,0.0,2631.5,nan,nan,nan,65536.0
2026-09-14T05:04:00.000+08:00,0.0,22.725074768066406,22.4169921875,0.0,nan,386.29998779296875,0.0,0.0,2631.5,nan,nan,nan,65536.0
2026-09-14T05:05:00.000+08:00,0.18741723895072937,22.736984252929688,22.458984375,2.0435328769963235E-4,0.0,387.0,0.0,0.0,2631.5,nan,nan,nan,65536.0
2026-09-14T05:06:00.000+08:00,0.0,22.750267028808594,22.51416015625,0.0,nan,387.1000061035156,0.0,0.0,2631.5,nan,nan,nan,65536.0
2026-09-14T05:07:00.000+08:00,0.0,22.626663208007812,22.58349609375,0.0,nan,387.1000061035156,0.0,0.0,2631.5,nan,nan,nan,65536.0
2026-09-14T05:08:00.000+08:00,0.0,22.871299743652344,22.486328125,0.0,nan,386.3999938964844,0.0,0.0,2631.5,nan,nan,nan,65536.0
2026-09-14T05:09:00.000+08:00,0.0,22.762666702270508,22.5419921875,0.0,nan,387.0,0.0,0.0,2631.5,nan,nan,nan,65536.0
2026-09-14T05:10:00.000+08:00,0.0,22.631832122802734,22.583984375,0.0,nan,387.1000061035156,0.0,0.0,2631.5,nan,nan,nan,65536.0
2026-09-14T05:11:00.000+08:00,0.5587906837463379,22.748184204101562,22.375,6.456799455918372E-4,0.0,386.20001220703125,0.0,0.0,2631.5,nan,nan,nan,65536.0
2026-09-14T05:12:00.000+08:00,0.0,22.643720626831055,22.59765625,0.0,nan,386.6000061035156,0.0,0.0,2631.5,nan,nan,nan,65536.0
2026-09-14T05:13:00.000+08:00,0.4222451150417328,22.76803207397461,22.56982421875,2.705010410863906E-4,0.0,387.1000061035156,0.0,0.0,2631.5,nan,nan,nan,65536.0
2026-09-14T05:14:00.000+08:00,0.0012646144023165107,22.740463256835938,22.486328125,5.840142307533824E-7,0.0,386.8999938964844,0.0,0.0,2631.5,nan,nan,nan,65536.0
2026-09-14T05:15:00.000+08:00,0.07878954708576202,22.633207321166992,22.5419921875,4.053294542245567E-4,0.0,386.5,0.0,0.0,2631.5,nan,nan,nan,65536.0
2026-09-14T05:16:00.000+08:00,0.0,22.750267028808594,22.44482421875,0.0,nan,386.5,0.0,0.0,2631.5,nan,nan,nan,65536.0
2026-09-14T05:17:00.000+08:00,0.0,22.749778747558594,22.375,0.0,nan,386.70001220703125,0.0,0.0,2631.5,nan,nan,nan,65536.0
2026-09-14T05:18:00.000+08:00,0.0,22.849584579467773,22.431640625,0.0,nan,386.8999938964844,0.0,0.0,2631.5,nan,nan,nan,65536.0
2026-09-14T05:19:00.000+08:00,0.22530502080917358,22.63252067565918,22.59765625,0.0012954359408468008,0.0,386.1000061035156,0.0,0.0,2631.5,nan,nan,nan,65536.0
2026-09-14T05:20:00.000+08:00,0.0,22.863361358642578,22.40283203125,0.0,nan,386.29998779296875,0.0,0.0,2631.5,nan,nan,nan,65536.0
2026-09-14T05:21:00.000+08:00,0.07777130603790283,22.75494384765625,22.486328125,0.0,nan,386.3999938964844,0.0,0.0,2631.5,nan,nan,nan,65536.0
2026-09-14T05:22:00.000+08:00,0.0,22.63252067565918,22.59765625,0.0,nan,386.0,0.0,0.0,2631.5,nan,nan,nan,65536.0
2026-09-14T05:23:00.000+08:00,0.12349013984203339,22.654449462890625,22.583984375,9.500932064838707E-4,0.0,386.3999938964844,0.0,0.0,2631.5,nan,nan,nan,65536.0
2026-09-14T05:24:00.000+08:00,0.0,22.751663208007812,22.59716796875,0.0,nan,386.20001220703125,0.0,0.0,2631.5,nan,nan,nan,65536.0
2026-09-14T05:25:00.000+08:00,0.0,22.76288604736328,22.5703125,0.0,nan,386.1000061035156,0.0,0.0,2631.5,nan,nan,nan,65536.0
2026-09-14T05:26:00.000+08:00,0.1286231130361557,22.75286293029785,22.611328125,2.3060402600094676E-4,0.0,386.1000061035156,0.0,0.0,2631.5,nan,nan,nan,65536.0
2026-09-14T05:27:00.000+08:00,0.0,22.772001266479492,22.5,0.0,nan,386.6000061035156,0.0,0.0,2631.5,nan,nan,nan,65536.0
2026-09-14T05:28:00.000+08:00,0.30714136362075806,22.756832122802734,22.583984375,0.0016474337317049503,0.0,386.3999938964844,0.0,0.0,2631.5,nan,nan,nan,65536.0
2026-09-14T05:29:00.000+08:00,0.0,22.765457153320312,22.611328125,0.0,nan,385.29998779296875,0.0,0.0,2631.5,nan,nan,nan,65536.0
2026-09-14T05:30:00.000+08:00,0.31980040669441223,22.756832122802734,22.556640625,9.93536552414298E-4,0.0,385.5,0.0,0.0,2631.5,nan,nan,nan,65536.0
2026-09-14T05:31:00.000+08:00,0.2740706503391266,22.761489868164062,22.513671875,0.0012449370697140694,0.0,385.70001220703125,0.0,0.0,2631.5,nan,nan,nan,65536.0
2026-09-14T05:32:00.000+08:00,0.21615469455718994,22.65165901184082,22.5,0.0011695052962750196,0.0,385.3999938964844,0.0,0.0,2631.5,nan,nan,nan,65536.0
2026-09-14T05:33:00.000+08:00,0.0,22.758207321166992,22.556640625,0.0,nan,385.79998779296875,0.0,0.0,2631.5,nan,nan,nan,65536.0
2026-09-14T05:34:00.000+08:00,0.66413414478302,22.761489868164062,22.556640625,0.002482419367879629,0.0,385.79998779296875,0.0,0.0,2631.5,nan,nan,nan,65536.0
2026-09-14T05:35:00.000+08:00,0.035001903772354126,22.77665901184082,22.5703125,1.4177244156599045E-4,0.0,385.5,0.0,0.0,2631.5,nan,nan,nan,65536.0
2026-09-14T05:36:00.000+08:00,0.0,22.760311126708984,22.5556640625,0.0,nan,385.3999938964844,0.0,0.0,2631.5,nan,nan,nan,65536.0
2026-09-14T05:37:00.000+08:00,0.24504512548446655,22.794639587402344,22.5,0.0011779784690588713,0.0,385.70001220703125,0.0,0.0,2631.5,nan,nan,nan,65536.0
2026-09-14T05:38:00.000+08:00,0.23330099880695343,22.774303436279297,22.59765625,9.616364841349423E-4,0.0,385.3999938964844,0.0,0.0,2631.5,nan,nan,nan,65536.0
2026-09-14T05:39:00.000+08:00,0.14010100066661835,22.780630111694336,22.583984375,6.861533038318157E-4,0.0,385.5,0.0,0.0,2631.5,nan,nan,nan,65536.0
2026-09-14T05:40:00.000+08:00,0.0,22.761489868164062,22.5,0.0,nan,385.8999938964844,0.0,0.0,2631.5,nan,nan,nan,65536.0
2026-09-14T05:41:00.000+08:00,0.0,22.777368545532227,22.59765625,0.0,nan,386.3999938964844,0.0,0.0,2631.5,nan,nan,nan,65536.0
2026-09-14T05:42:00.000+08:00,0.0,22.774791717529297,22.51416015625,0.0,nan,385.5,0.0,0.0,2631.5,nan,nan,nan,65536.0
2026-09-14T05:43:00.000+08:00,0.2742941677570343,22.78342056274414,22.611328125,0.002687015337869525,0.0,385.6000061035156,0.0,0.0,2631.5,nan,nan,nan,65536.0
2026-09-14T05:44:00.000+08:00,0.5848548412322998,22.777368545532227,22.583984375,0.0020231413654983044,0.0,386.3999938964844,0.0,0.0,2631.5,nan,nan,nan,65536.0
2026-09-14T05:45:00.000+08:00,0.0,22.77783966064453,22.583984375,0.0,nan,386.5,0.0,0.0,2631.5,nan,nan,nan,65536.0
2026-09-14T05:46:00.000+08:00,0.11159799993038177,22.8018741607666,22.59765625,3.9792642928659916E-4,0.0,386.29998779296875,0.0,0.0,2631.5,nan,nan,nan,65536.0
2026-09-14T05:47:00.000+08:00,0.2568240165710449,22.77339744567871,22.5703125,9.908033534884453E-4,0.0,386.5,0.0,0.0,2631.5,nan,nan,nan,65536.0
2026-09-14T05:48:00.000+08:00,0.0,22.78996467590332,22.5,0.0,nan,386.29998779296875,0.0,0.0,2631.5,nan,nan,nan,65536.0
2026-09-14T05:49:00.000+08:00,0.0,22.76614761352539,22.5703125,0.0,nan,386.29998779296875,0.0,0.0,2631.5,nan,nan,nan,65536.0
2026-09-14T05:50:00.000+08:00,0.4183608591556549,22.770822525024414,22.5703125,0.0017458032816648483,0.0,386.5,0.0,0.0,2631.5,nan,nan,nan,65536.0
2026-09-14T05:51:00.000+08:00,0.17064744234085083,22.788570404052734,22.611328125,6.471374654211104E-4,0.0,387.0,0.0,0.0,2631.5,nan,nan,nan,65536.0
2026-09-14T05:52:00.000+08:00,0.23030784726142883,22.776168823242188,22.556640625,0.0011193183017894626,0.0,387.1000061035156,0.0,0.0,2631.5,nan,nan,nan,65536.0
2026-09-14T05:53:00.000+08:00,0.0,nan,nan,0.0,nan,nan,nan,nan,nan,nan,nan,nan,nan
2026-09-14T05:54:00.000+08:00,0.0,22.78565216064453,22.548828125,0.0,nan,387.1000061035156,0.0,0.0,2631.5,nan,nan,nan,65536.0
2026-09-14T05:55:00.000+08:00,0.12456799298524857,22.765457153320312,22.51416015625,6.479955627582967E-4,0.0,386.70001220703125,0.0,0.0,2631.5,nan,nan,nan,65536.0
2026-09-14T05:56:00.000+08:00,0.57344651222229,22.78996467590332,22.5419921875,0.0021514524705708027,0.0,386.8999938964844,0.0,0.0,2631.5,nan,nan,nan,65536.0
2026-09-14T05:57:00.000+08:00,0.0,22.793245315551758,22.556640625,0.0,nan,387.1000061035156,0.0,0.0,2631.5,nan,nan,nan,65536.0
2026-09-14T05:58:00.000+08:00,0.22214297950267792,22.782026290893555,22.5419921875,9.955345012713224E-5,0.0,386.6000061035156,0.0,0.0,2631.5,nan,nan,nan,65536.0
2026-09-14T05:59:00.000+08:00,0.23162510991096497,22.77339744567871,22.556640625,9.68113832641393E-4,0.0,386.29998779296875,0.0,0.0,2631.5,nan,nan,nan,65536.0
2026-09-14T06:00:00.000+08:00,0.0,22.78342056274414,22.51416015625,0.0,nan,386.1000061035156,0.0,0.0,2631.5,nan,nan,nan,65536.0
2026-09-14T06:01:00.000+08:00,0.15894901752471924,22.779943466186523,22.5419921875,4.904927336610854E-4,0.0,385.8999938964844,0.0,0.0,2631.5,nan,nan,nan,65536.0
2026-09-14T06:02:00.000+08:00,0.08704779297113419,22.78015899658203,22.51416015625,3.735184436663985E-4,0.0,385.6000061035156,0.0,0.0,2631.5,nan,nan,nan,65536.0
2026-09-14T06:03:00.000+08:00,0.32112663984298706,22.788570404052734,22.59765625,0.0017124699661508203,0.0,386.0,0.0,0.0,2631.5,nan,nan,nan,65536.0
2026-09-14T06:04:00.000+08:00,0.7634714841842651,22.807710647583008,22.59765625,0.002915007062256336,0.0,385.3999938964844,0.0,0.0,2631.5,nan,nan,nan,65536.0
2026-09-14T06:05:00.000+08:00,0.0,22.793245315551758,22.583984375,0.0,nan,385.70001220703125,0.0,0.0,2631.5,nan,nan,nan,65536.0
2026-09-14T06:06:00.000+08:00,0.10526897013187408,22.78807830810547,22.51416015625,5.580447032116354E-4,0.0,385.6000061035156,0.0,0.0,2631.5,nan,nan,nan,65536.0
2026-09-14T06:07:00.000+08:00,0.8218523263931274,22.782733917236328,22.52783203125,0.003254140028730035,0.0,385.5,0.0,0.0,2631.5,nan,nan,nan,65536.0
2026-09-14T06:08:00.000+08:00,0.0,22.787172317504883,22.611328125,0.0,nan,385.1000061035156,0.0,0.0,2631.5,nan,nan,nan,65536.0
2026-09-14T06:09:00.000+08:00,0.0,22.782026290893555,22.5703125,0.0,nan,384.3999938964844,0.0,0.0,2631.5,nan,nan,nan,65536.0
2026-09-14T06:10:00.000+08:00,0.0,22.797903060913086,22.583984375,0.0,nan,384.70001220703125,0.0,0.0,2631.5,nan,nan,nan,65536.0
2026-09-14T06:11:00.000+08:00,0.050504110753536224,22.780845642089844,22.556640625,2.9970091418363154E-4,0.0,384.8999938964844,0.0,0.0,2631.5,nan,nan,nan,65536.0
2026-09-14T06:12:00.000+08:00,0.0683944821357727,22.78342056274414,22.5703125,2.619260922074318E-4,0.0,384.79998779296875,0.0,0.0,2631.5,nan,nan,nan,65536.0
2026-09-14T06:13:00.000+08:00,0.0,22.78670310974121,22.5,0.0,nan,384.79998779296875,0.0,0.0,2631.5,nan,nan,nan,65536.0
2026-09-14T06:14:00.000+08:00,0.0,22.794639587402344,22.556640625,0.0,nan,384.6000061035156,0.0,0.0,2631.5,nan,nan,nan,65536.0
2026-09-14T06:15:00.000+08:00,0.0,22.78670310974121,22.5703125,0.0,nan,385.1000061035156,0.0,0.0,2631.5,nan,nan,nan,65536.0
2026-09-14T06:16:00.000+08:00,0.0,22.79442596435547,22.5703125,0.0,nan,385.1000061035156,0.0,0.0,2631.5,nan,nan,nan,65536.0
2026-09-14T06:17:00.000+08:00,0.24019131064414978,22.80305290222168,22.583984375,9.1648253146559E-4,0.0,385.3999938964844,0.0,0.0,2631.5,nan,nan,nan,65536.0
2026-09-14T06:18:00.000+08:00,0.030310016125440598,22.787879943847656,22.54150390625,1.1629892105702311E-4,0.0,385.29998779296875,0.0,0.0,2631.5,nan,nan,nan,65536.0
2026-09-14T06:19:00.000+08:00,0.43889570236206055,22.796506881713867,22.51416015625,0.0020318396855145693,0.0,384.8999938964844,0.0,0.0,2631.5,nan,nan,nan,65536.0
2026-09-14T06:20:00.000+08:00,0.31871262192726135,22.812856674194336,22.51416015625,0.001393466372974217,0.0,385.0,0.0,0.0,2631.5,nan,nan,nan,65536.0
2026-09-14T06:21:00.000+08:00,0.0,22.797903060913086,22.58349609375,0.0,nan,385.1000061035156,0.0,0.0,2631.5,nan,nan,nan,65536.0
2026-09-14T06:22:00.000+08:00,0.3562944233417511,22.782733917236328,22.556640625,0.00192669325042516,0.0,385.20001220703125,0.0,0.0,2631.5,nan,nan,nan,65536.0
2026-09-14T06:23:00.000+08:00,0.36367249488830566,22.800477981567383,22.513671875,0.0012828720500692725,0.0,385.70001220703125,0.0,0.0,2631.5,nan,nan,nan,65536.0
2026-09-14T06:24:00.000+08:00,0.2637610137462616,22.789276123046875,22.556640625,0.0011978570837527514,0.0,385.3999938964844,0.0,0.0,2631.5,nan,nan,nan,65536.0
2026-09-14T06:25:00.000+08:00,0.7274801135063171,22.782026290893555,22.611328125,0.004341782070696354,0.0,385.20001220703125,0.0,0.0,2631.5,nan,nan,nan,65536.0
2026-09-14T06:26:00.000+08:00,0.16834472119808197,22.79861068725586,22.556640625,7.036234019324183E-4,0.0,384.8999938964844,0.0,0.0,2631.5,nan,nan,nan,65536.0
2026-09-14T06:27:00.000+08:00,0.35871240496635437,22.799083709716797,22.611328125,0.0014794348971918225,0.0,385.0,0.0,0.0,2631.5,nan,nan,nan,65536.0
2026-09-14T06:28:00.000+08:00,0.09020088613033295,22.805843353271484,22.556640625,3.218113852199167E-4,0.0,385.0,0.0,0.0,2631.5,nan,nan,nan,65536.0
2026-09-14T06:29:00.000+08:00,0.37361159920692444,22.787879943847656,22.54150390625,0.0016671024495735765,0.0,385.0,0.0,0.0,2631.5,nan,nan,nan,65536.0
2026-09-14T06:30:00.000+08:00,0.0,22.80653190612793,22.59716796875,0.0,nan,385.3999938964844,0.0,0.0,2631.5,nan,nan,nan,65536.0
2026-09-14T06:31:00.000+08:00,0.3377404510974884,22.794639587402344,22.5,0.0018805545987561345,0.0,385.1000061035156,0.0,0.0,2631.5,nan,nan,nan,65536.0
2026-09-14T06:32:00.000+08:00,0.0,22.76288604736328,22.51416015625,0.0,nan,385.20001220703125,0.0,0.0,2631.5,nan,nan,nan,65536.0
2026-09-14T06:33:00.000+08:00,0.21234196424484253,22.80653190612793,22.56982421875,9.028895874507725E-4,0.0,385.20001220703125,0.0,0.0,2631.5,nan,nan,nan,65536.0
2026-09-14T06:34:00.000+08:00,0.1397920399904251,22.810501098632812,22.611328125,8.37292114738375E-4,0.0,384.70001220703125,0.0,0.0,2631.5,nan,nan,nan,65536.0
2026-09-14T06:35:00.000+08:00,0.0,22.794639587402344,22.556640625,0.0,nan,384.79998779296875,0.0,0.0,2631.5,nan,nan,nan,65536.0
2026-09-14T06:36:00.000+08:00,0.0,22.801164627075195,22.583984375,0.0,nan,384.8999938964844,0.0,0.0,2631.5,nan,nan,nan,65536.0
2026-09-14T06:37:00.000+08:00,0.0476699024438858,22.815176010131836,22.56982421875,2.7588257216848433E-4,0.0,384.79998779296875,0.0,0.0,2631.5,nan,nan,nan,65536.0
2026-09-14T06:38:00.000+08:00,0.1427762508392334,22.788785934448242,22.583984375,7.138605578802526E-4,0.0,385.1000061035156,0.0,0.0,2631.5,nan,nan,nan,65536.0
2026-09-14T06:39:00.000+08:00,0.37142908573150635,22.80513572692871,22.59716796875,0.002144376514479518,0.0,384.8999938964844,0.0,0.0,2631.5,nan,nan,nan,65536.0
2026-09-14T06:40:00.000+08:00,0.0,22.767324447631836,22.583984375,0.0,nan,385.1000061035156,0.0,0.0,2631.5,nan,nan,nan,65536.0
2026-09-14T06:41:00.000+08:00,0.6589942574501038,22.782026290893555,22.583984375,0.0030809729360044003,0.0,386.0,0.0,0.0,2631.5,nan,nan,nan,65536.0
2026-09-14T06:42:00.000+08:00,0.09970883280038834,22.776874542236328,22.583984375,5.127327749505639E-4,0.0,385.8999938964844,0.0,0.0,2631.5,nan,nan,nan,65536.0
2026-09-14T06:43:00.000+08:00,0.7197741866111755,22.838285446166992,22.59765625,0.00310775195248425,0.0,386.0,0.0,0.0,2631.5,nan,nan,nan,65536.0
2026-09-14T06:44:00.000+08:00,1.1178257465362549,22.87339973449707,22.4453125,0.0072235180996358395,0.0,386.3999938964844,0.0,0.0,2631.5,nan,nan,nan,65536.0
2026-09-14T06:45:00.000+08:00,0.0,22.8118953704834,22.59765625,0.0,nan,386.5,0.0,0.0,2631.5,nan,nan,nan,65536.0
2026-09-14T06:46:00.000+08:00,0.016020767390727997,22.755632400512695,22.41650390625,7.452604768332094E-5,0.0,386.1000061035156,0.0,0.0,2631.5,nan,nan,nan,65536.0
2026-09-14T06:47:00.000+08:00,0.0,22.799297332763672,22.583984375,0.0,nan,385.6000061035156,0.0,0.0,2631.5,nan,nan,nan,65536.0
2026-09-14T06:48:00.000+08:00,0.0,22.833139419555664,22.59765625,0.0,nan,385.3999938964844,0.0,0.0,2631.5,nan,nan,nan,65536.0
2026-09-14T06:49:00.000+08:00,0.5370627641677856,22.78996467590332,22.52783203125,0.0019097476033493876,0.0,385.6000061035156,0.0,0.0,2631.5,nan,nan,nan,65536.0
2026-09-14T06:50:00.000+08:00,0.7587845325469971,22.80305290222168,22.5283203125,0.003472542855888605,0.0,385.5,0.0,0.0,2631.5,nan,nan,nan,65536.0
2026-09-14T06:51:00.000+08:00,0.0,22.79861068725586,22.611328125,0.0,nan,385.6000061035156,0.0,0.0,2631.5,nan,nan,nan,65536.0
2026-09-14T06:52:00.000+08:00,0.03984876349568367,nan,nan,1.9916263408958912E-4,0.0,nan,nan,nan,nan,nan,nan,nan,nan
2026-09-14T06:53:00.000+08:00,0.0,22.792881965637207,22.569580078125,0.0,nan,385.4499969482422,0.0,0.0,2631.5,nan,nan,nan,65536.0
2026-09-14T06:54:00.000+08:00,0.22250060737133026,22.79136085510254,22.5419921875,0.0010762547608464956,0.0,385.6000061035156,0.0,0.0,2631.5,nan,nan,nan,65536.0
2026-09-14T06:55:00.000+08:00,0.0,22.834808349609375,22.5703125,0.0,nan,385.5,0.0,0.0,2631.5,nan,nan,nan,65536.0
2026-09-14T06:56:00.000+08:00,0.09857237339019775,22.782026290893555,22.583984375,4.6537324669770896E-4,0.0,385.6000061035156,0.0,0.0,2631.5,nan,nan,nan,65536.0
2026-09-14T06:57:00.000+08:00,0.0,22.820068359375,22.51416015625,0.0,nan,385.1000061035156,0.0,0.0,2631.5,nan,nan,nan,65536.0
2026-09-14T06:58:00.000+08:00,0.0,22.803268432617188,22.5283203125,0.0,nan,385.0,0.0,0.0,2631.5,nan,nan,nan,65536.0
2026-09-14T06:59:00.000+08:00,0.41615450382232666,22.872005462646484,22.4033203125,0.0016264948062598705,0.0,385.20001220703125,0.0,0.0,2631.5,nan,nan,nan,65536.0
2026-09-14T07:00:00.000+08:00,0.16455285251140594,22.833139419555664,22.583984375,7.315593538805842E-4,0.0,384.8999938964844,0.0,0.0,2631.5,nan,nan,nan,65536.0
2026-09-14T07:01:00.000+08:00,0.0,22.81914520263672,22.56982421875,0.0,nan,384.8999938964844,0.0,0.0,2631.5,nan,nan,nan,65536.0
2026-09-14T07:02:00.000+08:00,0.0,22.82569122314453,22.58349609375,0.0,nan,385.5,0.0,0.0,2631.5,nan,nan,nan,65536.0
2026-09-14T07:03:00.000+08:00,0.0,22.78996467590332,22.611328125,0.0,nan,386.29998779296875,0.0,0.0,2631.5,nan,nan,nan,65536.0
2026-09-14T07:04:00.000+08:00,0.0,22.816572189331055,22.583984375,0.0,nan,386.1000061035156,0.0,0.0,2631.5,nan,nan,nan,65536.0
2026-09-14T07:05:00.000+08:00,0.4454840123653412,22.799297332763672,22.611328125,0.0028019424062222242,0.0,386.5,0.0,0.0,2631.5,nan,nan,nan,65536.0
2026-09-14T07:06:00.000+08:00,0.0,22.76288604736328,22.5,0.0,nan,386.0,0.0,0.0,2631.5,nan,nan,nan,65536.0
2026-09-14T07:07:00.000+08:00,0.0,22.79206657409668,22.583984375,0.0,nan,386.1000061035156,0.0,0.0,2631.5,nan,nan,nan,65536.0
2026-09-14T07:08:00.000+08:00,0.0,22.835023880004883,22.611328125,0.0,nan,386.29998779296875,0.0,0.0,2631.5,nan,nan,nan,65536.0
2026-09-14T07:09:00.000+08:00,0.0,22.787391662597656,22.59765625,0.0,nan,386.70001220703125,0.0,0.0,2631.5,nan,nan,nan,65536.0
2026-09-14T07:10:00.000+08:00,0.6966693997383118,22.78670310974121,22.59765625,0.0032262413296848536,0.0,386.79998779296875,0.0,0.0,2631.5,nan,nan,nan,65536.0
2026-09-14T07:11:00.000+08:00,0.18768547475337982,22.770822525024414,22.611328125,7.40501971449703E-4,0.0,386.6000061035156,0.0,0.0,2631.5,nan,nan,nan,65536.0
2026-09-14T07:12:00.000+08:00,0.0,22.79861068725586,22.5,0.0,nan,386.79998779296875,0.0,0.0,2631.5,nan,nan,nan,65536.0
2026-09-14T07:13:00.000+08:00,0.16045305132865906,22.788570404052734,22.5,6.06619636528194E-4,0.0,386.29998779296875,0.0,0.0,2631.5,nan,nan,nan,65536.0
2026-09-14T07:14:00.000+08:00,0.13892976939678192,22.81307601928711,22.58349609375,6.462790188379586E-4,0.0,386.29998779296875,0.0,0.0,2631.5,nan,nan,nan,65536.0
2026-09-14T07:15:00.000+08:00,0.0,22.804664611816406,22.54150390625,0.0,nan,386.29998779296875,0.0,0.0,2631.5,nan,nan,nan,65536.0
2026-09-14T07:16:00.000+08:00,0.0,22.789276123046875,22.51416015625,0.0,nan,386.70001220703125,0.0,0.0,2631.5,nan,nan,nan,65536.0
2026-09-14T07:17:00.000+08:00,0.0,22.807022094726562,22.5703125,0.0,nan,386.3999938964844,0.0,0.0,2631.5,nan,nan,nan,65536.0
2026-09-14T07:18:00.000+08:00,0.0,22.81238555908203,22.5703125,0.0,nan,386.5,0.0,0.0,2631.5,nan,nan,nan,65536.0
2026-09-14T07:19:00.000+08:00,0.0,22.82569122314453,22.58349609375,0.0,nan,386.70001220703125,0.0,0.0,2631.5,nan,nan,nan,65536.0
2026-09-14T07:20:00.000+08:00,0.0,22.83571434020996,22.583984375,0.0,nan,386.5,0.0,0.0,2631.5,nan,nan,nan,65536.0
2026-09-14T07:21:00.000+08:00,0.0,22.815866470336914,22.556640625,0.0,nan,386.79998779296875,0.0,0.0,2631.5,nan,nan,nan,65536.0
2026-09-14T07:22:00.000+08:00,0.0,22.832923889160156,22.59765625,0.0,nan,386.79998779296875,0.0,0.0,2631.5,nan,nan,nan,65536.0
2026-09-14T07:23:00.000+08:00,0.0,22.793245315551758,22.56982421875,0.0,nan,386.1000061035156,0.0,0.0,2631.5,nan,nan,nan,65536.0
2026-09-14T07:24:00.000+08:00,0.10218342393636703,22.80255889892578,22.56982421875,4.5198400039225817E-4,0.0,385.70001220703125,0.0,0.0,2631.5,nan,nan,nan,65536.0
2026-09-14T07:25:00.000+08:00,0.0,22.870752334594727,22.5,0.0,nan,386.0,0.0,0.0,2631.5,nan,nan,nan,65536.0
2026-09-14T07:26:00.000+08:00,0.0,22.839466094970703,22.59765625,0.0,nan,385.29998779296875,0.0,0.0,2631.5,nan,nan,nan,65536.0
2026-09-14T07:27:00.000+08:00,0.0,22.801380157470703,22.51416015625,0.0,nan,385.29998779296875,0.0,0.0,2631.5,nan,nan,nan,65536.0
2026-09-14T07:28:00.000+08:00,0.0,22.839466094970703,22.5419921875,0.0,nan,385.5,0.0,0.0,2631.5,nan,nan,nan,65536.0
2026-09-14T07:29:00.000+08:00,0.0,22.830839157104492,22.56982421875,0.0,nan,385.1000061035156,0.0,0.0,2631.5,nan,nan,nan,65536.0
2026-09-14T07:30:00.000+08:00,0.23760247230529785,22.654943466186523,22.556640625,9.268271969631314E-4,0.0,385.6000061035156,0.0,0.0,2631.5,nan,nan,nan,65536.0
2026-09-14T07:31:00.000+08:00,0.0,22.86286735534668,22.38916015625,0.0,nan,385.29998779296875,0.0,0.0,2631.5,nan,nan,nan,65536.0
2026-09-14T07:32:00.000+08:00,0.0,22.75702667236328,22.51416015625,0.0,nan,385.6000061035156,0.0,0.0,2631.5,nan,nan,nan,65536.0
2026-09-14T07:33:00.000+08:00,0.0,22.867942810058594,22.72216796875,0.0,nan,385.3999938964844,0.0,0.0,2631.5,nan,nan,nan,65536.0
2026-09-14T07:34:00.000+08:00,0.0,22.759525299072266,22.625,0.0,nan,385.8999938964844,0.0,0.0,2631.5,nan,nan,nan,65536.0
2026-09-14T07:35:00.000+08:00,0.0,22.76139259338379,22.736328125,0.0,nan,385.70001220703125,0.0,0.0,2631.5,nan,nan,nan,65536.0
2026-09-14T07:36:00.000+08:00,0.05836697295308113,22.765363693237305,22.6953125,4.4707083725370467E-4,0.0,385.79998779296875,0.0,0.0,2631.5,nan,nan,nan,65536.0
2026-09-14T07:37:00.000+08:00,0.0,22.80255889892578,22.51416015625,0.0,nan,385.5,0.0,0.0,2631.5,nan,nan,nan,65536.0
2026-09-14T07:38:00.000+08:00,0.0,22.97450828552246,22.611328125,0.0,nan,385.79998779296875,0.0,0.0,2631.5,nan,nan,nan,65536.0
2026-09-14T07:39:00.000+08:00,0.0,22.805274963378906,22.65283203125,0.0,nan,385.70001220703125,0.0,0.0,2631.5,nan,nan,nan,65536.0
2026-09-14T07:40:00.000+08:00,0.0,23.586288452148438,21.70849609375,0.0,nan,385.29998779296875,1.8240000009536743,1.0219999551773071,2631.5,nan,nan,nan,65536.0
2026-09-14T07:41:00.000+08:00,0.19417741894721985,23.978927612304688,12.1533203125,7.464730879291892E-4,0.0,385.29998779296875,1.8220000267028809,1.0199999809265137,2631.5,513.28125,1.990625023841858,1.0233654975891113,2711.0
2026-09-14T07:42:00.000+08:00,0.0,23.351760864257812,10.5908203125,0.0,nan,385.70001220703125,1.8329999446868896,1.027999997138977,2631.5,513.28125,1.990625023841858,1.0345358848571777,2711.0
2026-09-14T07:43:00.000+08:00,11.769306182861328,21.314788818359375,10.39599609375,0.14644061028957367,6.985766887664795,386.0,1.8339999914169312,1.031000018119812,2631.60009765625,513.28125,1.990625023841858,1.0349395275115967,2711.0
2026-09-14T07:44:00.000+08:00,15.383566856384277,20.492156982421875,10.1533203125,3.053215742111206,0.33243638277053833,385.5,1.8279999494552612,1.024999976158142,2631.60009765625,513.28125,1.990625023841858,1.0282104015350342,2711.0
2026-09-14T07:45:00.000+08:00,14.97705364227295,18.856201171875,10.048828125,3.8215503692626953,0.26821574568748474,385.1000061035156,1.8320000171661377,1.027999997138977,2631.60009765625,509.765625,1.990625023841858,1.0302292108535767,2711.0
2026-09-14T07:46:00.000+08:00,14.302773475646973,16.815383911132812,9.666748046875,3.16807222366333,0.323540598154068,384.79998779296875,1.8359999656677246,1.0260000228881836,2631.60009765625,509.765625,1.990625023841858,1.0306329727172852,2711.0
2026-09-14T07:47:00.000+08:00,15.20827865600586,16.117767333984375,9.6806640625,3.103581190109253,0.32994145154953003,384.3999938964844,1.8359999656677246,1.0299999713897705,2631.60009765625,509.765625,1.990625023841858,1.0350741147994995,2711.0
2026-09-14T07:48:00.000+08:00,27.28390121459961,15.58791732788086,10.03515625,5.0329060554504395,0.20346097648143768,384.3999938964844,1.8309999704360962,1.024999976158142,2631.60009765625,509.765625,1.990625023841858,1.0290179252624512,2711.0
2026-09-14T07:49:00.000+08:00,40.31769561767578,15.11102294921875,9.909912109375,5.9533162117004395,0.17250889539718628,384.6000061035156,1.8350000381469727,1.031999945640564,2631.699951171875,509.765625,1.990625023841858,1.0350741147994995,2711.0
2026-09-14T07:50:00.000+08:00,36.86506271362305,14.649192810058594,9.638916015625,4.80711555480957,0.21343360841274261,384.79998779296875,1.840999960899353,1.034999966621399,2631.699951171875,509.765625,1.990625023841858,1.0338629484176636,2711.0
2026-09-14T07:51:00.000+08:00,49.5582275390625,nan,nan,5.727659702301025,0.1807020753622055,nan,nan,nan,nan,nan,nan,nan,nan
2026-09-14T07:52:00.000+08:00,85.61431121826172,14.288040161132812,9.9169921875,8.949308395385742,0.11565139144659042,384.25,1.8379999995231628,1.0354999899864197,2631.699951171875,509.765625,2.0097656846046448,1.038506031036377,2711.0
2026-09-14T07:53:00.000+08:00,88.23396301269531,14.155132293701172,9.8544921875,8.211329460144043,0.12592357397079468,383.8999938964844,1.8569999933242798,1.0329999923706055,2631.699951171875,509.765625,1.990625023841858,1.035477876663208,2711.0
2026-09-14T07:54:00.000+08:00,69.4555892944336,13.94710922241211,9.757080078125,6.156074523925781,0.16763928532600403,383.70001220703125,1.8480000495910645,1.0379999876022339,2631.699951171875,509.765625,2.0289063453674316,1.0411304235458374,2711.0
2026-09-14T07:55:00.000+08:00,80.8055191040039,13.735397338867188,9.8056640625,6.990220069885254,0.14835011959075928,383.29998779296875,1.847000002861023,1.0360000133514404,2631.800048828125,509.765625,2.0289063453674316,1.039111614227295,2711.0
2026-09-14T07:56:00.000+08:00,92.79143524169922,13.418502807617188,9.8408203125,8.110756874084473,0.1273617297410965,386.3999938964844,1.8569999933242798,1.0520000457763672,2631.800048828125,513.28125,2.0289063453674316,1.0529736280441284,2711.0
2026-09-14T07:57:00.000+08:00,96.19422149658203,13.298988342285156,9.72265625,7.724021911621094,0.13373860716819763,385.8999938964844,1.8569999933242798,1.0460000038146973,2631.800048828125,513.28125,2.0289063453674316,1.0492053031921387,2711.0
2026-09-14T07:58:00.000+08:00,105.59172058105469,13.183090209960938,9.701416015625,8.463252067565918,0.12170262634754181,385.1000061035156,1.847000002861023,1.0420000553131104,2631.800048828125,509.765625,2.0289063453674316,1.0485323667526245,2711.0
2026-09-14T07:59:00.000+08:00,118.92778015136719,13.043815612792969,9.861328125,8.646342277526855,0.11800619214773178,385.29998779296875,1.8600000143051147,1.0509999990463257,2631.800048828125,509.765625,2.0289063453674316,1.0527044534683228,2711.0
2026-09-14T08:00:00.000+08:00,125.55599212646484,12.979934692382812,9.757080078125,9.048517227172852,0.11582008749246597,384.70001220703125,1.8519999980926514,1.0479999780654907,2631.89990234375,509.765625,2.0289063453674316,1.050551176071167,2711.0
2026-09-14T08:01:00.000+08:00,130.3286590576172,12.882915496826172,9.8056640625,8.83977222442627,0.1177632138133049,384.20001220703125,1.847000002861023,1.0390000343322754,2631.89990234375,509.765625,2.0289063453674316,1.0455715656280518,2711.0
2026-09-14T08:02:00.000+08:00,142.04293823242188,12.842334747314453,9.958251953125,9.448590278625488,0.11102185398340225,383.70001220703125,1.8450000286102295,1.0390000343322754,2631.89990234375,509.765625,2.0289063453674316,1.041803240776062,2711.0
2026-09-14T08:03:00.000+08:00,151.70457458496094,12.73556137084961,9.97265625,9.06251049041748,0.11553090065717697,384.0,1.8459999561309814,1.0410000085830688,2631.89990234375,509.765625,2.0289063453674316,1.044225811958313,2711.0
2026-09-14T08:04:00.000+08:00,157.79078674316406,12.68796157836914,9.923583984375,9.372763633728027,0.11085311323404312,383.5,1.8450000286102295,1.0379999876022339,2631.89990234375,509.765625,2.0289063453674316,1.0412650108337402,2711.0
2026-09-14T08:05:00.000+08:00,167.12710571289062,12.65755844116211,9.9794921875,9.54614543914795,0.10719747096300125,383.20001220703125,1.843000054359436,1.034000039100647,2631.89990234375,509.765625,2.0289063453674316,1.0387078523635864,2711.0
2026-09-14T08:06:00.000+08:00,168.61203002929688,12.689338684082031,9.986083984375,9.92705249786377,0.10486496239900589,383.3999938964844,1.840000033378601,1.031999945640564,2632.0,509.765625,2.0289063453674316,1.0372275114059448,2711.0
2026-09-14T08:07:00.000+08:00,176.90708923339844,12.599178314208984,9.882080078125,9.637545585632324,0.10770377516746521,383.79998779296875,1.8350000381469727,1.0410000085830688,2632.0,509.765625,2.0289063453674316,1.0466482639312744,2711.0
2026-09-14T08:08:00.000+08:00,177.53553771972656,12.500167846679688,9.8681640625,9.958307266235352,0.10403374582529068,382.8999938964844,1.8380000591278076,1.034000039100647,2632.0,509.765625,2.0289063453674316,1.037900447845459,2711.0
2026-09-14T08:09:00.000+08:00,175.18528747558594,12.394481658935547,9.8681640625,9.47533893585205,0.10996967554092407,383.3999938964844,1.843999981880188,1.0429999828338623,2632.0,509.765625,2.0289063453674316,1.0440912246704102,2711.0
2026-09-14T08:10:00.000+08:00,180.5051727294922,12.581981658935547,9.8125,9.820255279541016,0.10569989681243896,383.8999938964844,1.8359999656677246,1.0379999876022339,2632.0,509.765625,2.0289063453674316,1.045436978340149,2711.0
2026-09-14T08:11:00.000+08:00,179.35069274902344,12.535442352294922,9.9306640625,9.427769660949707,0.10967598855495453,383.70001220703125,1.8450000286102295,1.0429999828338623,2632.0,509.765625,2.0289063453674316,1.044225811958313,2711.0
2026-09-14T08:12:00.000+08:00,180.3542022705078,12.377891540527344,9.757080078125,9.156767845153809,0.11324957013130188,383.8999938964844,1.840000033378601,1.0429999828338623,2632.10009765625,509.765625,2.0289063453674316,1.045436978340149,2711.0
2026-09-14T08:13:00.000+08:00,173.00753784179688,12.395034790039062,9.736328125,8.89498233795166,0.11703227460384369,383.79998779296875,1.840000033378601,1.0429999828338623,2632.10009765625,509.765625,2.0289063453674316,1.045436978340149,2711.0
2026-09-14T08:14:00.000+08:00,172.99098205566406,12.42547607421875,9.722412109375,9.39416790008545,0.11070698499679565,385.70001220703125,1.8569999933242798,1.0549999475479126,2632.10009765625,513.28125,2.0289063453674316,1.0594335794448853,2711.0
2026-09-14T08:15:00.000+08:00,176.09503173828125,12.396598815917969,9.7431640625,9.168891906738281,0.11353607475757599,387.1000061035156,1.8600000143051147,1.062999963760376,2632.10009765625,513.28125,2.0289063453674316,1.0642786026000977,2712.0
2026-09-14T08:16:00.000+08:00,173.59457397460938,12.408885955810547,9.673828125,9.53563117980957,0.10875000804662704,387.20001220703125,1.8609999418258667,1.0640000104904175,2632.10009765625,513.28125,2.067187547683716,1.0684505701065063,2712.0
2026-09-14T08:17:00.000+08:00,174.38458251953125,12.412841796875,9.659912109375,9.103537559509277,0.11522992700338364,387.20001220703125,1.8630000352859497,1.0670000314712524,2632.10009765625,513.28125,2.067187547683716,1.0684505701065063,2712.0
2026-09-14T08:18:00.000+08:00,173.77780151367188,12.448265075683594,9.65283203125,9.324029922485352,0.11357749998569489,387.1000061035156,1.8580000400543213,1.062999963760376,2632.199951171875,513.28125,2.067187547683716,1.0734301805496216,2712.0
2026-09-14T08:19:00.000+08:00,176.66818237304688,12.34561538696289,9.611328125,9.272079467773438,0.11604733020067215,387.1000061035156,1.8559999465942383,1.062999963760376,2632.199951171875,513.28125,2.067187547683716,1.066028118133545,2712.0
2026-09-14T08:20:00.000+08:00,176.22576904296875,12.415138244628906,9.569580078125,9.176567077636719,0.11616545170545578,387.5,1.8559999465942383,1.062999963760376,2632.199951171875,513.28125,2.067187547683716,1.067643165588379,2712.0
2026-09-14T08:21:00.000+08:00,171.2779541015625,12.299407958984375,9.6806640625,9.023303985595703,0.1180277168750763,387.6000061035156,1.8669999837875366,1.0679999589920044,2632.199951171875,513.28125,2.067187547683716,1.0718151330947876,2712.0
2026-09-14T08:22:00.000+08:00,175.5000762939453,12.288444519042969,9.673828125,9.345931053161621,0.11384633928537369,387.20001220703125,1.871000051498413,1.0700000524520874,2632.199951171875,513.28125,2.067187547683716,1.0702002048492432,2712.0
2026-09-14T08:23:00.000+08:00,175.01327514648438,12.201026916503906,9.66015625,9.698365211486816,0.1100185438990593,387.5,1.8730000257492065,1.0709999799728394,2632.300048828125,513.28125,2.067187547683716,1.072218894958496,2712.0
2026-09-14T08:24:00.000+08:00,175.5008087158203,12.130908966064453,9.625,9.68222427368164,0.10978882014751434,387.29998779296875,1.88100004196167,1.0670000314712524,2632.300048828125,513.28125,2.067187547683716,1.0680469274520874,2712.0
2026-09-14T08:25:00.000+08:00,172.40072631835938,12.199024200439453,9.451416015625,9.751214027404785,0.10901207476854324,387.1000061035156,1.8739999532699585,1.0609999895095825,2632.300048828125,513.28125,2.0289063453674316,1.0642786026000977,2712.0
2026-09-14T08:26:00.000+08:00,175.0430450439453,12.173641204833984,9.6181640625,9.376574516296387,0.11400752514600754,387.20001220703125,1.8880000114440918,1.069000005722046,2632.300048828125,513.28125,2.067187547683716,1.0734301805496216,2712.0
2026-09-14T08:27:00.000+08:00,173.6408233642578,12.225173950195312,9.5625,9.44693660736084,0.11294666677713394,387.29998779296875,1.8760000467300415,1.059000015258789,2632.300048828125,513.28125,2.067187547683716,1.0646823644638062,2712.0
2026-09-14T08:28:00.000+08:00,175.54940795898438,12.11135482788086,9.4931640625,9.17752742767334,0.11658913642168045,386.8999938964844,1.878999948501587,1.059999942779541,2632.300048828125,513.28125,2.067187547683716,1.0642786026000977,2712.0
2026-09-14T08:29:00.000+08:00,176.49998474121094,12.296649932861328,9.66015625,9.414395332336426,0.11291219294071198,387.1000061035156,1.8739999532699585,1.0640000104904175,2632.39990234375,513.28125,2.067187547683716,1.0684505701065063,2712.0
2026-09-14T08:30:00.000+08:00,178.47125244140625,12.303657531738281,9.6533203125,9.45883560180664,0.1121702566742897,387.1000061035156,1.878000020980835,1.0640000104904175,2632.39990234375,513.28125,2.067187547683716,1.0662972927093506,2712.0
2026-09-14T08:31:00.000+08:00,175.02392578125,12.252250671386719,9.673583984375,9.732471466064453,0.10922200232744217,387.0,1.8700000047683716,1.0570000410079956,2632.39990234375,513.28125,2.067187547683716,1.0741031169891357,2712.0
2026-09-14T08:32:00.000+08:00,176.6381072998047,12.221805572509766,9.597412109375,9.582636833190918,0.11134722083806992,387.20001220703125,1.878000020980835,1.065000057220459,2632.39990234375,513.28125,2.067187547683716,1.066028118133545,2712.0
2026-09-14T08:33:00.000+08:00,175.50164794921875,12.201797485351562,9.6875,9.279915809631348,0.11411741375923157,386.79998779296875,1.8669999837875366,1.0570000410079956,2632.39990234375,513.28125,2.0289063453674316,1.0601065158843994,2712.0
2026-09-14T08:34:00.000+08:00,176.353759765625,12.271434783935547,9.625,9.268857955932617,0.11457721889019012,387.0,1.875,1.062999963760376,2632.39990234375,513.28125,2.0289063453674316,1.0634710788726807,2712.0
2026-09-14T08:35:00.000+08:00,175.51036071777344,12.24099349975586,9.569580078125,8.765033721923828,0.12241823226213455,386.8999938964844,1.8639999628067017,1.0549999475479126,2632.5,513.28125,2.0289063453674316,1.0584914684295654,2712.0
2026-09-14T08:36:00.000+08:00,177.7998809814453,12.224861145019531,9.59765625,9.161776542663574,0.11558894068002701,386.6000061035156,1.8660000562667847,1.055999994277954,2632.5,513.28125,2.0289063453674316,1.0601065158843994,2712.0
2026-09-14T08:37:00.000+08:00,177.24546813964844,12.277057647705078,9.70849609375,9.449127197265625,0.1118621826171875,386.6000061035156,1.871999979019165,1.0570000410079956,2632.5,513.28125,2.0289063453674316,1.0621252059936523,2712.0
2026-09-14T08:38:00.000+08:00,176.4732666015625,12.094951629638672,9.45166015625,8.808340072631836,0.11999990046024323,386.79998779296875,1.878000020980835,1.062000036239624,2632.5,513.28125,2.067187547683716,1.065086007118225,2712.0
2026-09-14T08:39:00.000+08:00,179.97975158691406,12.11886215209961,9.53515625,9.059699058532715,0.1181054636836052,386.79998779296875,1.8739999532699585,1.0609999895095825,2632.5,513.28125,2.067187547683716,1.065893530845642,2712.0
2026-09-14T08:40:00.000+08:00,179.0207061767578,12.088897705078125,9.6044921875,9.202394485473633,0.11486141383647919,387.3999938964844,1.8669999837875366,1.062000036239624,2632.60009765625,513.28125,2.0289063453674316,1.064009428024292,2712.0
2026-09-14T08:41:00.000+08:00,176.633544921875,12.225471496582031,9.569580078125,9.161263465881348,0.11559541523456573,386.3999938964844,1.8739999532699585,1.0579999685287476,2632.60009765625,513.28125,2.0289063453674316,1.0621252059936523,2712.0
2026-09-14T08:42:00.000+08:00,178.07958984375,12.071998596191406,9.507080078125,9.261225700378418,0.11423973739147186,386.5,1.8630000352859497,1.0570000410079956,2632.60009765625,513.28125,2.0289063453674316,1.0592989921569824,2712.0
2026-09-14T08:43:00.000+08:00,177.8206024169922,12.1104736328125,9.4931640625,9.203692436218262,0.11549712717533112,386.6000061035156,1.8660000562667847,1.0570000410079956,2632.60009765625,513.28125,2.0289063453674316,1.0609140396118164,2712.0
2026-09-14T08:44:00.000+08:00,177.66635131835938,12.242057800292969,9.66015625,9.28091049194336,0.11410518735647202,386.8999938964844,1.8680000305175781,1.062000036239624,2632.60009765625,513.28125,2.067187547683716,1.065086007118225,2712.0
2026-09-14T08:45:00.000+08:00,174.66371154785156,12.225173950195312,9.569580078125,9.031280517578125,0.11714838445186615,387.1000061035156,1.878999948501587,1.0640000104904175,2632.60009765625,513.28125,2.067187547683716,1.0672394037246704,2712.0
2026-09-14T08:46:00.000+08:00,176.82315063476562,12.209831237792969,9.666748046875,8.580365180969238,0.1240040510892868,387.0,1.8730000257492065,1.062999963760376,2632.699951171875,513.28125,2.0289063453674316,1.0642786026000977,2712.0
2026-09-14T08:47:00.000+08:00,174.58773803710938,12.204853057861328,9.7431640625,8.786218643188477,0.12098491936922073,386.6000061035156,1.8639999628067017,1.0549999475479126,2632.699951171875,513.28125,2.0289063453674316,1.0584914684295654,2712.0
2026-09-14T08:48:00.000+08:00,176.2346649169922,12.267475128173828,9.7783203125,9.13309097290039,0.11638994514942169,386.20001220703125,1.8600000143051147,1.0570000410079956,2632.699951171875,513.28125,2.0289063453674316,1.060375690460205,2712.0
2026-09-14T08:49:00.000+08:00,176.97434997558594,12.219711303710938,9.72265625,8.709193229675293,0.12194010615348816,386.70001220703125,1.8619999885559082,1.059999942779541,2632.699951171875,513.28125,2.0289063453674316,1.0618560314178467,2712.0
2026-09-14T08:50:00.000+08:00,175.55455017089844,nan,nan,8.874018669128418,0.11978789418935776,nan,nan,nan,nan,nan,nan,nan,nan
2026-09-14T08:51:00.000+08:00,175.85975646972656,12.22677230834961,9.73974609375,8.823918342590332,0.12012803554534912,386.20001220703125,1.856000006198883,1.0575000047683716,2632.699951171875,513.28125,2.0289063453674316,1.0590298175811768,2712.0
2026-09-14T08:52:00.000+08:00,175.1981201171875,12.192062377929688,9.8681640625,8.72034740447998,0.12109608948230743,386.29998779296875,1.850000023841858,1.0499999523162842,2632.800048828125,513.28125,2.0289063453674316,1.0575494766235352,2712.0
2026-09-14T08:53:00.000+08:00,177.7247314453125,12.262603759765625,9.784912109375,8.780745506286621,0.12037701904773712,386.20001220703125,1.8519999980926514,1.055999994277954,2632.800048828125,513.28125,2.0289063453674316,1.058760643005371,2712.0
2026-09-14T08:54:00.000+08:00,175.42120361328125,12.175601959228516,9.64599609375,8.366218566894531,0.1259828358888626,386.3999938964844,1.8580000400543213,1.055999994277954,2632.800048828125,513.28125,2.0289063453674316,1.0579532384872437,2712.0
2026-09-14T08:55:00.000+08:00,177.25315856933594,12.262435913085938,9.7294921875,8.497552871704102,0.12485948204994202,386.6000061035156,1.8589999675750732,1.0579999685287476,2632.800048828125,513.28125,2.0289063453674316,1.0621252059936523,2712.0
2026-09-14T08:56:00.000+08:00,176.53147888183594,12.270034790039062,9.7431640625,8.749743461608887,0.12126070261001587,386.3999938964844,1.8669999837875366,1.059000015258789,2632.800048828125,513.28125,2.0289063453674316,1.0609140396118164,2712.0
2026-09-14T08:57:00.000+08:00,174.51632690429688,12.32403564453125,9.72265625,9.13918399810791,0.11554641276597977,386.20001220703125,1.8530000448226929,1.055999994277954,2632.89990234375,513.28125,2.0289063453674316,1.058760643005371,2712.0
2026-09-14T08:58:00.000+08:00,175.90452575683594,12.33560562133789,9.736083984375,8.402969360351562,0.12566986680030823,386.1000061035156,1.8539999723434448,1.0549999475479126,2632.89990234375,513.28125,2.0289063453674316,1.0583568811416626,2712.0
2026-09-14T08:59:00.000+08:00,175.49868774414062,12.25213623046875,9.819580078125,8.721626281738281,0.12130764871835709,386.5,1.8580000400543213,1.0579999685287476,2632.89990234375,513.28125,2.0289063453674316,1.0633364915847778,2712.0
2026-09-14T09:00:00.000+08:00,176.16282653808594,12.255302429199219,9.7783203125,9.135915756225586,0.11591613292694092,386.5,1.8669999837875366,1.062999963760376,2632.89990234375,513.28125,2.0289063453674316,1.0626635551452637,2712.0
2026-09-14T09:01:00.000+08:00,174.48406982421875,12.20315933227539,9.798828125,9.3326997756958,0.11325769126415253,386.70001220703125,1.8619999885559082,1.062999963760376,2632.89990234375,513.28125,2.0289063453674316,1.0654897689819336,2712.0
2026-09-14T09:02:00.000+08:00,172.95901489257812,12.228702545166016,9.8056640625,8.993982315063477,0.11718946695327759,386.6000061035156,1.8609999418258667,1.0579999685287476,2632.89990234375,513.28125,2.0289063453674316,1.0601065158843994,2712.0
2026-09-14T09:03:00.000+08:00,173.3529510498047,12.297737121582031,9.694580078125,8.546330451965332,0.12496592104434967,386.79998779296875,1.8580000400543213,1.059999942779541,2633.0,513.28125,2.0289063453674316,1.0626635551452637,2712.0
2026-09-14T09:04:00.000+08:00,175.39703369140625,12.19784164428711,9.8544921875,8.679986953735352,0.12235040962696075,387.0,1.8519999980926514,1.059000015258789,2633.0,513.28125,2.0289063453674316,1.0606448650360107,2712.0
2026-09-14T09:05:00.000+08:00,174.9939727783203,12.373180389404297,9.7919921875,8.904053688049316,0.11927152425050735,387.20001220703125,1.8589999675750732,1.062000036239624,2633.0,513.28125,2.0289063453674316,1.064009428024292,2712.0
2026-09-14T09:06:00.000+08:00,174.2212677001953,12.289344787597656,9.673828125,8.421247482299805,0.1259908378124237,387.1000061035156,1.8589999675750732,1.0570000410079956,2633.0,513.28125,2.0289063453674316,1.0592989921569824,2712.0
2026-09-14T09:07:00.000+08:00,176.70828247070312,12.223060607910156,9.7294921875,8.251564025878906,0.1285816878080368,386.70001220703125,1.8550000190734863,1.0549999475479126,2633.0,513.28125,2.0289063453674316,1.0580878257751465,2712.0
2026-09-14T09:08:00.000+08:00,174.94981384277344,12.30306625366211,9.757080078125,8.335779190063477,0.12800243496894836,387.1000061035156,1.871999979019165,1.065000057220459,2633.0,513.28125,2.067187547683716,1.066701054573059,2712.0
2026-09-14T09:09:00.000+08:00,175.32550048828125,12.286163330078125,9.694580078125,8.648938179016113,0.12359898537397385,387.0,1.8680000305175781,1.0570000410079956,2633.10009765625,513.28125,2.0289063453674316,1.0598373413085938,2712.0
2026-09-14T09:10:00.000+08:00,174.3901824951172,12.317985534667969,9.861328125,8.563372611999512,0.12401656061410904,387.0,1.871999979019165,1.062999963760376,2633.10009765625,513.28125,2.0289063453674316,1.0638748407363892,2712.0
2026-09-14T09:11:00.000+08:00,175.6199493408203,12.293468475341797,9.70166015625,8.979330062866211,0.11816025525331497,387.1000061035156,1.8890000581741333,1.0750000476837158,2633.10009765625,513.28125,2.067187547683716,1.0773330926895142,2712.0
2026-09-14T09:12:00.000+08:00,176.22886657714844,12.299407958984375,9.757080078125,8.924683570861816,0.1184355691075325,387.0,1.8680000305175781,1.062000036239624,2633.10009765625,513.28125,2.0289063453674316,1.065086007118225,2713.0
2026-09-14T09:13:00.000+08:00,179.14222717285156,12.189033508300781,9.8408203125,9.083641052246094,0.1163630336523056,387.29998779296875,1.8680000305175781,1.0670000314712524,2633.10009765625,513.28125,2.0289063453674316,1.064009428024292,2713.0
2026-09-14T09:14:00.000+08:00,175.4344940185547,12.274173736572266,9.784912109375,8.746585845947266,0.12096147984266281,387.5,1.86899995803833,1.062999963760376,2633.199951171875,513.28125,2.067187547683716,1.065220594406128,2713.0
2026-09-14T09:15:00.000+08:00,177.3306884765625,12.267772674560547,9.75,8.44356918334961,0.12565776705741882,387.20001220703125,1.8589999675750732,1.059000015258789,2633.199951171875,513.28125,2.0289063453674316,1.065220594406128,2713.0
2026-09-14T09:16:00.000+08:00,180.5094757080078,12.292400360107422,9.673828125,8.785435676574707,0.12054041028022766,387.0,1.8539999723434448,1.0570000410079956,2633.199951171875,513.28125,2.0289063453674316,1.058895230293274,2713.0
2026-09-14T09:17:00.000+08:00,177.98745727539062,12.26339340209961,9.8544921875,9.382231712341309,0.11361902952194214,387.3999938964844,1.8580000400543213,1.062999963760376,2633.199951171875,513.28125,2.0289063453674316,1.064009428024292,2713.0
2026-09-14T09:18:00.000+08:00,179.00820922851562,12.24135971069336,9.8408203125,8.693968772888184,0.12134849280118942,387.6000061035156,1.8669999837875366,1.062999963760376,2633.199951171875,513.28125,2.067187547683716,1.0693926811218262,2713.0
2026-09-14T09:19:00.000+08:00,178.8628692626953,12.220958709716797,9.854248046875,9.332096099853516,0.11465805768966675,386.8999938964844,1.8619999885559082,1.0570000410079956,2633.199951171875,513.28125,2.0289063453674316,1.057684063911438,2713.0
2026-09-14T09:20:00.000+08:00,178.6728515625,12.207714080810547,9.784912109375,8.422737121582031,0.12703707814216614,386.70001220703125,1.8669999837875366,1.0549999475479126,2633.300048828125,513.28125,2.0289063453674316,1.0592989921569824,2713.0
2026-09-14T09:21:00.000+08:00,176.38673400878906,12.30208969116211,9.6669921875,8.457111358642578,0.12616601586341858,386.6000061035156,1.8650000095367432,1.0549999475479126,2633.300048828125,513.28125,2.0289063453674316,1.058760643005371,2713.0
2026-09-14T09:22:00.000+08:00,176.15553283691406,12.271724700927734,9.78515625,8.355562210083008,0.1266222447156906,386.3999938964844,1.8589999675750732,1.0509999990463257,2633.300048828125,513.28125,2.0289063453674316,1.0539157390594482,2713.0
2026-09-14T09:23:00.000+08:00,175.96142578125,12.212574005126953,9.7919921875,8.469881057739258,0.12514932453632355,386.6000061035156,1.8589999675750732,1.0529999732971191,2633.300048828125,513.28125,2.0289063453674316,1.0579532384872437,2713.0
2026-09-14T09:24:00.000+08:00,172.93380737304688,12.215278625488281,9.66015625,8.753756523132324,0.12074816226959229,386.29998779296875,1.8619999885559082,1.0549999475479126,2633.300048828125,513.28125,2.0289063453674316,1.058760643005371,2713.0
2026-09-14T09:25:00.000+08:00,171.6830291748047,12.220184326171875,9.798828125,8.801129341125488,0.12009821832180023,386.6000061035156,1.8609999418258667,1.0570000410079956,2633.300048828125,513.28125,2.0289063453674316,1.0579532384872437,2713.0
2026-09-14T09:26:00.000+08:00,173.07102966308594,12.179573059082031,9.763916015625,8.422881126403809,0.12549151480197906,386.1000061035156,1.8639999628067017,1.055999994277954,2633.39990234375,513.28125,2.0289063453674316,1.0566073656082153,2713.0
2026-09-14T09:27:00.000+08:00,172.85523986816406,12.169715881347656,9.8408203125,8.363251686096191,0.12638624012470245,386.3999938964844,1.8509999513626099,1.0509999990463257,2633.39990234375,513.28125,2.0289063453674316,1.0551269054412842,2713.0
2026-09-14T09:28:00.000+08:00,172.97216796875,12.103099822998047,9.78515625,8.14768123626709,0.13022109866142273,386.70001220703125,1.8519999980926514,1.0570000410079956,2633.39990234375,513.28125,2.0289063453674316,1.059702754020691,2713.0
2026-09-14T09:29:00.000+08:00,175.58116149902344,12.177776336669922,9.784912109375,8.509943962097168,0.1238551065325737,386.3999938964844,1.8569999933242798,1.059000015258789,2633.39990234375,513.28125,2.0289063453674316,1.0579532384872437,2713.0
2026-09-14T09:30:00.000+08:00,176.63580322265625,12.168781280517578,9.7431640625,8.993849754333496,0.11897018551826477,385.70001220703125,1.850000023841858,1.0540000200271606,2633.39990234375,513.28125,2.0289063453674316,1.0549923181533813,2713.0
2026-09-14T09:31:00.000+08:00,180.66995239257812,12.17806625366211,9.7783203125,8.484487533569336,0.12446244060993195,385.79998779296875,1.8530000448226929,1.0520000457763672,2633.5,513.28125,2.0289063453674316,1.054184913635254,2713.0
2026-09-14T09:32:00.000+08:00,180.13856506347656,12.190353393554688,9.673828125,7.967931270599365,0.1340373009443283,385.6000061035156,1.8480000495910645,1.0520000457763672,2633.5,513.28125,2.0289063453674316,1.0474557876586914,2713.0
2026-09-14T09:33:00.000+08:00,180.0345916748047,12.094524383544922,9.6806640625,8.15279483795166,0.12928082048892975,385.79998779296875,1.8559999465942383,1.055999994277954,2633.5,513.28125,2.0289063453674316,1.0578186511993408,2713.0
2026-09-14T09:34:00.000+08:00,179.1435546875,12.167987823486328,9.66015625,8.032676696777344,0.13171200454235077,385.70001220703125,1.8580000400543213,1.0499999523162842,2633.5,513.28125,2.0289063453674316,1.0512241125106812,2713.0
2026-09-14T09:35:00.000+08:00,178.7857666015625,12.120719909667969,9.63916015625,8.88015079498291,0.11902951449155807,385.79998779296875,1.8580000400543213,1.0570000410079956,2633.5,513.28125,2.0289063453674316,1.0574148893356323,2713.0
2026-09-14T09:36:00.000+08:00,177.184326171875,12.27310562133789,9.7158203125,8.061675071716309,0.13074205815792084,385.79998779296875,1.8650000095367432,1.0579999685287476,2633.5,513.28125,2.0289063453674316,1.0574148893356323,2713.0
2026-09-14T09:37:00.000+08:00,177.9761505126953,12.308219909667969,9.638916015625,8.531445503234863,0.12342574447393417,385.6000061035156,1.8700000047683716,1.0579999685287476,2633.60009765625,513.28125,2.0289063453674316,1.0610486268997192,2713.0
2026-09-14T09:38:00.000+08:00,174.8649444580078,12.30258560180664,9.72265625,8.63711166381836,0.1223788782954216,385.29998779296875,1.8600000143051147,1.0509999990463257,2633.60009765625,513.28125,2.0289063453674316,1.054050326347351,2713.0
2026-09-14T09:39:00.000+08:00,174.34156799316406,12.37209701538086,9.722412109375,8.850272178649902,0.11909238249063492,385.1000061035156,1.871000051498413,1.0579999685287476,2633.60009765625,513.28125,2.0289063453674316,1.0610486268997192,2713.0
2026-09-14T09:40:00.000+08:00,172.0260467529297,12.320556640625,9.763916015625,8.965153694152832,0.1175663098692894,385.6000061035156,1.8530000448226929,1.0499999523162842,2633.60009765625,513.28125,2.0289063453674316,1.0512241125106812,2713.0
2026-09-14T09:41:00.000+08:00,174.93869018554688,12.254825592041016,9.694580078125,8.893548011779785,0.1179506853222847,385.6000061035156,1.8489999771118164,1.0549999475479126,2633.60009765625,513.28125,2.0289063453674316,1.0549923181533813,2713.0
2026-09-14T09:42:00.000+08:00,174.8193359375,12.227195739746094,9.798828125,8.606093406677246,0.12200658023357391,385.5,1.8480000495910645,1.0520000457763672,2633.60009765625,513.28125,2.0289063453674316,1.0544540882110596,2713.0
2026-09-14T09:43:00.000+08:00,173.4762420654297,12.19580078125,9.673828125,8.842623710632324,0.11840377002954483,385.3999938964844,1.8459999561309814,1.055999994277954,2633.699951171875,513.28125,2.0289063453674316,1.055261492729187,2713.0
2026-09-14T09:44:00.000+08:00,172.23672485351562,12.274890899658203,9.722412109375,8.55740737915039,0.12293443828821182,385.79998779296875,1.847000002861023,1.0529999732971191,2633.699951171875,513.28125,2.0289063453674316,1.0562036037445068,2713.0
2026-09-14T09:45:00.000+08:00,173.57681274414062,12.349437713623047,9.7919921875,8.690963745117188,0.12035488337278366,385.70001220703125,1.8480000495910645,1.0490000247955322,2633.699951171875,513.28125,2.0289063453674316,1.0520315170288086,2713.0
2026-09-14T09:46:00.000+08:00,173.2527313232422,12.287723541259766,9.8544921875,8.426281929016113,0.12472879886627197,386.1000061035156,1.847000002861023,1.0509999990463257,2633.699951171875,513.28125,2.0289063453674316,1.0559344291687012,2713.0
2026-09-14T09:47:00.000+08:00,174.27740478515625,12.212574005126953,9.757080078125,8.679584503173828,0.12097353488206863,386.20001220703125,1.8600000143051147,1.059999942779541,2633.699951171875,513.28125,2.0289063453674316,1.0592989921569824,2713.0
2026-09-14T09:48:00.000+08:00,172.82826232910156,12.236137390136719,9.729248046875,8.892239570617676,0.11830540001392365,386.0,1.8589999675750732,1.0570000410079956,2633.800048828125,513.28125,2.0289063453674316,1.0575494766235352,2713.0
2026-09-14T09:49:00.000+08:00,173.91812133789062,nan,nan,9.091231346130371,0.11527591198682785,nan,nan,nan,nan,nan,nan,nan,nan
2026-09-14T09:50:00.000+08:00,178.9444580078125,12.177902221679688,9.75048828125,8.504467010498047,0.12577135860919952,385.84999084472656,1.856000006198883,1.05349999666214,2633.800048828125,513.28125,2.0289063453674316,1.0566073656082153,2713.0
2026-09-14T09:51:00.000+08:00,175.8474884033203,11.987239837646484,9.479248046875,8.284025192260742,0.12735354900360107,385.70001220703125,1.8530000448226929,1.0549999475479126,2633.800048828125,513.28125,2.0289063453674316,1.0544540882110596,2713.0
2026-09-14T09:52:00.000+08:00,176.44952392578125,11.86935806274414,9.4169921875,8.324807167053223,0.1275705248117447,385.79998779296875,1.850000023841858,1.0499999523162842,2633.800048828125,513.28125,2.0289063453674316,1.0537811517715454,2713.0
2026-09-14T09:53:00.000+08:00,180.14378356933594,11.838420867919922,9.548583984375,8.851190567016602,0.11941895633935928,385.5,1.843999981880188,1.0479999780654907,2633.800048828125,513.28125,2.0289063453674316,1.0512241125106812,2713.0
2026-09-14T09:54:00.000+08:00,178.22596740722656,11.830398559570312,9.4306640625,8.924893379211426,0.11865688115358353,384.79998779296875,1.8530000448226929,1.0470000505447388,2633.89990234375,509.765625,2.0289063453674316,1.0514931678771973,2713.0
2026-09-14T09:55:00.000+08:00,179.400634765625,11.967376708984375,9.5556640625,8.579998970031738,0.12342658638954163,384.8999938964844,1.8559999465942383,1.0490000247955322,2633.89990234375,509.765625,2.0289063453674316,1.048128604888916,2713.0
2026-09-14T09:56:00.000+08:00,178.7621612548828,11.93768310546875,9.6181640625,8.698201179504395,0.12071461230516434,384.8999938964844,1.850000023841858,1.0490000247955322,2633.89990234375,509.765625,2.0289063453674316,1.0485323667526245,2713.0
2026-09-14T09:57:00.000+08:00,176.4658203125,12.023822784423828,9.673828125,8.723943710327148,0.11955602467060089,384.6000061035156,1.8380000591278076,1.0379999876022339,2633.89990234375,509.765625,2.0289063453674316,1.0415340662002563,2713.0
2026-09-14T09:58:00.000+08:00,177.64743041992188,11.978813171386719,9.611328125,8.804571151733398,0.11868834495544434,384.5,1.8530000448226929,1.0449999570846558,2633.89990234375,509.765625,2.0289063453674316,1.0457061529159546,2713.0
2026-09-14T09:59:00.000+08:00,176.61529541015625,12.105907440185547,9.569580078125,8.407085418701172,0.12441886216402054,384.8999938964844,1.8539999723434448,1.0410000085830688,2633.89990234375,509.765625,2.0289063453674316,1.0465136766433716,2713.0
2026-09-14T10:00:00.000+08:00,174.40269470214844,12.034126281738281,9.52099609375,8.72674560546875,0.11963222920894623,384.8999938964844,1.8530000448226929,1.0479999780654907,2634.0,509.765625,2.0289063453674316,1.0510895252227783,2713.0
2026-09-14T10:01:00.000+08:00,174.59519958496094,11.884788513183594,9.534912109375,8.586495399475098,0.12181919813156128,385.1000061035156,1.8530000448226929,1.0460000038146973,2634.0,509.765625,2.0289063453674316,1.0478595495224,2713.0
2026-09-14T10:02:00.000+08:00,175.21054077148438,11.902725219726562,9.41015625,8.420343399047852,0.12374792248010635,384.8999938964844,1.8569999933242798,1.0479999780654907,2634.0,509.765625,2.0289063453674316,1.0510895252227783,2713.0
2026-09-14T10:03:00.000+08:00,173.12261962890625,11.895111083984375,9.41015625,8.440263748168945,0.12369281053543091,384.79998779296875,1.850000023841858,1.0429999828338623,2634.0,509.765625,2.0289063453674316,1.04691743850708,2713.0
2026-09-14T10:04:00.000+08:00,174.50082397460938,11.832313537597656,9.409912109375,8.894110679626465,0.11738105118274689,385.0,1.8450000286102295,1.0420000553131104,2634.0,509.765625,2.0289063453674316,1.0444949865341187,2713.0
2026-09-14T10:05:00.000+08:00,176.88739013671875,11.913078308105469,9.5283203125,8.821433067321777,0.11880156397819519,384.8999938964844,1.8559999465942383,1.0460000038146973,2634.0,509.765625,2.0289063453674316,1.0440912246704102,2713.0
2026-09-14T10:06:00.000+08:00,178.41134643554688,11.939750671386719,9.659912109375,8.926911354064941,0.11773388832807541,385.0,1.8459999561309814,1.0379999876022339,2634.10009765625,509.765625,2.0289063453674316,1.046109914779663,2713.0
2026-09-14T10:07:00.000+08:00,176.07839965820312,12.046463012695312,9.625,7.981317043304443,0.1310560554265976,385.0,1.8530000448226929,1.0449999570846558,2634.10009765625,509.765625,2.0289063453674316,1.04691743850708,2713.0
2026-09-14T10:08:00.000+08:00,180.61126708984375,12.003551483154297,9.597412109375,8.756747245788574,0.11979333311319351,384.79998779296875,1.8589999675750732,1.0479999780654907,2634.10009765625,509.765625,2.0289063453674316,1.0482631921768188,2714.0
2026-09-14T10:09:00.000+08:00,181.173583984375,11.993751525878906,9.597412109375,8.329434394836426,0.1258188635110855,384.3999938964844,1.8609999418258667,1.0499999523162842,2634.10009765625,509.765625,2.0289063453674316,1.048936128616333,2714.0
2026-09-14T10:10:00.000+08:00,178.58558654785156,11.960212707519531,9.472412109375,8.175050735473633,0.1278279572725296,384.70001220703125,1.850000023841858,1.0429999828338623,2634.10009765625,509.765625,2.0289063453674316,1.0473212003707886,2714.0
2026-09-14T10:11:00.000+08:00,179.41067504882812,11.960826873779297,9.5625,8.592266082763672,0.12162099778652191,384.29998779296875,1.8569999933242798,1.0490000247955322,2634.199951171875,509.765625,2.0289063453674316,1.04691743850708,2714.0
2026-09-14T10:12:00.000+08:00,178.7827911376953,12.060722351074219,9.479248046875,8.56078815460205,0.12265225499868393,384.29998779296875,1.850000023841858,1.0399999618530273,2634.199951171875,509.765625,2.0289063453674316,1.0439566373825073,2714.0
2026-09-14T10:13:00.000+08:00,175.8283233642578,12.079109191894531,9.6044921875,8.44936752319336,0.1237962543964386,384.20001220703125,1.8480000495910645,1.0440000295639038,2634.199951171875,509.765625,2.0289063453674316,1.0439566373825073,2714.0
2026-09-14T10:14:00.000+08:00,179.13291931152344,11.926410675048828,9.507080078125,8.676746368408203,0.1203216016292572,384.5,1.8370000123977661,1.0390000343322754,2634.199951171875,509.765625,2.0289063453674316,1.0403228998184204,2714.0
2026-09-14T10:15:00.000+08:00,176.22259521484375,11.942451477050781,9.5,8.370280265808105,0.12424913048744202,384.0,1.8389999866485596,1.0390000343322754,2634.199951171875,509.765625,2.0289063453674316,1.040726661682129,2714.0
2026-09-14T10:16:00.000+08:00,175.9588165283203,12.058731079101562,9.534912109375,8.894240379333496,0.11715446412563324,383.8999938964844,1.8420000076293945,1.0369999408721924,2634.199951171875,509.765625,2.0289063453674316,1.0393807888031006,2714.0
2026-09-14T10:17:00.000+08:00,178.83993530273438,12.108489990234375,9.53515625,8.265392303466797,0.12618879973888397,383.8999938964844,1.8420000076293945,1.0360000133514404,2634.300048828125,509.765625,2.0289063453674316,1.0401883125305176,2714.0
2026-09-14T10:18:00.000+08:00,180.4252166748047,12.046283721923828,9.5556640625,8.585124015808105,0.12102329730987549,383.6000061035156,1.8480000495910645,1.0369999408721924,2634.300048828125,509.765625,2.0289063453674316,1.0422070026397705,2714.0
2026-09-14T10:19:00.000+08:00,172.3007049560547,12.113510131835938,9.5625,8.343437194824219,0.12416944652795792,383.6000061035156,1.8389999866485596,1.0390000343322754,2634.300048828125,509.765625,2.0289063453674316,1.0422070026397705,2714.0
2026-09-14T10:20:00.000+08:00,175.361328125,12.011459350585938,9.604248046875,8.948614120483398,0.1159956157207489,383.70001220703125,1.8370000123977661,1.034000039100647,2634.300048828125,509.765625,2.0289063453674316,1.0385732650756836,2714.0
2026-09-14T10:21:00.000+08:00,173.1895294189453,12.081279754638672,9.6181640625,9.038962364196777,0.11439365893602371,383.8999938964844,1.8589999675750732,1.0449999570846558,2634.300048828125,509.765625,2.0289063453674316,1.0492053031921387,2714.0
2026-09-14T10:22:00.000+08:00,177.2885284423828,12.015125274658203,9.6044921875,9.153300285339355,0.11362022161483765,384.20001220703125,1.847000002861023,1.0440000295639038,2634.300048828125,509.765625,2.0289063453674316,1.0439566373825073,2714.0
2026-09-14T10:23:00.000+08:00,176.0377655029297,12.034015655517578,9.6181640625,9.075240135192871,0.11492808163166046,383.70001220703125,1.843999981880188,1.0379999876022339,2634.39990234375,509.765625,2.0289063453674316,1.0422070026397705,2714.0
2026-09-14T10:24:00.000+08:00,175.05160522460938,11.92889404296875,9.58349609375,9.138399124145508,0.11413377523422241,383.8999938964844,1.840999960899353,1.0440000295639038,2634.39990234375,509.765625,2.0289063453674316,1.0447640419006348,2714.0
2026-09-14T10:25:00.000+08:00,173.8959503173828,11.964595794677734,9.548828125,8.914295196533203,0.11722743511199951,384.6000061035156,1.850000023841858,1.0440000295639038,2634.39990234375,509.765625,2.0289063453674316,1.046109914779663,2714.0
2026-09-14T10:26:00.000+08:00,176.1897735595703,11.966293334960938,9.4931640625,8.415995597839355,0.12333656847476959,384.8999938964844,1.840999960899353,1.0449999570846558,2634.39990234375,509.765625,2.067187547683716,1.0601065158843994,2714.0
2026-09-14T10:27:00.000+08:00,176.63563537597656,11.866104125976562,9.52783203125,8.412212371826172,0.12339203804731369,384.20001220703125,1.8350000381469727,1.0379999876022339,2634.39990234375,509.765625,2.0289063453674316,1.040726661682129,2714.0
2026-09-14T10:28:00.000+08:00,177.83421325683594,11.920486450195312,9.444580078125,8.31148910522461,0.12512800097465515,384.1000061035156,1.843000054359436,1.0390000343322754,2634.39990234375,509.765625,2.0289063453674316,1.0423415899276733,2714.0
2026-09-14T10:29:00.000+08:00,179.13107299804688,11.946388244628906,9.625,8.833442687988281,0.1183004155755043,383.8999938964844,1.8509999513626099,1.0429999828338623,2634.5,509.765625,2.0289063453674316,1.0431491136550903,2714.0
2026-09-14T10:30:00.000+08:00,178.82867431640625,12.062286376953125,9.625,8.39395809173584,0.12389864772558212,384.1000061035156,1.8480000495910645,1.0429999828338623,2634.5,509.765625,2.0289063453674316,1.0443603992462158,2714.0
2026-09-14T10:31:00.000+08:00,181.17271423339844,12.006088256835938,9.847412109375,8.32774829864502,0.12512385845184326,384.0,1.8380000591278076,1.0369999408721924,2634.5,509.765625,2.0289063453674316,1.040726661682129,2714.0
2026-09-14T10:32:00.000+08:00,178.81007385253906,12.065059661865234,9.7431640625,8.521452903747559,0.12216226011514664,383.79998779296875,1.840999960899353,1.0360000133514404,2634.5,509.765625,2.0289063453674316,1.0409958362579346,2714.0
2026-09-14T10:33:00.000+08:00,178.8618621826172,12.051376342773438,9.736083984375,8.300345420837402,0.12505504488945007,384.20001220703125,1.8480000495910645,1.0410000085830688,2634.5,509.765625,2.0289063453674316,1.0459753274917603,2714.0
2026-09-14T10:34:00.000+08:00,177.92294311523438,12.067325592041016,9.708251953125,8.220372200012207,0.1261499971151352,384.0,1.840000033378601,1.0379999876022339,2634.60009765625,509.765625,2.0289063453674316,1.040726661682129,2714.0
2026-09-14T10:35:00.000+08:00,174.19618225097656,12.122501373291016,9.673828125,8.237361907958984,0.12613260746002197,384.0,1.8580000400543213,1.0420000553131104,2634.60009765625,509.765625,2.0289063453674316,1.0471866130828857,2714.0
2026-09-14T10:36:00.000+08:00,176.04385375976562,12.180328369140625,9.736083984375,8.224827766418457,0.126203253865242,384.20001220703125,1.8450000286102295,1.0399999618530273,2634.60009765625,509.765625,2.0289063453674316,1.0444949865341187,2714.0
2026-09-14T10:37:00.000+08:00,175.7755584716797,12.092445373535156,9.8056640625,8.273904800415039,0.12557552754878998,384.3999938964844,1.840000033378601,1.0429999828338623,2634.60009765625,509.765625,2.0289063453674316,1.0465136766433716,2714.0
2026-09-14T10:38:00.000+08:00,177.04220581054688,12.122207641601562,9.6806640625,8.351616859436035,0.12464652210474014,384.1000061035156,1.8339999914169312,1.0399999618530273,2634.60009765625,509.765625,2.0289063453674316,1.0411304235458374,2714.0
2026-09-14T10:39:00.000+08:00,175.77230834960938,12.112812042236328,9.66015625,8.328630447387695,0.12595108151435852,383.70001220703125,1.8370000123977661,1.0360000133514404,2634.60009765625,509.765625,2.0289063453674316,1.0380349159240723,2714.0
2026-09-14T10:40:00.000+08:00,175.89064025878906,12.149337768554688,9.819580078125,8.22256851196289,0.12684600055217743,383.70001220703125,1.8329999446868896,1.0369999408721924,2634.699951171875,509.765625,2.0289063453674316,1.039784550666809,2714.0
2026-09-14T10:41:00.000+08:00,174.19960021972656,12.099437713623047,9.757080078125,8.185944557189941,0.12753568589687347,384.0,1.8389999866485596,1.0410000085830688,2634.699951171875,509.765625,2.0289063453674316,1.056069016456604,2714.0
2026-09-14T10:42:00.000+08:00,175.38418579101562,12.08194351196289,9.7158203125,8.274823188781738,0.12531989812850952,383.8999938964844,1.8329999446868896,1.0379999876022339,2634.699951171875,509.765625,2.0289063453674316,1.0413994789123535,2714.0
2026-09-14T10:43:00.000+08:00,177.92828369140625,12.174720764160156,9.784912109375,7.873343467712402,0.13145622611045837,383.8999938964844,1.8339999914169312,1.0369999408721924,2634.699951171875,509.765625,2.0289063453674316,1.0413994789123535,2714.0
2026-09-14T10:44:00.000+08:00,176.76763916015625,12.229179382324219,9.861328125,8.313163757324219,0.12510278820991516,383.70001220703125,1.8389999866485596,1.0429999828338623,2634.699951171875,509.765625,2.0289063453674316,1.0446295738220215,2714.0
2026-09-14T10:45:00.000+08:00,178.1187744140625,12.170581817626953,9.736328125,8.334333419799805,0.12658479809761047,383.79998779296875,1.840000033378601,1.0399999618530273,2634.699951171875,509.765625,2.0289063453674316,1.043418288230896,2714.0
2026-09-14T10:46:00.000+08:00,175.99118041992188,12.153900146484375,9.82666015625,8.285439491271973,0.12576279044151306,383.79998779296875,1.843000054359436,1.0399999618530273,2634.800048828125,509.765625,2.0289063453674316,1.042610764503479,2714.0
2026-09-14T10:47:00.000+08:00,173.36705017089844,12.099750518798828,9.798583984375,8.513643264770508,0.12145211547613144,383.70001220703125,1.8370000123977661,1.0360000133514404,2634.800048828125,509.765625,2.0289063453674316,1.0373620986938477,2714.0
2026-09-14T10:48:00.000+08:00,176.55389404296875,nan,nan,8.519326210021973,0.12137110531330109,nan,nan,nan,nan,nan,nan,nan,nan
2026-09-14T10:49:00.000+08:00,173.97239685058594,12.17685317993164,9.7674560546875,8.291170120239258,0.12543465197086334,383.9499969482422,1.8414999842643738,1.0389999747276306,2634.800048828125,509.765625,2.0289063453674316,1.0408612489700317,2714.0
2026-09-14T10:50:00.000+08:00,175.13587951660156,12.298980712890625,9.83349609375,7.975723743438721,0.13039569556713104,384.0,1.8380000591278076,1.034999966621399,2634.800048828125,509.765625,2.0289063453674316,1.0369583368301392,2714.0
2026-09-14T10:51:00.000+08:00,174.01937866210938,12.19802474975586,9.888916015625,8.152042388916016,0.12794339656829834,384.1000061035156,1.840000033378601,1.0429999828338623,2634.800048828125,509.765625,2.0289063453674316,1.0443603992462158,2714.0
2026-09-14T10:52:00.000+08:00,171.89105224609375,12.209098815917969,9.8544921875,8.539139747619629,0.12132369726896286,383.8999938964844,1.8289999961853027,1.0379999876022339,2634.89990234375,509.765625,2.0289063453674316,1.038977026939392,2714.0
2026-09-14T10:53:00.000+08:00,171.2416229248047,12.150989532470703,9.75,8.773018836975098,0.11831731349229813,384.0,1.843000054359436,1.0399999618530273,2634.89990234375,509.765625,2.0289063453674316,1.0431491136550903,2714.0
2026-09-14T10:54:00.000+08:00,172.37684631347656,12.175010681152344,9.77783203125,7.874252796173096,0.13207602500915527,383.8999938964844,1.840999960899353,1.0410000085830688,2634.89990234375,509.765625,2.0289063453674316,1.0427453517913818,2714.0
2026-09-14T10:55:00.000+08:00,173.04763793945312,12.130775451660156,9.84765625,8.652379035949707,0.12019815295934677,384.20001220703125,1.840999960899353,1.0440000295639038,2634.89990234375,509.765625,2.0289063453674316,1.0459753274917603,2714.0
2026-09-14T10:56:00.000+08:00,169.99420166015625,12.147682189941406,9.909912109375,8.334101676940918,0.12670831382274628,383.79998779296875,1.843000054359436,1.0369999408721924,2634.89990234375,509.765625,2.0289063453674316,1.0409958362579346,2714.0
2026-09-14T10:57:00.000+08:00,169.09835815429688,12.1497802734375,9.78515625,7.707096576690674,0.13468106091022491,383.6000061035156,1.8509999513626099,1.0399999618530273,2635.0,509.765625,2.0289063453674316,1.0422070026397705,2714.0
2026-09-14T10:58:00.000+08:00,170.58236694335938,12.141395568847656,9.7294921875,7.546904563903809,0.13833485543727875,383.6000061035156,1.8480000495910645,1.0360000133514404,2635.0,509.765625,2.0289063453674316,1.039784550666809,2714.0
2026-09-14T10:59:00.000+08:00,172.5449676513672,12.07552719116211,9.736328125,8.106348991394043,0.1281711310148239,383.70001220703125,1.850000023841858,1.0369999408721924,2635.0,509.765625,2.0289063453674316,1.0401883125305176,2714.0
2026-09-14T11:00:00.000+08:00,176.92120361328125,12.071147918701172,9.7919921875,8.27178955078125,0.12548674643039703,383.70001220703125,1.8459999561309814,1.0369999408721924,2635.0,509.765625,2.0289063453674316,1.038977026939392,2714.0
2026-09-14T11:01:00.000+08:00,174.24485778808594,12.124557495117188,9.8408203125,8.025842666625977,0.12920762598514557,384.0,1.8350000381469727,1.034000039100647,2635.0,509.765625,2.0289063453674316,1.0377658605575562,2714.0
2026-09-14T11:02:00.000+08:00,177.41659545898438,12.09621810913086,9.694580078125,8.078728675842285,0.1281142234802246,383.79998779296875,1.8459999561309814,1.0379999876022339,2635.0,509.765625,2.0289063453674316,1.0413994789123535,2714.0
2026-09-14T11:03:00.000+08:00,176.4392852783203,12.12713623046875,9.8408203125,8.206591606140137,0.12611813843250275,383.8999938964844,1.8509999513626099,1.0410000085830688,2635.10009765625,509.765625,2.0289063453674316,1.0475903749465942,2714.0
2026-09-14T11:04:00.000+08:00,175.4107208251953,12.053485870361328,9.7294921875,8.045408248901367,0.12914198637008667,382.8999938964844,1.840000033378601,1.0369999408721924,2635.10009765625,509.765625,2.0289063453674316,1.0376312732696533,2714.0
2026-09-14T11:05:00.000+08:00,175.0439910888672,12.106571197509766,9.736328125,8.671989440917969,0.11958041042089462,383.5,1.8259999752044678,1.031000018119812,2635.10009765625,509.765625,1.990625023841858,1.0352087020874023,2715.0
2026-09-14T11:06:00.000+08:00,175.1029052734375,12.149890899658203,9.701416015625,8.236953735351562,0.12589605152606964,384.20001220703125,1.847000002861023,1.0399999618530273,2635.10009765625,509.765625,2.0289063453674316,1.0467828512191772,2715.0
2026-09-14T11:07:00.000+08:00,178.90771484375,12.081356048583984,9.84765625,7.670057773590088,0.13533145189285278,383.8999938964844,1.843000054359436,1.0399999618530273,2635.10009765625,509.765625,2.0289063453674316,1.0431491136550903,2715.0
2026-09-14T11:08:00.000+08:00,181.08863830566406,12.097469329833984,9.694580078125,8.437248229980469,0.12373702228069305,384.29998779296875,1.8420000076293945,1.0420000553131104,2635.10009765625,509.765625,2.0289063453674316,1.039919137954712,2715.0
2026-09-14T11:09:00.000+08:00,179.3728485107422,12.178363800048828,9.763916015625,7.8804755210876465,0.13108345866203308,383.0,1.8459999561309814,1.034000039100647,2635.199951171875,509.765625,2.0289063453674316,1.0350741147994995,2715.0
2026-09-14T11:10:00.000+08:00,179.21380615234375,12.07857894897461,9.7294921875,8.377066612243652,0.12414847314357758,384.20001220703125,1.8380000591278076,1.0420000553131104,2635.199951171875,509.765625,2.0289063453674316,1.0435528755187988,2715.0
2026-09-14T11:11:00.000+08:00,179.42343139648438,12.139293670654297,9.847412109375,8.142569541931152,0.12833786010742188,384.20001220703125,1.8289999961853027,1.0399999618530273,2635.199951171875,509.765625,2.0289063453674316,1.039919137954712,2715.0
2026-09-14T11:12:00.000+08:00,174.18460083007812,12.185901641845703,9.645751953125,8.40208625793457,0.12211252748966217,384.20001220703125,1.847000002861023,1.0390000343322754,2635.199951171875,509.765625,2.0289063453674316,1.0415340662002563,2715.0
2026-09-14T11:13:00.000+08:00,177.1927947998047,12.157211303710938,9.694580078125,8.158300399780273,0.12796783447265625,384.20001220703125,1.847000002861023,1.0429999828338623,2635.199951171875,509.765625,2.0289063453674316,1.0435528755187988,2715.0
2026-09-14T11:14:00.000+08:00,176.40347290039062,12.20843505859375,9.8056640625,8.578999519348145,0.12110968679189682,384.29998779296875,1.843000054359436,1.0390000343322754,2635.199951171875,509.765625,2.0289063453674316,1.0427453517913818,2715.0
2026-09-14T11:15:00.000+08:00,174.28062438964844,12.224437713623047,9.77099609375,8.00490665435791,0.13029508292675018,384.29998779296875,1.8459999561309814,1.0420000553131104,2635.300048828125,509.765625,2.0289063453674316,1.0427453517913818,2715.0
2026-09-14T11:16:00.000+08:00,179.00038146972656,12.091468811035156,9.638916015625,8.915075302124023,0.1176658570766449,383.3999938964844,1.8389999866485596,1.0329999923706055,2635.300048828125,509.765625,1.990625023841858,1.034266710281372,2715.0
2026-09-14T11:17:00.000+08:00,176.94737243652344,12.083747863769531,9.6875,8.603978157043457,0.12145544588565826,383.29998779296875,1.8389999866485596,1.031999945640564,2635.300048828125,509.765625,1.990625023841858,1.0323824882507324,2715.0
2026-09-14T11:18:00.000+08:00,175.0134735107422,12.15810775756836,9.70849609375,8.389479637145996,0.12384558469057083,384.0,1.8289999961853027,1.0369999408721924,2635.300048828125,509.765625,2.0289063453674316,1.038169503211975,2715.0
2026-09-14T11:19:00.000+08:00,175.7547607421875,12.104900360107422,9.65283203125,8.069648742675781,0.12850621342658997,384.1000061035156,1.8380000591278076,1.0379999876022339,2635.300048828125,509.765625,2.0289063453674316,1.040726661682129,2715.0
2026-09-14T11:20:00.000+08:00,177.48829650878906,12.051689147949219,9.7294921875,8.44398021697998,0.12280938029289246,384.20001220703125,1.8459999561309814,1.0470000505447388,2635.39990234375,509.765625,2.0289063453674316,1.0471866130828857,2715.0
2026-09-14T11:21:00.000+08:00,175.0496826171875,12.063369750976562,9.722412109375,8.45960807800293,0.12234609574079514,383.8999938964844,1.843000054359436,1.0399999618530273,2635.39990234375,509.765625,2.0289063453674316,1.0419378280639648,2715.0
2026-09-14T11:22:00.000+08:00,176.98406982421875,12.144645690917969,9.89599609375,8.676102638244629,0.11894741654396057,383.5,1.8329999446868896,1.034000039100647,2635.39990234375,509.765625,2.0289063453674316,1.0388424396514893,2715.0
2026-09-14T11:23:00.000+08:00,176.8212890625,12.16546630859375,9.8408203125,8.26620864868164,0.1254505068063736,383.29998779296875,1.8329999446868896,1.031000018119812,2635.39990234375,509.765625,1.990625023841858,1.0360162258148193,2715.0
2026-09-14T11:24:00.000+08:00,180.33941650390625,12.216842651367188,9.784912109375,8.53494644165039,0.12290645390748978,383.20001220703125,1.8339999914169312,1.031000018119812,2635.39990234375,509.765625,1.990625023841858,1.035477876663208,2715.0
2026-09-14T11:25:00.000+08:00,180.18502807617188,12.190849304199219,9.8125,8.261741638183594,0.12576040625572205,383.8999938964844,1.8380000591278076,1.0440000295639038,2635.39990234375,509.765625,2.0289063453674316,1.0422070026397705,2715.0
2026-09-14T11:26:00.000+08:00,176.9368896484375,12.218215942382812,9.8544921875,7.966207027435303,0.12929615378379822,383.79998779296875,1.8320000171661377,1.0369999408721924,2635.5,509.765625,2.0289063453674316,1.039784550666809,2715.0
2026-09-14T11:27:00.000+08:00,171.9004669189453,12.311767578125,9.854248046875,8.008647918701172,0.12873584032058716,383.79998779296875,1.8320000171661377,1.034999966621399,2635.5,509.765625,2.0289063453674316,1.0385732650756836,2715.0
2026-09-14T11:28:00.000+08:00,175.3885498046875,12.314323425292969,9.819580078125,8.762349128723145,0.1181190088391304,383.0,1.8279999494552612,1.027999997138977,2635.5,509.765625,1.990625023841858,1.0302292108535767,2715.0
2026-09-14T11:29:00.000+08:00,176.2537384033203,12.348960876464844,9.6875,8.525146484375,0.12257853895425797,383.29998779296875,1.8459999561309814,1.031000018119812,2635.5,509.765625,2.0289063453674316,1.0388424396514893,2715.0
2026-09-14T11:30:00.000+08:00,176.3270721435547,12.372394561767578,9.7431640625,8.835182189941406,0.11714529246091843,383.29998779296875,1.847000002861023,1.034999966621399,2635.5,509.765625,2.0289063453674316,1.0372275114059448,2715.0
2026-09-14T11:31:00.000+08:00,175.2310791015625,12.348960876464844,9.72265625,8.436091423034668,0.12245006859302521,383.20001220703125,1.8639999628067017,1.0479999780654907,2635.5,509.765625,2.0289063453674316,1.048936128616333,2715.0
2026-09-14T11:32:00.000+08:00,174.5207977294922,12.349273681640625,9.72265625,8.923408508300781,0.11542674154043198,383.79998779296875,1.8459999561309814,1.0460000038146973,2635.60009765625,509.765625,2.0289063453674316,1.0514931678771973,2715.0
2026-09-14T11:33:00.000+08:00,172.71670532226562,12.408294677734375,9.78515625,8.901756286621094,0.11593218147754669,384.0,1.8339999914169312,1.0390000343322754,2635.60009765625,509.765625,2.0289063453674316,1.039784550666809,2715.0
2026-09-14T11:34:00.000+08:00,176.9266357421875,12.604179382324219,9.861328125,9.158238410949707,0.11443248391151428,383.79998779296875,1.8339999914169312,1.034000039100647,2635.60009765625,509.765625,2.0289063453674316,1.0373620986938477,2715.0
2026-09-14T11:35:00.000+08:00,174.41571044921875,12.601310729980469,9.882080078125,9.087182998657227,0.11433686316013336,383.79998779296875,1.8270000219345093,1.034999966621399,2635.60009765625,509.765625,1.990625023841858,1.0356124639511108,2715.0
2026-09-14T11:36:00.000+08:00,176.6552276611328,12.425090789794922,9.3544921875,8.844712257385254,0.11826274544000626,383.8999938964844,1.8350000381469727,1.0379999876022339,2635.60009765625,509.765625,2.0289063453674316,1.0385732650756836,2715.0
2026-09-14T11:37:00.000+08:00,171.14541625976562,12.16756820678711,9.284912109375,9.270758628845215,0.11207281798124313,383.5,1.8220000267028809,1.031000018119812,2635.60009765625,509.765625,1.990625023841858,1.0348049402236938,2715.0
2026-09-14T11:38:00.000+08:00,176.33714294433594,12.125133514404297,9.354248046875,10.149051666259766,0.10148731619119644,384.1000061035156,1.8329999446868896,1.0379999876022339,2635.699951171875,509.765625,2.0289063453674316,1.0401883125305176,2715.0
2026-09-14T11:39:00.000+08:00,172.68893432617188,12.203155517578125,9.319580078125,10.396509170532227,0.09964883327484131,384.1000061035156,1.8240000009536743,1.0360000133514404,2635.699951171875,509.765625,1.990625023841858,1.038977026939392,2715.0
2026-09-14T11:40:00.000+08:00,170.19078063964844,12.254085540771484,9.326416015625,10.416287422180176,0.0992676168680191,383.5,1.8240000009536743,1.0360000133514404,2635.699951171875,509.765625,2.0289063453674316,1.0368237495422363,2715.0
2026-09-14T11:41:00.000+08:00,172.9785919189453,12.3355712890625,9.28515625,10.138455390930176,0.10405924916267395,383.70001220703125,1.843999981880188,1.0490000247955322,2635.699951171875,509.765625,2.0289063453674316,1.0514931678771973,2715.0
2026-09-14T11:42:00.000+08:00,169.77157592773438,12.211894989013672,9.111328125,9.670994758605957,0.1072278544306755,384.79998779296875,1.8259999752044678,1.0390000343322754,2635.699951171875,509.765625,2.0289063453674316,1.0412650108337402,2715.0
2026-09-14T11:43:00.000+08:00,171.70396423339844,12.145736694335938,9.1181640625,10.492459297180176,0.09819725155830383,384.0,1.8309999704360962,1.0379999876022339,2635.699951171875,509.765625,2.0289063453674316,1.0385732650756836,2715.0
2026-09-14T11:44:00.000+08:00,170.92752075195312,12.200035095214844,9.097412109375,10.753267288208008,0.09615682065486908,384.1000061035156,1.8240000009536743,1.0329999923706055,2635.800048828125,509.765625,1.990625023841858,1.0361508131027222,2715.0
2026-09-14T11:45:00.000+08:00,170.47206115722656,12.263893127441406,9.1806640625,10.516234397888184,0.09908489882946014,384.79998779296875,1.8240000009536743,1.034000039100647,2635.800048828125,509.765625,2.0289063453674316,1.0451678037643433,2715.0
2026-09-14T11:46:00.000+08:00,172.21873474121094,nan,nan,10.27944564819336,0.10175646096467972,nan,nan,nan,nan,nan,nan,nan,nan
2026-09-14T11:47:00.000+08:00,173.3335723876953,12.283842086791992,9.267578125,10.183466911315918,0.10222452133893967,384.8000030517578,1.843999981880188,1.0479999780654907,2635.800048828125,509.765625,2.0289063453674316,1.0518296957015991,2715.0
2026-09-14T11:48:00.000+08:00,171.42189025878906,12.364246368408203,9.4306640625,10.229313850402832,0.10147307813167572,385.1000061035156,1.8650000095367432,1.062999963760376,2635.800048828125,509.765625,2.067187547683716,1.0657589435577393,2715.0
2026-09-14T11:49:00.000+08:00,171.5828094482422,12.377281188964844,9.45849609375,10.272980690002441,0.10133378207683563,385.3999938964844,1.8450000286102295,1.0509999990463257,2635.89990234375,513.28125,2.0289063453674316,1.0544540882110596,2715.0
2026-09-14T11:50:00.000+08:00,170.26837158203125,12.431583404541016,9.4306640625,10.048256874084473,0.10350053757429123,385.3999938964844,1.8420000076293945,1.0490000247955322,2635.89990234375,513.28125,2.0289063453674316,1.0516277551651,2715.0
2026-09-14T11:51:00.000+08:00,172.6688995361328,12.487796783447266,9.41015625,10.323186874389648,0.10122842341661453,385.6000061035156,1.8300000429153442,1.0449999570846558,2635.89990234375,513.28125,2.0289063453674316,1.0478595495224,2715.0
2026-09-14T11:52:00.000+08:00,172.6575469970703,12.443443298339844,9.41015625,10.320953369140625,0.10241301357746124,385.6000061035156,1.8320000171661377,1.0499999523162842,2635.89990234375,513.28125,2.0289063453674316,1.0483977794647217,2715.0
2026-09-14T11:53:00.000+08:00,171.4533233642578,12.513851165771484,9.4931640625,10.60625171661377,0.09833822399377823,385.5,1.8370000123977661,1.0499999523162842,2635.89990234375,513.28125,2.0289063453674316,1.0508203506469727,2715.0
2026-09-14T11:54:00.000+08:00,169.9048614501953,12.549057006835938,9.548828125,10.200875282287598,0.10234416276216507,385.79998779296875,1.840000033378601,1.0520000457763672,2635.89990234375,513.28125,2.0289063453674316,1.0512241125106812,2715.0
2026-09-14T11:55:00.000+08:00,170.08560180664062,12.60324478149414,9.41015625,10.218446731567383,0.10207030922174454,385.6000061035156,1.8259999752044678,1.0440000295639038,2636.0,513.28125,2.0289063453674316,1.0478595495224,2715.0
2026-09-14T11:56:00.000+08:00,170.7066650390625,12.529876708984375,9.548828125,10.180846214294434,0.10264372825622559,385.8999938964844,1.8420000076293945,1.0570000410079956,2636.0,513.28125,2.0289063453674316,1.05256986618042,2715.0
2026-09-14T11:57:00.000+08:00,170.75845336914062,12.545486450195312,9.4794921875,10.531575202941895,0.0998900905251503,386.20001220703125,1.8609999418258667,1.0640000104904175,2636.0,513.28125,2.067187547683716,1.0669702291488647,2715.0
2026-09-14T11:58:00.000+08:00,167.06890869140625,12.561897277832031,9.4931640625,10.212054252624512,0.10311344265937805,386.5,1.843999981880188,1.0570000410079956,2636.0,513.28125,2.0289063453674316,1.0592989921569824,2715.0
2026-09-14T11:59:00.000+08:00,170.55154418945312,12.5567626953125,9.472412109375,10.590354919433594,0.09971337020397186,386.70001220703125,1.843000054359436,1.0570000410079956,2636.0,513.28125,2.0289063453674316,1.057684063911438,2715.0
2026-09-14T12:00:00.000+08:00,169.70848083496094,12.636940002441406,9.632080078125,10.0015230178833,0.10618382692337036,386.5,1.8380000591278076,1.0540000200271606,2636.0,513.28125,2.0289063453674316,1.0559344291687012,2715.0
2026-09-14T12:01:00.000+08:00,168.29820251464844,12.569717407226562,9.569580078125,10.145009994506836,0.10497771948575974,386.3999938964844,1.8350000381469727,1.0549999475479126,2636.10009765625,513.28125,2.0289063453674316,1.0567419528961182,2715.0
2026-09-14T12:02:00.000+08:00,171.42800903320312,12.534126281738281,9.5556640625,10.40410327911377,0.10226733982563019,386.3999938964844,1.8550000190734863,1.062000036239624,2636.10009765625,513.28125,2.067187547683716,1.0653551816940308,2716.0
2026-09-14T12:03:00.000+08:00,173.52996826171875,12.44333267211914,9.5419921875,10.767393112182617,0.09798100590705872,385.8999938964844,1.8370000123977661,1.0520000457763672,2636.10009765625,513.28125,2.0289063453674316,1.0537811517715454,2716.0
2026-09-14T12:04:00.000+08:00,173.2619171142578,12.407524108886719,9.6181640625,10.500101089477539,0.10057046264410019,385.6000061035156,1.8320000171661377,1.0470000505447388,2636.10009765625,513.28125,2.0289063453674316,1.0478595495224,2716.0
2026-09-14T12:05:00.000+08:00,174.26705932617188,12.446998596191406,9.5283203125,10.2518949508667,0.10320043563842773,385.8999938964844,1.8309999704360962,1.0460000038146973,2636.10009765625,513.28125,2.0289063453674316,1.0512241125106812,2716.0
2026-09-14T12:06:00.000+08:00,175.43753051757812,12.489322662353516,9.5,10.31498908996582,0.1020844504237175,385.8999938964844,1.8289999961853027,1.0460000038146973,2636.199951171875,513.28125,2.0289063453674316,1.0500128269195557,2716.0
2026-09-14T12:07:00.000+08:00,177.4666748046875,12.469951629638672,9.472412109375,9.494071006774902,0.11059534549713135,385.70001220703125,1.8339999914169312,1.0490000247955322,2636.199951171875,513.28125,2.0289063453674316,1.05256986618042,2716.0
2026-09-14T12:08:00.000+08:00,177.42446899414062,12.502670288085938,9.583251953125,10.30942153930664,0.10204258561134338,386.0,1.840999960899353,1.0529999732971191,2636.199951171875,513.28125,2.0289063453674316,1.0578186511993408,2716.0
2026-09-14T12:09:00.000+08:00,174.8886260986328,12.571998596191406,9.5,9.820466041564941,0.10691957175731659,386.0,1.8370000123977661,1.0499999523162842,2636.199951171875,513.28125,2.0289063453674316,1.0529736280441284,2716.0
2026-09-14T12:10:00.000+08:00,174.56153869628906,12.550018310546875,9.666748046875,10.826630592346191,0.09753727167844772,385.5,1.8309999704360962,1.0429999828338623,2636.199951171875,513.28125,2.0289063453674316,1.045436978340149,2716.0
2026-09-14T12:11:00.000+08:00,174.1368865966797,12.516929626464844,9.444580078125,10.406392097473145,0.10109171271324158,386.0,1.8359999656677246,1.0499999523162842,2636.199951171875,513.28125,2.0289063453674316,1.0529736280441284,2716.0
2026-09-14T12:12:00.000+08:00,173.17794799804688,12.500411987304688,9.4658203125,10.087263107299805,0.1042899340391159,386.0,1.8370000123977661,1.0490000247955322,2636.300048828125,513.28125,2.0289063453674316,1.051762342453003,2716.0
2026-09-14T12:13:00.000+08:00,175.60256958007812,12.493675231933594,9.444580078125,10.60250186920166,0.10007071495056152,386.29998779296875,1.8380000591278076,1.0499999523162842,2636.300048828125,513.28125,2.0289063453674316,1.0545886754989624,2716.0
2026-09-14T12:14:00.000+08:00,174.49191284179688,12.522918701171875,9.666748046875,10.340666770935059,0.10221777856349945,385.6000061035156,1.8380000591278076,1.0460000038146973,2636.300048828125,513.28125,2.0289063453674316,1.0528390407562256,2716.0
2026-09-14T12:15:00.000+08:00,176.15945434570312,12.675899505615234,9.632080078125,10.223809242248535,0.10270144045352936,386.0,1.8450000286102295,1.0520000457763672,2636.300048828125,513.28125,2.0289063453674316,1.054184913635254,2716.0
2026-09-14T12:16:00.000+08:00,175.66744995117188,12.74117660522461,9.757080078125,10.163079261779785,0.1043974980711937,385.8999938964844,1.843000054359436,1.0499999523162842,2636.300048828125,513.28125,2.0289063453674316,1.0549923181533813,2716.0
2026-09-14T12:17:00.000+08:00,176.04119873046875,12.65631103515625,9.7294921875,10.665467262268066,0.09797976166009903,385.70001220703125,1.8450000286102295,1.0509999990463257,2636.300048828125,513.28125,2.0289063453674316,1.0537811517715454,2716.0
2026-09-14T12:18:00.000+08:00,174.4093017578125,12.659786224365234,9.6669921875,10.374832153320312,0.10159200429916382,385.6000061035156,1.8389999866485596,1.0479999780654907,2636.39990234375,513.28125,2.0289063453674316,1.0492053031921387,2716.0
2026-09-14T12:19:00.000+08:00,173.9729766845703,12.774173736572266,9.78515625,10.042516708374023,0.10475461930036545,385.6000061035156,1.8389999866485596,1.0470000505447388,2636.39990234375,513.28125,2.0289063453674316,1.0492053031921387,2716.0
2026-09-14T12:20:00.000+08:00,174.88201904296875,12.74008560180664,9.7294921875,9.995055198669434,0.1049518957734108,385.3999938964844,1.847000002861023,1.0499999523162842,2636.39990234375,513.28125,2.0289063453674316,1.0498782396316528,2716.0
2026-09-14T12:21:00.000+08:00,174.79991149902344,12.640487670898438,9.6875,10.213042259216309,0.10329928994178772,385.6000061035156,1.8389999866485596,1.0429999828338623,2636.39990234375,513.28125,2.0289063453674316,1.0466482639312744,2716.0
2026-09-14T12:22:00.000+08:00,174.85983276367188,12.692672729492188,9.861328125,10.649269104003906,0.09831660985946655,386.0,1.8569999933242798,1.055999994277954,2636.39990234375,513.28125,2.0289063453674316,1.0574148893356323,2716.0
2026-09-14T12:23:00.000+08:00,173.24609375,12.681575775146484,9.8544921875,10.1542387008667,0.10310965031385422,386.1000061035156,1.8600000143051147,1.0549999475479126,2636.39990234375,513.28125,2.0289063453674316,1.0566073656082153,2716.0
2026-09-14T12:24:00.000+08:00,176.73500061035156,12.668170928955078,9.7294921875,10.198409080505371,0.10246696323156357,386.20001220703125,1.8550000190734863,1.0579999685287476,2636.5,513.28125,2.0289063453674316,1.061586856842041,2716.0
2026-09-14T12:25:00.000+08:00,172.29373168945312,12.726753234863281,9.84765625,9.984457969665527,0.10516344755887985,386.70001220703125,1.8550000190734863,1.0609999895095825,2636.5,513.28125,2.0289063453674316,1.059702754020691,2716.0
2026-09-14T12:26:00.000+08:00,174.45721435546875,12.747577667236328,9.798828125,9.932126998901367,0.10591889917850494,386.70001220703125,1.847000002861023,1.0570000410079956,2636.5,513.28125,2.0289063453674316,1.0572803020477295,2716.0
2026-09-14T12:27:00.000+08:00,177.039794921875,12.754562377929688,9.861328125,9.829505920410156,0.10824552178382874,386.79998779296875,1.8569999933242798,1.059999942779541,2636.5,513.28125,2.0289063453674316,1.0564727783203125,2716.0
2026-09-14T12:28:00.000+08:00,174.71994018554688,12.86301040649414,9.861328125,9.899609565734863,0.10646884888410568,386.5,1.847000002861023,1.0499999523162842,2636.5,513.28125,2.0289063453674316,1.0555306673049927,2716.0
2026-09-14T12:29:00.000+08:00,174.65330505371094,12.812946319580078,9.722412109375,10.272647857666016,0.10240787267684937,386.5,1.8639999628067017,1.0570000410079956,2636.60009765625,513.28125,2.0289063453674316,1.060510277748108,2716.0
2026-09-14T12:30:00.000+08:00,172.24484252929688,12.931415557861328,9.854248046875,10.263051986694336,0.10347798466682434,386.20001220703125,1.8569999933242798,1.0529999732971191,2636.60009765625,513.28125,2.0289063453674316,1.0559344291687012,2716.0
2026-09-14T12:31:00.000+08:00,170.0257110595703,12.83852767944336,9.89599609375,9.981765747070312,0.10539217293262482,385.8999938964844,1.8860000371932983,1.065999984741211,2636.60009765625,513.28125,2.067187547683716,1.0672394037246704,2716.0
2026-09-14T12:32:00.000+08:00,174.5059814453125,12.896598815917969,9.847412109375,10.363029479980469,0.10161121189594269,385.70001220703125,1.840000033378601,1.0520000457763672,2636.60009765625,513.28125,2.0289063453674316,1.0520315170288086,2716.0
2026-09-14T12:33:00.000+08:00,172.30172729492188,12.89630126953125,9.861328125,10.674241065979004,0.09874238073825836,386.3999938964844,1.8600000143051147,1.0529999732971191,2636.60009765625,513.28125,2.0289063453674316,1.0551269054412842,2716.0
2026-09-14T12:34:00.000+08:00,174.28500366210938,12.82937240600586,9.798828125,10.132684707641602,0.10441457480192184,386.3999938964844,1.8589999675750732,1.0549999475479126,2636.60009765625,513.28125,2.0289063453674316,1.0543195009231567,2716.0
2026-09-14T12:35:00.000+08:00,171.38479614257812,12.816162109375,9.8681640625,10.405553817749023,0.10100375860929489,386.6000061035156,1.871000051498413,1.0679999589920044,2636.699951171875,513.28125,2.067187547683716,1.0665664672851562,2716.0
2026-09-14T12:36:00.000+08:00,173.10137939453125,12.859184265136719,9.7919921875,10.511164665222168,0.09960837662220001,386.1000061035156,1.8569999933242798,1.0540000200271606,2636.699951171875,513.28125,2.0289063453674316,1.0559344291687012,2716.0
2026-09-14T12:37:00.000+08:00,175.04815673828125,12.871780395507812,9.8056640625,10.10781478881836,0.10437469184398651,386.1000061035156,1.843999981880188,1.0499999523162842,2636.699951171875,513.28125,2.0289063453674316,1.051762342453003,2716.0
2026-09-14T12:38:00.000+08:00,175.00201416015625,12.814033508300781,9.8125,10.096235275268555,0.10578200221061707,386.20001220703125,1.8489999771118164,1.0470000505447388,2636.699951171875,513.28125,2.0289063453674316,1.050551176071167,2716.0
2026-09-14T12:39:00.000+08:00,172.28176879882812,12.902645111083984,9.722412109375,10.246801376342773,0.10461801290512085,386.3999938964844,1.8480000495910645,1.0499999523162842,2636.699951171875,513.28125,2.0289063453674316,1.053377389907837,2716.0
2026-09-14T12:40:00.000+08:00,172.0216827392578,12.93231201171875,9.7919921875,10.384343147277832,0.10111375898122787,386.29998779296875,1.8459999561309814,1.0520000457763672,2636.699951171875,513.28125,2.0289063453674316,1.0539157390594482,2716.0
2026-09-14T12:41:00.000+08:00,172.3981170654297,12.93020248413086,9.763916015625,10.50514030456543,0.09995107352733612,386.0,1.850000023841858,1.0549999475479126,2636.800048828125,513.28125,2.0289063453674316,1.054184913635254,2716.0
2026-09-14T12:42:00.000+08:00,172.02957153320312,12.913921356201172,9.7431640625,10.836596488952637,0.09661705791950226,386.0,1.8480000495910645,1.0499999523162842,2636.800048828125,513.28125,2.0289063453674316,1.053377389907837,2716.0
2026-09-14T12:43:00.000+08:00,173.6382598876953,12.90631103515625,9.701416015625,10.845186233520508,0.09681715071201324,386.0,1.8519999980926514,1.0540000200271606,2636.800048828125,513.28125,2.0289063453674316,1.0553960800170898,2716.0
2026-09-14T12:44:00.000+08:00,176.3592071533203,12.991157531738281,9.6669921875,11.102523803710938,0.09466315805912018,386.20001220703125,1.843999981880188,1.0499999523162842,2636.800048828125,513.28125,2.0289063453674316,1.051358699798584,2716.0
2026-09-14T12:45:00.000+08:00,172.03160095214844,nan,nan,11.174495697021484,0.09396396577358246,nan,nan,nan,nan,nan,nan,nan,nan
2026-09-14T12:46:00.000+08:00,171.0913848876953,12.93893814086914,9.7119140625,10.888359069824219,0.09606589376926422,386.1499938964844,1.8495000004768372,1.05349999666214,2636.8499755859375,513.28125,2.0289063453674316,1.054655909538269,2716.0
2026-09-14T12:47:00.000+08:00,171.75941467285156,12.998344421386719,9.84765625,10.908590316772461,0.09671277552843094,386.0,1.850000023841858,1.0520000457763672,2636.89990234375,513.28125,2.0289063453674316,1.054184913635254,2716.0
2026-09-14T12:48:00.000+08:00,170.25975036621094,12.877246856689453,9.7919921875,10.621424674987793,0.09895094484090805,386.0,1.850000023841858,1.0540000200271606,2636.89990234375,513.28125,2.0289063453674316,1.0553960800170898,2716.0
2026-09-14T12:49:00.000+08:00,170.485107421875,12.96884536743164,9.84765625,10.605713844299316,0.09900323301553726,386.3999938964844,1.847000002861023,1.0540000200271606,2636.89990234375,513.28125,2.0289063453674316,1.0555306673049927,2716.0
2026-09-14T12:50:00.000+08:00,168.60903930664062,12.977363586425781,9.8125,10.953927993774414,0.09640377759933472,386.5,1.8550000190734863,1.059000015258789,2636.89990234375,513.28125,2.0289063453674316,1.0609140396118164,2716.0
2026-09-14T12:51:00.000+08:00,169.8615264892578,12.957534790039062,9.708251953125,10.503307342529297,0.10034933686256409,386.70001220703125,1.8550000190734863,1.062999963760376,2636.89990234375,513.28125,2.0289063453674316,1.0626635551452637,2716.0
2026-09-14T12:52:00.000+08:00,173.08265686035156,12.964412689208984,9.7783203125,10.947644233703613,0.09655045717954636,386.5,1.8480000495910645,1.059999942779541,2637.0,513.28125,2.067187547683716,1.0641440153121948,2716.0
2026-09-14T12:53:00.000+08:00,173.64556884765625,13.040889739990234,9.798828125,10.963140487670898,0.0964139774441719,386.0,1.8459999561309814,1.0520000457763672,2637.0,513.28125,2.0289063453674316,1.0537811517715454,2716.0
2026-09-14T12:54:00.000+08:00,173.24708557128906,13.080913543701172,9.75,10.844172477722168,0.0978405624628067,386.0,1.843999981880188,1.0509999990463257,2637.0,513.28125,2.0289063453674316,1.051762342453003,2716.0
2026-09-14T12:55:00.000+08:00,175.10633850097656,12.949974060058594,9.819580078125,11.341468811035156,0.09469672292470932,385.3999938964844,1.8359999656677246,1.0429999828338623,2637.0,513.28125,2.0289063453674316,1.046244502067566,2716.0
2026-09-14T12:56:00.000+08:00,175.09716796875,12.894153594970703,9.708251953125,11.21053409576416,0.09339430183172226,385.8999938964844,1.8389999866485596,1.0509999990463257,2637.0,513.28125,2.0289063453674316,1.0512241125106812,2716.0
2026-09-14T12:57:00.000+08:00,173.78189086914062,12.896598815917969,9.861083984375,11.43727970123291,0.09189248085021973,385.5,1.8380000591278076,1.0470000505447388,2637.0,513.28125,2.0289063453674316,1.0492053031921387,2716.0
2026-09-14T12:58:00.000+08:00,177.26446533203125,12.90283203125,9.798583984375,11.728374481201172,0.08918541669845581,385.6000061035156,1.843999981880188,1.0470000505447388,2637.10009765625,513.28125,2.0289063453674316,1.0512241125106812,2716.0
2026-09-14T12:59:00.000+08:00,177.23709106445312,12.81978988647461,9.701416015625,11.629305839538574,0.09028913825750351,385.0,1.8450000286102295,1.0479999780654907,2637.10009765625,509.765625,2.0289063453674316,1.0485323667526245,2717.0
2026-09-14T13:00:00.000+08:00,176.88433837890625,12.906784057617188,9.798828125,11.219338417053223,0.09358840435743332,385.6000061035156,1.8680000305175781,1.0700000524520874,2637.10009765625,513.28125,2.067187547683716,1.0724880695343018,2717.0
2026-09-14T13:01:00.000+08:00,177.1110382080078,12.935184478759766,9.6875,11.168460845947266,0.09446243196725845,385.6000061035156,1.8389999866485596,1.0509999990463257,2637.10009765625,513.28125,2.0289063453674316,1.0504165887832642,2717.0
2026-09-14T13:02:00.000+08:00,175.35072326660156,12.913444519042969,9.625,10.686386108398438,0.09797512739896774,385.5,1.8389999866485596,1.0509999990463257,2637.10009765625,513.28125,2.0289063453674316,1.0466482639312744,2717.0
2026-09-14T13:03:00.000+08:00,174.96290588378906,12.99636459350586,9.8056640625,11.042840957641602,0.09526534378528595,384.79998779296875,1.8359999656677246,1.0420000553131104,2637.199951171875,509.765625,2.0289063453674316,1.0444949865341187,2717.0
2026-09-14T13:04:00.000+08:00,175.63290405273438,12.989665985107422,9.861083984375,11.390410423278809,0.0920950174331665,384.70001220703125,1.8370000123977661,1.0429999828338623,2637.199951171875,509.765625,2.0289063453674316,1.0451678037643433,2717.0
2026-09-14T13:05:00.000+08:00,176.6273651123047,12.962200164794922,9.673828125,11.796138763427734,0.08926650136709213,384.5,1.8259999752044678,1.034000039100647,2637.199951171875,509.765625,1.990625023841858,1.0387078523635864,2717.0
2026-09-14T13:06:00.000+08:00,173.2718048095703,12.904029846191406,9.8056640625,11.385663986206055,0.09186991304159164,384.1000061035156,1.8289999961853027,1.0360000133514404,2637.199951171875,509.765625,2.0289063453674316,1.042610764503479,2717.0
2026-09-14T13:07:00.000+08:00,174.62771606445312,12.931415557861328,9.854248046875,11.023839950561523,0.0941595658659935,384.5,1.8270000219345093,1.0369999408721924,2637.199951171875,509.765625,2.0289063453674316,1.039919137954712,2717.0
2026-09-14T13:08:00.000+08:00,174.00140380859375,12.918941497802734,9.784912109375,11.372457504272461,0.0918007344007492,385.1000061035156,1.8300000429153442,1.0420000553131104,2637.199951171875,509.765625,2.0289063453674316,1.0440912246704102,2717.0
2026-09-14T13:09:00.000+08:00,176.95875549316406,12.95028305053711,9.8681640625,11.396395683288574,0.09046719968318939,385.29998779296875,1.8420000076293945,1.0479999780654907,2637.300048828125,509.765625,2.0289063453674316,1.0490707159042358,2717.0
2026-09-14T13:10:00.000+08:00,172.4580841064453,13.061012268066406,9.91015625,11.263522148132324,0.09206711500883102,385.1000061035156,1.8329999446868896,1.0429999828338623,2637.300048828125,509.765625,2.0289063453674316,1.0465136766433716,2717.0
2026-09-14T13:11:00.000+08:00,173.9539794921875,13.041236877441406,9.88916015625,11.152641296386719,0.09396877139806747,384.20001220703125,1.8609999418258667,1.0570000410079956,2637.300048828125,509.765625,2.067187547683716,1.0586260557174683,2717.0
2026-09-14T13:12:00.000+08:00,169.96351623535156,12.875606536865234,9.84765625,10.467586517333984,0.09983199089765549,384.29998779296875,1.8389999866485596,1.0379999876022339,2637.300048828125,509.765625,2.0289063453674316,1.0419378280639648,2717.0
2026-09-14T13:13:00.000+08:00,175.88771057128906,12.930641174316406,9.8056640625,10.571460723876953,0.09856726974248886,384.1000061035156,1.8350000381469727,1.0360000133514404,2637.300048828125,509.765625,2.0289063453674316,1.0401883125305176,2717.0
2026-09-14T13:14:00.000+08:00,174.58566284179688,12.829532623291016,9.861328125,10.573742866516113,0.09892429411411285,385.20001220703125,1.8380000591278076,1.0490000247955322,2637.300048828125,509.765625,2.0289063453674316,1.0494744777679443,2717.0
2026-09-14T13:15:00.000+08:00,175.19061279296875,12.856002807617188,9.8125,11.099776268005371,0.09351539611816406,384.8999938964844,1.8309999704360962,1.0399999618530273,2637.39990234375,509.765625,2.0289063453674316,1.0436874628067017,2717.0
2026-09-14T13:16:00.000+08:00,176.3497314453125,12.723060607910156,9.736328125,11.040167808532715,0.0940203070640564,385.20001220703125,1.8459999561309814,1.0490000247955322,2637.39990234375,513.28125,2.0289063453674316,1.0512241125106812,2717.0
2026-09-14T13:17:00.000+08:00,174.29766845703125,12.722469329833984,9.722412109375,10.258668899536133,0.10157263278961182,384.20001220703125,1.847000002861023,1.0460000038146973,2637.39990234375,509.765625,2.0289063453674316,1.0455715656280518,2717.0
2026-09-14T13:18:00.000+08:00,174.5001220703125,12.7462158203125,9.84033203125,10.356103897094727,0.10081011056900024,383.70001220703125,1.843000054359436,1.0390000343322754,2637.39990234375,509.765625,2.0289063453674316,1.0412650108337402,2717.0
2026-09-14T13:19:00.000+08:00,174.3485107421875,12.642906188964844,9.604248046875,10.140349388122559,0.10315226018428802,384.5,1.8320000171661377,1.0420000553131104,2637.39990234375,509.765625,2.0289063453674316,1.0439566373825073,2717.0
2026-09-14T13:20:00.000+08:00,177.275146484375,12.546638488769531,9.416748046875,10.754383087158203,0.09689073264598846,384.6000061035156,1.8339999914169312,1.0429999828338623,2637.39990234375,509.765625,2.0289063453674316,1.0451678037643433,2717.0
2026-09-14T13:21:00.000+08:00,177.94317626953125,12.57699966430664,9.347412109375,10.51505184173584,0.09928624331951141,384.20001220703125,1.840999960899353,1.0460000038146973,2637.5,509.765625,2.0289063453674316,1.0455715656280518,2717.0
2026-09-14T13:22:00.000+08:00,175.38629150390625,12.6177978515625,9.541748046875,10.628684043884277,0.09794250875711441,383.8999938964844,1.8220000267028809,1.034000039100647,2637.5,509.765625,2.0289063453674316,1.039784550666809,2717.0
2026-09-14T13:23:00.000+08:00,177.39312744140625,12.637680053710938,9.472412109375,10.492605209350586,0.09949864447116852,383.70001220703125,1.850000023841858,1.0529999732971191,2637.5,509.765625,2.0289063453674316,1.0527044534683228,2717.0
2026-09-14T13:24:00.000+08:00,176.49806213378906,12.608367919921875,9.3544921875,10.787220001220703,0.09733740240335464,383.8999938964844,1.8329999446868896,1.0360000133514404,2637.5,509.765625,2.0289063453674316,1.043418288230896,2717.0
2026-09-14T13:25:00.000+08:00,176.67747497558594,12.56399154663086,9.4169921875,10.865822792053223,0.09543686360120773,383.8999938964844,1.8220000267028809,1.034999966621399,2637.5,509.765625,2.0289063453674316,1.0356124639511108,2717.0
2026-09-14T13:26:00.000+08:00,173.94131469726562,12.544315338134766,9.4931640625,10.71435832977295,0.0967860072851181,384.0,1.847000002861023,1.0540000200271606,2637.5,509.765625,2.0289063453674316,1.053242802619934,2717.0
2026-09-14T13:27:00.000+08:00,174.4334716796875,12.50177001953125,9.59765625,11.084098815917969,0.09346722811460495,384.5,1.8370000123977661,1.0449999570846558,2637.60009765625,509.765625,2.0289063453674316,1.0447640419006348,2717.0
2026-09-14T13:28:00.000+08:00,177.75254821777344,12.619937896728516,9.34765625,11.225314140319824,0.09255865961313248,384.29998779296875,1.8480000495910645,1.0499999523162842,2637.60009765625,509.765625,2.0289063453674316,1.0516277551651,2717.0
2026-09-14T13:29:00.000+08:00,177.24661254882812,12.613658905029297,9.4306640625,11.22450065612793,0.09274354577064514,383.8999938964844,1.8179999589920044,1.0329999923706055,2637.60009765625,509.765625,1.990625023841858,1.0368237495422363,2717.0
2026-09-14T13:30:00.000+08:00,175.20423889160156,12.617904663085938,9.4794921875,10.40965461730957,0.10000331699848175,384.3999938964844,1.8309999704360962,1.0420000553131104,2637.60009765625,509.765625,2.0289063453674316,1.0423415899276733,2717.0
2026-09-14T13:31:00.000+08:00,178.42770385742188,12.653678894042969,9.5556640625,11.46285343170166,0.09072784334421158,384.29998779296875,1.8320000171661377,1.0410000085830688,2637.60009765625,509.765625,2.0289063453674316,1.0447640419006348,2717.0
2026-09-14T13:32:00.000+08:00,174.7618408203125,12.72043228149414,9.534912109375,10.831963539123535,0.0966583713889122,384.6000061035156,1.8289999961853027,1.0420000553131104,2637.699951171875,509.765625,2.0289063453674316,1.0427453517913818,2717.0
2026-09-14T13:33:00.000+08:00,176.26007080078125,12.742904663085938,9.409912109375,10.663840293884277,0.09905185550451279,384.20001220703125,1.8250000476837158,1.0390000343322754,2637.699951171875,509.765625,2.0289063453674316,1.0413994789123535,2717.0
2026-09-14T13:34:00.000+08:00,176.59877014160156,12.68502426147461,9.5,10.669254302978516,0.09766380488872528,383.79998779296875,1.8240000009536743,1.034999966621399,2637.699951171875,509.765625,2.0289063453674316,1.0385732650756836,2717.0
2026-09-14T13:35:00.000+08:00,174.2863311767578,12.663444519042969,9.666748046875,10.814324378967285,0.09663109481334686,384.79998779296875,1.8289999961853027,1.0440000295639038,2637.699951171875,509.765625,2.0289063453674316,1.0473212003707886,2717.0
2026-09-14T13:36:00.000+08:00,170.89027404785156,12.736618041992188,9.625,10.681039810180664,0.09774329513311386,384.1000061035156,1.8519999980926514,1.0520000457763672,2637.699951171875,509.765625,2.0289063453674316,1.0544540882110596,2717.0
2026-09-14T13:37:00.000+08:00,177.0153350830078,12.726409912109375,9.4931640625,10.879836082458496,0.09549776464700699,384.20001220703125,1.8380000591278076,1.0399999618530273,2637.699951171875,509.765625,2.0289063453674316,1.0431491136550903,2717.0
2026-09-14T13:38:00.000+08:00,174.93515014648438,12.758617401123047,9.5,10.765355110168457,0.09660619497299194,384.3999938964844,1.8359999656677246,1.0399999618530273,2637.800048828125,509.765625,2.0289063453674316,1.0431491136550903,2717.0
2026-09-14T13:39:00.000+08:00,172.530517578125,12.796173095703125,9.6181640625,10.39391803741455,0.10130924731492996,384.1000061035156,1.8329999446868896,1.0390000343322754,2637.800048828125,509.765625,2.0289063453674316,1.0413994789123535,2717.0
2026-09-14T13:40:00.000+08:00,170.21070861816406,12.816425323486328,9.6875,11.333999633789062,0.09158284962177277,384.70001220703125,1.8329999446868896,1.0390000343322754,2637.800048828125,509.765625,2.0289063453674316,1.0439566373825073,2717.0
2026-09-14T13:41:00.000+08:00,170.2451629638672,12.853046417236328,9.53515625,10.816388130187988,0.09615039825439453,384.8999938964844,1.8350000381469727,1.0449999570846558,2637.800048828125,509.765625,2.0289063453674316,1.0448986291885376,2717.0
2026-09-14T13:42:00.000+08:00,169.26449584960938,12.781646728515625,9.604248046875,10.97986888885498,0.09453664720058441,385.29998779296875,1.8420000076293945,1.0490000247955322,2637.800048828125,513.28125,2.0289063453674316,1.0531082153320312,2717.0
2026-09-14T13:43:00.000+08:00,172.1769561767578,12.795875549316406,9.5693359375,11.327821731567383,0.09119140356779099,384.29998779296875,1.8380000591278076,1.0399999618530273,2637.800048828125,509.765625,2.0289063453674316,1.0431491136550903,2717.0
2026-09-14T13:44:00.000+08:00,172.76539611816406,nan,nan,11.20682144165039,0.0936037003993988,nan,nan,nan,nan,nan,nan,nan,nan
2026-09-14T13:45:00.000+08:00,173.35482788085938,12.838653564453125,9.593994140625,11.141716003417969,0.09433016926050186,384.5,1.8454999923706055,1.04749995470047,2637.89990234375,509.765625,2.0289063453674316,1.0499455332756042,2717.0
2026-09-14T13:46:00.000+08:00,174.947265625,12.773216247558594,9.66015625,10.799667358398438,0.09639185667037964,384.20001220703125,1.8600000143051147,1.0509999990463257,2637.89990234375,509.765625,2.0289063453674316,1.0536465644836426,2717.0
2026-09-14T13:47:00.000+08:00,174.3139190673828,12.789478302001953,9.4375,11.39953327178955,0.0912318080663681,384.20001220703125,1.8320000171661377,1.0360000133514404,2637.89990234375,509.765625,2.0289063453674316,1.0419378280639648,2717.0
2026-09-14T13:48:00.000+08:00,173.80734252929688,12.800312042236328,9.6669921875,11.268648147583008,0.09255768358707428,384.3999938964844,1.843000054359436,1.0420000553131104,2637.89990234375,509.765625,2.0289063453674316,1.0439566373825073,2717.0
2026-09-14T13:49:00.000+08:00,171.25582885742188,12.807151794433594,9.58349609375,10.715333938598633,0.0968705266714096,384.20001220703125,1.8339999914169312,1.0360000133514404,2637.89990234375,509.765625,2.0289063453674316,1.0369583368301392,2717.0
2026-09-14T13:50:00.000+08:00,174.01168823242188,12.838184356689453,9.6669921875,10.87896728515625,0.09679227322340012,384.29998779296875,1.8339999914169312,1.034000039100647,2638.0,509.765625,2.0289063453674316,1.038169503211975,2717.0
2026-09-14T13:51:00.000+08:00,177.43280029296875,12.83404541015625,9.59765625,11.02229118347168,0.09462642669677734,385.29998779296875,1.8370000123977661,1.0479999780654907,2638.0,513.28125,2.0289063453674316,1.0498782396316528,2717.0
2026-09-14T13:52:00.000+08:00,176.20547485351562,12.825653076171875,9.5419921875,10.946942329406738,0.09509504586458206,385.0,1.840999960899353,1.0449999570846558,2638.0,509.765625,2.0289063453674316,1.0465136766433716,2717.0
2026-09-14T13:53:00.000+08:00,175.3085174560547,12.921173095703125,9.569580078125,11.460064888000488,0.09092444181442261,385.0,1.8370000123977661,1.0440000295639038,2638.0,509.765625,2.0289063453674316,1.0490707159042358,2717.0
2026-09-14T13:54:00.000+08:00,177.86141967773438,12.8177490234375,9.507080078125,11.956622123718262,0.08689745515584946,385.1000061035156,1.843999981880188,1.0470000505447388,2638.0,509.765625,2.0289063453674316,1.0478595495224,2717.0
2026-09-14T13:55:00.000+08:00,172.98922729492188,12.88302993774414,9.5,11.014781951904297,0.09668825566768646,385.0,1.8539999723434448,1.0509999990463257,2638.10009765625,509.765625,2.0289063453674316,1.0535119771957397,2717.0
2026-09-14T13:56:00.000+08:00,170.4432830810547,12.877117156982422,9.6669921875,11.217991828918457,0.09306478500366211,385.29998779296875,1.8389999866485596,1.0440000295639038,2638.10009765625,513.28125,2.0289063453674316,1.0458407402038574,2718.0
2026-09-14T13:57:00.000+08:00,168.095703125,12.991634368896484,9.75,11.058137893676758,0.09441010653972626,384.29998779296875,1.8380000591278076,1.0399999618530273,2638.10009765625,509.765625,2.0289063453674316,1.039919137954712,2718.0
2026-09-14T13:58:00.000+08:00,169.27236938476562,13.094413757324219,9.701416015625,10.802793502807617,0.09572132676839828,385.0,1.8309999704360962,1.0429999828338623,2638.10009765625,509.765625,2.0289063453674316,1.0432837009429932,2718.0
2026-09-14T13:59:00.000+08:00,173.29855346679688,13.109794616699219,9.75,10.68608570098877,0.09769713878631592,385.3999938964844,1.8380000591278076,1.0470000505447388,2638.10009765625,513.28125,2.0289063453674316,1.0492053031921387,2718.0
2026-09-14T14:00:00.000+08:00,171.04306030273438,13.136093139648438,9.798583984375,11.171841621398926,0.09362825006246567,385.29998779296875,1.8350000381469727,1.0440000295639038,2638.10009765625,513.28125,2.0289063453674316,1.045436978340149,2718.0
2026-09-14T14:01:00.000+08:00,168.62051391601562,13.14754867553711,9.9375,10.938937187194824,0.09580455720424652,385.20001220703125,1.8370000123977661,1.0440000295639038,2638.199951171875,513.28125,2.0289063453674316,1.046244502067566,2718.0
2026-09-14T14:02:00.000+08:00,170.3383331298828,13.214729309082031,9.7919921875,11.157644271850586,0.09347851574420929,385.5,1.8609999418258667,1.0609999895095825,2638.199951171875,513.28125,2.067187547683716,1.0614523887634277,2718.0
2026-09-14T14:03:00.000+08:00,171.516845703125,13.152851104736328,9.90283203125,11.511611938476562,0.09086477011442184,385.1000061035156,1.847000002861023,1.0490000247955322,2638.199951171875,513.28125,2.0289063453674316,1.0486669540405273,2718.0
2026-09-14T14:04:00.000+08:00,171.58424377441406,13.165306091308594,9.78515625,11.081581115722656,0.0950225442647934,385.29998779296875,1.8519999980926514,1.0490000247955322,2638.199951171875,513.28125,2.0289063453674316,1.0520315170288086,2718.0
2026-09-14T14:05:00.000+08:00,170.40380859375,13.057022094726562,9.7919921875,11.070862770080566,0.0948435515165329,385.6000061035156,1.8559999465942383,1.0520000457763672,2638.199951171875,513.28125,2.0289063453674316,1.0544540882110596,2718.0
2026-09-14T14:06:00.000+08:00,170.24574279785156,13.149650573730469,9.8193359375,11.290242195129395,0.09273494780063629,385.3999938964844,1.843999981880188,1.0520000457763672,2638.199951171875,513.28125,2.0289063453674316,1.0536465644836426,2718.0
2026-09-14T14:07:00.000+08:00,174.14697265625,13.090145111083984,9.70849609375,10.677532196044922,0.0983373299241066,385.20001220703125,1.8309999704360962,1.0440000295639038,2638.300048828125,513.28125,2.0289063453674316,1.046244502067566,2718.0
2026-09-14T14:08:00.000+08:00,171.28128051757812,13.238449096679688,9.8681640625,10.781862258911133,0.09720027446746826,385.29998779296875,1.8509999513626099,1.055999994277954,2638.300048828125,513.28125,2.0289063453674316,1.0572803020477295,2718.0
2026-09-14T14:09:00.000+08:00,170.75474548339844,13.109184265136719,9.791748046875,10.903794288635254,0.09620504081249237,385.20001220703125,1.8350000381469727,1.0470000505447388,2638.300048828125,513.28125,2.0289063453674316,1.0512241125106812,2718.0
2026-09-14T14:10:00.000+08:00,170.5209503173828,13.085002899169922,9.71533203125,11.427980422973633,0.09179224818944931,385.29998779296875,1.8380000591278076,1.0479999780654907,2638.300048828125,513.28125,2.0289063453674316,1.0478595495224,2718.0
2026-09-14T14:11:00.000+08:00,172.30593872070312,12.98797607421875,9.736083984375,11.716638565063477,0.08953079581260681,385.20001220703125,1.840999960899353,1.0479999780654907,2638.300048828125,513.28125,2.0289063453674316,1.0494744777679443,2718.0
2026-09-14T14:12:00.000+08:00,170.95175170898438,13.113910675048828,9.833251953125,10.81251335144043,0.09729468077421188,385.3999938964844,1.8630000352859497,1.065999984741211,2638.39990234375,513.28125,2.0289063453674316,1.0594335794448853,2718.0
2026-09-14T14:13:00.000+08:00,171.2654266357422,13.062503814697266,9.826416015625,11.671588897705078,0.08996204286813736,385.8999938964844,1.840999960899353,1.0499999523162842,2638.39990234375,513.28125,2.0289063453674316,1.0529736280441284,2718.0
2026-09-14T14:14:00.000+08:00,173.7923126220703,13.173065185546875,9.8681640625,11.276460647583008,0.09275960177183151,385.6000061035156,1.843999981880188,1.0470000505447388,2638.39990234375,513.28125,2.0289063453674316,1.0496090650558472,2718.0
2026-09-14T14:15:00.000+08:00,171.8118133544922,13.177921295166016,9.7294921875,11.43263053894043,0.09175491333007812,385.70001220703125,1.8459999561309814,1.0520000457763672,2638.39990234375,513.28125,2.0289063453674316,1.053242802619934,2718.0
2026-09-14T14:16:00.000+08:00,171.0433349609375,13.083045959472656,9.9306640625,11.264683723449707,0.09338922053575516,385.6000061035156,1.8420000076293945,1.0479999780654907,2638.39990234375,513.28125,2.0289063453674316,1.0508203506469727,2718.0
2026-09-14T14:17:00.000+08:00,171.58778381347656,13.110118865966797,9.875,11.172745704650879,0.09433670341968536,385.6000061035156,1.8509999513626099,1.0509999990463257,2638.39990234375,513.28125,2.0289063453674316,1.0516277551651,2718.0
2026-09-14T14:18:00.000+08:00,169.35108947753906,13.10538101196289,9.736328125,11.246356010437012,0.09300790727138519,385.29998779296875,1.8730000257492065,1.0529999732971191,2638.5,513.28125,2.0289063453674316,1.057684063911438,2718.0
2026-09-14T14:19:00.000+08:00,171.13877868652344,13.056575775146484,9.8681640625,10.704550743103027,0.09799570590257645,385.20001220703125,1.8450000286102295,1.0449999570846558,2638.5,513.28125,2.0289063453674316,1.0516277551651,2718.0
2026-09-14T14:20:00.000+08:00,172.05909729003906,13.008373260498047,9.923828125,11.392579078674316,0.0921652615070343,385.5,1.8739999532699585,1.055999994277954,2638.5,513.28125,2.0289063453674316,1.059702754020691,2718.0
2026-09-14T14:21:00.000+08:00,172.28541564941406,12.938106536865234,9.84765625,11.02447509765625,0.09524263441562653,385.70001220703125,1.8489999771118164,1.0479999780654907,2638.5,513.28125,2.0289063453674316,1.0508203506469727,2718.0
2026-09-14T14:22:00.000+08:00,172.81198120117188,12.965629577636719,9.784912109375,10.924571990966797,0.09629667550325394,385.6000061035156,1.8650000095367432,1.0529999732971191,2638.5,513.28125,2.0289063453674316,1.0528390407562256,2718.0
2026-09-14T14:23:00.000+08:00,172.4423370361328,13.109664916992188,9.8125,10.843280792236328,0.09692638367414474,385.3999938964844,1.843999981880188,1.0449999570846558,2638.5,513.28125,2.0289063453674316,1.0486669540405273,2718.0
2026-09-14T14:24:00.000+08:00,172.64529418945312,13.06204605102539,9.7431640625,10.92654037475586,0.09573020786046982,385.70001220703125,1.8609999418258667,1.0499999523162842,2638.60009765625,513.28125,2.0289063453674316,1.053242802619934,2718.0
2026-09-14T14:25:00.000+08:00,173.5836639404297,13.003925323486328,9.7431640625,10.756285667419434,0.09743140637874603,385.79998779296875,1.8619999885559082,1.0549999475479126,2638.60009765625,513.28125,2.0289063453674316,1.0557998418807983,2718.0
2026-09-14T14:26:00.000+08:00,173.4364013671875,13.035560607910156,9.736328125,10.6308012008667,0.09839333593845367,385.79998779296875,1.8559999465942383,1.0540000200271606,2638.60009765625,513.28125,2.0289063453674316,1.05256986618042,2718.0
2026-09-14T14:27:00.000+08:00,172.28379821777344,13.02310562133789,9.7294921875,11.139931678771973,0.09425552189350128,386.0,1.8680000305175781,1.059000015258789,2638.60009765625,513.28125,2.0289063453674316,1.0627981424331665,2718.0
2026-09-14T14:28:00.000+08:00,173.4413299560547,13.07436752319336,9.826416015625,11.390304565429688,0.09262263029813766,385.8999938964844,1.8550000190734863,1.0520000457763672,2638.60009765625,513.28125,2.0289063453674316,1.0537811517715454,2718.0
2026-09-14T14:29:00.000+08:00,171.30215454101562,12.969600677490234,9.923583984375,11.531237602233887,0.09114372730255127,385.8999938964844,1.8459999561309814,1.0490000247955322,2638.60009765625,513.28125,2.0289063453674316,1.0566073656082153,2718.0
2026-09-14T14:30:00.000+08:00,172.39187622070312,13.019153594970703,9.7158203125,10.585722923278809,0.09928467124700546,385.8999938964844,1.8539999723434448,1.0520000457763672,2638.699951171875,513.28125,2.0289063453674316,1.0537811517715454,2718.0
2026-09-14T14:31:00.000+08:00,174.59384155273438,12.953929901123047,9.83349609375,11.061755180358887,0.09483124315738678,385.70001220703125,1.8519999980926514,1.0460000038146973,2638.699951171875,513.28125,2.0289063453674316,1.054050326347351,2718.0
2026-09-14T14:32:00.000+08:00,172.4081268310547,12.846385955810547,9.673828125,10.443896293640137,0.10082443803548813,385.70001220703125,1.8519999980926514,1.0490000247955322,2638.699951171875,513.28125,2.0289063453674316,1.0516277551651,2718.0
2026-09-14T14:33:00.000+08:00,174.8526611328125,12.908004760742188,9.6533203125,10.95122241973877,0.0958797037601471,385.79998779296875,1.8459999561309814,1.0449999570846558,2638.699951171875,513.28125,2.0289063453674316,1.0494744777679443,2718.0
2026-09-14T14:34:00.000+08:00,173.0318603515625,12.992244720458984,9.7294921875,10.928754806518555,0.09616831690073013,385.79998779296875,1.8459999561309814,1.0520000457763672,2638.699951171875,513.28125,2.0289063453674316,1.054184913635254,2718.0
2026-09-14T14:35:00.000+08:00,172.18795776367188,13.05886459350586,9.76416015625,10.879728317260742,0.09696933627128601,385.79998779296875,1.843000054359436,1.0509999990463257,2638.800048828125,513.28125,2.0289063453674316,1.0549923181533813,2718.0
2026-09-14T14:36:00.000+08:00,173.64407348632812,13.104625701904297,9.7783203125,11.460699081420898,0.09301352500915527,385.79998779296875,1.8509999513626099,1.0540000200271606,2638.800048828125,513.28125,2.0289063453674316,1.0537811517715454,2718.0
2026-09-14T14:37:00.000+08:00,169.4085235595703,13.077384948730469,9.70166015625,10.816739082336426,0.09734911471605301,385.8999938964844,1.8609999418258667,1.0570000410079956,2638.800048828125,513.28125,2.0289063453674316,1.0529736280441284,2718.0
2026-09-14T14:38:00.000+08:00,171.0911407470703,13.08792495727539,9.909912109375,10.946913719177246,0.09591744095087051,385.79998779296875,1.8459999561309814,1.0520000457763672,2638.800048828125,513.28125,2.0289063453674316,1.0512241125106812,2718.0
2026-09-14T14:39:00.000+08:00,170.24107360839844,13.125778198242188,9.895751953125,11.567505836486816,0.09051216393709183,385.79998779296875,1.843000054359436,1.0499999523162842,2638.800048828125,513.28125,2.0289063453674316,1.0512241125106812,2718.0
2026-09-14T14:40:00.000+08:00,170.6433868408203,13.106605529785156,9.8681640625,11.278730392456055,0.09371622651815414,385.5,1.843999981880188,1.0529999732971191,2638.800048828125,513.28125,2.0289063453674316,1.0544540882110596,2718.0
2026-09-14T14:41:00.000+08:00,170.41891479492188,13.181137084960938,9.909912109375,10.732505798339844,0.0979268029332161,386.0,1.8450000286102295,1.0499999523162842,2638.89990234375,513.28125,2.0289063453674316,1.051762342453003,2718.0
2026-09-14T14:42:00.000+08:00,172.80755615234375,13.12485122680664,9.8681640625,11.22807788848877,0.09404993802309036,385.6000061035156,1.8420000076293945,1.0499999523162842,2638.89990234375,513.28125,2.0289063453674316,1.0520315170288086,2718.0
2026-09-14T14:43:00.000+08:00,172.2545928955078,nan,nan,11.677005767822266,0.08966339379549026,nan,nan,nan,nan,nan,nan,nan,nan
2026-09-14T14:44:00.000+08:00,171.823974609375,13.182111740112305,9.899658203125,11.325393676757812,0.09262371808290482,385.8500061035156,1.8425000309944153,1.0509999990463257,2638.89990234375,513.28125,2.0289063453674316,1.0527045130729675,2718.0
2026-09-14T14:45:00.000+08:00,172.56703186035156,13.14810562133789,9.7294921875,11.45474910736084,0.09227613359689713,385.8999938964844,1.8480000495910645,1.0490000247955322,2638.89990234375,513.28125,2.0289063453674316,1.0529736280441284,2718.0
2026-09-14T14:46:00.000+08:00,171.80043029785156,13.101112365722656,9.7431640625,11.034337043762207,0.09533876180648804,385.70001220703125,1.8509999513626099,1.0509999990463257,2638.89990234375,513.28125,2.0289063453674316,1.0562036037445068,2718.0
2026-09-14T14:47:00.000+08:00,168.11402893066406,13.145988464355469,9.861328125,10.998852729797363,0.09564633667469025,385.70001220703125,1.847000002861023,1.0499999523162842,2639.0,513.28125,2.0289063453674316,1.0508203506469727,2718.0
2026-09-14T14:48:00.000+08:00,168.6937713623047,13.141132354736328,9.8125,11.406599044799805,0.09213964641094208,385.6000061035156,1.850000023841858,1.0540000200271606,2639.0,513.28125,2.0289063453674316,1.0488015413284302,2718.0
2026-09-14T14:49:00.000+08:00,170.38490295410156,13.069843292236328,9.9794921875,10.693016052246094,0.09866252541542053,385.6000061035156,1.8630000352859497,1.0640000104904175,2639.0,513.28125,2.067187547683716,1.0672394037246704,2718.0
2026-09-14T14:50:00.000+08:00,171.66714477539062,13.03255844116211,9.83349609375,10.987991333007812,0.09564987570047379,385.70001220703125,1.8480000495910645,1.0529999732971191,2639.0,513.28125,2.0289063453674316,1.0512241125106812,2718.0
2026-09-14T14:51:00.000+08:00,171.64845275878906,13.030868530273438,9.8056640625,11.072267532348633,0.09474120289087296,386.20001220703125,1.8600000143051147,1.0529999732971191,2639.0,513.28125,2.067187547683716,1.0641440153121948,2718.0
2026-09-14T14:52:00.000+08:00,170.39820861816406,13.055675506591797,9.8125,10.861772537231445,0.09676137566566467,385.8999938964844,1.8530000448226929,1.0509999990463257,2639.10009765625,513.28125,2.0289063453674316,1.0529736280441284,2718.0
2026-09-14T14:53:00.000+08:00,174.3854522705078,13.054302215576172,9.791748046875,11.582317352294922,0.09082811325788498,386.0,1.8530000448226929,1.0529999732971191,2639.10009765625,513.28125,2.0289063453674316,1.0571457147598267,2719.0
2026-09-14T14:54:00.000+08:00,172.3277587890625,13.01565933227539,9.77099609375,11.352533340454102,0.09319505840539932,385.8999938964844,1.8530000448226929,1.0540000200271606,2639.10009765625,513.28125,2.0289063453674316,1.0571457147598267,2719.0
2026-09-14T14:55:00.000+08:00,172.06703186035156,13.048820495605469,9.673828125,10.331887245178223,0.10201427340507507,385.70001220703125,1.8609999418258667,1.0499999523162842,2639.10009765625,513.28125,2.0289063453674316,1.0492053031921387,2719.0
2026-09-14T14:56:00.000+08:00,171.12033081054688,13.013984680175781,9.72265625,11.050777435302734,0.09501593559980392,385.8999938964844,1.8580000400543213,1.0499999523162842,2639.10009765625,513.28125,2.0289063453674316,1.054184913635254,2719.0
2026-09-14T14:57:00.000+08:00,168.91525268554688,13.000003814697266,9.8125,11.174084663391113,0.09459387511014938,385.79998779296875,1.8619999885559082,1.0540000200271606,2639.10009765625,513.28125,2.0289063453674316,1.0553960800170898,2719.0
2026-09-14T14:58:00.000+08:00,170.47201538085938,13.046684265136719,9.7919921875,11.397397994995117,0.09203854948282242,385.8999938964844,1.8580000400543213,1.0509999990463257,2639.199951171875,513.28125,2.0289063453674316,1.053377389907837,2719.0
2026-09-14T14:59:00.000+08:00,171.70281982421875,12.991802215576172,9.8056640625,11.184759140014648,0.09405656158924103,385.8999938964844,1.8669999837875366,1.0570000410079956,2639.199951171875,513.28125,2.0289063453674316,1.059568166732788,2719.0
2026-09-14T15:00:00.000+08:00,170.1517333984375,12.936878204345703,9.659912109375,11.251205444335938,0.09376773238182068,386.1000061035156,1.871999979019165,1.062999963760376,2639.199951171875,513.28125,2.067187547683716,1.063201904296875,2719.0
2026-09-14T15:01:00.000+08:00,174.5388946533203,12.951019287109375,9.757080078125,11.480708122253418,0.09163197875022888,386.29998779296875,1.8760000467300415,1.062999963760376,2639.199951171875,513.28125,2.067187547683716,1.0637402534484863,2719.0
2026-09-14T15:02:00.000+08:00,172.68069458007812,13.055675506591797,9.854248046875,11.401113510131836,0.09262252599000931,386.29998779296875,1.8600000143051147,1.055999994277954,2639.199951171875,513.28125,2.0289063453674316,1.0592989921569824,2719.0
2026-09-14T15:03:00.000+08:00,173.27603149414062,12.948135375976562,9.6875,11.292116165161133,0.0933394581079483,385.8999938964844,1.8539999723434448,1.0520000457763672,2639.199951171875,513.28125,2.0289063453674316,1.0529736280441284,2719.0
2026-09-14T15:04:00.000+08:00,173.07200622558594,13.0469970703125,9.8056640625,11.286011695861816,0.09347854554653168,385.70001220703125,1.847000002861023,1.0490000247955322,2639.300048828125,513.28125,2.0289063453674316,1.0512241125106812,2719.0
2026-09-14T15:05:00.000+08:00,173.6800994873047,13.017032623291016,9.8681640625,10.366395950317383,0.10186761617660522,386.20001220703125,1.8539999723434448,1.055999994277954,2639.300048828125,513.28125,2.0289063453674316,1.0575494766235352,2719.0
2026-09-14T15:06:00.000+08:00,172.329833984375,13.010032653808594,9.736328125,10.614325523376465,0.09892290830612183,385.8999938964844,1.8589999675750732,1.0509999990463257,2639.300048828125,513.28125,2.0289063453674316,1.0545886754989624,2719.0
2026-09-14T15:07:00.000+08:00,175.3704833984375,12.971866607666016,9.72265625,11.089988708496094,0.0947701558470726,386.0,1.8589999675750732,1.0529999732971191,2639.300048828125,513.28125,2.0289063453674316,1.0571457147598267,2719.0
2026-09-14T15:08:00.000+08:00,172.62158203125,12.957111358642578,9.798828125,11.120955467224121,0.09459618479013443,386.0,1.8619999885559082,1.0509999990463257,2639.300048828125,513.28125,2.0289063453674316,1.0521661043167114,2719.0
2026-09-14T15:09:00.000+08:00,171.15823364257812,12.939456939697266,9.65283203125,10.94551944732666,0.09629511088132858,385.8999938964844,1.8559999465942383,1.0490000247955322,2639.39990234375,513.28125,2.0289063453674316,1.051762342453003,2719.0
2026-09-14T15:10:00.000+08:00,175.90264892578125,12.955276489257812,9.6806640625,10.811567306518555,0.09730318933725357,386.1000061035156,1.8600000143051147,1.0520000457763672,2639.39990234375,513.28125,2.0289063453674316,1.0521661043167114,2719.0
2026-09-14T15:11:00.000+08:00,173.5041961669922,12.901874542236328,9.6533203125,11.129411697387695,0.0945243164896965,385.6000061035156,1.8639999628067017,1.055999994277954,2639.39990234375,513.28125,2.0289063453674316,1.0562036037445068,2719.0
2026-09-14T15:12:00.000+08:00,173.7668914794922,12.819129943847656,9.569580078125,11.678265571594238,0.08965372294187546,385.70001220703125,1.8539999723434448,1.0540000200271606,2639.39990234375,513.28125,2.0289063453674316,1.0578186511993408,2719.0
2026-09-14T15:13:00.000+08:00,172.98565673828125,12.69552993774414,9.534912109375,11.222851753234863,0.09355910867452621,385.29998779296875,1.847000002861023,1.0520000457763672,2639.39990234375,513.28125,2.0289063453674316,1.0528390407562256,2719.0
2026-09-14T15:14:00.000+08:00,171.99349975585938,12.66843032836914,9.4794921875,11.309178352355957,0.0936407595872879,385.29998779296875,1.8580000400543213,1.0479999780654907,2639.39990234375,513.28125,2.0289063453674316,1.0498782396316528,2719.0
2026-09-14T15:15:00.000+08:00,172.4062957763672,12.637382507324219,9.486328125,11.107934951782227,0.0949796587228775,386.1000061035156,1.8539999723434448,1.0579999685287476,2639.5,513.28125,2.0289063453674316,1.0575494766235352,2719.0
2026-09-14T15:16:00.000+08:00,175.43426513671875,12.746456146240234,9.47265625,11.560529708862305,0.0909992903470993,385.8999938964844,1.8480000495910645,1.0529999732971191,2639.5,513.28125,2.0289063453674316,1.0545886754989624,2719.0
2026-09-14T15:17:00.000+08:00,173.90538024902344,12.796527862548828,9.47265625,11.454029083251953,0.09193271398544312,385.20001220703125,1.8450000286102295,1.0470000505447388,2639.5,513.28125,2.0289063453674316,1.0498782396316528,2719.0
2026-09-14T15:18:00.000+08:00,172.6007537841797,12.720054626464844,9.361083984375,11.280835151672363,0.09352144598960876,385.20001220703125,1.840999960899353,1.0440000295639038,2639.5,509.765625,2.0289063453674316,1.0458407402038574,2719.0
2026-09-14T15:19:00.000+08:00,173.89845275878906,12.679435729980469,9.4794921875,11.485794067382812,0.09150434285402298,386.1000061035156,1.840999960899353,1.0499999523162842,2639.5,513.28125,2.0289063453674316,1.05256986618042,2719.0
2026-09-14T15:20:00.000+08:00,174.1905517578125,12.745597839355469,9.4658203125,10.877334594726562,0.09625519812107086,386.29998779296875,1.8760000467300415,1.0720000267028809,2639.5,513.28125,2.067187547683716,1.073968529701233,2719.0
2026-09-14T15:21:00.000+08:00,171.7511444091797,12.649913787841797,9.576416015625,11.655357360839844,0.09025892615318298,386.5,1.8459999561309814,1.0570000410079956,2639.60009765625,513.28125,2.0289063453674316,1.0564727783203125,2719.0
2026-09-14T15:22:00.000+08:00,175.37738037109375,12.716476440429688,9.513916015625,10.804808616638184,0.09773426502943039,386.1000061035156,1.8480000495910645,1.0509999990463257,2639.60009765625,513.28125,2.0289063453674316,1.0567419528961182,2719.0
2026-09-14T15:23:00.000+08:00,173.6840362548828,12.825950622558594,9.507080078125,10.669998168945312,0.09896909445524216,386.29998779296875,1.8569999933242798,1.0549999475479126,2639.60009765625,513.28125,2.0289063453674316,1.0567419528961182,2719.0
2026-09-14T15:24:00.000+08:00,170.97950744628906,12.819774627685547,9.47265625,10.291407585144043,0.10309571027755737,386.20001220703125,1.8569999933242798,1.0570000410079956,2639.60009765625,513.28125,2.0289063453674316,1.0579532384872437,2719.0
2026-09-14T15:25:00.000+08:00,173.90147399902344,12.782524108886719,9.6181640625,10.997513771057129,0.09611263126134872,386.1000061035156,1.8489999771118164,1.055999994277954,2639.60009765625,513.28125,2.0289063453674316,1.0575494766235352,2719.0
2026-09-14T15:26:00.000+08:00,171.85179138183594,12.82236099243164,9.659912109375,10.892279624938965,0.09731663018465042,386.20001220703125,1.871000051498413,1.0720000267028809,2639.60009765625,513.28125,2.067187547683716,1.0715460777282715,2719.0
2026-09-14T15:27:00.000+08:00,170.56399536132812,12.78512191772461,9.548828125,10.647052764892578,0.09927630424499512,386.3999938964844,1.8630000352859497,1.0640000104904175,2639.699951171875,513.28125,2.0289063453674316,1.0564727783203125,2719.0
2026-09-14T15:28:00.000+08:00,170.88204956054688,12.679817199707031,9.444580078125,11.313749313354492,0.09289581328630447,386.29998779296875,1.8530000448226929,1.0540000200271606,2639.699951171875,513.28125,2.0289063453674316,1.0579532384872437,2719.0
2026-09-14T15:29:00.000+08:00,171.9327392578125,12.731121063232422,9.513916015625,10.913534164428711,0.09657733142375946,386.29998779296875,1.8569999933242798,1.0579999685287476,2639.699951171875,513.28125,2.0289063453674316,1.0584914684295654,2719.0
2026-09-14T15:30:00.000+08:00,173.82810974121094,12.771434783935547,9.65283203125,10.954193115234375,0.09649273008108139,386.5,1.850000023841858,1.0529999732971191,2639.699951171875,513.28125,2.0289063453674316,1.055261492729187,2719.0
2026-09-14T15:31:00.000+08:00,171.9841766357422,12.75802993774414,9.52099609375,10.999861717224121,0.09627393633127213,386.5,1.8639999628067017,1.055999994277954,2639.699951171875,513.28125,2.0289063453674316,1.0584914684295654,2719.0
2026-09-14T15:32:00.000+08:00,171.35223388671875,12.738842010498047,9.4794921875,10.748237609863281,0.09834170341491699,386.70001220703125,1.8619999885559082,1.0570000410079956,2639.800048828125,513.28125,2.0289063453674316,1.0601065158843994,2719.0
2026-09-14T15:33:00.000+08:00,172.78260803222656,12.776287078857422,9.6806640625,10.8984956741333,0.09753639250993729,386.6000061035156,1.8669999837875366,1.059999942779541,2639.800048828125,513.28125,2.0289063453674316,1.0601065158843994,2719.0
2026-09-14T15:34:00.000+08:00,169.0211181640625,12.77584457397461,9.7431640625,10.980993270874023,0.09607509523630142,386.5,1.8660000562667847,1.0529999732971191,2639.800048828125,513.28125,2.0289063453674316,1.057684063911438,2719.0
2026-09-14T15:35:00.000+08:00,171.05270385742188,12.758987426757812,9.6533203125,11.095672607421875,0.09517224133014679,386.29998779296875,1.8650000095367432,1.0529999732971191,2639.800048828125,513.28125,2.0289063453674316,1.0547232627868652,2719.0
2026-09-14T15:36:00.000+08:00,168.98330688476562,12.74664306640625,9.541748046875,10.855189323425293,0.0993073359131813,386.79998779296875,1.8990000486373901,1.0759999752044678,2639.800048828125,513.28125,2.067187547683716,1.078678846359253,2719.0
2026-09-14T15:37:00.000+08:00,170.70993041992188,12.847469329833984,9.72265625,10.410513877868652,0.10162802785634995,386.5,1.8700000047683716,1.0570000410079956,2639.800048828125,513.28125,2.0289063453674316,1.058895230293274,2719.0
2026-09-14T15:38:00.000+08:00,171.721923828125,12.710468292236328,9.5419921875,10.468563079833984,0.10068239271640778,386.70001220703125,1.8639999628067017,1.0570000410079956,2639.89990234375,513.28125,2.0289063453674316,1.0630673170089722,2719.0
2026-09-14T15:39:00.000+08:00,173.0140838623047,12.744651794433594,9.5625,10.748320579528809,0.0990852490067482,386.70001220703125,1.8600000143051147,1.0549999475479126,2639.89990234375,513.28125,2.0289063453674316,1.0580878257751465,2719.0
2026-09-14T15:40:00.000+08:00,170.82379150390625,12.730533599853516,9.548828125,10.746845245361328,0.0979822427034378,386.79998779296875,1.875,1.062999963760376,2639.89990234375,513.28125,2.067187547683716,1.066028118133545,2719.0
2026-09-14T15:41:00.000+08:00,169.77349853515625,12.594070434570312,9.4794921875,10.719408988952637,0.09776657819747925,386.8999938964844,1.86899995803833,1.059999942779541,2639.89990234375,513.28125,2.0289063453674316,1.0634710788726807,2719.0
2026-09-14T15:42:00.000+08:00,174.00540161132812,nan,nan,10.301114082336426,0.10299856215715408,nan,nan,nan,nan,nan,nan,nan,nan
2026-09-14T15:43:00.000+08:00,175.31304931640625,12.586971282958984,9.590576171875,11.012646675109863,0.09598056226968765,386.75,1.8605000376701355,1.05349999666214,2639.89990234375,513.28125,2.0289063453674316,1.056876540184021,2719.0
2026-09-14T15:44:00.000+08:00,174.6378173828125,12.621307373046875,9.666748046875,10.739958763122559,0.09878995269536972,386.6000061035156,1.8600000143051147,1.0570000410079956,2640.0,513.28125,2.0289063453674316,1.0601065158843994,2719.0
2026-09-14T15:45:00.000+08:00,175.31077575683594,12.59048080444336,9.5908203125,10.908248901367188,0.09735751152038574,386.79998779296875,1.8669999837875366,1.059999942779541,2640.0,513.28125,2.0289063453674316,1.0606448650360107,2719.0
2026-09-14T15:46:00.000+08:00,172.7412567138672,12.653095245361328,9.520751953125,10.244437217712402,0.10356839746236801,386.3999938964844,1.8619999885559082,1.0570000410079956,2640.0,513.28125,2.0289063453674316,1.0584914684295654,2719.0
2026-09-14T15:47:00.000+08:00,176.34437561035156,12.708934783935547,9.625,10.02152156829834,0.10547301173210144,386.5,1.8580000400543213,1.055999994277954,2640.0,513.28125,2.0289063453674316,1.0572803020477295,2719.0
2026-09-14T15:48:00.000+08:00,174.49876403808594,12.732181549072266,9.6044921875,10.616779327392578,0.09984195232391357,386.70001220703125,1.8630000352859497,1.0579999685287476,2640.0,513.28125,2.067187547683716,1.067508578300476,2719.0
2026-09-14T15:49:00.000+08:00,173.48008728027344,12.755908966064453,9.763916015625,10.017597198486328,0.10491537302732468,386.20001220703125,1.8600000143051147,1.0529999732971191,2640.10009765625,513.28125,2.0289063453674316,1.0567419528961182,2720.0
2026-09-14T15:50:00.000+08:00,177.06748962402344,12.85885238647461,9.66015625,11.205612182617188,0.0948631763458252,386.3999938964844,1.8580000400543213,1.0540000200271606,2640.10009765625,513.28125,2.0289063453674316,1.0567419528961182,2720.0
2026-09-14T15:51:00.000+08:00,172.6966552734375,12.842910766601562,9.7294921875,10.687844276428223,0.09899096190929413,387.1000061035156,1.8580000400543213,1.059999942779541,2640.10009765625,513.28125,2.0289063453674316,1.0606448650360107,2720.0
2026-09-14T15:52:00.000+08:00,174.4464874267578,12.842613220214844,9.736328125,10.798831939697266,0.09815876930952072,387.1000061035156,1.8860000371932983,1.0740000009536743,2640.10009765625,513.28125,2.067187547683716,1.0755834579467773,2720.0
2026-09-14T15:53:00.000+08:00,171.3065643310547,12.895698547363281,9.8544921875,10.510496139526367,0.09999527782201767,386.79998779296875,1.8639999628067017,1.0570000410079956,2640.10009765625,513.28125,2.0289063453674316,1.0586260557174683,2720.0
2026-09-14T15:54:00.000+08:00,174.3037109375,12.93020248413086,9.757080078125,10.806339263916016,0.09827565401792526,386.8999938964844,1.8730000257492065,1.059999942779541,2640.10009765625,513.28125,2.0289063453674316,1.0614523887634277,2720.0
2026-09-14T15:55:00.000+08:00,173.16392517089844,12.83380126953125,9.854248046875,10.526286125183105,0.10155528783798218,386.70001220703125,1.8730000257492065,1.0700000524520874,2640.199951171875,513.28125,2.067187547683716,1.0708731412887573,2720.0
2026-09-14T15:56:00.000+08:00,172.15171813964844,12.820728302001953,9.8125,10.60688591003418,0.09918084740638733,386.70001220703125,1.878999948501587,1.0720000267028809,2640.199951171875,513.28125,2.067187547683716,1.075852632522583,2720.0
2026-09-14T15:57:00.000+08:00,172.99185180664062,12.761405944824219,9.784912109375,10.889238357543945,0.09697648137807846,386.5,1.8890000581741333,1.0740000009536743,2640.199951171875,513.28125,2.067187547683716,1.0790826082229614,2720.0
2026-09-14T15:58:00.000+08:00,171.84535217285156,12.879104614257812,9.8056640625,10.872777938842773,0.09785907715559006,386.70001220703125,1.8630000352859497,1.059000015258789,2640.199951171875,513.28125,2.0289063453674316,1.0610486268997192,2720.0
2026-09-14T15:59:00.000+08:00,174.61489868164062,12.839557647705078,9.7431640625,10.8992338180542,0.09734629094600677,387.0,1.8680000305175781,1.062999963760376,2640.199951171875,513.28125,2.067187547683716,1.067643165588379,2720.0
2026-09-14T16:00:00.000+08:00,171.5894775390625,12.906181335449219,9.8056640625,10.073324203491211,0.10711459070444107,386.8999938964844,1.8569999933242798,1.0579999685287476,2640.199951171875,513.28125,2.0289063453674316,1.0590298175811768,2720.0
2026-09-14T16:01:00.000+08:00,170.53602600097656,12.89187240600586,9.757080078125,10.173857688903809,0.10389372706413269,386.29998779296875,1.8600000143051147,1.0579999685287476,2640.300048828125,513.28125,2.0289063453674316,1.058895230293274,2720.0
2026-09-14T16:02:00.000+08:00,171.00083923339844,12.857532501220703,9.861328125,10.799750328063965,0.0980578288435936,386.79998779296875,1.8639999628067017,1.0609999895095825,2640.300048828125,513.28125,2.0289063453674316,1.0610486268997192,2720.0
2026-09-14T16:03:00.000+08:00,173.6771240234375,12.864063262939453,9.791748046875,10.243388175964355,0.10348138213157654,386.6000061035156,1.8760000467300415,1.0700000524520874,2640.300048828125,513.28125,2.067187547683716,1.0716805458068848,2720.0
2026-09-14T16:04:00.000+08:00,171.9547882080078,12.77279281616211,9.6875,10.220337867736816,0.10400830209255219,386.3999938964844,1.8589999675750732,1.0570000410079956,2640.300048828125,513.28125,2.0289063453674316,1.0606448650360107,2720.0
2026-09-14T16:05:00.000+08:00,173.04356384277344,12.775253295898438,9.861328125,9.982213973999023,0.10628905147314072,386.79998779296875,1.878000020980835,1.0720000267028809,2640.300048828125,513.28125,2.067187547683716,1.0708731412887573,2720.0
2026-09-14T16:06:00.000+08:00,173.6995391845703,12.785907745361328,9.819580078125,10.234495162963867,0.10376672446727753,386.70001220703125,1.8639999628067017,1.0609999895095825,2640.39990234375,513.28125,2.067187547683716,1.0626635551452637,2720.0
2026-09-14T16:07:00.000+08:00,173.5380401611328,12.76806640625,9.6533203125,10.270308494567871,0.10321014374494553,387.0,1.8619999885559082,1.059999942779541,2640.39990234375,513.28125,2.0289063453674316,1.0619906187057495,2720.0
2026-09-14T16:08:00.000+08:00,173.39068603515625,12.7149658203125,9.673583984375,10.322218894958496,0.10298173874616623,386.79998779296875,1.8619999885559082,1.0570000410079956,2640.39990234375,513.28125,2.0289063453674316,1.0598373413085938,2720.0
2026-09-14T16:09:00.000+08:00,173.7563934326172,12.711380004882812,9.784912109375,10.112486839294434,0.10491979122161865,386.70001220703125,1.8669999837875366,1.0579999685287476,2640.39990234375,513.28125,2.0289063453674316,1.0630673170089722,2720.0
2026-09-14T16:10:00.000+08:00,171.7214813232422,12.640819549560547,9.8125,9.865500450134277,0.10714104771614075,386.79998779296875,1.8700000047683716,1.0609999895095825,2640.39990234375,513.28125,2.0289063453674316,1.0642786026000977,2720.0
2026-09-14T16:11:00.000+08:00,174.83226013183594,12.647331237792969,9.625,10.497821807861328,0.10240219533443451,386.8999938964844,1.8769999742507935,1.0609999895095825,2640.39990234375,513.28125,2.0289063453674316,1.0622597932815552,2720.0
2026-09-14T16:12:00.000+08:00,170.2563018798828,12.675178527832031,9.7294921875,10.448582649230957,0.10183198750019073,387.1000061035156,1.8680000305175781,1.0609999895095825,2640.5,513.28125,2.0289063453674316,1.0644131898880005,2720.0
2026-09-14T16:13:00.000+08:00,174.58045959472656,12.682792663574219,9.8408203125,10.466846466064453,0.10098552703857422,387.29998779296875,1.8890000581741333,1.0770000219345093,2640.5,513.28125,2.067187547683716,1.0792171955108643,2720.0
2026-09-14T16:14:00.000+08:00,174.35443115234375,12.685077667236328,9.7783203125,10.055615425109863,0.10551318526268005,387.20001220703125,1.8639999628067017,1.0579999685287476,2640.5,513.28125,2.0289063453674316,1.0619906187057495,2720.0
2026-09-14T16:15:00.000+08:00,172.87982177734375,12.652057647705078,9.701416015625,10.307010650634766,0.10332772880792618,387.1000061035156,1.8680000305175781,1.055999994277954,2640.5,513.28125,2.0289063453674316,1.0602411031723022,2720.0
2026-09-14T16:16:00.000+08:00,173.7214813232422,12.78482437133789,9.75,10.140763282775879,0.10531751811504364,387.0,1.8630000352859497,1.059000015258789,2640.5,513.28125,2.0289063453674316,1.0610486268997192,2720.0
2026-09-14T16:17:00.000+08:00,173.60919189453125,12.709518432617188,9.64599609375,10.373963356018066,0.10285364836454391,387.20001220703125,1.8760000467300415,1.062999963760376,2640.60009765625,513.28125,2.0289063453674316,1.0614523887634277,2720.0
2026-09-14T16:18:00.000+08:00,173.07437133789062,12.647666931152344,9.784912109375,10.712465286254883,0.09997698664665222,387.1000061035156,1.899999976158142,1.0789999961853027,2640.60009765625,513.28125,2.067187547683716,1.0788134336471558,2720.0
2026-09-14T16:19:00.000+08:00,176.96168518066406,12.776912689208984,9.76416015625,10.542988777160645,0.10025619715452194,387.1000061035156,1.8600000143051147,1.055999994277954,2640.60009765625,513.28125,2.0289063453674316,1.0602411031723022,2720.0
2026-09-14T16:20:00.000+08:00,174.16403198242188,12.781784057617188,9.78515625,10.52710247039795,0.10088246315717697,386.8999938964844,1.875,1.059000015258789,2640.60009765625,513.28125,2.0289063453674316,1.0646823644638062,2720.0
2026-09-14T16:21:00.000+08:00,175.63417053222656,12.80185317993164,9.77099609375,10.439332008361816,0.10374227166175842,387.29998779296875,1.871000051498413,1.062999963760376,2640.60009765625,513.28125,2.0289063453674316,1.0644131898880005,2720.0
2026-09-14T16:22:00.000+08:00,174.1727294921875,12.754875183105469,9.82666015625,10.593594551086426,0.10024925321340561,387.20001220703125,1.8700000047683716,1.059999942779541,2640.60009765625,513.28125,2.0289063453674316,1.063201904296875,2720.0
2026-09-14T16:23:00.000+08:00,174.86331176757812,12.772628784179688,9.6806640625,10.294303894042969,0.10326099395751953,387.20001220703125,1.8700000047683716,1.059999942779541,2640.699951171875,513.28125,2.0289063453674316,1.0626635551452637,2720.0
2026-09-14T16:24:00.000+08:00,176.26422119140625,12.894153594970703,9.722412109375,10.603962898254395,0.09996262937784195,387.0,1.875,1.059999942779541,2640.699951171875,513.28125,2.0289063453674316,1.0598373413085938,2720.0
2026-09-14T16:25:00.000+08:00,178.95314025878906,12.874378204345703,9.66015625,10.539097785949707,0.10029321908950806,387.29998779296875,1.871000051498413,1.062000036239624,2640.699951171875,513.28125,2.0289063453674316,1.0606448650360107,2720.0
2026-09-14T16:26:00.000+08:00,180.029541015625,12.88515853881836,9.66015625,11.2255859375,0.09460531175136566,386.79998779296875,1.8760000467300415,1.055999994277954,2640.699951171875,513.28125,2.0289063453674316,1.057684063911438,2720.0
2026-09-14T16:27:00.000+08:00,172.06483459472656,12.884441375732422,9.8408203125,11.017966270446777,0.09602498263120651,386.3999938964844,1.8589999675750732,1.0520000457763672,2640.699951171875,513.28125,2.0289063453674316,1.0555306673049927,2720.0
2026-09-14T16:28:00.000+08:00,171.09962463378906,12.971256256103516,9.701416015625,11.073851585388184,0.09563068300485611,387.0,1.871000051498413,1.065000057220459,2640.699951171875,513.28125,2.067187547683716,1.0672394037246704,2720.0
2026-09-14T16:29:00.000+08:00,172.73655700683594,12.940101623535156,9.736328125,11.090683937072754,0.09548554569482803,387.0,1.878999948501587,1.0720000267028809,2640.800048828125,513.28125,2.067187547683716,1.0734301805496216,2720.0
2026-09-14T16:30:00.000+08:00,173.52459716796875,12.995296478271484,9.701416015625,10.659651756286621,0.0999094620347023,387.1000061035156,1.8600000143051147,1.059000015258789,2640.800048828125,513.28125,2.0289063453674316,1.0614523887634277,2720.0
2026-09-14T16:31:00.000+08:00,176.87118530273438,12.93463134765625,9.854248046875,10.644091606140137,0.0991160124540329,387.0,1.86899995803833,1.0670000314712524,2640.800048828125,513.28125,2.0289063453674316,1.0680469274520874,2720.0
2026-09-14T16:32:00.000+08:00,173.5334930419922,12.934009552001953,9.861328125,10.774874687194824,0.09837701171636581,386.8999938964844,1.8669999837875366,1.065000057220459,2640.800048828125,513.28125,2.067187547683716,1.0692580938339233,2720.0
2026-09-14T16:33:00.000+08:00,177.2682342529297,12.824806213378906,9.798828125,11.215123176574707,0.0942477360367775,386.8999938964844,1.8639999628067017,1.0529999732971191,2640.800048828125,513.28125,2.0289063453674316,1.0580878257751465,2720.0
2026-09-14T16:34:00.000+08:00,173.377197265625,12.917987823486328,9.673828125,10.888692855834961,0.09734869003295898,386.8999938964844,1.8569999933242798,1.055999994277954,2640.89990234375,513.28125,2.0289063453674316,1.0592989921569824,2720.0
2026-09-14T16:35:00.000+08:00,176.11721801757812,12.96746826171875,9.7919921875,11.015093803405762,0.0961408019065857,386.8999938964844,1.8569999933242798,1.0579999685287476,2640.89990234375,513.28125,2.0289063453674316,1.0606448650360107,2720.0
2026-09-14T16:36:00.000+08:00,179.03143310546875,12.902229309082031,9.75,10.501348495483398,0.10189167410135269,386.70001220703125,1.847000002861023,1.0520000457763672,2640.89990234375,513.28125,2.0289063453674316,1.0539157390594482,2720.0
2026-09-14T16:37:00.000+08:00,177.6327667236328,12.951484680175781,9.694580078125,11.504216194152832,0.09161858260631561,386.8999938964844,1.8539999723434448,1.0570000410079956,2640.89990234375,513.28125,2.0289063453674316,1.0580878257751465,2720.0
2026-09-14T16:38:00.000+08:00,175.8291473388672,12.931709289550781,9.625,11.455930709838867,0.09244120121002197,386.8999938964844,1.8739999532699585,1.0709999799728394,2640.89990234375,513.28125,2.067187547683716,1.0728918313980103,2720.0
2026-09-14T16:39:00.000+08:00,174.04241943359375,12.885032653808594,9.722412109375,10.794183731079102,0.09912745654582977,386.6000061035156,1.8730000257492065,1.069000005722046,2640.89990234375,513.28125,2.067187547683716,1.0712769031524658,2720.0
2026-09-14T16:40:00.000+08:00,176.2821502685547,12.921226501464844,9.6875,11.219476699829102,0.0938546434044838,386.8999938964844,1.8509999513626099,1.0529999732971191,2641.0,513.28125,2.0289063453674316,1.056069016456604,2720.0
2026-09-14T16:41:00.000+08:00,177.0501708984375,nan,nan,11.196449279785156,0.09520875662565231,nan,nan,nan,nan,nan,nan,nan,nan
2026-09-14T16:42:00.000+08:00,178.9209747314453,12.893013000488281,9.6529541015625,11.339850425720215,0.09453387558460236,386.9499969482422,1.8569999933242798,1.0630000233650208,2641.0,513.28125,2.0480469465255737,1.0644804239273071,2720.0
2026-09-14T16:43:00.000+08:00,177.06588745117188,12.973407745361328,9.819580078125,10.901799201965332,0.09695647656917572,386.5,1.8519999980926514,1.0570000410079956,2641.0,513.28125,2.0289063453674316,1.059702754020691,2720.0
2026-09-14T16:44:00.000+08:00,178.55972290039062,12.96533203125,9.77099609375,11.51060962677002,0.09182832390069962,386.8999938964844,1.8539999723434448,1.059000015258789,2641.0,513.28125,2.0289063453674316,1.0634710788726807,2720.0
2026-09-14T16:45:00.000+08:00,176.2498016357422,12.972286224365234,9.625,10.972841262817383,0.09778688848018646,387.70001220703125,1.8650000095367432,1.0640000104904175,2641.0,513.28125,2.0289063453674316,1.0653551816940308,2721.0
2026-09-14T16:46:00.000+08:00,178.67250061035156,13.057319641113281,9.673828125,11.558003425598145,0.09162482619285583,387.0,1.8760000467300415,1.062999963760376,2641.10009765625,513.28125,2.067187547683716,1.066028118133545,2721.0
2026-09-14T16:47:00.000+08:00,177.6090087890625,12.843799591064453,9.486328125,11.028518676757812,0.09720253944396973,387.1000061035156,1.878000020980835,1.0740000009536743,2641.10009765625,513.28125,2.067187547683716,1.0770639181137085,2721.0
2026-09-14T16:48:00.000+08:00,175.48068237304688,12.734886169433594,9.451416015625,11.032514572143555,0.0962609201669693,387.1000061035156,1.8839999437332153,1.0720000267028809,2641.10009765625,513.28125,2.067187547683716,1.0714114904403687,2721.0
2026-09-14T16:49:00.000+08:00,176.9215087890625,12.781383514404297,9.4306640625,11.559709548950195,0.09187082201242447,387.20001220703125,1.8660000562667847,1.0570000410079956,2641.10009765625,513.28125,2.0289063453674316,1.0602411031723022,2721.0
2026-09-14T16:50:00.000+08:00,173.21282958984375,12.731704711914062,9.513916015625,11.523285865783691,0.09198764711618423,387.20001220703125,1.8609999418258667,1.059000015258789,2641.10009765625,513.28125,2.0289063453674316,1.063201904296875,2721.0
2026-09-14T16:51:00.000+08:00,175.97496032714844,12.716178894042969,9.513916015625,11.484077453613281,0.09360786527395248,387.3999938964844,1.8730000257492065,1.062999963760376,2641.199951171875,513.28125,2.0289063453674316,1.0644131898880005,2721.0
2026-09-14T16:52:00.000+08:00,175.693115234375,12.714160919189453,9.361328125,11.2161226272583,0.09459596872329712,387.5,1.8730000257492065,1.062999963760376,2641.199951171875,513.28125,2.0289063453674316,1.0673739910125732,2721.0
2026-09-14T16:53:00.000+08:00,174.98141479492188,12.69515609741211,9.409912109375,11.2597017288208,0.09476272016763687,387.79998779296875,1.8899999856948853,1.0800000429153442,2641.199951171875,513.28125,2.067187547683716,1.0777368545532227,2721.0
2026-09-14T16:54:00.000+08:00,176.59188842773438,12.737796783447266,9.4033203125,11.356369018554688,0.09360386431217194,387.70001220703125,1.871000051498413,1.065000057220459,2641.199951171875,513.28125,2.067187547683716,1.0702002048492432,2721.0
2026-09-14T16:55:00.000+08:00,176.0931854248047,12.770774841308594,9.53515625,11.403773307800293,0.09347783029079437,387.6000061035156,1.88100004196167,1.0700000524520874,2641.199951171875,513.28125,2.067187547683716,1.072218894958496,2721.0
2026-09-14T16:56:00.000+08:00,174.1352996826172,12.789478302001953,9.45849609375,11.507315635681152,0.09420094639062881,387.79998779296875,1.8669999837875366,1.062999963760376,2641.199951171875,513.28125,2.0289063453674316,1.0641440153121948,2721.0
2026-09-14T16:57:00.000+08:00,173.69126892089844,12.706642150878906,9.4375,11.044706344604492,0.09633573889732361,387.8999938964844,1.878000020980835,1.0700000524520874,2641.300048828125,516.796875,2.067187547683716,1.0719497203826904,2721.0
2026-09-14T16:58:00.000+08:00,174.34814453125,12.69552993774414,9.5556640625,11.575735092163086,0.09157085418701172,388.1000061035156,1.8890000581741333,1.0750000476837158,2641.300048828125,516.796875,2.10546875,1.0889071226119995,2721.0
2026-09-14T16:59:00.000+08:00,175.69334411621094,12.649539947509766,9.4931640625,11.937788963317871,0.08912873268127441,388.3999938964844,1.8669999837875366,1.0640000104904175,2641.300048828125,516.796875,2.067187547683716,1.0720843076705933,2721.0
2026-09-14T17:00:00.000+08:00,173.62596130371094,12.66843032836914,9.451416015625,11.26613998413086,0.09515237808227539,388.5,1.878999948501587,1.0729999542236328,2641.300048828125,516.796875,2.067187547683716,1.075045108795166,2721.0
2026-09-14T17:01:00.000+08:00,173.12875366210938,12.658710479736328,9.354248046875,11.146147727966309,0.09689445793628693,388.5,1.8669999837875366,1.0640000104904175,2641.300048828125,516.796875,2.0289063453674316,1.0688543319702148,2721.0
2026-09-14T17:02:00.000+08:00,176.78851318359375,12.60574722290039,9.382080078125,11.268028259277344,0.09504768997430801,388.5,1.8739999532699585,1.0709999799728394,2641.300048828125,516.796875,2.067187547683716,1.085677146911621,2721.0
2026-09-14T17:03:00.000+08:00,176.68545532226562,12.565345764160156,9.4033203125,10.852860450744629,0.09813081473112106,388.3999938964844,1.871000051498413,1.0729999542236328,2641.39990234375,516.796875,2.067187547683716,1.0762563943862915,2721.0
2026-09-14T17:04:00.000+08:00,179.15283203125,12.61627197265625,9.361328125,11.600858688354492,0.09240695089101791,388.3999938964844,1.86899995803833,1.0740000009536743,2641.39990234375,516.796875,2.067187547683716,1.0762563943862915,2721.0
2026-09-14T17:05:00.000+08:00,179.4773712158203,12.594657897949219,9.4375,11.837334632873535,0.09039197117090225,388.3999938964844,1.8589999675750732,1.069000005722046,2641.39990234375,516.796875,2.067187547683716,1.0712769031524658,2721.0
2026-09-14T17:06:00.000+08:00,180.17428588867188,12.486434936523438,9.361083984375,11.495787620544434,0.0943823978304863,388.3999938964844,1.8660000562667847,1.0709999799728394,2641.39990234375,516.796875,2.067187547683716,1.0724880695343018,2721.0
2026-09-14T17:07:00.000+08:00,180.2625274658203,12.549320220947266,9.298828125,11.162575721740723,0.09585601091384888,388.29998779296875,1.8530000448226929,1.0670000314712524,2641.39990234375,516.796875,2.0289063453674316,1.0671048164367676,2721.0
2026-09-14T17:08:00.000+08:00,184.35792541503906,12.596210479736328,9.34765625,11.200915336608887,0.09508151561021805,388.1000061035156,1.8589999675750732,1.065000057220459,2641.5,516.796875,2.067187547683716,1.068719744682312,2721.0
2026-09-14T17:09:00.000+08:00,179.5679931640625,12.536296844482422,9.53515625,11.29205322265625,0.0952882468700409,388.0,1.8819999694824219,1.0859999656677246,2641.5,516.796875,2.067187547683716,1.088503360748291,2721.0
2026-09-14T17:10:00.000+08:00,178.33543395996094,12.644710540771484,9.486328125,11.274556159973145,0.0947265699505806,388.1000061035156,1.86899995803833,1.0709999799728394,2641.5,516.796875,2.067187547683716,1.0728918313980103,2721.0
2026-09-14T17:11:00.000+08:00,181.02926635742188,12.699779510498047,9.5419921875,11.224647521972656,0.09496957063674927,387.79998779296875,1.8609999418258667,1.0670000314712524,2641.5,516.796875,2.067187547683716,1.069527268409729,2721.0
2026-09-14T17:12:00.000+08:00,176.18795776367188,12.733375549316406,9.569580078125,11.067112922668457,0.09767678380012512,388.20001220703125,1.8760000467300415,1.069000005722046,2641.5,516.796875,2.067187547683716,1.0708731412887573,2721.0
2026-09-14T17:13:00.000+08:00,174.107177734375,12.742027282714844,9.395751953125,10.763108253479004,0.09978530555963516,388.1000061035156,1.8819999694824219,1.0729999542236328,2641.5,516.796875,2.067187547683716,1.0753142833709717,2721.0
2026-09-14T17:14:00.000+08:00,176.19952392578125,12.741580963134766,9.569580078125,10.899468421936035,0.09771118313074112,388.0,1.875,1.0670000314712524,2641.60009765625,516.796875,2.067187547683716,1.070334792137146,2721.0
2026-09-14T17:15:00.000+08:00,177.2315216064453,12.708457946777344,9.5908203125,11.265063285827637,0.0945400819182396,388.0,1.8680000305175781,1.0700000524520874,2641.60009765625,516.796875,2.067187547683716,1.071142315864563,2721.0
2026-09-14T17:16:00.000+08:00,174.62591552734375,12.654640197753906,9.6806640625,11.00782585144043,0.0972035676240921,388.0,1.8660000562667847,1.0720000267028809,2641.60009765625,516.796875,2.067187547683716,1.0699310302734375,2721.0
2026-09-14T17:17:00.000+08:00,178.20460510253906,12.683773040771484,9.47265625,11.250314712524414,0.09493067860603333,387.8999938964844,1.8650000095367432,1.0700000524520874,2641.60009765625,516.796875,2.067187547683716,1.0707385540008545,2721.0
2026-09-14T17:18:00.000+08:00,180.9015350341797,12.567638397216797,9.6181640625,11.583293914794922,0.09194276481866837,388.1000061035156,1.8899999856948853,1.0829999446868896,2641.60009765625,516.796875,2.067187547683716,1.0847351551055908,2721.0
2026-09-14T17:19:00.000+08:00,177.08677673339844,12.656299591064453,9.4931640625,10.450438499450684,0.10248373448848724,388.0,1.8650000095367432,1.0670000314712524,2641.699951171875,516.796875,2.067187547683716,1.0699310302734375,2721.0
2026-09-14T17:20:00.000+08:00,179.83209228515625,12.674118041992188,9.645751953125,11.122676849365234,0.09593014419078827,388.29998779296875,1.8669999837875366,1.065999984741211,2641.699951171875,516.796875,2.0289063453674316,1.0683159828186035,2721.0
2026-09-14T17:21:00.000+08:00,180.8801727294922,12.647018432617188,9.659912109375,11.081291198730469,0.09764204919338226,387.70001220703125,1.86899995803833,1.062999963760376,2641.699951171875,513.28125,2.0289063453674316,1.064816951751709,2721.0
2026-09-14T17:22:00.000+08:00,180.40821838378906,12.641521453857422,9.51416015625,11.06216812133789,0.0965452715754509,387.70001220703125,1.8680000305175781,1.062000036239624,2641.699951171875,513.28125,2.0289063453674316,1.064816951751709,2721.0
2026-09-14T17:23:00.000+08:00,180.94131469726562,12.664955139160156,9.5,10.833059310913086,0.0990486592054367,387.5,1.875,1.0640000104904175,2641.699951171875,513.28125,2.0289063453674316,1.0661627054214478,2721.0
2026-09-14T17:24:00.000+08:00,183.9817352294922,12.62984848022461,9.57666015625,11.568941116333008,0.09197039157152176,387.6000061035156,1.8700000047683716,1.059999942779541,2641.699951171875,513.28125,2.0289063453674316,1.0627981424331665,2721.0
2026-09-14T17:25:00.000+08:00,179.92747497558594,12.584228515625,9.6806640625,11.151659965515137,0.09541180729866028,388.0,1.871999979019165,1.0679999589920044,2641.800048828125,516.796875,2.067187547683716,1.0707385540008545,2721.0
2026-09-14T17:26:00.000+08:00,176.07530212402344,12.686405181884766,9.59765625,10.855921745300293,0.09745832532644272,387.70001220703125,1.871000051498413,1.062000036239624,2641.800048828125,513.28125,2.0289063453674316,1.0653551816940308,2721.0
2026-09-14T17:27:00.000+08:00,183.0012664794922,12.626956939697266,9.6181640625,11.772439002990723,0.09038059413433075,387.70001220703125,1.8739999532699585,1.069000005722046,2641.800048828125,513.28125,2.067187547683716,1.0702002048492432,2721.0
2026-09-14T17:28:00.000+08:00,179.653076171875,12.569896697998047,9.625,10.260720252990723,0.10359896719455719,388.0,1.8700000047683716,1.065000057220459,2641.800048828125,516.796875,2.067187547683716,1.0699310302734375,2721.0
2026-09-14T17:29:00.000+08:00,177.25497436523438,12.715629577636719,9.78515625,10.472721099853516,0.10150180011987686,388.0,1.871999979019165,1.065999984741211,2641.800048828125,516.796875,2.0289063453674316,1.0657589435577393,2721.0
2026-09-14T17:30:00.000+08:00,180.7855987548828,12.575138092041016,9.923828125,10.475591659545898,0.1017603650689125,387.8999938964844,1.8890000581741333,1.0770000219345093,2641.800048828125,513.28125,2.067187547683716,1.080159306526184,2721.0
2026-09-14T17:31:00.000+08:00,180.30838012695312,12.589122772216797,9.75,9.918085098266602,0.10727877169847488,387.79998779296875,1.875,1.065000057220459,2641.89990234375,513.28125,2.067187547683716,1.0677777528762817,2721.0
2026-09-14T17:32:00.000+08:00,178.45327758789062,12.684318542480469,9.8544921875,10.529891967773438,0.1009507030248642,387.6000061035156,1.86899995803833,1.065000057220459,2641.89990234375,513.28125,2.067187547683716,1.0673739910125732,2721.0
2026-09-14T17:33:00.000+08:00,184.25677490234375,12.603263854980469,9.83349609375,10.186481475830078,0.10464849323034286,387.70001220703125,1.8769999742507935,1.0709999799728394,2641.89990234375,513.28125,2.067187547683716,1.07477605342865,2721.0
2026-09-14T17:34:00.000+08:00,179.582275390625,12.591106414794922,9.84765625,9.91235637664795,0.10723988711833954,387.6000061035156,1.8660000562667847,1.065000057220459,2641.89990234375,513.28125,2.067187547683716,1.0697964429855347,2721.0
2026-09-14T17:35:00.000+08:00,182.0615234375,12.571331024169922,9.819580078125,10.089812278747559,0.10525467991828918,387.3999938964844,1.8830000162124634,1.0740000009536743,2641.89990234375,513.28125,2.067187547683716,1.073026418685913,2721.0
2026-09-14T17:36:00.000+08:00,182.59292602539062,12.499065399169922,9.659912109375,10.132585525512695,0.1055012047290802,387.6000061035156,1.878000020980835,1.0640000104904175,2642.0,513.28125,2.067187547683716,1.0661627054214478,2721.0
2026-09-14T17:37:00.000+08:00,178.9573211669922,12.44112777709961,9.632080078125,9.88547420501709,0.10793615132570267,387.70001220703125,1.8849999904632568,1.0670000314712524,2642.0,513.28125,2.067187547683716,1.0689889192581177,2721.0
2026-09-14T17:38:00.000+08:00,179.57098388671875,12.412544250488281,9.673583984375,9.787073135375977,0.10840830206871033,387.0,1.875,1.0540000200271606,2642.0,513.28125,2.0289063453674316,1.0646823644638062,2721.0
2026-09-14T17:39:00.000+08:00,183.77500915527344,12.389884948730469,9.7431640625,9.964417457580566,0.10698065906763077,387.5,1.8700000047683716,1.0700000524520874,2642.0,513.28125,2.067187547683716,1.0685851573944092,2721.0
2026-09-14T17:40:00.000+08:00,186.41482543945312,nan,nan,10.700428009033203,0.09980909526348114,nan,nan,nan,nan,nan,nan,nan,nan
2026-09-14T17:41:00.000+08:00,187.3767852783203,12.388532638549805,9.7222900390625,10.178853988647461,0.10443218797445297,387.3999938964844,1.865500032901764,1.0665000081062317,2642.0,513.28125,2.067187547683716,1.067306637763977,2721.5
2026-09-14T17:42:00.000+08:00,184.9309844970703,12.385509490966797,9.798828125,9.810741424560547,0.10855448246002197,387.79998779296875,1.8660000562667847,1.065000057220459,2642.10009765625,516.796875,2.067187547683716,1.0683159828186035,2722.0
2026-09-14T17:43:00.000+08:00,183.72349548339844,12.45315933227539,9.77099609375,10.161436080932617,0.10520166903734207,387.5,1.8700000047683716,1.065999984741211,2642.10009765625,513.28125,2.0289063453674316,1.064816951751709,2722.0
2026-09-14T17:44:00.000+08:00,182.7232666015625,12.38958740234375,9.72265625,9.555057525634766,0.11177326738834381,387.70001220703125,1.8660000562667847,1.0640000104904175,2642.10009765625,513.28125,2.0289063453674316,1.0665664672851562,2722.0
2026-09-14T17:45:00.000+08:00,180.71934509277344,12.475208282470703,9.736328125,9.932839393615723,0.10772348195314407,387.29998779296875,1.8660000562667847,1.065000057220459,2642.10009765625,513.28125,2.067187547683716,1.0673739910125732,2722.0
2026-09-14T17:46:00.000+08:00,182.0179901123047,12.409015655517578,9.59765625,9.345789909362793,0.11481104791164398,387.70001220703125,1.878999948501587,1.0670000314712524,2642.10009765625,513.28125,2.0289063453674316,1.0657589435577393,2722.0
2026-09-14T17:47:00.000+08:00,188.1612091064453,12.420585632324219,9.6181640625,9.914716720581055,0.1074160784482956,387.5,1.86899995803833,1.059999942779541,2642.10009765625,513.28125,2.0289063453674316,1.061183214187622,2722.0
2026-09-14T17:48:00.000+08:00,187.46542358398438,12.483726501464844,9.77099609375,10.18694019317627,0.10474194586277008,387.6000061035156,1.86899995803833,1.0670000314712524,2642.199951171875,513.28125,2.067187547683716,1.0702002048492432,2722.0
2026-09-14T17:49:00.000+08:00,188.3505096435547,12.381519317626953,9.632080078125,10.506875038146973,0.1015525534749031,387.29998779296875,1.8660000562667847,1.062999963760376,2642.199951171875,513.28125,2.0289063453674316,1.0656243562698364,2722.0
2026-09-14T17:50:00.000+08:00,187.63345336914062,12.425418853759766,9.5625,9.749834060668945,0.10882236808538437,387.5,1.875,1.0709999799728394,2642.199951171875,513.28125,2.067187547683716,1.0871576070785522,2722.0
2026-09-14T17:51:00.000+08:00,185.68728637695312,12.379402160644531,9.8056640625,9.608399391174316,0.1104242205619812,387.29998779296875,1.878000020980835,1.0750000476837158,2642.199951171875,513.28125,2.067187547683716,1.0726226568222046,2722.0
2026-09-14T17:52:00.000+08:00,187.09776306152344,12.405540466308594,9.6533203125,9.681384086608887,0.11000493168830872,387.6000061035156,1.8660000562667847,1.065000057220459,2642.199951171875,513.28125,2.0289063453674316,1.0673739910125732,2722.0
2026-09-14T17:53:00.000+08:00,182.2021026611328,12.4561767578125,9.6806640625,9.513710975646973,0.11183859407901764,387.3999938964844,1.8680000305175781,1.065999984741211,2642.300048828125,513.28125,2.067187547683716,1.0661627054214478,2722.0
2026-09-14T17:54:00.000+08:00,189.97181701660156,12.54288101196289,9.72265625,10.232128143310547,0.10388845205307007,387.70001220703125,1.8700000047683716,1.065999984741211,2642.300048828125,516.796875,2.0289063453674316,1.0669702291488647,2722.0
2026-09-14T17:55:00.000+08:00,181.486083984375,12.436698913574219,9.611328125,9.411776542663574,0.11379361152648926,387.3999938964844,1.8589999675750732,1.059000015258789,2642.300048828125,513.28125,2.0289063453674316,1.063201904296875,2722.0
2026-09-14T17:56:00.000+08:00,187.25169372558594,12.488578796386719,9.722412109375,10.100571632385254,0.10583559423685074,387.8999938964844,1.871000051498413,1.0700000524520874,2642.300048828125,516.796875,2.067187547683716,1.069527268409729,2722.0
2026-09-14T17:57:00.000+08:00,183.07008361816406,12.374378204345703,9.673828125,10.046759605407715,0.10640247166156769,387.3999938964844,1.8739999532699585,1.0670000314712524,2642.300048828125,513.28125,2.067187547683716,1.0706039667129517,2722.0
2026-09-14T17:58:00.000+08:00,186.45242309570312,12.336067199707031,9.7919921875,10.185809135437012,0.10445905476808548,387.5,1.8680000305175781,1.0640000104904175,2642.300048828125,513.28125,2.067187547683716,1.066835641860962,2722.0
2026-09-14T17:59:00.000+08:00,183.01449584960938,12.336380004882812,9.7919921875,9.554356575012207,0.11167680472135544,387.3999938964844,1.8760000467300415,1.062000036239624,2642.39990234375,513.28125,2.067187547683716,1.0792171955108643,2722.0
2026-09-14T18:00:00.000+08:00,185.4104461669922,12.479480743408203,9.7431640625,9.924097061157227,0.10701225697994232,387.6000061035156,1.8660000562667847,1.062999963760376,2642.39990234375,513.28125,2.067187547683716,1.0685851573944092,2722.0
2026-09-14T18:01:00.000+08:00,184.50389099121094,12.430641174316406,9.798828125,9.85431957244873,0.10777000337839127,387.5,1.8669999837875366,1.062000036239624,2642.39990234375,513.28125,2.0289063453674316,1.064816951751709,2722.0
2026-09-14T18:02:00.000+08:00,185.20570373535156,12.275096893310547,9.66015625,9.74974536895752,0.10923361778259277,387.70001220703125,1.8680000305175781,1.065999984741211,2642.39990234375,513.28125,2.067187547683716,1.0689889192581177,2722.0
2026-09-14T18:03:00.000+08:00,186.96240234375,12.255725860595703,9.569580078125,10.52079963684082,0.1005626991391182,387.70001220703125,1.878999948501587,1.0670000314712524,2642.39990234375,513.28125,2.067187547683716,1.0710077285766602,2722.0
2026-09-14T18:04:00.000+08:00,193.46002197265625,12.294071197509766,9.7294921875,9.656891822814941,0.11028393357992172,387.8999938964844,1.8680000305175781,1.065000057220459,2642.5,513.28125,2.067187547683716,1.0689889192581177,2722.0
2026-09-14T18:05:00.000+08:00,194.02554321289062,12.211803436279297,9.7294921875,10.74242877960205,0.09979121387004852,387.6000061035156,1.871999979019165,1.062999963760376,2642.5,513.28125,2.0289063453674316,1.064816951751709,2722.0
2026-09-14T18:06:00.000+08:00,191.71908569335938,12.254528045654297,9.673583984375,9.732975959777832,0.11116846650838852,387.6000061035156,1.8760000467300415,1.0640000104904175,2642.5,513.28125,2.067187547683716,1.0656243562698364,2722.0
2026-09-14T18:07:00.000+08:00,197.21334838867188,12.198562622070312,9.625,10.053054809570312,0.10613688826560974,387.6000061035156,1.871000051498413,1.0640000104904175,2642.5,513.28125,2.0289063453674316,1.0661627054214478,2722.0
2026-09-14T18:08:00.000+08:00,190.1842498779297,12.30307388305664,9.66015625,9.924094200134277,0.10691152513027191,387.3999938964844,1.8760000467300415,1.065999984741211,2642.5,513.28125,2.067187547683716,1.0664318799972534,2722.0
2026-09-14T18:09:00.000+08:00,190.5010223388672,12.193920135498047,9.534912109375,9.956758499145508,0.10656078904867172,387.5,1.8700000047683716,1.062999963760376,2642.5,513.28125,2.0289063453674316,1.0656243562698364,2722.0
2026-09-14T18:10:00.000+08:00,191.1881103515625,12.299057006835938,9.5,9.86557388305664,0.10784978419542313,387.29998779296875,1.8600000143051147,1.059999942779541,2642.60009765625,513.28125,2.0289063453674316,1.064009428024292,2722.0
2026-09-14T18:11:00.000+08:00,191.7359161376953,12.20694351196289,9.6875,9.585777282714844,0.11047617346048355,387.3999938964844,1.8769999742507935,1.062999963760376,2642.60009765625,513.28125,2.067187547683716,1.0664318799972534,2722.0
2026-09-14T18:12:00.000+08:00,190.33929443359375,12.190834045410156,9.729248046875,10.502204895019531,0.10112161934375763,387.6000061035156,1.8650000095367432,1.062999963760376,2642.60009765625,513.28125,2.0289063453674316,1.0673739910125732,2722.0
2026-09-14T18:13:00.000+08:00,190.84889221191406,12.305038452148438,9.7431640625,10.086788177490234,0.10479054600000381,387.3999938964844,1.8700000047683716,1.062999963760376,2642.60009765625,513.28125,2.0289063453674316,1.0656243562698364,2722.0
2026-09-14T18:14:00.000+08:00,194.93588256835938,12.142589569091797,9.6181640625,10.493376731872559,0.10111139714717865,387.1000061035156,1.8700000047683716,1.059000015258789,2642.60009765625,513.28125,2.0289063453674316,1.0626635551452637,2722.0
2026-09-14T18:15:00.000+08:00,195.67263793945312,12.123424530029297,9.548828125,9.852214813232422,0.10840202867984772,387.3999938964844,1.8609999418258667,1.0640000104904175,2642.60009765625,513.28125,2.067187547683716,1.066835641860962,2722.0
2026-09-14T18:16:00.000+08:00,197.46739196777344,12.13180923461914,9.645751953125,9.930773735046387,0.10673891007900238,387.3999938964844,1.8559999465942383,1.0640000104904175,2642.699951171875,513.28125,2.0289063453674316,1.0661627054214478,2722.0
2026-09-14T18:17:00.000+08:00,197.2286834716797,12.147258758544922,9.548828125,10.460607528686523,0.10142814368009567,386.79998779296875,1.8609999418258667,1.0570000410079956,2642.699951171875,513.28125,2.0289063453674316,1.0606448650360107,2722.0
2026-09-14T18:18:00.000+08:00,199.51123046875,12.178108215332031,9.4931640625,9.464038848876953,0.11189725995063782,387.5,1.8569999933242798,1.0640000104904175,2642.699951171875,513.28125,2.0289063453674316,1.0661627054214478,2722.0
2026-09-14T18:19:00.000+08:00,197.52392578125,12.184730529785156,9.548583984375,10.340188980102539,0.10338301956653595,387.5,1.8639999628067017,1.0640000104904175,2642.699951171875,513.28125,2.067187547683716,1.0661627054214478,2722.0
2026-09-14T18:20:00.000+08:00,203.44229125976562,12.174942016601562,9.548828125,10.44880199432373,0.10173415392637253,387.6000061035156,1.8660000562667847,1.0679999589920044,2642.699951171875,513.28125,2.0289063453674316,1.064816951751709,2722.0
2026-09-14T18:21:00.000+08:00,198.2813720703125,11.964195251464844,9.59765625,10.098628044128418,0.10526181757450104,387.3999938964844,1.8919999599456787,1.0789999961853027,2642.800048828125,513.28125,2.067187547683716,1.0825817584991455,2722.0
2026-09-14T18:22:00.000+08:00,204.23207092285156,12.101112365722656,9.7294921875,10.373213768005371,0.10247547924518585,386.8999938964844,1.8639999628067017,1.0579999685287476,2642.800048828125,513.28125,2.067187547683716,1.066028118133545,2722.0
2026-09-14T18:23:00.000+08:00,200.64114379882812,12.144153594970703,9.7158203125,10.441610336303711,0.10189998894929886,387.3999938964844,1.8839999437332153,1.069000005722046,2642.800048828125,513.28125,2.067187547683716,1.0710077285766602,2722.0
2026-09-14T18:24:00.000+08:00,204.00274658203125,12.065353393554688,9.569580078125,9.909834861755371,0.10958810150623322,387.3999938964844,1.8459999561309814,1.0579999685287476,2642.800048828125,513.28125,2.0289063453674316,1.0586260557174683,2722.0
2026-09-14T18:25:00.000+08:00,205.6441650390625,12.011703491210938,9.34765625,9.779149055480957,0.10900744050741196,387.5,1.8669999837875366,1.069000005722046,2642.800048828125,513.28125,2.067187547683716,1.072218894958496,2722.0
2026-09-14T18:26:00.000+08:00,205.74461364746094,11.961566925048828,9.4306640625,9.944010734558105,0.10699908435344696,387.29998779296875,1.8639999628067017,1.0679999589920044,2642.800048828125,513.28125,2.067187547683716,1.0673739910125732,2722.0
2026-09-14T18:27:00.000+08:00,201.6810760498047,11.88507080078125,9.28515625,9.437827110290527,0.11263185739517212,387.29998779296875,1.8910000324249268,1.0839999914169312,2642.89990234375,513.28125,2.067187547683716,1.0841968059539795,2722.0
2026-09-14T18:28:00.000+08:00,206.0574951171875,11.932025909423828,9.20849609375,10.721519470214844,0.0997060239315033,387.3999938964844,1.8730000257492065,1.0740000009536743,2642.89990234375,513.28125,2.067187547683716,1.0759872198104858,2722.0
2026-09-14T18:29:00.000+08:00,200.4994659423828,11.826526641845703,9.284912109375,9.97683334350586,0.10654683411121368,387.3999938964844,1.8769999742507935,1.0729999542236328,2642.89990234375,513.28125,2.067187547683716,1.0759872198104858,2722.0
2026-09-14T18:30:00.000+08:00,199.81451416015625,11.851791381835938,9.423828125,10.476463317871094,0.10203825682401657,387.5,1.8569999933242798,1.0609999895095825,2642.89990234375,513.28125,2.0289063453674316,1.0627981424331665,2722.0
2026-09-14T18:31:00.000+08:00,195.8588409423828,11.860294342041016,9.41015625,9.54321002960205,0.11138809472322464,387.5,1.8650000095367432,1.065999984741211,2642.89990234375,513.28125,2.0289063453674316,1.0677777528762817,2722.0
2026-09-14T18:32:00.000+08:00,196.456298828125,11.875225067138672,9.4931640625,10.435551643371582,0.10234245657920837,387.8999938964844,1.8639999628067017,1.0670000314712524,2642.89990234375,516.796875,2.067187547683716,1.068719744682312,2722.0
2026-09-14T18:33:00.000+08:00,196.98545837402344,11.869251251220703,9.22265625,9.850790977478027,0.1080116331577301,387.5,1.8669999837875366,1.0609999895095825,2643.0,513.28125,2.0289063453674316,1.062394380569458,2722.0
2026-09-14T18:34:00.000+08:00,198.98654174804688,11.78533935546875,9.423583984375,9.920573234558105,0.10735267400741577,387.6000061035156,1.8869999647140503,1.0770000219345093,2643.0,513.28125,2.067187547683716,1.0797555446624756,2722.0
2026-09-14T18:35:00.000+08:00,200.35633850097656,11.809364318847656,9.416748046875,10.244388580322266,0.10444742441177368,387.5,1.871000051498413,1.062999963760376,2643.0,513.28125,2.0289063453674316,1.0661627054214478,2722.0
2026-09-14T18:36:00.000+08:00,201.9566192626953,11.800861358642578,9.423828125,10.721057891845703,0.10026995092630386,387.8999938964844,1.8769999742507935,1.0700000524520874,2643.0,516.796875,2.067187547683716,1.0757180452346802,2722.0
2026-09-14T18:37:00.000+08:00,201.12852478027344,11.808773040771484,9.423828125,10.290143013000488,0.10437172651290894,387.79998779296875,1.8739999532699585,1.0679999589920044,2643.0,516.796875,2.0289063453674316,1.0707385540008545,2723.0
2026-09-14T18:38:00.000+08:00,203.28024291992188,11.80279541015625,9.21533203125,9.869783401489258,0.10729718953371048,387.5,1.871000051498413,1.0570000410079956,2643.10009765625,513.28125,2.0289063453674316,1.062394380569458,2723.0
2026-09-14T18:39:00.000+08:00,203.75201416015625,nan,nan,10.477447509765625,0.10307853668928146,nan,nan,nan,nan,nan,nan,nan,nan
2026-09-14T18:40:00.000+08:00,203.525146484375,11.768665313720703,9.392578125,9.84622859954834,0.1081632450222969,387.5500030517578,1.8630000352859497,1.0649999976158142,2643.10009765625,513.28125,2.0480469465255737,1.0673066973686218,2723.0
2026-09-14T18:41:00.000+08:00,202.4738006591797,11.721294403076172,9.298828125,10.164896011352539,0.10457558929920197,387.6000061035156,1.8530000448226929,1.059000015258789,2643.10009765625,513.28125,2.0289063453674316,1.0636056661605835,2723.0
2026-09-14T18:42:00.000+08:00,201.35218811035156,11.65108871459961,9.333251953125,9.313836097717285,0.11402390897274017,387.8999938964844,1.8619999885559082,1.065999984741211,2643.10009765625,516.796875,2.067187547683716,1.0683159828186035,2723.0
2026-09-14T18:43:00.000+08:00,199.13951110839844,11.796432495117188,9.34765625,9.173306465148926,0.11773289740085602,387.70001220703125,1.8609999418258667,1.062999963760376,2643.10009765625,516.796875,2.0289063453674316,1.0657589435577393,2723.0
2026-09-14T18:44:00.000+08:00,202.7642822265625,11.72805404663086,9.28515625,9.924076080322266,0.10852395743131638,387.8999938964844,1.86899995803833,1.0679999589920044,2643.199951171875,516.796875,2.067187547683716,1.0699310302734375,2723.0
2026-09-14T18:45:00.000+08:00,202.8958282470703,11.785709381103516,9.534912109375,9.095685958862305,0.1173083633184433,388.1000061035156,1.8730000257492065,1.065999984741211,2643.199951171875,516.796875,2.067187547683716,1.0691235065460205,2723.0
2026-09-14T18:46:00.000+08:00,201.1608428955078,11.801933288574219,9.486328125,9.241084098815918,0.11481337249279022,388.1000061035156,1.8760000467300415,1.0640000104904175,2643.199951171875,516.796875,2.067187547683716,1.0691235065460205,2723.0
2026-09-14T18:47:00.000+08:00,205.86471557617188,11.777908325195312,9.4794921875,9.946465492248535,0.1066710576415062,388.1000061035156,1.9040000438690186,1.0850000381469727,2643.199951171875,516.796875,2.067187547683716,1.0876959562301636,2723.0
2026-09-14T18:48:00.000+08:00,205.1882781982422,11.690227508544922,9.298828125,9.238662719726562,0.11570938676595688,388.0,1.875,1.065000057220459,2643.199951171875,516.796875,2.0289063453674316,1.068719744682312,2723.0
2026-09-14T18:49:00.000+08:00,202.50238037109375,11.713958740234375,9.263916015625,9.280702590942383,0.11507749557495117,388.0,1.871999979019165,1.069000005722046,2643.300048828125,516.796875,2.067187547683716,1.070334792137146,2723.0
2026-09-14T18:50:00.000+08:00,200.011962890625,11.714454650878906,9.3125,9.617755889892578,0.11083666980266571,387.5,1.8730000257492065,1.062999963760376,2643.300048828125,513.28125,2.0289063453674316,1.0697964429855347,2723.0
2026-09-14T18:51:00.000+08:00,198.87303161621094,11.708568572998047,9.5,9.481857299804688,0.11158151924610138,387.6000061035156,1.8960000276565552,1.0789999961853027,2643.300048828125,513.28125,2.067187547683716,1.0863500833511353,2723.0
2026-09-14T18:52:00.000+08:00,204.90972900390625,11.697288513183594,9.5556640625,9.587177276611328,0.11087726801633835,387.8999938964844,1.8799999952316284,1.065999984741211,2643.300048828125,516.796875,2.067187547683716,1.067508578300476,2723.0
2026-09-14T18:53:00.000+08:00,205.5673370361328,11.700950622558594,9.5419921875,9.842352867126465,0.10851063579320908,387.8999938964844,1.88100004196167,1.069000005722046,2643.300048828125,516.796875,2.067187547683716,1.0707385540008545,2723.0
2026-09-14T18:54:00.000+08:00,208.18011474609375,11.629291534423828,9.39599609375,9.844877243041992,0.1083812341094017,387.6000061035156,1.86899995803833,1.059999942779541,2643.300048828125,513.28125,2.0289063453674316,1.0673739910125732,2723.0
2026-09-14T18:55:00.000+08:00,208.00851440429688,11.587425231933594,9.423828125,9.214818954467773,0.1154661774635315,387.79998779296875,1.8830000162124634,1.0740000009536743,2643.39990234375,516.796875,2.067187547683716,1.073968529701233,2723.0
2026-09-14T18:56:00.000+08:00,208.41444396972656,11.597362518310547,9.319580078125,9.338271141052246,0.1141538992524147,387.3999938964844,1.8799999952316284,1.0579999685287476,2643.39990234375,513.28125,2.0289063453674316,1.061183214187622,2723.0
2026-09-14T18:57:00.000+08:00,210.2819061279297,11.637493133544922,9.4306640625,9.34960651397705,0.11337374895811081,388.0,1.8660000562667847,1.065999984741211,2643.39990234375,516.796875,2.067187547683716,1.0745068788528442,2723.0
2026-09-14T18:58:00.000+08:00,207.68466186523438,11.692066192626953,9.4169921875,8.621813774108887,0.12352389097213745,388.0,1.878999948501587,1.0729999542236328,2643.39990234375,516.796875,2.067187547683716,1.07948637008667,2723.0
2026-09-14T18:59:00.000+08:00,205.6200714111328,11.690635681152344,9.3681640625,9.317306518554688,0.11344480514526367,388.5,1.871999979019165,1.0720000267028809,2643.39990234375,516.796875,2.067187547683716,1.0754488706588745,2723.0
2026-09-14T19:00:00.000+08:00,204.62823486328125,11.75400161743164,9.395751953125,9.013172149658203,0.11882608383893967,388.29998779296875,1.86899995803833,1.069000005722046,2643.39990234375,516.796875,2.067187547683716,1.0712769031524658,2723.0
2026-09-14T19:01:00.000+08:00,205.27310180664062,11.916446685791016,9.5,8.970837593078613,0.11949831992387772,388.29998779296875,1.8730000257492065,1.069000005722046,2643.5,516.796875,2.067187547683716,1.0712769031524658,2723.0
2026-09-14T19:02:00.000+08:00,202.6604766845703,11.9024658203125,9.63916015625,8.738396644592285,0.12244809418916702,388.5,1.8650000095367432,1.069000005722046,2643.5,516.796875,2.0289063453674316,1.0697964429855347,2723.0
2026-09-14T19:03:00.000+08:00,202.30455017089844,12.011833190917969,9.7158203125,9.288310050964355,0.11476791650056839,388.29998779296875,1.871000051498413,1.0709999799728394,2643.5,516.796875,2.067187547683716,1.073026418685913,2723.0
2026-09-14T19:04:00.000+08:00,202.30625915527344,11.95742416381836,9.798828125,9.866608619689941,0.10875063389539719,387.8999938964844,1.875,1.062999963760376,2643.5,516.796875,2.0289063453674316,1.0661627054214478,2723.0
2026-09-14T19:05:00.000+08:00,203.6983184814453,12.024463653564453,9.784912109375,9.265839576721191,0.1153700053691864,388.20001220703125,1.871999979019165,1.0670000314712524,2643.5,516.796875,2.067187547683716,1.0691235065460205,2723.0
2026-09-14T19:06:00.000+08:00,205.06903076171875,12.11538314819336,9.7294921875,9.0412015914917,0.11845769733190536,387.79998779296875,1.878999948501587,1.065999984741211,2643.60009765625,516.796875,2.067187547683716,1.067508578300476,2723.0
2026-09-14T19:07:00.000+08:00,203.00286865234375,12.115123748779297,9.861328125,9.18073558807373,0.11578592658042908,387.8999938964844,1.8730000257492065,1.065999984741211,2643.60009765625,516.796875,2.067187547683716,1.068719744682312,2723.0
2026-09-14T19:08:00.000+08:00,204.3404541015625,12.135154724121094,9.71533203125,9.256044387817383,0.11560013890266418,388.0,1.8730000257492065,1.0670000314712524,2643.60009765625,516.796875,2.067187547683716,1.0691235065460205,2723.0
2026-09-14T19:09:00.000+08:00,202.85459899902344,12.091659545898438,9.7294921875,8.733332633972168,0.12412215024232864,388.6000061035156,1.878999948501587,1.0700000524520874,2643.60009765625,516.796875,2.067187547683716,1.0692580938339233,2723.0
2026-09-14T19:10:00.000+08:00,206.7946014404297,12.137123107910156,9.722412109375,9.121442794799805,0.1170867383480072,388.3999938964844,1.878000020980835,1.069000005722046,2643.60009765625,516.796875,2.067187547683716,1.0718151330947876,2723.0
2026-09-14T19:11:00.000+08:00,208.04437255859375,12.151985168457031,9.6044921875,9.693716049194336,0.11007130146026611,388.5,1.878999948501587,1.0700000524520874,2643.60009765625,516.796875,2.067187547683716,1.0718151330947876,2723.0
2026-09-14T19:12:00.000+08:00,202.96861267089844,12.082237243652344,9.722412109375,9.4758939743042,0.11291810125112534,388.5,1.8849999904632568,1.0740000009536743,2643.699951171875,516.796875,2.067187547683716,1.075045108795166,2723.0
2026-09-14T19:13:00.000+08:00,205.16812133789062,12.154979705810547,9.916748046875,9.924424171447754,0.10751253366470337,388.70001220703125,1.8730000257492065,1.0729999542236328,2643.699951171875,516.796875,2.067187547683716,1.074641466140747,2723.0
2026-09-14T19:14:00.000+08:00,201.44732666015625,12.221866607666016,9.736328125,10.185771942138672,0.10495031625032425,388.70001220703125,1.871999979019165,1.0740000009536743,2643.699951171875,516.796875,2.067187547683716,1.0759872198104858,2723.0
2026-09-14T19:15:00.000+08:00,200.87887573242188,12.194072723388672,9.854248046875,9.086472511291504,0.11753735691308975,388.8999938964844,1.8730000257492065,1.0740000009536743,2643.699951171875,516.796875,2.067187547683716,1.0763909816741943,2723.0
2026-09-14T19:16:00.000+08:00,200.32501220703125,12.24996566772461,9.666748046875,9.12012767791748,0.11754220724105835,388.8999938964844,1.8839999437332153,1.0729999542236328,2643.699951171875,516.796875,2.067187547683716,1.0751796960830688,2723.0
2026-09-14T19:17:00.000+08:00,197.6915283203125,12.188419342041016,9.8544921875,9.149415016174316,0.11738455295562744,388.8999938964844,1.88100004196167,1.0700000524520874,2643.800048828125,516.796875,2.067187547683716,1.0751796960830688,2723.0
2026-09-14T19:18:00.000+08:00,200.38150024414062,12.130615234375,9.75,9.83187198638916,0.10933828353881836,388.70001220703125,1.8819999694824219,1.0770000219345093,2643.800048828125,516.796875,2.067187547683716,1.0776022672653198,2723.0
2026-09-14T19:19:00.000+08:00,202.2137451171875,12.110237121582031,9.736328125,9.737971305847168,0.11018721759319305,388.8999938964844,1.8819999694824219,1.0779999494552612,2643.800048828125,516.796875,2.067187547683716,1.0788134336471558,2723.0
2026-09-14T19:20:00.000+08:00,201.593994140625,12.102912902832031,9.72265625,10.13093376159668,0.10561711341142654,389.1000061035156,1.88100004196167,1.0750000476837158,2643.800048828125,516.796875,2.067187547683716,1.0781406164169312,2723.0
2026-09-14T19:21:00.000+08:00,200.07725524902344,12.079185485839844,9.722412109375,8.862508773803711,0.12084614485502243,388.70001220703125,1.878999948501587,1.0740000009536743,2643.800048828125,516.796875,2.067187547683716,1.074641466140747,2723.0
2026-09-14T19:22:00.000+08:00,199.72987365722656,12.147994995117188,9.916748046875,9.882423400878906,0.10837422311306,389.0,1.8700000047683716,1.0709999799728394,2643.800048828125,516.796875,2.067187547683716,1.073968529701233,2723.0
2026-09-14T19:23:00.000+08:00,200.16595458984375,12.107654571533203,9.798583984375,9.823507308959961,0.1105511412024498,388.79998779296875,1.8880000114440918,1.0740000009536743,2643.89990234375,516.796875,2.067187547683716,1.0771985054016113,2723.0
2026-09-14T19:24:00.000+08:00,202.17727661132812,12.122577667236328,9.8056640625,8.904282569885254,0.12196378409862518,388.8999938964844,1.878000020980835,1.0670000314712524,2643.89990234375,516.796875,2.0289063453674316,1.0702002048492432,2723.0
2026-09-14T19:25:00.000+08:00,198.51956176757812,12.086803436279297,9.7431640625,9.247404098510742,0.1163569837808609,388.8999938964844,1.8860000371932983,1.0809999704360962,2643.89990234375,516.796875,2.067187547683716,1.0796209573745728,2723.0
2026-09-14T19:26:00.000+08:00,199.6317596435547,12.126823425292969,9.847412109375,9.828205108642578,0.1095825731754303,388.8999938964844,1.878999948501587,1.0789999961853027,2643.89990234375,516.796875,2.10546875,1.0808322429656982,2723.0
2026-09-14T19:27:00.000+08:00,201.5965576171875,12.082664489746094,9.6806640625,9.550171852111816,0.11235400289297104,388.8999938964844,1.875,1.0740000009536743,2643.89990234375,516.796875,2.067187547683716,1.0751796960830688,2723.0
2026-09-14T19:28:00.000+08:00,204.0301513671875,12.098663330078125,9.736083984375,9.461552619934082,0.11488600820302963,388.79998779296875,1.88100004196167,1.069000005722046,2643.89990234375,516.796875,2.067187547683716,1.072218894958496,2723.0
2026-09-14T19:29:00.000+08:00,203.5988311767578,12.124691009521484,9.7568359375,8.969355583190918,0.11951805651187897,388.5,1.8830000162124634,1.0770000219345093,2644.0,516.796875,2.067187547683716,1.078678846359253,2723.0
2026-09-14T19:30:00.000+08:00,204.30934143066406,11.969711303710938,9.729248046875,9.600004196166992,0.11177078634500504,388.3999938964844,1.8899999856948853,1.0740000009536743,2644.0,516.796875,2.067187547683716,1.075852632522583,2723.0
2026-09-14T19:31:00.000+08:00,199.27725219726562,11.947067260742188,9.791748046875,9.490421295166016,0.1128506287932396,388.5,1.9129999876022339,1.090000033378601,2644.0,516.796875,2.10546875,1.0948288440704346,2723.0
2026-09-14T19:32:00.000+08:00,200.0011749267578,12.07254409790039,9.8544921875,9.291669845581055,0.11730937659740448,388.6000061035156,1.88100004196167,1.0670000314712524,2644.0,516.796875,2.067187547683716,1.0704693794250488,2724.0
2026-09-14T19:33:00.000+08:00,203.03778076171875,12.128070831298828,9.9794921875,9.164288520812988,0.11671226471662521,388.6000061035156,1.8769999742507935,1.0670000314712524,2644.0,516.796875,2.067187547683716,1.0710077285766602,2724.0
2026-09-14T19:34:00.000+08:00,205.01258850097656,12.245773315429688,9.9033203125,9.08583927154541,0.11787573993206024,388.79998779296875,1.8990000486373901,1.0779999494552612,2644.10009765625,516.796875,2.067187547683716,1.084600567817688,2724.0
2026-09-14T19:35:00.000+08:00,208.27447509765625,12.34731674194336,10.2431640625,8.925068855285645,0.11988703161478043,388.5,1.871000051498413,1.0709999799728394,2644.10009765625,516.796875,2.067187547683716,1.0712769031524658,2724.0
2026-09-14T19:36:00.000+08:00,206.35855102539062,11.826351165771484,9.4931640625,9.557782173156738,0.11226453632116318,388.3999938964844,1.8639999628067017,1.069000005722046,2644.10009765625,516.796875,2.067187547683716,1.0712769031524658,2724.0
2026-09-14T19:37:00.000+08:00,206.73504638671875,nan,nan,8.905682563781738,0.12127088010311127,nan,nan,nan,nan,nan,nan,nan,nan
2026-09-14T19:38:00.000+08:00,206.18939208984375,11.764606475830078,9.392578125,8.688864707946777,0.12314612418413162,388.6000061035156,1.8790000081062317,1.0740000009536743,2644.10009765625,516.796875,2.067187547683716,1.0748432874679565,2724.0
2026-09-14T19:39:00.000+08:00,205.52548217773438,11.832569122314453,9.5419921875,10.038296699523926,0.10659178346395493,388.70001220703125,1.878000020980835,1.0729999542236328,2644.10009765625,516.796875,2.067187547683716,1.0759872198104858,2724.0
2026-09-14T19:40:00.000+08:00,204.20237731933594,11.790229797363281,9.65283203125,9.200655937194824,0.11662212014198303,388.8999938964844,1.8739999532699585,1.0740000009536743,2644.199951171875,516.796875,2.067187547683716,1.0776022672653198,2724.0
2026-09-14T19:41:00.000+08:00,205.5132598876953,11.643287658691406,9.520751953125,9.565436363220215,0.11207016557455063,388.8999938964844,1.8799999952316284,1.0750000476837158,2644.199951171875,516.796875,2.067187547683716,1.0763909816741943,2724.0
2026-09-14T19:42:00.000+08:00,203.96580505371094,11.704429626464844,9.4931640625,9.635068893432617,0.11105265468358994,389.1000061035156,1.8839999437332153,1.0729999542236328,2644.199951171875,516.796875,2.067187547683716,1.0767947435379028,2724.0
2026-09-14T19:43:00.000+08:00,208.87261962890625,11.711116790771484,9.583251953125,8.67214298248291,0.12372951209545135,389.29998779296875,1.8799999952316284,1.0729999542236328,2644.199951171875,516.796875,2.067187547683716,1.07854425907135,2724.0
2026-09-14T19:44:00.000+08:00,201.75169372558594,11.649635314941406,9.375,8.867520332336426,0.12066507339477539,389.1000061035156,1.9040000438690186,1.0950000286102295,2644.199951171875,516.796875,2.10546875,1.0955016613006592,2724.0
2026-09-14T19:45:00.000+08:00,205.5732421875,11.63797378540039,9.4375,9.36884880065918,0.1150621622800827,389.1000061035156,1.8849999904632568,1.0759999752044678,2644.300048828125,516.796875,2.067187547683716,1.0805630683898926,2724.0
2026-09-14T19:46:00.000+08:00,205.28326416015625,11.662971496582031,9.569580078125,8.972042083740234,0.12115412950515747,389.5,1.8869999647140503,1.0759999752044678,2644.300048828125,516.796875,2.067187547683716,1.0798901319503784,2724.0
2026-09-14T19:47:00.000+08:00,209.5845184326172,11.632217407226562,9.59033203125,8.995721817016602,0.11994590610265732,389.70001220703125,1.8949999809265137,1.0829999446868896,2644.300048828125,516.796875,2.067187547683716,1.0804284811019897,2724.0
2026-09-14T19:48:00.000+08:00,209.06671142578125,11.697586059570312,9.548828125,8.707133293151855,0.12564410269260406,389.70001220703125,1.902999997138977,1.0850000381469727,2644.300048828125,516.796875,2.067187547683716,1.087426781654358,2724.0
2026-09-14T19:49:00.000+08:00,208.61953735351562,11.654579162597656,9.548828125,8.415230751037598,0.12786339223384857,389.70001220703125,1.8830000162124634,1.0759999752044678,2644.300048828125,516.796875,2.067187547683716,1.0798901319503784,2724.0
2026-09-14T19:50:00.000+08:00,211.46194458007812,11.676933288574219,9.451416015625,8.776415824890137,0.12339890003204346,389.8999938964844,1.8849999904632568,1.0800000429153442,2644.300048828125,516.796875,2.067187547683716,1.0840622186660767,2724.0
2026-09-14T19:51:00.000+08:00,212.35580444335938,11.714008331298828,9.520751953125,9.60352611541748,0.11266695708036423,389.8999938964844,1.8890000581741333,1.0779999494552612,2644.39990234375,516.796875,2.067187547683716,1.0828509330749512,2724.0
2026-09-14T19:52:00.000+08:00,210.67135620117188,11.65853500366211,9.5283203125,9.365455627441406,0.11627838015556335,389.79998779296875,1.8880000114440918,1.0829999446868896,2644.39990234375,516.796875,2.067187547683716,1.0840622186660767,2724.0
2026-09-14T19:53:00.000+08:00,204.68592834472656,11.64694595336914,9.5556640625,8.978283882141113,0.12051301449537277,390.1000061035156,1.8940000534057617,1.0800000429153442,2644.39990234375,516.796875,2.067187547683716,1.084600567817688,2724.0
2026-09-14T19:54:00.000+08:00,205.0264892578125,11.628643035888672,9.507080078125,9.324859619140625,0.11549056321382523,390.0,1.8880000114440918,1.0850000381469727,2644.39990234375,516.796875,2.067187547683716,1.0820434093475342,2724.0
2026-09-14T19:55:00.000+08:00,201.29812622070312,11.70589828491211,9.479248046875,9.111104965209961,0.11886593699455261,389.8999938964844,1.8949999809265137,1.0859999656677246,2644.39990234375,516.796875,2.067187547683716,1.086619257926941,2724.0
2026-09-14T19:56:00.000+08:00,204.46543884277344,11.74734115600586,9.47265625,8.943990707397461,0.12164592742919922,389.8999938964844,1.8830000162124634,1.0789999961853027,2644.5,516.796875,2.067187547683716,1.0832546949386597,2724.0
2026-09-14T19:57:00.000+08:00,203.4857177734375,11.80764389038086,9.444580078125,8.561685562133789,0.12661057710647583,390.1000061035156,1.8890000581741333,1.0850000381469727,2644.5,516.796875,2.067187547683716,1.0870230197906494,2724.0
2026-09-14T19:58:00.000+08:00,201.366455078125,11.715568542480469,9.632080078125,9.160408973693848,0.11822616308927536,390.29998779296875,1.88100004196167,1.0839999914169312,2644.5,516.796875,2.067187547683716,1.082985520362854,2724.0
2026-09-14T19:59:00.000+08:00,205.6757354736328,11.697879791259766,9.548828125,9.194855690002441,0.1186533123254776,390.0,1.875,1.0820000171661377,2644.5,516.796875,2.067187547683716,1.0820434093475342,2724.0
2026-09-14T20:00:00.000+08:00,202.27207946777344,11.588897705078125,9.5625,8.773242950439453,0.12321555614471436,390.20001220703125,1.8839999437332153,1.0859999656677246,2644.5,520.3125,2.067187547683716,1.0875613689422607,2724.0
2026-09-14T20:01:00.000+08:00,203.41683959960938,12.35882568359375,11.229248046875,8.734335899353027,0.12422238290309906,390.3999938964844,1.8819999694824219,1.0839999914169312,2644.5,520.3125,2.067187547683716,1.0841968059539795,2724.0
2026-09-14T20:02:00.000+08:00,202.7113800048828,13.37112808227539,11.347412109375,7.931224346160889,0.13692715764045715,390.29998779296875,1.8769999742507935,1.0759999752044678,2644.60009765625,520.3125,2.067187547683716,1.0805630683898926,2724.0
2026-09-14T20:03:00.000+08:00,229.22732543945312,13.526435852050781,11.125,8.67274284362793,0.12464338541030884,390.3999938964844,1.8769999742507935,1.0789999961853027,2644.60009765625,520.3125,2.067187547683716,1.0805630683898926,2724.0
2026-09-14T20:04:00.000+08:00,276.5338439941406,13.534683227539062,11.125,5.353591442108154,0.20248089730739594,390.29998779296875,1.8849999904632568,1.0850000381469727,2644.60009765625,516.796875,2.067187547683716,1.0867538452148438,2724.0
2026-09-14T20:05:00.000+08:00,170.96571350097656,12.948112487792969,10.14599609375,6.0440239906311035,0.17901980876922607,389.6000061035156,1.8860000371932983,1.0759999752044678,2644.60009765625,516.796875,2.067187547683716,1.0757180452346802,2724.0
2026-09-14T20:06:00.000+08:00,142.89784240722656,12.7392578125,9.972412109375,6.392333984375,0.16973455250263214,386.70001220703125,1.8660000562667847,1.0570000410079956,2644.60009765625,513.28125,2.0289063453674316,1.0601065158843994,2724.0
2026-09-14T20:07:00.000+08:00,142.59800720214844,12.881950378417969,10.194580078125,6.625336170196533,0.16240684688091278,386.70001220703125,1.8650000095367432,1.059000015258789,2644.60009765625,513.28125,2.0289063453674316,1.061317801475525,2724.0
2026-09-14T20:08:00.000+08:00,142.14141845703125,13.02899169921875,10.4306640625,8.605923652648926,0.12503015995025635,386.79998779296875,1.8589999675750732,1.055999994277954,2644.699951171875,513.28125,2.0289063453674316,1.0592989921569824,2724.0
2026-09-14T20:09:00.000+08:00,139.3339080810547,13.083412170410156,10.354248046875,7.370571136474609,0.14381517469882965,386.70001220703125,1.86899995803833,1.065000057220459,2644.699951171875,513.28125,2.067187547683716,1.0654897689819336,2724.0
2026-09-14T20:10:00.000+08:00,141.66029357910156,13.169960021972656,10.333251953125,7.302341938018799,0.1450219601392746,386.6000061035156,1.8660000562667847,1.0549999475479126,2644.699951171875,513.28125,2.0289063453674316,1.058895230293274,2724.0
2026-09-14T20:11:00.000+08:00,141.3578338623047,13.101123809814453,10.257080078125,7.524046897888184,0.1422107070684433,386.6000061035156,1.8639999628067017,1.059999942779541,2644.699951171875,513.28125,2.0289063453674316,1.061317801475525,2724.0
2026-09-14T20:12:00.000+08:00,137.7852020263672,12.863967895507812,9.951416015625,7.308221817016602,0.14435796439647675,386.3999938964844,1.8730000257492065,1.0609999895095825,2644.699951171875,513.28125,2.0289063453674316,1.0579532384872437,2724.0
2026-09-14T20:13:00.000+08:00,136.2843017578125,12.837371826171875,10.0556640625,7.376748561859131,0.14301693439483643,386.5,1.8600000143051147,1.055999994277954,2644.800048828125,513.28125,2.0289063453674316,1.0584914684295654,2724.0
2026-09-14T20:14:00.000+08:00,140.47061157226562,12.886611938476562,9.9794921875,7.429755210876465,0.1429387629032135,386.5,1.8700000047683716,1.059000015258789,2644.800048828125,513.28125,2.0289063453674316,1.057684063911438,2724.0
2026-09-14T20:15:00.000+08:00,140.43508911132812,12.994483947753906,10.1181640625,7.893301010131836,0.13416440784931183,386.6000061035156,1.86899995803833,1.0540000200271606,2644.800048828125,513.28125,2.0289063453674316,1.0559344291687012,2724.0
2026-09-14T20:16:00.000+08:00,138.00466918945312,12.823959350585938,10.0068359375,7.884067535400391,0.13381417095661163,386.70001220703125,1.8700000047683716,1.055999994277954,2644.800048828125,513.28125,2.0289063453674316,1.058895230293274,2724.0
2026-09-14T20:17:00.000+08:00,136.91943359375,12.882431030273438,10.201416015625,7.761713981628418,0.13669662177562714,386.5,1.875,1.0570000410079956,2644.800048828125,513.28125,2.0289063453674316,1.0584914684295654,2724.0
2026-09-14T20:18:00.000+08:00,139.37661743164062,12.995426177978516,10.104248046875,7.950197696685791,0.13295267522335052,386.3999938964844,1.8700000047683716,1.0570000410079956,2644.800048828125,513.28125,2.0289063453674316,1.0559344291687012,2724.0
2026-09-14T20:19:00.000+08:00,138.65658569335938,12.964080810546875,10.236328125,7.61768913269043,0.13836216926574707,386.5,1.8860000371932983,1.065999984741211,2644.89990234375,513.28125,2.0289063453674316,1.0626635551452637,2724.0
2026-09-14T20:20:00.000+08:00,138.3719482421875,13.0533447265625,10.097412109375,7.603978633880615,0.13861164450645447,386.70001220703125,1.871999979019165,1.055999994277954,2644.89990234375,513.28125,2.0289063453674316,1.0592989921569824,2724.0
2026-09-14T20:21:00.000+08:00,140.19290161132812,13.019779205322266,10.298828125,7.751189708709717,0.13636615872383118,386.6000061035156,1.871000051498413,1.059999942779541,2644.89990234375,513.28125,2.0289063453674316,1.061317801475525,2724.0
2026-09-14T20:22:00.000+08:00,140.27684020996094,12.940204620361328,10.14599609375,7.577088356018066,0.1408192664384842,386.70001220703125,1.8680000305175781,1.0570000410079956,2644.89990234375,513.28125,2.0289063453674316,1.0601065158843994,2724.0
2026-09-14T20:23:00.000+08:00,138.92526245117188,13.046371459960938,10.222412109375,7.450340270996094,0.1414700448513031,387.29998779296875,1.88100004196167,1.0700000524520874,2644.89990234375,513.28125,2.067187547683716,1.0706039667129517,2724.0
2026-09-14T20:24:00.000+08:00,136.5425567626953,12.970901489257812,10.1533203125,7.543918132781982,0.1403779834508896,387.5,1.8669999837875366,1.065000057220459,2644.89990234375,513.28125,2.0289063453674316,1.0677777528762817,2724.0
2026-09-14T20:25:00.000+08:00,137.0133514404297,12.897037506103516,10.423828125,7.8668718338012695,0.13448801636695862,387.6000061035156,1.8700000047683716,1.065000057220459,2645.0,513.28125,2.067187547683716,1.0689889192581177,2724.0
2026-09-14T20:26:00.000+08:00,137.4110565185547,12.974067687988281,10.298828125,7.61773681640625,0.13967402279376984,387.5,1.871000051498413,1.065999984741211,2645.0,513.28125,2.067187547683716,1.0677777528762817,2724.0
2026-09-14T20:27:00.000+08:00,140.7383270263672,13.058544158935547,10.21533203125,7.662722587585449,0.1389845460653305,387.6000061035156,1.871999979019165,1.065000057220459,2645.0,513.28125,2.0289063453674316,1.0665664672851562,2724.0
2026-09-14T20:28:00.000+08:00,139.82102966308594,12.957691192626953,10.479248046875,7.163105010986328,0.14867854118347168,387.3999938964844,1.8650000095367432,1.062000036239624,2645.0,513.28125,2.0289063453674316,1.0677777528762817,2725.0
2026-09-14T20:29:00.000+08:00,139.1247100830078,13.05828857421875,10.38916015625,6.9606032371521,0.15242932736873627,387.6000061035156,1.8669999837875366,1.065000057220459,2645.0,516.796875,2.067187547683716,1.0683159828186035,2725.0
2026-09-14T20:30:00.000+08:00,142.52322387695312,13.052410125732422,10.4306640625,7.549001216888428,0.14094579219818115,387.6000061035156,1.8660000562667847,1.062999963760376,2645.10009765625,513.28125,2.0289063453674316,1.0665664672851562,2725.0
2026-09-14T20:31:00.000+08:00,142.0262451171875,13.022209167480469,10.486328125,7.082186222076416,0.1502360850572586,387.70001220703125,1.8660000562667847,1.065000057220459,2645.10009765625,516.796875,2.0289063453674316,1.0669702291488647,2725.0
2026-09-14T20:32:00.000+08:00,142.8603057861328,13.076461791992188,10.486328125,7.6944899559021,0.13854070007801056,387.79998779296875,1.8730000257492065,1.0670000314712524,2645.10009765625,516.796875,2.067187547683716,1.069527268409729,2725.0
2026-09-14T20:33:00.000+08:00,142.39598083496094,13.012687683105469,10.33349609375,7.895856857299805,0.134627565741539,387.70001220703125,1.86899995803833,1.0679999589920044,2645.10009765625,516.796875,2.067187547683716,1.0707385540008545,2725.0
2026-09-14T20:34:00.000+08:00,140.686767578125,13.078666687011719,10.423828125,7.1439714431762695,0.14851683378219604,387.6000061035156,1.8580000400543213,1.062000036239624,2645.10009765625,516.796875,2.0289063453674316,1.0657589435577393,2725.0
2026-09-14T20:35:00.000+08:00,141.81492614746094,13.245796203613281,10.5,7.23507022857666,0.1477525383234024,387.29998779296875,1.8639999628067017,1.065000057220459,2645.10009765625,513.28125,2.067187547683716,1.0656243562698364,2725.0
2026-09-14T20:36:00.000+08:00,142.18240356445312,nan,nan,7.161214351654053,0.14899708330631256,nan,nan,nan,nan,nan,nan,nan,nan
2026-09-14T20:37:00.000+08:00,141.0205535888672,13.223278045654297,10.5557861328125,7.518038272857666,0.14179231226444244,387.70001220703125,1.8670000433921814,1.0665000081062317,2645.199951171875,513.28125,2.067187547683716,1.0696619153022766,2725.0
2026-09-14T20:38:00.000+08:00,142.33229064941406,13.190074920654297,10.507080078125,7.460709571838379,0.14180956780910492,387.5,1.871999979019165,1.0679999589920044,2645.199951171875,513.28125,2.067187547683716,1.0702002048492432,2725.0
2026-09-14T20:39:00.000+08:00,141.32606506347656,13.27017593383789,10.576416015625,7.362813949584961,0.14437414705753326,387.6000061035156,1.8660000562667847,1.069000005722046,2645.199951171875,513.28125,2.067187547683716,1.0689889192581177,2725.0
2026-09-14T20:40:00.000+08:00,136.42015075683594,13.185253143310547,10.507080078125,7.552230358123779,0.14141517877578735,387.5,1.8910000324249268,1.0829999446868896,2645.199951171875,513.28125,2.067187547683716,1.0839276313781738,2725.0
2026-09-14T20:41:00.000+08:00,136.81695556640625,13.221027374267578,10.6806640625,7.51993465423584,0.1417565494775772,387.6000061035156,1.8660000562667847,1.065000057220459,2645.199951171875,513.28125,2.067187547683716,1.0677777528762817,2725.0
2026-09-14T20:42:00.000+08:00,133.7151641845703,13.237010955810547,10.604248046875,6.921689510345459,0.15415312349796295,387.5,1.8639999628067017,1.0670000314712524,2645.300048828125,513.28125,2.067187547683716,1.0689889192581177,2725.0
2026-09-14T20:43:00.000+08:00,134.59292602539062,13.213260650634766,10.7431640625,7.130466461181641,0.1486578732728958,387.20001220703125,1.8550000190734863,1.0579999685287476,2645.300048828125,513.28125,2.0289063453674316,1.0582222938537598,2725.0
2026-09-14T20:44:00.000+08:00,136.1238555908203,13.289794921875,10.666748046875,6.938223361968994,0.15364164113998413,386.8999938964844,1.8589999675750732,1.0570000410079956,2645.300048828125,513.28125,2.0289063453674316,1.0610486268997192,2725.0
2026-09-14T20:45:00.000+08:00,138.03343200683594,13.3397216796875,10.763916015625,6.937493801116943,0.1533695012331009,386.8999938964844,1.8619999885559082,1.0579999685287476,2645.300048828125,513.28125,2.0289063453674316,1.0598373413085938,2725.0
2026-09-14T20:46:00.000+08:00,139.6806182861328,13.280380249023438,10.701416015625,7.1078715324401855,0.14941182732582092,386.79998779296875,1.8639999628067017,1.0640000104904175,2645.300048828125,513.28125,2.0289063453674316,1.0592989921569824,2725.0
2026-09-14T20:47:00.000+08:00,141.19125366210938,13.340686798095703,10.91015625,6.8870697021484375,0.15420201420783997,387.3999938964844,1.8559999465942383,1.065999984741211,2645.39990234375,513.28125,2.067187547683716,1.0689889192581177,2725.0
2026-09-14T20:48:00.000+08:00,140.9897918701172,13.284488677978516,10.784912109375,7.029393672943115,0.15093763172626495,387.20001220703125,1.8839999437332153,1.0850000381469727,2645.39990234375,513.28125,2.067187547683716,1.0841968059539795,2725.0
2026-09-14T20:49:00.000+08:00,140.2024688720703,13.332626342773438,10.8125,6.92840051651001,0.15266521275043488,387.1000061035156,1.847000002861023,1.0609999895095825,2645.39990234375,513.28125,2.0289063453674316,1.064009428024292,2725.0
2026-09-14T20:50:00.000+08:00,137.4010009765625,13.347579956054688,10.875,6.849789142608643,0.15489527583122253,387.3999938964844,1.878999948501587,1.0820000171661377,2645.39990234375,513.28125,2.067187547683716,1.082177996635437,2725.0
2026-09-14T20:51:00.000+08:00,138.06393432617188,13.31728744506836,10.9033203125,7.17910099029541,0.15085454285144806,387.29998779296875,1.871000051498413,1.0789999961853027,2645.39990234375,513.28125,2.067187547683716,1.0792171955108643,2725.0
2026-09-14T20:52:00.000+08:00,139.199951171875,13.296489715576172,10.8408203125,6.691037178039551,0.15871979296207428,387.6000061035156,1.8519999980926514,1.065000057220459,2645.39990234375,513.28125,2.067187547683716,1.0677777528762817,2725.0
2026-09-14T20:53:00.000+08:00,136.7576141357422,13.253490447998047,10.736328125,6.35052490234375,0.16880494356155396,387.1000061035156,1.8589999675750732,1.0579999685287476,2645.5,513.28125,2.0289063453674316,1.0626635551452637,2725.0
2026-09-14T20:54:00.000+08:00,138.5559539794922,13.297149658203125,10.847412109375,6.469468593597412,0.1643102467060089,387.20001220703125,1.8639999628067017,1.059999942779541,2645.5,513.28125,2.0289063453674316,1.063201904296875,2725.0
2026-09-14T20:55:00.000+08:00,135.8511962890625,13.344161987304688,10.84765625,6.4469475746154785,0.16845181584358215,387.1000061035156,1.8669999837875366,1.062999963760376,2645.5,513.28125,2.0289063453674316,1.0644131898880005,2725.0
2026-09-14T20:56:00.000+08:00,139.29579162597656,13.338546752929688,10.97265625,6.813083648681641,0.15572978556156158,387.0,1.8589999675750732,1.0570000410079956,2645.5,513.28125,2.0289063453674316,1.0646823644638062,2725.0
2026-09-14T20:57:00.000+08:00,139.2832794189453,13.617668151855469,11.173828125,6.969506740570068,0.15151716768741608,387.3999938964844,1.8589999675750732,1.065999984741211,2645.5,516.796875,2.067187547683716,1.0707385540008545,2725.0
2026-09-14T20:58:00.000+08:00,138.6221466064453,13.581710815429688,11.1533203125,6.892956256866455,0.15334494411945343,387.6000061035156,1.8550000190734863,1.065000057220459,2645.60009765625,516.796875,2.0289063453674316,1.0657589435577393,2725.0
2026-09-14T20:59:00.000+08:00,136.57794189453125,13.683990478515625,11.1181640625,6.418471336364746,0.16452516615390778,387.70001220703125,1.8480000495910645,1.0640000104904175,2645.60009765625,516.796875,2.0289063453674316,1.0661627054214478,2725.0
2026-09-14T21:00:00.000+08:00,137.16226196289062,13.653160095214844,11.1806640625,6.680202007293701,0.16017480194568634,387.5,1.8609999418258667,1.0640000104904175,2645.60009765625,513.28125,2.0289063453674316,1.064816951751709,2725.0
2026-09-14T21:01:00.000+08:00,134.77125549316406,13.614044189453125,11.1806640625,6.370645046234131,0.1679578721523285,387.6000061035156,1.8639999628067017,1.065000057220459,2645.60009765625,516.796875,2.0289063453674316,1.0665664672851562,2725.0
2026-09-14T21:02:00.000+08:00,138.35247802734375,13.647125244140625,11.173828125,6.864142894744873,0.15573684871196747,387.8999938964844,1.8669999837875366,1.065999984741211,2645.60009765625,516.796875,2.067187547683716,1.070334792137146,2725.0
2026-09-14T21:03:00.000+08:00,139.1022491455078,13.572029113769531,11.2431640625,7.073333740234375,0.15070687234401703,388.0,1.871000051498413,1.0679999589920044,2645.60009765625,516.796875,2.067187547683716,1.070334792137146,2725.0
2026-09-14T21:04:00.000+08:00,138.1977081298828,13.693534851074219,11.2783203125,6.756038665771484,0.15748873353004456,387.8999938964844,1.8609999418258667,1.0679999589920044,2645.699951171875,516.796875,2.067187547683716,1.0699310302734375,2725.0
2026-09-14T21:05:00.000+08:00,140.504150390625,13.746952056884766,11.16015625,6.808112144470215,0.15936869382858276,387.70001220703125,1.8660000562667847,1.0679999589920044,2645.699951171875,516.796875,2.067187547683716,1.0707385540008545,2725.0
2026-09-14T21:06:00.000+08:00,139.8087158203125,13.647918701171875,11.236328125,6.6921515464782715,0.16003821790218353,387.70001220703125,1.8580000400543213,1.062999963760376,2645.699951171875,516.796875,2.0289063453674316,1.0645477771759033,2725.0
2026-09-14T21:07:00.000+08:00,139.1022491455078,13.626834869384766,11.34765625,6.704586505889893,0.16018885374069214,387.79998779296875,1.8589999675750732,1.0609999895095825,2645.699951171875,516.796875,2.0289063453674316,1.0661627054214478,2725.0
2026-09-14T21:08:00.000+08:00,138.9925994873047,13.703216552734375,11.2431640625,6.844006061553955,0.15736398100852966,387.6000061035156,1.8630000352859497,1.0679999589920044,2645.699951171875,513.28125,2.067187547683716,1.0689889192581177,2725.0
2026-09-14T21:09:00.000+08:00,140.9095001220703,13.708427429199219,11.347412109375,6.865305423736572,0.1558561474084854,387.79998779296875,1.8650000095367432,1.069000005722046,2645.699951171875,516.796875,2.067187547683716,1.0707385540008545,2725.0
2026-09-14T21:10:00.000+08:00,139.81907653808594,13.662349700927734,11.2919921875,6.83909797668457,0.1552836298942566,387.6000061035156,1.86899995803833,1.069000005722046,2645.800048828125,513.28125,2.067187547683716,1.0715460777282715,2725.0
2026-09-14T21:11:00.000+08:00,140.97457885742188,13.733905792236328,11.361328125,7.141002178192139,0.14871862530708313,387.70001220703125,1.8600000143051147,1.062999963760376,2645.800048828125,513.28125,2.067187547683716,1.0677777528762817,2725.0
2026-09-14T21:12:00.000+08:00,139.3337860107422,13.732166290283203,11.34765625,6.708311557769775,0.1590564250946045,387.79998779296875,1.8639999628067017,1.065000057220459,2645.800048828125,516.796875,2.0289063453674316,1.067508578300476,2725.0
2026-09-14T21:13:00.000+08:00,143.45651245117188,13.730415344238281,11.4033203125,6.81575870513916,0.15566866099834442,387.70001220703125,1.8619999885559082,1.065999984741211,2645.800048828125,516.796875,2.067187547683716,1.0683159828186035,2725.0
2026-09-14T21:14:00.000+08:00,143.09764099121094,13.711921691894531,11.298828125,6.7243332862854,0.15882615745067596,387.8999938964844,1.8569999933242798,1.062999963760376,2645.800048828125,516.796875,2.067187547683716,1.068719744682312,2725.0
2026-09-14T21:15:00.000+08:00,140.16700744628906,13.731117248535156,11.39599609375,6.113192558288574,0.17486770451068878,387.70001220703125,1.8619999885559082,1.0679999589920044,2645.89990234375,516.796875,2.0289063453674316,1.0683159828186035,2725.0
2026-09-14T21:16:00.000+08:00,140.17674255371094,13.661640167236328,11.263916015625,6.694744110107422,0.15893064439296722,387.79998779296875,1.871000051498413,1.0700000524520874,2645.89990234375,516.796875,2.067187547683716,1.071142315864563,2725.0
2026-09-14T21:17:00.000+08:00,141.25328063964844,13.642662048339844,11.3544921875,6.407536029815674,0.16605447232723236,387.79998779296875,1.8619999885559082,1.065000057220459,2645.89990234375,516.796875,2.067187547683716,1.068719744682312,2725.0
2026-09-14T21:18:00.000+08:00,141.02622985839844,13.796867370605469,11.388916015625,6.551145076751709,0.1634828746318817,387.8999938964844,1.8650000095367432,1.0670000314712524,2645.89990234375,516.796875,2.067187547683716,1.0699310302734375,2725.0
2026-09-14T21:19:00.000+08:00,141.08303833007812,13.693294525146484,11.34765625,6.346347332000732,0.16781306266784668,387.79998779296875,1.8739999532699585,1.065000057220459,2645.89990234375,516.796875,2.0289063453674316,1.0669702291488647,2725.0
2026-09-14T21:20:00.000+08:00,144.3180389404297,13.80352783203125,11.298828125,6.5381598472595215,0.16350166499614716,387.79998779296875,1.8660000562667847,1.0640000104904175,2645.89990234375,516.796875,2.067187547683716,1.0683159828186035,2725.0
2026-09-14T21:21:00.000+08:00,141.03369140625,13.81234359741211,11.4169921875,6.530057430267334,0.16278569400310516,387.70001220703125,1.8799999952316284,1.0720000267028809,2646.0,516.796875,2.067187547683716,1.0743722915649414,2725.0
2026-09-14T21:22:00.000+08:00,138.12725830078125,13.692249298095703,11.4306640625,6.256658554077148,0.17053832113742828,387.79998779296875,1.86899995803833,1.065999984741211,2646.0,516.796875,2.067187547683716,1.0683159828186035,2725.0
2026-09-14T21:23:00.000+08:00,138.51991271972656,13.772785186767578,11.395751953125,6.540736198425293,0.16328437626361847,387.29998779296875,1.8630000352859497,1.0609999895095825,2646.0,513.28125,2.0289063453674316,1.064816951751709,2725.0
2026-09-14T21:24:00.000+08:00,139.85931396484375,13.708671569824219,11.284912109375,6.689037322998047,0.1599632203578949,387.0,1.8860000371932983,1.0750000476837158,2646.0,513.28125,2.067187547683716,1.0762563943862915,2726.0
2026-09-14T21:25:00.000+08:00,141.83331298828125,13.732288360595703,11.451416015625,6.320528030395508,0.168815016746521,387.0,1.8680000305175781,1.0679999589920044,2646.0,513.28125,2.067187547683716,1.067643165588379,2726.0
2026-09-14T21:26:00.000+08:00,139.57888793945312,13.760807037353516,11.3408203125,6.427624225616455,0.16506877541542053,386.8999938964844,1.8569999933242798,1.0570000410079956,2646.0,513.28125,2.0289063453674316,1.0586260557174683,2726.0
2026-09-14T21:27:00.000+08:00,142.09461975097656,13.76522445678711,11.423828125,6.58474063873291,0.1617375761270523,386.8999938964844,1.8609999418258667,1.0609999895095825,2646.10009765625,513.28125,2.0289063453674316,1.0626635551452637,2726.0
2026-09-14T21:28:00.000+08:00,142.54197692871094,13.72320556640625,11.423828125,6.8795166015625,0.15422596037387848,387.20001220703125,1.86899995803833,1.062999963760376,2646.10009765625,513.28125,2.0289063453674316,1.0644131898880005,2726.0
2026-09-14T21:29:00.000+08:00,141.86009216308594,13.697002410888672,11.423828125,6.480222225189209,0.16342031955718994,387.1000061035156,1.8680000305175781,1.062000036239624,2646.10009765625,513.28125,2.0289063453674316,1.0606448650360107,2726.0
2026-09-14T21:30:00.000+08:00,140.05963134765625,13.694103240966797,11.375,6.34602165222168,0.16703377664089203,387.20001220703125,1.8639999628067017,1.0609999895095825,2646.10009765625,513.28125,2.0289063453674316,1.0644131898880005,2726.0
2026-09-14T21:31:00.000+08:00,140.8497772216797,13.765666961669922,11.47265625,6.239470958709717,0.17052727937698364,387.0,1.871000051498413,1.065999984741211,2646.10009765625,513.28125,2.067187547683716,1.0664318799972534,2726.0
2026-09-14T21:32:00.000+08:00,143.26498413085938,13.778228759765625,11.40283203125,6.470283031463623,0.16459867358207703,386.79998779296875,1.8700000047683716,1.0679999589920044,2646.199951171875,513.28125,2.0289063453674316,1.0580878257751465,2726.0
2026-09-14T21:33:00.000+08:00,143.8931884765625,13.759029388427734,11.520751953125,6.279081344604492,0.1691330224275589,386.79998779296875,1.8669999837875366,1.062999963760376,2646.199951171875,513.28125,2.067187547683716,1.0672394037246704,2726.0
2026-09-14T21:34:00.000+08:00,141.4019317626953,nan,nan,6.57534122467041,0.16151253879070282,nan,nan,nan,nan,nan,nan,nan,nan
2026-09-14T21:35:00.000+08:00,141.8706817626953,13.754850387573242,11.4202880859375,6.943662643432617,0.15294522047042847,387.20001220703125,1.8665000200271606,1.0634999871253967,2646.199951171875,513.28125,2.0480469465255737,1.0651533603668213,2726.0
2026-09-14T21:36:00.000+08:00,144.22975158691406,13.76406478881836,11.59765625,6.712197303771973,0.1591133177280426,386.8999938964844,1.8589999675750732,1.0579999685287476,2646.199951171875,513.28125,2.0289063453674316,1.0622597932815552,2726.0
2026-09-14T21:37:00.000+08:00,144.20541381835938,13.810489654541016,11.347412109375,7.12904167175293,0.1481264978647232,386.79998779296875,1.8700000047683716,1.062000036239624,2646.199951171875,513.28125,2.0289063453674316,1.0646823644638062,2726.0
2026-09-14T21:38:00.000+08:00,143.76539611816406,13.753093719482422,11.458251953125,6.413025856018066,0.1656004637479782,386.8999938964844,1.8660000562667847,1.062999963760376,2646.300048828125,513.28125,2.0289063453674316,1.064009428024292,2726.0
2026-09-14T21:39:00.000+08:00,141.982421875,13.844451904296875,11.5,6.204394817352295,0.16987958550453186,386.79998779296875,1.86899995803833,1.062999963760376,2646.300048828125,513.28125,2.067187547683716,1.0714114904403687,2726.0
2026-09-14T21:40:00.000+08:00,144.4783935546875,13.796516418457031,11.4306640625,6.91588020324707,0.1535596251487732,387.20001220703125,1.8609999418258667,1.0609999895095825,2646.300048828125,513.28125,2.0289063453674316,1.064816951751709,2726.0
2026-09-14T21:41:00.000+08:00,144.10423278808594,13.755908966064453,11.59765625,6.334263324737549,0.16939617693424225,387.1000061035156,1.8600000143051147,1.0609999895095825,2646.300048828125,513.28125,2.0289063453674316,1.0656243562698364,2726.0
2026-09-14T21:42:00.000+08:00,146.37168884277344,13.79861831665039,11.611328125,6.242570877075195,0.17060278356075287,387.3999938964844,1.871999979019165,1.062999963760376,2646.300048828125,513.28125,2.067187547683716,1.0673739910125732,2726.0
2026-09-14T21:43:00.000+08:00,144.8554229736328,13.714332580566406,11.472412109375,6.744461536407471,0.157165989279747,387.6000061035156,1.8849999904632568,1.0770000219345093,2646.39990234375,513.28125,2.067187547683716,1.080159306526184,2726.0
2026-09-14T21:44:00.000+08:00,144.6924591064453,13.74942398071289,11.5625,6.197094917297363,0.17185471951961517,387.29998779296875,1.8660000562667847,1.0640000104904175,2646.39990234375,513.28125,2.0289063453674316,1.0677777528762817,2726.0
2026-09-14T21:45:00.000+08:00,143.04153442382812,13.705623626708984,11.4306640625,6.172789573669434,0.1726934015750885,387.5,1.8600000143051147,1.0609999895095825,2646.39990234375,513.28125,2.0289063453674316,1.0641440153121948,2726.0
2026-09-14T21:46:00.000+08:00,143.7281036376953,13.6968994140625,11.611083984375,6.2639031410217285,0.17082001268863678,387.3999938964844,1.871000051498413,1.065000057220459,2646.39990234375,513.28125,2.067187547683716,1.0689889192581177,2726.0
2026-09-14T21:47:00.000+08:00,145.53604125976562,13.714439392089844,11.5,6.308063983917236,0.16883151233196259,387.6000061035156,1.871000051498413,1.0709999799728394,2646.39990234375,516.796875,2.067187547683716,1.0719497203826904,2726.0
2026-09-14T21:48:00.000+08:00,146.93429565429688,13.679168701171875,11.47265625,6.879100322723389,0.15467138588428497,387.70001220703125,1.8660000562667847,1.0679999589920044,2646.39990234375,516.796875,2.067187547683716,1.069527268409729,2726.0
2026-09-14T21:49:00.000+08:00,148.8233642578125,13.742393493652344,11.486328125,6.373051166534424,0.16758064925670624,387.5,1.8630000352859497,1.0640000104904175,2646.5,516.796875,2.0289063453674316,1.0657589435577393,2726.0
2026-09-14T21:50:00.000+08:00,145.02944946289062,13.528270721435547,11.2431640625,6.089365005493164,0.17505930364131927,387.79998779296875,1.871000051498413,1.0709999799728394,2646.5,516.796875,2.067187547683716,1.0699310302734375,2726.0
2026-09-14T21:51:00.000+08:00,147.10838317871094,13.36148452758789,10.9169921875,6.1598405838012695,0.17305642366409302,387.6000061035156,1.8559999465942383,1.059999942779541,2646.5,513.28125,2.0289063453674316,1.0683159828186035,2726.0
2026-09-14T21:52:00.000+08:00,146.7637176513672,13.334716796875,11.01416015625,6.860304832458496,0.15524092316627502,387.5,1.8650000095367432,1.065000057220459,2646.5,513.28125,2.067187547683716,1.0677777528762817,2726.0
2026-09-14T21:53:00.000+08:00,147.5758514404297,13.320556640625,10.916748046875,7.009640693664551,0.15236158668994904,387.29998779296875,1.8660000562667847,1.065000057220459,2646.5,513.28125,2.0289063453674316,1.0661627054214478,2726.0
2026-09-14T21:54:00.000+08:00,147.04421997070312,13.349395751953125,10.9931640625,6.790223598480225,0.1568431407213211,387.29998779296875,1.8680000305175781,1.069000005722046,2646.5,513.28125,2.0289063453674316,1.0636056661605835,2726.0
2026-09-14T21:55:00.000+08:00,148.85687255859375,13.27005386352539,10.972412109375,7.174242973327637,0.14830833673477173,387.3999938964844,1.871000051498413,1.065000057220459,2646.60009765625,513.28125,2.067187547683716,1.0673739910125732,2726.0
2026-09-14T21:56:00.000+08:00,145.10397338867188,13.263847351074219,10.97265625,6.659188747406006,0.15932871401309967,386.79998779296875,1.871999979019165,1.062000036239624,2646.60009765625,513.28125,2.0289063453674316,1.0646823644638062,2726.0
2026-09-14T21:57:00.000+08:00,144.94683837890625,13.371158599853516,11.09033203125,6.924217224121094,0.15568546950817108,387.0,1.8639999628067017,1.055999994277954,2646.60009765625,513.28125,2.0289063453674316,1.0598373413085938,2726.0
2026-09-14T21:58:00.000+08:00,145.53118896484375,13.422298431396484,10.9306640625,6.45006799697876,0.16511453688144684,386.79998779296875,1.8730000257492065,1.062000036239624,2646.60009765625,513.28125,2.0289063453674316,1.0646823644638062,2726.0
2026-09-14T21:59:00.000+08:00,146.09249877929688,13.368839263916016,10.986328125,6.8524489402771,0.15454329550266266,386.79998779296875,1.8739999532699585,1.062999963760376,2646.60009765625,513.28125,2.067187547683716,1.0646823644638062,2726.0
2026-09-14T22:00:00.000+08:00,146.65235900878906,11.792076110839844,10.89599609375,6.223361492156982,0.17000457644462585,386.5,0.0,0.0,2646.60009765625,nan,nan,nan,65536.0
2026-09-14T22:01:00.000+08:00,143.70065307617188,11.467296600341797,11.02099609375,6.6698126792907715,0.15937478840351105,386.79998779296875,0.0,0.0,2646.60009765625,nan,nan,nan,65536.0
2026-09-14T22:02:00.000+08:00,145.0271759033203,11.484161376953125,11.0,6.85669469833374,0.1550309658050537,385.8999938964844,0.0,0.0,2646.60009765625,nan,nan,nan,65536.0
2026-09-14T22:03:00.000+08:00,140.8330078125,11.546310424804688,11.041748046875,3.824190855026245,0.0,385.5,0.0,0.0,2646.60009765625,nan,nan,nan,65536.0
2026-09-14T22:04:00.000+08:00,0.0,11.56484603881836,11.097412109375,0.0,nan,385.20001220703125,0.0,0.0,2646.60009765625,nan,nan,nan,65536.0
2026-09-14T22:05:00.000+08:00,0.0,11.582172393798828,11.1875,0.0,nan,384.79998779296875,0.0,0.0,2646.60009765625,nan,nan,nan,65536.0
2026-09-14T22:06:00.000+08:00,0.0,11.61090087890625,11.2431640625,0.0,nan,384.79998779296875,0.0,0.0,2646.60009765625,nan,nan,nan,65536.0
2026-09-14T22:07:00.000+08:00,0.0,11.610088348388672,11.1806640625,0.0,nan,384.79998779296875,0.0,0.0,2646.60009765625,nan,nan,nan,65536.0
2026-09-14T22:08:00.000+08:00,0.0,11.646854400634766,11.25,0.0,nan,384.6000061035156,0.0,0.0,2646.60009765625,nan,nan,nan,65536.0
2026-09-14T22:09:00.000+08:00,0.0,11.73647689819336,11.3125,0.0,nan,384.79998779296875,0.0,0.0,2646.60009765625,nan,nan,nan,65536.0
2026-09-14T22:10:00.000+08:00,0.0,11.718082427978516,11.3544921875,0.0,nan,384.1000061035156,0.0,0.0,2646.60009765625,nan,nan,nan,65536.0
2026-09-14T22:11:00.000+08:00,0.0,11.829475402832031,11.3681640625,0.0,nan,384.3999938964844,0.0,0.0,2646.60009765625,nan,nan,nan,65536.0
2026-09-14T22:12:00.000+08:00,0.0,11.763813018798828,11.41015625,0.0,nan,384.20001220703125,0.0,0.0,2646.60009765625,nan,nan,nan,65536.0
2026-09-14T22:13:00.000+08:00,0.0,11.775569915771484,11.32666015625,0.0,nan,384.29998779296875,0.0,0.0,2646.60009765625,nan,nan,nan,65536.0
2026-09-14T22:14:00.000+08:00,0.0,11.905895233154297,11.548583984375,0.0,nan,385.0,0.0,0.0,2646.60009765625,nan,nan,nan,65536.0
2026-09-14T22:15:00.000+08:00,0.0,11.862625122070312,11.409912109375,0.0,nan,385.5,0.0,0.0,2646.60009765625,nan,nan,nan,65536.0
2026-09-14T22:16:00.000+08:00,0.0,11.899044036865234,11.5419921875,0.0,nan,385.5,0.0,0.0,2646.60009765625,nan,nan,nan,65536.0
2026-09-14T22:17:00.000+08:00,0.0,11.988323211669922,11.41015625,0.0,nan,385.0,0.0,0.0,2646.60009765625,nan,nan,nan,65536.0
2026-09-14T22:18:00.000+08:00,0.0,12.01742935180664,11.625,0.0,nan,385.6000061035156,0.0,0.0,2646.60009765625,nan,nan,nan,65536.0
2026-09-14T22:19:00.000+08:00,0.0,12.015422821044922,11.5419921875,0.0,nan,385.20001220703125,0.0,0.0,2646.60009765625,nan,nan,nan,65536.0
2026-09-14T22:20:00.000+08:00,0.0,12.096576690673828,11.7158203125,0.0,nan,385.6000061035156,0.0,0.0,2646.60009765625,nan,nan,nan,65536.0
2026-09-14T22:21:00.000+08:00,0.0,12.11709213256836,11.6875,0.0,nan,386.1000061035156,0.0,0.0,2646.60009765625,nan,nan,nan,65536.0
2026-09-14T22:22:00.000+08:00,0.0,12.116996765136719,11.659912109375,0.0,nan,386.0,0.0,0.0,2646.60009765625,nan,nan,nan,65536.0
2026-09-14T22:23:00.000+08:00,0.0,12.17397689819336,11.5625,0.0,nan,386.5,0.0,0.0,2646.60009765625,nan,nan,nan,65536.0
2026-09-14T22:24:00.000+08:00,0.0,12.147579193115234,11.708251953125,0.0,nan,386.0,0.0,0.0,2646.60009765625,nan,nan,nan,65536.0
2026-09-14T22:25:00.000+08:00,0.0,12.241737365722656,11.722412109375,0.0,nan,386.29998779296875,0.0,0.0,2646.60009765625,nan,nan,nan,65536.0
2026-09-14T22:26:00.000+08:00,0.0,12.2425537109375,11.798828125,0.0,nan,387.1000061035156,0.0,0.0,2646.60009765625,nan,nan,nan,65536.0
2026-09-14T22:27:00.000+08:00,0.0,12.274703979492188,11.89599609375,0.0,nan,386.3999938964844,0.0,0.0,2646.60009765625,nan,nan,nan,65536.0
2026-09-14T22:28:00.000+08:00,0.0,12.259017944335938,11.77099609375,0.0,nan,386.20001220703125,0.0,0.0,2646.60009765625,nan,nan,nan,65536.0
2026-09-14T22:29:00.000+08:00,0.0,12.3331298828125,11.8408203125,0.0,nan,386.5,0.0,0.0,2646.60009765625,nan,nan,nan,65536.0
2026-09-14T22:30:00.000+08:00,0.0,12.341514587402344,11.909912109375,0.0,nan,387.1000061035156,0.0,0.0,2646.60009765625,nan,nan,nan,65536.0
2026-09-14T22:31:00.000+08:00,0.0,12.35699462890625,11.882080078125,0.0,nan,387.0,0.0,0.0,2646.60009765625,nan,nan,nan,65536.0
2026-09-14T22:32:00.000+08:00,0.0,12.442867279052734,11.9375,0.0,nan,386.1000061035156,0.0,0.0,2646.60009765625,nan,nan,nan,65536.0
2026-09-14T22:33:00.000+08:00,0.0,nan,nan,0.0,nan,nan,nan,nan,nan,nan,nan,nan,nan
2026-09-14T22:34:00.000+08:00,0.0,12.474720001220703,11.9619140625,0.0,nan,386.6000061035156,0.0,0.0,2646.60009765625,nan,nan,nan,65536.0
2026-09-14T22:35:00.000+08:00,0.0,12.546428680419922,11.9931640625,0.0,nan,386.29998779296875,0.0,0.0,2646.60009765625,nan,nan,nan,65536.0
2026-09-14T22:36:00.000+08:00,0.0,12.544971466064453,12.125,0.0,nan,386.8999938964844,0.0,0.0,2646.60009765625,nan,nan,nan,65536.0
2026-09-14T22:37:00.000+08:00,0.0,12.589313507080078,12.0625,0.0,nan,387.20001220703125,0.0,0.0,2646.60009765625,nan,nan,nan,65536.0
2026-09-14T22:38:00.000+08:00,0.0,12.666084289550781,12.229248046875,0.0,nan,387.79998779296875,0.0,0.0,2646.60009765625,nan,nan,nan,65536.0
2026-09-14T22:39:00.000+08:00,0.0,12.67197036743164,12.1044921875,0.0,nan,387.79998779296875,0.0,0.0,2646.60009765625,nan,nan,nan,65536.0
2026-09-14T22:40:00.000+08:00,0.0,12.659683227539062,12.222412109375,0.0,nan,387.6000061035156,0.0,0.0,2646.60009765625,nan,nan,nan,65536.0
2026-09-14T22:41:00.000+08:00,0.0,12.690299987792969,12.3544921875,0.0,nan,387.20001220703125,0.0,0.0,2646.60009765625,nan,nan,nan,65536.0
2026-09-14T22:42:00.000+08:00,0.0,12.736503601074219,12.194580078125,0.0,nan,387.0,0.0,0.0,2646.60009765625,nan,nan,nan,65536.0
2026-09-14T22:43:00.000+08:00,0.0,12.773746490478516,12.1875,0.0,nan,387.1000061035156,0.0,0.0,2646.60009765625,nan,nan,nan,65536.0
2026-09-14T22:44:00.000+08:00,0.0,12.787578582763672,12.25,0.0,nan,387.79998779296875,0.0,0.0,2646.60009765625,nan,nan,nan,65536.0
2026-09-14T22:45:00.000+08:00,0.0,12.832557678222656,12.298828125,0.0,nan,387.70001220703125,0.0,0.0,2646.60009765625,nan,nan,nan,65536.0
2026-09-14T22:46:00.000+08:00,0.0,12.793586730957031,12.4169921875,0.0,nan,387.20001220703125,0.0,0.0,2646.60009765625,nan,nan,nan,65536.0
2026-09-14T22:47:00.000+08:00,0.0,12.862342834472656,12.291748046875,0.0,nan,387.20001220703125,0.0,0.0,2646.60009765625,nan,nan,nan,65536.0
2026-09-14T22:48:00.000+08:00,0.0,12.987846374511719,12.4033203125,0.0,nan,387.20001220703125,0.0,0.0,2646.60009765625,nan,nan,nan,65536.0
2026-09-14T22:49:00.000+08:00,0.0,12.969661712646484,12.4794921875,0.0,nan,387.20001220703125,0.0,0.0,2646.60009765625,nan,nan,nan,65536.0
2026-09-14T22:50:00.000+08:00,0.0,12.97003173828125,12.458251953125,0.0,nan,387.8999938964844,0.0,0.0,2646.60009765625,nan,nan,nan,65536.0
2026-09-14T22:51:00.000+08:00,0.0,13.025062561035156,12.5556640625,0.0,nan,387.70001220703125,0.0,0.0,2646.60009765625,nan,nan,nan,65536.0
2026-09-14T22:52:00.000+08:00,0.0,12.96536636352539,12.53515625,0.0,nan,387.6000061035156,0.0,0.0,2646.60009765625,nan,nan,nan,65536.0
2026-09-14T22:53:00.000+08:00,0.0,13.021194458007812,12.6669921875,0.0,nan,387.79998779296875,0.0,0.0,2646.60009765625,nan,nan,nan,65536.0
2026-09-14T22:54:00.000+08:00,0.0,13.046062469482422,12.569580078125,0.0,nan,387.70001220703125,0.0,0.0,2646.60009765625,nan,nan,nan,65536.0
2026-09-14T22:55:00.000+08:00,0.0,13.09243392944336,12.736328125,0.0,nan,387.79998779296875,0.0,0.0,2646.60009765625,nan,nan,nan,65536.0
2026-09-14T22:56:00.000+08:00,0.0,13.08559799194336,12.57666015625,0.0,nan,387.8999938964844,0.0,0.0,2646.60009765625,nan,nan,nan,65536.0
2026-09-14T22:57:00.000+08:00,0.0,13.123233795166016,12.611328125,0.0,nan,387.70001220703125,0.0,0.0,2646.60009765625,nan,nan,nan,65536.0
2026-09-14T22:58:00.000+08:00,0.0,13.169174194335938,12.7294921875,0.0,nan,387.70001220703125,0.0,0.0,2646.60009765625,nan,nan,nan,65536.0
2026-09-14T22:59:00.000+08:00,0.0,13.17471694946289,12.736328125,0.0,nan,387.6000061035156,0.0,0.0,2646.60009765625,nan,nan,nan,65536.0
2026-09-14T23:00:00.000+08:00,0.0,13.242317199707031,12.645751953125,0.0,nan,387.0,0.0,0.0,2646.60009765625,nan,nan,nan,65536.0
2026-09-14T23:01:00.000+08:00,0.0,13.305652618408203,12.72265625,0.0,nan,385.70001220703125,0.0,0.0,2646.60009765625,nan,nan,nan,65536.0
2026-09-14T23:02:00.000+08:00,0.0,13.259414672851562,12.861083984375,0.0,nan,384.79998779296875,0.0,0.0,2646.60009765625,nan,nan,nan,65536.0
2026-09-14T23:03:00.000+08:00,0.0,13.347648620605469,12.8681640625,0.0,nan,384.6000061035156,0.0,0.0,2646.60009765625,nan,nan,nan,65536.0
2026-09-14T23:04:00.000+08:00,0.0,13.36983871459961,12.8681640625,0.0,nan,384.29998779296875,0.0,0.0,2646.60009765625,nan,nan,nan,65536.0
2026-09-14T23:05:00.000+08:00,0.0,13.419261932373047,12.861083984375,0.0,nan,384.29998779296875,0.0,0.0,2646.60009765625,nan,nan,nan,65536.0
2026-09-14T23:06:00.000+08:00,0.0,13.410541534423828,12.8408203125,0.0,nan,384.20001220703125,0.0,0.0,2646.60009765625,nan,nan,nan,65536.0
2026-09-14T23:07:00.000+08:00,0.0,13.406192779541016,12.8125,0.0,nan,385.20001220703125,0.0,0.0,2646.60009765625,nan,nan,nan,65536.0
2026-09-14T23:08:00.000+08:00,0.0,13.409427642822266,12.9306640625,0.0,nan,385.1000061035156,0.0,0.0,2646.60009765625,nan,nan,nan,65536.0
2026-09-14T23:09:00.000+08:00,0.0,13.471183776855469,12.972412109375,0.0,nan,385.20001220703125,0.0,0.0,2646.60009765625,nan,nan,nan,65536.0
2026-09-14T23:10:00.000+08:00,0.0,13.52499771118164,13.048583984375,0.0,nan,384.29998779296875,0.0,0.0,2646.60009765625,nan,nan,nan,65536.0
2026-09-14T23:11:00.000+08:00,0.0,13.515571594238281,13.111328125,0.0,nan,384.79998779296875,0.0,0.0,2646.60009765625,nan,nan,nan,65536.0
2026-09-14T23:12:00.000+08:00,0.0,13.619976043701172,13.1181640625,0.0,nan,385.0,0.0,0.0,2646.60009765625,nan,nan,nan,65536.0
2026-09-14T23:13:00.000+08:00,0.0,13.575782775878906,13.132080078125,0.0,nan,385.20001220703125,0.0,0.0,2646.60009765625,nan,nan,nan,65536.0
2026-09-14T23:14:00.000+08:00,0.0,13.575782775878906,13.159912109375,0.0,nan,385.1000061035156,0.0,0.0,2646.60009765625,nan,nan,nan,65536.0
2026-09-14T23:15:00.000+08:00,0.0,13.663837432861328,12.9931640625,0.0,nan,385.5,0.0,0.0,2646.60009765625,nan,nan,nan,65536.0
2026-09-14T23:16:00.000+08:00,0.0,13.670188903808594,13.013916015625,0.0,nan,385.1000061035156,0.0,0.0,2646.60009765625,nan,nan,nan,65536.0
2026-09-14T23:17:00.000+08:00,0.0,13.63479232788086,13.27099609375,0.0,nan,384.70001220703125,0.0,0.0,2646.60009765625,nan,nan,nan,65536.0
2026-09-14T23:18:00.000+08:00,0.0,13.749954223632812,13.25,0.0,nan,385.8999938964844,0.0,0.0,2646.60009765625,nan,nan,nan,65536.0
2026-09-14T23:19:00.000+08:00,0.0,13.643043518066406,13.1044921875,0.0,nan,385.6000061035156,0.0,0.0,2646.60009765625,nan,nan,nan,65536.0
2026-09-14T23:20:00.000+08:00,0.0,13.745624542236328,13.28515625,0.0,nan,386.0,0.0,0.0,2646.60009765625,nan,nan,nan,65536.0
2026-09-14T23:21:00.000+08:00,0.0,13.765010833740234,13.34765625,0.0,nan,384.3999938964844,0.0,0.0,2646.60009765625,nan,nan,nan,65536.0
2026-09-14T23:22:00.000+08:00,0.0,13.770378112792969,13.145751953125,0.0,nan,385.1000061035156,0.0,0.0,2646.60009765625,nan,nan,nan,65536.0
2026-09-14T23:23:00.000+08:00,0.0,13.76974868774414,13.284912109375,0.0,nan,384.79998779296875,0.0,0.0,2646.60009765625,nan,nan,nan,65536.0
2026-09-14T23:24:00.000+08:00,0.0,13.862255096435547,13.2158203125,0.0,nan,384.6000061035156,0.0,0.0,2646.60009765625,nan,nan,nan,65536.0
2026-09-14T23:25:00.000+08:00,0.0,13.90024185180664,13.354248046875,0.0,nan,384.5,0.0,0.0,2646.60009765625,nan,nan,nan,65536.0
2026-09-14T23:26:00.000+08:00,0.0,13.916275024414062,13.382080078125,0.0,nan,384.79998779296875,0.0,0.0,2646.60009765625,nan,nan,nan,65536.0
2026-09-14T23:27:00.000+08:00,0.0,13.986690521240234,13.375,0.0,nan,384.6000061035156,0.0,0.0,2646.60009765625,nan,nan,nan,65536.0
2026-09-14T23:28:00.000+08:00,0.0,13.895225524902344,13.423828125,0.0,nan,385.0,0.0,0.0,2646.60009765625,nan,nan,nan,65536.0
2026-09-14T23:29:00.000+08:00,0.0,13.934818267822266,13.458251953125,0.0,nan,384.79998779296875,0.0,0.0,2646.60009765625,nan,nan,nan,65536.0
2026-09-14T23:30:00.000+08:00,0.0,13.999435424804688,13.534912109375,0.0,nan,384.8999938964844,0.0,0.0,2646.60009765625,nan,nan,nan,65536.0
2026-09-14T23:31:00.000+08:00,0.0,13.941062927246094,13.41015625,0.0,nan,384.8999938964844,0.0,0.0,2646.60009765625,nan,nan,nan,65536.0
2026-09-14T23:32:00.000+08:00,0.0,nan,nan,0.0,nan,nan,nan,nan,nan,nan,nan,nan,nan
2026-09-14T23:33:00.000+08:00,0.0,14.060247421264648,13.4725341796875,0.0,nan,384.25,0.0,0.0,2646.60009765625,nan,nan,nan,65536.0
2026-09-14T23:34:00.000+08:00,0.0,14.106327056884766,13.59765625,0.0,nan,385.0,0.0,0.0,2646.60009765625,nan,nan,nan,65536.0
2026-09-14T23:35:00.000+08:00,0.0,14.187362670898438,13.611328125,0.0,nan,385.29998779296875,0.0,0.0,2646.60009765625,nan,nan,nan,65536.0
2026-09-14T23:36:00.000+08:00,0.0,14.105484008789062,13.5908203125,0.0,nan,384.8999938964844,0.0,0.0,2646.60009765625,nan,nan,nan,65536.0
2026-09-14T23:37:00.000+08:00,0.0,14.163200378417969,13.66015625,0.0,nan,385.70001220703125,0.0,0.0,2646.60009765625,nan,nan,nan,65536.0
2026-09-14T23:38:00.000+08:00,0.0,14.175487518310547,13.611328125,0.0,nan,385.5,0.0,0.0,2646.60009765625,nan,nan,nan,65536.0
2026-09-14T23:39:00.000+08:00,0.0,14.210712432861328,13.72265625,0.0,nan,385.8999938964844,0.0,0.0,2646.60009765625,nan,nan,nan,65536.0
2026-09-14T23:40:00.000+08:00,0.0,14.265705108642578,13.569580078125,0.0,nan,385.6000061035156,0.0,0.0,2646.60009765625,nan,nan,nan,65536.0
2026-09-14T23:41:00.000+08:00,0.0,14.247184753417969,13.8056640625,0.0,nan,386.0,0.0,0.0,2646.60009765625,nan,nan,nan,65536.0
2026-09-14T23:42:00.000+08:00,0.0,14.216941833496094,13.659912109375,0.0,nan,386.29998779296875,0.0,0.0,2646.60009765625,nan,nan,nan,65536.0
2026-09-14T23:43:00.000+08:00,0.0,14.311370849609375,13.784912109375,0.0,nan,385.79998779296875,0.0,0.0,2646.60009765625,nan,nan,nan,65536.0
2026-09-14T23:44:00.000+08:00,0.0,14.28676986694336,13.736328125,0.0,nan,385.6000061035156,0.0,0.0,2646.60009765625,nan,nan,nan,65536.0
2026-09-14T23:45:00.000+08:00,0.0,14.356761932373047,13.6875,0.0,nan,386.1000061035156,0.0,0.0,2646.60009765625,nan,nan,nan,65536.0
2026-09-14T23:46:00.000+08:00,0.0,14.344467163085938,13.6875,0.0,nan,385.79998779296875,0.0,0.0,2646.60009765625,nan,nan,nan,65536.0
2026-09-14T23:47:00.000+08:00,0.0,14.373870849609375,13.694580078125,0.0,nan,385.70001220703125,0.0,0.0,2646.60009765625,nan,nan,nan,65536.0
2026-09-14T23:48:00.000+08:00,0.0,14.395919799804688,13.8681640625,0.0,nan,385.8999938964844,0.0,0.0,2646.60009765625,nan,nan,nan,65536.0
2026-09-14T23:49:00.000+08:00,0.0,14.407684326171875,13.979248046875,0.0,nan,385.6000061035156,0.0,0.0,2646.60009765625,nan,nan,nan,65536.0
2026-09-14T23:50:00.000+08:00,0.0,14.432415008544922,13.8681640625,0.0,nan,385.3999938964844,0.0,0.0,2646.60009765625,nan,nan,nan,65536.0
2026-09-14T23:51:00.000+08:00,0.0,14.385318756103516,13.9169921875,0.0,nan,386.1000061035156,0.0,0.0,2646.60009765625,nan,nan,nan,65536.0
2026-09-14T23:52:00.000+08:00,0.0,14.490955352783203,13.8681640625,0.0,nan,386.1000061035156,0.0,0.0,2646.60009765625,nan,nan,nan,65536.0
2026-09-14T23:53:00.000+08:00,0.0,14.464103698730469,13.826416015625,0.0,nan,385.8999938964844,0.0,0.0,2646.60009765625,nan,nan,nan,65536.0
2026-09-14T23:54:00.000+08:00,0.0,14.553001403808594,13.9306640625,0.0,nan,386.0,0.0,0.0,2646.60009765625,nan,nan,nan,65536.0
2026-09-14T23:55:00.000+08:00,0.0,14.516395568847656,14.034912109375,0.0,nan,386.6000061035156,0.0,0.0,2646.60009765625,nan,nan,nan,65536.0
2026-09-14T23:56:00.000+08:00,0.0,14.555591583251953,13.9033203125,0.0,nan,386.79998779296875,0.0,0.0,2646.60009765625,nan,nan,nan,65536.0
2026-09-14T23:57:00.000+08:00,0.0,14.592082977294922,14.03515625,0.0,nan,386.79998779296875,0.0,0.0,2646.60009765625,nan,nan,nan,65536.0
2026-09-14T23:58:00.000+08:00,0.0,14.575801849365234,14.111328125,0.0,nan,386.29998779296875,0.0,0.0,2646.60009765625,nan,nan,nan,65536.0
2026-09-14T23:59:00.000+08:00,0.0,nan,nan,0.0,nan,nan,nan,nan,nan,nan,nan,nan,nan
