timestamp,門診大樓_AH_3_2冰水流量,門診大樓_AH_3_2溫度1,門診大樓_AH_3_2溫度2,門診大樓_AH_3_2冷凍頓,門診大樓_AH_3_2冰水效率,門診大樓_AH_3_2電壓平均,門診大樓_AH_3_2電流平均,門診大樓_AH_3_2輸出功率,門診大樓_AH_3_2輸出功率千瓦時,門診大樓_AH_3_2_1 EC_FAN直流電壓,門診大樓_AH_3_2_1 EC_FAN直流電流,門診大樓_AH_3_2_1 EC_FAN有效功率,門診大樓_AH_3_2_1 EC_FAN輸出功率千瓦時,門診大樓_AH_3_2_2 EC_FAN直流電壓,門診大樓_AH_3_2_2 EC_FAN直流電流,門診大樓_AH_3_2_2 EC_FAN有效功率,門診大樓_AH_3_2_2 EC_FAN輸出功率千瓦時,門診大樓_AH_3_2_3 EC_FAN直流電壓,門診大樓_AH_3_2_3 EC_FAN直流電流,門診大樓_AH_3_2_3 EC_FAN有效功率,門診大樓_AH_3_2_3 EC_FAN輸出功率千瓦時
2026-09-14T00:00:00.000+08:00,0.0,22.42521572113037,22.708984375,0.0,nan,386.15000915527344,0.0,0.0,2117.89990234375,nan,nan,nan,65536.0,nan,nan,nan,65536.0,nan,nan,nan,65536.0
2026-09-14T00:01:00.000+08:00,0.0,22.43395233154297,22.70849609375,0.0,nan,386.20001220703125,0.0,0.0,2117.89990234375,nan,nan,nan,65536.0,nan,nan,nan,65536.0,nan,nan,nan,65536.0
2026-09-14T00:02:00.000+08:00,0.0,22.42671775817871,22.70849609375,0.0,nan,385.79998779296875,0.0,0.0,2117.89990234375,nan,nan,nan,65536.0,nan,nan,nan,65536.0,nan,nan,nan,65536.0
2026-09-14T00:03:00.000+08:00,0.0,22.448631286621094,22.681640625,0.0,nan,385.70001220703125,0.0,0.0,2117.89990234375,nan,nan,nan,65536.0,nan,nan,nan,65536.0,nan,nan,nan,65536.0
2026-09-14T00:04:00.000+08:00,0.0,22.434186935424805,22.6669921875,0.0,nan,385.79998779296875,0.0,0.0,2117.89990234375,nan,nan,nan,65536.0,nan,nan,nan,65536.0,nan,nan,nan,65536.0
2026-09-14T00:05:00.000+08:00,0.0,22.418798446655273,22.681640625,0.0,nan,385.79998779296875,0.0,0.0,2117.89990234375,nan,nan,nan,65536.0,nan,nan,nan,65536.0,nan,nan,nan,65536.0
2026-09-14T00:06:00.000+08:00,0.0,22.42487335205078,22.708984375,0.0,nan,385.8999938964844,0.0,0.0,2117.89990234375,nan,nan,nan,65536.0,nan,nan,nan,65536.0,nan,nan,nan,65536.0
2026-09-14T00:07:00.000+08:00,0.0,22.410879135131836,22.708984375,0.0,nan,385.70001220703125,0.0,0.0,2117.89990234375,nan,nan,nan,65536.0,nan,nan,nan,65536.0,nan,nan,nan,65536.0
2026-09-14T00:08:00.000+08:00,0.0,22.442813873291016,22.736328125,0.0,nan,385.79998779296875,0.0,0.0,2117.89990234375,nan,nan,nan,65536.0,nan,nan,nan,65536.0,nan,nan,nan,65536.0
2026-09-14T00:09:00.000+08:00,0.0,22.436506271362305,22.63916015625,0.0,nan,385.6000061035156,0.0,0.0,2117.89990234375,nan,nan,nan,65536.0,nan,nan,nan,65536.0,nan,nan,nan,65536.0
2026-09-14T00:10:00.000+08:00,0.0,22.420429229736328,22.72265625,0.0,nan,385.79998779296875,0.0,0.0,2117.89990234375,nan,nan,nan,65536.0,nan,nan,nan,65536.0,nan,nan,nan,65536.0
2026-09-14T00:11:00.000+08:00,0.0,22.444210052490234,22.736328125,0.0,nan,385.79998779296875,0.0,0.0,2117.89990234375,nan,nan,nan,65536.0,nan,nan,nan,65536.0,nan,nan,nan,65536.0
2026-09-14T00:12:00.000+08:00,0.0,22.429058074951172,22.70849609375,0.0,nan,385.6000061035156,0.0,0.0,2117.89990234375,nan,nan,nan,65536.0,nan,nan,nan,65536.0,nan,nan,nan,65536.0
2026-09-14T00:13:00.000+08:00,0.0,22.4260311126709,22.736328125,0.0,nan,385.70001220703125,0.0,0.0,2117.89990234375,nan,nan,nan,65536.0,nan,nan,nan,65536.0,nan,nan,nan,65536.0
2026-09-14T00:14:00.000+08:00,0.0,22.446073532104492,22.736328125,0.0,nan,385.3999938964844,0.0,0.0,2117.89990234375,nan,nan,nan,65536.0,nan,nan,nan,65536.0,nan,nan,nan,65536.0
2026-09-14T00:15:00.000+08:00,0.0,22.458396911621094,22.6953125,0.0,nan,384.8999938964844,0.0,0.0,2117.89990234375,nan,nan,nan,65536.0,nan,nan,nan,65536.0,nan,nan,nan,65536.0
2026-09-14T00:16:00.000+08:00,0.0,22.444425582885742,22.625,0.0,nan,385.6000061035156,0.0,0.0,2117.89990234375,nan,nan,nan,65536.0,nan,nan,nan,65536.0,nan,nan,nan,65536.0
2026-09-14T00:17:00.000+08:00,0.0,22.44255828857422,22.6953125,0.0,nan,385.5,0.0,0.0,2117.89990234375,nan,nan,nan,65536.0,nan,nan,nan,65536.0,nan,nan,nan,65536.0
2026-09-14T00:18:00.000+08:00,0.0,22.437448501586914,22.708984375,0.0,nan,385.5,0.0,0.0,2117.89990234375,nan,nan,nan,65536.0,nan,nan,nan,65536.0,nan,nan,nan,65536.0
2026-09-14T00:19:00.000+08:00,0.0,22.449790954589844,22.63916015625,0.0,nan,385.3999938964844,0.0,0.0,2117.89990234375,nan,nan,nan,65536.0,nan,nan,nan,65536.0,nan,nan,nan,65536.0
2026-09-14T00:20:00.000+08:00,0.0,22.44908332824707,22.625,0.0,nan,385.79998779296875,0.0,0.0,2117.89990234375,nan,nan,nan,65536.0,nan,nan,nan,65536.0,nan,nan,nan,65536.0
2026-09-14T00:21:00.000+08:00,0.0,22.43347930908203,22.72265625,0.0,nan,385.79998779296875,0.0,0.0,2117.89990234375,nan,nan,nan,65536.0,nan,nan,nan,65536.0,nan,nan,nan,65536.0
2026-09-14T00:22:00.000+08:00,0.0,22.44466209411621,22.708984375,0.0,nan,385.79998779296875,0.0,0.0,2117.89990234375,nan,nan,nan,65536.0,nan,nan,nan,65536.0,nan,nan,nan,65536.0
2026-09-14T00:23:00.000+08:00,0.0,22.43813705444336,22.708984375,0.0,nan,385.79998779296875,0.0,0.0,2117.89990234375,nan,nan,nan,65536.0,nan,nan,nan,65536.0,nan,nan,nan,65536.0
2026-09-14T00:24:00.000+08:00,0.0,22.453289031982422,22.69482421875,0.0,nan,386.20001220703125,0.0,0.0,2117.89990234375,nan,nan,nan,65536.0,nan,nan,nan,65536.0,nan,nan,nan,65536.0
2026-09-14T00:25:00.000+08:00,0.0,22.433027267456055,22.6806640625,0.0,nan,386.3999938964844,0.0,0.0,2117.89990234375,nan,nan,nan,65536.0,nan,nan,nan,65536.0,nan,nan,nan,65536.0
2026-09-14T00:26:00.000+08:00,0.0,22.43463897705078,22.6953125,0.0,nan,386.29998779296875,0.0,0.0,2117.89990234375,nan,nan,nan,65536.0,nan,nan,nan,65536.0,nan,nan,nan,65536.0
2026-09-14T00:27:00.000+08:00,0.0,22.42929458618164,22.63916015625,0.0,nan,386.20001220703125,0.0,0.0,2117.89990234375,nan,nan,nan,65536.0,nan,nan,nan,65536.0,nan,nan,nan,65536.0
2026-09-14T00:28:00.000+08:00,0.0,22.44023895263672,22.736328125,0.0,nan,386.3999938964844,0.0,0.0,2117.89990234375,nan,nan,nan,65536.0,nan,nan,nan,65536.0,nan,nan,nan,65536.0
2026-09-14T00:29:00.000+08:00,0.0,22.4337158203125,22.63916015625,0.0,nan,386.29998779296875,0.0,0.0,2117.89990234375,nan,nan,nan,65536.0,nan,nan,nan,65536.0,nan,nan,nan,65536.0
2026-09-14T00:30:00.000+08:00,0.0,22.461206436157227,22.708984375,0.0,nan,386.6000061035156,0.0,0.0,2117.89990234375,nan,nan,nan,65536.0,nan,nan,nan,65536.0,nan,nan,nan,65536.0
2026-09-14T00:31:00.000+08:00,0.0,22.461660385131836,22.72216796875,0.0,nan,385.8999938964844,0.0,0.0,2117.89990234375,nan,nan,nan,65536.0,nan,nan,nan,65536.0,nan,nan,nan,65536.0
2026-09-14T00:32:00.000+08:00,0.0,22.426267623901367,22.66650390625,0.0,nan,385.8999938964844,0.0,0.0,2117.89990234375,nan,nan,nan,65536.0,nan,nan,nan,65536.0,nan,nan,nan,65536.0
2026-09-14T00:33:00.000+08:00,0.0,22.440711975097656,22.70849609375,0.0,nan,386.20001220703125,0.0,0.0,2117.89990234375,nan,nan,nan,65536.0,nan,nan,nan,65536.0,nan,nan,nan,65536.0
2026-09-14T00:34:00.000+08:00,0.0,22.433244705200195,22.65283203125,0.0,nan,386.3999938964844,0.0,0.0,2117.89990234375,nan,nan,nan,65536.0,nan,nan,nan,65536.0,nan,nan,nan,65536.0
2026-09-14T00:35:00.000+08:00,0.0,22.46307373046875,22.736328125,0.0,nan,386.3999938964844,0.0,0.0,2117.89990234375,nan,nan,nan,65536.0,nan,nan,nan,65536.0,nan,nan,nan,65536.0
2026-09-14T00:36:00.000+08:00,0.0,22.437448501586914,22.72216796875,0.0,nan,386.5,0.0,0.0,2117.89990234375,nan,nan,nan,65536.0,nan,nan,nan,65536.0,nan,nan,nan,65536.0
2026-09-14T00:37:00.000+08:00,0.0,22.45560646057129,22.70849609375,0.0,nan,386.29998779296875,0.0,0.0,2117.89990234375,nan,nan,nan,65536.0,nan,nan,nan,65536.0,nan,nan,nan,65536.0
2026-09-14T00:38:00.000+08:00,0.0,22.427427291870117,22.72216796875,0.0,nan,386.3999938964844,0.0,0.0,2117.89990234375,nan,nan,nan,65536.0,nan,nan,nan,65536.0,nan,nan,nan,65536.0
2026-09-14T00:39:00.000+08:00,0.0,22.434186935424805,22.65283203125,0.0,nan,386.5,0.0,0.0,2117.89990234375,nan,nan,nan,65536.0,nan,nan,nan,65536.0,nan,nan,nan,65536.0
2026-09-14T00:40:00.000+08:00,0.0,22.4234561920166,22.63916015625,0.0,nan,386.3999938964844,0.0,0.0,2117.89990234375,nan,nan,nan,65536.0,nan,nan,nan,65536.0,nan,nan,nan,65536.0
2026-09-14T00:41:00.000+08:00,0.0,22.45515251159668,22.70849609375,0.0,nan,386.3999938964844,0.0,0.0,2117.89990234375,nan,nan,nan,65536.0,nan,nan,nan,65536.0,nan,nan,nan,65536.0
2026-09-14T00:42:00.000+08:00,0.0,22.441164016723633,22.708984375,0.0,nan,386.29998779296875,0.0,0.0,2117.89990234375,nan,nan,nan,65536.0,nan,nan,nan,65536.0,nan,nan,nan,65536.0
2026-09-14T00:43:00.000+08:00,0.0,22.44792366027832,22.736328125,0.0,nan,386.6000061035156,0.0,0.0,2117.89990234375,nan,nan,nan,65536.0,nan,nan,nan,65536.0,nan,nan,nan,65536.0
2026-09-14T00:44:00.000+08:00,0.0,22.436054229736328,22.72265625,0.0,nan,386.79998779296875,0.0,0.0,2117.89990234375,nan,nan,nan,65536.0,nan,nan,nan,65536.0,nan,nan,nan,65536.0
2026-09-14T00:45:00.000+08:00,0.0,22.43813705444336,22.708984375,0.0,nan,386.70001220703125,0.0,0.0,2117.89990234375,nan,nan,nan,65536.0,nan,nan,nan,65536.0,nan,nan,nan,65536.0
2026-09-14T00:46:00.000+08:00,0.0,22.44676399230957,22.625,0.0,nan,386.3999938964844,0.0,0.0,2117.89990234375,nan,nan,nan,65536.0,nan,nan,nan,65536.0,nan,nan,nan,65536.0
2026-09-14T00:47:00.000+08:00,0.0,22.430217742919922,22.708984375,0.0,nan,386.3999938964844,0.0,0.0,2117.89990234375,nan,nan,nan,65536.0,nan,nan,nan,65536.0,nan,nan,nan,65536.0
2026-09-14T00:48:00.000+08:00,0.0,22.434186935424805,22.625,0.0,nan,386.5,0.0,0.0,2117.89990234375,nan,nan,nan,65536.0,nan,nan,nan,65536.0,nan,nan,nan,65536.0
2026-09-14T00:49:00.000+08:00,0.0,22.430217742919922,22.72216796875,0.0,nan,386.70001220703125,0.0,0.0,2117.89990234375,nan,nan,nan,65536.0,nan,nan,nan,65536.0,nan,nan,nan,65536.0
2026-09-14T00:50:00.000+08:00,0.0,22.459810256958008,22.625,0.0,nan,386.70001220703125,0.0,0.0,2117.89990234375,nan,nan,nan,65536.0,nan,nan,nan,65536.0,nan,nan,nan,65536.0
2026-09-14T00:51:00.000+08:00,0.0,22.438844680786133,22.70849609375,0.0,nan,386.8999938964844,0.0,0.0,2117.89990234375,nan,nan,nan,65536.0,nan,nan,nan,65536.0,nan,nan,nan,65536.0
2026-09-14T00:52:00.000+08:00,0.0,22.441871643066406,22.65283203125,0.0,nan,386.8999938964844,0.0,0.0,2117.89990234375,nan,nan,nan,65536.0,nan,nan,nan,65536.0,nan,nan,nan,65536.0
2026-09-14T00:53:00.000+08:00,0.0,22.442813873291016,22.6953125,0.0,nan,387.0,0.0,0.0,2117.89990234375,nan,nan,nan,65536.0,nan,nan,nan,65536.0,nan,nan,nan,65536.0
2026-09-14T00:54:00.000+08:00,0.0,22.43045425415039,22.70849609375,0.0,nan,387.20001220703125,0.0,0.0,2117.89990234375,nan,nan,nan,65536.0,nan,nan,nan,65536.0,nan,nan,nan,65536.0
2026-09-14T00:55:00.000+08:00,0.0,22.441871643066406,22.69482421875,0.0,nan,386.8999938964844,0.0,0.0,2117.89990234375,nan,nan,nan,65536.0,nan,nan,nan,65536.0,nan,nan,nan,65536.0
2026-09-14T00:56:00.000+08:00,0.0,22.437448501586914,22.708984375,0.0,nan,386.8999938964844,0.0,0.0,2117.89990234375,nan,nan,nan,65536.0,nan,nan,nan,65536.0,nan,nan,nan,65536.0
2026-09-14T00:57:00.000+08:00,0.0,22.436054229736328,22.625,0.0,nan,386.70001220703125,0.0,0.0,2117.89990234375,nan,nan,nan,65536.0,nan,nan,nan,65536.0,nan,nan,nan,65536.0
2026-09-14T00:58:00.000+08:00,0.0,nan,nan,0.0,nan,nan,nan,nan,nan,nan,nan,nan,nan,nan,nan,nan,nan,nan,nan,nan,nan
2026-09-14T00:59:00.000+08:00,0.0,22.439542770385742,22.6806640625,0.0,nan,386.79998779296875,0.0,0.0,2117.89990234375,nan,nan,nan,65536.0,nan,nan,nan,65536.0,nan,nan,nan,65536.0
2026-09-14T01:00:00.000+08:00,0.0,22.44255828857422,22.66650390625,0.0,nan,386.70001220703125,0.0,0.0,2117.89990234375,nan,nan,nan,65536.0,nan,nan,nan,65536.0,nan,nan,nan,65536.0
2026-09-14T01:01:00.000+08:00,0.0,22.43790054321289,22.70849609375,0.0,nan,386.70001220703125,0.0,0.0,2117.89990234375,nan,nan,nan,65536.0,nan,nan,nan,65536.0,nan,nan,nan,65536.0
2026-09-14T01:02:00.000+08:00,0.0,22.423690795898438,22.6953125,0.0,nan,387.0,0.0,0.0,2117.89990234375,nan,nan,nan,65536.0,nan,nan,nan,65536.0,nan,nan,nan,65536.0
2026-09-14T01:03:00.000+08:00,0.0,22.429529190063477,22.625,0.0,nan,387.1000061035156,0.0,0.0,2117.89990234375,nan,nan,nan,65536.0,nan,nan,nan,65536.0,nan,nan,nan,65536.0
2026-09-14T01:04:00.000+08:00,0.0,22.438844680786133,22.70849609375,0.0,nan,387.0,0.0,0.0,2117.89990234375,nan,nan,nan,65536.0,nan,nan,nan,65536.0,nan,nan,nan,65536.0
2026-09-14T01:05:00.000+08:00,0.0,22.425107955932617,22.63916015625,0.0,nan,387.1000061035156,0.0,0.0,2117.89990234375,nan,nan,nan,65536.0,nan,nan,nan,65536.0,nan,nan,nan,65536.0
2026-09-14T01:06:00.000+08:00,0.0,22.429981231689453,22.72265625,0.0,nan,387.29998779296875,0.0,0.0,2117.89990234375,nan,nan,nan,65536.0,nan,nan,nan,65536.0,nan,nan,nan,65536.0
2026-09-14T01:07:00.000+08:00,0.0,22.43790054321289,22.70849609375,0.0,nan,387.1000061035156,0.0,0.0,2117.89990234375,nan,nan,nan,65536.0,nan,nan,nan,65536.0,nan,nan,nan,65536.0
2026-09-14T01:08:00.000+08:00,0.0,22.42695426940918,22.72265625,0.0,nan,387.20001220703125,0.0,0.0,2117.89990234375,nan,nan,nan,65536.0,nan,nan,nan,65536.0,nan,nan,nan,65536.0
2026-09-14T01:09:00.000+08:00,0.0,22.433244705200195,22.65283203125,0.0,nan,387.3999938964844,0.0,0.0,2117.89990234375,nan,nan,nan,65536.0,nan,nan,nan,65536.0,nan,nan,nan,65536.0
2026-09-14T01:10:00.000+08:00,0.0,22.448631286621094,22.70849609375,0.0,nan,387.20001220703125,0.0,0.0,2117.89990234375,nan,nan,nan,65536.0,nan,nan,nan,65536.0,nan,nan,nan,65536.0
2026-09-14T01:11:00.000+08:00,0.0,22.427663803100586,22.6533203125,0.0,nan,387.1000061035156,0.0,0.0,2117.89990234375,nan,nan,nan,65536.0,nan,nan,nan,65536.0,nan,nan,nan,65536.0
2026-09-14T01:12:00.000+08:00,0.0,22.441164016723633,22.6953125,0.0,nan,387.20001220703125,0.0,0.0,2117.89990234375,nan,nan,nan,65536.0,nan,nan,nan,65536.0,nan,nan,nan,65536.0
2026-09-14T01:13:00.000+08:00,0.0,22.45212745666504,22.72265625,0.0,nan,387.1000061035156,0.0,0.0,2117.89990234375,nan,nan,nan,65536.0,nan,nan,nan,65536.0,nan,nan,nan,65536.0
2026-09-14T01:14:00.000+08:00,0.0,22.434186935424805,22.736328125,0.0,nan,386.79998779296875,0.0,0.0,2117.89990234375,nan,nan,nan,65536.0,nan,nan,nan,65536.0,nan,nan,nan,65536.0
2026-09-14T01:15:00.000+08:00,0.0,22.438608169555664,22.736328125,0.0,nan,386.70001220703125,0.0,0.0,2117.89990234375,nan,nan,nan,65536.0,nan,nan,nan,65536.0,nan,nan,nan,65536.0
2026-09-14T01:16:00.000+08:00,0.0,22.45189094543457,22.66650390625,0.0,nan,386.70001220703125,0.0,0.0,2117.89990234375,nan,nan,nan,65536.0,nan,nan,nan,65536.0,nan,nan,nan,65536.0
2026-09-14T01:17:00.000+08:00,0.0,22.429529190063477,22.69482421875,0.0,nan,386.70001220703125,0.0,0.0,2117.89990234375,nan,nan,nan,65536.0,nan,nan,nan,65536.0,nan,nan,nan,65536.0
2026-09-14T01:18:00.000+08:00,0.0,22.430925369262695,22.625,0.0,nan,386.70001220703125,0.0,0.0,2117.89990234375,nan,nan,nan,65536.0,nan,nan,nan,65536.0,nan,nan,nan,65536.0
2026-09-14T01:19:00.000+08:00,0.0,22.45073127746582,22.72265625,0.0,nan,386.8999938964844,0.0,0.0,2117.89990234375,nan,nan,nan,65536.0,nan,nan,nan,65536.0,nan,nan,nan,65536.0
2026-09-14T01:20:00.000+08:00,0.0,22.43231964111328,22.70849609375,0.0,nan,387.3999938964844,0.0,0.0,2117.89990234375,nan,nan,nan,65536.0,nan,nan,nan,65536.0,nan,nan,nan,65536.0
2026-09-14T01:21:00.000+08:00,0.0,22.447235107421875,22.625,0.0,nan,386.8999938964844,0.0,0.0,2117.89990234375,nan,nan,nan,65536.0,nan,nan,nan,65536.0,nan,nan,nan,65536.0
2026-09-14T01:22:00.000+08:00,0.0,22.435583114624023,22.681640625,0.0,nan,387.0,0.0,0.0,2117.89990234375,nan,nan,nan,65536.0,nan,nan,nan,65536.0,nan,nan,nan,65536.0
2026-09-14T01:23:00.000+08:00,0.0,22.430688858032227,22.625,0.0,nan,387.3999938964844,0.0,0.0,2117.89990234375,nan,nan,nan,65536.0,nan,nan,nan,65536.0,nan,nan,nan,65536.0
2026-09-14T01:24:00.000+08:00,0.0,22.43347930908203,22.69482421875,0.0,nan,387.20001220703125,0.0,0.0,2117.89990234375,nan,nan,nan,65536.0,nan,nan,nan,65536.0,nan,nan,nan,65536.0
2026-09-14T01:25:00.000+08:00,0.0,22.574790954589844,22.70849609375,0.0,nan,387.1000061035156,0.0,0.0,2117.89990234375,nan,nan,nan,65536.0,nan,nan,nan,65536.0,nan,nan,nan,65536.0
2026-09-14T01:26:00.000+08:00,0.0,22.44676399230957,22.72265625,0.0,nan,387.3999938964844,0.0,0.0,2117.89990234375,nan,nan,nan,65536.0,nan,nan,nan,65536.0,nan,nan,nan,65536.0
2026-09-14T01:27:00.000+08:00,0.0,22.43487548828125,22.736328125,0.0,nan,387.29998779296875,0.0,0.0,2117.89990234375,nan,nan,nan,65536.0,nan,nan,nan,65536.0,nan,nan,nan,65536.0
2026-09-14T01:28:00.000+08:00,0.0,22.43813705444336,22.72265625,0.0,nan,387.20001220703125,0.0,0.0,2117.89990234375,nan,nan,nan,65536.0,nan,nan,nan,65536.0,nan,nan,nan,65536.0
2026-09-14T01:29:00.000+08:00,0.0,22.443265914916992,22.72216796875,0.0,nan,387.29998779296875,0.0,0.0,2117.89990234375,nan,nan,nan,65536.0,nan,nan,nan,65536.0,nan,nan,nan,65536.0
2026-09-14T01:30:00.000+08:00,0.0,22.593181610107422,22.70849609375,0.0,nan,387.5,0.0,0.0,2117.89990234375,nan,nan,nan,65536.0,nan,nan,nan,65536.0,nan,nan,nan,65536.0
2026-09-14T01:31:00.000+08:00,0.0,22.433244705200195,22.625,0.0,nan,387.29998779296875,0.0,0.0,2117.89990234375,nan,nan,nan,65536.0,nan,nan,nan,65536.0,nan,nan,nan,65536.0
2026-09-14T01:32:00.000+08:00,0.0,22.4465274810791,22.72216796875,0.0,nan,386.79998779296875,0.0,0.0,2117.89990234375,nan,nan,nan,65536.0,nan,nan,nan,65536.0,nan,nan,nan,65536.0
2026-09-14T01:33:00.000+08:00,0.0,22.4514217376709,22.65283203125,0.0,nan,386.79998779296875,0.0,0.0,2117.89990234375,nan,nan,nan,65536.0,nan,nan,nan,65536.0,nan,nan,nan,65536.0
2026-09-14T01:34:00.000+08:00,0.0,22.568973541259766,22.6953125,0.0,nan,387.20001220703125,0.0,0.0,2117.89990234375,nan,nan,nan,65536.0,nan,nan,nan,65536.0,nan,nan,nan,65536.0
2026-09-14T01:35:00.000+08:00,0.0,22.584102630615234,22.72216796875,0.0,nan,387.5,0.0,0.0,2117.89990234375,nan,nan,nan,65536.0,nan,nan,nan,65536.0,nan,nan,nan,65536.0
2026-09-14T01:36:00.000+08:00,0.0,22.587366104125977,22.736328125,0.0,nan,387.3999938964844,0.0,0.0,2117.89990234375,nan,nan,nan,65536.0,nan,nan,nan,65536.0,nan,nan,nan,65536.0
2026-09-14T01:37:00.000+08:00,0.0,22.568973541259766,22.736328125,0.0,nan,387.29998779296875,0.0,0.0,2117.89990234375,nan,nan,nan,65536.0,nan,nan,nan,65536.0,nan,nan,nan,65536.0
2026-09-14T01:38:00.000+08:00,0.0,22.436742782592773,22.69482421875,0.0,nan,387.29998779296875,0.0,0.0,2117.89990234375,nan,nan,nan,65536.0,nan,nan,nan,65536.0,nan,nan,nan,65536.0
2026-09-14T01:39:00.000+08:00,0.0,22.556377410888672,22.70849609375,0.0,nan,386.8999938964844,0.0,0.0,2117.89990234375,nan,nan,nan,65536.0,nan,nan,nan,65536.0,nan,nan,nan,65536.0
2026-09-14T01:40:00.000+08:00,0.0,22.440711975097656,22.70849609375,0.0,nan,387.3999938964844,0.0,0.0,2117.89990234375,nan,nan,nan,65536.0,nan,nan,nan,65536.0,nan,nan,nan,65536.0
2026-09-14T01:41:00.000+08:00,0.0,22.57292366027832,22.69482421875,0.0,nan,387.20001220703125,0.0,0.0,2117.89990234375,nan,nan,nan,65536.0,nan,nan,nan,65536.0,nan,nan,nan,65536.0
2026-09-14T01:42:00.000+08:00,0.0,22.57712745666504,22.69482421875,0.0,nan,387.3999938964844,0.0,0.0,2117.89990234375,nan,nan,nan,65536.0,nan,nan,nan,65536.0,nan,nan,nan,65536.0
2026-09-14T01:43:00.000+08:00,0.0,22.565711975097656,22.6953125,0.0,nan,387.1000061035156,0.0,0.0,2117.89990234375,nan,nan,nan,65536.0,nan,nan,nan,65536.0,nan,nan,nan,65536.0
2026-09-14T01:44:00.000+08:00,0.0,22.59809684753418,22.736328125,0.0,nan,387.1000061035156,0.0,0.0,2117.89990234375,nan,nan,nan,65536.0,nan,nan,nan,65536.0,nan,nan,nan,65536.0
2026-09-14T01:45:00.000+08:00,0.0,22.435346603393555,22.69482421875,0.0,nan,387.3999938964844,0.0,0.0,2117.89990234375,nan,nan,nan,65536.0,nan,nan,nan,65536.0,nan,nan,nan,65536.0
2026-09-14T01:46:00.000+08:00,0.0,22.443973541259766,22.708984375,0.0,nan,387.1000061035156,0.0,0.0,2117.89990234375,nan,nan,nan,65536.0,nan,nan,nan,65536.0,nan,nan,nan,65536.0
2026-09-14T01:47:00.000+08:00,0.0,22.573631286621094,22.736328125,0.0,nan,387.6000061035156,0.0,0.0,2117.89990234375,nan,nan,nan,65536.0,nan,nan,nan,65536.0,nan,nan,nan,65536.0
2026-09-14T01:48:00.000+08:00,0.0,22.446073532104492,22.63916015625,0.0,nan,387.5,0.0,0.0,2117.89990234375,nan,nan,nan,65536.0,nan,nan,nan,65536.0,nan,nan,nan,65536.0
2026-09-14T01:49:00.000+08:00,0.0,22.437448501586914,22.63916015625,0.0,nan,387.8999938964844,0.0,0.0,2117.89990234375,nan,nan,nan,65536.0,nan,nan,nan,65536.0,nan,nan,nan,65536.0
2026-09-14T01:50:00.000+08:00,0.0,22.58038902282715,22.63916015625,0.0,nan,387.5,0.0,0.0,2117.89990234375,nan,nan,nan,65536.0,nan,nan,nan,65536.0,nan,nan,nan,65536.0
2026-09-14T01:51:00.000+08:00,0.0,22.579681396484375,22.69482421875,0.0,nan,387.3999938964844,0.0,0.0,2117.89990234375,nan,nan,nan,65536.0,nan,nan,nan,65536.0,nan,nan,nan,65536.0
2026-09-14T01:52:00.000+08:00,0.0,22.56545639038086,22.66650390625,0.0,nan,387.5,0.0,0.0,2117.89990234375,nan,nan,nan,65536.0,nan,nan,nan,65536.0,nan,nan,nan,65536.0
2026-09-14T01:53:00.000+08:00,0.0,22.453052520751953,22.681640625,0.0,nan,387.70001220703125,0.0,0.0,2117.89990234375,nan,nan,nan,65536.0,nan,nan,nan,65536.0,nan,nan,nan,65536.0
2026-09-14T01:54:00.000+08:00,0.0,22.436742782592773,22.72216796875,0.0,nan,387.0,0.0,0.0,2117.89990234375,nan,nan,nan,65536.0,nan,nan,nan,65536.0,nan,nan,nan,65536.0
2026-09-14T01:55:00.000+08:00,0.0,22.57573127746582,22.63916015625,0.0,nan,387.0,0.0,0.0,2117.89990234375,nan,nan,nan,65536.0,nan,nan,nan,65536.0,nan,nan,nan,65536.0
2026-09-14T01:56:00.000+08:00,0.0,22.453289031982422,22.708984375,0.0,nan,386.79998779296875,0.0,0.0,2117.89990234375,nan,nan,nan,65536.0,nan,nan,nan,65536.0,nan,nan,nan,65536.0
2026-09-14T01:57:00.000+08:00,0.0,nan,nan,0.0,nan,nan,nan,nan,nan,nan,nan,nan,nan,nan,nan,nan,nan,nan,nan,nan,nan
2026-09-14T01:58:00.000+08:00,0.0,22.451311111450195,22.659912109375,0.0,nan,386.65000915527344,0.0,0.0,2117.89990234375,nan,nan,nan,65536.0,nan,nan,nan,65536.0,nan,nan,nan,65536.0
2026-09-14T01:59:00.000+08:00,0.0,22.57268714904785,22.625,0.0,nan,386.3999938964844,0.0,0.0,2117.89990234375,nan,nan,nan,65536.0,nan,nan,nan,65536.0,nan,nan,nan,65536.0
2026-09-14T02:00:00.000+08:00,0.0,22.591318130493164,22.736328125,0.0,nan,386.6000061035156,0.0,0.0,2117.89990234375,nan,nan,nan,65536.0,nan,nan,nan,65536.0,nan,nan,nan,65536.0
2026-09-14T02:01:00.000+08:00,0.0,22.574317932128906,22.70849609375,0.0,nan,386.1000061035156,0.0,0.0,2117.89990234375,nan,nan,nan,65536.0,nan,nan,nan,65536.0,nan,nan,nan,65536.0
2026-09-14T02:02:00.000+08:00,0.0,22.57758140563965,22.72216796875,0.0,nan,386.20001220703125,0.0,0.0,2117.89990234375,nan,nan,nan,65536.0,nan,nan,nan,65536.0,nan,nan,nan,65536.0
2026-09-14T02:03:00.000+08:00,0.0,22.586660385131836,22.736328125,0.0,nan,386.20001220703125,0.0,0.0,2117.89990234375,nan,nan,nan,65536.0,nan,nan,nan,65536.0,nan,nan,nan,65536.0
2026-09-14T02:04:00.000+08:00,0.0,22.583396911621094,22.736328125,0.0,nan,385.79998779296875,0.0,0.0,2117.89990234375,nan,nan,nan,65536.0,nan,nan,nan,65536.0,nan,nan,nan,65536.0
2026-09-14T02:05:00.000+08:00,0.0,22.580842971801758,22.708984375,0.0,nan,386.0,0.0,0.0,2117.89990234375,nan,nan,nan,65536.0,nan,nan,nan,65536.0,nan,nan,nan,65536.0
2026-09-14T02:06:00.000+08:00,0.0,22.565004348754883,22.708984375,0.0,nan,386.1000061035156,0.0,0.0,2117.89990234375,nan,nan,nan,65536.0,nan,nan,nan,65536.0,nan,nan,nan,65536.0
2026-09-14T02:07:00.000+08:00,0.0,22.58807373046875,22.72265625,0.0,nan,386.20001220703125,0.0,0.0,2117.89990234375,nan,nan,nan,65536.0,nan,nan,nan,65536.0,nan,nan,nan,65536.0
2026-09-14T02:08:00.000+08:00,0.0,22.430688858032227,22.63916015625,0.0,nan,386.20001220703125,0.0,0.0,2117.89990234375,nan,nan,nan,65536.0,nan,nan,nan,65536.0,nan,nan,nan,65536.0
2026-09-14T02:09:00.000+08:00,0.0,22.592021942138672,22.625,0.0,nan,386.20001220703125,0.0,0.0,2117.89990234375,nan,nan,nan,65536.0,nan,nan,nan,65536.0,nan,nan,nan,65536.0
2026-09-14T02:10:00.000+08:00,0.0,22.574790954589844,22.625,0.0,nan,386.1000061035156,0.0,0.0,2117.89990234375,nan,nan,nan,65536.0,nan,nan,nan,65536.0,nan,nan,nan,65536.0
2026-09-14T02:11:00.000+08:00,0.0,22.57712745666504,22.63916015625,0.0,nan,386.20001220703125,0.0,0.0,2117.89990234375,nan,nan,nan,65536.0,nan,nan,nan,65536.0,nan,nan,nan,65536.0
2026-09-14T02:12:00.000+08:00,0.0,22.615095138549805,22.736328125,0.0,nan,386.20001220703125,0.0,0.0,2117.89990234375,nan,nan,nan,65536.0,nan,nan,nan,65536.0,nan,nan,nan,65536.0
2026-09-14T02:13:00.000+08:00,0.0,22.587600708007812,22.70849609375,0.0,nan,385.6000061035156,0.0,0.0,2117.89990234375,nan,nan,nan,65536.0,nan,nan,nan,65536.0,nan,nan,nan,65536.0
2026-09-14T02:14:00.000+08:00,0.0,22.582942962646484,22.708984375,0.0,nan,386.20001220703125,0.0,0.0,2117.89990234375,nan,nan,nan,65536.0,nan,nan,nan,65536.0,nan,nan,nan,65536.0
2026-09-14T02:15:00.000+08:00,0.0,22.575477600097656,22.6806640625,0.0,nan,386.1000061035156,0.0,0.0,2117.89990234375,nan,nan,nan,65536.0,nan,nan,nan,65536.0,nan,nan,nan,65536.0
2026-09-14T02:16:00.000+08:00,0.0,22.582942962646484,22.681640625,0.0,nan,386.3999938964844,0.0,0.0,2117.89990234375,nan,nan,nan,65536.0,nan,nan,nan,65536.0,nan,nan,nan,65536.0
2026-09-14T02:17:00.000+08:00,0.0,22.426267623901367,22.736328125,0.0,nan,386.1000061035156,0.0,0.0,2117.89990234375,nan,nan,nan,65536.0,nan,nan,nan,65536.0,nan,nan,nan,65536.0
2026-09-14T02:18:00.000+08:00,0.0,22.599254608154297,22.6953125,0.0,nan,386.1000061035156,0.0,0.0,2117.89990234375,nan,nan,nan,65536.0,nan,nan,nan,65536.0,nan,nan,nan,65536.0
2026-09-14T02:19:00.000+08:00,0.0,22.582256317138672,22.708984375,0.0,nan,386.70001220703125,0.0,0.0,2117.89990234375,nan,nan,nan,65536.0,nan,nan,nan,65536.0,nan,nan,nan,65536.0
2026-09-14T02:20:00.000+08:00,0.0,22.58038902282715,22.72216796875,0.0,nan,386.29998779296875,0.0,0.0,2117.89990234375,nan,nan,nan,65536.0,nan,nan,nan,65536.0,nan,nan,nan,65536.0
2026-09-14T02:21:00.000+08:00,0.0,22.600650787353516,22.65283203125,0.0,nan,386.29998779296875,0.0,0.0,2117.89990234375,nan,nan,nan,65536.0,nan,nan,nan,65536.0,nan,nan,nan,65536.0
2026-09-14T02:22:00.000+08:00,0.0,22.607412338256836,22.69482421875,0.0,nan,386.70001220703125,0.0,0.0,2117.89990234375,nan,nan,nan,65536.0,nan,nan,nan,65536.0,nan,nan,nan,65536.0
2026-09-14T02:23:00.000+08:00,0.0,22.578994750976562,22.72265625,0.0,nan,386.5,0.0,0.0,2117.89990234375,nan,nan,nan,65536.0,nan,nan,nan,65536.0,nan,nan,nan,65536.0
2026-09-14T02:24:00.000+08:00,0.0,22.588760375976562,22.72265625,0.0,nan,386.70001220703125,0.0,0.0,2117.89990234375,nan,nan,nan,65536.0,nan,nan,nan,65536.0,nan,nan,nan,65536.0
2026-09-14T02:25:00.000+08:00,0.0,22.584810256958008,22.69482421875,0.0,nan,386.79998779296875,0.0,0.0,2117.89990234375,nan,nan,nan,65536.0,nan,nan,nan,65536.0,nan,nan,nan,65536.0
2026-09-14T02:26:00.000+08:00,0.0,22.568973541259766,22.6806640625,0.0,nan,386.70001220703125,0.0,0.0,2117.89990234375,nan,nan,nan,65536.0,nan,nan,nan,65536.0,nan,nan,nan,65536.0
2026-09-14T02:27:00.000+08:00,0.0,22.5966796875,22.681640625,0.0,nan,386.8999938964844,0.0,0.0,2117.89990234375,nan,nan,nan,65536.0,nan,nan,nan,65536.0,nan,nan,nan,65536.0
2026-09-14T02:28:00.000+08:00,0.0,22.589920043945312,22.72265625,0.0,nan,386.5,0.0,0.0,2117.89990234375,nan,nan,nan,65536.0,nan,nan,nan,65536.0,nan,nan,nan,65536.0
2026-09-14T02:29:00.000+08:00,0.0,22.582942962646484,22.708984375,0.0,nan,386.6000061035156,0.0,0.0,2117.89990234375,nan,nan,nan,65536.0,nan,nan,nan,65536.0,nan,nan,nan,65536.0
2026-09-14T02:30:00.000+08:00,0.0,22.570369720458984,22.72265625,0.0,nan,387.5,0.0,0.0,2117.89990234375,nan,nan,nan,65536.0,nan,nan,nan,65536.0,nan,nan,nan,65536.0
2026-09-14T02:31:00.000+08:00,0.0,22.594125747680664,22.681640625,0.0,nan,386.79998779296875,0.0,0.0,2117.89990234375,nan,nan,nan,65536.0,nan,nan,nan,65536.0,nan,nan,nan,65536.0
2026-09-14T02:32:00.000+08:00,0.0,22.582256317138672,22.6533203125,0.0,nan,386.5,0.0,0.0,2117.89990234375,nan,nan,nan,65536.0,nan,nan,nan,65536.0,nan,nan,nan,65536.0
2026-09-14T02:33:00.000+08:00,0.0,22.4565486907959,22.69482421875,0.0,nan,386.70001220703125,0.0,0.0,2117.89990234375,nan,nan,nan,65536.0,nan,nan,nan,65536.0,nan,nan,nan,65536.0
2026-09-14T02:34:00.000+08:00,0.0,22.586206436157227,22.72265625,0.0,nan,386.5,0.0,0.0,2117.89990234375,nan,nan,nan,65536.0,nan,nan,nan,65536.0,nan,nan,nan,65536.0
2026-09-14T02:35:00.000+08:00,0.0,22.580842971801758,22.70849609375,0.0,nan,386.3999938964844,0.0,0.0,2117.89990234375,nan,nan,nan,65536.0,nan,nan,nan,65536.0,nan,nan,nan,65536.0
2026-09-14T02:36:00.000+08:00,0.0,22.586206436157227,22.63916015625,0.0,nan,386.3999938964844,0.0,0.0,2117.89990234375,nan,nan,nan,65536.0,nan,nan,nan,65536.0,nan,nan,nan,65536.0
2026-09-14T02:37:00.000+08:00,0.0,22.586206436157227,22.69482421875,0.0,nan,386.79998779296875,0.0,0.0,2117.89990234375,nan,nan,nan,65536.0,nan,nan,nan,65536.0,nan,nan,nan,65536.0
2026-09-14T02:38:00.000+08:00,0.0,22.59343719482422,22.63916015625,0.0,nan,386.29998779296875,0.0,0.0,2117.89990234375,nan,nan,nan,65536.0,nan,nan,nan,65536.0,nan,nan,nan,65536.0
2026-09-14T02:39:00.000+08:00,0.0,22.574317932128906,22.72265625,0.0,nan,386.5,0.0,0.0,2117.89990234375,nan,nan,nan,65536.0,nan,nan,nan,65536.0,nan,nan,nan,65536.0
2026-09-14T02:40:00.000+08:00,0.0,22.59833335876465,22.69482421875,0.0,nan,386.20001220703125,0.0,0.0,2117.89990234375,nan,nan,nan,65536.0,nan,nan,nan,65536.0,nan,nan,nan,65536.0
2026-09-14T02:41:00.000+08:00,0.0,22.586206436157227,22.72265625,0.0,nan,386.3999938964844,0.0,0.0,2117.89990234375,nan,nan,nan,65536.0,nan,nan,nan,65536.0,nan,nan,nan,65536.0
2026-09-14T02:42:00.000+08:00,0.0,22.606016159057617,22.625,0.0,nan,386.5,0.0,0.0,2117.89990234375,nan,nan,nan,65536.0,nan,nan,nan,65536.0,nan,nan,nan,65536.0
2026-09-14T02:43:00.000+08:00,0.0,22.554058074951172,22.6953125,0.0,nan,386.79998779296875,0.0,0.0,2117.89990234375,nan,nan,nan,65536.0,nan,nan,nan,65536.0,nan,nan,nan,65536.0
2026-09-14T02:44:00.000+08:00,0.0,22.582002639770508,22.72265625,0.0,nan,386.1000061035156,0.0,0.0,2117.89990234375,nan,nan,nan,65536.0,nan,nan,nan,65536.0,nan,nan,nan,65536.0
2026-09-14T02:45:00.000+08:00,0.0,22.573631286621094,22.72265625,0.0,nan,386.6000061035156,0.0,0.0,2117.89990234375,nan,nan,nan,65536.0,nan,nan,nan,65536.0,nan,nan,nan,65536.0
2026-09-14T02:46:00.000+08:00,0.0,22.60088539123535,22.736328125,0.0,nan,386.5,0.0,0.0,2117.89990234375,nan,nan,nan,65536.0,nan,nan,nan,65536.0,nan,nan,nan,65536.0
2026-09-14T02:47:00.000+08:00,0.0,22.594125747680664,22.736328125,0.0,nan,386.8999938964844,0.0,0.0,2117.89990234375,nan,nan,nan,65536.0,nan,nan,nan,65536.0,nan,nan,nan,65536.0
2026-09-14T02:48:00.000+08:00,0.0,22.57526206970215,22.6953125,0.0,nan,386.70001220703125,0.0,0.0,2117.89990234375,nan,nan,nan,65536.0,nan,nan,nan,65536.0,nan,nan,nan,65536.0
2026-09-14T02:49:00.000+08:00,0.0,22.58270835876465,22.625,0.0,nan,386.70001220703125,0.0,0.0,2117.89990234375,nan,nan,nan,65536.0,nan,nan,nan,65536.0,nan,nan,nan,65536.0
2026-09-14T02:50:00.000+08:00,0.0,22.572235107421875,22.63916015625,0.0,nan,386.6000061035156,0.0,0.0,2117.89990234375,nan,nan,nan,65536.0,nan,nan,nan,65536.0,nan,nan,nan,65536.0
2026-09-14T02:51:00.000+08:00,0.0,22.58807373046875,22.736328125,0.0,nan,387.0,0.0,0.0,2117.89990234375,nan,nan,nan,65536.0,nan,nan,nan,65536.0,nan,nan,nan,65536.0
2026-09-14T02:52:00.000+08:00,0.0,22.602754592895508,22.63916015625,0.0,nan,387.0,0.0,0.0,2117.89990234375,nan,nan,nan,65536.0,nan,nan,nan,65536.0,nan,nan,nan,65536.0
2026-09-14T02:53:00.000+08:00,0.0,22.582256317138672,22.63916015625,0.0,nan,387.29998779296875,0.0,0.0,2117.89990234375,nan,nan,nan,65536.0,nan,nan,nan,65536.0,nan,nan,nan,65536.0
2026-09-14T02:54:00.000+08:00,0.0,22.580842971801758,22.6669921875,0.0,nan,387.1000061035156,0.0,0.0,2117.89990234375,nan,nan,nan,65536.0,nan,nan,nan,65536.0,nan,nan,nan,65536.0
2026-09-14T02:55:00.000+08:00,0.0,22.58575439453125,22.72265625,0.0,nan,387.1000061035156,0.0,0.0,2117.89990234375,nan,nan,nan,65536.0,nan,nan,nan,65536.0,nan,nan,nan,65536.0
2026-09-14T02:56:00.000+08:00,0.0,nan,nan,0.0,nan,nan,nan,nan,nan,nan,nan,nan,nan,nan,nan,nan,nan,nan,nan,nan,nan
2026-09-14T02:57:00.000+08:00,0.0,22.589821815490723,22.66015625,0.0,nan,386.84999084472656,0.0,0.0,2117.89990234375,nan,nan,nan,65536.0,nan,nan,nan,65536.0,nan,nan,nan,65536.0
2026-09-14T02:58:00.000+08:00,0.0,22.5764217376709,22.66650390625,0.0,nan,387.1000061035156,0.0,0.0,2117.89990234375,nan,nan,nan,65536.0,nan,nan,nan,65536.0,nan,nan,nan,65536.0
2026-09-14T02:59:00.000+08:00,0.0,22.579448699951172,22.63916015625,0.0,nan,387.1000061035156,0.0,0.0,2117.89990234375,nan,nan,nan,65536.0,nan,nan,nan,65536.0,nan,nan,nan,65536.0
2026-09-14T03:00:00.000+08:00,0.0,22.57618522644043,22.65283203125,0.0,nan,386.79998779296875,0.0,0.0,2117.89990234375,nan,nan,nan,65536.0,nan,nan,nan,65536.0,nan,nan,nan,65536.0
2026-09-14T03:01:00.000+08:00,0.0,22.594125747680664,22.70849609375,0.0,nan,387.29998779296875,0.0,0.0,2117.89990234375,nan,nan,nan,65536.0,nan,nan,nan,65536.0,nan,nan,nan,65536.0
2026-09-14T03:02:00.000+08:00,0.0,22.57712745666504,22.70849609375,0.0,nan,387.20001220703125,0.0,0.0,2117.89990234375,nan,nan,nan,65536.0,nan,nan,nan,65536.0,nan,nan,nan,65536.0
2026-09-14T03:03:00.000+08:00,0.0,22.578994750976562,22.70849609375,0.0,nan,387.0,0.0,0.0,2117.89990234375,nan,nan,nan,65536.0,nan,nan,nan,65536.0,nan,nan,nan,65536.0
2026-09-14T03:04:00.000+08:00,0.0,22.581096649169922,22.625,0.0,nan,386.79998779296875,0.0,0.0,2117.89990234375,nan,nan,nan,65536.0,nan,nan,nan,65536.0,nan,nan,nan,65536.0
2026-09-14T03:05:00.000+08:00,0.0,22.578994750976562,22.70849609375,0.0,nan,386.79998779296875,0.0,0.0,2117.89990234375,nan,nan,nan,65536.0,nan,nan,nan,65536.0,nan,nan,nan,65536.0
2026-09-14T03:06:00.000+08:00,0.0,22.595993041992188,22.6953125,0.0,nan,386.70001220703125,0.0,0.0,2117.89990234375,nan,nan,nan,65536.0,nan,nan,nan,65536.0,nan,nan,nan,65536.0
2026-09-14T03:07:00.000+08:00,0.0,22.594833374023438,22.72216796875,0.0,nan,386.8999938964844,0.0,0.0,2117.89990234375,nan,nan,nan,65536.0,nan,nan,nan,65536.0,nan,nan,nan,65536.0
2026-09-14T03:08:00.000+08:00,0.0,22.591571807861328,22.736328125,0.0,nan,386.70001220703125,0.0,0.0,2117.89990234375,nan,nan,nan,65536.0,nan,nan,nan,65536.0,nan,nan,nan,65536.0
2026-09-14T03:09:00.000+08:00,0.0,22.580842971801758,22.736328125,0.0,nan,387.1000061035156,0.0,0.0,2117.89990234375,nan,nan,nan,65536.0,nan,nan,nan,65536.0,nan,nan,nan,65536.0
2026-09-14T03:10:00.000+08:00,0.0,22.58249282836914,22.625,0.0,nan,387.0,0.0,0.0,2117.89990234375,nan,nan,nan,65536.0,nan,nan,nan,65536.0,nan,nan,nan,65536.0
2026-09-14T03:11:00.000+08:00,0.0,22.5869140625,22.63916015625,0.0,nan,387.3999938964844,0.0,0.0,2117.89990234375,nan,nan,nan,65536.0,nan,nan,nan,65536.0,nan,nan,nan,65536.0
2026-09-14T03:12:00.000+08:00,0.0,22.586206436157227,22.69482421875,0.0,nan,387.1000061035156,0.0,0.0,2117.89990234375,nan,nan,nan,65536.0,nan,nan,nan,65536.0,nan,nan,nan,65536.0
2026-09-14T03:13:00.000+08:00,0.0,22.595542907714844,22.708984375,0.0,nan,387.1000061035156,0.0,0.0,2117.89990234375,nan,nan,nan,65536.0,nan,nan,nan,65536.0,nan,nan,nan,65536.0
2026-09-14T03:14:00.000+08:00,0.0,22.598783493041992,22.736328125,0.0,nan,386.79998779296875,0.0,0.0,2117.89990234375,nan,nan,nan,65536.0,nan,nan,nan,65536.0,nan,nan,nan,65536.0
2026-09-14T03:15:00.000+08:00,0.0,22.61138153076172,22.70849609375,0.0,nan,387.0,0.0,0.0,2117.89990234375,nan,nan,nan,65536.0,nan,nan,nan,65536.0,nan,nan,nan,65536.0
2026-09-14T03:16:00.000+08:00,0.0,22.601808547973633,22.6953125,0.0,nan,387.1000061035156,0.0,0.0,2117.89990234375,nan,nan,nan,65536.0,nan,nan,nan,65536.0,nan,nan,nan,65536.0
2026-09-14T03:17:00.000+08:00,0.0,22.589704513549805,22.69482421875,0.0,nan,387.1000061035156,0.0,0.0,2117.89990234375,nan,nan,nan,65536.0,nan,nan,nan,65536.0,nan,nan,nan,65536.0
2026-09-14T03:18:00.000+08:00,0.0,22.582942962646484,22.6806640625,0.0,nan,387.29998779296875,0.0,0.0,2117.89990234375,nan,nan,nan,65536.0,nan,nan,nan,65536.0,nan,nan,nan,65536.0
2026-09-14T03:19:00.000+08:00,0.0,22.580842971801758,22.66650390625,0.0,nan,387.3999938964844,0.0,0.0,2117.89990234375,nan,nan,nan,65536.0,nan,nan,nan,65536.0,nan,nan,nan,65536.0
2026-09-14T03:20:00.000+08:00,0.0,22.5815486907959,22.63916015625,0.0,nan,387.6000061035156,0.0,0.0,2117.89990234375,nan,nan,nan,65536.0,nan,nan,nan,65536.0,nan,nan,nan,65536.0
2026-09-14T03:21:00.000+08:00,0.0,22.591318130493164,22.72216796875,0.0,nan,387.5,0.0,0.0,2117.89990234375,nan,nan,nan,65536.0,nan,nan,nan,65536.0,nan,nan,nan,65536.0
2026-09-14T03:22:00.000+08:00,0.0,22.5764217376709,22.708984375,0.0,nan,387.6000061035156,0.0,0.0,2117.89990234375,nan,nan,nan,65536.0,nan,nan,nan,65536.0,nan,nan,nan,65536.0
2026-09-14T03:23:00.000+08:00,0.0,22.612520217895508,22.69482421875,0.0,nan,387.29998779296875,0.0,0.0,2117.89990234375,nan,nan,nan,65536.0,nan,nan,nan,65536.0,nan,nan,nan,65536.0
2026-09-14T03:24:00.000+08:00,0.0,22.586206436157227,22.736328125,0.0,nan,387.3999938964844,0.0,0.0,2117.89990234375,nan,nan,nan,65536.0,nan,nan,nan,65536.0,nan,nan,nan,65536.0
2026-09-14T03:25:00.000+08:00,0.0,22.584339141845703,22.736328125,0.0,nan,387.5,0.0,0.0,2117.89990234375,nan,nan,nan,65536.0,nan,nan,nan,65536.0,nan,nan,nan,65536.0
2026-09-14T03:26:00.000+08:00,0.0,22.60696029663086,22.65283203125,0.0,nan,387.5,0.0,0.0,2117.89990234375,nan,nan,nan,65536.0,nan,nan,nan,65536.0,nan,nan,nan,65536.0
2026-09-14T03:27:00.000+08:00,0.0,22.602497100830078,22.625,0.0,nan,387.3999938964844,0.0,0.0,2117.89990234375,nan,nan,nan,65536.0,nan,nan,nan,65536.0,nan,nan,nan,65536.0
2026-09-14T03:28:00.000+08:00,0.0,22.60320472717285,22.72265625,0.0,nan,387.5,0.0,0.0,2117.89990234375,nan,nan,nan,65536.0,nan,nan,nan,65536.0,nan,nan,nan,65536.0
2026-09-14T03:29:00.000+08:00,0.0,22.603912353515625,22.6533203125,0.0,nan,387.20001220703125,0.0,0.0,2117.89990234375,nan,nan,nan,65536.0,nan,nan,nan,65536.0,nan,nan,nan,65536.0
2026-09-14T03:30:00.000+08:00,0.0,22.589704513549805,22.736328125,0.0,nan,387.20001220703125,0.0,0.0,2117.89990234375,nan,nan,nan,65536.0,nan,nan,nan,65536.0,nan,nan,nan,65536.0
2026-09-14T03:31:00.000+08:00,0.0,22.59809684753418,22.63916015625,0.0,nan,387.5,0.0,0.0,2117.89990234375,nan,nan,nan,65536.0,nan,nan,nan,65536.0,nan,nan,nan,65536.0
2026-09-14T03:32:00.000+08:00,0.0,22.594833374023438,22.681640625,0.0,nan,387.5,0.0,0.0,2117.89990234375,nan,nan,nan,65536.0,nan,nan,nan,65536.0,nan,nan,nan,65536.0
2026-09-14T03:33:00.000+08:00,0.0,22.597387313842773,22.69482421875,0.0,nan,387.29998779296875,0.0,0.0,2117.89990234375,nan,nan,nan,65536.0,nan,nan,nan,65536.0,nan,nan,nan,65536.0
2026-09-14T03:34:00.000+08:00,0.0,22.587600708007812,22.72265625,0.0,nan,387.3999938964844,0.0,0.0,2117.89990234375,nan,nan,nan,65536.0,nan,nan,nan,65536.0,nan,nan,nan,65536.0
2026-09-14T03:35:00.000+08:00,0.0,22.595285415649414,22.736328125,0.0,nan,387.3999938964844,0.0,0.0,2117.89990234375,nan,nan,nan,65536.0,nan,nan,nan,65536.0,nan,nan,nan,65536.0
2026-09-14T03:36:00.000+08:00,0.0,22.595542907714844,22.6669921875,0.0,nan,387.3999938964844,0.0,0.0,2117.89990234375,nan,nan,nan,65536.0,nan,nan,nan,65536.0,nan,nan,nan,65536.0
2026-09-14T03:37:00.000+08:00,0.0,22.58807373046875,22.625,0.0,nan,387.3999938964844,0.0,0.0,2117.89990234375,nan,nan,nan,65536.0,nan,nan,nan,65536.0,nan,nan,nan,65536.0
2026-09-14T03:38:00.000+08:00,0.0,22.602497100830078,22.70849609375,0.0,nan,387.20001220703125,0.0,0.0,2117.89990234375,nan,nan,nan,65536.0,nan,nan,nan,65536.0,nan,nan,nan,65536.0
2026-09-14T03:39:00.000+08:00,0.0,22.595993041992188,22.736328125,0.0,nan,387.29998779296875,0.0,0.0,2117.89990234375,nan,nan,nan,65536.0,nan,nan,nan,65536.0,nan,nan,nan,65536.0
2026-09-14T03:40:00.000+08:00,0.0,22.607412338256836,22.63916015625,0.0,nan,387.29998779296875,0.0,0.0,2117.89990234375,nan,nan,nan,65536.0,nan,nan,nan,65536.0,nan,nan,nan,65536.0
2026-09-14T03:41:00.000+08:00,0.0,22.596227645874023,22.625,0.0,nan,387.29998779296875,0.0,0.0,2117.89990234375,nan,nan,nan,65536.0,nan,nan,nan,65536.0,nan,nan,nan,65536.0
2026-09-14T03:42:00.000+08:00,0.0,22.597644805908203,22.736328125,0.0,nan,387.20001220703125,0.0,0.0,2117.89990234375,nan,nan,nan,65536.0,nan,nan,nan,65536.0,nan,nan,nan,65536.0
2026-09-14T03:43:00.000+08:00,0.0,22.60670280456543,22.708984375,0.0,nan,387.1000061035156,0.0,0.0,2117.89990234375,nan,nan,nan,65536.0,nan,nan,nan,65536.0,nan,nan,nan,65536.0
2026-09-14T03:44:00.000+08:00,0.0,22.596227645874023,22.6953125,0.0,nan,387.3999938964844,0.0,0.0,2117.89990234375,nan,nan,nan,65536.0,nan,nan,nan,65536.0,nan,nan,nan,65536.0
2026-09-14T03:45:00.000+08:00,0.0,22.599943161010742,22.72265625,0.0,nan,387.3999938964844,0.0,0.0,2117.89990234375,nan,nan,nan,65536.0,nan,nan,nan,65536.0,nan,nan,nan,65536.0
2026-09-14T03:46:00.000+08:00,0.0,22.5869140625,22.625,0.0,nan,387.5,0.0,0.0,2117.89990234375,nan,nan,nan,65536.0,nan,nan,nan,65536.0,nan,nan,nan,65536.0
2026-09-14T03:47:00.000+08:00,0.0,22.587600708007812,22.66650390625,0.0,nan,387.70001220703125,0.0,0.0,2117.89990234375,nan,nan,nan,65536.0,nan,nan,nan,65536.0,nan,nan,nan,65536.0
2026-09-14T03:48:00.000+08:00,0.0,22.59829330444336,22.70849609375,0.0,nan,387.6000061035156,0.0,0.0,2117.89990234375,nan,nan,nan,65536.0,nan,nan,nan,65536.0,nan,nan,nan,65536.0
2026-09-14T03:49:00.000+08:00,0.0,22.59809684753418,22.625,0.0,nan,387.5,0.0,0.0,2117.89990234375,nan,nan,nan,65536.0,nan,nan,nan,65536.0,nan,nan,nan,65536.0
2026-09-14T03:50:00.000+08:00,0.0,22.597644805908203,22.63916015625,0.0,nan,387.5,0.0,0.0,2117.89990234375,nan,nan,nan,65536.0,nan,nan,nan,65536.0,nan,nan,nan,65536.0
2026-09-14T03:51:00.000+08:00,0.0,22.607175827026367,22.66650390625,0.0,nan,387.29998779296875,0.0,0.0,2117.89990234375,nan,nan,nan,65536.0,nan,nan,nan,65536.0,nan,nan,nan,65536.0
2026-09-14T03:52:00.000+08:00,0.0,22.607175827026367,22.63916015625,0.0,nan,387.29998779296875,0.0,0.0,2117.89990234375,nan,nan,nan,65536.0,nan,nan,nan,65536.0,nan,nan,nan,65536.0
2026-09-14T03:53:00.000+08:00,0.0,22.57316017150879,22.69482421875,0.0,nan,387.29998779296875,0.0,0.0,2117.89990234375,nan,nan,nan,65536.0,nan,nan,nan,65536.0,nan,nan,nan,65536.0
2026-09-14T03:54:00.000+08:00,0.0,22.608572006225586,22.6669921875,0.0,nan,387.6000061035156,0.0,0.0,2117.89990234375,nan,nan,nan,65536.0,nan,nan,nan,65536.0,nan,nan,nan,65536.0
2026-09-14T03:55:00.000+08:00,0.0,nan,nan,0.0,nan,nan,nan,nan,nan,nan,nan,nan,nan,nan,nan,nan,nan,nan,nan,nan,nan
2026-09-14T03:56:00.000+08:00,0.0,22.58515453338623,22.674072265625,0.0,nan,387.5500030517578,0.0,0.0,2117.89990234375,nan,nan,nan,65536.0,nan,nan,nan,65536.0,nan,nan,nan,65536.0
2026-09-14T03:57:00.000+08:00,0.0,22.60135841369629,22.72216796875,0.0,nan,387.29998779296875,0.0,0.0,2117.89990234375,nan,nan,nan,65536.0,nan,nan,nan,65536.0,nan,nan,nan,65536.0
2026-09-14T03:58:00.000+08:00,0.0,22.597387313842773,22.69482421875,0.0,nan,387.29998779296875,0.0,0.0,2117.89990234375,nan,nan,nan,65536.0,nan,nan,nan,65536.0,nan,nan,nan,65536.0
2026-09-14T03:59:00.000+08:00,0.0,22.59343719482422,22.66650390625,0.0,nan,387.20001220703125,0.0,0.0,2117.89990234375,nan,nan,nan,65536.0,nan,nan,nan,65536.0,nan,nan,nan,65536.0
2026-09-14T04:00:00.000+08:00,0.0,22.59343719482422,22.69482421875,0.0,nan,387.29998779296875,0.0,0.0,2117.89990234375,nan,nan,nan,65536.0,nan,nan,nan,65536.0,nan,nan,nan,65536.0
2026-09-14T04:01:00.000+08:00,0.0,22.602754592895508,22.625,0.0,nan,387.20001220703125,0.0,0.0,2117.89990234375,nan,nan,nan,65536.0,nan,nan,nan,65536.0,nan,nan,nan,65536.0
2026-09-14T04:02:00.000+08:00,0.0,22.598783493041992,22.69482421875,0.0,nan,387.1000061035156,0.0,0.0,2117.89990234375,nan,nan,nan,65536.0,nan,nan,nan,65536.0,nan,nan,nan,65536.0
2026-09-14T04:03:00.000+08:00,0.0,22.602754592895508,22.6953125,0.0,nan,387.20001220703125,0.0,0.0,2117.89990234375,nan,nan,nan,65536.0,nan,nan,nan,65536.0,nan,nan,nan,65536.0
2026-09-14T04:04:00.000+08:00,0.0,22.608572006225586,22.736328125,0.0,nan,387.1000061035156,0.0,0.0,2117.89990234375,nan,nan,nan,65536.0,nan,nan,nan,65536.0,nan,nan,nan,65536.0
2026-09-14T04:05:00.000+08:00,0.0,22.613677978515625,22.70849609375,0.0,nan,387.0,0.0,0.0,2117.89990234375,nan,nan,nan,65536.0,nan,nan,nan,65536.0,nan,nan,nan,65536.0
2026-09-14T04:06:00.000+08:00,0.0,22.606016159057617,22.66650390625,0.0,nan,387.29998779296875,0.0,0.0,2117.89990234375,nan,nan,nan,65536.0,nan,nan,nan,65536.0,nan,nan,nan,65536.0
2026-09-14T04:07:00.000+08:00,0.0,22.618337631225586,22.6806640625,0.0,nan,386.79998779296875,0.0,0.0,2117.89990234375,nan,nan,nan,65536.0,nan,nan,nan,65536.0,nan,nan,nan,65536.0
2026-09-14T04:08:00.000+08:00,0.0,22.5869140625,22.69482421875,0.0,nan,387.0,0.0,0.0,2117.89990234375,nan,nan,nan,65536.0,nan,nan,nan,65536.0,nan,nan,nan,65536.0
2026-09-14T04:09:00.000+08:00,0.0,22.60786247253418,22.736328125,0.0,nan,387.20001220703125,0.0,0.0,2117.89990234375,nan,nan,nan,65536.0,nan,nan,nan,65536.0,nan,nan,nan,65536.0
2026-09-14T04:10:00.000+08:00,0.0,22.590864181518555,22.736328125,0.0,nan,387.20001220703125,0.0,0.0,2117.89990234375,nan,nan,nan,65536.0,nan,nan,nan,65536.0,nan,nan,nan,65536.0
2026-09-14T04:11:00.000+08:00,0.0,22.595993041992188,22.69482421875,0.0,nan,387.0,0.0,0.0,2117.89990234375,nan,nan,nan,65536.0,nan,nan,nan,65536.0,nan,nan,nan,65536.0
2026-09-14T04:12:00.000+08:00,0.0,22.5966796875,22.6953125,0.0,nan,386.6000061035156,0.0,0.0,2117.89990234375,nan,nan,nan,65536.0,nan,nan,nan,65536.0,nan,nan,nan,65536.0
2026-09-14T04:13:00.000+08:00,0.0,22.60786247253418,22.72265625,0.0,nan,387.20001220703125,0.0,0.0,2117.89990234375,nan,nan,nan,65536.0,nan,nan,nan,65536.0,nan,nan,nan,65536.0
2026-09-14T04:14:00.000+08:00,0.0,22.599491119384766,22.72265625,0.0,nan,387.20001220703125,0.0,0.0,2117.89990234375,nan,nan,nan,65536.0,nan,nan,nan,65536.0,nan,nan,nan,65536.0
2026-09-14T04:15:00.000+08:00,0.0,22.60135841369629,22.708984375,0.0,nan,387.20001220703125,0.0,0.0,2117.89990234375,nan,nan,nan,65536.0,nan,nan,nan,65536.0,nan,nan,nan,65536.0
2026-09-14T04:16:00.000+08:00,0.0,22.599491119384766,22.66650390625,0.0,nan,387.3999938964844,0.0,0.0,2117.89990234375,nan,nan,nan,65536.0,nan,nan,nan,65536.0,nan,nan,nan,65536.0
2026-09-14T04:17:00.000+08:00,0.0,22.612070083618164,22.708984375,0.0,nan,387.29998779296875,0.0,0.0,2117.89990234375,nan,nan,nan,65536.0,nan,nan,nan,65536.0,nan,nan,nan,65536.0
2026-09-14T04:18:00.000+08:00,0.0,22.603696823120117,22.6953125,0.0,nan,387.3999938964844,0.0,0.0,2117.89990234375,nan,nan,nan,65536.0,nan,nan,nan,65536.0,nan,nan,nan,65536.0
2026-09-14T04:19:00.000+08:00,0.0,22.597644805908203,22.69482421875,0.0,nan,387.3999938964844,0.0,0.0,2117.89990234375,nan,nan,nan,65536.0,nan,nan,nan,65536.0,nan,nan,nan,65536.0
2026-09-14T04:20:00.000+08:00,0.0,22.599254608154297,22.72265625,0.0,nan,387.3999938964844,0.0,0.0,2117.89990234375,nan,nan,nan,65536.0,nan,nan,nan,65536.0,nan,nan,nan,65536.0
2026-09-14T04:21:00.000+08:00,0.0,22.591318130493164,22.69482421875,0.0,nan,387.29998779296875,0.0,0.0,2117.89990234375,nan,nan,nan,65536.0,nan,nan,nan,65536.0,nan,nan,nan,65536.0
2026-09-14T04:22:00.000+08:00,0.0,22.57689094543457,22.72216796875,0.0,nan,387.1000061035156,0.0,0.0,2117.89990234375,nan,nan,nan,65536.0,nan,nan,nan,65536.0,nan,nan,nan,65536.0
2026-09-14T04:23:00.000+08:00,0.0,22.59017562866211,22.736328125,0.0,nan,387.3999938964844,0.0,0.0,2117.89990234375,nan,nan,nan,65536.0,nan,nan,nan,65536.0,nan,nan,nan,65536.0
2026-09-14T04:24:00.000+08:00,0.0,22.60135841369629,22.708984375,0.0,nan,387.20001220703125,0.0,0.0,2117.89990234375,nan,nan,nan,65536.0,nan,nan,nan,65536.0,nan,nan,nan,65536.0
2026-09-14T04:25:00.000+08:00,0.0,22.5922794342041,22.625,0.0,nan,387.5,0.0,0.0,2117.89990234375,nan,nan,nan,65536.0,nan,nan,nan,65536.0,nan,nan,nan,65536.0
2026-09-14T04:26:00.000+08:00,0.0,22.5869140625,22.736328125,0.0,nan,387.3999938964844,0.0,0.0,2117.89990234375,nan,nan,nan,65536.0,nan,nan,nan,65536.0,nan,nan,nan,65536.0
2026-09-14T04:27:00.000+08:00,0.0,22.585498809814453,22.708984375,0.0,nan,388.0,0.0,0.0,2117.89990234375,nan,nan,nan,65536.0,nan,nan,nan,65536.0,nan,nan,nan,65536.0
2026-09-14T04:28:00.000+08:00,0.0,22.589468002319336,22.625,0.0,nan,387.3999938964844,0.0,0.0,2117.89990234375,nan,nan,nan,65536.0,nan,nan,nan,65536.0,nan,nan,nan,65536.0
2026-09-14T04:29:00.000+08:00,0.0,22.59693717956543,22.625,0.0,nan,387.29998779296875,0.0,0.0,2117.89990234375,nan,nan,nan,65536.0,nan,nan,nan,65536.0,nan,nan,nan,65536.0
2026-09-14T04:30:00.000+08:00,0.0,22.60346221923828,22.72265625,0.0,nan,387.3999938964844,0.0,0.0,2117.89990234375,nan,nan,nan,65536.0,nan,nan,nan,65536.0,nan,nan,nan,65536.0
2026-09-14T04:31:00.000+08:00,0.0,22.582256317138672,22.69482421875,0.0,nan,387.29998779296875,0.0,0.0,2117.89990234375,nan,nan,nan,65536.0,nan,nan,nan,65536.0,nan,nan,nan,65536.0
2026-09-14T04:32:00.000+08:00,0.0,22.613483428955078,22.69482421875,0.0,nan,387.3999938964844,0.0,0.0,2117.89990234375,nan,nan,nan,65536.0,nan,nan,nan,65536.0,nan,nan,nan,65536.0
2026-09-14T04:33:00.000+08:00,0.0,22.59693717956543,22.72265625,0.0,nan,387.29998779296875,0.0,0.0,2117.89990234375,nan,nan,nan,65536.0,nan,nan,nan,65536.0,nan,nan,nan,65536.0
2026-09-14T04:34:00.000+08:00,0.0,22.594833374023438,22.72265625,0.0,nan,387.20001220703125,0.0,0.0,2117.89990234375,nan,nan,nan,65536.0,nan,nan,nan,65536.0,nan,nan,nan,65536.0
2026-09-14T04:35:00.000+08:00,0.0,22.61578369140625,22.736328125,0.0,nan,387.0,0.0,0.0,2117.89990234375,nan,nan,nan,65536.0,nan,nan,nan,65536.0,nan,nan,nan,65536.0
2026-09-14T04:36:00.000+08:00,0.0,22.57689094543457,22.736328125,0.0,nan,387.1000061035156,0.0,0.0,2117.89990234375,nan,nan,nan,65536.0,nan,nan,nan,65536.0,nan,nan,nan,65536.0
2026-09-14T04:37:00.000+08:00,0.0,22.57316017150879,22.625,0.0,nan,387.1000061035156,0.0,0.0,2117.89990234375,nan,nan,nan,65536.0,nan,nan,nan,65536.0,nan,nan,nan,65536.0
2026-09-14T04:38:00.000+08:00,0.0,22.59693717956543,22.681640625,0.0,nan,387.6000061035156,0.0,0.0,2117.89990234375,nan,nan,nan,65536.0,nan,nan,nan,65536.0,nan,nan,nan,65536.0
2026-09-14T04:39:00.000+08:00,0.0,22.59833335876465,22.6669921875,0.0,nan,387.3999938964844,0.0,0.0,2117.89990234375,nan,nan,nan,65536.0,nan,nan,nan,65536.0,nan,nan,nan,65536.0
2026-09-14T04:40:00.000+08:00,0.0,22.60135841369629,22.6533203125,0.0,nan,387.0,0.0,0.0,2117.89990234375,nan,nan,nan,65536.0,nan,nan,nan,65536.0,nan,nan,nan,65536.0
2026-09-14T04:41:00.000+08:00,0.0,22.605308532714844,22.6953125,0.0,nan,387.20001220703125,0.0,0.0,2117.89990234375,nan,nan,nan,65536.0,nan,nan,nan,65536.0,nan,nan,nan,65536.0
2026-09-14T04:42:00.000+08:00,0.0,22.606016159057617,22.72216796875,0.0,nan,387.20001220703125,0.0,0.0,2117.89990234375,nan,nan,nan,65536.0,nan,nan,nan,65536.0,nan,nan,nan,65536.0
2026-09-14T04:43:00.000+08:00,0.0,22.5922794342041,22.681640625,0.0,nan,388.0,0.0,0.0,2117.89990234375,nan,nan,nan,65536.0,nan,nan,nan,65536.0,nan,nan,nan,65536.0
2026-09-14T04:44:00.000+08:00,0.0,22.606252670288086,22.6806640625,0.0,nan,388.0,0.0,0.0,2117.89990234375,nan,nan,nan,65536.0,nan,nan,nan,65536.0,nan,nan,nan,65536.0
2026-09-14T04:45:00.000+08:00,0.0,22.608314514160156,22.63916015625,0.0,nan,387.29998779296875,0.0,0.0,2117.89990234375,nan,nan,nan,65536.0,nan,nan,nan,65536.0,nan,nan,nan,65536.0
2026-09-14T04:46:00.000+08:00,0.0,22.61904525756836,22.70849609375,0.0,nan,387.5,0.0,0.0,2117.89990234375,nan,nan,nan,65536.0,nan,nan,nan,65536.0,nan,nan,nan,65536.0
2026-09-14T04:47:00.000+08:00,0.0,22.60346221923828,22.72265625,0.0,nan,387.5,0.0,0.0,2117.89990234375,nan,nan,nan,65536.0,nan,nan,nan,65536.0,nan,nan,nan,65536.0
2026-09-14T04:48:00.000+08:00,0.0,22.61674690246582,22.736328125,0.0,nan,387.1000061035156,0.0,0.0,2117.89990234375,nan,nan,nan,65536.0,nan,nan,nan,65536.0,nan,nan,nan,65536.0
2026-09-14T04:49:00.000+08:00,0.0,22.602754592895508,22.69482421875,0.0,nan,387.3999938964844,0.0,0.0,2117.89990234375,nan,nan,nan,65536.0,nan,nan,nan,65536.0,nan,nan,nan,65536.0
2026-09-14T04:50:00.000+08:00,0.0,22.62325096130371,22.83349609375,0.0,nan,386.6000061035156,0.0,0.0,2117.89990234375,nan,nan,nan,65536.0,nan,nan,nan,65536.0,nan,nan,nan,65536.0
2026-09-14T04:51:00.000+08:00,0.0,22.59809684753418,22.6533203125,0.0,nan,386.70001220703125,0.0,0.0,2117.89990234375,nan,nan,nan,65536.0,nan,nan,nan,65536.0,nan,nan,nan,65536.0
2026-09-14T04:52:00.000+08:00,0.0,22.60811996459961,22.65283203125,0.0,nan,386.6000061035156,0.0,0.0,2117.89990234375,nan,nan,nan,65536.0,nan,nan,nan,65536.0,nan,nan,nan,65536.0
2026-09-14T04:53:00.000+08:00,0.0,22.604598999023438,22.736328125,0.0,nan,386.29998779296875,0.0,0.0,2117.89990234375,nan,nan,nan,65536.0,nan,nan,nan,65536.0,nan,nan,nan,65536.0
2026-09-14T04:54:00.000+08:00,0.0,nan,nan,0.0,nan,nan,nan,nan,nan,nan,nan,nan,nan,nan,nan,nan,nan,nan,nan,nan,nan
2026-09-14T04:55:00.000+08:00,0.0,22.593202590942383,22.673828125,0.0,nan,386.5500030517578,0.0,0.0,2117.89990234375,nan,nan,nan,65536.0,nan,nan,nan,65536.0,nan,nan,nan,65536.0
2026-09-14T04:56:00.000+08:00,0.0,22.594125747680664,22.625,0.0,nan,386.70001220703125,0.0,0.0,2117.89990234375,nan,nan,nan,65536.0,nan,nan,nan,65536.0,nan,nan,nan,65536.0
2026-09-14T04:57:00.000+08:00,0.0,22.599491119384766,22.625,0.0,nan,386.8999938964844,0.0,0.0,2117.89990234375,nan,nan,nan,65536.0,nan,nan,nan,65536.0,nan,nan,nan,65536.0
2026-09-14T04:58:00.000+08:00,0.0,22.604856491088867,22.72265625,0.0,nan,386.29998779296875,0.0,0.0,2117.89990234375,nan,nan,nan,65536.0,nan,nan,nan,65536.0,nan,nan,nan,65536.0
2026-09-14T04:59:00.000+08:00,0.0,22.614643096923828,22.6953125,0.0,nan,386.3999938964844,0.0,0.0,2117.89990234375,nan,nan,nan,65536.0,nan,nan,nan,65536.0,nan,nan,nan,65536.0
2026-09-14T05:00:00.000+08:00,0.0,22.604856491088867,22.70849609375,0.0,nan,387.1000061035156,0.0,0.0,2117.89990234375,nan,nan,nan,65536.0,nan,nan,nan,65536.0,nan,nan,nan,65536.0
2026-09-14T05:01:00.000+08:00,0.0,22.599491119384766,22.70849609375,0.0,nan,386.79998779296875,0.0,0.0,2117.89990234375,nan,nan,nan,65536.0,nan,nan,nan,65536.0,nan,nan,nan,65536.0
2026-09-14T05:02:00.000+08:00,0.0,22.605308532714844,22.63916015625,0.0,nan,386.70001220703125,0.0,0.0,2117.89990234375,nan,nan,nan,65536.0,nan,nan,nan,65536.0,nan,nan,nan,65536.0
2026-09-14T05:03:00.000+08:00,0.0,22.612520217895508,22.708984375,0.0,nan,386.0,0.0,0.0,2117.89990234375,nan,nan,nan,65536.0,nan,nan,nan,65536.0,nan,nan,nan,65536.0
2026-09-14T05:04:00.000+08:00,0.0,22.609966278076172,22.69482421875,0.0,nan,386.3999938964844,0.0,0.0,2117.89990234375,nan,nan,nan,65536.0,nan,nan,nan,65536.0,nan,nan,nan,65536.0
2026-09-14T05:05:00.000+08:00,0.0,22.583396911621094,22.63916015625,0.0,nan,386.6000061035156,0.0,0.0,2117.89990234375,nan,nan,nan,65536.0,nan,nan,nan,65536.0,nan,nan,nan,65536.0
2026-09-14T05:06:00.000+08:00,0.0,22.60135841369629,22.70849609375,0.0,nan,387.20001220703125,0.0,0.0,2117.89990234375,nan,nan,nan,65536.0,nan,nan,nan,65536.0,nan,nan,nan,65536.0
2026-09-14T05:07:00.000+08:00,0.0,22.615331649780273,22.625,0.0,nan,387.0,0.0,0.0,2117.89990234375,nan,nan,nan,65536.0,nan,nan,nan,65536.0,nan,nan,nan,65536.0
2026-09-14T05:08:00.000+08:00,0.0,22.612070083618164,22.736328125,0.0,nan,386.3999938964844,0.0,0.0,2117.89990234375,nan,nan,nan,65536.0,nan,nan,nan,65536.0,nan,nan,nan,65536.0
2026-09-14T05:09:00.000+08:00,0.0,22.603912353515625,22.708984375,0.0,nan,386.79998779296875,0.0,0.0,2117.89990234375,nan,nan,nan,65536.0,nan,nan,nan,65536.0,nan,nan,nan,65536.0
2026-09-14T05:10:00.000+08:00,0.0,22.599491119384766,22.6953125,0.0,nan,387.1000061035156,0.0,0.0,2117.89990234375,nan,nan,nan,65536.0,nan,nan,nan,65536.0,nan,nan,nan,65536.0
2026-09-14T05:11:00.000+08:00,0.0,22.599254608154297,22.736328125,0.0,nan,386.20001220703125,0.0,0.0,2117.89990234375,nan,nan,nan,65536.0,nan,nan,nan,65536.0,nan,nan,nan,65536.0
2026-09-14T05:12:00.000+08:00,0.0,22.604598999023438,22.63916015625,0.0,nan,386.5,0.0,0.0,2117.89990234375,nan,nan,nan,65536.0,nan,nan,nan,65536.0,nan,nan,nan,65536.0
2026-09-14T05:13:00.000+08:00,0.0,22.616039276123047,22.708984375,0.0,nan,387.1000061035156,0.0,0.0,2117.89990234375,nan,nan,nan,65536.0,nan,nan,nan,65536.0,nan,nan,nan,65536.0
2026-09-14T05:14:00.000+08:00,0.0,22.72820472717285,22.63916015625,0.0,nan,386.79998779296875,0.0,0.0,2117.89990234375,nan,nan,nan,65536.0,nan,nan,nan,65536.0,nan,nan,nan,65536.0
2026-09-14T05:15:00.000+08:00,0.0,22.60927963256836,22.6669921875,0.0,nan,386.3999938964844,0.0,0.0,2117.89990234375,nan,nan,nan,65536.0,nan,nan,nan,65536.0,nan,nan,nan,65536.0
2026-09-14T05:16:00.000+08:00,0.0,22.62651252746582,22.84765625,0.0,nan,386.3999938964844,0.0,0.0,2117.89990234375,nan,nan,nan,65536.0,nan,nan,nan,65536.0,nan,nan,nan,65536.0
2026-09-14T05:17:00.000+08:00,0.0,22.609966278076172,22.70849609375,0.0,nan,386.6000061035156,0.0,0.0,2117.89990234375,nan,nan,nan,65536.0,nan,nan,nan,65536.0,nan,nan,nan,65536.0
2026-09-14T05:18:00.000+08:00,0.0,22.607175827026367,22.681640625,0.0,nan,386.79998779296875,0.0,0.0,2117.89990234375,nan,nan,nan,65536.0,nan,nan,nan,65536.0,nan,nan,nan,65536.0
2026-09-14T05:19:00.000+08:00,0.0,22.590864181518555,22.6953125,0.0,nan,386.0,0.0,0.0,2117.89990234375,nan,nan,nan,65536.0,nan,nan,nan,65536.0,nan,nan,nan,65536.0
2026-09-14T05:20:00.000+08:00,0.0,22.60230255126953,22.69482421875,0.0,nan,386.20001220703125,0.0,0.0,2117.89990234375,nan,nan,nan,65536.0,nan,nan,nan,65536.0,nan,nan,nan,65536.0
2026-09-14T05:21:00.000+08:00,0.0,22.597387313842773,22.625,0.0,nan,386.20001220703125,0.0,0.0,2117.89990234375,nan,nan,nan,65536.0,nan,nan,nan,65536.0,nan,nan,nan,65536.0
2026-09-14T05:22:00.000+08:00,0.0,22.607412338256836,22.72265625,0.0,nan,386.0,0.0,0.0,2117.89990234375,nan,nan,nan,65536.0,nan,nan,nan,65536.0,nan,nan,nan,65536.0
2026-09-14T05:23:00.000+08:00,0.0,22.604148864746094,22.70849609375,0.0,nan,386.1000061035156,0.0,0.0,2117.89990234375,nan,nan,nan,65536.0,nan,nan,nan,65536.0,nan,nan,nan,65536.0
2026-09-14T05:24:00.000+08:00,0.0,22.62325096130371,22.6953125,0.0,nan,386.20001220703125,0.0,0.0,2117.89990234375,nan,nan,nan,65536.0,nan,nan,nan,65536.0,nan,nan,nan,65536.0
2026-09-14T05:25:00.000+08:00,0.0,22.741491317749023,22.65283203125,0.0,nan,386.1000061035156,0.0,0.0,2117.89990234375,nan,nan,nan,65536.0,nan,nan,nan,65536.0,nan,nan,nan,65536.0
2026-09-14T05:26:00.000+08:00,0.0,22.610673904418945,22.6953125,0.0,nan,386.29998779296875,0.0,0.0,2117.89990234375,nan,nan,nan,65536.0,nan,nan,nan,65536.0,nan,nan,nan,65536.0
2026-09-14T05:27:00.000+08:00,0.0,22.741491317749023,22.65283203125,0.0,nan,386.70001220703125,0.0,0.0,2117.89990234375,nan,nan,nan,65536.0,nan,nan,nan,65536.0,nan,nan,nan,65536.0
2026-09-14T05:28:00.000+08:00,0.0,22.61788558959961,22.736328125,0.0,nan,386.20001220703125,0.0,0.0,2117.89990234375,nan,nan,nan,65536.0,nan,nan,nan,65536.0,nan,nan,nan,65536.0
2026-09-14T05:29:00.000+08:00,0.0,22.59809684753418,22.625,0.0,nan,385.29998779296875,0.0,0.0,2117.89990234375,nan,nan,nan,65536.0,nan,nan,nan,65536.0,nan,nan,nan,65536.0
2026-09-14T05:30:00.000+08:00,0.0,22.595542907714844,22.72265625,0.0,nan,385.3999938964844,0.0,0.0,2117.89990234375,nan,nan,nan,65536.0,nan,nan,nan,65536.0,nan,nan,nan,65536.0
2026-09-14T05:31:00.000+08:00,0.0,22.609966278076172,22.65283203125,0.0,nan,385.70001220703125,0.0,0.0,2117.89990234375,nan,nan,nan,65536.0,nan,nan,nan,65536.0,nan,nan,nan,65536.0
2026-09-14T05:32:00.000+08:00,0.0,22.592729568481445,22.69482421875,0.0,nan,385.3999938964844,0.0,0.0,2117.89990234375,nan,nan,nan,65536.0,nan,nan,nan,65536.0,nan,nan,nan,65536.0
2026-09-14T05:33:00.000+08:00,0.0,22.74404525756836,22.708984375,0.0,nan,385.79998779296875,0.0,0.0,2117.89990234375,nan,nan,nan,65536.0,nan,nan,nan,65536.0,nan,nan,nan,65536.0
2026-09-14T05:34:00.000+08:00,0.0,22.604856491088867,22.6953125,0.0,nan,385.5,0.0,0.0,2117.89990234375,nan,nan,nan,65536.0,nan,nan,nan,65536.0,nan,nan,nan,65536.0
2026-09-14T05:35:00.000+08:00,0.0,22.73286247253418,22.625,0.0,nan,385.6000061035156,0.0,0.0,2117.89990234375,nan,nan,nan,65536.0,nan,nan,nan,65536.0,nan,nan,nan,65536.0
2026-09-14T05:36:00.000+08:00,0.0,22.615331649780273,22.708984375,0.0,nan,385.6000061035156,0.0,0.0,2117.89990234375,nan,nan,nan,65536.0,nan,nan,nan,65536.0,nan,nan,nan,65536.0
2026-09-14T05:37:00.000+08:00,0.0,22.58038902282715,22.70849609375,0.0,nan,385.70001220703125,0.0,0.0,2117.89990234375,nan,nan,nan,65536.0,nan,nan,nan,65536.0,nan,nan,nan,65536.0
2026-09-14T05:38:00.000+08:00,0.0,22.734966278076172,22.70849609375,0.0,nan,385.3999938964844,0.0,0.0,2117.89990234375,nan,nan,nan,65536.0,nan,nan,nan,65536.0,nan,nan,nan,65536.0
2026-09-14T05:39:00.000+08:00,0.0,22.608572006225586,22.63916015625,0.0,nan,385.3999938964844,0.0,0.0,2117.89990234375,nan,nan,nan,65536.0,nan,nan,nan,65536.0,nan,nan,nan,65536.0
2026-09-14T05:40:00.000+08:00,0.0,22.592966079711914,22.708984375,0.0,nan,385.8999938964844,0.0,0.0,2117.89990234375,nan,nan,nan,65536.0,nan,nan,nan,65536.0,nan,nan,nan,65536.0
2026-09-14T05:41:00.000+08:00,0.0,22.605308532714844,22.736328125,0.0,nan,386.29998779296875,0.0,0.0,2117.89990234375,nan,nan,nan,65536.0,nan,nan,nan,65536.0,nan,nan,nan,65536.0
2026-09-14T05:42:00.000+08:00,0.0,22.614643096923828,22.736328125,0.0,nan,385.6000061035156,0.0,0.0,2117.89990234375,nan,nan,nan,65536.0,nan,nan,nan,65536.0,nan,nan,nan,65536.0
2026-09-14T05:43:00.000+08:00,0.0,22.73427963256836,22.70849609375,0.0,nan,385.5,0.0,0.0,2117.89990234375,nan,nan,nan,65536.0,nan,nan,nan,65536.0,nan,nan,nan,65536.0
2026-09-14T05:44:00.000+08:00,0.0,22.625825881958008,22.75,0.0,nan,386.0,0.0,0.0,2117.89990234375,nan,nan,nan,65536.0,nan,nan,nan,65536.0,nan,nan,nan,65536.0
2026-09-14T05:45:00.000+08:00,0.0,22.61022186279297,22.6953125,0.0,nan,386.3999938964844,0.0,0.0,2117.89990234375,nan,nan,nan,65536.0,nan,nan,nan,65536.0,nan,nan,nan,65536.0
2026-09-14T05:46:00.000+08:00,0.0,22.625825881958008,22.66650390625,0.0,nan,386.29998779296875,0.0,0.0,2117.89990234375,nan,nan,nan,65536.0,nan,nan,nan,65536.0,nan,nan,nan,65536.0
2026-09-14T05:47:00.000+08:00,0.0,22.729148864746094,22.72265625,0.0,nan,386.6000061035156,0.0,0.0,2117.89990234375,nan,nan,nan,65536.0,nan,nan,nan,65536.0,nan,nan,nan,65536.0
2026-09-14T05:48:00.000+08:00,0.0,22.73822784423828,22.72265625,0.0,nan,386.20001220703125,0.0,0.0,2117.89990234375,nan,nan,nan,65536.0,nan,nan,nan,65536.0,nan,nan,nan,65536.0
2026-09-14T05:49:00.000+08:00,0.0,22.631187438964844,22.72265625,0.0,nan,386.29998779296875,0.0,0.0,2117.89990234375,nan,nan,nan,65536.0,nan,nan,nan,65536.0,nan,nan,nan,65536.0
2026-09-14T05:50:00.000+08:00,0.0,22.734966278076172,22.69482421875,0.0,nan,386.5,0.0,0.0,2117.89990234375,nan,nan,nan,65536.0,nan,nan,nan,65536.0,nan,nan,nan,65536.0
2026-09-14T05:51:00.000+08:00,0.0,22.74941062927246,22.84716796875,0.0,nan,387.0,0.0,0.0,2117.89990234375,nan,nan,nan,65536.0,nan,nan,nan,65536.0,nan,nan,nan,65536.0
2026-09-14T05:52:00.000+08:00,0.0,22.746601104736328,22.708984375,0.0,nan,387.0,0.0,0.0,2117.89990234375,nan,nan,nan,65536.0,nan,nan,nan,65536.0,nan,nan,nan,65536.0
2026-09-14T05:53:00.000+08:00,0.0,nan,nan,0.0,nan,nan,nan,nan,nan,nan,nan,nan,nan,nan,nan,nan,nan,nan,nan,nan,nan
2026-09-14T05:54:00.000+08:00,0.0,22.6836576461792,22.7294921875,0.0,nan,387.0500030517578,0.0,0.0,2117.89990234375,nan,nan,nan,65536.0,nan,nan,nan,65536.0,nan,nan,nan,65536.0
2026-09-14T05:55:00.000+08:00,0.0,22.61022186279297,22.66650390625,0.0,nan,386.79998779296875,0.0,0.0,2117.89990234375,nan,nan,nan,65536.0,nan,nan,nan,65536.0,nan,nan,nan,65536.0
2026-09-14T05:56:00.000+08:00,0.0,22.74404525756836,22.6806640625,0.0,nan,387.0,0.0,0.0,2117.89990234375,nan,nan,nan,65536.0,nan,nan,nan,65536.0,nan,nan,nan,65536.0
2026-09-14T05:57:00.000+08:00,0.0,22.62651252746582,22.681640625,0.0,nan,387.0,0.0,0.0,2117.89990234375,nan,nan,nan,65536.0,nan,nan,nan,65536.0,nan,nan,nan,65536.0
2026-09-14T05:58:00.000+08:00,0.0,22.735673904418945,22.6669921875,0.0,nan,386.6000061035156,0.0,0.0,2117.89990234375,nan,nan,nan,65536.0,nan,nan,nan,65536.0,nan,nan,nan,65536.0
2026-09-14T05:59:00.000+08:00,0.0,22.743337631225586,22.6953125,0.0,nan,386.3999938964844,0.0,0.0,2117.89990234375,nan,nan,nan,65536.0,nan,nan,nan,65536.0,nan,nan,nan,65536.0
2026-09-14T06:00:00.000+08:00,0.0,22.741039276123047,22.65283203125,0.0,nan,386.0,0.0,0.0,2117.89990234375,nan,nan,nan,65536.0,nan,nan,nan,65536.0,nan,nan,nan,65536.0
2026-09-14T06:01:00.000+08:00,0.0,22.605308532714844,22.708984375,0.0,nan,385.79998779296875,0.0,0.0,2117.89990234375,nan,nan,nan,65536.0,nan,nan,nan,65536.0,nan,nan,nan,65536.0
2026-09-14T06:02:00.000+08:00,0.0,22.72309684753418,22.70849609375,0.0,nan,385.5,0.0,0.0,2117.89990234375,nan,nan,nan,65536.0,nan,nan,nan,65536.0,nan,nan,nan,65536.0
2026-09-14T06:03:00.000+08:00,0.0,22.727754592895508,22.69482421875,0.0,nan,386.0,0.0,0.0,2117.89990234375,nan,nan,nan,65536.0,nan,nan,nan,65536.0,nan,nan,nan,65536.0
2026-09-14T06:04:00.000+08:00,0.0,22.736125946044922,22.708984375,0.0,nan,385.29998779296875,0.0,0.0,2117.89990234375,nan,nan,nan,65536.0,nan,nan,nan,65536.0,nan,nan,nan,65536.0
2026-09-14T06:05:00.000+08:00,0.0,22.724254608154297,22.72265625,0.0,nan,385.5,0.0,0.0,2117.89990234375,nan,nan,nan,65536.0,nan,nan,nan,65536.0,nan,nan,nan,65536.0
2026-09-14T06:06:00.000+08:00,0.0,22.730308532714844,22.69482421875,0.0,nan,385.6000061035156,0.0,0.0,2117.89990234375,nan,nan,nan,65536.0,nan,nan,nan,65536.0,nan,nan,nan,65536.0
2026-09-14T06:07:00.000+08:00,0.0,22.743141174316406,22.69482421875,0.0,nan,385.3999938964844,0.0,0.0,2117.89990234375,nan,nan,nan,65536.0,nan,nan,nan,65536.0,nan,nan,nan,65536.0
2026-09-14T06:08:00.000+08:00,0.0,22.74825096130371,22.6953125,0.0,nan,385.0,0.0,0.0,2117.89990234375,nan,nan,nan,65536.0,nan,nan,nan,65536.0,nan,nan,nan,65536.0
2026-09-14T06:09:00.000+08:00,0.0,22.73286247253418,22.69482421875,0.0,nan,384.3999938964844,0.0,0.0,2117.89990234375,nan,nan,nan,65536.0,nan,nan,nan,65536.0,nan,nan,nan,65536.0
2026-09-14T06:10:00.000+08:00,0.0,22.610673904418945,22.708984375,0.0,nan,384.6000061035156,0.0,0.0,2117.89990234375,nan,nan,nan,65536.0,nan,nan,nan,65536.0,nan,nan,nan,65536.0
2026-09-14T06:11:00.000+08:00,0.0,22.746854782104492,22.75,0.0,nan,384.70001220703125,0.0,0.0,2117.89990234375,nan,nan,nan,65536.0,nan,nan,nan,65536.0,nan,nan,nan,65536.0
2026-09-14T06:12:00.000+08:00,0.0,22.732412338256836,22.70849609375,0.0,nan,384.79998779296875,0.0,0.0,2117.89990234375,nan,nan,nan,65536.0,nan,nan,nan,65536.0,nan,nan,nan,65536.0
2026-09-14T06:13:00.000+08:00,0.0,22.748703002929688,22.69482421875,0.0,nan,384.79998779296875,0.0,0.0,2117.89990234375,nan,nan,nan,65536.0,nan,nan,nan,65536.0,nan,nan,nan,65536.0
2026-09-14T06:14:00.000+08:00,0.0,22.73822784423828,22.6669921875,0.0,nan,384.8999938964844,0.0,0.0,2117.89990234375,nan,nan,nan,65536.0,nan,nan,nan,65536.0,nan,nan,nan,65536.0
2026-09-14T06:15:00.000+08:00,0.0,22.73938751220703,22.736328125,0.0,nan,385.0,0.0,0.0,2117.89990234375,nan,nan,nan,65536.0,nan,nan,nan,65536.0,nan,nan,nan,65536.0
2026-09-14T06:16:00.000+08:00,0.0,22.627925872802734,22.77783203125,0.0,nan,385.0,0.0,0.0,2117.89990234375,nan,nan,nan,65536.0,nan,nan,nan,65536.0,nan,nan,nan,65536.0
2026-09-14T06:17:00.000+08:00,0.0,22.736833572387695,22.72265625,0.0,nan,385.3999938964844,0.0,0.0,2117.89990234375,nan,nan,nan,65536.0,nan,nan,nan,65536.0,nan,nan,nan,65536.0
2026-09-14T06:18:00.000+08:00,0.0,22.743337631225586,22.69482421875,0.0,nan,385.20001220703125,0.0,0.0,2117.89990234375,nan,nan,nan,65536.0,nan,nan,nan,65536.0,nan,nan,nan,65536.0
2026-09-14T06:19:00.000+08:00,0.0,22.628379821777344,22.833984375,0.0,nan,384.8999938964844,0.0,0.0,2117.89990234375,nan,nan,nan,65536.0,nan,nan,nan,65536.0,nan,nan,nan,65536.0
2026-09-14T06:20:00.000+08:00,0.0,22.748703002929688,22.708984375,0.0,nan,385.0,0.0,0.0,2117.89990234375,nan,nan,nan,65536.0,nan,nan,nan,65536.0,nan,nan,nan,65536.0
2026-09-14T06:21:00.000+08:00,0.0,22.634883880615234,22.76416015625,0.0,nan,385.1000061035156,0.0,0.0,2117.89990234375,nan,nan,nan,65536.0,nan,nan,nan,65536.0,nan,nan,nan,65536.0
2026-09-14T06:22:00.000+08:00,0.0,22.748703002929688,22.861328125,0.0,nan,385.1000061035156,0.0,0.0,2117.89990234375,nan,nan,nan,65536.0,nan,nan,nan,65536.0,nan,nan,nan,65536.0
2026-09-14T06:23:00.000+08:00,0.0,22.739643096923828,22.625,0.0,nan,385.6000061035156,0.0,0.0,2117.89990234375,nan,nan,nan,65536.0,nan,nan,nan,65536.0,nan,nan,nan,65536.0
2026-09-14T06:24:00.000+08:00,0.0,22.62906837463379,22.833984375,0.0,nan,385.5,0.0,0.0,2117.89990234375,nan,nan,nan,65536.0,nan,nan,nan,65536.0,nan,nan,nan,65536.0
2026-09-14T06:25:00.000+08:00,0.0,22.633037567138672,22.84765625,0.0,nan,385.29998779296875,0.0,0.0,2117.89990234375,nan,nan,nan,65536.0,nan,nan,nan,65536.0,nan,nan,nan,65536.0
2026-09-14T06:26:00.000+08:00,0.0,22.737070083618164,22.736328125,0.0,nan,385.0,0.0,0.0,2117.89990234375,nan,nan,nan,65536.0,nan,nan,nan,65536.0,nan,nan,nan,65536.0
2026-09-14T06:27:00.000+08:00,0.0,22.626277923583984,22.66650390625,0.0,nan,385.1000061035156,0.0,0.0,2117.89990234375,nan,nan,nan,65536.0,nan,nan,nan,65536.0,nan,nan,nan,65536.0
2026-09-14T06:28:00.000+08:00,0.0,22.745460510253906,22.72265625,0.0,nan,385.20001220703125,0.0,0.0,2117.89990234375,nan,nan,nan,65536.0,nan,nan,nan,65536.0,nan,nan,nan,65536.0
2026-09-14T06:29:00.000+08:00,0.0,22.746854782104492,22.861328125,0.0,nan,385.0,0.0,0.0,2117.89990234375,nan,nan,nan,65536.0,nan,nan,nan,65536.0,nan,nan,nan,65536.0
2026-09-14T06:30:00.000+08:00,0.0,22.744752883911133,22.65283203125,0.0,nan,385.29998779296875,0.0,0.0,2117.89990234375,nan,nan,nan,65536.0,nan,nan,nan,65536.0,nan,nan,nan,65536.0
2026-09-14T06:31:00.000+08:00,0.0,22.748014450073242,22.6669921875,0.0,nan,385.29998779296875,0.0,0.0,2117.89990234375,nan,nan,nan,65536.0,nan,nan,nan,65536.0,nan,nan,nan,65536.0
2026-09-14T06:32:00.000+08:00,0.0,22.62767219543457,22.83349609375,0.0,nan,385.29998779296875,0.0,0.0,2117.89990234375,nan,nan,nan,65536.0,nan,nan,nan,65536.0,nan,nan,nan,65536.0
2026-09-14T06:33:00.000+08:00,0.0,22.64816665649414,22.8203125,0.0,nan,385.0,0.0,0.0,2117.89990234375,nan,nan,nan,65536.0,nan,nan,nan,65536.0,nan,nan,nan,65536.0
2026-09-14T06:34:00.000+08:00,0.0,22.642114639282227,22.8056640625,0.0,nan,384.70001220703125,0.0,0.0,2117.89990234375,nan,nan,nan,65536.0,nan,nan,nan,65536.0,nan,nan,nan,65536.0
2026-09-14T06:35:00.000+08:00,0.0,22.63187599182129,22.79150390625,0.0,nan,384.70001220703125,0.0,0.0,2117.89990234375,nan,nan,nan,65536.0,nan,nan,nan,65536.0,nan,nan,nan,65536.0
2026-09-14T06:36:00.000+08:00,0.0,22.639108657836914,22.861328125,0.0,nan,384.8999938964844,0.0,0.0,2117.89990234375,nan,nan,nan,65536.0,nan,nan,nan,65536.0,nan,nan,nan,65536.0
2026-09-14T06:37:00.000+08:00,0.0,22.626277923583984,22.84765625,0.0,nan,384.79998779296875,0.0,0.0,2117.89990234375,nan,nan,nan,65536.0,nan,nan,nan,65536.0,nan,nan,nan,65536.0
2026-09-14T06:38:00.000+08:00,0.0,22.62651252746582,22.72265625,0.0,nan,385.1000061035156,0.0,0.0,2117.89990234375,nan,nan,nan,65536.0,nan,nan,nan,65536.0,nan,nan,nan,65536.0
2026-09-14T06:39:00.000+08:00,0.0,22.74078369140625,22.708984375,0.0,nan,384.79998779296875,0.0,0.0,2117.89990234375,nan,nan,nan,65536.0,nan,nan,nan,65536.0,nan,nan,nan,65536.0
2026-09-14T06:40:00.000+08:00,0.0,22.640247344970703,22.77783203125,0.0,nan,385.20001220703125,0.0,0.0,2117.89990234375,nan,nan,nan,65536.0,nan,nan,nan,65536.0,nan,nan,nan,65536.0
2026-09-14T06:41:00.000+08:00,0.0,22.740331649780273,22.625,0.0,nan,386.0,0.0,0.0,2117.89990234375,nan,nan,nan,65536.0,nan,nan,nan,65536.0,nan,nan,nan,65536.0
2026-09-14T06:42:00.000+08:00,0.0,22.6323299407959,22.83349609375,0.0,nan,385.79998779296875,0.0,0.0,2117.89990234375,nan,nan,nan,65536.0,nan,nan,nan,65536.0,nan,nan,nan,65536.0
2026-09-14T06:43:00.000+08:00,0.0,22.6323299407959,22.7783203125,0.0,nan,386.0,0.0,0.0,2117.89990234375,nan,nan,nan,65536.0,nan,nan,nan,65536.0,nan,nan,nan,65536.0
2026-09-14T06:44:00.000+08:00,0.0,22.648874282836914,22.83349609375,0.0,nan,386.20001220703125,0.0,0.0,2117.89990234375,nan,nan,nan,65536.0,nan,nan,nan,65536.0,nan,nan,nan,65536.0
2026-09-14T06:45:00.000+08:00,0.0,22.636987686157227,22.833984375,0.0,nan,386.3999938964844,0.0,0.0,2117.89990234375,nan,nan,nan,65536.0,nan,nan,nan,65536.0,nan,nan,nan,65536.0
2026-09-14T06:46:00.000+08:00,0.0,22.664005279541016,22.806640625,0.0,nan,385.8999938964844,0.0,0.0,2117.89990234375,nan,nan,nan,65536.0,nan,nan,nan,65536.0,nan,nan,nan,65536.0
2026-09-14T06:47:00.000+08:00,0.0,22.63629722595215,22.77783203125,0.0,nan,385.6000061035156,0.0,0.0,2117.89990234375,nan,nan,nan,65536.0,nan,nan,nan,65536.0,nan,nan,nan,65536.0
2026-09-14T06:48:00.000+08:00,0.0,22.630481719970703,22.83349609375,0.0,nan,385.29998779296875,0.0,0.0,2117.89990234375,nan,nan,nan,65536.0,nan,nan,nan,65536.0,nan,nan,nan,65536.0
2026-09-14T06:49:00.000+08:00,0.0,22.640954971313477,22.76416015625,0.0,nan,385.5,0.0,0.0,2117.89990234375,nan,nan,nan,65536.0,nan,nan,nan,65536.0,nan,nan,nan,65536.0
2026-09-14T06:50:00.000+08:00,0.0,22.641408920288086,22.77783203125,0.0,nan,385.6000061035156,6.0289998054504395,3.4839999675750732,2118.0,nan,nan,nan,65536.0,nan,nan,nan,65536.0,nan,nan,nan,65536.0
2026-09-14T06:51:00.000+08:00,0.0,22.52686309814453,21.95849609375,0.0,nan,385.70001220703125,6.020999908447266,3.48799991607666,2118.10009765625,nan,nan,nan,65536.0,nan,nan,nan,65536.0,nan,nan,nan,65536.0
2026-09-14T06:52:00.000+08:00,0.0,nan,nan,0.0,nan,nan,nan,nan,nan,nan,nan,nan,nan,nan,nan,nan,nan,nan,nan,nan,nan
2026-09-14T06:53:00.000+08:00,0.0,20.932554244995117,21.479248046875,0.0, +inf,385.3999938964844,6.052999973297119,3.490999937057495,2118.1500244140625,nan,nan,nan,65536.0,nan,nan,nan,65536.0,nan,nan,nan,65536.0
2026-09-14T06:54:00.000+08:00,43.72892761230469,15.772342681884766,21.111328125,0.0, +inf,385.5,6.079999923706055,3.5139999389648438,2118.199951171875,nan,nan,nan,65536.0,nan,nan,nan,65536.0,nan,nan,nan,65536.0
2026-09-14T06:55:00.000+08:00,98.0134506225586,10.705292701721191,18.47265625,0.0, +inf,385.3999938964844,6.099999904632568,3.5290000438690186,2118.300048828125,nan,nan,nan,65536.0,nan,nan,nan,65536.0,nan,nan,nan,65536.0
2026-09-14T06:56:00.000+08:00,142.77886962890625,9.806438446044922,16.9453125,2.987595319747925,1.1705065965652466,385.3999938964844,6.084000110626221,3.5280001163482666,2118.39990234375,nan,nan,nan,65536.0,nan,nan,nan,65536.0,nan,nan,nan,65536.0
2026-09-14T06:57:00.000+08:00,182.7545928955078,9.515817642211914,16.56982421875,13.79706859588623,0.254619300365448,385.0,6.116000175476074,3.5380001068115234,2118.39990234375,nan,nan,nan,65536.0,nan,nan,nan,65536.0,nan,nan,nan,65536.0
2026-09-14T06:58:00.000+08:00,138.92808532714844,9.458290100097656,16.45849609375,21.481807708740234,0.16446474194526672,385.0,6.110000133514404,3.5290000438690186,2118.5,nan,nan,nan,65536.0,nan,nan,nan,65536.0,nan,nan,nan,65536.0
2026-09-14T06:59:00.000+08:00,132.7418212890625,9.336458206176758,16.26416015625,19.20952033996582,0.1836589276790619,385.1000061035156,6.11899995803833,3.5350000858306885,2118.5,nan,nan,nan,65536.0,nan,nan,nan,65536.0,nan,nan,nan,65536.0
2026-09-14T07:00:00.000+08:00,144.7758026123047,9.411069869995117,16.19482421875,20.03911018371582,0.1759060174226761,384.70001220703125,6.105999946594238,3.5160000324249268,2118.60009765625,nan,nan,nan,65536.0,nan,nan,nan,65536.0,nan,nan,nan,65536.0
2026-09-14T07:01:00.000+08:00,141.6853790283203,9.50125503540039,17.5,19.41453742980957,0.18192553520202637,384.79998779296875,6.111000061035156,3.5179998874664307,2118.60009765625,nan,nan,nan,65536.0,nan,nan,nan,65536.0,nan,nan,nan,65536.0
2026-09-14T07:02:00.000+08:00,159.9291534423828,9.409173965454102,16.833984375,21.939695358276367,0.1610323190689087,385.29998779296875,6.177999973297119,3.5759999752044678,2118.699951171875,nan,nan,nan,65536.0,nan,nan,nan,65536.0,nan,nan,nan,65536.0
2026-09-14T07:03:00.000+08:00,17.08777618408203,9.301094055175781,14.375,2.2982749938964844,1.5276674032211304,386.3999938964844,6.171999931335449,3.5820000171661377,2118.800048828125,nan,nan,nan,65536.0,nan,nan,nan,65536.0,nan,nan,nan,65536.0
2026-09-14T07:04:00.000+08:00,22.55785369873047,9.426982879638672,14.4033203125,3.324350357055664,1.0543413162231445,385.79998779296875,6.370999813079834,3.5789999961853027,2118.800048828125,nan,nan,nan,65536.0,nan,nan,nan,65536.0,nan,nan,nan,65536.0
2026-09-14T07:05:00.000+08:00,282.27557373046875,11.032241821289062,14.972412109375,52.54600524902344,0.06759791076183319,386.3999938964844,6.367000102996826,3.5840001106262207,2118.89990234375,nan,nan,nan,65536.0,nan,nan,nan,65536.0,nan,nan,nan,65536.0
2026-09-14T07:06:00.000+08:00,306.05108642578125,11.854812622070312,15.09765625,30.340049743652344,0.11816065013408661,385.8999938964844,6.354000091552734,3.569999933242798,2118.89990234375,nan,nan,nan,65536.0,nan,nan,nan,65536.0,nan,nan,nan,65536.0
2026-09-14T07:07:00.000+08:00,299.8169250488281,11.396957397460938,14.8681640625,29.913219451904297,0.12014754861593246,386.0,6.361000061035156,3.5769999027252197,2119.0,nan,nan,nan,65536.0,nan,nan,nan,65536.0,nan,nan,nan,65536.0
2026-09-14T07:08:00.000+08:00,331.6462707519531,10.517749786376953,14.2431640625,26.184602737426758,0.13683614134788513,386.0,6.394000053405762,3.5940001010894775,2119.10009765625,nan,nan,nan,65536.0,nan,nan,nan,65536.0,nan,nan,nan,65536.0
2026-09-14T07:09:00.000+08:00,386.01611328125,10.207660675048828,13.986083984375,25.562742233276367,0.14032141864299774,386.5,6.171999931335449,3.5859999656677246,2119.10009765625,nan,nan,nan,65536.0,nan,nan,nan,65536.0,nan,nan,nan,65536.0
2026-09-14T07:10:00.000+08:00,432.9429626464844,10.28354263305664,13.923828125,28.644834518432617,0.12532800436019897,386.70001220703125,6.204999923706055,3.5980000495910645,2119.199951171875,nan,nan,nan,65536.0,nan,nan,nan,65536.0,nan,nan,nan,65536.0
2026-09-14T07:11:00.000+08:00,435.0809020996094,10.264511108398438,13.7919921875,32.006988525390625,0.1119755357503891,386.5,6.179999828338623,3.5969998836517334,2119.199951171875,nan,nan,nan,65536.0,nan,nan,nan,65536.0,nan,nan,nan,65536.0
2026-09-14T07:12:00.000+08:00,416.6807556152344,10.184234619140625,13.6806640625,30.652395248413086,0.11689135432243347,386.79998779296875,6.202000141143799,3.6089999675750732,2119.300048828125,nan,nan,nan,65536.0,nan,nan,nan,65536.0,nan,nan,nan,65536.0
2026-09-14T07:13:00.000+08:00,424.997314453125,10.054428100585938,13.479248046875,31.10560417175293,0.11589550971984863,386.70001220703125,6.202000141143799,3.6059999465942383,2119.39990234375,nan,nan,nan,65536.0,nan,nan,nan,65536.0,nan,nan,nan,65536.0
2026-09-14T07:14:00.000+08:00,449.08843994140625,9.94381332397461,13.416748046875,31.308866500854492,0.11498340219259262,386.20001220703125,6.196000099182129,3.6040000915527344,2119.39990234375,nan,nan,nan,65536.0,nan,nan,nan,65536.0,nan,nan,nan,65536.0
2026-09-14T07:15:00.000+08:00,446.7356262207031,9.916938781738281,13.28515625,31.32235336303711,0.11487004160881042,386.29998779296875,6.185999870300293,3.6010000705718994,2119.5,nan,nan,nan,65536.0,nan,nan,nan,65536.0,nan,nan,nan,65536.0
2026-09-14T07:16:00.000+08:00,476.7585754394531,9.819412231445312,13.236328125,32.30093765258789,0.11169954389333725,386.3999938964844,6.198999881744385,3.6019999980926514,2119.5,nan,nan,nan,65536.0,nan,nan,nan,65536.0,nan,nan,nan,65536.0
2026-09-14T07:17:00.000+08:00,467.58331298828125,9.804950714111328,13.0419921875,31.73041534423828,0.11332974582910538,386.3999938964844,6.2210001945495605,3.6110000610351562,2119.60009765625,nan,nan,nan,65536.0,nan,nan,nan,65536.0,nan,nan,nan,65536.0
2026-09-14T07:18:00.000+08:00,486.3507995605469,9.763103485107422,13.020751953125,32.514583587646484,0.11056577414274216,386.20001220703125,6.179999828338623,3.6029999256134033,2119.699951171875,nan,nan,nan,65536.0,nan,nan,nan,65536.0,nan,nan,nan,65536.0
2026-09-14T07:19:00.000+08:00,473.25543212890625,9.707794189453125,12.9794921875,31.604644775390625,0.11412879824638367,386.5,6.204999923706055,3.609999895095825,2119.699951171875,nan,nan,nan,65536.0,nan,nan,nan,65536.0,nan,nan,nan,65536.0
2026-09-14T07:20:00.000+08:00,489.5386657714844,9.754180908203125,12.916748046875,32.35466003417969,0.11135953664779663,386.5,6.223999977111816,3.61299991607666,2119.800048828125,nan,nan,nan,65536.0,nan,nan,nan,65536.0,nan,nan,nan,65536.0
2026-09-14T07:21:00.000+08:00,491.14031982421875,9.694835662841797,12.91015625,31.57746124267578,0.11387869715690613,386.70001220703125,6.182000160217285,3.5940001010894775,2119.800048828125,nan,nan,nan,65536.0,nan,nan,nan,65536.0,nan,nan,nan,65536.0
2026-09-14T07:22:00.000+08:00,521.581787109375,9.687824249267578,12.8681640625,32.83623123168945,0.10975680500268936,386.70001220703125,6.198999881744385,3.6019999980926514,2119.89990234375,nan,nan,nan,65536.0,nan,nan,nan,65536.0,nan,nan,nan,65536.0
2026-09-14T07:23:00.000+08:00,523.186279296875,9.726329803466797,12.7158203125,32.20121383666992,0.11192125082015991,386.1000061035156,6.215000152587891,3.6029999256134033,2120.0,nan,nan,nan,65536.0,nan,nan,nan,65536.0,nan,nan,nan,65536.0
2026-09-14T07:24:00.000+08:00,524.198974609375,9.746604919433594,12.625,32.403202056884766,0.1111927181482315,386.0,6.188000202178955,3.5980000495910645,2120.0,nan,nan,nan,65536.0,nan,nan,nan,65536.0,nan,nan,nan,65536.0
2026-09-14T07:25:00.000+08:00,520.16943359375,9.810283660888672,12.659912109375,32.49372863769531,0.11119068413972855,386.0,6.184000015258789,3.5899999141693115,2120.10009765625,nan,nan,nan,65536.0,nan,nan,nan,65536.0,nan,nan,nan,65536.0
2026-09-14T07:26:00.000+08:00,528.832763671875,9.774349212646484,12.638916015625,32.4647331237793,0.11095117032527924,385.29998779296875,6.184000015258789,3.5820000171661377,2120.10009765625,nan,nan,nan,65536.0,nan,nan,nan,65536.0,nan,nan,nan,65536.0
2026-09-14T07:27:00.000+08:00,534.812255859375,9.767669677734375,12.6669921875,32.23862838745117,0.11141913384199142,385.1000061035156,6.177999973297119,3.572000026702881,2120.199951171875,nan,nan,nan,65536.0,nan,nan,nan,65536.0,nan,nan,nan,65536.0
2026-09-14T07:28:00.000+08:00,553.5596313476562,9.721004486083984,12.6044921875,31.683420181274414,0.1133715957403183,385.20001220703125,6.197999954223633,3.5789999961853027,2120.300048828125,nan,nan,nan,65536.0,nan,nan,nan,65536.0,nan,nan,nan,65536.0
2026-09-14T07:29:00.000+08:00,544.4244384765625,9.721004486083984,12.611083984375,32.11919021606445,0.11230046302080154,384.8999938964844,6.182000160217285,3.5799999237060547,2120.300048828125,nan,nan,nan,65536.0,nan,nan,nan,65536.0,nan,nan,nan,65536.0
2026-09-14T07:30:00.000+08:00,539.2820434570312,9.74825668334961,12.611083984375,31.013132095336914,0.11540272831916809,385.3999938964844,6.175000190734863,3.5759999752044678,2120.39990234375,nan,nan,nan,65536.0,nan,nan,nan,65536.0,nan,nan,nan,65536.0
2026-09-14T07:31:00.000+08:00,554.8390502929688,9.70676040649414,12.5625,31.812416076660156,0.11228320002555847,385.3999938964844,6.195000171661377,3.5820000171661377,2120.39990234375,nan,nan,nan,65536.0,nan,nan,nan,65536.0,nan,nan,nan,65536.0
2026-09-14T07:32:00.000+08:00,561.9243774414062,9.732177734375,12.548583984375,32.31776428222656,0.1104346215724945,385.5,6.196000099182129,3.5829999446868896,2120.5,nan,nan,nan,65536.0,nan,nan,nan,65536.0,nan,nan,nan,65536.0
2026-09-14T07:33:00.000+08:00,543.2456665039062,9.750377655029297,12.534912109375,30.906787872314453,0.11618807166814804,385.3999938964844,6.171999931335449,3.5810000896453857,2120.60009765625,nan,nan,nan,65536.0,nan,nan,nan,65536.0,nan,nan,nan,65536.0
2026-09-14T07:34:00.000+08:00,558.4676513671875,9.767032623291016,12.51416015625,31.899324417114258,0.11229078471660614,385.79998779296875,6.190000057220459,3.5920000076293945,2120.60009765625,nan,nan,nan,65536.0,nan,nan,nan,65536.0,nan,nan,nan,65536.0
2026-09-14T07:35:00.000+08:00,556.2479248046875,9.750457763671875,12.541748046875,30.69852638244629,0.1165853962302208,385.5,6.178999900817871,3.5810000896453857,2120.699951171875,nan,nan,nan,65536.0,nan,nan,nan,65536.0,nan,nan,nan,65536.0
2026-09-14T07:36:00.000+08:00,558.4595336914062,9.809700012207031,12.5556640625,31.069290161132812,0.11532288044691086,385.70001220703125,6.177000045776367,3.5789999961853027,2120.699951171875,nan,nan,nan,65536.0,nan,nan,nan,65536.0,nan,nan,nan,65536.0
2026-09-14T07:37:00.000+08:00,565.2483520507812,9.7728271484375,12.569580078125,30.8739070892334,0.11647376418113708,385.70001220703125,6.178999900817871,3.5850000381469727,2120.800048828125,nan,nan,nan,65536.0,nan,nan,nan,65536.0,nan,nan,nan,65536.0
2026-09-14T07:38:00.000+08:00,580.107666015625,9.772438049316406,12.611083984375,31.91243553161621,0.11227598041296005,385.5,6.173999786376953,3.5829999446868896,2120.89990234375,nan,nan,nan,65536.0,nan,nan,nan,65536.0,nan,nan,nan,65536.0
2026-09-14T07:39:00.000+08:00,565.5048217773438,9.831291198730469,12.673583984375,32.01215362548828,0.11214490234851837,385.1000061035156,6.172999858856201,3.572000026702881,2120.89990234375,nan,nan,nan,65536.0,nan,nan,nan,65536.0,nan,nan,nan,65536.0
2026-09-14T07:40:00.000+08:00,563.9840087890625,9.844009399414062,12.59765625,31.82954978942871,0.11278827488422394,385.20001220703125,6.186999797821045,3.569999933242798,2121.0,nan,nan,nan,65536.0,nan,nan,nan,65536.0,nan,nan,nan,65536.0
2026-09-14T07:41:00.000+08:00,559.6273193359375,9.827117919921875,12.6181640625,30.88367462158203,0.1158217117190361,385.20001220703125,6.185999870300293,3.572000026702881,2121.0,513.28125,1.990625023841858,1.0233654975891113,2711.0,513.28125,1.990625023841858,1.0233654975891113,2711.0,513.28125,1.990625023841858,1.0233654975891113,2711.0
2026-09-14T07:42:00.000+08:00,549.5803833007812,9.81442642211914,12.6181640625,29.848365783691406,0.11993956565856934,385.5,6.197000026702881,3.5810000896453857,2121.10009765625,513.28125,1.990625023841858,1.0345358848571777,2711.0,513.28125,1.990625023841858,1.0345358848571777,2711.0,513.28125,1.990625023841858,1.0345358848571777,2711.0
2026-09-14T07:43:00.000+08:00,550.6675415039062,9.766250610351562,12.520751953125,29.958965301513672,0.11929650604724884,385.79998779296875,6.185999870300293,3.5789999961853027,2121.199951171875,513.28125,1.990625023841858,1.0349395275115967,2711.0,513.28125,1.990625023841858,1.0349395275115967,2711.0,513.28125,1.990625023841858,1.0349395275115967,2711.0
2026-09-14T07:44:00.000+08:00,568.7246704101562,9.818836212158203,12.507080078125,30.86693572998047,0.11556054651737213,385.29998779296875,6.190999984741211,3.565999984741211,2121.199951171875,513.28125,1.990625023841858,1.0282104015350342,2711.0,513.28125,1.990625023841858,1.0282104015350342,2711.0,513.28125,1.990625023841858,1.0282104015350342,2711.0
2026-09-14T07:45:00.000+08:00,557.34326171875,9.847728729248047,12.5556640625,29.138042449951172,0.12296639382839203,385.0,6.177999973297119,3.566999912261963,2121.300048828125,509.765625,1.990625023841858,1.0302292108535767,2711.0,509.765625,1.990625023841858,1.0302292108535767,2711.0,509.765625,1.990625023841858,1.0302292108535767,2711.0
2026-09-14T07:46:00.000+08:00,558.7151489257812,9.853900909423828,12.597412109375,29.508235931396484,0.12176261842250824,384.79998779296875,6.185999870300293,3.565999984741211,2121.300048828125,509.765625,1.990625023841858,1.0306329727172852,2711.0,509.765625,1.990625023841858,1.0306329727172852,2711.0,509.765625,1.990625023841858,1.0306329727172852,2711.0
2026-09-14T07:47:00.000+08:00,559.0056762695312,9.851509094238281,12.5908203125,29.887910842895508,0.12008199840784073,384.20001220703125,6.165999889373779,3.555000066757202,2121.39990234375,509.765625,1.990625023841858,1.0350741147994995,2711.0,509.765625,1.990625023841858,1.0350741147994995,2711.0,509.765625,1.990625023841858,1.0350741147994995,2711.0
2026-09-14T07:48:00.000+08:00,562.3087158203125,9.924312591552734,12.576416015625,29.789447784423828,0.11950540542602539,384.3999938964844,6.160999774932861,3.562999963760376,2121.5,509.765625,1.990625023841858,1.0290179252624512,2711.0,509.765625,1.990625023841858,1.0290179252624512,2711.0,509.765625,1.990625023841858,1.0290179252624512,2711.0
2026-09-14T07:49:00.000+08:00,540.5140380859375,10.049896240234375,12.722412109375,29.389999389648438,0.12085743993520737,384.3999938964844,6.164000034332275,3.555999994277954,2121.5,509.765625,1.990625023841858,1.0350741147994995,2711.0,509.765625,1.990625023841858,1.0350741147994995,2711.0,509.765625,1.990625023841858,1.0350741147994995,2711.0
2026-09-14T07:50:00.000+08:00,547.2100830078125,9.890533447265625,12.6875,29.672910690307617,0.11983994394540787,384.70001220703125,6.184000015258789,3.575000047683716,2121.60009765625,509.765625,1.990625023841858,1.0338629484176636,2711.0,509.765625,1.990625023841858,1.0338629484176636,2711.0,509.765625,1.990625023841858,1.0338629484176636,2711.0
2026-09-14T07:51:00.000+08:00,539.9695434570312,nan,nan,28.938417434692383,0.12284708023071289,nan,nan,nan,nan,nan,nan,nan,nan,nan,nan,nan,nan,nan,nan,nan,nan
2026-09-14T07:52:00.000+08:00,533.04150390625,9.900066375732422,12.697998046875,28.63680076599121,0.12466476857662201,383.90000915527344,6.138499975204468,3.5489999055862427,2121.6500244140625,509.765625,2.0097656846046448,1.038506031036377,2711.0,509.765625,2.0097656846046448,1.038506031036377,2711.0,509.765625,2.0097656846046448,1.038506031036377,2711.0
2026-09-14T07:53:00.000+08:00,518.8331298828125,9.94137191772461,12.8544921875,28.51789093017578,0.1247287169098854,383.70001220703125,6.210999965667725,3.5510001182556152,2121.800048828125,509.765625,1.990625023841858,1.035477876663208,2711.0,509.765625,1.990625023841858,1.035477876663208,2711.0,509.765625,1.990625023841858,1.035477876663208,2711.0
2026-09-14T07:54:00.000+08:00,519.89990234375,10.023548126220703,12.909912109375,29.303091049194336,0.12138651311397552,383.5,6.171999931335449,3.552000045776367,2121.800048828125,509.765625,2.0289063453674316,1.0411304235458374,2711.0,509.765625,2.0289063453674316,1.0411304235458374,2711.0,509.765625,2.0289063453674316,1.0411304235458374,2711.0
2026-09-14T07:55:00.000+08:00,507.3562316894531,9.999069213867188,12.8125,27.78886604309082,0.1279289275407791,384.29998779296875,6.135000228881836,3.5409998893737793,2121.89990234375,509.765625,2.0289063453674316,1.039111614227295,2711.0,509.765625,2.0289063453674316,1.039111614227295,2711.0,509.765625,2.0289063453674316,1.039111614227295,2711.0
2026-09-14T07:56:00.000+08:00,504.431884765625,9.99312973022461,12.8681640625,28.446462631225586,0.12483098357915878,385.79998779296875,6.168000221252441,3.5829999446868896,2121.89990234375,513.28125,2.0289063453674316,1.0529736280441284,2711.0,513.28125,2.0289063453674316,1.0529736280441284,2711.0,513.28125,2.0289063453674316,1.0529736280441284,2711.0
2026-09-14T07:57:00.000+08:00,485.480224609375,9.978507995605469,12.8125,26.96518325805664,0.1314658224582672,385.5,6.179999828338623,3.5789999961853027,2122.0,513.28125,2.0289063453674316,1.0492053031921387,2711.0,513.28125,2.0289063453674316,1.0492053031921387,2711.0,513.28125,2.0289063453674316,1.0492053031921387,2711.0
2026-09-14T07:58:00.000+08:00,483.9090270996094,9.93307876586914,12.784912109375,26.973983764648438,0.13075561821460724,385.0,6.144000053405762,3.552999973297119,2122.0,509.765625,2.0289063453674316,1.0485323667526245,2711.0,509.765625,2.0289063453674316,1.0485323667526245,2711.0,509.765625,2.0289063453674316,1.0485323667526245,2711.0
2026-09-14T07:59:00.000+08:00,496.78570556640625,9.932689666748047,12.798828125,27.778274536132812,0.12923769652843475,385.1000061035156,6.170000076293945,3.562000036239624,2122.10009765625,509.765625,2.0289063453674316,1.0527044534683228,2711.0,509.765625,2.0289063453674316,1.0527044534683228,2711.0,509.765625,2.0289063453674316,1.0527044534683228,2711.0
2026-09-14T08:00:00.000+08:00,490.376220703125,9.92044448852539,12.75,27.888986587524414,0.12836608290672302,384.5,6.1519999504089355,3.561000108718872,2122.199951171875,509.765625,2.0289063453674316,1.050551176071167,2711.0,509.765625,2.0289063453674316,1.050551176071167,2711.0,509.765625,2.0289063453674316,1.050551176071167,2711.0
2026-09-14T08:01:00.000+08:00,483.4759521484375,9.9393310546875,12.875,27.46259117126465,0.13003142178058624,383.8999938964844,6.117000102996826,3.5269999504089355,2122.199951171875,509.765625,2.0289063453674316,1.0455715656280518,2711.0,509.765625,2.0289063453674316,1.0455715656280518,2711.0,509.765625,2.0289063453674316,1.0455715656280518,2711.0
2026-09-14T08:02:00.000+08:00,486.1388244628906,10.03814697265625,12.909912109375,27.36103057861328,0.13003896176815033,383.6000061035156,6.146999835968018,3.5439999103546143,2122.300048828125,509.765625,2.0289063453674316,1.041803240776062,2711.0,509.765625,2.0289063453674316,1.041803240776062,2711.0,509.765625,2.0289063453674316,1.041803240776062,2711.0
2026-09-14T08:03:00.000+08:00,480.42047119140625,10.053184509277344,12.9306640625,27.135692596435547,0.13075029850006104,383.70001220703125,6.138999938964844,3.5380001068115234,2122.300048828125,509.765625,2.0289063453674316,1.044225811958313,2711.0,509.765625,2.0289063453674316,1.044225811958313,2711.0,509.765625,2.0289063453674316,1.044225811958313,2711.0
2026-09-14T08:04:00.000+08:00,479.4167175292969,10.018821716308594,12.888916015625,27.271533966064453,0.13028237223625183,383.29998779296875,6.129000186920166,3.5309998989105225,2122.39990234375,509.765625,2.0289063453674316,1.0412650108337402,2711.0,509.765625,2.0289063453674316,1.0412650108337402,2711.0,509.765625,2.0289063453674316,1.0412650108337402,2711.0
2026-09-14T08:05:00.000+08:00,476.9838562011719,10.033740997314453,12.96533203125,27.93825340270996,0.1263500601053238,383.1000061035156,6.116000175476074,3.5179998874664307,2122.5,509.765625,2.0289063453674316,1.0387078523635864,2711.0,509.765625,2.0289063453674316,1.0387078523635864,2711.0,509.765625,2.0289063453674316,1.0387078523635864,2711.0
2026-09-14T08:06:00.000+08:00,476.62548828125,10.0804443359375,12.944580078125,28.071842193603516,0.125499427318573,383.3999938964844,6.124000072479248,3.5299999713897705,2122.5,509.765625,2.0289063453674316,1.0372275114059448,2711.0,509.765625,2.0289063453674316,1.0372275114059448,2711.0,509.765625,2.0289063453674316,1.0372275114059448,2711.0
2026-09-14T08:07:00.000+08:00,482.28497314453125,10.091068267822266,13.034912109375,27.634695053100586,0.12719517946243286,383.6000061035156,6.103000164031982,3.5450000762939453,2122.60009765625,509.765625,2.0289063453674316,1.0466482639312744,2711.0,509.765625,2.0289063453674316,1.0466482639312744,2711.0,509.765625,2.0289063453674316,1.0466482639312744,2711.0
2026-09-14T08:08:00.000+08:00,468.7312927246094,10.038406372070312,13.0,27.278484344482422,0.129259392619133,382.79998779296875,6.107999801635742,3.515000104904175,2122.60009765625,509.765625,2.0289063453674316,1.037900447845459,2711.0,509.765625,2.0289063453674316,1.037900447845459,2711.0,509.765625,2.0289063453674316,1.037900447845459,2711.0
2026-09-14T08:09:00.000+08:00,463.2268981933594,9.883049011230469,12.9931640625,26.65080451965332,0.1324537843465805,383.29998779296875,6.105999946594238,3.5190000534057617,2122.699951171875,509.765625,2.0289063453674316,1.0440912246704102,2711.0,509.765625,2.0289063453674316,1.0440912246704102,2711.0,509.765625,2.0289063453674316,1.0440912246704102,2711.0
2026-09-14T08:10:00.000+08:00,465.5919189453125,9.957443237304688,12.96533203125,27.12792205810547,0.12964501976966858,383.6000061035156,6.114999771118164,3.5329999923706055,2122.800048828125,509.765625,2.0289063453674316,1.045436978340149,2711.0,509.765625,2.0289063453674316,1.045436978340149,2711.0,509.765625,2.0289063453674316,1.045436978340149,2711.0
2026-09-14T08:11:00.000+08:00,452.1512451171875,10.00091552734375,13.0556640625,26.112628936767578,0.1345708966255188,383.6000061035156,6.120999813079834,3.5339999198913574,2122.800048828125,509.765625,2.0289063453674316,1.044225811958313,2711.0,509.765625,2.0289063453674316,1.044225811958313,2711.0,509.765625,2.0289063453674316,1.044225811958313,2711.0
2026-09-14T08:12:00.000+08:00,464.2599182128906,9.952289581298828,12.944580078125,27.601398468017578,0.12781961262226105,383.79998779296875,6.107999801635742,3.5369999408721924,2122.89990234375,509.765625,2.0289063453674316,1.045436978340149,2711.0,509.765625,2.0289063453674316,1.045436978340149,2711.0,509.765625,2.0289063453674316,1.045436978340149,2711.0
2026-09-14T08:13:00.000+08:00,461.93743896484375,9.911186218261719,12.909912109375,28.415929794311523,0.1242612898349762,383.70001220703125,6.118000030517578,3.5360000133514404,2122.89990234375,509.765625,2.0289063453674316,1.045436978340149,2711.0,509.765625,2.0289063453674316,1.045436978340149,2711.0,509.765625,2.0289063453674316,1.045436978340149,2711.0
2026-09-14T08:14:00.000+08:00,448.3528137207031,9.86575698852539,12.84765625,26.10885238647461,0.13524149358272552,385.6000061035156,6.15500020980835,3.5799999237060547,2123.0,513.28125,2.0289063453674316,1.0594335794448853,2711.0,513.28125,2.0289063453674316,1.0594335794448853,2711.0,513.28125,2.0289063453674316,1.0594335794448853,2711.0
2026-09-14T08:15:00.000+08:00,454.31097412109375,9.853507995605469,12.8125,27.09377670288086,0.13036204874515533,386.79998779296875,6.164999961853027,3.5980000495910645,2123.10009765625,513.28125,2.0289063453674316,1.0642786026000977,2712.0,513.28125,2.0289063453674316,1.0642786026000977,2712.0,513.28125,2.0289063453674316,1.0642786026000977,2712.0
2026-09-14T08:16:00.000+08:00,457.1047058105469,9.858661651611328,12.8681640625,27.124834060668945,0.1301390528678894,387.1000061035156,6.165999889373779,3.6040000915527344,2123.10009765625,513.28125,2.067187547683716,1.0684505701065063,2712.0,513.28125,2.067187547683716,1.0684505701065063,2712.0,513.28125,2.067187547683716,1.0684505701065063,2712.0
2026-09-14T08:17:00.000+08:00,452.2560119628906,9.848762512207031,12.8681640625,26.477415084838867,0.13502073287963867,387.0,6.184999942779541,3.611999988555908,2123.199951171875,513.28125,2.067187547683716,1.0684505701065063,2712.0,513.28125,2.067187547683716,1.0684505701065063,2712.0,513.28125,2.067187547683716,1.0684505701065063,2712.0
2026-09-14T08:18:00.000+08:00,467.0639343261719,9.834091186523438,12.916748046875,27.890914916992188,0.12893086671829224,387.1000061035156,6.176000118255615,3.6089999675750732,2123.199951171875,513.28125,2.067187547683716,1.0734301805496216,2712.0,513.28125,2.067187547683716,1.0734301805496216,2712.0,513.28125,2.067187547683716,1.0734301805496216,2712.0
2026-09-14T08:19:00.000+08:00,458.435791015625,9.874069213867188,12.819580078125,27.189176559448242,0.1331779956817627,386.8999938964844,6.158999919891357,3.6010000705718994,2123.300048828125,513.28125,2.067187547683716,1.066028118133545,2712.0,513.28125,2.067187547683716,1.066028118133545,2712.0,513.28125,2.067187547683716,1.066028118133545,2712.0
2026-09-14T08:20:00.000+08:00,459.1656188964844,9.724960327148438,12.819580078125,28.221059799194336,0.12781234085559845,387.29998779296875,6.178999900817871,3.617000102996826,2123.39990234375,513.28125,2.067187547683716,1.067643165588379,2712.0,513.28125,2.067187547683716,1.067643165588379,2712.0,513.28125,2.067187547683716,1.067643165588379,2712.0
2026-09-14T08:21:00.000+08:00,451.9309997558594,9.748680114746094,12.847412109375,26.419187545776367,0.13634030520915985,387.20001220703125,6.192999839782715,3.615000009536743,2123.39990234375,513.28125,2.067187547683716,1.0718151330947876,2712.0,513.28125,2.067187547683716,1.0718151330947876,2712.0,513.28125,2.067187547683716,1.0718151330947876,2712.0
2026-09-14T08:22:00.000+08:00,437.0328369140625,9.696113586425781,12.847412109375,26.852672576904297,0.1343255490064621,387.0,6.188000202178955,3.6089999675750732,2123.5,513.28125,2.067187547683716,1.0702002048492432,2712.0,513.28125,2.067187547683716,1.0702002048492432,2712.0,513.28125,2.067187547683716,1.0702002048492432,2712.0
2026-09-14T08:23:00.000+08:00,453.0636901855469,9.715961456298828,12.7919921875,28.18781089782715,0.1280340701341629,387.29998779296875,6.205999851226807,3.617000102996826,2123.5,513.28125,2.067187547683716,1.072218894958496,2712.0,513.28125,2.067187547683716,1.072218894958496,2712.0,513.28125,2.067187547683716,1.072218894958496,2712.0
2026-09-14T08:24:00.000+08:00,439.0833740234375,9.681598663330078,12.729248046875,26.964738845825195,0.13395272195339203,387.1000061035156,6.210000038146973,3.6029999256134033,2123.60009765625,513.28125,2.067187547683716,1.0680469274520874,2712.0,513.28125,2.067187547683716,1.0680469274520874,2712.0,513.28125,2.067187547683716,1.0680469274520874,2712.0
2026-09-14T08:25:00.000+08:00,440.098388671875,9.700172424316406,12.791748046875,27.571264266967773,0.1310422420501709,387.0,6.203999996185303,3.6010000705718994,2123.699951171875,513.28125,2.0289063453674316,1.0642786026000977,2712.0,513.28125,2.0289063453674316,1.0642786026000977,2712.0,513.28125,2.0289063453674316,1.0642786026000977,2712.0
2026-09-14T08:26:00.000+08:00,437.67645263671875,9.65121078491211,12.722412109375,26.974040985107422,0.134573832154274,387.0,6.2129998207092285,3.6029999256134033,2123.699951171875,513.28125,2.067187547683716,1.0734301805496216,2712.0,513.28125,2.067187547683716,1.0734301805496216,2712.0,513.28125,2.067187547683716,1.0734301805496216,2712.0
2026-09-14T08:27:00.000+08:00,443.2601318359375,9.717254638671875,12.694580078125,27.42803955078125,0.1315077692270279,387.0,6.216000080108643,3.5959999561309814,2123.800048828125,513.28125,2.067187547683716,1.0646823644638062,2712.0,513.28125,2.067187547683716,1.0646823644638062,2712.0,513.28125,2.067187547683716,1.0646823644638062,2712.0
2026-09-14T08:28:00.000+08:00,446.57513427734375,9.65749740600586,12.7431640625,27.183347702026367,0.1325811743736267,386.70001220703125,6.232999801635742,3.6040000915527344,2123.800048828125,513.28125,2.067187547683716,1.0642786026000977,2712.0,513.28125,2.067187547683716,1.0642786026000977,2712.0,513.28125,2.067187547683716,1.0642786026000977,2712.0
2026-09-14T08:29:00.000+08:00,465.5863342285156,9.652778625488281,12.70849609375,28.473459243774414,0.12664425373077393,387.0,6.206999778747559,3.6070001125335693,2123.89990234375,513.28125,2.067187547683716,1.0684505701065063,2712.0,513.28125,2.067187547683716,1.0684505701065063,2712.0,513.28125,2.067187547683716,1.0684505701065063,2712.0
2026-09-14T08:30:00.000+08:00,453.1575622558594,9.715961456298828,12.8056640625,26.99463653564453,0.13358210027217865,386.8999938964844,6.2129998207092285,3.6029999256134033,2124.0,513.28125,2.067187547683716,1.0662972927093506,2712.0,513.28125,2.067187547683716,1.0662972927093506,2712.0,513.28125,2.067187547683716,1.0662972927093506,2712.0
2026-09-14T08:31:00.000+08:00,448.3960876464844,9.727108001708984,12.7294921875,26.653026580810547,0.1349940448999405,386.8999938964844,6.2129998207092285,3.6089999675750732,2124.0,513.28125,2.067187547683716,1.0741031169891357,2712.0,513.28125,2.067187547683716,1.0741031169891357,2712.0,513.28125,2.067187547683716,1.0741031169891357,2712.0
2026-09-14T08:32:00.000+08:00,456.3724060058594,9.749252319335938,12.72265625,27.753808975219727,0.13000017404556274,387.0,6.2210001945495605,3.6050000190734863,2124.10009765625,513.28125,2.067187547683716,1.066028118133545,2712.0,513.28125,2.067187547683716,1.066028118133545,2712.0,513.28125,2.067187547683716,1.066028118133545,2712.0
2026-09-14T08:33:00.000+08:00,443.7998352050781,9.794746398925781,12.736083984375,26.270854949951172,0.13711011409759521,386.6000061035156,6.2129998207092285,3.6080000400543213,2124.10009765625,513.28125,2.0289063453674316,1.0601065158843994,2712.0,513.28125,2.0289063453674316,1.0601065158843994,2712.0,513.28125,2.0289063453674316,1.0601065158843994,2712.0
2026-09-14T08:34:00.000+08:00,434.0156555175781,9.799114227294922,12.708251953125,26.75519371032715,0.1346280723810196,386.79998779296875,6.197999954223633,3.6019999980926514,2124.199951171875,513.28125,2.0289063453674316,1.0634710788726807,2712.0,513.28125,2.0289063453674316,1.0634710788726807,2712.0,513.28125,2.0289063453674316,1.0634710788726807,2712.0
2026-09-14T08:35:00.000+08:00,456.1670227050781,9.75753402709961,12.8056640625,26.865381240844727,0.13370366394519806,386.70001220703125,6.203000068664551,3.5959999561309814,2124.300048828125,513.28125,2.0289063453674316,1.0584914684295654,2712.0,513.28125,2.0289063453674316,1.0584914684295654,2712.0,513.28125,2.0289063453674316,1.0584914684295654,2712.0
2026-09-14T08:36:00.000+08:00,446.6617736816406,9.80502700805664,12.729248046875,25.901451110839844,0.13898836076259613,386.3999938964844,6.188000202178955,3.5869998931884766,2124.300048828125,513.28125,2.0289063453674316,1.0601065158843994,2712.0,513.28125,2.0289063453674316,1.0601065158843994,2712.0,513.28125,2.0289063453674316,1.0601065158843994,2712.0
2026-09-14T08:37:00.000+08:00,451.1984558105469,9.716453552246094,12.7431640625,26.444700241088867,0.13651129603385925,386.3999938964844,6.2129998207092285,3.6010000705718994,2124.39990234375,513.28125,2.0289063453674316,1.0621252059936523,2712.0,513.28125,2.0289063453674316,1.0621252059936523,2712.0,513.28125,2.0289063453674316,1.0621252059936523,2712.0
2026-09-14T08:38:00.000+08:00,444.0391845703125,9.807380676269531,12.71533203125,25.768795013427734,0.1395486295223236,386.79998779296875,6.236999988555908,3.61299991607666,2124.39990234375,513.28125,2.067187547683716,1.065086007118225,2712.0,513.28125,2.067187547683716,1.065086007118225,2712.0,513.28125,2.067187547683716,1.065086007118225,2712.0
2026-09-14T08:39:00.000+08:00,441.8519287109375,9.705818176269531,12.736328125,26.133207321166992,0.13775576651096344,386.6000061035156,6.23199987411499,3.615000009536743,2124.5,513.28125,2.067187547683716,1.065893530845642,2712.0,513.28125,2.067187547683716,1.065893530845642,2712.0,513.28125,2.067187547683716,1.065893530845642,2712.0
2026-09-14T08:40:00.000+08:00,434.6565246582031,9.636672973632812,12.673583984375,24.982162475585938,0.1441028118133545,387.0,6.197999954223633,3.6050000190734863,2124.60009765625,513.28125,2.0289063453674316,1.064009428024292,2712.0,513.28125,2.0289063453674316,1.064009428024292,2712.0,513.28125,2.0289063453674316,1.064009428024292,2712.0
2026-09-14T08:41:00.000+08:00,445.6537780761719,9.64300537109375,12.673828125,26.06619644165039,0.13757281005382538,386.3999938964844,6.203999996185303,3.5959999561309814,2124.60009765625,513.28125,2.0289063453674316,1.0621252059936523,2712.0,513.28125,2.0289063453674316,1.0621252059936523,2712.0,513.28125,2.0289063453674316,1.0621252059936523,2712.0
2026-09-14T08:42:00.000+08:00,447.0648193359375,9.652076721191406,12.659912109375,26.648405075073242,0.1348298341035843,386.20001220703125,6.188000202178955,3.5940001010894775,2124.699951171875,513.28125,2.0289063453674316,1.0592989921569824,2712.0,513.28125,2.0289063453674316,1.0592989921569824,2712.0,513.28125,2.0289063453674316,1.0592989921569824,2712.0
2026-09-14T08:43:00.000+08:00,437.9149475097656,9.636283874511719,12.632080078125,26.172014236450195,0.13797180354595184,386.8999938964844,6.204999923706055,3.6040000915527344,2124.699951171875,513.28125,2.0289063453674316,1.0609140396118164,2712.0,513.28125,2.0289063453674316,1.0609140396118164,2712.0,513.28125,2.0289063453674316,1.0609140396118164,2712.0
2026-09-14T08:44:00.000+08:00,437.8197326660156,9.644180297851562,12.6806640625,25.286413192749023,0.14225029945373535,386.79998779296875,6.209000110626221,3.6080000400543213,2124.800048828125,513.28125,2.067187547683716,1.065086007118225,2712.0,513.28125,2.067187547683716,1.065086007118225,2712.0,513.28125,2.067187547683716,1.065086007118225,2712.0
2026-09-14T08:45:00.000+08:00,447.138916015625,9.785675048828125,12.736328125,26.21526527404785,0.13717198371887207,387.1000061035156,6.2129998207092285,3.6029999256134033,2124.89990234375,513.28125,2.067187547683716,1.0672394037246704,2712.0,513.28125,2.067187547683716,1.0672394037246704,2712.0,513.28125,2.067187547683716,1.0672394037246704,2712.0
2026-09-14T08:46:00.000+08:00,446.0992126464844,9.690784454345703,12.736083984375,25.96596908569336,0.13864299654960632,386.8999938964844,6.206999778747559,3.6019999980926514,2124.89990234375,513.28125,2.0289063453674316,1.0642786026000977,2712.0,513.28125,2.0289063453674316,1.0642786026000977,2712.0,513.28125,2.0289063453674316,1.0642786026000977,2712.0
2026-09-14T08:47:00.000+08:00,445.9757385253906,9.695526123046875,12.6875,26.889007568359375,0.1337721347808838,386.5,6.203000068664551,3.5989999771118164,2125.0,513.28125,2.0289063453674316,1.0584914684295654,2712.0,513.28125,2.0289063453674316,1.0584914684295654,2712.0,513.28125,2.0289063453674316,1.0584914684295654,2712.0
2026-09-14T08:48:00.000+08:00,443.9667663574219,9.823482513427734,12.847412109375,26.32892417907715,0.13676974177360535,386.1000061035156,6.176000118255615,3.5880000591278076,2125.0,513.28125,2.0289063453674316,1.060375690460205,2712.0,513.28125,2.0289063453674316,1.060375690460205,2712.0,513.28125,2.0289063453674316,1.060375690460205,2712.0
2026-09-14T08:49:00.000+08:00,450.5559387207031,9.896251678466797,12.861328125,26.342453002929688,0.1369272619485855,386.6000061035156,6.190999984741211,3.6029999256134033,2125.10009765625,513.28125,2.0289063453674316,1.0618560314178467,2712.0,513.28125,2.0289063453674316,1.0618560314178467,2712.0,513.28125,2.0289063453674316,1.0618560314178467,2712.0
2026-09-14T08:50:00.000+08:00,453.68194580078125,nan,nan,26.839929580688477,0.13397948443889618,nan,nan,nan,nan,nan,nan,nan,nan,nan,nan,nan,nan,nan,nan,nan,nan
2026-09-14T08:51:00.000+08:00,441.4226379394531,9.873746871948242,12.830078125,26.741783142089844,0.1346207857131958,386.25,6.171499967575073,3.59250009059906,2125.199951171875,513.28125,2.0289063453674316,1.0590298175811768,2712.0,513.28125,2.0289063453674316,1.0590298175811768,2712.0,513.28125,2.0289063453674316,1.0590298175811768,2712.0
2026-09-14T08:52:00.000+08:00,452.36712646484375,9.867137908935547,12.7158203125,26.148208618164062,0.13828863203525543,386.20001220703125,6.181000232696533,3.5889999866485596,2125.300048828125,513.28125,2.0289063453674316,1.0575494766235352,2712.0,513.28125,2.0289063453674316,1.0575494766235352,2712.0,513.28125,2.0289063453674316,1.0575494766235352,2712.0
2026-09-14T08:53:00.000+08:00,448.48992919921875,9.83660888671875,12.757080078125,26.31351661682129,0.13681182265281677,386.20001220703125,6.165999889373779,3.5889999866485596,2125.300048828125,513.28125,2.0289063453674316,1.058760643005371,2712.0,513.28125,2.0289063453674316,1.058760643005371,2712.0,513.28125,2.0289063453674316,1.058760643005371,2712.0
2026-09-14T08:54:00.000+08:00,451.3045349121094,9.862689971923828,12.7783203125,25.756851196289062,0.13914744555950165,386.29998779296875,6.182000160217285,3.5880000591278076,2125.39990234375,513.28125,2.0289063453674316,1.0579532384872437,2712.0,513.28125,2.0289063453674316,1.0579532384872437,2712.0,513.28125,2.0289063453674316,1.0579532384872437,2712.0
2026-09-14T08:55:00.000+08:00,454.9601745605469,9.839374542236328,12.757080078125,25.59675407409668,0.14021308720111847,386.3999938964844,6.195000171661377,3.6019999980926514,2125.39990234375,513.28125,2.0289063453674316,1.0621252059936523,2712.0,513.28125,2.0289063453674316,1.0621252059936523,2712.0,513.28125,2.0289063453674316,1.0621252059936523,2712.0
2026-09-14T08:56:00.000+08:00,445.8574523925781,9.854381561279297,12.798828125,25.347030639648438,0.1419101059436798,386.0,6.208000183105469,3.5989999771118164,2125.5,513.28125,2.0289063453674316,1.0609140396118164,2712.0,513.28125,2.0289063453674316,1.0609140396118164,2712.0,513.28125,2.0289063453674316,1.0609140396118164,2712.0
2026-09-14T08:57:00.000+08:00,442.16485595703125,9.824775695800781,12.8056640625,25.365215301513672,0.1414535641670227,386.0,6.176000118255615,3.5910000801086426,2125.60009765625,513.28125,2.0289063453674316,1.058760643005371,2712.0,513.28125,2.0289063453674316,1.058760643005371,2712.0,513.28125,2.0289063453674316,1.058760643005371,2712.0
2026-09-14T08:58:00.000+08:00,454.534423828125,9.823585510253906,12.7783203125,26.414260864257812,0.13572213053703308,385.8999938964844,6.164999961853027,3.5899999141693115,2125.60009765625,513.28125,2.0289063453674316,1.0583568811416626,2712.0,513.28125,2.0289063453674316,1.0583568811416626,2712.0,513.28125,2.0289063453674316,1.0583568811416626,2712.0
2026-09-14T08:59:00.000+08:00,450.38916015625,9.886886596679688,12.784912109375,26.44403648376465,0.13598528504371643,386.29998779296875,6.182000160217285,3.5940001010894775,2125.699951171875,513.28125,2.0289063453674316,1.0633364915847778,2712.0,513.28125,2.0289063453674316,1.0633364915847778,2712.0,513.28125,2.0289063453674316,1.0633364915847778,2712.0
2026-09-14T09:00:00.000+08:00,436.3936767578125,9.903461456298828,12.7919921875,25.633970260620117,0.14028260111808777,386.5,6.199999809265137,3.6019999980926514,2125.800048828125,513.28125,2.0289063453674316,1.0626635551452637,2712.0,513.28125,2.0289063453674316,1.0626635551452637,2712.0,513.28125,2.0289063453674316,1.0626635551452637,2712.0
2026-09-14T09:01:00.000+08:00,435.19720458984375,9.894783020019531,12.770751953125,25.631608963012695,0.1404905915260315,386.70001220703125,6.195000171661377,3.6050000190734863,2125.800048828125,513.28125,2.0289063453674316,1.0654897689819336,2712.0,513.28125,2.0289063453674316,1.0654897689819336,2712.0,513.28125,2.0289063453674316,1.0654897689819336,2712.0
2026-09-14T09:02:00.000+08:00,445.3725280761719,9.845703125,12.8056640625,26.206762313842773,0.13717833161354065,386.6000061035156,6.199999809265137,3.6019999980926514,2125.89990234375,513.28125,2.0289063453674316,1.0601065158843994,2712.0,513.28125,2.0289063453674316,1.0601065158843994,2712.0,513.28125,2.0289063453674316,1.0601065158843994,2712.0
2026-09-14T09:03:00.000+08:00,438.0041198730469,9.897937774658203,12.798828125,25.249126434326172,0.14317326247692108,386.6000061035156,6.173999786376953,3.5999999046325684,2125.89990234375,513.28125,2.0289063453674316,1.0626635551452637,2712.0,513.28125,2.0289063453674316,1.0626635551452637,2712.0,513.28125,2.0289063453674316,1.0626635551452637,2712.0
2026-09-14T09:04:00.000+08:00,441.5244140625,9.88845443725586,12.77099609375,25.931941986083984,0.13913343846797943,386.79998779296875,6.181000232696533,3.6080000400543213,2126.0,513.28125,2.0289063453674316,1.0606448650360107,2712.0,513.28125,2.0289063453674316,1.0606448650360107,2712.0,513.28125,2.0289063453674316,1.0606448650360107,2712.0
2026-09-14T09:05:00.000+08:00,432.13922119140625,9.921638488769531,12.757080078125,25.294931411743164,0.14283494651317596,386.8999938964844,6.177999973297119,3.6050000190734863,2126.10009765625,513.28125,2.0289063453674316,1.064009428024292,2712.0,513.28125,2.0289063453674316,1.064009428024292,2712.0,513.28125,2.0289063453674316,1.064009428024292,2712.0
2026-09-14T09:06:00.000+08:00,435.92486572265625,9.898323059082031,12.78515625,25.531070709228516,0.14088715612888336,386.70001220703125,6.186999797821045,3.5989999771118164,2126.10009765625,513.28125,2.0289063453674316,1.0592989921569824,2712.0,513.28125,2.0289063453674316,1.0592989921569824,2712.0,513.28125,2.0289063453674316,1.0592989921569824,2712.0
2026-09-14T09:07:00.000+08:00,452.7395935058594,9.864276885986328,12.7919921875,25.75116539001465,0.13987715542316437,386.79998779296875,6.189000129699707,3.5989999771118164,2126.199951171875,513.28125,2.0289063453674316,1.0580878257751465,2712.0,513.28125,2.0289063453674316,1.0580878257751465,2712.0,513.28125,2.0289063453674316,1.0580878257751465,2712.0
2026-09-14T09:08:00.000+08:00,444.5185852050781,9.837409973144531,12.784912109375,25.45882225036621,0.14187616109848022,386.8999938964844,6.216000080108643,3.611999988555908,2126.199951171875,513.28125,2.067187547683716,1.066701054573059,2712.0,513.28125,2.067187547683716,1.066701054573059,2712.0,513.28125,2.067187547683716,1.066701054573059,2712.0
2026-09-14T09:09:00.000+08:00,438.24224853515625,9.907806396484375,12.75,25.18381118774414,0.14346519112586975,386.8999938964844,6.215000152587891,3.6089999675750732,2126.300048828125,513.28125,2.0289063453674316,1.0598373413085938,2712.0,513.28125,2.0289063453674316,1.0598373413085938,2712.0,513.28125,2.0289063453674316,1.0598373413085938,2712.0
2026-09-14T09:10:00.000+08:00,434.4080810546875,9.899036407470703,12.861328125,26.23818588256836,0.13766196370124817,386.6000061035156,6.198999881744385,3.6070001125335693,2126.300048828125,513.28125,2.0289063453674316,1.0638748407363892,2712.0,513.28125,2.0289063453674316,1.0638748407363892,2712.0,513.28125,2.0289063453674316,1.0638748407363892,2712.0
2026-09-14T09:11:00.000+08:00,441.6343078613281,9.88955307006836,12.861328125,24.908056259155273,0.14481258392333984,387.0,6.209000110626221,3.6089999675750732,2126.39990234375,513.28125,2.067187547683716,1.0773330926895142,2712.0,513.28125,2.067187547683716,1.0773330926895142,2712.0,513.28125,2.067187547683716,1.0773330926895142,2712.0
2026-09-14T09:12:00.000+08:00,440.3546447753906,9.9041748046875,12.854248046875,25.12505340576172,0.14356188476085663,386.8999938964844,6.179999828338623,3.5940001010894775,2126.5,513.28125,2.0289063453674316,1.065086007118225,2713.0,513.28125,2.0289063453674316,1.065086007118225,2713.0,513.28125,2.0289063453674316,1.065086007118225,2713.0
2026-09-14T09:13:00.000+08:00,446.2899169921875,9.91363525390625,12.84765625,26.303306579589844,0.13720707595348358,387.20001220703125,6.181000232696533,3.6089999675750732,2126.5,513.28125,2.0289063453674316,1.064009428024292,2713.0,513.28125,2.0289063453674316,1.064009428024292,2713.0,513.28125,2.0289063453674316,1.064009428024292,2713.0
2026-09-14T09:14:00.000+08:00,435.91534423828125,9.930320739746094,12.784912109375,24.997270584106445,0.14409573376178741,387.29998779296875,6.218999862670898,3.614000082015991,2126.60009765625,513.28125,2.067187547683716,1.065220594406128,2713.0,513.28125,2.067187547683716,1.065220594406128,2713.0,513.28125,2.067187547683716,1.065220594406128,2713.0
2026-09-14T09:15:00.000+08:00,443.7151184082031,9.875324249267578,12.854248046875,26.023162841796875,0.1382998675107956,387.1000061035156,6.192999839782715,3.6089999675750732,2126.699951171875,513.28125,2.0289063453674316,1.065220594406128,2713.0,513.28125,2.0289063453674316,1.065220594406128,2713.0,513.28125,2.0289063453674316,1.065220594406128,2713.0
2026-09-14T09:16:00.000+08:00,443.3575744628906,9.896251678466797,12.84765625,25.583770751953125,0.140987828373909,386.70001220703125,6.188000202178955,3.5980000495910645,2126.699951171875,513.28125,2.0289063453674316,1.058895230293274,2713.0,513.28125,2.0289063453674316,1.058895230293274,2713.0,513.28125,2.0289063453674316,1.058895230293274,2713.0
2026-09-14T09:17:00.000+08:00,453.3195495605469,9.880382537841797,12.9306640625,25.780548095703125,0.14026078581809998,387.3999938964844,6.196000099182129,3.614000082015991,2126.800048828125,513.28125,2.0289063453674316,1.064009428024292,2713.0,513.28125,2.0289063453674316,1.064009428024292,2713.0,513.28125,2.0289063453674316,1.064009428024292,2713.0
2026-09-14T09:18:00.000+08:00,448.23291015625,9.875324249267578,12.861328125,25.702051162719727,0.14022226631641388,387.3999938964844,6.210000038146973,3.6110000610351562,2126.800048828125,513.28125,2.067187547683716,1.0693926811218262,2713.0,513.28125,2.067187547683716,1.0693926811218262,2713.0,513.28125,2.067187547683716,1.0693926811218262,2713.0
2026-09-14T09:19:00.000+08:00,453.96832275390625,9.899822235107422,12.819580078125,26.26818084716797,0.137009859085083,386.79998779296875,6.202000141143799,3.5999999046325684,2126.89990234375,513.28125,2.0289063453674316,1.057684063911438,2713.0,513.28125,2.0289063453674316,1.057684063911438,2713.0,513.28125,2.0289063453674316,1.057684063911438,2713.0
2026-09-14T09:20:00.000+08:00,441.84576416015625,9.91720199584961,12.84033203125,25.742168426513672,0.1405087560415268,386.3999938964844,6.193999767303467,3.5869998931884766,2126.89990234375,513.28125,2.0289063453674316,1.0592989921569824,2713.0,513.28125,2.0289063453674316,1.0592989921569824,2713.0,513.28125,2.0289063453674316,1.0592989921569824,2713.0
2026-09-14T09:21:00.000+08:00,446.3467712402344,9.953933715820312,12.9306640625,26.32537269592285,0.13781380653381348,386.3999938964844,6.209000110626221,3.5920000076293945,2127.0,513.28125,2.0289063453674316,1.058760643005371,2713.0,513.28125,2.0289063453674316,1.058760643005371,2713.0,513.28125,2.0289063453674316,1.058760643005371,2713.0
2026-09-14T09:22:00.000+08:00,444.4805603027344,9.928672790527344,12.854248046875,25.400327682495117,0.14176982641220093,386.3999938964844,6.202000141143799,3.5929999351501465,2127.10009765625,513.28125,2.0289063453674316,1.0539157390594482,2713.0,513.28125,2.0289063453674316,1.0539157390594482,2713.0,513.28125,2.0289063453674316,1.0539157390594482,2713.0
2026-09-14T09:23:00.000+08:00,450.8514099121094,9.87136459350586,12.784912109375,25.95105743408203,0.13833732903003693,386.5,6.188000202178955,3.5950000286102295,2127.10009765625,513.28125,2.0289063453674316,1.0579532384872437,2713.0,513.28125,2.0289063453674316,1.0579532384872437,2713.0,513.28125,2.0289063453674316,1.0579532384872437,2713.0
2026-09-14T09:24:00.000+08:00,436.6184997558594,9.908504486083984,12.861328125,26.068920135498047,0.1378653198480606,386.20001220703125,6.189000129699707,3.5929999351501465,2127.199951171875,513.28125,2.0289063453674316,1.058760643005371,2713.0,513.28125,2.0289063453674316,1.058760643005371,2713.0,513.28125,2.0289063453674316,1.058760643005371,2713.0
2026-09-14T09:25:00.000+08:00,444.67779541015625,9.81558609008789,12.819580078125,25.82971954345703,0.1389484703540802,386.20001220703125,6.191999912261963,3.5920000076293945,2127.300048828125,513.28125,2.0289063453674316,1.0579532384872437,2713.0,513.28125,2.0289063453674316,1.0579532384872437,2713.0,513.28125,2.0289063453674316,1.0579532384872437,2713.0
2026-09-14T09:26:00.000+08:00,445.7678527832031,9.860710144042969,12.791748046875,26.128368377685547,0.1376664638519287,385.8999938964844,6.203000068664551,3.5899999141693115,2127.300048828125,513.28125,2.0289063453674316,1.0566073656082153,2713.0,513.28125,2.0289063453674316,1.0566073656082153,2713.0,513.28125,2.0289063453674316,1.0566073656082153,2713.0
2026-09-14T09:27:00.000+08:00,447.9163513183594,9.82754135131836,12.757080078125,25.327251434326172,0.14206042885780334,386.29998779296875,6.165999889373779,3.5929999351501465,2127.39990234375,513.28125,2.0289063453674316,1.0551269054412842,2713.0,513.28125,2.0289063453674316,1.0551269054412842,2713.0,513.28125,2.0289063453674316,1.0551269054412842,2713.0
2026-09-14T09:28:00.000+08:00,448.8056945800781,9.933578491210938,12.7158203125,25.1123046875,0.14303743839263916,386.29998779296875,6.168000221252441,3.5969998836517334,2127.39990234375,513.28125,2.0289063453674316,1.059702754020691,2713.0,513.28125,2.0289063453674316,1.059702754020691,2713.0,513.28125,2.0289063453674316,1.059702754020691,2713.0
2026-09-14T09:29:00.000+08:00,447.2051696777344,9.82595443725586,12.7294921875,25.7347469329834,0.1392669528722763,386.20001220703125,6.186999797821045,3.5889999866485596,2127.5,513.28125,2.0289063453674316,1.0579532384872437,2713.0,513.28125,2.0289063453674316,1.0579532384872437,2713.0,513.28125,2.0289063453674316,1.0579532384872437,2713.0
2026-09-14T09:30:00.000+08:00,439.6416015625,9.91421890258789,12.701416015625,25.688156127929688,0.1395195573568344,385.6000061035156,6.165999889373779,3.5889999866485596,2127.5,513.28125,2.0289063453674316,1.0549923181533813,2713.0,513.28125,2.0289063453674316,1.0549923181533813,2713.0,513.28125,2.0289063453674316,1.0549923181533813,2713.0
2026-09-14T09:31:00.000+08:00,449.7705383300781,9.99252700805664,12.6875,25.781982421875,0.14013662934303284,385.6000061035156,6.176000118255615,3.5810000896453857,2127.60009765625,513.28125,2.0289063453674316,1.054184913635254,2713.0,513.28125,2.0289063453674316,1.054184913635254,2713.0,513.28125,2.0289063453674316,1.054184913635254,2713.0
2026-09-14T09:32:00.000+08:00,449.08880615234375,9.947776794433594,12.798828125,25.72189712524414,0.1397641897201538,385.5,6.144999980926514,3.569999933242798,2127.699951171875,513.28125,2.0289063453674316,1.0474557876586914,2713.0,513.28125,2.0289063453674316,1.0474557876586914,2713.0,513.28125,2.0289063453674316,1.0474557876586914,2713.0
2026-09-14T09:33:00.000+08:00,454.68072509765625,9.844921112060547,12.784912109375,25.207637786865234,0.1422981321811676,385.3999938964844,6.177999973297119,3.5799999237060547,2127.699951171875,513.28125,2.0289063453674316,1.0578186511993408,2713.0,513.28125,2.0289063453674316,1.0578186511993408,2713.0,513.28125,2.0289063453674316,1.0578186511993408,2713.0
2026-09-14T09:34:00.000+08:00,446.21282958984375,9.835929870605469,12.7158203125,24.962059020996094,0.14373815059661865,385.5,6.176000118255615,3.5850000381469727,2127.800048828125,513.28125,2.0289063453674316,1.0512241125106812,2713.0,513.28125,2.0289063453674316,1.0512241125106812,2713.0,513.28125,2.0289063453674316,1.0512241125106812,2713.0
2026-09-14T09:35:00.000+08:00,444.1484069824219,9.842132568359375,12.757080078125,24.793556213378906,0.14467468857765198,385.6000061035156,6.1620001792907715,3.5789999961853027,2127.800048828125,513.28125,2.0289063453674316,1.0574148893356323,2713.0,513.28125,2.0289063453674316,1.0574148893356323,2713.0,513.28125,2.0289063453674316,1.0574148893356323,2713.0
2026-09-14T09:36:00.000+08:00,443.1120300292969,9.862396240234375,12.729248046875,25.366525650024414,0.1407366544008255,385.6000061035156,6.190000057220459,3.5769999027252197,2127.89990234375,513.28125,2.0289063453674316,1.0574148893356323,2713.0,513.28125,2.0289063453674316,1.0574148893356323,2713.0,513.28125,2.0289063453674316,1.0574148893356323,2713.0
2026-09-14T09:37:00.000+08:00,440.6358337402344,9.865570068359375,12.7294921875,25.197525024414062,0.14207744598388672,385.3999938964844,6.182000160217285,3.5769999027252197,2128.0,513.28125,2.0289063453674316,1.0610486268997192,2713.0,513.28125,2.0289063453674316,1.0610486268997192,2713.0,513.28125,2.0289063453674316,1.0610486268997192,2713.0
2026-09-14T09:38:00.000+08:00,428.6374206542969,9.871467590332031,12.7294921875,24.973615646362305,0.14375171065330505,385.1000061035156,6.195000171661377,3.5799999237060547,2128.0,513.28125,2.0289063453674316,1.054050326347351,2713.0,513.28125,2.0289063453674316,1.054050326347351,2713.0,513.28125,2.0289063453674316,1.054050326347351,2713.0
2026-09-14T09:39:00.000+08:00,438.2213134765625,9.821998596191406,12.784912109375,25.413789749145508,0.14090776443481445,384.8999938964844,6.169000148773193,3.563999891281128,2128.10009765625,513.28125,2.0289063453674316,1.0610486268997192,2713.0,513.28125,2.0289063453674316,1.0610486268997192,2713.0,513.28125,2.0289063453674316,1.0610486268997192,2713.0
2026-09-14T09:40:00.000+08:00,436.67926025390625,9.833850860595703,12.784912109375,24.50223731994629,0.14602749049663544,385.29998779296875,6.181000232696533,3.575000047683716,2128.199951171875,513.28125,2.0289063453674316,1.0512241125106812,2713.0,513.28125,2.0289063453674316,1.0512241125106812,2713.0,513.28125,2.0289063453674316,1.0512241125106812,2713.0
2026-09-14T09:41:00.000+08:00,441.66845703125,9.917686462402344,12.798828125,25.47964859008789,0.1408182680606842,385.3999938964844,6.156000137329102,3.5850000381469727,2128.199951171875,513.28125,2.0289063453674316,1.0549923181533813,2713.0,513.28125,2.0289063453674316,1.0549923181533813,2713.0,513.28125,2.0289063453674316,1.0549923181533813,2713.0
2026-09-14T09:42:00.000+08:00,426.3663024902344,9.853202819824219,12.784912109375,24.599327087402344,0.14508527517318726,385.29998779296875,6.1529998779296875,3.578000068664551,2128.300048828125,513.28125,2.0289063453674316,1.0544540882110596,2713.0,513.28125,2.0289063453674316,1.0544540882110596,2713.0,513.28125,2.0289063453674316,1.0544540882110596,2713.0
2026-09-14T09:43:00.000+08:00,440.4092712402344,9.833850860595703,12.784912109375,25.79744529724121,0.13869589567184448,385.0,6.140999794006348,3.569999933242798,2128.300048828125,513.28125,2.0289063453674316,1.055261492729187,2713.0,513.28125,2.0289063453674316,1.055261492729187,2713.0,513.28125,2.0289063453674316,1.055261492729187,2713.0
2026-09-14T09:44:00.000+08:00,444.78680419921875,9.819644927978516,12.7919921875,25.657827377319336,0.13991831243038177,385.5,6.1539998054504395,3.5789999961853027,2128.39990234375,513.28125,2.0289063453674316,1.0562036037445068,2713.0,513.28125,2.0289063453674316,1.0562036037445068,2713.0,513.28125,2.0289063453674316,1.0562036037445068,2713.0
2026-09-14T09:45:00.000+08:00,446.7196960449219,9.910961151123047,12.8056640625,25.870018005371094,0.13842278718948364,385.5,6.1539998054504395,3.5759999752044678,2128.39990234375,513.28125,2.0289063453674316,1.0520315170288086,2713.0,513.28125,2.0289063453674316,1.0520315170288086,2713.0,513.28125,2.0289063453674316,1.0520315170288086,2713.0
2026-09-14T09:46:00.000+08:00,441.89337158203125,9.923599243164062,12.757080078125,25.99629020690918,0.13736575841903687,386.0,6.1620001792907715,3.5829999446868896,2128.5,513.28125,2.0289063453674316,1.0559344291687012,2713.0,513.28125,2.0289063453674316,1.0559344291687012,2713.0,513.28125,2.0289063453674316,1.0559344291687012,2713.0
2026-09-14T09:47:00.000+08:00,447.6357421875,9.836219787597656,12.75,25.463272094726562,0.14047683775424957,386.0,6.172999858856201,3.5889999866485596,2128.60009765625,513.28125,2.0289063453674316,1.0592989921569824,2713.0,513.28125,2.0289063453674316,1.0592989921569824,2713.0,513.28125,2.0289063453674316,1.0592989921569824,2713.0
2026-09-14T09:48:00.000+08:00,432.843505859375,9.899425506591797,12.8125,25.370981216430664,0.1411455124616623,386.0,6.192999839782715,3.5899999141693115,2128.60009765625,513.28125,2.0289063453674316,1.0575494766235352,2713.0,513.28125,2.0289063453674316,1.0575494766235352,2713.0,513.28125,2.0289063453674316,1.0575494766235352,2713.0
2026-09-14T09:49:00.000+08:00,436.6642761230469,nan,nan,24.721248626708984,0.14485514163970947,nan,nan,nan,nan,nan,nan,nan,nan,nan,nan,nan,nan,nan,nan,nan,nan
2026-09-14T09:50:00.000+08:00,440.9672546386719,9.90420913696289,12.81982421875,25.105703353881836,0.14307506382465363,385.65000915527344,6.176000118255615,3.583500027656555,2128.699951171875,513.28125,2.0289063453674316,1.0566073656082153,2713.0,513.28125,2.0289063453674316,1.0566073656082153,2713.0,513.28125,2.0289063453674316,1.0566073656082153,2713.0
2026-09-14T09:51:00.000+08:00,437.1997375488281,9.72525405883789,12.66015625,25.159706115722656,0.1424897462129593,385.5,6.171999931335449,3.5769999027252197,2128.800048828125,513.28125,2.0289063453674316,1.0544540882110596,2713.0,513.28125,2.0289063453674316,1.0544540882110596,2713.0,513.28125,2.0289063453674316,1.0544540882110596,2713.0
2026-09-14T09:52:00.000+08:00,444.34466552734375,9.573081970214844,12.6181640625,25.061155319213867,0.14308996498584747,385.5,6.160999774932861,3.5759999752044678,2128.89990234375,513.28125,2.0289063453674316,1.0537811517715454,2713.0,513.28125,2.0289063453674316,1.0537811517715454,2713.0,513.28125,2.0289063453674316,1.0537811517715454,2713.0
2026-09-14T09:53:00.000+08:00,441.5456237792969,9.52166748046875,12.6044921875,24.77873420715332,0.14451909065246582,385.3999938964844,6.171999931335449,3.5880000591278076,2128.89990234375,513.28125,2.0289063453674316,1.0512241125106812,2713.0,513.28125,2.0289063453674316,1.0512241125106812,2713.0,513.28125,2.0289063453674316,1.0512241125106812,2713.0
2026-09-14T09:54:00.000+08:00,442.9053649902344,9.557685852050781,12.5283203125,25.298511505126953,0.14162889122962952,384.6000061035156,6.179999828338623,3.566999912261963,2129.0,509.765625,2.0289063453674316,1.0514931678771973,2713.0,509.765625,2.0289063453674316,1.0514931678771973,2713.0,509.765625,2.0289063453674316,1.0514931678771973,2713.0
2026-09-14T09:55:00.000+08:00,449.529052734375,9.57712173461914,12.541748046875,26.681039810180664,0.13451500236988068,384.5,6.156000137329102,3.559999942779541,2129.0,509.765625,2.0289063453674316,1.048128604888916,2713.0,509.765625,2.0289063453674316,1.048128604888916,2713.0,509.765625,2.0289063453674316,1.048128604888916,2713.0
2026-09-14T09:56:00.000+08:00,464.54931640625,9.620185852050781,12.53515625,28.635211944580078,0.12498597800731659,384.70001220703125,6.136000156402588,3.553999900817871,2129.10009765625,509.765625,2.0289063453674316,1.0485323667526245,2713.0,509.765625,2.0289063453674316,1.0485323667526245,2713.0,509.765625,2.0289063453674316,1.0485323667526245,2713.0
2026-09-14T09:57:00.000+08:00,449.6477355957031,9.655723571777344,12.6044921875,27.615449905395508,0.12898576259613037,384.5,6.136000156402588,3.5490000247955322,2129.199951171875,509.765625,2.0289063453674316,1.0415340662002563,2713.0,509.765625,2.0289063453674316,1.0415340662002563,2713.0,509.765625,2.0289063453674316,1.0415340662002563,2713.0
2026-09-14T09:58:00.000+08:00,453.2426452636719,9.705604553222656,12.569580078125,26.256105422973633,0.1356636881828308,384.29998779296875,6.160999774932861,3.561000108718872,2129.199951171875,509.765625,2.0289063453674316,1.0457061529159546,2713.0,509.765625,2.0289063453674316,1.0457061529159546,2713.0,509.765625,2.0289063453674316,1.0457061529159546,2713.0
2026-09-14T09:59:00.000+08:00,453.98876953125,9.714576721191406,12.673828125,25.965744018554688,0.13741181790828705,384.6000061035156,6.160999774932861,3.563999891281128,2129.300048828125,509.765625,2.0289063453674316,1.0465136766433716,2713.0,509.765625,2.0289063453674316,1.0465136766433716,2713.0,509.765625,2.0289063453674316,1.0465136766433716,2713.0
2026-09-14T10:00:00.000+08:00,442.1878356933594,9.710636138916016,12.632080078125,26.371055603027344,0.13480688631534576,384.6000061035156,6.156000137329102,3.5510001182556152,2129.300048828125,509.765625,2.0289063453674316,1.0510895252227783,2713.0,509.765625,2.0289063453674316,1.0510895252227783,2713.0,509.765625,2.0289063453674316,1.0510895252227783,2713.0
2026-09-14T10:01:00.000+08:00,437.9051513671875,9.684993743896484,12.6181640625,25.56661033630371,0.13908766210079193,385.0,6.168000221252441,3.568000078201294,2129.39990234375,509.765625,2.0289063453674316,1.0478595495224,2713.0,509.765625,2.0289063453674316,1.0478595495224,2713.0,509.765625,2.0289063453674316,1.0478595495224,2713.0
2026-09-14T10:02:00.000+08:00,438.6379089355469,9.611114501953125,12.548583984375,25.60255241394043,0.13920487463474274,384.70001220703125,6.165999889373779,3.565000057220459,2129.5,509.765625,2.0289063453674316,1.0510895252227783,2713.0,509.765625,2.0289063453674316,1.0510895252227783,2713.0,509.765625,2.0289063453674316,1.0510895252227783,2713.0
2026-09-14T10:03:00.000+08:00,441.6734313964844,9.607177734375,12.548828125,25.949386596679688,0.13734428584575653,384.5,6.1529998779296875,3.558000087738037,2129.5,509.765625,2.0289063453674316,1.04691743850708,2713.0,509.765625,2.0289063453674316,1.04691743850708,2713.0,509.765625,2.0289063453674316,1.04691743850708,2713.0
2026-09-14T10:04:00.000+08:00,440.9078063964844,9.619876861572266,12.486328125,25.123844146728516,0.1416582614183426,384.79998779296875,6.173999786376953,3.569999933242798,2129.60009765625,509.765625,2.0289063453674316,1.0444949865341187,2713.0,509.765625,2.0289063453674316,1.0444949865341187,2713.0,509.765625,2.0289063453674316,1.0444949865341187,2713.0
2026-09-14T10:05:00.000+08:00,447.1485290527344,9.512760162353516,12.486083984375,26.912063598632812,0.13220836222171783,384.5,6.158999919891357,3.553999900817871,2129.60009765625,509.765625,2.0289063453674316,1.0440912246704102,2713.0,509.765625,2.0289063453674316,1.0440912246704102,2713.0,509.765625,2.0289063453674316,1.0440912246704102,2713.0
2026-09-14T10:06:00.000+08:00,451.5640563964844,9.566814422607422,12.5,26.374975204467773,0.13490059971809387,384.6000061035156,6.166999816894531,3.556999921798706,2129.699951171875,509.765625,2.0289063453674316,1.046109914779663,2713.0,509.765625,2.0289063453674316,1.046109914779663,2713.0,509.765625,2.0289063453674316,1.046109914779663,2713.0
2026-09-14T10:07:00.000+08:00,452.1836853027344,9.682289123535156,12.5556640625,26.353769302368164,0.13500915467739105,384.70001220703125,6.177999973297119,3.559000015258789,2129.800048828125,509.765625,2.0289063453674316,1.04691743850708,2713.0,509.765625,2.0289063453674316,1.04691743850708,2713.0,509.765625,2.0289063453674316,1.04691743850708,2713.0
2026-09-14T10:08:00.000+08:00,454.0257263183594,9.74825668334961,12.569580078125,25.709163665771484,0.1385498195886612,384.8999938964844,6.175000190734863,3.565000057220459,2129.800048828125,509.765625,2.0289063453674316,1.0482631921768188,2714.0,509.765625,2.0289063453674316,1.0482631921768188,2714.0,509.765625,2.0289063453674316,1.0482631921768188,2714.0
2026-09-14T10:09:00.000+08:00,449.9783630371094,9.72525405883789,12.625,25.748598098754883,0.13829879462718964,384.20001220703125,6.1529998779296875,3.5429999828338623,2129.89990234375,509.765625,2.0289063453674316,1.048936128616333,2714.0,509.765625,2.0289063453674316,1.048936128616333,2714.0,509.765625,2.0289063453674316,1.048936128616333,2714.0
2026-09-14T10:10:00.000+08:00,441.3780822753906,9.745475769042969,12.6181640625,25.249258041381836,0.14051897823810577,384.6000061035156,6.1519999504089355,3.555000066757202,2129.89990234375,509.765625,2.0289063453674316,1.0473212003707886,2714.0,509.765625,2.0289063453674316,1.0473212003707886,2714.0,509.765625,2.0289063453674316,1.0473212003707886,2714.0
2026-09-14T10:11:00.000+08:00,440.4359436035156,9.637107849121094,12.645751953125,25.616727828979492,0.13862036168575287,384.1000061035156,6.173999786376953,3.553999900817871,2130.0,509.765625,2.0289063453674316,1.04691743850708,2714.0,509.765625,2.0289063453674316,1.04691743850708,2714.0,509.765625,2.0289063453674316,1.04691743850708,2714.0
2026-09-14T10:12:00.000+08:00,441.2403869628906,9.675865173339844,12.611328125,25.695676803588867,0.13846686482429504,383.8999938964844,6.165999889373779,3.5480000972747803,2130.10009765625,509.765625,2.0289063453674316,1.0439566373825073,2714.0,509.765625,2.0289063453674316,1.0439566373825073,2714.0,509.765625,2.0289063453674316,1.0439566373825073,2714.0
2026-09-14T10:13:00.000+08:00,436.30853271484375,9.649372100830078,12.597412109375,25.42220687866211,0.13968102633953094,384.0,6.1519999504089355,3.5439999103546143,2130.10009765625,509.765625,2.0289063453674316,1.0439566373825073,2714.0,509.765625,2.0289063453674316,1.0439566373825073,2714.0,509.765625,2.0289063453674316,1.0439566373825073,2714.0
2026-09-14T10:14:00.000+08:00,440.0443420410156,9.672298431396484,12.5625,26.028995513916016,0.13630951941013336,384.3999938964844,6.145999908447266,3.552999973297119,2130.199951171875,509.765625,2.0289063453674316,1.0403228998184204,2714.0,509.765625,2.0289063453674316,1.0403228998184204,2714.0,509.765625,2.0289063453674316,1.0403228998184204,2714.0
2026-09-14T10:15:00.000+08:00,433.47528076171875,9.637893676757812,12.638916015625,24.92713165283203,0.1424151062965393,383.79998779296875,6.131999969482422,3.5450000762939453,2130.199951171875,509.765625,2.0289063453674316,1.040726661682129,2714.0,509.765625,2.0289063453674316,1.040726661682129,2714.0,509.765625,2.0289063453674316,1.040726661682129,2714.0
2026-09-14T10:16:00.000+08:00,442.4520263671875,9.65378189086914,12.604248046875,25.59869384765625,0.1383664309978485,383.5,6.14900016784668,3.5380001068115234,2130.300048828125,509.765625,2.0289063453674316,1.0393807888031006,2714.0,509.765625,2.0289063453674316,1.0393807888031006,2714.0,509.765625,2.0289063453674316,1.0393807888031006,2714.0
2026-09-14T10:17:00.000+08:00,449.2657775878906,9.660049438476562,12.5908203125,27.016132354736328,0.13158804178237915,383.5,6.160999774932861,3.5450000762939453,2130.300048828125,509.765625,2.0289063453674316,1.0401883125305176,2714.0,509.765625,2.0289063453674316,1.0401883125305176,2714.0,509.765625,2.0289063453674316,1.0401883125305176,2714.0
2026-09-14T10:18:00.000+08:00,437.4574279785156,9.658504486083984,12.5625,26.097883224487305,0.13575813174247742,383.3999938964844,6.15500020980835,3.5399999618530273,2130.39990234375,509.765625,2.0289063453674316,1.0422070026397705,2714.0,509.765625,2.0289063453674316,1.0422070026397705,2714.0,509.765625,2.0289063453674316,1.0422070026397705,2714.0
2026-09-14T10:19:00.000+08:00,447.1642150878906,9.681510925292969,12.5625,25.83216667175293,0.13719329237937927,383.3999938964844,6.130000114440918,3.5439999103546143,2130.5,509.765625,2.0289063453674316,1.0422070026397705,2714.0,509.765625,2.0289063453674316,1.0422070026397705,2714.0,509.765625,2.0289063453674316,1.0422070026397705,2714.0
2026-09-14T10:20:00.000+08:00,434.8854064941406,9.648983001708984,12.5908203125,25.380762100219727,0.1399485170841217,383.29998779296875,6.114999771118164,3.5299999713897705,2130.5,509.765625,2.0289063453674316,1.0385732650756836,2714.0,509.765625,2.0289063453674316,1.0385732650756836,2714.0,509.765625,2.0289063453674316,1.0385732650756836,2714.0
2026-09-14T10:21:00.000+08:00,436.0814514160156,9.66440200805664,12.6181640625,25.14099884033203,0.1406865417957306,383.79998779296875,6.182000160217285,3.5510001182556152,2130.60009765625,509.765625,2.0289063453674316,1.0492053031921387,2714.0,509.765625,2.0289063453674316,1.0492053031921387,2714.0,509.765625,2.0289063453674316,1.0492053031921387,2714.0
2026-09-14T10:22:00.000+08:00,444.7939453125,9.658504486083984,12.5625,25.119857788085938,0.14084474742412567,384.1000061035156,6.144000053405762,3.549999952316284,2130.60009765625,509.765625,2.0289063453674316,1.0439566373825073,2714.0,509.765625,2.0289063453674316,1.0439566373825073,2714.0,509.765625,2.0289063453674316,1.0439566373825073,2714.0
2026-09-14T10:23:00.000+08:00,435.8150939941406,9.686149597167969,12.576416015625,25.584875106811523,0.13844117522239685,383.5,6.138999938964844,3.5409998893737793,2130.699951171875,509.765625,2.0289063453674316,1.0422070026397705,2714.0,509.765625,2.0289063453674316,1.0422070026397705,2714.0,509.765625,2.0289063453674316,1.0422070026397705,2714.0
2026-09-14T10:24:00.000+08:00,431.541015625,9.691654205322266,12.625,25.27908706665039,0.14043228328227997,383.70001220703125,6.125,3.546999931335449,2130.800048828125,509.765625,2.0289063453674316,1.0447640419006348,2714.0,509.765625,2.0289063453674316,1.0447640419006348,2714.0,509.765625,2.0289063453674316,1.0447640419006348,2714.0
2026-09-14T10:25:00.000+08:00,435.485107421875,9.634033203125,12.569580078125,25.892148971557617,0.1370299607515335,384.29998779296875,6.160999774932861,3.559000015258789,2130.800048828125,509.765625,2.0289063453674316,1.046109914779663,2714.0,509.765625,2.0289063453674316,1.046109914779663,2714.0,509.765625,2.0289063453674316,1.046109914779663,2714.0
2026-09-14T10:26:00.000+08:00,453.4138488769531,9.670356750488281,12.59765625,26.473339080810547,0.1340971738100052,384.5,6.1579999923706055,3.563999891281128,2130.89990234375,509.765625,2.067187547683716,1.0601065158843994,2714.0,509.765625,2.067187547683716,1.0601065158843994,2714.0,509.765625,2.067187547683716,1.0601065158843994,2714.0
2026-09-14T10:27:00.000+08:00,443.8828430175781,9.65176773071289,12.5625,26.135637283325195,0.13544724881649017,384.0,6.122000217437744,3.5420000553131104,2130.89990234375,509.765625,2.0289063453674316,1.040726661682129,2714.0,509.765625,2.0289063453674316,1.040726661682129,2714.0,509.765625,2.0289063453674316,1.040726661682129,2714.0
2026-09-14T10:28:00.000+08:00,435.0076599121094,9.692207336425781,12.6181640625,24.99885368347168,0.14172649383544922,383.79998779296875,6.131999969482422,3.5439999103546143,2131.0,509.765625,2.0289063453674316,1.0423415899276733,2714.0,509.765625,2.0289063453674316,1.0423415899276733,2714.0,509.765625,2.0289063453674316,1.0423415899276733,2714.0
2026-09-14T10:29:00.000+08:00,446.9173278808594,9.745105743408203,12.597412109375,26.02184295654297,0.13661600649356842,383.70001220703125,6.135000228881836,3.5429999828338623,2131.10009765625,509.765625,2.0289063453674316,1.0431491136550903,2714.0,509.765625,2.0289063453674316,1.0431491136550903,2714.0,509.765625,2.0289063453674316,1.0431491136550903,2714.0
2026-09-14T10:30:00.000+08:00,444.4631652832031,9.699943542480469,12.638916015625,26.62647819519043,0.13242457807064056,383.8999938964844,6.125,3.5339999198913574,2131.10009765625,509.765625,2.0289063453674316,1.0443603992462158,2714.0,509.765625,2.0289063453674316,1.0443603992462158,2714.0,509.765625,2.0289063453674316,1.0443603992462158,2714.0
2026-09-14T10:31:00.000+08:00,446.66192626953125,9.839000701904297,12.798583984375,24.99799919128418,0.1417713463306427,383.70001220703125,6.125,3.5380001068115234,2131.199951171875,509.765625,2.0289063453674316,1.040726661682129,2714.0,509.765625,2.0289063453674316,1.040726661682129,2714.0,509.765625,2.0289063453674316,1.040726661682129,2714.0
2026-09-14T10:32:00.000+08:00,452.0502014160156,9.85250473022461,12.72265625,26.49650001525879,0.13352707028388977,383.5,6.127999782562256,3.5329999923706055,2131.199951171875,509.765625,2.0289063453674316,1.0409958362579346,2714.0,509.765625,2.0289063453674316,1.0409958362579346,2714.0,509.765625,2.0289063453674316,1.0409958362579346,2714.0
2026-09-14T10:33:00.000+08:00,445.7803649902344,9.844608306884766,12.694580078125,25.000757217407227,0.1413957178592682,383.8999938964844,6.145999908447266,3.5429999828338623,2131.300048828125,509.765625,2.0289063453674316,1.0459753274917603,2714.0,509.765625,2.0289063453674316,1.0459753274917603,2714.0,509.765625,2.0289063453674316,1.0459753274917603,2714.0
2026-09-14T10:34:00.000+08:00,454.1610412597656,9.820430755615234,12.784912109375,25.63724708557129,0.13808034360408783,383.79998779296875,6.129000186920166,3.5439999103546143,2131.39990234375,509.765625,2.0289063453674316,1.040726661682129,2714.0,509.765625,2.0289063453674316,1.040726661682129,2714.0,509.765625,2.0289063453674316,1.040726661682129,2714.0
2026-09-14T10:35:00.000+08:00,438.43896484375,9.879776000976562,12.757080078125,25.026103973388672,0.1408529281616211,383.79998779296875,6.1519999504089355,3.5420000553131104,2131.39990234375,509.765625,2.0289063453674316,1.0471866130828857,2714.0,509.765625,2.0289063453674316,1.0471866130828857,2714.0,509.765625,2.0289063453674316,1.0471866130828857,2714.0
2026-09-14T10:36:00.000+08:00,452.546142578125,9.875423431396484,12.77099609375,25.653160095214844,0.13779978454113007,384.0,6.1570000648498535,3.552999973297119,2131.5,509.765625,2.0289063453674316,1.0444949865341187,2714.0,509.765625,2.0289063453674316,1.0444949865341187,2714.0,509.765625,2.0289063453674316,1.0444949865341187,2714.0
2026-09-14T10:37:00.000+08:00,444.3130798339844,9.876995086669922,12.77099609375,24.42051887512207,0.14479626715183258,384.20001220703125,6.130000114440918,3.5460000038146973,2131.5,509.765625,2.0289063453674316,1.0465136766433716,2714.0,509.765625,2.0289063453674316,1.0465136766433716,2714.0,509.765625,2.0289063453674316,1.0465136766433716,2714.0
2026-09-14T10:38:00.000+08:00,440.7109680175781,9.887275695800781,12.791748046875,25.88069725036621,0.13689738512039185,383.8999938964844,6.140999794006348,3.558000087738037,2131.60009765625,509.765625,2.0289063453674316,1.0411304235458374,2714.0,509.765625,2.0289063453674316,1.0411304235458374,2714.0,509.765625,2.0289063453674316,1.0411304235458374,2714.0
2026-09-14T10:39:00.000+08:00,446.5293884277344,9.882930755615234,12.763916015625,24.60181427001953,0.14437958598136902,383.3999938964844,6.0960001945495605,3.5290000438690186,2131.60009765625,509.765625,2.0289063453674316,1.0380349159240723,2714.0,509.765625,2.0289063453674316,1.0380349159240723,2714.0,509.765625,2.0289063453674316,1.0380349159240723,2714.0
2026-09-14T10:40:00.000+08:00,443.0263977050781,9.884101867675781,12.757080078125,24.510953903198242,0.14471080899238586,383.8999938964844,6.111000061035156,3.5329999923706055,2131.699951171875,509.765625,2.0289063453674316,1.039784550666809,2714.0,509.765625,2.0289063453674316,1.039784550666809,2714.0,509.765625,2.0289063453674316,1.039784550666809,2714.0
2026-09-14T10:41:00.000+08:00,444.2071838378906,9.909374237060547,12.798583984375,25.53021812438965,0.13909007608890533,383.79998779296875,6.132999897003174,3.5439999103546143,2131.800048828125,509.765625,2.0289063453674316,1.056069016456604,2714.0,509.765625,2.0289063453674316,1.056069016456604,2714.0,509.765625,2.0289063453674316,1.056069016456604,2714.0
2026-09-14T10:42:00.000+08:00,443.42071533203125,9.90671157836914,12.7294921875,25.512035369873047,0.13817007839679718,383.70001220703125,6.11899995803833,3.5480000972747803,2131.800048828125,509.765625,2.0289063453674316,1.0413994789123535,2714.0,509.765625,2.0289063453674316,1.0413994789123535,2714.0,509.765625,2.0289063453674316,1.0413994789123535,2714.0
2026-09-14T10:43:00.000+08:00,439.639404296875,9.891212463378906,12.75,25.029804229736328,0.14119167625904083,383.70001220703125,6.126999855041504,3.5450000762939453,2131.89990234375,509.765625,2.0289063453674316,1.0413994789123535,2714.0,509.765625,2.0289063453674316,1.0413994789123535,2714.0,509.765625,2.0289063453674316,1.0413994789123535,2714.0
2026-09-14T10:44:00.000+08:00,439.4546813964844,9.931991577148438,12.736083984375,25.314483642578125,0.1399988979101181,383.5,6.116000175476074,3.5320000648498535,2131.89990234375,509.765625,2.0289063453674316,1.0446295738220215,2714.0,509.765625,2.0289063453674316,1.0446295738220215,2714.0,509.765625,2.0289063453674316,1.0446295738220215,2714.0
2026-09-14T10:45:00.000+08:00,437.61492919921875,9.955299377441406,12.757080078125,23.980098724365234,0.14753900468349457,383.5,6.11899995803833,3.5399999618530273,2132.0,509.765625,2.0289063453674316,1.043418288230896,2714.0,509.765625,2.0289063453674316,1.043418288230896,2714.0,509.765625,2.0289063453674316,1.043418288230896,2714.0
2026-09-14T10:46:00.000+08:00,441.4939270019531,9.928749084472656,12.75,24.14453887939453,0.14636850357055664,383.70001220703125,6.125,3.5369999408721924,2132.10009765625,509.765625,2.0289063453674316,1.042610764503479,2714.0,509.765625,2.0289063453674316,1.042610764503479,2714.0,509.765625,2.0289063453674316,1.042610764503479,2714.0
2026-09-14T10:47:00.000+08:00,438.6365661621094,9.910572052001953,12.770751953125,25.505531311035156,0.1387542188167572,383.5,6.120999813079834,3.5309998989105225,2132.10009765625,509.765625,2.0289063453674316,1.0373620986938477,2714.0,509.765625,2.0289063453674316,1.0373620986938477,2714.0,509.765625,2.0289063453674316,1.0373620986938477,2714.0
2026-09-14T10:48:00.000+08:00,443.7915954589844,nan,nan,24.823720932006836,0.14224296808242798,nan,nan,nan,nan,nan,nan,nan,nan,nan,nan,nan,nan,nan,nan,nan,nan
2026-09-14T10:49:00.000+08:00,441.8740234375,9.903656005859375,12.7987060546875,24.311277389526367,0.14528237283229828,383.6499938964844,6.153500080108643,3.5535000562667847,2132.199951171875,509.765625,2.0289063453674316,1.0408612489700317,2714.0,509.765625,2.0289063453674316,1.0408612489700317,2714.0,509.765625,2.0289063453674316,1.0408612489700317,2714.0
2026-09-14T10:50:00.000+08:00,446.2232666015625,9.914138793945312,12.763916015625,25.027048110961914,0.1411273032426834,383.8999938964844,6.118000030517578,3.5409998893737793,2132.300048828125,509.765625,2.0289063453674316,1.0369583368301392,2714.0,509.765625,2.0289063453674316,1.0369583368301392,2714.0,509.765625,2.0289063453674316,1.0369583368301392,2714.0
2026-09-14T10:51:00.000+08:00,440.39666748046875,9.925968170166016,12.7919921875,25.825674057006836,0.13707289099693298,383.8999938964844,6.145999908447266,3.5490000247955322,2132.39990234375,509.765625,2.0289063453674316,1.0443603992462158,2714.0,509.765625,2.0289063453674316,1.0443603992462158,2714.0,509.765625,2.0289063453674316,1.0443603992462158,2714.0
2026-09-14T10:52:00.000+08:00,429.79339599609375,9.892707824707031,12.84765625,24.544456481933594,0.14443179965019226,383.79998779296875,6.116000175476074,3.5439999103546143,2132.39990234375,509.765625,2.0289063453674316,1.038977026939392,2714.0,509.765625,2.0289063453674316,1.038977026939392,2714.0,509.765625,2.0289063453674316,1.038977026939392,2714.0
2026-09-14T10:53:00.000+08:00,436.7911682128906,9.936569213867188,12.8125,24.72889518737793,0.14254578948020935,383.8999938964844,6.132999897003174,3.5339999198913574,2132.5,509.765625,2.0289063453674316,1.0431491136550903,2714.0,509.765625,2.0289063453674316,1.0431491136550903,2714.0,509.765625,2.0289063453674316,1.0431491136550903,2714.0
2026-09-14T10:54:00.000+08:00,446.3373107910156,9.899425506591797,12.861328125,26.112627029418945,0.13663886487483978,383.8999938964844,6.1479997634887695,3.5399999618530273,2132.5,509.765625,2.0289063453674316,1.0427453517913818,2714.0,509.765625,2.0289063453674316,1.0427453517913818,2714.0,509.765625,2.0289063453674316,1.0427453517913818,2714.0
2026-09-14T10:55:00.000+08:00,438.3194885253906,9.908985137939453,12.7783203125,25.520004272460938,0.13875389099121094,383.79998779296875,6.129000186920166,3.5429999828338623,2132.60009765625,509.765625,2.0289063453674316,1.0459753274917603,2714.0,509.765625,2.0289063453674316,1.0459753274917603,2714.0,509.765625,2.0289063453674316,1.0459753274917603,2714.0
2026-09-14T10:56:00.000+08:00,438.84326171875,9.920055389404297,12.757080078125,25.6671199798584,0.13791964948177338,383.6000061035156,6.142000198364258,3.5339999198913574,2132.60009765625,509.765625,2.0289063453674316,1.0409958362579346,2714.0,509.765625,2.0289063453674316,1.0409958362579346,2714.0,509.765625,2.0289063453674316,1.0409958362579346,2714.0
2026-09-14T10:57:00.000+08:00,442.0923156738281,9.925968170166016,12.791748046875,25.626636505126953,0.138215571641922,383.3999938964844,6.164999961853027,3.5360000133514404,2132.699951171875,509.765625,2.0289063453674316,1.0422070026397705,2714.0,509.765625,2.0289063453674316,1.0422070026397705,2714.0,509.765625,2.0289063453674316,1.0422070026397705,2714.0
2026-09-14T10:58:00.000+08:00,441.3631896972656,9.904632568359375,12.791748046875,24.82361602783203,0.1425255686044693,383.29998779296875,6.158999919891357,3.5329999923706055,2132.800048828125,509.765625,2.0289063453674316,1.039784550666809,2714.0,509.765625,2.0289063453674316,1.039784550666809,2714.0,509.765625,2.0289063453674316,1.039784550666809,2714.0
2026-09-14T10:59:00.000+08:00,440.468994140625,9.913021087646484,12.736328125,24.960050582885742,0.14186669886112213,383.29998779296875,6.1620001792907715,3.5399999618530273,2132.800048828125,509.765625,2.0289063453674316,1.0401883125305176,2714.0,509.765625,2.0289063453674316,1.0401883125305176,2714.0,509.765625,2.0289063453674316,1.0401883125305176,2714.0
2026-09-14T11:00:00.000+08:00,444.0038757324219,9.92763900756836,12.701416015625,25.311620712280273,0.1402122676372528,383.79998779296875,6.164999961853027,3.5380001068115234,2132.89990234375,509.765625,2.0289063453674316,1.038977026939392,2714.0,509.765625,2.0289063453674316,1.038977026939392,2714.0,509.765625,2.0289063453674316,1.038977026939392,2714.0
2026-09-14T11:01:00.000+08:00,442.7174377441406,9.88559341430664,12.8408203125,25.340688705444336,0.13957789540290833,383.6000061035156,6.142000198364258,3.5439999103546143,2132.89990234375,509.765625,2.0289063453674316,1.0377658605575562,2714.0,509.765625,2.0289063453674316,1.0377658605575562,2714.0,509.765625,2.0289063453674316,1.0377658605575562,2714.0
2026-09-14T11:02:00.000+08:00,438.3604431152344,9.91720199584961,12.861328125,24.270986557006836,0.14544114470481873,383.3999938964844,6.1529998779296875,3.5399999618530273,2133.0,509.765625,2.0289063453674316,1.0413994789123535,2714.0,509.765625,2.0289063453674316,1.0413994789123535,2714.0,509.765625,2.0289063453674316,1.0413994789123535,2714.0
2026-09-14T11:03:00.000+08:00,431.564697265625,9.905738830566406,12.861328125,24.30962371826172,0.14595042169094086,383.5,6.163000106811523,3.5409998893737793,2133.10009765625,509.765625,2.0289063453674316,1.0475903749465942,2714.0,509.765625,2.0289063453674316,1.0475903749465942,2714.0,509.765625,2.0289063453674316,1.0475903749465942,2714.0
2026-09-14T11:04:00.000+08:00,444.4351806640625,9.895954132080078,12.8056640625,26.256729125976562,0.13455598056316376,382.8999938964844,6.125999927520752,3.5269999504089355,2133.10009765625,509.765625,2.0289063453674316,1.0376312732696533,2714.0,509.765625,2.0289063453674316,1.0376312732696533,2714.0,509.765625,2.0289063453674316,1.0376312732696533,2714.0
2026-09-14T11:05:00.000+08:00,448.42816162109375,9.887359619140625,12.722412109375,26.161163330078125,0.1358884572982788,383.29998779296875,6.132999897003174,3.5439999103546143,2133.199951171875,509.765625,1.990625023841858,1.0352087020874023,2715.0,509.765625,1.990625023841858,1.0352087020874023,2715.0,509.765625,1.990625023841858,1.0352087020874023,2715.0
2026-09-14T11:06:00.000+08:00,438.4373779296875,9.886180877685547,12.701416015625,25.20723533630371,0.13999949395656586,383.70001220703125,6.138000011444092,3.5350000858306885,2133.199951171875,509.765625,2.0289063453674316,1.0467828512191772,2715.0,509.765625,2.0289063453674316,1.0467828512191772,2715.0,509.765625,2.0289063453674316,1.0467828512191772,2715.0
2026-09-14T11:07:00.000+08:00,439.33270263671875,9.908710479736328,12.70849609375,24.21664810180664,0.14568489789962769,383.8999938964844,6.1529998779296875,3.5439999103546143,2133.300048828125,509.765625,2.0289063453674316,1.0431491136550903,2715.0,509.765625,2.0289063453674316,1.0431491136550903,2715.0,509.765625,2.0289063453674316,1.0431491136550903,2715.0
2026-09-14T11:08:00.000+08:00,437.2392272949219,9.917388916015625,12.6875,24.2996826171875,0.14522823691368103,383.8999938964844,6.144000053405762,3.5490000247955322,2133.39990234375,509.765625,2.0289063453674316,1.039919137954712,2715.0,509.765625,2.0289063453674316,1.039919137954712,2715.0,509.765625,2.0289063453674316,1.039919137954712,2715.0
2026-09-14T11:09:00.000+08:00,453.9606018066406,9.879070281982422,12.72265625,24.78522491455078,0.14254459738731384,382.6000061035156,6.1519999504089355,3.5230000019073486,2133.39990234375,509.765625,2.0289063453674316,1.0350741147994995,2715.0,509.765625,2.0289063453674316,1.0350741147994995,2715.0,509.765625,2.0289063453674316,1.0350741147994995,2715.0
2026-09-14T11:10:00.000+08:00,443.423095703125,9.903583526611328,12.694580078125,25.07576560974121,0.13927462697029114,383.8999938964844,6.145999908447266,3.553999900817871,2133.5,509.765625,2.0289063453674316,1.0435528755187988,2715.0,509.765625,2.0289063453674316,1.0435528755187988,2715.0,509.765625,2.0289063453674316,1.0435528755187988,2715.0
2026-09-14T11:11:00.000+08:00,440.1156921386719,9.932109832763672,12.6318359375,25.525014877319336,0.13904006779193878,384.0,6.116000175476074,3.5460000038146973,2133.5,509.765625,2.0289063453674316,1.039919137954712,2715.0,509.765625,2.0289063453674316,1.039919137954712,2715.0,509.765625,2.0289063453674316,1.039919137954712,2715.0
2026-09-14T11:12:00.000+08:00,440.1125183105469,9.873954772949219,12.6533203125,24.851808547973633,0.14216269552707672,383.8999938964844,6.14900016784668,3.5460000038146973,2133.60009765625,509.765625,2.0289063453674316,1.0415340662002563,2715.0,509.765625,2.0289063453674316,1.0415340662002563,2715.0,509.765625,2.0289063453674316,1.0415340662002563,2715.0
2026-09-14T11:13:00.000+08:00,442.5191955566406,9.854598999023438,12.63916015625,25.126100540161133,0.1414465457201004,384.0,6.138000011444092,3.5420000553131104,2133.699951171875,509.765625,2.0289063453674316,1.0435528755187988,2715.0,509.765625,2.0289063453674316,1.0435528755187988,2715.0,509.765625,2.0289063453674316,1.0435528755187988,2715.0
2026-09-14T11:14:00.000+08:00,444.7957458496094,9.882247924804688,12.736328125,24.793737411499023,0.14318132400512695,383.79998779296875,6.1570000648498535,3.555000066757202,2133.699951171875,509.765625,2.0289063453674316,1.0427453517913818,2715.0,509.765625,2.0289063453674316,1.0427453517913818,2715.0,509.765625,2.0289063453674316,1.0427453517913818,2715.0
2026-09-14T11:15:00.000+08:00,444.14178466796875,9.93014907836914,12.6533203125,23.884235382080078,0.1485079973936081,384.20001220703125,6.1529998779296875,3.549999952316284,2133.800048828125,509.765625,2.0289063453674316,1.0427453517913818,2715.0,509.765625,2.0289063453674316,1.0427453517913818,2715.0,509.765625,2.0289063453674316,1.0427453517913818,2715.0
2026-09-14T11:16:00.000+08:00,442.994384765625,9.862495422363281,12.66015625,23.897571563720703,0.14909464120864868,383.1000061035156,6.126999855041504,3.5299999713897705,2133.800048828125,509.765625,1.990625023841858,1.034266710281372,2715.0,509.765625,1.990625023841858,1.034266710281372,2715.0,509.765625,1.990625023841858,1.034266710281372,2715.0
2026-09-14T11:17:00.000+08:00,449.8712463378906,9.857658386230469,12.6943359375,24.354419708251953,0.1455998569726944,383.1000061035156,6.127999782562256,3.5239999294281006,2133.89990234375,509.765625,1.990625023841858,1.0323824882507324,2715.0,509.765625,1.990625023841858,1.0323824882507324,2715.0,509.765625,1.990625023841858,1.0323824882507324,2715.0
2026-09-14T11:18:00.000+08:00,458.4639892578125,9.92013168334961,12.722412109375,25.124095916748047,0.14125880599021912,383.5,6.107999801635742,3.5390000343322754,2133.89990234375,509.765625,2.0289063453674316,1.038169503211975,2715.0,509.765625,2.0289063453674316,1.038169503211975,2715.0,509.765625,2.0289063453674316,1.038169503211975,2715.0
2026-09-14T11:19:00.000+08:00,446.83709716796875,9.870681762695312,12.7431640625,24.856660842895508,0.14181309938430786,383.70001220703125,6.142000198364258,3.546999931335449,2134.0,509.765625,2.0289063453674316,1.040726661682129,2715.0,509.765625,2.0289063453674316,1.040726661682129,2715.0,509.765625,2.0289063453674316,1.040726661682129,2715.0
2026-09-14T11:20:00.000+08:00,448.8716735839844,9.921161651611328,12.8681640625,25.04750633239746,0.14057287573814392,383.79998779296875,6.123000144958496,3.5399999618530273,2134.10009765625,509.765625,2.0289063453674316,1.0471866130828857,2715.0,509.765625,2.0289063453674316,1.0471866130828857,2715.0,509.765625,2.0289063453674316,1.0471866130828857,2715.0
2026-09-14T11:21:00.000+08:00,438.39697265625,9.818679809570312,12.9169921875,24.81778335571289,0.14191436767578125,383.70001220703125,6.138000011444092,3.5460000038146973,2134.10009765625,509.765625,2.0289063453674316,1.0419378280639648,2715.0,509.765625,2.0289063453674316,1.0419378280639648,2715.0,509.765625,2.0289063453674316,1.0419378280639648,2715.0
2026-09-14T11:22:00.000+08:00,447.9407653808594,9.902976989746094,12.8544921875,24.876251220703125,0.1422642022371292,383.3999938964844,6.122000217437744,3.5329999923706055,2134.199951171875,509.765625,2.0289063453674316,1.0388424396514893,2715.0,509.765625,2.0289063453674316,1.0388424396514893,2715.0,509.765625,2.0289063453674316,1.0388424396514893,2715.0
2026-09-14T11:23:00.000+08:00,441.06634521484375,9.915313720703125,12.76416015625,25.91946029663086,0.13642258942127228,383.1000061035156,6.122000217437744,3.5299999713897705,2134.199951171875,509.765625,1.990625023841858,1.0360162258148193,2715.0,509.765625,1.990625023841858,1.0360162258148193,2715.0,509.765625,1.990625023841858,1.0360162258148193,2715.0
2026-09-14T11:24:00.000+08:00,449.4582214355469,9.92044448852539,12.763916015625,26.862918853759766,0.13196630775928497,382.8999938964844,6.11299991607666,3.5209999084472656,2134.300048828125,509.765625,1.990625023841858,1.035477876663208,2715.0,509.765625,1.990625023841858,1.035477876663208,2715.0,509.765625,1.990625023841858,1.035477876663208,2715.0
2026-09-14T11:25:00.000+08:00,445.501220703125,9.900131225585938,12.923583984375,26.051877975463867,0.1353837102651596,383.6000061035156,6.125999927520752,3.5480000972747803,2134.39990234375,509.765625,2.0289063453674316,1.0422070026397705,2715.0,509.765625,2.0289063453674316,1.0422070026397705,2715.0,509.765625,2.0289063453674316,1.0422070026397705,2715.0
2026-09-14T11:26:00.000+08:00,454.67938232421875,9.97970199584961,12.819580078125,25.660968780517578,0.13697846233844757,383.5,6.098999977111816,3.5299999713897705,2134.39990234375,509.765625,2.0289063453674316,1.039784550666809,2715.0,509.765625,2.0289063453674316,1.039784550666809,2715.0,509.765625,2.0289063453674316,1.039784550666809,2715.0
2026-09-14T11:27:00.000+08:00,450.9693908691406,9.951507568359375,12.986328125,25.67307472229004,0.13734233379364014,383.5,6.104000091552734,3.5290000438690186,2134.5,509.765625,2.0289063453674316,1.0385732650756836,2715.0,509.765625,2.0289063453674316,1.0385732650756836,2715.0,509.765625,2.0289063453674316,1.0385732650756836,2715.0
2026-09-14T11:28:00.000+08:00,443.81365966796875,9.99859619140625,12.875,26.775815963745117,0.13250763714313507,382.79998779296875,6.116000175476074,3.513000011444092,2134.5,509.765625,1.990625023841858,1.0302292108535767,2715.0,509.765625,1.990625023841858,1.0302292108535767,2715.0,509.765625,1.990625023841858,1.0302292108535767,2715.0
2026-09-14T11:29:00.000+08:00,444.6983337402344,9.918773651123047,12.861328125,25.84935760498047,0.1367538869380951,383.20001220703125,6.160999774932861,3.5290000438690186,2134.60009765625,509.765625,2.0289063453674316,1.0388424396514893,2715.0,509.765625,2.0289063453674316,1.0388424396514893,2715.0,509.765625,2.0289063453674316,1.0388424396514893,2715.0
2026-09-14T11:30:00.000+08:00,451.5832824707031,9.887123107910156,12.923828125,26.241907119750977,0.1347081959247589,383.0,6.138999938964844,3.5239999294281006,2134.699951171875,509.765625,2.0289063453674316,1.0372275114059448,2715.0,509.765625,2.0289063453674316,1.0372275114059448,2715.0,509.765625,2.0289063453674316,1.0372275114059448,2715.0
2026-09-14T11:31:00.000+08:00,438.2467041015625,9.995521545410156,12.8125,25.892181396484375,0.13587112724781036,382.8999938964844,6.145999908447266,3.5239999294281006,2134.699951171875,509.765625,2.0289063453674316,1.048936128616333,2715.0,509.765625,2.0289063453674316,1.048936128616333,2715.0,509.765625,2.0289063453674316,1.048936128616333,2715.0
2026-09-14T11:32:00.000+08:00,453.64239501953125,9.94003677368164,12.95849609375,26.531661987304688,0.1323324590921402,383.70001220703125,6.113999843597412,3.5329999923706055,2134.800048828125,509.765625,2.0289063453674316,1.0514931678771973,2715.0,509.765625,2.0289063453674316,1.0514931678771973,2715.0,509.765625,2.0289063453674316,1.0514931678771973,2715.0
2026-09-14T11:33:00.000+08:00,445.4430236816406,9.8929443359375,12.9794921875,26.211585998535156,0.13421545922756195,383.79998779296875,6.11899995803833,3.5309998989105225,2134.800048828125,509.765625,2.0289063453674316,1.039784550666809,2715.0,509.765625,2.0289063453674316,1.039784550666809,2715.0,509.765625,2.0289063453674316,1.039784550666809,2715.0
2026-09-14T11:34:00.000+08:00,443.71820068359375,9.885749816894531,13.013916015625,26.1998291015625,0.134390190243721,383.70001220703125,6.117000102996826,3.5290000438690186,2134.89990234375,509.765625,2.0289063453674316,1.0373620986938477,2715.0,509.765625,2.0289063453674316,1.0373620986938477,2715.0,509.765625,2.0289063453674316,1.0373620986938477,2715.0
2026-09-14T11:35:00.000+08:00,431.84490966796875,9.947444915771484,13.0556640625,25.783676147460938,0.13706345856189728,383.29998779296875,6.099999904632568,3.5250000953674316,2134.89990234375,509.765625,1.990625023841858,1.0356124639511108,2715.0,509.765625,1.990625023841858,1.0356124639511108,2715.0,509.765625,1.990625023841858,1.0356124639511108,2715.0
2026-09-14T11:36:00.000+08:00,458.2618103027344,9.987449645996094,12.986083984375,27.445066452026367,0.12862056493759155,383.6000061035156,6.156000137329102,3.561000108718872,2135.0,509.765625,2.0289063453674316,1.0385732650756836,2715.0,509.765625,2.0289063453674316,1.0385732650756836,2715.0,509.765625,2.0289063453674316,1.0385732650756836,2715.0
2026-09-14T11:37:00.000+08:00,433.7388916015625,9.511100769042969,12.784912109375,27.3106689453125,0.12958306074142456,383.29998779296875,6.110000133514404,3.5329999923706055,2135.10009765625,509.765625,1.990625023841858,1.0348049402236938,2715.0,509.765625,1.990625023841858,1.0348049402236938,2715.0,509.765625,1.990625023841858,1.0348049402236938,2715.0
2026-09-14T11:38:00.000+08:00,442.8460998535156,9.377002716064453,12.534912109375,26.312908172607422,0.1339646577835083,383.79998779296875,6.113999843597412,3.5369999408721924,2135.10009765625,509.765625,2.0289063453674316,1.0401883125305176,2715.0,509.765625,2.0289063453674316,1.0401883125305176,2715.0,509.765625,2.0289063453674316,1.0401883125305176,2715.0
2026-09-14T11:39:00.000+08:00,438.7140197753906,9.433673858642578,12.632080078125,26.723331451416016,0.13295498490333557,383.8999938964844,6.111000061035156,3.5360000133514404,2135.199951171875,509.765625,1.990625023841858,1.038977026939392,2715.0,509.765625,1.990625023841858,1.038977026939392,2715.0,509.765625,1.990625023841858,1.038977026939392,2715.0
2026-09-14T11:40:00.000+08:00,437.1154479980469,9.440784454345703,12.736328125,27.183002471923828,0.13004450500011444,383.3999938964844,6.085000038146973,3.5199999809265137,2135.199951171875,509.765625,2.0289063453674316,1.0368237495422363,2715.0,509.765625,2.0289063453674316,1.0368237495422363,2715.0,509.765625,2.0289063453674316,1.0368237495422363,2715.0
2026-09-14T11:41:00.000+08:00,438.7201843261719,9.483848571777344,12.7294921875,27.39114761352539,0.12880073487758636,383.3999938964844,6.0929999351501465,3.5360000133514404,2135.300048828125,509.765625,2.0289063453674316,1.0514931678771973,2715.0,509.765625,2.0289063453674316,1.0514931678771973,2715.0,509.765625,2.0289063453674316,1.0514931678771973,2715.0
2026-09-14T11:42:00.000+08:00,436.6778869628906,9.413925170898438,12.6669921875,28.291370391845703,0.12498510628938675,384.3999938964844,6.126999855041504,3.562999963760376,2135.39990234375,509.765625,2.0289063453674316,1.0412650108337402,2715.0,509.765625,2.0289063453674316,1.0412650108337402,2715.0,509.765625,2.0289063453674316,1.0412650108337402,2715.0
2026-09-14T11:43:00.000+08:00,436.5655212402344,9.303726196289062,12.513916015625,28.135562896728516,0.1257127821445465,383.70001220703125,6.116000175476074,3.5460000038146973,2135.39990234375,509.765625,2.0289063453674316,1.0385732650756836,2715.0,509.765625,2.0289063453674316,1.0385732650756836,2715.0,509.765625,2.0289063453674316,1.0385732650756836,2715.0
2026-09-14T11:44:00.000+08:00,444.9305419921875,9.201812744140625,12.4658203125,28.33245277404785,0.12487446516752243,383.70001220703125,6.1020002365112305,3.5429999828338623,2135.5,509.765625,1.990625023841858,1.0361508131027222,2715.0,509.765625,1.990625023841858,1.0361508131027222,2715.0,509.765625,1.990625023841858,1.0361508131027222,2715.0
2026-09-14T11:45:00.000+08:00,441.416748046875,9.301021575927734,12.5,28.201879501342773,0.12619726359844208,384.29998779296875,6.109000205993652,3.553999900817871,2135.5,509.765625,2.0289063453674316,1.0451678037643433,2715.0,509.765625,2.0289063453674316,1.0451678037643433,2715.0,509.765625,2.0289063453674316,1.0451678037643433,2715.0
2026-09-14T11:46:00.000+08:00,439.8500061035156,nan,nan,29.089740753173828,0.12186427414417267,nan,nan,nan,nan,nan,nan,nan,nan,nan,nan,nan,nan,nan,nan,nan,nan
2026-09-14T11:47:00.000+08:00,447.1775207519531,9.293851852416992,12.569580078125,28.457733154296875,0.124324731528759,384.1999969482422,6.110000133514404,3.5495001077651978,2135.6500244140625,509.765625,2.0289063453674316,1.0518296957015991,2715.0,509.765625,2.0289063453674316,1.0518296957015991,2715.0,509.765625,2.0289063453674316,1.0518296957015991,2715.0
2026-09-14T11:48:00.000+08:00,438.59027099609375,9.418415069580078,12.576416015625,28.154380798339844,0.12591290473937988,385.0,6.13100004196167,3.565000057220459,2135.699951171875,509.765625,2.067187547683716,1.0657589435577393,2715.0,509.765625,2.067187547683716,1.0657589435577393,2715.0,509.765625,2.067187547683716,1.0657589435577393,2715.0
2026-09-14T11:49:00.000+08:00,438.7478942871094,9.499744415283203,12.666748046875,28.288101196289062,0.12574191391468048,385.5,6.144999980926514,3.572999954223633,2135.800048828125,513.28125,2.0289063453674316,1.0544540882110596,2715.0,513.28125,2.0289063453674316,1.0544540882110596,2715.0,513.28125,2.0289063453674316,1.0544540882110596,2715.0
2026-09-14T11:50:00.000+08:00,449.8558044433594,9.502899169921875,12.701416015625,28.009441375732422,0.12660017609596252,384.8999938964844,6.129000186920166,3.561000108718872,2135.800048828125,513.28125,2.0289063453674316,1.0516277551651,2715.0,513.28125,2.0289063453674316,1.0516277551651,2715.0,513.28125,2.0289063453674316,1.0516277551651,2715.0
2026-09-14T11:51:00.000+08:00,438.4645690917969,9.548702239990234,12.72265625,28.428863525390625,0.1250137984752655,385.3999938964844,6.13700008392334,3.5759999752044678,2135.89990234375,513.28125,2.0289063453674316,1.0478595495224,2715.0,513.28125,2.0289063453674316,1.0478595495224,2715.0,513.28125,2.0289063453674316,1.0478595495224,2715.0
2026-09-14T11:52:00.000+08:00,437.4573059082031,9.515922546386719,12.7431640625,27.761276245117188,0.12866844236850739,385.5,6.125999927520752,3.578000068664551,2135.89990234375,513.28125,2.0289063453674316,1.0483977794647217,2715.0,513.28125,2.0289063453674316,1.0483977794647217,2715.0,513.28125,2.0289063453674316,1.0483977794647217,2715.0
2026-09-14T11:53:00.000+08:00,435.46612548828125,9.53921890258789,12.7431640625,27.57888412475586,0.1294468641281128,385.3999938964844,6.138000011444092,3.5820000171661377,2136.0,513.28125,2.0289063453674316,1.0508203506469727,2715.0,513.28125,2.0289063453674316,1.0508203506469727,2715.0,513.28125,2.0289063453674316,1.0508203506469727,2715.0
2026-09-14T11:54:00.000+08:00,439.0614929199219,9.60687255859375,12.7431640625,27.883617401123047,0.1279604434967041,385.6000061035156,6.142000198364258,3.5810000896453857,2136.10009765625,513.28125,2.0289063453674316,1.0512241125106812,2715.0,513.28125,2.0289063453674316,1.0512241125106812,2715.0,513.28125,2.0289063453674316,1.0512241125106812,2715.0
2026-09-14T11:55:00.000+08:00,441.6708068847656,9.582183837890625,12.8544921875,27.530237197875977,0.12992987036705017,385.5,6.104000091552734,3.566999912261963,2136.10009765625,513.28125,2.0289063453674316,1.0478595495224,2715.0,513.28125,2.0289063453674316,1.0478595495224,2715.0,513.28125,2.0289063453674316,1.0478595495224,2715.0
2026-09-14T11:56:00.000+08:00,447.76336669921875,9.57705307006836,12.8544921875,28.409645080566406,0.12559114396572113,385.6000061035156,6.125,3.5769999027252197,2136.199951171875,513.28125,2.0289063453674316,1.05256986618042,2715.0,513.28125,2.0289063453674316,1.05256986618042,2715.0,513.28125,2.0289063453674316,1.05256986618042,2715.0
2026-09-14T11:57:00.000+08:00,435.5791931152344,9.570816040039062,12.78515625,27.153072357177734,0.13166096806526184,386.0,6.144999980926514,3.5799999237060547,2136.300048828125,513.28125,2.067187547683716,1.0669702291488647,2715.0,513.28125,2.067187547683716,1.0669702291488647,2715.0,513.28125,2.067187547683716,1.0669702291488647,2715.0
2026-09-14T11:58:00.000+08:00,436.6444396972656,9.606460571289062,12.7294921875,28.217819213867188,0.12644492089748383,386.29998779296875,6.146999835968018,3.5850000381469727,2136.300048828125,513.28125,2.0289063453674316,1.0592989921569824,2715.0,513.28125,2.0289063453674316,1.0592989921569824,2715.0,513.28125,2.0289063453674316,1.0592989921569824,2715.0
2026-09-14T11:59:00.000+08:00,433.8180847167969,9.573989868164062,12.784912109375,27.815174102783203,0.12834720313549042,386.6000061035156,6.1479997634887695,3.5959999561309814,2136.39990234375,513.28125,2.0289063453674316,1.057684063911438,2715.0,513.28125,2.0289063453674316,1.057684063911438,2715.0,513.28125,2.0289063453674316,1.057684063911438,2715.0
2026-09-14T12:00:00.000+08:00,439.9934387207031,9.648719787597656,12.784912109375,27.69906234741211,0.12928235530853271,386.29998779296875,6.146999835968018,3.5929999351501465,2136.39990234375,513.28125,2.0289063453674316,1.0559344291687012,2715.0,513.28125,2.0289063453674316,1.0559344291687012,2715.0,513.28125,2.0289063453674316,1.0559344291687012,2715.0
2026-09-14T12:01:00.000+08:00,442.87078857421875,9.656631469726562,12.791748046875,26.986656188964844,0.13299165666103363,386.20001220703125,6.130000114440918,3.5899999141693115,2136.5,513.28125,2.0289063453674316,1.0567419528961182,2715.0,513.28125,2.0289063453674316,1.0567419528961182,2715.0,513.28125,2.0289063453674316,1.0567419528961182,2715.0
2026-09-14T12:02:00.000+08:00,437.8155517578125,9.70029067993164,12.6875,27.989763259887695,0.12811827659606934,386.29998779296875,6.1539998054504395,3.5929999351501465,2136.5,513.28125,2.067187547683716,1.0653551816940308,2716.0,513.28125,2.067187547683716,1.0653551816940308,2716.0,513.28125,2.067187547683716,1.0653551816940308,2716.0
2026-09-14T12:03:00.000+08:00,451.1990966796875,9.749637603759766,12.736083984375,26.923662185668945,0.1332656741142273,385.3999938964844,6.122000217437744,3.5739998817443848,2136.60009765625,513.28125,2.0289063453674316,1.0537811517715454,2716.0,513.28125,2.0289063453674316,1.0537811517715454,2716.0,513.28125,2.0289063453674316,1.0537811517715454,2716.0
2026-09-14T12:04:00.000+08:00,447.9987487792969,9.692665100097656,12.784912109375,27.884658813476562,0.12878048419952393,385.20001220703125,6.110000133514404,3.562000036239624,2136.699951171875,513.28125,2.0289063453674316,1.0478595495224,2716.0,513.28125,2.0289063453674316,1.0478595495224,2716.0,513.28125,2.0289063453674316,1.0478595495224,2716.0
2026-09-14T12:05:00.000+08:00,451.7371826171875,9.7208251953125,12.6875,27.023128509521484,0.13299718499183655,385.70001220703125,6.120999813079834,3.571000099182129,2136.699951171875,513.28125,2.0289063453674316,1.0512241125106812,2716.0,513.28125,2.0289063453674316,1.0512241125106812,2716.0,513.28125,2.0289063453674316,1.0512241125106812,2716.0
2026-09-14T12:06:00.000+08:00,436.2311096191406,9.6727294921875,12.84765625,25.8677921295166,0.13847334682941437,385.6000061035156,6.127999782562256,3.5759999752044678,2136.800048828125,513.28125,2.0289063453674316,1.0500128269195557,2716.0,513.28125,2.0289063453674316,1.0500128269195557,2716.0,513.28125,2.0289063453674316,1.0500128269195557,2716.0
2026-09-14T12:07:00.000+08:00,439.96942138671875,9.717151641845703,12.75,26.523473739624023,0.13444693386554718,385.3999938964844,6.13100004196167,3.578000068664551,2136.800048828125,513.28125,2.0289063453674316,1.05256986618042,2716.0,513.28125,2.0289063453674316,1.05256986618042,2716.0,513.28125,2.0289063453674316,1.05256986618042,2716.0
2026-09-14T12:08:00.000+08:00,453.19000244140625,9.647541046142578,12.770751953125,27.198978424072266,0.13118138909339905,385.70001220703125,6.14300012588501,3.5869998931884766,2136.89990234375,513.28125,2.0289063453674316,1.0578186511993408,2716.0,513.28125,2.0289063453674316,1.0578186511993408,2716.0,513.28125,2.0289063453674316,1.0578186511993408,2716.0
2026-09-14T12:09:00.000+08:00,449.5740661621094,9.676776885986328,12.798828125,27.73311996459961,0.12912359833717346,385.70001220703125,6.130000114440918,3.572000026702881,2137.0,513.28125,2.0289063453674316,1.0529736280441284,2716.0,513.28125,2.0289063453674316,1.0529736280441284,2716.0,513.28125,2.0289063453674316,1.0529736280441284,2716.0
2026-09-14T12:10:00.000+08:00,457.58477783203125,9.683578491210938,12.729248046875,27.898120880126953,0.12800145149230957,385.3999938964844,6.130000114440918,3.571000099182129,2137.0,513.28125,2.0289063453674316,1.045436978340149,2716.0,513.28125,2.0289063453674316,1.045436978340149,2716.0,513.28125,2.0289063453674316,1.045436978340149,2716.0
2026-09-14T12:11:00.000+08:00,469.3205871582031,9.720081329345703,12.659912109375,28.258163452148438,0.12683060765266418,385.70001220703125,6.122000217437744,3.5789999961853027,2137.10009765625,513.28125,2.0289063453674316,1.0529736280441284,2716.0,513.28125,2.0289063453674316,1.0529736280441284,2716.0,513.28125,2.0289063453674316,1.0529736280441284,2716.0
2026-09-14T12:12:00.000+08:00,455.8779296875,9.669349670410156,12.7158203125,28.390953063964844,0.12630784511566162,385.70001220703125,6.150000095367432,3.5789999961853027,2137.10009765625,513.28125,2.0289063453674316,1.051762342453003,2716.0,513.28125,2.0289063453674316,1.051762342453003,2716.0,513.28125,2.0289063453674316,1.051762342453003,2716.0
2026-09-14T12:13:00.000+08:00,458.00360107421875,9.63253402709961,12.757080078125,27.301305770874023,0.13068971037864685,386.0,6.142000198364258,3.5850000381469727,2137.199951171875,513.28125,2.0289063453674316,1.0545886754989624,2716.0,513.28125,2.0289063453674316,1.0545886754989624,2716.0,513.28125,2.0289063453674316,1.0545886754989624,2716.0
2026-09-14T12:14:00.000+08:00,446.8208923339844,9.680320739746094,12.7783203125,25.693458557128906,0.1391015499830246,385.29998779296875,6.150000095367432,3.575000047683716,2137.300048828125,513.28125,2.0289063453674316,1.0528390407562256,2716.0,513.28125,2.0289063453674316,1.0528390407562256,2716.0,513.28125,2.0289063453674316,1.0528390407562256,2716.0
2026-09-14T12:15:00.000+08:00,454.0801696777344,9.737396240234375,12.701416015625,27.46950912475586,0.13010789453983307,385.70001220703125,6.13700008392334,3.572000026702881,2137.300048828125,513.28125,2.0289063453674316,1.054184913635254,2716.0,513.28125,2.0289063453674316,1.054184913635254,2716.0,513.28125,2.0289063453674316,1.054184913635254,2716.0
2026-09-14T12:16:00.000+08:00,445.2466125488281,9.7847900390625,12.784912109375,26.78131866455078,0.13378728926181793,385.70001220703125,6.151000022888184,3.5799999237060547,2137.39990234375,513.28125,2.0289063453674316,1.0549923181533813,2716.0,513.28125,2.0289063453674316,1.0549923181533813,2716.0,513.28125,2.0289063453674316,1.0549923181533813,2716.0
2026-09-14T12:17:00.000+08:00,449.99237060546875,9.870975494384766,12.798583984375,28.40131378173828,0.12559278309345245,385.6000061035156,6.15500020980835,3.5799999237060547,2137.39990234375,513.28125,2.0289063453674316,1.0537811517715454,2716.0,513.28125,2.0289063453674316,1.0537811517715454,2716.0,513.28125,2.0289063453674316,1.0537811517715454,2716.0
2026-09-14T12:18:00.000+08:00,463.7195739746094,9.883613586425781,12.847412109375,28.25098419189453,0.12640267610549927,385.3999938964844,6.142000198364258,3.575000047683716,2137.5,513.28125,2.0289063453674316,1.0492053031921387,2716.0,513.28125,2.0289063453674316,1.0492053031921387,2716.0,513.28125,2.0289063453674316,1.0492053031921387,2716.0
2026-09-14T12:19:00.000+08:00,446.0032043457031,9.893821716308594,12.9033203125,26.462587356567383,0.13528533279895782,385.6000061035156,6.1579999923706055,3.5820000171661377,2137.60009765625,513.28125,2.0289063453674316,1.0492053031921387,2716.0,513.28125,2.0289063453674316,1.0492053031921387,2716.0,513.28125,2.0289063453674316,1.0492053031921387,2716.0
2026-09-14T12:20:00.000+08:00,445.421875,9.895465850830078,12.84765625,25.63435173034668,0.1397733837366104,385.1000061035156,6.144000053405762,3.562000036239624,2137.60009765625,513.28125,2.0289063453674316,1.0498782396316528,2716.0,513.28125,2.0289063453674316,1.0498782396316528,2716.0,513.28125,2.0289063453674316,1.0498782396316528,2716.0
2026-09-14T12:21:00.000+08:00,436.1696472167969,9.947227478027344,12.875,25.51777458190918,0.1400984227657318,385.70001220703125,6.14300012588501,3.5739998817443848,2137.699951171875,513.28125,2.0289063453674316,1.0466482639312744,2716.0,513.28125,2.0289063453674316,1.0466482639312744,2716.0,513.28125,2.0289063453674316,1.0466482639312744,2716.0
2026-09-14T12:22:00.000+08:00,444.9640197753906,9.951168060302734,12.9169921875,26.56049919128418,0.13459837436676025,385.79998779296875,6.138000011444092,3.5759999752044678,2137.699951171875,513.28125,2.0289063453674316,1.0574148893356323,2716.0,513.28125,2.0289063453674316,1.0574148893356323,2716.0,513.28125,2.0289063453674316,1.0574148893356323,2716.0
2026-09-14T12:23:00.000+08:00,451.1307067871094,9.978431701660156,12.923583984375,26.370525360107422,0.13515087962150574,385.8999938964844,6.131999969482422,3.571000099182129,2137.800048828125,513.28125,2.0289063453674316,1.0566073656082153,2716.0,513.28125,2.0289063453674316,1.0566073656082153,2716.0,513.28125,2.0289063453674316,1.0566073656082153,2716.0
2026-09-14T12:24:00.000+08:00,454.2601318359375,9.89010238647461,13.0556640625,26.309032440185547,0.13569484651088715,385.79998779296875,6.125,3.5739998817443848,2137.89990234375,513.28125,2.0289063453674316,1.061586856842041,2716.0,513.28125,2.0289063453674316,1.061586856842041,2716.0,513.28125,2.0289063453674316,1.061586856842041,2716.0
2026-09-14T12:25:00.000+08:00,440.96337890625,9.99344253540039,12.916748046875,25.61292839050293,0.13946081697940826,386.5,6.160999774932861,3.5929999351501465,2137.89990234375,513.28125,2.0289063453674316,1.059702754020691,2716.0,513.28125,2.0289063453674316,1.059702754020691,2716.0,513.28125,2.0289063453674316,1.059702754020691,2716.0
2026-09-14T12:26:00.000+08:00,448.1244812011719,9.95376205444336,13.041748046875,26.794633865356445,0.13357152044773102,386.5,6.15500020980835,3.5840001106262207,2138.0,513.28125,2.0289063453674316,1.0572803020477295,2716.0,513.28125,2.0289063453674316,1.0572803020477295,2716.0,513.28125,2.0289063453674316,1.0572803020477295,2716.0
2026-09-14T12:27:00.000+08:00,451.02349853515625,9.960914611816406,13.034912109375,27.71230125427246,0.1287514865398407,386.6000061035156,6.169000148773193,3.5920000076293945,2138.0,513.28125,2.0289063453674316,1.0564727783203125,2716.0,513.28125,2.0289063453674316,1.0564727783203125,2716.0,513.28125,2.0289063453674316,1.0564727783203125,2716.0
2026-09-14T12:28:00.000+08:00,448.35015869140625,9.975593566894531,12.9794921875,26.923608779907227,0.13352593779563904,386.29998779296875,6.138999938964844,3.5840001106262207,2138.10009765625,513.28125,2.0289063453674316,1.0555306673049927,2716.0,513.28125,2.0289063453674316,1.0555306673049927,2716.0,513.28125,2.0289063453674316,1.0555306673049927,2716.0
2026-09-14T12:29:00.000+08:00,457.595947265625,9.982784271240234,12.888916015625,26.86332893371582,0.13386277854442596,386.20001220703125,6.178999900817871,3.5889999866485596,2138.199951171875,513.28125,2.0289063453674316,1.060510277748108,2716.0,513.28125,2.0289063453674316,1.060510277748108,2716.0,513.28125,2.0289063453674316,1.060510277748108,2716.0
2026-09-14T12:30:00.000+08:00,449.817626953125,9.900527954101562,12.91015625,27.47162437438965,0.1308623105287552,386.0,6.164999961853027,3.5820000171661377,2138.199951171875,513.28125,2.0289063453674316,1.0559344291687012,2716.0,513.28125,2.0289063453674316,1.0559344291687012,2716.0,513.28125,2.0289063453674316,1.0559344291687012,2716.0
2026-09-14T12:31:00.000+08:00,438.86016845703125,9.970043182373047,12.944580078125,26.549278259277344,0.1352202445268631,385.6000061035156,6.184000015258789,3.569999933242798,2138.300048828125,513.28125,2.067187547683716,1.0672394037246704,2716.0,513.28125,2.067187547683716,1.0672394037246704,2716.0,513.28125,2.067187547683716,1.0672394037246704,2716.0
2026-09-14T12:32:00.000+08:00,456.83795166015625,9.994544982910156,12.944580078125,26.15107536315918,0.13716453313827515,385.3999938964844,6.111999988555908,3.565999984741211,2138.300048828125,513.28125,2.0289063453674316,1.0520315170288086,2716.0,513.28125,2.0289063453674316,1.0520315170288086,2716.0,513.28125,2.0289063453674316,1.0520315170288086,2716.0
2026-09-14T12:33:00.000+08:00,446.2721862792969,9.997306823730469,12.9658203125,25.798368453979492,0.1388847529888153,386.1000061035156,6.169000148773193,3.5739998817443848,2138.39990234375,513.28125,2.0289063453674316,1.0551269054412842,2716.0,513.28125,2.0289063453674316,1.0551269054412842,2716.0,513.28125,2.0289063453674316,1.0551269054412842,2716.0
2026-09-14T12:34:00.000+08:00,448.79852294921875,9.896251678466797,12.84765625,26.575145721435547,0.13444893062114716,386.20001220703125,6.186999797821045,3.5829999446868896,2138.5,513.28125,2.0289063453674316,1.0543195009231567,2716.0,513.28125,2.0289063453674316,1.0543195009231567,2716.0,513.28125,2.0289063453674316,1.0543195009231567,2716.0
2026-09-14T12:35:00.000+08:00,444.3321533203125,9.98238754272461,12.9306640625,27.06016731262207,0.13174346089363098,386.29998779296875,6.203000068664551,3.6019999980926514,2138.5,513.28125,2.067187547683716,1.0665664672851562,2716.0,513.28125,2.067187547683716,1.0665664672851562,2716.0,513.28125,2.067187547683716,1.0665664672851562,2716.0
2026-09-14T12:36:00.000+08:00,446.40338134765625,9.878658294677734,13.034912109375,27.305238723754883,0.13118362426757812,385.8999938964844,6.164999961853027,3.5769999027252197,2138.60009765625,513.28125,2.0289063453674316,1.0559344291687012,2716.0,513.28125,2.0289063453674316,1.0559344291687012,2716.0,513.28125,2.0289063453674316,1.0559344291687012,2716.0
2026-09-14T12:37:00.000+08:00,447.744140625,9.916244506835938,12.979248046875,26.331811904907227,0.13607116043567657,385.79998779296875,6.139999866485596,3.572000026702881,2138.60009765625,513.28125,2.0289063453674316,1.051762342453003,2716.0,513.28125,2.0289063453674316,1.051762342453003,2716.0,513.28125,2.0289063453674316,1.051762342453003,2716.0
2026-09-14T12:38:00.000+08:00,461.112060546875,9.901256561279297,12.9375,27.782766342163086,0.1291448026895523,386.0,6.166999816894531,3.5850000381469727,2138.699951171875,513.28125,2.0289063453674316,1.050551176071167,2716.0,513.28125,2.0289063453674316,1.050551176071167,2716.0,513.28125,2.0289063453674316,1.050551176071167,2716.0
2026-09-14T12:39:00.000+08:00,452.9077453613281,9.905113220214844,13.007080078125,26.719226837158203,0.13394849002361298,386.20001220703125,6.139999866485596,3.5810000896453857,2138.800048828125,513.28125,2.0289063453674316,1.053377389907837,2716.0,513.28125,2.0289063453674316,1.053377389907837,2716.0,513.28125,2.0289063453674316,1.053377389907837,2716.0
2026-09-14T12:40:00.000+08:00,454.9195556640625,9.866409301757812,12.944580078125,26.982046127319336,0.13268081843852997,386.20001220703125,6.168000221252441,3.5869998931884766,2138.800048828125,513.28125,2.0289063453674316,1.0539157390594482,2716.0,513.28125,2.0289063453674316,1.0539157390594482,2716.0,513.28125,2.0289063453674316,1.0539157390594482,2716.0
2026-09-14T12:41:00.000+08:00,448.8941345214844,9.881401062011719,13.048583984375,27.574161529541016,0.12950529158115387,385.79998779296875,6.146999835968018,3.5759999752044678,2138.89990234375,513.28125,2.0289063453674316,1.054184913635254,2716.0,513.28125,2.0289063453674316,1.054184913635254,2716.0,513.28125,2.0289063453674316,1.054184913635254,2716.0
2026-09-14T12:42:00.000+08:00,459.6232604980469,9.915756225585938,13.0556640625,28.62510871887207,0.12627695500850677,385.79998779296875,6.1539998054504395,3.5759999752044678,2138.89990234375,513.28125,2.0289063453674316,1.053377389907837,2716.0,513.28125,2.0289063453674316,1.053377389907837,2716.0,513.28125,2.0289063453674316,1.053377389907837,2716.0
2026-09-14T12:43:00.000+08:00,470.4478759765625,9.85043716430664,13.03515625,28.668270111083984,0.1246325671672821,385.70001220703125,6.1620001792907715,3.5799999237060547,2139.0,513.28125,2.0289063453674316,1.0553960800170898,2716.0,513.28125,2.0289063453674316,1.0553960800170898,2716.0,513.28125,2.0289063453674316,1.0553960800170898,2716.0
2026-09-14T12:44:00.000+08:00,455.2662048339844,9.838268280029297,13.007080078125,28.101587295532227,0.12771521508693695,386.0,6.159999847412109,3.578000068664551,2139.10009765625,513.28125,2.0289063453674316,1.051358699798584,2716.0,513.28125,2.0289063453674316,1.051358699798584,2716.0,513.28125,2.0289063453674316,1.051358699798584,2716.0
2026-09-14T12:45:00.000+08:00,454.3218078613281,nan,nan,28.90179443359375,0.12410993874073029,nan,nan,nan,nan,nan,nan,nan,nan,nan,nan,nan,nan,nan,nan,nan,nan
2026-09-14T12:46:00.000+08:00,449.40948486328125,9.833812713623047,12.9619140625,27.657249450683594,0.12918855249881744,385.9499969482422,6.163000106811523,3.583500027656555,2139.1500244140625,513.28125,2.0289063453674316,1.054655909538269,2716.0,513.28125,2.0289063453674316,1.054655909538269,2716.0,513.28125,2.0289063453674316,1.054655909538269,2716.0
2026-09-14T12:47:00.000+08:00,455.2338562011719,9.88385009765625,12.9658203125,28.926563262939453,0.12410737574100494,385.6000061035156,6.169000148773193,3.5820000171661377,2139.199951171875,513.28125,2.0289063453674316,1.054184913635254,2716.0,513.28125,2.0289063453674316,1.054184913635254,2716.0,513.28125,2.0289063453674316,1.054184913635254,2716.0
2026-09-14T12:48:00.000+08:00,447.030517578125,9.882278442382812,12.951416015625,26.6529598236084,0.1344316005706787,385.79998779296875,6.1529998779296875,3.575000047683716,2139.300048828125,513.28125,2.0289063453674316,1.0553960800170898,2716.0,513.28125,2.0289063453674316,1.0553960800170898,2716.0,513.28125,2.0289063453674316,1.0553960800170898,2716.0
2026-09-14T12:49:00.000+08:00,443.3686828613281,9.953014373779297,13.02099609375,26.944005966186523,0.13257122039794922,386.20001220703125,6.163000106811523,3.5899999141693115,2139.39990234375,513.28125,2.0289063453674316,1.0555306673049927,2716.0,513.28125,2.0289063453674316,1.0555306673049927,2716.0,513.28125,2.0289063453674316,1.0555306673049927,2716.0
2026-09-14T12:50:00.000+08:00,438.1683044433594,9.949176788330078,13.236328125,26.048362731933594,0.13747505843639374,386.29998779296875,6.173999786376953,3.5910000801086426,2139.39990234375,513.28125,2.0289063453674316,1.0609140396118164,2716.0,513.28125,2.0289063453674316,1.0609140396118164,2716.0,513.28125,2.0289063453674316,1.0609140396118164,2716.0
2026-09-14T12:51:00.000+08:00,451.33270263671875,9.900650024414062,13.159912109375,26.724895477294922,0.13380782306194305,386.5,6.177999973297119,3.5999999046325684,2139.5,513.28125,2.0289063453674316,1.0626635551452637,2716.0,513.28125,2.0289063453674316,1.0626635551452637,2716.0,513.28125,2.0289063453674316,1.0626635551452637,2716.0
2026-09-14T12:52:00.000+08:00,446.9175109863281,9.882518768310547,13.104248046875,27.373151779174805,0.13133306801319122,386.29998779296875,6.150000095367432,3.5950000286102295,2139.5,513.28125,2.067187547683716,1.0641440153121948,2716.0,513.28125,2.067187547683716,1.0641440153121948,2716.0,513.28125,2.067187547683716,1.0641440153121948,2716.0
2026-09-14T12:53:00.000+08:00,450.566162109375,9.933162689208984,13.0,29.410781860351562,0.12226808071136475,385.70001220703125,6.150000095367432,3.5789999961853027,2139.60009765625,513.28125,2.0289063453674316,1.0537811517715454,2716.0,513.28125,2.0289063453674316,1.0537811517715454,2716.0,513.28125,2.0289063453674316,1.0537811517715454,2716.0
2026-09-14T12:54:00.000+08:00,453.3900451660156,9.939746856689453,13.145751953125,29.123811721801758,0.12350718677043915,385.70001220703125,6.139999866485596,3.5769999027252197,2139.699951171875,513.28125,2.0289063453674316,1.051762342453003,2716.0,513.28125,2.0289063453674316,1.051762342453003,2716.0,513.28125,2.0289063453674316,1.051762342453003,2716.0
2026-09-14T12:55:00.000+08:00,447.55035400390625,9.893569946289062,13.111328125,28.55175018310547,0.12563152611255646,385.1000061035156,6.13100004196167,3.558000087738037,2139.699951171875,513.28125,2.0289063453674316,1.046244502067566,2716.0,513.28125,2.0289063453674316,1.046244502067566,2716.0,513.28125,2.0289063453674316,1.046244502067566,2716.0
2026-09-14T12:56:00.000+08:00,462.0071105957031,9.926105499267578,12.979248046875,28.65390968322754,0.12472992390394211,385.5,6.129000186920166,3.569999933242798,2139.800048828125,513.28125,2.0289063453674316,1.0512241125106812,2716.0,513.28125,2.0289063453674316,1.0512241125106812,2716.0,513.28125,2.0289063453674316,1.0512241125106812,2716.0
2026-09-14T12:57:00.000+08:00,454.6662902832031,9.895782470703125,12.91015625,28.64926528930664,0.12450581043958664,385.3999938964844,6.144999980926514,3.5769999027252197,2139.800048828125,513.28125,2.0289063453674316,1.0492053031921387,2716.0,513.28125,2.0289063453674316,1.0492053031921387,2716.0,513.28125,2.0289063453674316,1.0492053031921387,2716.0
2026-09-14T12:58:00.000+08:00,452.21649169921875,9.838027954101562,12.923583984375,28.720252990722656,0.12412843108177185,385.1000061035156,6.142000198364258,3.578000068664551,2139.89990234375,513.28125,2.0289063453674316,1.0512241125106812,2716.0,513.28125,2.0289063453674316,1.0512241125106812,2716.0,513.28125,2.0289063453674316,1.0512241125106812,2716.0
2026-09-14T12:59:00.000+08:00,459.14520263671875,9.920696258544922,12.9306640625,27.837949752807617,0.12860141694545746,384.6000061035156,6.11299991607666,3.5510001182556152,2139.89990234375,509.765625,2.0289063453674316,1.0485323667526245,2717.0,509.765625,2.0289063453674316,1.0485323667526245,2717.0,509.765625,2.0289063453674316,1.0485323667526245,2717.0
2026-09-14T13:00:00.000+08:00,454.4037170410156,9.918502807617188,13.048583984375,27.200971603393555,0.13146589696407318,385.3999938964844,6.119999885559082,3.565000057220459,2140.0,513.28125,2.067187547683716,1.0724880695343018,2717.0,513.28125,2.067187547683716,1.0724880695343018,2717.0,513.28125,2.067187547683716,1.0724880695343018,2717.0
2026-09-14T13:01:00.000+08:00,472.00634765625,9.930335998535156,13.0,28.88633918762207,0.12414172291755676,385.5,6.129000186920166,3.569999933242798,2140.10009765625,513.28125,2.0289063453674316,1.0504165887832642,2717.0,513.28125,2.0289063453674316,1.0504165887832642,2717.0,513.28125,2.0289063453674316,1.0504165887832642,2717.0
2026-09-14T13:02:00.000+08:00,455.58355712890625,9.871894836425781,12.986328125,26.933671951293945,0.131879523396492,385.3999938964844,6.144999980926514,3.5769999027252197,2140.10009765625,513.28125,2.0289063453674316,1.0466482639312744,2717.0,513.28125,2.0289063453674316,1.0466482639312744,2717.0,513.28125,2.0289063453674316,1.0466482639312744,2717.0
2026-09-14T13:03:00.000+08:00,468.2807922363281,9.847354888916016,13.041748046875,28.00951385498047,0.1272781789302826,384.70001220703125,6.122000217437744,3.5510001182556152,2140.199951171875,509.765625,2.0289063453674316,1.0444949865341187,2717.0,509.765625,2.0289063453674316,1.0444949865341187,2717.0,509.765625,2.0289063453674316,1.0444949865341187,2717.0
2026-09-14T13:04:00.000+08:00,462.3526916503906,9.91656494140625,13.007080078125,29.118061065673828,0.12260431796312332,384.5,6.113999843597412,3.549999952316284,2140.199951171875,509.765625,2.0289063453674316,1.0451678037643433,2717.0,509.765625,2.0289063453674316,1.0451678037643433,2717.0,509.765625,2.0289063453674316,1.0451678037643433,2717.0
2026-09-14T13:05:00.000+08:00,461.6583557128906,9.89760971069336,13.048828125,29.176504135131836,0.12208454310894012,384.20001220703125,6.099999904632568,3.5380001068115234,2140.300048828125,509.765625,1.990625023841858,1.0387078523635864,2717.0,509.765625,1.990625023841858,1.0387078523635864,2717.0,509.765625,1.990625023841858,1.0387078523635864,2717.0
2026-09-14T13:06:00.000+08:00,462.7142028808594,9.915931701660156,12.909912109375,29.430004119873047,0.1206931471824646,383.6000061035156,6.10699987411499,3.5299999713897705,2140.39990234375,509.765625,2.0289063453674316,1.042610764503479,2717.0,509.765625,2.0289063453674316,1.042610764503479,2717.0,509.765625,2.0289063453674316,1.042610764503479,2717.0
2026-09-14T13:07:00.000+08:00,458.6483154296875,9.888202667236328,12.972412109375,29.221044540405273,0.12141934037208557,384.20001220703125,6.093999862670898,3.5420000553131104,2140.39990234375,509.765625,2.0289063453674316,1.039919137954712,2717.0,509.765625,2.0289063453674316,1.039919137954712,2717.0,509.765625,2.0289063453674316,1.039919137954712,2717.0
2026-09-14T13:08:00.000+08:00,447.54937744140625,9.817802429199219,12.979248046875,27.408634185791016,0.12908340990543365,384.8999938964844,6.118000030517578,3.559000015258789,2140.5,509.765625,2.0289063453674316,1.0440912246704102,2717.0,509.765625,2.0289063453674316,1.0440912246704102,2717.0,509.765625,2.0289063453674316,1.0440912246704102,2717.0
2026-09-14T13:09:00.000+08:00,446.98162841796875,9.927204132080078,13.03515625,26.73299789428711,0.13197173178195953,385.0,6.125999927520752,3.556999921798706,2140.5,509.765625,2.0289063453674316,1.0490707159042358,2717.0,509.765625,2.0289063453674316,1.0490707159042358,2717.0,509.765625,2.0289063453674316,1.0490707159042358,2717.0
2026-09-14T13:10:00.000+08:00,450.2254333496094,9.955657958984375,13.09765625,28.25528335571289,0.12539248168468475,384.79998779296875,6.122000217437744,3.559999942779541,2140.60009765625,509.765625,2.0289063453674316,1.0465136766433716,2717.0,509.765625,2.0289063453674316,1.0465136766433716,2717.0,509.765625,2.0289063453674316,1.0465136766433716,2717.0
2026-09-14T13:11:00.000+08:00,458.8893737792969,9.98299789428711,13.034912109375,28.071855545043945,0.1265680491924286,384.0,6.113999843597412,3.5420000553131104,2140.699951171875,509.765625,2.067187547683716,1.0586260557174683,2717.0,509.765625,2.067187547683716,1.0586260557174683,2717.0,509.765625,2.067187547683716,1.0586260557174683,2717.0
2026-09-14T13:12:00.000+08:00,450.5748596191406,9.938003540039062,13.0,27.71832847595215,0.12839879095554352,384.20001220703125,6.123000144958496,3.5480000972747803,2140.699951171875,509.765625,2.0289063453674316,1.0419378280639648,2717.0,509.765625,2.0289063453674316,1.0419378280639648,2717.0,509.765625,2.0289063453674316,1.0419378280639648,2717.0
2026-09-14T13:13:00.000+08:00,446.98516845703125,9.995407104492188,12.875,26.777414321899414,0.1331719309091568,383.8999938964844,6.10699987411499,3.5329999923706055,2140.800048828125,509.765625,2.0289063453674316,1.0401883125305176,2717.0,509.765625,2.0289063453674316,1.0401883125305176,2717.0,509.765625,2.0289063453674316,1.0401883125305176,2717.0
2026-09-14T13:14:00.000+08:00,458.46356201171875,9.963756561279297,12.951416015625,28.60909652709961,0.1240864023566246,384.8999938964844,6.114999771118164,3.559999942779541,2140.800048828125,509.765625,2.0289063453674316,1.0494744777679443,2717.0,509.765625,2.0289063453674316,1.0494744777679443,2717.0,509.765625,2.0289063453674316,1.0494744777679443,2717.0
2026-09-14T13:15:00.000+08:00,452.4958190917969,9.935768127441406,12.861083984375,27.53333282470703,0.12838983535766602,384.6000061035156,6.125999927520752,3.558000087738037,2140.89990234375,509.765625,2.0289063453674316,1.0436874628067017,2717.0,509.765625,2.0289063453674316,1.0436874628067017,2717.0,509.765625,2.0289063453674316,1.0436874628067017,2717.0
2026-09-14T13:16:00.000+08:00,445.74267578125,9.88165283203125,12.861328125,26.582990646362305,0.13297978043556213,385.1000061035156,6.1579999923706055,3.5759999752044678,2141.0,513.28125,2.0289063453674316,1.0512241125106812,2717.0,513.28125,2.0289063453674316,1.0512241125106812,2717.0,513.28125,2.0289063453674316,1.0512241125106812,2717.0
2026-09-14T13:17:00.000+08:00,452.7987060546875,9.910404205322266,12.923583984375,26.943544387817383,0.1319054365158081,383.8999938964844,6.113999843597412,3.5369999408721924,2141.0,509.765625,2.0289063453674316,1.0455715656280518,2717.0,509.765625,2.0289063453674316,1.0455715656280518,2717.0,509.765625,2.0289063453674316,1.0455715656280518,2717.0
2026-09-14T13:18:00.000+08:00,455.0825500488281,9.891529083251953,12.8681640625,26.900815963745117,0.13244950771331787,383.5,6.114999771118164,3.5320000648498535,2141.10009765625,509.765625,2.0289063453674316,1.0412650108337402,2717.0,509.765625,2.0289063453674316,1.0412650108337402,2717.0,509.765625,2.0289063453674316,1.0412650108337402,2717.0
2026-09-14T13:19:00.000+08:00,456.5720520019531,9.885494232177734,12.923828125,26.274843215942383,0.13552887737751007,384.3999938964844,6.10699987411499,3.5480000972747803,2141.10009765625,509.765625,2.0289063453674316,1.0439566373825073,2717.0,509.765625,2.0289063453674316,1.0439566373825073,2717.0,509.765625,2.0289063453674316,1.0439566373825073,2717.0
2026-09-14T13:20:00.000+08:00,456.39019775390625,9.828540802001953,12.909912109375,27.090517044067383,0.1305253803730011,384.29998779296875,6.114999771118164,3.552999973297119,2141.199951171875,509.765625,2.0289063453674316,1.0451678037643433,2717.0,509.765625,2.0289063453674316,1.0451678037643433,2717.0,509.765625,2.0289063453674316,1.0451678037643433,2717.0
2026-09-14T13:21:00.000+08:00,455.9556579589844,9.632640838623047,12.701416015625,26.483186721801758,0.1330277919769287,384.0,6.120999813079834,3.5460000038146973,2141.199951171875,509.765625,2.0289063453674316,1.0455715656280518,2717.0,509.765625,2.0289063453674316,1.0455715656280518,2717.0,509.765625,2.0289063453674316,1.0455715656280518,2717.0
2026-09-14T13:22:00.000+08:00,457.2236328125,9.600151062011719,12.72265625,26.16533088684082,0.1344527155160904,383.79998779296875,6.0960001945495605,3.5329999923706055,2141.300048828125,509.765625,2.0289063453674316,1.039784550666809,2717.0,509.765625,2.0289063453674316,1.039784550666809,2717.0,509.765625,2.0289063453674316,1.039784550666809,2717.0
2026-09-14T13:23:00.000+08:00,455.11724853515625,9.574508666992188,12.694580078125,27.13882827758789,0.13080888986587524,383.5,6.086999893188477,3.5250000953674316,2141.39990234375,509.765625,2.0289063453674316,1.0527044534683228,2717.0,509.765625,2.0289063453674316,1.0527044534683228,2717.0,509.765625,2.0289063453674316,1.0527044534683228,2717.0
2026-09-14T13:24:00.000+08:00,437.6001892089844,9.61459732055664,12.604248046875,26.806880950927734,0.13268980383872986,383.6000061035156,6.073999881744385,3.5269999504089355,2141.39990234375,509.765625,2.0289063453674316,1.043418288230896,2717.0,509.765625,2.0289063453674316,1.043418288230896,2717.0,509.765625,2.0289063453674316,1.043418288230896,2717.0
2026-09-14T13:25:00.000+08:00,447.03533935546875,9.560386657714844,12.597412109375,26.650066375732422,0.13260754942893982,383.6000061035156,6.0920000076293945,3.5309998989105225,2141.5,509.765625,2.0289063453674316,1.0356124639511108,2717.0,509.765625,2.0289063453674316,1.0356124639511108,2717.0,509.765625,2.0289063453674316,1.0356124639511108,2717.0
2026-09-14T13:26:00.000+08:00,448.0702819824219,9.579429626464844,12.5908203125,27.531627655029297,0.1281072050333023,383.79998779296875,6.093999862670898,3.5369999408721924,2141.5,509.765625,2.0289063453674316,1.053242802619934,2717.0,509.765625,2.0289063453674316,1.053242802619934,2717.0,509.765625,2.0289063453674316,1.053242802619934,2717.0
2026-09-14T13:27:00.000+08:00,457.5658874511719,9.678932189941406,12.6533203125,27.08740234375,0.13065114617347717,384.29998779296875,6.111000061035156,3.549999952316284,2141.60009765625,509.765625,2.0289063453674316,1.0447640419006348,2717.0,509.765625,2.0289063453674316,1.0447640419006348,2717.0,509.765625,2.0289063453674316,1.0447640419006348,2717.0
2026-09-14T13:28:00.000+08:00,454.2912902832031,9.598255157470703,12.673583984375,27.971403121948242,0.12602156400680542,384.0,6.111000061035156,3.5439999103546143,2141.699951171875,509.765625,2.0289063453674316,1.0516277551651,2717.0,509.765625,2.0289063453674316,1.0516277551651,2717.0,509.765625,2.0289063453674316,1.0516277551651,2717.0
2026-09-14T13:29:00.000+08:00,457.935546875,9.61514663696289,12.548583984375,27.622051239013672,0.1284118890762329,383.6000061035156,6.089000225067139,3.5320000648498535,2141.699951171875,509.765625,1.990625023841858,1.0368237495422363,2717.0,509.765625,1.990625023841858,1.0368237495422363,2717.0,509.765625,1.990625023841858,1.0368237495422363,2717.0
2026-09-14T13:30:00.000+08:00,453.1943664550781,9.605915069580078,12.611328125,27.231725692749023,0.12988527119159698,384.29998779296875,6.1020002365112305,3.5460000038146973,2141.800048828125,509.765625,2.0289063453674316,1.0423415899276733,2717.0,509.765625,2.0289063453674316,1.0423415899276733,2717.0,509.765625,2.0289063453674316,1.0423415899276733,2717.0
2026-09-14T13:31:00.000+08:00,450.3829040527344,9.62662124633789,12.798828125,28.034420013427734,0.12645170092582703,384.20001220703125,6.09499979019165,3.5329999923706055,2141.800048828125,509.765625,2.0289063453674316,1.0447640419006348,2717.0,509.765625,2.0289063453674316,1.0447640419006348,2717.0,509.765625,2.0289063453674316,1.0447640419006348,2717.0
2026-09-14T13:32:00.000+08:00,445.30609130859375,9.682792663574219,12.722412109375,25.028793334960938,0.14111746847629547,384.3999938964844,6.0970001220703125,3.5420000553131104,2141.89990234375,509.765625,2.0289063453674316,1.0427453517913818,2717.0,509.765625,2.0289063453674316,1.0427453517913818,2717.0,509.765625,2.0289063453674316,1.0427453517913818,2717.0
2026-09-14T13:33:00.000+08:00,440.9089050292969,9.658710479736328,12.7431640625,25.865188598632812,0.1367088407278061,383.79998779296875,6.081999778747559,3.5269999504089355,2142.0,509.765625,2.0289063453674316,1.0413994789123535,2717.0,509.765625,2.0289063453674316,1.0413994789123535,2717.0,509.765625,2.0289063453674316,1.0413994789123535,2717.0
2026-09-14T13:34:00.000+08:00,449.2192077636719,9.671432495117188,12.673828125,28.080951690673828,0.12613531947135925,383.6000061035156,6.093999862670898,3.5339999198913574,2142.0,509.765625,2.0289063453674316,1.0385732650756836,2717.0,509.765625,2.0289063453674316,1.0385732650756836,2717.0,509.765625,2.0289063453674316,1.0385732650756836,2717.0
2026-09-14T13:35:00.000+08:00,453.518798828125,9.653186798095703,12.701416015625,27.534854888916016,0.1288548707962036,384.6000061035156,6.09499979019165,3.5460000038146973,2142.10009765625,509.765625,2.0289063453674316,1.0473212003707886,2717.0,509.765625,2.0289063453674316,1.0473212003707886,2717.0,509.765625,2.0289063453674316,1.0473212003707886,2717.0
2026-09-14T13:36:00.000+08:00,455.1109924316406,9.692955017089844,12.8681640625,27.395185470581055,0.12947531044483185,383.8999938964844,6.099999904632568,3.5329999923706055,2142.10009765625,509.765625,2.0289063453674316,1.0544540882110596,2717.0,509.765625,2.0289063453674316,1.0544540882110596,2717.0,509.765625,2.0289063453674316,1.0544540882110596,2717.0
2026-09-14T13:37:00.000+08:00,451.7501220703125,9.656055450439453,12.923828125,27.15906524658203,0.13015912473201752,384.1000061035156,6.111999988555908,3.5439999103546143,2142.199951171875,509.765625,2.0289063453674316,1.0431491136550903,2717.0,509.765625,2.0289063453674316,1.0431491136550903,2717.0,509.765625,2.0289063453674316,1.0431491136550903,2717.0
2026-09-14T13:38:00.000+08:00,463.7706604003906,9.737602233886719,12.819580078125,28.43501091003418,0.12481091916561127,384.20001220703125,6.098999977111816,3.5339999198913574,2142.300048828125,509.765625,2.0289063453674316,1.0431491136550903,2717.0,509.765625,2.0289063453674316,1.0431491136550903,2717.0,509.765625,2.0289063453674316,1.0431491136550903,2717.0
2026-09-14T13:39:00.000+08:00,444.85394287109375,9.643390655517578,12.9169921875,26.96214485168457,0.13140645623207092,383.79998779296875,6.105999946594238,3.5369999408721924,2142.300048828125,509.765625,2.0289063453674316,1.0413994789123535,2717.0,509.765625,2.0289063453674316,1.0413994789123535,2717.0,509.765625,2.0289063453674316,1.0413994789123535,2717.0
2026-09-14T13:40:00.000+08:00,442.510986328125,9.712322235107422,12.861328125,27.938871383666992,0.1265978068113327,384.3999938964844,6.107999801635742,3.5480000972747803,2142.39990234375,509.765625,2.0289063453674316,1.0439566373825073,2717.0,509.765625,2.0289063453674316,1.0439566373825073,2717.0,509.765625,2.0289063453674316,1.0439566373825073,2717.0
2026-09-14T13:41:00.000+08:00,440.0893249511719,9.802162170410156,12.8056640625,28.50209617614746,0.12406104803085327,384.79998779296875,6.129000186920166,3.562000036239624,2142.39990234375,509.765625,2.0289063453674316,1.0448986291885376,2717.0,509.765625,2.0289063453674316,1.0448986291885376,2717.0,509.765625,2.0289063453674316,1.0448986291885376,2717.0
2026-09-14T13:42:00.000+08:00,450.9355773925781,9.752696990966797,12.83349609375,29.26096534729004,0.12053600698709488,385.0,6.125999927520752,3.562999963760376,2142.5,513.28125,2.0289063453674316,1.0531082153320312,2717.0,513.28125,2.0289063453674316,1.0531082153320312,2717.0,513.28125,2.0289063453674316,1.0531082153320312,2717.0
2026-09-14T13:43:00.000+08:00,432.18914794921875,9.711437225341797,12.875,27.29117202758789,0.1294557899236679,384.0,6.126999855041504,3.5399999618530273,2142.5,509.765625,2.0289063453674316,1.0431491136550903,2717.0,509.765625,2.0289063453674316,1.0431491136550903,2717.0,509.765625,2.0289063453674316,1.0431491136550903,2717.0
2026-09-14T13:44:00.000+08:00,457.1417541503906,nan,nan,28.48619842529297,0.12448133528232574,nan,nan,nan,nan,nan,nan,nan,nan,nan,nan,nan,nan,nan,nan,nan,nan
2026-09-14T13:45:00.000+08:00,465.115478515625,9.78547477722168,12.84033203125,27.581750869750977,0.12892583012580872,384.25,6.106500148773193,3.544000029563904,2142.6500244140625,509.765625,2.0289063453674316,1.0499455332756042,2717.0,509.765625,2.0289063453674316,1.0499455332756042,2717.0,509.765625,2.0289063453674316,1.0499455332756042,2717.0
2026-09-14T13:46:00.000+08:00,445.4438781738281,9.739585876464844,12.84765625,27.589900970458984,0.12859778106212616,384.0,6.126999855041504,3.5329999923706055,2142.699951171875,509.765625,2.0289063453674316,1.0536465644836426,2717.0,509.765625,2.0289063453674316,1.0536465644836426,2717.0,509.765625,2.0289063453674316,1.0536465644836426,2717.0
2026-09-14T13:47:00.000+08:00,450.09783935546875,9.713027954101562,12.9306640625,27.76948356628418,0.12733402848243713,384.0,6.105000019073486,3.5329999923706055,2142.800048828125,509.765625,2.0289063453674316,1.0419378280639648,2717.0,509.765625,2.0289063453674316,1.0419378280639648,2717.0,509.765625,2.0289063453674316,1.0419378280639648,2717.0
2026-09-14T13:48:00.000+08:00,440.0837097167969,9.745109558105469,12.854248046875,26.496854782104492,0.13420461118221283,384.20001220703125,6.124000072479248,3.5450000762939453,2142.800048828125,509.765625,2.0289063453674316,1.0439566373825073,2717.0,509.765625,2.0289063453674316,1.0439566373825073,2717.0,509.765625,2.0289063453674316,1.0439566373825073,2717.0
2026-09-14T13:49:00.000+08:00,448.0012512207031,9.743053436279297,12.89599609375,27.633316040039062,0.128033846616745,384.1000061035156,6.111000061035156,3.5369999408721924,2142.89990234375,509.765625,2.0289063453674316,1.0369583368301392,2717.0,509.765625,2.0289063453674316,1.0369583368301392,2717.0,509.765625,2.0289063453674316,1.0369583368301392,2717.0
2026-09-14T13:50:00.000+08:00,452.8708190917969,9.740604400634766,12.95166015625,28.7879638671875,0.12269016355276108,384.0,6.105999946594238,3.5380001068115234,2143.0,509.765625,2.0289063453674316,1.038169503211975,2717.0,509.765625,2.0289063453674316,1.038169503211975,2717.0,509.765625,2.0289063453674316,1.038169503211975,2717.0
2026-09-14T13:51:00.000+08:00,446.0724182128906,9.692390441894531,12.944580078125,28.44480323791504,0.12413515895605087,385.20001220703125,6.118000030517578,3.559999942779541,2143.0,513.28125,2.0289063453674316,1.0498782396316528,2717.0,513.28125,2.0289063453674316,1.0498782396316528,2717.0,513.28125,2.0289063453674316,1.0498782396316528,2717.0
2026-09-14T13:52:00.000+08:00,451.1417236328125,9.677787780761719,12.923828125,29.458765029907227,0.12016796320676804,384.79998779296875,6.117000102996826,3.549999952316284,2143.10009765625,509.765625,2.0289063453674316,1.0465136766433716,2717.0,509.765625,2.0289063453674316,1.0465136766433716,2717.0,509.765625,2.0289063453674316,1.0465136766433716,2717.0
2026-09-14T13:53:00.000+08:00,455.5721435546875,9.728042602539062,12.909912109375,29.423181533813477,0.12017735093832016,384.8999938964844,6.104000091552734,3.552000045776367,2143.10009765625,509.765625,2.0289063453674316,1.0490707159042358,2717.0,509.765625,2.0289063453674316,1.0490707159042358,2717.0,509.765625,2.0289063453674316,1.0490707159042358,2717.0
2026-09-14T13:54:00.000+08:00,459.9825134277344,9.723297119140625,12.875,29.21295166015625,0.12179528921842575,384.8999938964844,6.122000217437744,3.556999921798706,2143.199951171875,509.765625,2.0289063453674316,1.0478595495224,2717.0,509.765625,2.0289063453674316,1.0478595495224,2717.0,509.765625,2.0289063453674316,1.0478595495224,2717.0
2026-09-14T13:55:00.000+08:00,447.1810302734375,9.661582946777344,12.888916015625,28.30104637145996,0.12550772726535797,384.70001220703125,6.140999794006348,3.5490000247955322,2143.300048828125,509.765625,2.0289063453674316,1.0535119771957397,2717.0,509.765625,2.0289063453674316,1.0535119771957397,2717.0,509.765625,2.0289063453674316,1.0535119771957397,2717.0
2026-09-14T13:56:00.000+08:00,451.8280029296875,9.703620910644531,12.84765625,28.55410385131836,0.12432538717985153,385.1000061035156,6.133999824523926,3.562999963760376,2143.300048828125,513.28125,2.0289063453674316,1.0458407402038574,2718.0,513.28125,2.0289063453674316,1.0458407402038574,2718.0,513.28125,2.0289063453674316,1.0458407402038574,2718.0
2026-09-14T13:57:00.000+08:00,448.7787170410156,9.852554321289062,12.951416015625,28.533817291259766,0.12476424127817154,384.1000061035156,6.129000186920166,3.5409998893737793,2143.39990234375,509.765625,2.0289063453674316,1.039919137954712,2718.0,509.765625,2.0289063453674316,1.039919137954712,2718.0,509.765625,2.0289063453674316,1.039919137954712,2718.0
2026-09-14T13:58:00.000+08:00,454.4637451171875,9.926380157470703,13.1181640625,29.290573120117188,0.12198924273252487,384.79998779296875,6.123000144958496,3.555999994277954,2143.39990234375,509.765625,2.0289063453674316,1.0432837009429932,2718.0,509.765625,2.0289063453674316,1.0432837009429932,2718.0,509.765625,2.0289063453674316,1.0432837009429932,2718.0
2026-09-14T13:59:00.000+08:00,454.8224792480469,9.93935775756836,13.173583984375,28.30718231201172,0.12579846382141113,385.29998779296875,6.126999855041504,3.563999891281128,2143.5,513.28125,2.0289063453674316,1.0492053031921387,2718.0,513.28125,2.0289063453674316,1.0492053031921387,2718.0,513.28125,2.0289063453674316,1.0492053031921387,2718.0
2026-09-14T14:00:00.000+08:00,451.1099853515625,9.959819793701172,13.125,28.410633087158203,0.12477722764015198,385.20001220703125,6.135000228881836,3.563999891281128,2143.60009765625,513.28125,2.0289063453674316,1.045436978340149,2718.0,513.28125,2.0289063453674316,1.045436978340149,2718.0,513.28125,2.0289063453674316,1.045436978340149,2718.0
2026-09-14T14:01:00.000+08:00,442.0421447753906,9.990703582763672,13.166748046875,28.423978805541992,0.12503527104854584,385.0,6.138000011444092,3.563999891281128,2143.60009765625,513.28125,2.0289063453674316,1.046244502067566,2718.0,513.28125,2.0289063453674316,1.046244502067566,2718.0,513.28125,2.0289063453674316,1.046244502067566,2718.0
2026-09-14T14:02:00.000+08:00,440.2947998046875,9.988372802734375,13.132080078125,27.834705352783203,0.12843678891658783,385.20001220703125,6.144000053405762,3.5739998817443848,2143.699951171875,513.28125,2.067187547683716,1.0614523887634277,2718.0,513.28125,2.067187547683716,1.0614523887634277,2718.0,513.28125,2.067187547683716,1.0614523887634277,2718.0
2026-09-14T14:03:00.000+08:00,452.19036865234375,9.956367492675781,13.1806640625,28.924392700195312,0.12342523038387299,385.1000061035156,6.136000156402588,3.572000026702881,2143.699951171875,513.28125,2.0289063453674316,1.0486669540405273,2718.0,513.28125,2.0289063453674316,1.0486669540405273,2718.0,513.28125,2.0289063453674316,1.0486669540405273,2718.0
2026-09-14T14:04:00.000+08:00,443.8095397949219,9.951801300048828,13.0,28.377933502197266,0.12559054791927338,385.29998779296875,6.1570000648498535,3.5769999027252197,2143.800048828125,513.28125,2.0289063453674316,1.0520315170288086,2718.0,513.28125,2.0289063453674316,1.0520315170288086,2718.0,513.28125,2.0289063453674316,1.0520315170288086,2718.0
2026-09-14T14:05:00.000+08:00,455.7904357910156,9.98299789428711,13.0419921875,29.802648544311523,0.12005645036697388,385.29998779296875,6.1519999504089355,3.571000099182129,2143.89990234375,513.28125,2.0289063453674316,1.0544540882110596,2718.0,513.28125,2.0289063453674316,1.0544540882110596,2718.0,513.28125,2.0289063453674316,1.0544540882110596,2718.0
2026-09-14T14:06:00.000+08:00,456.50054931640625,9.954036712646484,13.1533203125,29.10642433166504,0.12265333533287048,385.20001220703125,6.130000114440918,3.565000057220459,2143.89990234375,513.28125,2.0289063453674316,1.0536465644836426,2718.0,513.28125,2.0289063453674316,1.0536465644836426,2718.0,513.28125,2.0289063453674316,1.0536465644836426,2718.0
2026-09-14T14:07:00.000+08:00,446.2109680175781,9.96689224243164,13.1875,27.314170837402344,0.13066476583480835,385.1000061035156,6.123000144958496,3.563999891281128,2144.0,513.28125,2.0289063453674316,1.046244502067566,2718.0,513.28125,2.0289063453674316,1.046244502067566,2718.0,513.28125,2.0289063453674316,1.046244502067566,2718.0
2026-09-14T14:08:00.000+08:00,443.0790100097656,9.967521667480469,13.111328125,26.637794494628906,0.13234630227088928,385.1000061035156,6.139999866485596,3.569000005722046,2144.0,513.28125,2.0289063453674316,1.0572803020477295,2718.0,513.28125,2.0289063453674316,1.0572803020477295,2718.0,513.28125,2.0289063453674316,1.0572803020477295,2718.0
2026-09-14T14:09:00.000+08:00,435.8177490234375,9.948158264160156,13.1181640625,26.931928634643555,0.1323336362838745,385.20001220703125,6.123000144958496,3.568000078201294,2144.10009765625,513.28125,2.0289063453674316,1.0512241125106812,2718.0,513.28125,2.0289063453674316,1.0512241125106812,2718.0,513.28125,2.0289063453674316,1.0512241125106812,2718.0
2026-09-14T14:10:00.000+08:00,442.3203125,9.954055786132812,13.111328125,28.623920440673828,0.12458111345767975,385.20001220703125,6.150000095367432,3.5789999961853027,2144.10009765625,513.28125,2.0289063453674316,1.0478595495224,2718.0,513.28125,2.0289063453674316,1.0478595495224,2718.0,513.28125,2.0289063453674316,1.0478595495224,2718.0
2026-09-14T14:11:00.000+08:00,458.1583557128906,9.994861602783203,13.0,29.25790023803711,0.12174490094184875,385.0,6.136000156402588,3.569000005722046,2144.199951171875,513.28125,2.0289063453674316,1.0494744777679443,2718.0,513.28125,2.0289063453674316,1.0494744777679443,2718.0,513.28125,2.0289063453674316,1.0494744777679443,2718.0
2026-09-14T14:12:00.000+08:00,446.75225830078125,9.959915161132812,13.1669921875,27.476612091064453,0.12971031665802002,385.3999938964844,6.151000022888184,3.5799999237060547,2144.300048828125,513.28125,2.0289063453674316,1.0594335794448853,2718.0,513.28125,2.0289063453674316,1.0594335794448853,2718.0,513.28125,2.0289063453674316,1.0594335794448853,2718.0
2026-09-14T14:13:00.000+08:00,440.7882385253906,9.951900482177734,13.2294921875,26.378965377807617,0.1358279138803482,385.79998779296875,6.1570000648498535,3.5829999446868896,2144.300048828125,513.28125,2.0289063453674316,1.0529736280441284,2718.0,513.28125,2.0289063453674316,1.0529736280441284,2718.0,513.28125,2.0289063453674316,1.0529736280441284,2718.0
2026-09-14T14:14:00.000+08:00,445.26348876953125,9.9517822265625,13.3056640625,26.894424438476562,0.13259254395961761,385.3999938964844,6.129000186920166,3.563999891281128,2144.39990234375,513.28125,2.0289063453674316,1.0496090650558472,2718.0,513.28125,2.0289063453674316,1.0496090650558472,2718.0,513.28125,2.0289063453674316,1.0496090650558472,2718.0
2026-09-14T14:15:00.000+08:00,456.6703186035156,9.926582336425781,13.2294921875,28.60323715209961,0.12484600394964218,385.5,6.138000011444092,3.575000047683716,2144.39990234375,513.28125,2.0289063453674316,1.053242802619934,2718.0,513.28125,2.0289063453674316,1.053242802619934,2718.0,513.28125,2.0289063453674316,1.053242802619934,2718.0
2026-09-14T14:16:00.000+08:00,441.9454345703125,9.982906341552734,13.1044921875,27.873794555664062,0.12832842767238617,385.5,6.129000186920166,3.566999912261963,2144.5,513.28125,2.0289063453674316,1.0508203506469727,2718.0,513.28125,2.0289063453674316,1.0508203506469727,2718.0,513.28125,2.0289063453674316,1.0508203506469727,2718.0
2026-09-14T14:17:00.000+08:00,441.9687805175781,9.945819854736328,13.0625,28.64676856994629,0.12462139129638672,385.3999938964844,6.1529998779296875,3.575000047683716,2144.60009765625,513.28125,2.0289063453674316,1.0516277551651,2718.0,513.28125,2.0289063453674316,1.0516277551651,2718.0,513.28125,2.0289063453674316,1.0516277551651,2718.0
2026-09-14T14:18:00.000+08:00,440.6346130371094,9.89760971069336,13.0556640625,29.04724884033203,0.12286877632141113,385.1000061035156,6.192999839782715,3.568000078201294,2144.60009765625,513.28125,2.0289063453674316,1.057684063911438,2718.0,513.28125,2.0289063453674316,1.057684063911438,2718.0,513.28125,2.0289063453674316,1.057684063911438,2718.0
2026-09-14T14:19:00.000+08:00,449.67779541015625,9.975101470947266,13.0419921875,28.890626907348633,0.12363871186971664,384.8999938964844,6.165999889373779,3.565000057220459,2144.699951171875,513.28125,2.0289063453674316,1.0516277551651,2718.0,513.28125,2.0289063453674316,1.0516277551651,2718.0,513.28125,2.0289063453674316,1.0516277551651,2718.0
2026-09-14T14:20:00.000+08:00,450.21209716796875,9.890827178955078,13.069580078125,27.83640480041504,0.1282852441072464,385.29998779296875,6.188000202178955,3.563999891281128,2144.699951171875,513.28125,2.0289063453674316,1.059702754020691,2718.0,513.28125,2.0289063453674316,1.059702754020691,2718.0,513.28125,2.0289063453674316,1.059702754020691,2718.0
2026-09-14T14:21:00.000+08:00,450.2815856933594,9.931652069091797,12.9658203125,27.34744644165039,0.13039608299732208,385.5,6.182000160217285,3.5739998817443848,2144.800048828125,513.28125,2.0289063453674316,1.0508203506469727,2718.0,513.28125,2.0289063453674316,1.0508203506469727,2718.0,513.28125,2.0289063453674316,1.0508203506469727,2718.0
2026-09-14T14:22:00.000+08:00,447.9429931640625,9.917034149169922,13.007080078125,27.268339157104492,0.1310310810804367,385.29998779296875,6.177999973297119,3.566999912261963,2144.89990234375,513.28125,2.0289063453674316,1.0528390407562256,2718.0,513.28125,2.0289063453674316,1.0528390407562256,2718.0,513.28125,2.0289063453674316,1.0528390407562256,2718.0
2026-09-14T14:23:00.000+08:00,433.31134033203125,9.892654418945312,13.1806640625,27.87635040283203,0.12795792520046234,385.20001220703125,6.13100004196167,3.563999891281128,2144.89990234375,513.28125,2.0289063453674316,1.0486669540405273,2718.0,513.28125,2.0289063453674316,1.0486669540405273,2718.0,513.28125,2.0289063453674316,1.0486669540405273,2718.0
2026-09-14T14:24:00.000+08:00,456.0583801269531,9.917678833007812,13.08349609375,28.104021072387695,0.12695692479610443,385.5,6.172999858856201,3.572999954223633,2145.0,513.28125,2.0289063453674316,1.053242802619934,2718.0,513.28125,2.0289063453674316,1.053242802619934,2718.0,513.28125,2.0289063453674316,1.053242802619934,2718.0
2026-09-14T14:25:00.000+08:00,454.20404052734375,9.974205017089844,13.104248046875,28.137781143188477,0.12669797241687775,385.5,6.178999900817871,3.5759999752044678,2145.0,513.28125,2.0289063453674316,1.0557998418807983,2718.0,513.28125,2.0289063453674316,1.0557998418807983,2718.0,513.28125,2.0289063453674316,1.0557998418807983,2718.0
2026-09-14T14:26:00.000+08:00,442.19500732421875,9.891944885253906,13.104248046875,28.263717651367188,0.12609805166721344,385.70001220703125,6.160999774932861,3.5769999027252197,2145.10009765625,513.28125,2.0289063453674316,1.05256986618042,2718.0,513.28125,2.0289063453674316,1.05256986618042,2718.0,513.28125,2.0289063453674316,1.05256986618042,2718.0
2026-09-14T14:27:00.000+08:00,452.80487060546875,9.896297454833984,13.076416015625,28.5660400390625,0.12472852319478989,385.79998779296875,6.168000221252441,3.5769999027252197,2145.199951171875,513.28125,2.0289063453674316,1.0627981424331665,2718.0,513.28125,2.0289063453674316,1.0627981424331665,2718.0,513.28125,2.0289063453674316,1.0627981424331665,2718.0
2026-09-14T14:28:00.000+08:00,465.56903076171875,9.926910400390625,12.986328125,28.751699447631836,0.12427091598510742,385.79998779296875,6.171000003814697,3.5829999446868896,2145.199951171875,513.28125,2.0289063453674316,1.0537811517715454,2718.0,513.28125,2.0289063453674316,1.0537811517715454,2718.0,513.28125,2.0289063453674316,1.0537811517715454,2718.0
2026-09-14T14:29:00.000+08:00,452.2635803222656,9.897689819335938,12.9931640625,28.31914710998535,0.1260984241962433,385.79998779296875,6.159999847412109,3.5759999752044678,2145.300048828125,513.28125,2.0289063453674316,1.0566073656082153,2718.0,513.28125,2.0289063453674316,1.0566073656082153,2718.0,513.28125,2.0289063453674316,1.0566073656082153,2718.0
2026-09-14T14:30:00.000+08:00,455.3846435546875,9.93560791015625,13.02783203125,28.946969985961914,0.12363988161087036,385.70001220703125,6.175000190734863,3.5739998817443848,2145.300048828125,513.28125,2.0289063453674316,1.0537811517715454,2718.0,513.28125,2.0289063453674316,1.0537811517715454,2718.0,513.28125,2.0289063453674316,1.0537811517715454,2718.0
2026-09-14T14:31:00.000+08:00,447.1505432128906,9.929710388183594,12.9931640625,26.758771896362305,0.13371317088603973,385.3999938964844,6.1539998054504395,3.565999984741211,2145.39990234375,513.28125,2.0289063453674316,1.054050326347351,2718.0,513.28125,2.0289063453674316,1.054050326347351,2718.0,513.28125,2.0289063453674316,1.054050326347351,2718.0
2026-09-14T14:32:00.000+08:00,457.76544189453125,9.876659393310547,13.041748046875,27.129776000976562,0.13158974051475525,385.5,6.14300012588501,3.561000108718872,2145.5,513.28125,2.0289063453674316,1.0516277551651,2718.0,513.28125,2.0289063453674316,1.0516277551651,2718.0,513.28125,2.0289063453674316,1.0516277551651,2718.0
2026-09-14T14:33:00.000+08:00,451.2266540527344,9.912601470947266,13.034912109375,27.232954025268555,0.131384938955307,385.70001220703125,6.138000011444092,3.569999933242798,2145.5,513.28125,2.0289063453674316,1.0494744777679443,2718.0,513.28125,2.0289063453674316,1.0494744777679443,2718.0,513.28125,2.0289063453674316,1.0494744777679443,2718.0
2026-09-14T14:34:00.000+08:00,448.1313781738281,9.89223861694336,13.138916015625,27.74272346496582,0.12853820621967316,385.70001220703125,6.14300012588501,3.5759999752044678,2145.60009765625,513.28125,2.0289063453674316,1.054184913635254,2718.0,513.28125,2.0289063453674316,1.054184913635254,2718.0,513.28125,2.0289063453674316,1.054184913635254,2718.0
2026-09-14T14:35:00.000+08:00,438.5018310546875,9.877246856689453,13.16015625,26.57695198059082,0.13428929448127747,385.70001220703125,6.127999782562256,3.563999891281128,2145.60009765625,513.28125,2.0289063453674316,1.0549923181533813,2718.0,513.28125,2.0289063453674316,1.0549923181533813,2718.0,513.28125,2.0289063453674316,1.0549923181533813,2718.0
2026-09-14T14:36:00.000+08:00,451.8287353515625,9.883125305175781,13.22265625,28.264732360839844,0.12648271024227142,385.6000061035156,6.14900016784668,3.575000047683716,2145.699951171875,513.28125,2.0289063453674316,1.0537811517715454,2718.0,513.28125,2.0289063453674316,1.0537811517715454,2718.0,513.28125,2.0289063453674316,1.0537811517715454,2718.0
2026-09-14T14:37:00.000+08:00,441.89691162109375,9.974906921386719,13.125,27.53479766845703,0.12979938089847565,385.70001220703125,6.166999816894531,3.578000068664551,2145.800048828125,513.28125,2.0289063453674316,1.0529736280441284,2718.0,513.28125,2.0289063453674316,1.0529736280441284,2718.0,513.28125,2.0289063453674316,1.0529736280441284,2718.0
2026-09-14T14:38:00.000+08:00,446.3831481933594,9.893867492675781,13.1669921875,28.594120025634766,0.12481587380170822,385.5,6.138999938964844,3.568000078201294,2145.800048828125,513.28125,2.0289063453674316,1.0512241125106812,2718.0,513.28125,2.0289063453674316,1.0512241125106812,2718.0,513.28125,2.0289063453674316,1.0512241125106812,2718.0
2026-09-14T14:39:00.000+08:00,435.49017333984375,9.90298080444336,13.138916015625,27.90652847290039,0.1279628872871399,385.5,6.1570000648498535,3.5789999961853027,2145.89990234375,513.28125,2.0289063453674316,1.0512241125106812,2718.0,513.28125,2.0289063453674316,1.0512241125106812,2718.0,513.28125,2.0289063453674316,1.0512241125106812,2718.0
2026-09-14T14:40:00.000+08:00,436.27593994140625,9.89822006225586,13.166748046875,28.472503662109375,0.1258055865764618,385.3999938964844,6.130000114440918,3.568000078201294,2145.89990234375,513.28125,2.0289063453674316,1.0544540882110596,2718.0,513.28125,2.0289063453674316,1.0544540882110596,2718.0,513.28125,2.0289063453674316,1.0544540882110596,2718.0
2026-09-14T14:41:00.000+08:00,442.8186950683594,9.968521118164062,13.173828125,28.490604400634766,0.12565545737743378,385.8999938964844,6.156000137329102,3.5799999237060547,2146.0,513.28125,2.0289063453674316,1.051762342453003,2718.0,513.28125,2.0289063453674316,1.051762342453003,2718.0,513.28125,2.0289063453674316,1.051762342453003,2718.0
2026-09-14T14:42:00.000+08:00,436.7034606933594,9.983612060546875,13.132080078125,28.65155792236328,0.12480996549129486,385.5,6.119999885559082,3.562000036239624,2146.10009765625,513.28125,2.0289063453674316,1.0520315170288086,2718.0,513.28125,2.0289063453674316,1.0520315170288086,2718.0,513.28125,2.0289063453674316,1.0520315170288086,2718.0
2026-09-14T14:43:00.000+08:00,436.8753662109375,nan,nan,28.01017189025879,0.1275607943534851,nan,nan,nan,nan,nan,nan,nan,nan,nan,nan,nan,nan,nan,nan,nan,nan
2026-09-14T14:44:00.000+08:00,453.3119812011719,9.964776992797852,13.2154541015625,29.16092872619629,0.12266413122415543,385.75,6.144999980926514,3.575500011444092,2146.1500244140625,513.28125,2.0289063453674316,1.0527045130729675,2718.0,513.28125,2.0289063453674316,1.0527045130729675,2718.0,513.28125,2.0289063453674316,1.0527045130729675,2718.0
2026-09-14T14:45:00.000+08:00,448.460693359375,9.915130615234375,13.194580078125,28.956281661987305,0.1235310509800911,385.79998779296875,6.165999889373779,3.5769999027252197,2146.199951171875,513.28125,2.0289063453674316,1.0529736280441284,2718.0,513.28125,2.0289063453674316,1.0529736280441284,2718.0,513.28125,2.0289063453674316,1.0529736280441284,2718.0
2026-09-14T14:46:00.000+08:00,439.94512939453125,9.878170013427734,13.111328125,28.202293395996094,0.12662090361118317,385.6000061035156,6.158999919891357,3.5789999961853027,2146.300048828125,513.28125,2.0289063453674316,1.0562036037445068,2718.0,513.28125,2.0289063453674316,1.0562036037445068,2718.0,513.28125,2.0289063453674316,1.0562036037445068,2718.0
2026-09-14T14:47:00.000+08:00,448.0469665527344,9.910980224609375,13.0908203125,29.763397216796875,0.1200803816318512,385.5,6.1479997634887695,3.572000026702881,2146.39990234375,513.28125,2.0289063453674316,1.0508203506469727,2718.0,513.28125,2.0289063453674316,1.0508203506469727,2718.0,513.28125,2.0289063453674316,1.0508203506469727,2718.0
2026-09-14T14:48:00.000+08:00,445.690673828125,9.955448150634766,13.2431640625,28.853900909423828,0.12376142293214798,385.3999938964844,6.135000228881836,3.562000036239624,2146.39990234375,513.28125,2.0289063453674316,1.0488015413284302,2718.0,513.28125,2.0289063453674316,1.0488015413284302,2718.0,513.28125,2.0289063453674316,1.0488015413284302,2718.0
2026-09-14T14:49:00.000+08:00,448.9046630859375,9.96456527709961,13.20849609375,28.229881286621094,0.1268513947725296,385.6000061035156,6.1539998054504395,3.5810000896453857,2146.5,513.28125,2.067187547683716,1.0672394037246704,2718.0,513.28125,2.067187547683716,1.0672394037246704,2718.0,513.28125,2.067187547683716,1.0672394037246704,2718.0
2026-09-14T14:50:00.000+08:00,440.6051330566406,9.961132049560547,13.132080078125,27.674474716186523,0.1291804164648056,385.5,6.164000034332275,3.5820000171661377,2146.5,513.28125,2.0289063453674316,1.0512241125106812,2718.0,513.28125,2.0289063453674316,1.0512241125106812,2718.0,513.28125,2.0289063453674316,1.0512241125106812,2718.0
2026-09-14T14:51:00.000+08:00,445.3675842285156,9.950504302978516,13.111083984375,28.525659561157227,0.12536081671714783,386.0,6.165999889373779,3.5889999866485596,2146.60009765625,513.28125,2.067187547683716,1.0641440153121948,2718.0,513.28125,2.067187547683716,1.0641440153121948,2718.0,513.28125,2.067187547683716,1.0641440153121948,2718.0
2026-09-14T14:52:00.000+08:00,445.0318298339844,9.995174407958984,13.09765625,28.4440975189209,0.12533356249332428,385.6000061035156,6.1620001792907715,3.5759999752044678,2146.60009765625,513.28125,2.0289063453674316,1.0529736280441284,2718.0,513.28125,2.0289063453674316,1.0529736280441284,2718.0,513.28125,2.0289063453674316,1.0529736280441284,2718.0
2026-09-14T14:53:00.000+08:00,452.4747619628906,9.944511413574219,13.1806640625,28.297677993774414,0.12640613317489624,386.0,6.169000148773193,3.5850000381469727,2146.699951171875,513.28125,2.0289063453674316,1.0571457147598267,2719.0,513.28125,2.0289063453674316,1.0571457147598267,2719.0,513.28125,2.0289063453674316,1.0571457147598267,2719.0
2026-09-14T14:54:00.000+08:00,448.76068115234375,9.973793029785156,13.083251953125,27.93531036376953,0.1286543756723404,385.79998779296875,6.181000232696533,3.5850000381469727,2146.800048828125,513.28125,2.0289063453674316,1.0571457147598267,2719.0,513.28125,2.0289063453674316,1.0571457147598267,2719.0,513.28125,2.0289063453674316,1.0571457147598267,2719.0
2026-09-14T14:55:00.000+08:00,443.4798889160156,9.918071746826172,13.09765625,27.465669631958008,0.13034453988075256,385.5,6.172999858856201,3.572999954223633,2146.800048828125,513.28125,2.0289063453674316,1.0492053031921387,2719.0,513.28125,2.0289063453674316,1.0492053031921387,2719.0,513.28125,2.0289063453674316,1.0492053031921387,2719.0
2026-09-14T14:56:00.000+08:00,446.21600341796875,9.901058197021484,13.104248046875,28.520729064941406,0.12548767030239105,385.70001220703125,6.1579999923706055,3.578000068664551,2146.89990234375,513.28125,2.0289063453674316,1.054184913635254,2719.0,513.28125,2.0289063453674316,1.054184913635254,2719.0,513.28125,2.0289063453674316,1.054184913635254,2719.0
2026-09-14T14:57:00.000+08:00,440.0396423339844,9.910995483398438,13.013916015625,27.00921058654785,0.13232523202896118,385.6000061035156,6.178999900817871,3.5810000896453857,2146.89990234375,513.28125,2.0289063453674316,1.0553960800170898,2719.0,513.28125,2.0289063453674316,1.0553960800170898,2719.0,513.28125,2.0289063453674316,1.0553960800170898,2719.0
2026-09-14T14:58:00.000+08:00,451.8011779785156,9.907054901123047,13.048583984375,28.32907485961914,0.12626603245735168,385.70001220703125,6.181000232696533,3.5799999237060547,2147.0,513.28125,2.0289063453674316,1.053377389907837,2719.0,513.28125,2.0289063453674316,1.053377389907837,2719.0,513.28125,2.0289063453674316,1.053377389907837,2719.0
2026-09-14T14:59:00.000+08:00,443.61444091796875,9.916244506835938,12.972412109375,28.047555923461914,0.12753339111804962,385.70001220703125,6.177999973297119,3.5769999027252197,2147.10009765625,513.28125,2.0289063453674316,1.059568166732788,2719.0,513.28125,2.0289063453674316,1.059568166732788,2719.0,513.28125,2.0289063453674316,1.059568166732788,2719.0
2026-09-14T15:00:00.000+08:00,439.7998046875,9.907054901123047,13.034912109375,27.296974182128906,0.1309669017791748,386.0,6.186999797821045,3.5850000381469727,2147.10009765625,513.28125,2.067187547683716,1.063201904296875,2719.0,513.28125,2.067187547683716,1.063201904296875,2719.0,513.28125,2.067187547683716,1.063201904296875,2719.0
2026-09-14T15:01:00.000+08:00,450.8013610839844,9.877849578857422,13.048828125,27.80091094970703,0.12870080769062042,386.1000061035156,6.189000129699707,3.5840001106262207,2147.199951171875,513.28125,2.067187547683716,1.0637402534484863,2719.0,513.28125,2.067187547683716,1.0637402534484863,2719.0,513.28125,2.067187547683716,1.0637402534484863,2719.0
2026-09-14T15:02:00.000+08:00,445.3376770019531,9.930747985839844,13.03515625,27.265769958496094,0.1314835399389267,386.29998779296875,6.164000034332275,3.5850000381469727,2147.199951171875,513.28125,2.0289063453674316,1.0592989921569824,2719.0,513.28125,2.0289063453674316,1.0592989921569824,2719.0,513.28125,2.0289063453674316,1.0592989921569824,2719.0
2026-09-14T15:03:00.000+08:00,451.1921081542969,9.89126205444336,13.007080078125,28.7053279876709,0.1246110200881958,385.8999938964844,6.173999786376953,3.5789999961853027,2147.300048828125,513.28125,2.0289063453674316,1.0529736280441284,2719.0,513.28125,2.0289063453674316,1.0529736280441284,2719.0,513.28125,2.0289063453674316,1.0529736280441284,2719.0
2026-09-14T15:04:00.000+08:00,446.2703552246094,9.901569366455078,13.020751953125,26.64340591430664,0.13470499217510223,385.6000061035156,6.1479997634887695,3.5739998817443848,2147.39990234375,513.28125,2.0289063453674316,1.0512241125106812,2719.0,513.28125,2.0289063453674316,1.0512241125106812,2719.0,513.28125,2.0289063453674316,1.0512241125106812,2719.0
2026-09-14T15:05:00.000+08:00,456.5563659667969,9.823974609375,13.076416015625,28.272762298583984,0.1270127147436142,386.0,6.146999835968018,3.5789999961853027,2147.39990234375,513.28125,2.0289063453674316,1.0575494766235352,2719.0,513.28125,2.0289063453674316,1.0575494766235352,2719.0,513.28125,2.0289063453674316,1.0575494766235352,2719.0
2026-09-14T15:06:00.000+08:00,455.1798400878906,9.913013458251953,13.0419921875,28.161266326904297,0.12719598412513733,385.70001220703125,6.172999858856201,3.5829999446868896,2147.5,513.28125,2.0289063453674316,1.0545886754989624,2719.0,513.28125,2.0289063453674316,1.0545886754989624,2719.0,513.28125,2.0289063453674316,1.0545886754989624,2719.0
2026-09-14T15:07:00.000+08:00,455.8978576660156,9.928909301757812,12.972412109375,28.447818756103516,0.12580929696559906,385.8999938964844,6.166999816894531,3.5789999961853027,2147.5,513.28125,2.0289063453674316,1.0571457147598267,2719.0,513.28125,2.0289063453674316,1.0571457147598267,2719.0,513.28125,2.0289063453674316,1.0571457147598267,2719.0
2026-09-14T15:08:00.000+08:00,438.4637756347656,9.884944915771484,13.0556640625,27.36491584777832,0.13093407452106476,385.79998779296875,6.197999954223633,3.5850000381469727,2147.60009765625,513.28125,2.0289063453674316,1.0521661043167114,2719.0,513.28125,2.0289063453674316,1.0521661043167114,2719.0,513.28125,2.0289063453674316,1.0521661043167114,2719.0
2026-09-14T15:09:00.000+08:00,454.03192138671875,9.915145874023438,12.909912109375,27.814022064208984,0.1286042034626007,385.6000061035156,6.176000118255615,3.5769999027252197,2147.699951171875,513.28125,2.0289063453674316,1.051762342453003,2719.0,513.28125,2.0289063453674316,1.051762342453003,2719.0,513.28125,2.0289063453674316,1.051762342453003,2719.0
2026-09-14T15:10:00.000+08:00,457.7500305175781,9.835189819335938,12.9931640625,28.170122146606445,0.12683650851249695,385.79998779296875,6.190999984741211,3.5829999446868896,2147.699951171875,513.28125,2.0289063453674316,1.0521661043167114,2719.0,513.28125,2.0289063453674316,1.0521661043167114,2719.0,513.28125,2.0289063453674316,1.0521661043167114,2719.0
2026-09-14T15:11:00.000+08:00,454.3794860839844,9.882560729980469,13.013916015625,28.167875289916992,0.12705963850021362,385.5,6.171000003814697,3.5759999752044678,2147.800048828125,513.28125,2.0289063453674316,1.0562036037445068,2719.0,513.28125,2.0289063453674316,1.0562036037445068,2719.0,513.28125,2.0289063453674316,1.0562036037445068,2719.0
2026-09-14T15:12:00.000+08:00,457.9905700683594,9.775039672851562,12.9658203125,27.134521484375,0.13223008811473846,385.6000061035156,6.171999931335449,3.578000068664551,2147.800048828125,513.28125,2.0289063453674316,1.0578186511993408,2719.0,513.28125,2.0289063453674316,1.0578186511993408,2719.0,513.28125,2.0289063453674316,1.0578186511993408,2719.0
2026-09-14T15:13:00.000+08:00,456.1936950683594,9.647838592529297,12.8125,27.859888076782227,0.12871551513671875,385.1000061035156,6.139999866485596,3.566999912261963,2147.89990234375,513.28125,2.0289063453674316,1.0528390407562256,2719.0,513.28125,2.0289063453674316,1.0528390407562256,2719.0,513.28125,2.0289063453674316,1.0528390407562256,2719.0
2026-09-14T15:14:00.000+08:00,438.72698974609375,9.503284454345703,12.659912109375,27.182336807250977,0.1312984973192215,385.20001220703125,6.172999858856201,3.568000078201294,2148.0,513.28125,2.0289063453674316,1.0498782396316528,2719.0,513.28125,2.0289063453674316,1.0498782396316528,2719.0,513.28125,2.0289063453674316,1.0498782396316528,2719.0
2026-09-14T15:15:00.000+08:00,450.0657043457031,9.558578491210938,12.736328125,27.896982192993164,0.1286572962999344,385.79998779296875,6.169000148773193,3.5999999046325684,2148.0,513.28125,2.0289063453674316,1.0575494766235352,2719.0,513.28125,2.0289063453674316,1.0575494766235352,2719.0,513.28125,2.0289063453674316,1.0575494766235352,2719.0
2026-09-14T15:16:00.000+08:00,446.8466491699219,9.545562744140625,12.729248046875,27.691431045532227,0.12881241738796234,385.79998779296875,6.163000106811523,3.5859999656677246,2148.10009765625,513.28125,2.0289063453674316,1.0545886754989624,2719.0,513.28125,2.0289063453674316,1.0545886754989624,2719.0,513.28125,2.0289063453674316,1.0545886754989624,2719.0
2026-09-14T15:17:00.000+08:00,448.5784606933594,9.517799377441406,12.791748046875,27.61551284790039,0.12927517294883728,385.0,6.1529998779296875,3.568000078201294,2148.10009765625,513.28125,2.0289063453674316,1.0498782396316528,2719.0,513.28125,2.0289063453674316,1.0498782396316528,2719.0,513.28125,2.0289063453674316,1.0498782396316528,2719.0
2026-09-14T15:18:00.000+08:00,446.7445068359375,9.504467010498047,12.722412109375,28.907451629638672,0.12401646375656128,384.8999938964844,6.136000156402588,3.562000036239624,2148.199951171875,509.765625,2.0289063453674316,1.0458407402038574,2719.0,509.765625,2.0289063453674316,1.0458407402038574,2719.0,509.765625,2.0289063453674316,1.0458407402038574,2719.0
2026-09-14T15:19:00.000+08:00,447.1605224609375,9.591350555419922,12.763916015625,28.621105194091797,0.12518733739852905,386.0,6.1579999923706055,3.5920000076293945,2148.300048828125,513.28125,2.0289063453674316,1.05256986618042,2719.0,513.28125,2.0289063453674316,1.05256986618042,2719.0,513.28125,2.0289063453674316,1.05256986618042,2719.0
2026-09-14T15:20:00.000+08:00,443.98895263671875,9.601226806640625,12.757080078125,27.839765548706055,0.128269761800766,386.1000061035156,6.166999816894531,3.5840001106262207,2148.300048828125,513.28125,2.067187547683716,1.073968529701233,2719.0,513.28125,2.067187547683716,1.073968529701233,2719.0,513.28125,2.067187547683716,1.073968529701233,2719.0
2026-09-14T15:21:00.000+08:00,447.6319580078125,9.604888916015625,12.729248046875,28.147306442260742,0.12665510177612305,386.5,6.170000076293945,3.6019999980926514,2148.39990234375,513.28125,2.0289063453674316,1.0564727783203125,2719.0,513.28125,2.0289063453674316,1.0564727783203125,2719.0,513.28125,2.0289063453674316,1.0564727783203125,2719.0
2026-09-14T15:22:00.000+08:00,451.2327575683594,9.599658966064453,12.784912109375,28.851049423217773,0.12415493279695511,385.8999938964844,6.168000221252441,3.5850000381469727,2148.39990234375,513.28125,2.0289063453674316,1.0567419528961182,2719.0,513.28125,2.0289063453674316,1.0567419528961182,2719.0,513.28125,2.0289063453674316,1.0567419528961182,2719.0
2026-09-14T15:23:00.000+08:00,437.7341613769531,9.565898895263672,12.916748046875,27.599342346191406,0.1298944056034088,386.1000061035156,6.197000026702881,3.5959999561309814,2148.5,513.28125,2.0289063453674316,1.0567419528961182,2719.0,513.28125,2.0289063453674316,1.0567419528961182,2719.0,513.28125,2.0289063453674316,1.0567419528961182,2719.0
2026-09-14T15:24:00.000+08:00,450.614013671875,9.662158966064453,12.757080078125,28.761829376220703,0.12502682209014893,386.1000061035156,6.166999816894531,3.5880000591278076,2148.60009765625,513.28125,2.0289063453674316,1.0579532384872437,2719.0,513.28125,2.0289063453674316,1.0579532384872437,2719.0,513.28125,2.0289063453674316,1.0579532384872437,2719.0
2026-09-14T15:25:00.000+08:00,452.5953369140625,9.639156341552734,12.8681640625,28.633872985839844,0.12555059790611267,386.0,6.1579999923706055,3.5899999141693115,2148.60009765625,513.28125,2.0289063453674316,1.0575494766235352,2719.0,513.28125,2.0289063453674316,1.0575494766235352,2719.0,513.28125,2.0289063453674316,1.0575494766235352,2719.0
2026-09-14T15:26:00.000+08:00,441.2650451660156,9.612003326416016,12.7294921875,28.474605560302734,0.12597189843654633,386.0,6.170000076293945,3.5829999446868896,2148.699951171875,513.28125,2.067187547683716,1.0715460777282715,2719.0,513.28125,2.067187547683716,1.0715460777282715,2719.0,513.28125,2.067187547683716,1.0715460777282715,2719.0
2026-09-14T15:27:00.000+08:00,445.39044189453125,9.657421112060547,12.791748046875,28.064611434936523,0.12791910767555237,386.20001220703125,6.169000148773193,3.5959999561309814,2148.699951171875,513.28125,2.0289063453674316,1.0564727783203125,2719.0,513.28125,2.0289063453674316,1.0564727783203125,2719.0,513.28125,2.0289063453674316,1.0564727783203125,2719.0
2026-09-14T15:28:00.000+08:00,439.74151611328125,9.656631469726562,12.7919921875,26.953832626342773,0.132893905043602,386.1000061035156,6.176000118255615,3.5929999351501465,2148.800048828125,513.28125,2.0289063453674316,1.0579532384872437,2719.0,513.28125,2.0289063453674316,1.0579532384872437,2719.0,513.28125,2.0289063453674316,1.0579532384872437,2719.0
2026-09-14T15:29:00.000+08:00,447.1784362792969,9.647937774658203,12.8056640625,27.964923858642578,0.1285896599292755,386.20001220703125,6.197999954223633,3.5980000495910645,2148.89990234375,513.28125,2.0289063453674316,1.0584914684295654,2719.0,513.28125,2.0289063453674316,1.0584914684295654,2719.0,513.28125,2.0289063453674316,1.0584914684295654,2719.0
2026-09-14T15:30:00.000+08:00,460.284912109375,9.749931335449219,12.819580078125,28.870744705200195,0.12462443113327026,386.3999938964844,6.151000022888184,3.5840001106262207,2148.89990234375,513.28125,2.0289063453674316,1.055261492729187,2719.0,513.28125,2.0289063453674316,1.055261492729187,2719.0,513.28125,2.0289063453674316,1.055261492729187,2719.0
2026-09-14T15:31:00.000+08:00,442.86785888671875,9.741153717041016,12.847412109375,27.76457405090332,0.12809130549430847,386.3999938964844,6.188000202178955,3.5969998836517334,2149.0,513.28125,2.0289063453674316,1.0584914684295654,2719.0,513.28125,2.0289063453674316,1.0584914684295654,2719.0,513.28125,2.0289063453674316,1.0584914684295654,2719.0
2026-09-14T15:32:00.000+08:00,448.3177490234375,9.695327758789062,12.847412109375,28.20987319946289,0.12747310101985931,386.6000061035156,6.197999954223633,3.5989999771118164,2149.0,513.28125,2.0289063453674316,1.0601065158843994,2719.0,513.28125,2.0289063453674316,1.0601065158843994,2719.0,513.28125,2.0289063453674316,1.0601065158843994,2719.0
2026-09-14T15:33:00.000+08:00,463.05316162109375,9.687824249267578,12.8125,28.454002380371094,0.12644970417022705,386.5,6.195000171661377,3.5929999351501465,2149.10009765625,513.28125,2.0289063453674316,1.0601065158843994,2719.0,513.28125,2.0289063453674316,1.0601065158843994,2719.0,513.28125,2.0289063453674316,1.0601065158843994,2719.0
2026-09-14T15:34:00.000+08:00,440.33782958984375,9.738571166992188,12.722412109375,27.87742042541504,0.12902915477752686,386.29998779296875,6.205999851226807,3.5940001010894775,2149.199951171875,513.28125,2.0289063453674316,1.057684063911438,2719.0,513.28125,2.0289063453674316,1.057684063911438,2719.0,513.28125,2.0289063453674316,1.057684063911438,2719.0
2026-09-14T15:35:00.000+08:00,450.4449768066406,9.745681762695312,12.7158203125,28.254365921020508,0.12716618180274963,386.20001220703125,6.199999809265137,3.5889999866485596,2149.199951171875,513.28125,2.0289063453674316,1.0547232627868652,2719.0,513.28125,2.0289063453674316,1.0547232627868652,2719.0,513.28125,2.0289063453674316,1.0547232627868652,2719.0
2026-09-14T15:36:00.000+08:00,446.1322937011719,9.705989837646484,12.8125,28.37841796875,0.12668077647686005,386.6000061035156,6.211999893188477,3.5959999561309814,2149.300048828125,513.28125,2.067187547683716,1.078678846359253,2719.0,513.28125,2.067187547683716,1.078678846359253,2719.0,513.28125,2.067187547683716,1.078678846359253,2719.0
2026-09-14T15:37:00.000+08:00,445.50482177734375,9.753475189208984,12.819580078125,26.832828521728516,0.13397766649723053,386.3999938964844,6.215000152587891,3.5969998836517334,2149.300048828125,513.28125,2.0289063453674316,1.058895230293274,2719.0,513.28125,2.0289063453674316,1.058895230293274,2719.0,513.28125,2.0289063453674316,1.058895230293274,2719.0
2026-09-14T15:38:00.000+08:00,446.8095703125,9.757827758789062,12.8125,26.466129302978516,0.1356828510761261,386.6000061035156,6.197000026702881,3.5959999561309814,2149.39990234375,513.28125,2.0289063453674316,1.0630673170089722,2719.0,513.28125,2.0289063453674316,1.0630673170089722,2719.0,513.28125,2.0289063453674316,1.0630673170089722,2719.0
2026-09-14T15:39:00.000+08:00,438.80047607421875,9.74636459350586,12.757080078125,26.316370010375977,0.13672098517417908,386.6000061035156,6.196000099182129,3.5950000286102295,2149.5,513.28125,2.0289063453674316,1.0580878257751465,2719.0,513.28125,2.0289063453674316,1.0580878257751465,2719.0,513.28125,2.0289063453674316,1.0580878257751465,2719.0
2026-09-14T15:40:00.000+08:00,434.6068420410156,9.710437774658203,12.770751953125,26.19150733947754,0.1371818631887436,386.70001220703125,6.197000026702881,3.6089999675750732,2149.5,513.28125,2.067187547683716,1.066028118133545,2719.0,513.28125,2.067187547683716,1.066028118133545,2719.0,513.28125,2.067187547683716,1.066028118133545,2719.0
2026-09-14T15:41:00.000+08:00,439.63134765625,9.704246520996094,12.701416015625,26.67871856689453,0.13482657074928284,386.70001220703125,6.197999954223633,3.6019999980926514,2149.60009765625,513.28125,2.0289063453674316,1.0634710788726807,2719.0,513.28125,2.0289063453674316,1.0634710788726807,2719.0,513.28125,2.0289063453674316,1.0634710788726807,2719.0
2026-09-14T15:42:00.000+08:00,456.9955749511719,nan,nan,27.063257217407227,0.133169487118721,nan,nan,nan,nan,nan,nan,nan,nan,nan,nan,nan,nan,nan,nan,nan,nan
2026-09-14T15:43:00.000+08:00,442.8922119140625,9.711082458496094,12.7503662109375,26.986753463745117,0.13328762352466583,386.6000061035156,6.201499938964844,3.5954999923706055,2149.6500244140625,513.28125,2.0289063453674316,1.056876540184021,2719.0,513.28125,2.0289063453674316,1.056876540184021,2719.0,513.28125,2.0289063453674316,1.056876540184021,2719.0
2026-09-14T15:44:00.000+08:00,451.7576599121094,9.732261657714844,12.7158203125,26.65158462524414,0.13503888249397278,386.3999938964844,6.160999774932861,3.5859999656677246,2149.800048828125,513.28125,2.0289063453674316,1.0601065158843994,2719.0,513.28125,2.0289063453674316,1.0601065158843994,2719.0,513.28125,2.0289063453674316,1.0601065158843994,2719.0
2026-09-14T15:45:00.000+08:00,447.0130310058594,9.718238830566406,12.861328125,26.459335327148438,0.1357554942369461,386.6000061035156,6.185999870300293,3.5969998836517334,2149.800048828125,513.28125,2.0289063453674316,1.0606448650360107,2719.0,513.28125,2.0289063453674316,1.0606448650360107,2719.0,513.28125,2.0289063453674316,1.0606448650360107,2719.0
2026-09-14T15:46:00.000+08:00,449.5032653808594,9.7352294921875,12.84765625,26.63739013671875,0.13499820232391357,386.20001220703125,6.183000087738037,3.5880000591278076,2149.89990234375,513.28125,2.0289063453674316,1.0584914684295654,2719.0,513.28125,2.0289063453674316,1.0584914684295654,2719.0,513.28125,2.0289063453674316,1.0584914684295654,2719.0
2026-09-14T15:47:00.000+08:00,455.6554870605469,9.693679809570312,12.91015625,28.020082473754883,0.12840789556503296,386.29998779296875,6.175000190734863,3.5880000591278076,2149.89990234375,513.28125,2.0289063453674316,1.0572803020477295,2719.0,513.28125,2.0289063453674316,1.0572803020477295,2719.0,513.28125,2.0289063453674316,1.0572803020477295,2719.0
2026-09-14T15:48:00.000+08:00,453.42279052734375,9.654563903808594,12.833251953125,28.55138397216797,0.12605343759059906,386.6000061035156,6.177999973297119,3.5899999141693115,2150.0,513.28125,2.067187547683716,1.067508578300476,2719.0,513.28125,2.067187547683716,1.067508578300476,2719.0,513.28125,2.067187547683716,1.067508578300476,2719.0
2026-09-14T15:49:00.000+08:00,449.69586181640625,9.748733520507812,12.784912109375,27.685016632080078,0.1294201910495758,386.0,6.160999774932861,3.5829999446868896,2150.10009765625,513.28125,2.0289063453674316,1.0567419528961182,2720.0,513.28125,2.0289063453674316,1.0567419528961182,2720.0,513.28125,2.0289063453674316,1.0567419528961182,2720.0
2026-09-14T15:50:00.000+08:00,443.3042907714844,9.80594253540039,12.882080078125,27.47291374206543,0.13060136139392853,386.20001220703125,6.171999931335449,3.5799999237060547,2150.10009765625,513.28125,2.0289063453674316,1.0567419528961182,2720.0,513.28125,2.0289063453674316,1.0567419528961182,2720.0,513.28125,2.0289063453674316,1.0567419528961182,2720.0
2026-09-14T15:51:00.000+08:00,448.42242431640625,9.764392852783203,12.958251953125,28.78529930114746,0.12468169629573822,386.8999938964844,6.203000068664551,3.615999937057495,2150.199951171875,513.28125,2.0289063453674316,1.0606448650360107,2720.0,513.28125,2.0289063453674316,1.0606448650360107,2720.0,513.28125,2.0289063453674316,1.0606448650360107,2720.0
2026-09-14T15:52:00.000+08:00,454.7611999511719,9.862899780273438,12.923828125,28.230260848999023,0.12709765136241913,387.0,6.214000225067139,3.6089999675750732,2150.199951171875,513.28125,2.067187547683716,1.0755834579467773,2720.0,513.28125,2.067187547683716,1.0755834579467773,2720.0,513.28125,2.067187547683716,1.0755834579467773,2720.0
2026-09-14T15:53:00.000+08:00,460.5885925292969,9.83565902709961,12.9306640625,28.892826080322266,0.12394080311059952,386.70001220703125,6.24399995803833,3.615000009536743,2150.300048828125,513.28125,2.0289063453674316,1.0586260557174683,2720.0,513.28125,2.0289063453674316,1.0586260557174683,2720.0,513.28125,2.0289063453674316,1.0586260557174683,2720.0
2026-09-14T15:54:00.000+08:00,445.4666442871094,9.930553436279297,12.9169921875,27.516931533813477,0.13119195401668549,386.70001220703125,6.232999801635742,3.6080000400543213,2150.39990234375,513.28125,2.0289063453674316,1.0614523887634277,2720.0,513.28125,2.0289063453674316,1.0614523887634277,2720.0,513.28125,2.0289063453674316,1.0614523887634277,2720.0
2026-09-14T15:55:00.000+08:00,451.0186767578125,9.881088256835938,12.951416015625,27.495441436767578,0.13147634267807007,386.6000061035156,6.179999828338623,3.5980000495910645,2150.39990234375,513.28125,2.067187547683716,1.0708731412887573,2720.0,513.28125,2.067187547683716,1.0708731412887573,2720.0,513.28125,2.067187547683716,1.0708731412887573,2720.0
2026-09-14T15:56:00.000+08:00,453.4169006347656,9.929431915283203,12.8125,27.33933448791504,0.1323002129793167,386.6000061035156,6.184999942779541,3.6010000705718994,2150.5,513.28125,2.067187547683716,1.075852632522583,2720.0,513.28125,2.067187547683716,1.075852632522583,2720.0,513.28125,2.067187547683716,1.075852632522583,2720.0
2026-09-14T15:57:00.000+08:00,446.2263488769531,9.983543395996094,12.916748046875,26.090160369873047,0.13836634159088135,386.29998779296875,6.197000026702881,3.5969998836517334,2150.5,513.28125,2.067187547683716,1.0790826082229614,2720.0,513.28125,2.067187547683716,1.0790826082229614,2720.0,513.28125,2.067187547683716,1.0790826082229614,2720.0
2026-09-14T15:58:00.000+08:00,453.03070068359375,9.945919036865234,13.007080078125,27.99816131591797,0.12865130603313446,386.5,6.192999839782715,3.6019999980926514,2150.60009765625,513.28125,2.0289063453674316,1.0610486268997192,2720.0,513.28125,2.0289063453674316,1.0610486268997192,2720.0,513.28125,2.0289063453674316,1.0610486268997192,2720.0
2026-09-14T15:59:00.000+08:00,445.7984313964844,9.997695922851562,12.958251953125,25.539579391479492,0.14084021747112274,386.8999938964844,6.204999923706055,3.6089999675750732,2150.699951171875,513.28125,2.067187547683716,1.067643165588379,2720.0,513.28125,2.067187547683716,1.067643165588379,2720.0,513.28125,2.067187547683716,1.067643165588379,2720.0
2026-09-14T16:00:00.000+08:00,444.9845275878906,9.990287780761719,12.882080078125,26.063358306884766,0.1380482167005539,386.6000061035156,6.189000129699707,3.5989999771118164,2150.699951171875,513.28125,2.0289063453674316,1.0590298175811768,2720.0,513.28125,2.0289063453674316,1.0590298175811768,2720.0,513.28125,2.0289063453674316,1.0590298175811768,2720.0
2026-09-14T16:01:00.000+08:00,446.0565185546875,9.992740631103516,12.854248046875,27.206777572631836,0.13250374794006348,386.1000061035156,6.189000129699707,3.5940001010894775,2150.800048828125,513.28125,2.0289063453674316,1.058895230293274,2720.0,513.28125,2.0289063453674316,1.058895230293274,2720.0,513.28125,2.0289063453674316,1.058895230293274,2720.0
2026-09-14T16:02:00.000+08:00,442.3401184082031,9.941997528076172,12.9931640625,26.27922821044922,0.13710448145866394,386.70001220703125,6.208000183105469,3.6070001125335693,2150.800048828125,513.28125,2.0289063453674316,1.0610486268997192,2720.0,513.28125,2.0289063453674316,1.0610486268997192,2720.0,513.28125,2.0289063453674316,1.0610486268997192,2720.0
2026-09-14T16:03:00.000+08:00,454.0685729980469,9.99810791015625,13.013916015625,27.488811492919922,0.1312897801399231,386.5,6.191999912261963,3.5969998836517334,2150.89990234375,513.28125,2.067187547683716,1.0716805458068848,2720.0,513.28125,2.067187547683716,1.0716805458068848,2720.0,513.28125,2.067187547683716,1.0716805458068848,2720.0
2026-09-14T16:04:00.000+08:00,443.2038879394531,9.89016342163086,12.97265625,25.621597290039062,0.14019422233104706,386.3999938964844,6.185999870300293,3.5950000286102295,2151.0,513.28125,2.0289063453674316,1.0606448650360107,2720.0,513.28125,2.0289063453674316,1.0606448650360107,2720.0,513.28125,2.0289063453674316,1.0606448650360107,2720.0
2026-09-14T16:05:00.000+08:00,445.47906494140625,9.934585571289062,12.826416015625,26.18413734436035,0.137640580534935,386.6000061035156,6.199999809265137,3.6029999256134033,2151.0,513.28125,2.067187547683716,1.0708731412887573,2720.0,513.28125,2.067187547683716,1.0708731412887573,2720.0,513.28125,2.067187547683716,1.0708731412887573,2720.0
2026-09-14T16:06:00.000+08:00,446.7192077636719,9.9227294921875,12.826416015625,28.024351119995117,0.12838834524154663,386.6000061035156,6.203000068664551,3.611999988555908,2151.10009765625,513.28125,2.067187547683716,1.0626635551452637,2720.0,513.28125,2.067187547683716,1.0626635551452637,2720.0,513.28125,2.067187547683716,1.0626635551452637,2720.0
2026-09-14T16:07:00.000+08:00,452.2578430175781,9.896648406982422,12.8125,27.556163787841797,0.13060599565505981,386.79998779296875,6.197999954223633,3.6050000190734863,2151.10009765625,513.28125,2.0289063453674316,1.0619906187057495,2720.0,513.28125,2.0289063453674316,1.0619906187057495,2720.0,513.28125,2.0289063453674316,1.0619906187057495,2720.0
2026-09-14T16:08:00.000+08:00,451.6297607421875,9.894683837890625,12.854248046875,27.068214416503906,0.13303425908088684,386.70001220703125,6.197999954223633,3.5969998836517334,2151.199951171875,513.28125,2.0289063453674316,1.0598373413085938,2720.0,513.28125,2.0289063453674316,1.0598373413085938,2720.0,513.28125,2.0289063453674316,1.0598373413085938,2720.0
2026-09-14T16:09:00.000+08:00,457.8285827636719,9.893390655517578,12.916748046875,26.757192611694336,0.13532809913158417,386.6000061035156,6.193999767303467,3.5959999561309814,2151.300048828125,513.28125,2.0289063453674316,1.0630673170089722,2720.0,513.28125,2.0289063453674316,1.0630673170089722,2720.0,513.28125,2.0289063453674316,1.0630673170089722,2720.0
2026-09-14T16:10:00.000+08:00,453.1727600097656,9.83426284790039,12.798828125,26.75633430480957,0.1345849484205246,386.70001220703125,6.185999870300293,3.5980000495910645,2151.300048828125,513.28125,2.0289063453674316,1.0642786026000977,2720.0,513.28125,2.0289063453674316,1.0642786026000977,2720.0,513.28125,2.0289063453674316,1.0642786026000977,2720.0
2026-09-14T16:11:00.000+08:00,456.2715759277344,9.933475494384766,12.798583984375,25.931684494018555,0.13917337357997894,386.79998779296875,6.206999778747559,3.5929999351501465,2151.39990234375,513.28125,2.0289063453674316,1.0622597932815552,2720.0,513.28125,2.0289063453674316,1.0622597932815552,2720.0,513.28125,2.0289063453674316,1.0622597932815552,2720.0
2026-09-14T16:12:00.000+08:00,459.4891662597656,9.865570068359375,12.729248046875,26.586627960205078,0.13559448719024658,387.0,6.196000099182129,3.6059999465942383,2151.39990234375,513.28125,2.0289063453674316,1.0644131898880005,2720.0,513.28125,2.0289063453674316,1.0644131898880005,2720.0,513.28125,2.0289063453674316,1.0644131898880005,2720.0
2026-09-14T16:13:00.000+08:00,444.80712890625,9.899406433105469,12.854248046875,26.788448333740234,0.1344609409570694,387.20001220703125,6.197000026702881,3.615000009536743,2151.5,513.28125,2.067187547683716,1.0792171955108643,2720.0,513.28125,2.067187547683716,1.0792171955108643,2720.0,513.28125,2.067187547683716,1.0792171955108643,2720.0
2026-09-14T16:14:00.000+08:00,437.7318115234375,9.891120910644531,12.8681640625,25.77989387512207,0.13964369893074036,386.8999938964844,6.192999839782715,3.6019999980926514,2151.60009765625,513.28125,2.0289063453674316,1.0619906187057495,2720.0,513.28125,2.0289063453674316,1.0619906187057495,2720.0,513.28125,2.0289063453674316,1.0619906187057495,2720.0
2026-09-14T16:15:00.000+08:00,444.61383056640625,9.898548126220703,12.923828125,25.308637619018555,0.1424414962530136,387.0,6.199999809265137,3.6029999256134033,2151.60009765625,513.28125,2.0289063453674316,1.0602411031723022,2720.0,513.28125,2.0289063453674316,1.0602411031723022,2720.0,513.28125,2.0289063453674316,1.0602411031723022,2720.0
2026-09-14T16:16:00.000+08:00,433.6646423339844,9.870681762695312,12.722412109375,24.985383987426758,0.1446845829486847,386.79998779296875,6.190999984741211,3.6029999256134033,2151.699951171875,513.28125,2.0289063453674316,1.0610486268997192,2720.0,513.28125,2.0289063453674316,1.0610486268997192,2720.0,513.28125,2.0289063453674316,1.0610486268997192,2720.0
2026-09-14T16:17:00.000+08:00,443.8302917480469,9.873466491699219,12.722412109375,25.497236251831055,0.14134864509105682,387.1000061035156,6.205999851226807,3.5999999046325684,2151.699951171875,513.28125,2.0289063453674316,1.0614523887634277,2720.0,513.28125,2.0289063453674316,1.0614523887634277,2720.0,513.28125,2.0289063453674316,1.0614523887634277,2720.0
2026-09-14T16:18:00.000+08:00,449.1863708496094,9.912944793701172,12.78515625,26.97100067138672,0.13351376354694366,387.0,6.2170000076293945,3.6029999256134033,2151.800048828125,513.28125,2.067187547683716,1.0788134336471558,2720.0,513.28125,2.067187547683716,1.0788134336471558,2720.0,513.28125,2.067187547683716,1.0788134336471558,2720.0
2026-09-14T16:19:00.000+08:00,446.4637145996094,9.886783599853516,12.819580078125,25.999046325683594,0.1385820060968399,387.0,6.204999923706055,3.6080000400543213,2151.89990234375,513.28125,2.0289063453674316,1.0602411031723022,2720.0,513.28125,2.0289063453674316,1.0602411031723022,2720.0,513.28125,2.0289063453674316,1.0602411031723022,2720.0
2026-09-14T16:20:00.000+08:00,443.49444580078125,9.903366088867188,12.819580078125,24.828079223632812,0.1451985090970993,386.79998779296875,6.2179999351501465,3.6019999980926514,2151.89990234375,513.28125,2.0289063453674316,1.0646823644638062,2720.0,513.28125,2.0289063453674316,1.0646823644638062,2720.0,513.28125,2.0289063453674316,1.0646823644638062,2720.0
2026-09-14T16:21:00.000+08:00,460.3694763183594,9.919944763183594,12.8681640625,26.26580810546875,0.1372126042842865,387.1000061035156,6.209000110626221,3.614000082015991,2152.0,513.28125,2.0289063453674316,1.0644131898880005,2720.0,513.28125,2.0289063453674316,1.0644131898880005,2720.0,513.28125,2.0289063453674316,1.0644131898880005,2720.0
2026-09-14T16:22:00.000+08:00,449.9697265625,9.88253402709961,12.8056640625,26.359195709228516,0.1369161605834961,387.29998779296875,6.210000038146973,3.6089999675750732,2152.0,513.28125,2.0289063453674316,1.063201904296875,2720.0,513.28125,2.0289063453674316,1.063201904296875,2720.0,513.28125,2.0289063453674316,1.063201904296875,2720.0
2026-09-14T16:23:00.000+08:00,443.3448486328125,9.907028198242188,12.770751953125,26.79531478881836,0.13442648947238922,387.1000061035156,6.2170000076293945,3.6070001125335693,2152.10009765625,513.28125,2.0289063453674316,1.0626635551452637,2720.0,513.28125,2.0289063453674316,1.0626635551452637,2720.0,513.28125,2.0289063453674316,1.0626635551452637,2720.0
2026-09-14T16:24:00.000+08:00,463.85443115234375,9.834358215332031,12.7294921875,27.285717010498047,0.13190051913261414,386.79998779296875,6.209000110626221,3.5969998836517334,2152.199951171875,513.28125,2.0289063453674316,1.0598373413085938,2720.0,513.28125,2.0289063453674316,1.0598373413085938,2720.0,513.28125,2.0289063453674316,1.0598373413085938,2720.0
2026-09-14T16:25:00.000+08:00,455.4523620605469,9.895393371582031,12.90283203125,26.002676010131836,0.13867802917957306,387.1000061035156,6.203999996185303,3.6040000915527344,2152.199951171875,513.28125,2.0289063453674316,1.0606448650360107,2720.0,513.28125,2.0289063453674316,1.0606448650360107,2720.0,513.28125,2.0289063453674316,1.0606448650360107,2720.0
2026-09-14T16:26:00.000+08:00,450.4299011230469,9.838756561279297,12.979248046875,26.707473754882812,0.13456907868385315,386.6000061035156,6.2170000076293945,3.5889999866485596,2152.300048828125,513.28125,2.0289063453674316,1.057684063911438,2720.0,513.28125,2.0289063453674316,1.057684063911438,2720.0,513.28125,2.0289063453674316,1.057684063911438,2720.0
2026-09-14T16:27:00.000+08:00,456.6620178222656,9.913543701171875,12.9169921875,25.93790626525879,0.13910144567489624,386.29998779296875,6.203999996185303,3.5920000076293945,2152.300048828125,513.28125,2.0289063453674316,1.0555306673049927,2720.0,513.28125,2.0289063453674316,1.0555306673049927,2720.0,513.28125,2.0289063453674316,1.0555306673049927,2720.0
2026-09-14T16:28:00.000+08:00,449.9313049316406,9.920284271240234,12.875,26.79046058654785,0.1347121298313141,386.79998779296875,6.216000080108643,3.615999937057495,2152.39990234375,513.28125,2.067187547683716,1.0672394037246704,2720.0,513.28125,2.067187547683716,1.0672394037246704,2720.0,513.28125,2.067187547683716,1.0672394037246704,2720.0
2026-09-14T16:29:00.000+08:00,448.9527282714844,9.82183837890625,12.9306640625,28.125186920166016,0.1281413733959198,386.79998779296875,6.191999912261963,3.6040000915527344,2152.5,513.28125,2.067187547683716,1.0734301805496216,2720.0,513.28125,2.067187547683716,1.0734301805496216,2720.0,513.28125,2.067187547683716,1.0734301805496216,2720.0
2026-09-14T16:30:00.000+08:00,460.32440185546875,9.888351440429688,12.8681640625,27.684547424316406,0.1294585019350052,386.8999938964844,6.178999900817871,3.6010000705718994,2152.5,513.28125,2.0289063453674316,1.0614523887634277,2720.0,513.28125,2.0289063453674316,1.0614523887634277,2720.0,513.28125,2.0289063453674316,1.0614523887634277,2720.0
2026-09-14T16:31:00.000+08:00,451.3414001464844,9.911674499511719,12.84765625,26.892423629760742,0.13420136272907257,386.70001220703125,6.172999858856201,3.5989999771118164,2152.60009765625,513.28125,2.0289063453674316,1.0680469274520874,2720.0,513.28125,2.0289063453674316,1.0680469274520874,2720.0,513.28125,2.0289063453674316,1.0680469274520874,2720.0
2026-09-14T16:32:00.000+08:00,447.969482421875,9.910030364990234,12.875,26.344722747802734,0.13664975762367249,386.70001220703125,6.166999816894531,3.5920000076293945,2152.60009765625,513.28125,2.067187547683716,1.0692580938339233,2720.0,513.28125,2.067187547683716,1.0692580938339233,2720.0,513.28125,2.067187547683716,1.0692580938339233,2720.0
2026-09-14T16:33:00.000+08:00,457.7777099609375,9.903190612792969,12.958251953125,26.7641658782959,0.13469502329826355,386.79998779296875,6.186999797821045,3.5989999771118164,2152.699951171875,513.28125,2.0289063453674316,1.0580878257751465,2720.0,513.28125,2.0289063453674316,1.0580878257751465,2720.0,513.28125,2.0289063453674316,1.0580878257751465,2720.0
2026-09-14T16:34:00.000+08:00,459.9716491699219,9.883926391601562,12.9033203125,26.814483642578125,0.1343303769826889,386.70001220703125,6.169000148773193,3.5969998836517334,2152.800048828125,513.28125,2.0289063453674316,1.0592989921569824,2720.0,513.28125,2.0289063453674316,1.0592989921569824,2720.0,513.28125,2.0289063453674316,1.0592989921569824,2720.0
2026-09-14T16:35:00.000+08:00,458.61322021484375,9.822624206542969,12.9306640625,27.444765090942383,0.13120898604393005,386.79998779296875,6.179999828338623,3.5989999771118164,2152.800048828125,513.28125,2.0289063453674316,1.0606448650360107,2720.0,513.28125,2.0289063453674316,1.0606448650360107,2720.0,513.28125,2.0289063453674316,1.0606448650360107,2720.0
2026-09-14T16:36:00.000+08:00,452.9859313964844,9.878692626953125,12.986083984375,27.456457138061523,0.13111668825149536,386.6000061035156,6.177999973297119,3.5950000286102295,2152.89990234375,513.28125,2.0289063453674316,1.0539157390594482,2720.0,513.28125,2.0289063453674316,1.0539157390594482,2720.0,513.28125,2.0289063453674316,1.0539157390594482,2720.0
2026-09-14T16:37:00.000+08:00,471.2445373535156,9.925025939941406,12.9306640625,27.610498428344727,0.13027653098106384,386.70001220703125,6.165999889373779,3.5929999351501465,2152.89990234375,513.28125,2.0289063453674316,1.0580878257751465,2720.0,513.28125,2.0289063453674316,1.0580878257751465,2720.0,513.28125,2.0289063453674316,1.0580878257751465,2720.0
2026-09-14T16:38:00.000+08:00,459.9061279296875,9.87887191772461,12.84765625,28.05002212524414,0.12859170138835907,386.70001220703125,6.201000213623047,3.6059999465942383,2153.0,513.28125,2.067187547683716,1.0728918313980103,2720.0,513.28125,2.067187547683716,1.0728918313980103,2720.0,513.28125,2.067187547683716,1.0728918313980103,2720.0
2026-09-14T16:39:00.000+08:00,461.0686340332031,9.89815902709961,12.888916015625,27.895381927490234,0.12876683473587036,386.3999938964844,6.159999847412109,3.5929999351501465,2153.10009765625,513.28125,2.067187547683716,1.0712769031524658,2720.0,513.28125,2.067187547683716,1.0712769031524658,2720.0,513.28125,2.067187547683716,1.0712769031524658,2720.0
2026-09-14T16:40:00.000+08:00,455.1779479980469,9.926593780517578,12.875,27.567583084106445,0.13055188953876495,386.79998779296875,6.1570000648498535,3.5999999046325684,2153.10009765625,513.28125,2.0289063453674316,1.056069016456604,2720.0,513.28125,2.0289063453674316,1.056069016456604,2720.0,513.28125,2.0289063453674316,1.056069016456604,2720.0
2026-09-14T16:41:00.000+08:00,467.0671081542969,nan,nan,26.255847930908203,0.1371123045682907,nan,nan,nan,nan,nan,nan,nan,nan,nan,nan,nan,nan,nan,nan,nan,nan
2026-09-14T16:42:00.000+08:00,471.3236999511719,9.86863899230957,12.955078125,28.246280670166016,0.12691937386989594,386.8999938964844,6.173500061035156,3.604499936103821,2153.199951171875,513.28125,2.0480469465255737,1.0644804239273071,2720.0,513.28125,2.0480469465255737,1.0644804239273071,2720.0,513.28125,2.0480469465255737,1.0644804239273071,2720.0
2026-09-14T16:43:00.000+08:00,451.85601806640625,9.857707977294922,12.979248046875,26.91036605834961,0.13392609357833862,386.5,6.14300012588501,3.5850000381469727,2153.300048828125,513.28125,2.0289063453674316,1.059702754020691,2720.0,513.28125,2.0289063453674316,1.059702754020691,2720.0,513.28125,2.0289063453674316,1.059702754020691,2720.0
2026-09-14T16:44:00.000+08:00,459.09814453125,9.913013458251953,13.0,27.11743927001953,0.13268214464187622,387.0,6.201000213623047,3.61899995803833,2153.39990234375,513.28125,2.0289063453674316,1.0634710788726807,2720.0,513.28125,2.0289063453674316,1.0634710788726807,2720.0,513.28125,2.0289063453674316,1.0634710788726807,2720.0
2026-09-14T16:45:00.000+08:00,466.4817810058594,9.904701232910156,13.0,27.653169631958008,0.13040097057819366,387.5,6.218999862670898,3.621000051498413,2153.39990234375,513.28125,2.0289063453674316,1.0653551816940308,2721.0,513.28125,2.0289063453674316,1.0653551816940308,2721.0,513.28125,2.0289063453674316,1.0653551816940308,2721.0
2026-09-14T16:46:00.000+08:00,459.01983642578125,9.920909881591797,13.03515625,28.29756736755371,0.1269720494747162,386.79998779296875,6.205999851226807,3.6019999980926514,2153.5,513.28125,2.067187547683716,1.066028118133545,2721.0,513.28125,2.067187547683716,1.066028118133545,2721.0,513.28125,2.067187547683716,1.066028118133545,2721.0
2026-09-14T16:47:00.000+08:00,459.1522216796875,9.847354888916016,13.007080078125,28.899612426757812,0.1243269294500351,387.0,6.164000034332275,3.5999999046325684,2153.5,513.28125,2.067187547683716,1.0770639181137085,2721.0,513.28125,2.067187547683716,1.0770639181137085,2721.0,513.28125,2.067187547683716,1.0770639181137085,2721.0
2026-09-14T16:48:00.000+08:00,455.3167724609375,9.702346801757812,12.91015625,28.762866973876953,0.12575241923332214,387.0,6.198999881744385,3.6059999465942383,2153.60009765625,513.28125,2.067187547683716,1.0714114904403687,2721.0,513.28125,2.067187547683716,1.0714114904403687,2721.0,513.28125,2.067187547683716,1.0714114904403687,2721.0
2026-09-14T16:49:00.000+08:00,453.0617370605469,9.58258056640625,12.819580078125,28.02579689025879,0.1284530758857727,387.0,6.202000141143799,3.5959999561309814,2153.699951171875,513.28125,2.0289063453674316,1.0602411031723022,2721.0,513.28125,2.0289063453674316,1.0602411031723022,2721.0,513.28125,2.0289063453674316,1.0602411031723022,2721.0
2026-09-14T16:50:00.000+08:00,454.67333984375,9.505165100097656,12.784912109375,29.013254165649414,0.12439142912626266,387.1000061035156,6.181000232696533,3.6050000190734863,2153.699951171875,513.28125,2.0289063453674316,1.063201904296875,2721.0,513.28125,2.0289063453674316,1.063201904296875,2721.0,513.28125,2.0289063453674316,1.063201904296875,2721.0
2026-09-14T16:51:00.000+08:00,461.955322265625,9.575069427490234,12.8125,29.435409545898438,0.12216579169034958,387.1000061035156,6.2230000495910645,3.618000030517578,2153.800048828125,513.28125,2.0289063453674316,1.0644131898880005,2721.0,513.28125,2.0289063453674316,1.0644131898880005,2721.0,513.28125,2.0289063453674316,1.0644131898880005,2721.0
2026-09-14T16:52:00.000+08:00,456.2786865234375,9.53921890258789,12.736328125,29.65184783935547,0.12164503335952759,387.5,6.235000133514404,3.627000093460083,2153.800048828125,513.28125,2.0289063453674316,1.0673739910125732,2721.0,513.28125,2.0289063453674316,1.0673739910125732,2721.0,513.28125,2.0289063453674316,1.0673739910125732,2721.0
2026-09-14T16:53:00.000+08:00,457.14398193359375,9.506462097167969,12.7158203125,29.1654052734375,0.12363962829113007,387.70001220703125,6.202000141143799,3.628000020980835,2153.89990234375,513.28125,2.067187547683716,1.0777368545532227,2721.0,513.28125,2.067187547683716,1.0777368545532227,2721.0,513.28125,2.067187547683716,1.0777368545532227,2721.0
2026-09-14T16:54:00.000+08:00,459.4158020019531,9.531463623046875,12.625,28.93376350402832,0.12507878243923187,387.5,6.197999954223633,3.621999979019165,2154.0,513.28125,2.067187547683716,1.0702002048492432,2721.0,513.28125,2.067187547683716,1.0702002048492432,2721.0,513.28125,2.067187547683716,1.0702002048492432,2721.0
2026-09-14T16:55:00.000+08:00,450.1936950683594,9.581680297851562,12.625,27.567476272583008,0.1315680891275406,387.3999938964844,6.211999893188477,3.615000009536743,2154.0,513.28125,2.067187547683716,1.072218894958496,2721.0,513.28125,2.067187547683716,1.072218894958496,2721.0,513.28125,2.067187547683716,1.072218894958496,2721.0
2026-09-14T16:56:00.000+08:00,452.97052001953125,9.567398071289062,12.736083984375,28.99431800842285,0.12523142993450165,387.6000061035156,6.21999979019165,3.618000030517578,2154.10009765625,513.28125,2.0289063453674316,1.0641440153121948,2721.0,513.28125,2.0289063453674316,1.0641440153121948,2721.0,513.28125,2.0289063453674316,1.0641440153121948,2721.0
2026-09-14T16:57:00.000+08:00,457.5409851074219,9.60025405883789,12.66015625,28.722496032714844,0.12578989565372467,387.79998779296875,6.208000183105469,3.631999969482422,2154.10009765625,516.796875,2.067187547683716,1.0719497203826904,2721.0,516.796875,2.067187547683716,1.0719497203826904,2721.0,516.796875,2.067187547683716,1.0719497203826904,2721.0
2026-09-14T16:58:00.000+08:00,450.40789794921875,9.611217498779297,12.736328125,27.736726760864258,0.13044077157974243,388.0,6.2270002365112305,3.628999948501587,2154.199951171875,516.796875,2.10546875,1.0889071226119995,2721.0,516.796875,2.10546875,1.0889071226119995,2721.0,516.796875,2.10546875,1.0889071226119995,2721.0
2026-09-14T16:59:00.000+08:00,459.7737121582031,9.578956604003906,12.625,28.193288803100586,0.1284702867269516,388.20001220703125,6.228000164031982,3.6389999389648438,2154.300048828125,516.796875,2.067187547683716,1.0720843076705933,2721.0,516.796875,2.067187547683716,1.0720843076705933,2721.0,516.796875,2.067187547683716,1.0720843076705933,2721.0
2026-09-14T17:00:00.000+08:00,462.04571533203125,9.583145141601562,12.7294921875,28.348520278930664,0.1276257038116455,388.3999938964844,6.234000205993652,3.638000011444092,2154.300048828125,516.796875,2.067187547683716,1.075045108795166,2721.0,516.796875,2.067187547683716,1.075045108795166,2721.0,516.796875,2.067187547683716,1.075045108795166,2721.0
2026-09-14T17:01:00.000+08:00,464.41607666015625,9.577644348144531,12.7158203125,29.096332550048828,0.12472362071275711,388.29998779296875,6.2170000076293945,3.625999927520752,2154.39990234375,516.796875,2.0289063453674316,1.0688543319702148,2721.0,516.796875,2.0289063453674316,1.0688543319702148,2721.0,516.796875,2.0289063453674316,1.0688543319702148,2721.0
2026-09-14T17:02:00.000+08:00,456.33648681640625,9.604995727539062,12.632080078125,27.694599151611328,0.1310724914073944,388.29998779296875,6.224999904632568,3.635999917984009,2154.39990234375,516.796875,2.067187547683716,1.085677146911621,2721.0,516.796875,2.067187547683716,1.085677146911621,2721.0,516.796875,2.067187547683716,1.085677146911621,2721.0
2026-09-14T17:03:00.000+08:00,460.9492492675781,9.60421371459961,12.6669921875,27.931316375732422,0.1300690472126007,388.3999938964844,6.198999881744385,3.634999990463257,2154.5,516.796875,2.067187547683716,1.0762563943862915,2721.0,516.796875,2.067187547683716,1.0762563943862915,2721.0,516.796875,2.067187547683716,1.0762563943862915,2721.0
2026-09-14T17:04:00.000+08:00,464.9386901855469,9.624351501464844,12.694580078125,29.260194778442383,0.12423020601272583,388.29998779296875,6.203000068664551,3.638000011444092,2154.60009765625,516.796875,2.067187547683716,1.0762563943862915,2721.0,516.796875,2.067187547683716,1.0762563943862915,2721.0,516.796875,2.067187547683716,1.0762563943862915,2721.0
2026-09-14T17:05:00.000+08:00,467.1800537109375,9.566810607910156,12.597412109375,28.888883590698242,0.12597234547138214,388.29998779296875,6.205999851226807,3.6419999599456787,2154.60009765625,516.796875,2.067187547683716,1.0712769031524658,2721.0,516.796875,2.067187547683716,1.0712769031524658,2721.0,516.796875,2.067187547683716,1.0712769031524658,2721.0
2026-09-14T17:06:00.000+08:00,454.1961669921875,9.567207336425781,12.604248046875,27.51344871520996,0.13222624361515045,388.29998779296875,6.202000141143799,3.634999990463257,2154.699951171875,516.796875,2.067187547683716,1.0724880695343018,2721.0,516.796875,2.067187547683716,1.0724880695343018,2721.0,516.796875,2.067187547683716,1.0724880695343018,2721.0
2026-09-14T17:07:00.000+08:00,455.64599609375,9.56353759765625,12.625,27.703493118286133,0.13128307461738586,388.20001220703125,6.197999954223633,3.635999917984009,2154.699951171875,516.796875,2.0289063453674316,1.0671048164367676,2721.0,516.796875,2.0289063453674316,1.0671048164367676,2721.0,516.796875,2.0289063453674316,1.0671048164367676,2721.0
2026-09-14T17:08:00.000+08:00,470.2143859863281,9.58050537109375,12.632080078125,27.936115264892578,0.13011829555034637,387.8999938964844,6.190000057220459,3.628000020980835,2154.800048828125,516.796875,2.067187547683716,1.068719744682312,2721.0,516.796875,2.067187547683716,1.068719744682312,2721.0,516.796875,2.067187547683716,1.068719744682312,2721.0
2026-09-14T17:09:00.000+08:00,458.6740417480469,9.615364074707031,12.59765625,27.414382934570312,0.1327405422925949,387.79998779296875,6.197000026702881,3.631999969482422,2154.89990234375,516.796875,2.067187547683716,1.088503360748291,2721.0,516.796875,2.067187547683716,1.088503360748291,2721.0,516.796875,2.067187547683716,1.088503360748291,2721.0
2026-09-14T17:10:00.000+08:00,465.2537841796875,9.615753173828125,12.604248046875,27.7803897857666,0.1309196949005127,387.8999938964844,6.2129998207092285,3.627000093460083,2154.89990234375,516.796875,2.067187547683716,1.0728918313980103,2721.0,516.796875,2.067187547683716,1.0728918313980103,2721.0,516.796875,2.067187547683716,1.0728918313980103,2721.0
2026-09-14T17:11:00.000+08:00,455.1396484375,9.589099884033203,12.701416015625,27.13578987121582,0.13380852341651917,387.6000061035156,6.203999996185303,3.63100004196167,2155.0,516.796875,2.067187547683716,1.069527268409729,2721.0,516.796875,2.067187547683716,1.069527268409729,2721.0,516.796875,2.067187547683716,1.069527268409729,2721.0
2026-09-14T17:12:00.000+08:00,459.3634948730469,9.677776336669922,12.6806640625,27.282339096069336,0.13294313848018646,388.1000061035156,6.244999885559082,3.632999897003174,2155.0,516.796875,2.067187547683716,1.0708731412887573,2721.0,516.796875,2.067187547683716,1.0708731412887573,2721.0,516.796875,2.067187547683716,1.0708731412887573,2721.0
2026-09-14T17:13:00.000+08:00,450.0846862792969,9.65997314453125,12.6806640625,28.24089813232422,0.12850157916545868,387.8999938964844,6.239999771118164,3.635999917984009,2155.10009765625,516.796875,2.067187547683716,1.0753142833709717,2721.0,516.796875,2.067187547683716,1.0753142833709717,2721.0,516.796875,2.067187547683716,1.0753142833709717,2721.0
2026-09-14T17:14:00.000+08:00,459.8862609863281,9.68142318725586,12.6044921875,28.712738037109375,0.12635506689548492,387.8999938964844,6.250999927520752,3.63700008392334,2155.199951171875,516.796875,2.067187547683716,1.070334792137146,2721.0,516.796875,2.067187547683716,1.070334792137146,2721.0,516.796875,2.067187547683716,1.070334792137146,2721.0
2026-09-14T17:15:00.000+08:00,464.2426452636719,9.630390167236328,12.625,27.616710662841797,0.13176804780960083,387.79998779296875,6.210000038146973,3.627000093460083,2155.199951171875,516.796875,2.067187547683716,1.071142315864563,2721.0,516.796875,2.067187547683716,1.071142315864563,2721.0,516.796875,2.067187547683716,1.071142315864563,2721.0
2026-09-14T17:16:00.000+08:00,459.87579345703125,9.645103454589844,12.6181640625,27.325332641601562,0.1327705681324005,387.8999938964844,6.195000171661377,3.63100004196167,2155.300048828125,516.796875,2.067187547683716,1.0699310302734375,2721.0,516.796875,2.067187547683716,1.0699310302734375,2721.0,516.796875,2.067187547683716,1.0699310302734375,2721.0
2026-09-14T17:17:00.000+08:00,457.283935546875,9.64300537109375,12.625,27.652833938598633,0.13141509890556335,387.70001220703125,6.198999881744385,3.625,2155.39990234375,516.796875,2.067187547683716,1.0707385540008545,2721.0,516.796875,2.067187547683716,1.0707385540008545,2721.0,516.796875,2.067187547683716,1.0707385540008545,2721.0
2026-09-14T17:18:00.000+08:00,459.0758361816406,9.693962097167969,12.6875,27.41716766357422,0.13217996060848236,387.79998779296875,6.215000152587891,3.625,2155.39990234375,516.796875,2.067187547683716,1.0847351551055908,2721.0,516.796875,2.067187547683716,1.0847351551055908,2721.0,516.796875,2.067187547683716,1.0847351551055908,2721.0
2026-09-14T17:19:00.000+08:00,461.72662353515625,9.651290893554688,12.645751953125,26.97756576538086,0.13466744124889374,387.79998779296875,6.2170000076293945,3.634000062942505,2155.5,516.796875,2.067187547683716,1.0699310302734375,2721.0,516.796875,2.067187547683716,1.0699310302734375,2721.0,516.796875,2.067187547683716,1.0699310302734375,2721.0
2026-09-14T17:20:00.000+08:00,457.0169372558594,9.627605438232422,12.659912109375,27.372102737426758,0.13225144147872925,388.1000061035156,6.22599983215332,3.634000062942505,2155.5,516.796875,2.0289063453674316,1.0683159828186035,2721.0,516.796875,2.0289063453674316,1.0683159828186035,2721.0,516.796875,2.0289063453674316,1.0683159828186035,2721.0
2026-09-14T17:21:00.000+08:00,459.39447021484375,9.714183807373047,12.673828125,27.522254943847656,0.13160258531570435,387.6000061035156,6.215000152587891,3.615999937057495,2155.60009765625,513.28125,2.0289063453674316,1.064816951751709,2721.0,513.28125,2.0289063453674316,1.064816951751709,2721.0,513.28125,2.0289063453674316,1.064816951751709,2721.0
2026-09-14T17:22:00.000+08:00,461.1390075683594,9.672687530517578,12.611328125,27.088638305664062,0.13393068313598633,387.5,6.209000110626221,3.617000102996826,2155.699951171875,513.28125,2.0289063453674316,1.064816951751709,2721.0,513.28125,2.0289063453674316,1.064816951751709,2721.0,513.28125,2.0289063453674316,1.064816951751709,2721.0
2026-09-14T17:23:00.000+08:00,456.86468505859375,9.643791198730469,12.625,27.153676986694336,0.13379403948783875,387.29998779296875,6.218999862670898,3.621999979019165,2155.699951171875,513.28125,2.0289063453674316,1.0661627054214478,2721.0,513.28125,2.0289063453674316,1.0661627054214478,2721.0,513.28125,2.0289063453674316,1.0661627054214478,2721.0
2026-09-14T17:24:00.000+08:00,465.9183044433594,9.690887451171875,12.659912109375,28.18001365661621,0.12831789255142212,387.5,6.223999977111816,3.618000030517578,2155.800048828125,513.28125,2.0289063453674316,1.0627981424331665,2721.0,513.28125,2.0289063453674316,1.0627981424331665,2721.0,513.28125,2.0289063453674316,1.0627981424331665,2721.0
2026-09-14T17:25:00.000+08:00,461.9596252441406,9.644569396972656,12.645751953125,26.400306701660156,0.1371196210384369,387.79998779296875,6.197999954223633,3.615000009536743,2155.800048828125,516.796875,2.067187547683716,1.0707385540008545,2721.0,516.796875,2.067187547683716,1.0707385540008545,2721.0,516.796875,2.067187547683716,1.0707385540008545,2721.0
2026-09-14T17:26:00.000+08:00,458.19232177734375,9.711849212646484,12.625,27.691293716430664,0.1305825561285019,387.5,6.196000099182129,3.6089999675750732,2155.89990234375,513.28125,2.0289063453674316,1.0653551816940308,2721.0,513.28125,2.0289063453674316,1.0653551816940308,2721.0,513.28125,2.0289063453674316,1.0653551816940308,2721.0
2026-09-14T17:27:00.000+08:00,456.5250549316406,9.734088897705078,12.5625,26.909687042236328,0.13415242731571198,387.6000061035156,6.206999778747559,3.622999906539917,2156.0,513.28125,2.067187547683716,1.0702002048492432,2721.0,513.28125,2.067187547683716,1.0702002048492432,2721.0,513.28125,2.067187547683716,1.0702002048492432,2721.0
2026-09-14T17:28:00.000+08:00,454.4195556640625,9.849857330322266,12.673828125,26.795106887817383,0.13532321155071259,387.79998779296875,6.2210001945495605,3.625,2156.0,516.796875,2.067187547683716,1.0699310302734375,2721.0,516.796875,2.067187547683716,1.0699310302734375,2721.0,516.796875,2.067187547683716,1.0699310302734375,2721.0
2026-09-14T17:29:00.000+08:00,461.1414489746094,9.84747314453125,12.6669921875,26.816991806030273,0.1352873593568802,387.79998779296875,6.242000102996826,3.63100004196167,2156.10009765625,516.796875,2.0289063453674316,1.0657589435577393,2721.0,516.796875,2.0289063453674316,1.0657589435577393,2721.0,516.796875,2.0289063453674316,1.0657589435577393,2721.0
2026-09-14T17:30:00.000+08:00,455.89434814453125,9.868003845214844,12.6669921875,26.866918563842773,0.13466374576091766,387.79998779296875,6.232999801635742,3.630000114440918,2156.10009765625,513.28125,2.067187547683716,1.080159306526184,2721.0,513.28125,2.067187547683716,1.080159306526184,2721.0,513.28125,2.067187547683716,1.080159306526184,2721.0
2026-09-14T17:31:00.000+08:00,454.424560546875,9.840362548828125,12.625,26.378812789916992,0.13745880126953125,387.70001220703125,6.2270002365112305,3.624000072479248,2156.199951171875,513.28125,2.067187547683716,1.0677777528762817,2721.0,513.28125,2.067187547683716,1.0677777528762817,2721.0,513.28125,2.067187547683716,1.0677777528762817,2721.0
2026-09-14T17:32:00.000+08:00,469.34759521484375,9.849472045898438,12.666748046875,25.942230224609375,0.13942517340183258,387.5,6.214000225067139,3.61899995803833,2156.300048828125,513.28125,2.067187547683716,1.0673739910125732,2721.0,513.28125,2.067187547683716,1.0673739910125732,2721.0,513.28125,2.067187547683716,1.0673739910125732,2721.0
2026-09-14T17:33:00.000+08:00,465.1058349609375,9.870922088623047,12.611328125,26.267963409423828,0.13788659870624542,387.6000061035156,6.202000141143799,3.619999885559082,2156.300048828125,513.28125,2.067187547683716,1.07477605342865,2721.0,513.28125,2.067187547683716,1.07477605342865,2721.0,513.28125,2.067187547683716,1.07477605342865,2721.0
2026-09-14T17:34:00.000+08:00,475.9431457519531,9.83011245727539,12.659912109375,26.03110122680664,0.13929492235183716,387.5,6.184999942779541,3.615000009536743,2156.39990234375,513.28125,2.067187547683716,1.0697964429855347,2721.0,513.28125,2.067187547683716,1.0697964429855347,2721.0,513.28125,2.067187547683716,1.0697964429855347,2721.0
2026-09-14T17:35:00.000+08:00,462.4056701660156,9.880390167236328,12.666748046875,25.319629669189453,0.14305105805397034,387.29998779296875,6.203999996185303,3.61299991607666,2156.39990234375,513.28125,2.067187547683716,1.073026418685913,2721.0,513.28125,2.067187547683716,1.073026418685913,2721.0,513.28125,2.067187547683716,1.073026418685913,2721.0
2026-09-14T17:36:00.000+08:00,463.0539245605469,9.845325469970703,12.513916015625,24.689289093017578,0.14650078117847443,387.3999938964844,6.2270002365112305,3.615999937057495,2156.5,513.28125,2.067187547683716,1.0661627054214478,2721.0,513.28125,2.067187547683716,1.0661627054214478,2721.0,513.28125,2.067187547683716,1.0661627054214478,2721.0
2026-09-14T17:37:00.000+08:00,462.2414245605469,9.848884582519531,12.53515625,25.403980255126953,0.142300546169281,387.5,6.247000217437744,3.621999979019165,2156.60009765625,513.28125,2.067187547683716,1.0689889192581177,2721.0,513.28125,2.067187547683716,1.0689889192581177,2721.0,513.28125,2.067187547683716,1.0689889192581177,2721.0
2026-09-14T17:38:00.000+08:00,465.94342041015625,9.82913589477539,12.534912109375,25.51711654663086,0.1418655663728714,386.8999938964844,6.228000164031982,3.6070001125335693,2156.60009765625,513.28125,2.0289063453674316,1.0646823644638062,2721.0,513.28125,2.0289063453674316,1.0646823644638062,2721.0,513.28125,2.0289063453674316,1.0646823644638062,2721.0
2026-09-14T17:39:00.000+08:00,472.41796875,9.868637084960938,12.534912109375,25.405498504638672,0.1427643597126007,387.3999938964844,6.209000110626221,3.621999979019165,2156.699951171875,513.28125,2.067187547683716,1.0685851573944092,2721.0,513.28125,2.067187547683716,1.0685851573944092,2721.0,513.28125,2.067187547683716,1.0685851573944092,2721.0
2026-09-14T17:40:00.000+08:00,465.0902099609375,nan,nan,24.530149459838867,0.1472066044807434,nan,nan,nan,nan,nan,nan,nan,nan,nan,nan,nan,nan,nan,nan,nan,nan
2026-09-14T17:41:00.000+08:00,471.41552734375,9.856010437011719,12.5313720703125,24.28602409362793,0.14876869320869446,387.3500061035156,6.211999893188477,3.624500036239624,2156.75,513.28125,2.067187547683716,1.067306637763977,2721.5,513.28125,2.067187547683716,1.067306637763977,2721.5,513.28125,2.067187547683716,1.067306637763977,2721.5
2026-09-14T17:42:00.000+08:00,472.8615417480469,9.771053314208984,12.486328125,25.391700744628906,0.14272379875183105,387.5,6.216000080108643,3.621999979019165,2156.89990234375,516.796875,2.067187547683716,1.0683159828186035,2722.0,516.796875,2.067187547683716,1.0683159828186035,2722.0,516.796875,2.067187547683716,1.0683159828186035,2722.0
2026-09-14T17:43:00.000+08:00,473.81903076171875,9.809391021728516,12.4931640625,24.781919479370117,0.14591284096240997,387.29998779296875,6.2220001220703125,3.618000030517578,2156.89990234375,513.28125,2.0289063453674316,1.064816951751709,2722.0,513.28125,2.0289063453674316,1.064816951751709,2722.0,513.28125,2.0289063453674316,1.064816951751709,2722.0
2026-09-14T17:44:00.000+08:00,467.0662536621094,9.874202728271484,12.4794921875,25.61526870727539,0.14179043471813202,387.5,6.232999801635742,3.627000093460083,2157.0,513.28125,2.0289063453674316,1.0665664672851562,2722.0,513.28125,2.0289063453674316,1.0665664672851562,2722.0,513.28125,2.0289063453674316,1.0665664672851562,2722.0
2026-09-14T17:45:00.000+08:00,472.7063293457031,9.81264877319336,12.4306640625,24.757246017456055,0.1465025544166565,387.20001220703125,6.215000152587891,3.624000072479248,2157.0,513.28125,2.067187547683716,1.0673739910125732,2722.0,513.28125,2.067187547683716,1.0673739910125732,2722.0,513.28125,2.067187547683716,1.0673739910125732,2722.0
2026-09-14T17:46:00.000+08:00,472.64300537109375,9.819404602050781,12.47265625,26.116222381591797,0.13853459060192108,387.5,6.197000026702881,3.624000072479248,2157.10009765625,513.28125,2.0289063453674316,1.0657589435577393,2722.0,513.28125,2.0289063453674316,1.0657589435577393,2722.0,513.28125,2.0289063453674316,1.0657589435577393,2722.0
2026-09-14T17:47:00.000+08:00,479.93011474609375,9.833240509033203,12.375,26.486146926879883,0.13682624697685242,387.29998779296875,6.23799991607666,3.615999937057495,2157.199951171875,513.28125,2.0289063453674316,1.061183214187622,2722.0,513.28125,2.0289063453674316,1.061183214187622,2722.0,513.28125,2.0289063453674316,1.061183214187622,2722.0
2026-09-14T17:48:00.000+08:00,473.89910888671875,9.78030014038086,12.416748046875,25.065990447998047,0.14525657892227173,387.5,6.197000026702881,3.615000009536743,2157.199951171875,513.28125,2.067187547683716,1.0702002048492432,2722.0,513.28125,2.067187547683716,1.0702002048492432,2722.0,513.28125,2.067187547683716,1.0702002048492432,2722.0
2026-09-14T17:49:00.000+08:00,485.3825988769531,9.810237884521484,12.423828125,25.590471267700195,0.1414589136838913,387.20001220703125,6.211999893188477,3.611999988555908,2157.300048828125,513.28125,2.0289063453674316,1.0656243562698364,2722.0,513.28125,2.0289063453674316,1.0656243562698364,2722.0,513.28125,2.0289063453674316,1.0656243562698364,2722.0
2026-09-14T17:50:00.000+08:00,468.6896667480469,9.756729125976562,12.5556640625,24.10504722595215,0.15042492747306824,387.5,6.201000213623047,3.6089999675750732,2157.300048828125,513.28125,2.067187547683716,1.0871576070785522,2722.0,513.28125,2.067187547683716,1.0871576070785522,2722.0,513.28125,2.067187547683716,1.0871576070785522,2722.0
2026-09-14T17:51:00.000+08:00,482.70849609375,9.791252136230469,12.4169921875,24.82882308959961,0.14595939218997955,387.20001220703125,6.197000026702881,3.6110000610351562,2157.39990234375,513.28125,2.067187547683716,1.0726226568222046,2722.0,513.28125,2.067187547683716,1.0726226568222046,2722.0,513.28125,2.067187547683716,1.0726226568222046,2722.0
2026-09-14T17:52:00.000+08:00,469.2116394042969,9.845775604248047,12.4375,25.278562545776367,0.14340214431285858,387.5,6.202000141143799,3.615999937057495,2157.5,513.28125,2.0289063453674316,1.0673739910125732,2722.0,513.28125,2.0289063453674316,1.0673739910125732,2722.0,513.28125,2.0289063453674316,1.0673739910125732,2722.0
2026-09-14T17:53:00.000+08:00,463.5284118652344,9.836353302001953,12.486328125,24.269023895263672,0.1493261456489563,387.29998779296875,6.208000183105469,3.615999937057495,2157.5,513.28125,2.067187547683716,1.0661627054214478,2722.0,513.28125,2.067187547683716,1.0661627054214478,2722.0,513.28125,2.067187547683716,1.0661627054214478,2722.0
2026-09-14T17:54:00.000+08:00,471.0525207519531,9.822151184082031,12.38916015625,25.302974700927734,0.14322426915168762,387.6000061035156,6.2210001945495605,3.622999906539917,2157.60009765625,516.796875,2.0289063453674316,1.0669702291488647,2722.0,516.796875,2.0289063453674316,1.0669702291488647,2722.0,516.796875,2.0289063453674316,1.0669702291488647,2722.0
2026-09-14T17:55:00.000+08:00,462.5726318359375,9.825347900390625,12.375,24.27643585205078,0.14956890046596527,387.20001220703125,6.2129998207092285,3.621000051498413,2157.60009765625,513.28125,2.0289063453674316,1.063201904296875,2722.0,513.28125,2.0289063453674316,1.063201904296875,2722.0,513.28125,2.0289063453674316,1.063201904296875,2722.0
2026-09-14T17:56:00.000+08:00,467.3089904785156,9.860511779785156,12.4033203125,24.160696029663086,0.1497887223958969,387.79998779296875,6.203000068664551,3.630000114440918,2157.699951171875,516.796875,2.067187547683716,1.069527268409729,2722.0,516.796875,2.067187547683716,1.069527268409729,2722.0,516.796875,2.067187547683716,1.069527268409729,2722.0
2026-09-14T17:57:00.000+08:00,471.8384704589844,9.866962432861328,12.34033203125,24.04368019104004,0.15051771700382233,387.29998779296875,6.202000141143799,3.617000102996826,2157.800048828125,513.28125,2.067187547683716,1.0706039667129517,2722.0,513.28125,2.067187547683716,1.0706039667129517,2722.0,513.28125,2.067187547683716,1.0706039667129517,2722.0
2026-09-14T17:58:00.000+08:00,455.2279357910156,9.832870483398438,12.4306640625,22.2947940826416,0.16210061311721802,387.3999938964844,6.202000141143799,3.615000009536743,2157.800048828125,513.28125,2.067187547683716,1.066835641860962,2722.0,513.28125,2.067187547683716,1.066835641860962,2722.0,513.28125,2.067187547683716,1.066835641860962,2722.0
2026-09-14T17:59:00.000+08:00,455.0975646972656,9.833553314208984,12.4375,23.127330780029297,0.15661123394966125,387.29998779296875,6.244999885559082,3.6070001125335693,2157.89990234375,513.28125,2.067187547683716,1.0792171955108643,2722.0,513.28125,2.067187547683716,1.0792171955108643,2722.0,513.28125,2.067187547683716,1.0792171955108643,2722.0
2026-09-14T18:00:00.000+08:00,462.5808410644531,9.826812744140625,12.4794921875,23.843664169311523,0.151570662856102,387.5,6.201000213623047,3.621000051498413,2157.89990234375,513.28125,2.067187547683716,1.0685851573944092,2722.0,513.28125,2.067187547683716,1.0685851573944092,2722.0,513.28125,2.067187547683716,1.0685851573944092,2722.0
2026-09-14T18:01:00.000+08:00,466.9187316894531,9.86147689819336,12.3681640625,23.941343307495117,0.1507851928472519,387.3999938964844,6.2170000076293945,3.621000051498413,2158.0,513.28125,2.0289063453674316,1.064816951751709,2722.0,513.28125,2.0289063453674316,1.064816951751709,2722.0,513.28125,2.0289063453674316,1.064816951751709,2722.0
2026-09-14T18:02:00.000+08:00,482.9710998535156,9.784317016601562,12.354248046875,25.352567672729492,0.14223410189151764,387.5,6.223999977111816,3.6110000610351562,2158.10009765625,513.28125,2.067187547683716,1.0689889192581177,2722.0,513.28125,2.067187547683716,1.0689889192581177,2722.0,513.28125,2.067187547683716,1.0689889192581177,2722.0
2026-09-14T18:03:00.000+08:00,480.63238525390625,9.781517028808594,12.361328125,24.896867752075195,0.14499816298484802,387.5,6.211999893188477,3.6050000190734863,2158.10009765625,513.28125,2.067187547683716,1.0710077285766602,2722.0,513.28125,2.067187547683716,1.0710077285766602,2722.0,513.28125,2.067187547683716,1.0710077285766602,2722.0
2026-09-14T18:04:00.000+08:00,505.1393127441406,9.761833190917969,12.25,25.002363204956055,0.14466632902622223,387.79998779296875,6.208000183105469,3.627000093460083,2158.199951171875,513.28125,2.067187547683716,1.0689889192581177,2722.0,513.28125,2.067187547683716,1.0689889192581177,2722.0,513.28125,2.067187547683716,1.0689889192581177,2722.0
2026-09-14T18:05:00.000+08:00,501.0232849121094,9.789169311523438,12.2294921875,25.61391258239746,0.14117327332496643,387.3999938964844,6.243000030517578,3.634999990463257,2158.199951171875,513.28125,2.0289063453674316,1.064816951751709,2722.0,513.28125,2.0289063453674316,1.064816951751709,2722.0,513.28125,2.0289063453674316,1.064816951751709,2722.0
2026-09-14T18:06:00.000+08:00,491.7771301269531,9.807403564453125,12.194580078125,24.59737205505371,0.14696691930294037,387.3999938964844,6.232999801635742,3.621999979019165,2158.300048828125,513.28125,2.067187547683716,1.0656243562698364,2722.0,513.28125,2.067187547683716,1.0656243562698364,2722.0,513.28125,2.067187547683716,1.0656243562698364,2722.0
2026-09-14T18:07:00.000+08:00,491.3406066894531,9.809223175048828,12.263916015625,24.53113555908203,0.1475268006324768,387.5,6.197000026702881,3.614000082015991,2158.39990234375,513.28125,2.0289063453674316,1.0661627054214478,2722.0,513.28125,2.0289063453674316,1.0661627054214478,2722.0,513.28125,2.0289063453674316,1.0661627054214478,2722.0
2026-09-14T18:08:00.000+08:00,487.6088562011719,9.688179016113281,12.333251953125,23.844924926757812,0.15244333446025848,387.20001220703125,6.178999900817871,3.6050000190734863,2158.39990234375,513.28125,2.067187547683716,1.0664318799972534,2722.0,513.28125,2.067187547683716,1.0664318799972534,2722.0,513.28125,2.067187547683716,1.0664318799972534,2722.0
2026-09-14T18:09:00.000+08:00,492.58258056640625,9.688949584960938,12.34765625,23.335224151611328,0.15521599352359772,387.29998779296875,6.205999851226807,3.6089999675750732,2158.5,513.28125,2.0289063453674316,1.0656243562698364,2722.0,513.28125,2.0289063453674316,1.0656243562698364,2722.0,513.28125,2.0289063453674316,1.0656243562698364,2722.0
2026-09-14T18:10:00.000+08:00,492.7887268066406,9.74862289428711,12.284912109375,24.95090675354004,0.14512498676776886,387.29998779296875,6.193999767303467,3.61899995803833,2158.5,513.28125,2.0289063453674316,1.064009428024292,2722.0,513.28125,2.0289063453674316,1.064009428024292,2722.0,513.28125,2.0289063453674316,1.064009428024292,2722.0
2026-09-14T18:11:00.000+08:00,491.6204833984375,9.779308319091797,12.2919921875,25.045804977416992,0.14401613175868988,387.20001220703125,6.2220001220703125,3.609999895095825,2158.60009765625,513.28125,2.067187547683716,1.0664318799972534,2722.0,513.28125,2.067187547683716,1.0664318799972534,2722.0,513.28125,2.067187547683716,1.0664318799972534,2722.0
2026-09-14T18:12:00.000+08:00,485.6036682128906,9.752037048339844,12.291748046875,24.4533634185791,0.1475052684545517,387.3999938964844,6.202000141143799,3.615000009536743,2158.699951171875,513.28125,2.0289063453674316,1.0673739910125732,2722.0,513.28125,2.0289063453674316,1.0673739910125732,2722.0,513.28125,2.0289063453674316,1.0673739910125732,2722.0
2026-09-14T18:13:00.000+08:00,481.3016662597656,9.775062561035156,12.1875,24.82403564453125,0.1452624350786209,387.0,6.202000141143799,3.5999999046325684,2158.699951171875,513.28125,2.0289063453674316,1.0656243562698364,2722.0,513.28125,2.0289063453674316,1.0656243562698364,2722.0,513.28125,2.0289063453674316,1.0656243562698364,2722.0
2026-09-14T18:14:00.000+08:00,498.6993713378906,9.777313232421875,12.194580078125,25.106212615966797,0.14418742060661316,387.0,6.218999862670898,3.611999988555908,2158.800048828125,513.28125,2.0289063453674316,1.0626635551452637,2722.0,513.28125,2.0289063453674316,1.0626635551452637,2722.0,513.28125,2.0289063453674316,1.0626635551452637,2722.0
2026-09-14T18:15:00.000+08:00,499.99639892578125,9.767601013183594,12.1669921875,25.391761779785156,0.14248716831207275,387.29998779296875,6.190999984741211,3.619999885559082,2158.89990234375,513.28125,2.067187547683716,1.066835641860962,2722.0,513.28125,2.067187547683716,1.066835641860962,2722.0,513.28125,2.067187547683716,1.066835641860962,2722.0
2026-09-14T18:16:00.000+08:00,491.5079650878906,9.717323303222656,12.166748046875,23.762353897094727,0.15238389372825623,387.3999938964844,6.170000076293945,3.6070001125335693,2158.89990234375,513.28125,2.0289063453674316,1.0661627054214478,2722.0,513.28125,2.0289063453674316,1.0661627054214478,2722.0,513.28125,2.0289063453674316,1.0661627054214478,2722.0
2026-09-14T18:17:00.000+08:00,510.0704650878906,9.773048400878906,12.16015625,24.810762405395508,0.14521923661231995,386.6000061035156,6.185999870300293,3.6040000915527344,2159.0,513.28125,2.0289063453674316,1.0606448650360107,2722.0,513.28125,2.0289063453674316,1.0606448650360107,2722.0,513.28125,2.0289063453674316,1.0606448650360107,2722.0
2026-09-14T18:18:00.000+08:00,492.85968017578125,9.698692321777344,12.132080078125,23.126358032226562,0.15579625964164734,386.79998779296875,6.2230000495910645,3.621999979019165,2159.0,513.28125,2.0289063453674316,1.0661627054214478,2722.0,513.28125,2.0289063453674316,1.0661627054214478,2722.0,513.28125,2.0289063453674316,1.0661627054214478,2722.0
2026-09-14T18:19:00.000+08:00,499.1798095703125,9.712623596191406,12.159912109375,23.372249603271484,0.15488453209400177,387.29998779296875,6.203999996185303,3.61899995803833,2159.10009765625,513.28125,2.067187547683716,1.0661627054214478,2722.0,513.28125,2.067187547683716,1.0661627054214478,2722.0,513.28125,2.067187547683716,1.0661627054214478,2722.0
2026-09-14T18:20:00.000+08:00,517.6611328125,9.744266510009766,12.1181640625,24.641172409057617,0.14646218717098236,387.29998779296875,6.191999912261963,3.614000082015991,2159.199951171875,513.28125,2.0289063453674316,1.064816951751709,2722.0,513.28125,2.0289063453674316,1.064816951751709,2722.0,513.28125,2.0289063453674316,1.064816951751709,2722.0
2026-09-14T18:21:00.000+08:00,505.22540283203125,9.725589752197266,12.159912109375,24.730304718017578,0.1459747552871704,387.29998779296875,6.235000133514404,3.622999906539917,2159.199951171875,513.28125,2.067187547683716,1.0825817584991455,2722.0,513.28125,2.067187547683716,1.0825817584991455,2722.0,513.28125,2.067187547683716,1.0825817584991455,2722.0
2026-09-14T18:22:00.000+08:00,504.01220703125,9.699653625488281,12.1806640625,24.43646240234375,0.14822112023830414,386.70001220703125,6.206999778747559,3.6040000915527344,2159.300048828125,513.28125,2.067187547683716,1.066028118133545,2722.0,513.28125,2.067187547683716,1.066028118133545,2722.0,513.28125,2.067187547683716,1.066028118133545,2722.0
2026-09-14T18:23:00.000+08:00,502.7747802734375,9.741752624511719,12.173828125,24.035615921020508,0.15056821703910828,387.20001220703125,6.230000019073486,3.617000102996826,2159.300048828125,513.28125,2.067187547683716,1.0710077285766602,2722.0,513.28125,2.067187547683716,1.0710077285766602,2722.0,513.28125,2.067187547683716,1.0710077285766602,2722.0
2026-09-14T18:24:00.000+08:00,498.0074462890625,9.725963592529297,12.14599609375,23.6175479888916,0.1531488448381424,387.29998779296875,6.177999973297119,3.615999937057495,2159.39990234375,513.28125,2.0289063453674316,1.0586260557174683,2722.0,513.28125,2.0289063453674316,1.0586260557174683,2722.0,513.28125,2.0289063453674316,1.0586260557174683,2722.0
2026-09-14T18:25:00.000+08:00,511.8557434082031,9.626419067382812,12.1669921875,25.107891082763672,0.1438591629266739,387.29998779296875,6.196000099182129,3.621000051498413,2159.5,513.28125,2.067187547683716,1.072218894958496,2722.0,513.28125,2.067187547683716,1.072218894958496,2722.0,513.28125,2.067187547683716,1.072218894958496,2722.0
2026-09-14T18:26:00.000+08:00,513.6488037109375,9.548164367675781,12.007080078125,25.068599700927734,0.1442043036222458,387.20001220703125,6.215000152587891,3.621000051498413,2159.5,513.28125,2.067187547683716,1.0673739910125732,2722.0,513.28125,2.067187547683716,1.0673739910125732,2722.0,513.28125,2.067187547683716,1.0673739910125732,2722.0
2026-09-14T18:27:00.000+08:00,511.7430419921875,9.389789581298828,11.97265625,25.514596939086914,0.1416444033384323,387.1000061035156,6.203999996185303,3.619999885559082,2159.60009765625,513.28125,2.067187547683716,1.0841968059539795,2722.0,513.28125,2.067187547683716,1.0841968059539795,2722.0,513.28125,2.067187547683716,1.0841968059539795,2722.0
2026-09-14T18:28:00.000+08:00,502.9865417480469,9.417476654052734,11.916748046875,25.452167510986328,0.14207041263580322,387.20001220703125,6.210999965667725,3.625,2159.60009765625,513.28125,2.067187547683716,1.0759872198104858,2722.0,513.28125,2.067187547683716,1.0759872198104858,2722.0,513.28125,2.067187547683716,1.0759872198104858,2722.0
2026-09-14T18:29:00.000+08:00,510.33837890625,9.43288803100586,11.923828125,26.362525939941406,0.13742992281913757,387.3999938964844,6.206999778747559,3.622999906539917,2159.699951171875,513.28125,2.067187547683716,1.0759872198104858,2722.0,513.28125,2.067187547683716,1.0759872198104858,2722.0,513.28125,2.067187547683716,1.0759872198104858,2722.0
2026-09-14T18:30:00.000+08:00,486.885498046875,9.413475036621094,11.979248046875,24.91351318359375,0.14538294076919556,387.29998779296875,6.196000099182129,3.6089999675750732,2159.800048828125,513.28125,2.0289063453674316,1.0627981424331665,2722.0,513.28125,2.0289063453674316,1.0627981424331665,2722.0,513.28125,2.0289063453674316,1.0627981424331665,2722.0
2026-09-14T18:31:00.000+08:00,487.236328125,9.434383392333984,11.909912109375,24.1499080657959,0.14989705383777618,387.29998779296875,6.214000225067139,3.622999906539917,2159.800048828125,513.28125,2.0289063453674316,1.0677777528762817,2722.0,513.28125,2.0289063453674316,1.0677777528762817,2722.0,513.28125,2.0289063453674316,1.0677777528762817,2722.0
2026-09-14T18:32:00.000+08:00,492.880126953125,9.469551086425781,11.944580078125,25.543800354003906,0.14179565012454987,387.79998779296875,6.2230000495910645,3.63100004196167,2159.89990234375,516.796875,2.067187547683716,1.068719744682312,2722.0,516.796875,2.067187547683716,1.068719744682312,2722.0,516.796875,2.067187547683716,1.068719744682312,2722.0
2026-09-14T18:33:00.000+08:00,484.171630859375,9.512588500976562,12.1181640625,24.593944549560547,0.1472720205783844,387.29998779296875,6.2179999351501465,3.61899995803833,2159.89990234375,513.28125,2.0289063453674316,1.062394380569458,2722.0,513.28125,2.0289063453674316,1.062394380569458,2722.0,513.28125,2.0289063453674316,1.062394380569458,2722.0
2026-09-14T18:34:00.000+08:00,493.7428894042969,9.457283020019531,12.0,25.051424026489258,0.14486202597618103,387.3999938964844,6.198999881744385,3.611999988555908,2160.0,513.28125,2.067187547683716,1.0797555446624756,2722.0,513.28125,2.067187547683716,1.0797555446624756,2722.0,513.28125,2.067187547683716,1.0797555446624756,2722.0
2026-09-14T18:35:00.000+08:00,483.7904357910156,9.491512298583984,11.986328125,24.027629852294922,0.15045179426670074,387.29998779296875,6.2170000076293945,3.625,2160.10009765625,513.28125,2.0289063453674316,1.0661627054214478,2722.0,513.28125,2.0289063453674316,1.0661627054214478,2722.0,513.28125,2.0289063453674316,1.0661627054214478,2722.0
2026-09-14T18:36:00.000+08:00,495.7598876953125,9.406326293945312,11.979248046875,25.26167869567871,0.14326046407222748,387.70001220703125,6.216000080108643,3.625999927520752,2160.10009765625,516.796875,2.067187547683716,1.0757180452346802,2722.0,516.796875,2.067187547683716,1.0757180452346802,2722.0,516.796875,2.067187547683716,1.0757180452346802,2722.0
2026-09-14T18:37:00.000+08:00,488.3334045410156,9.452289581298828,11.972412109375,24.698749542236328,0.14652563631534576,387.70001220703125,6.23799991607666,3.634999990463257,2160.199951171875,516.796875,2.0289063453674316,1.0707385540008545,2723.0,516.796875,2.0289063453674316,1.0707385540008545,2723.0,516.796875,2.0289063453674316,1.0707385540008545,2723.0
2026-09-14T18:38:00.000+08:00,495.6722717285156,9.416061401367188,11.986328125,25.806232452392578,0.1400824338197708,387.29998779296875,6.211999893188477,3.61299991607666,2160.199951171875,513.28125,2.0289063453674316,1.062394380569458,2723.0,513.28125,2.0289063453674316,1.062394380569458,2723.0,513.28125,2.0289063453674316,1.062394380569458,2723.0
2026-09-14T18:39:00.000+08:00,500.08489990234375,nan,nan,25.062942504882812,0.14443634450435638,nan,nan,nan,nan,nan,nan,nan,nan,nan,nan,nan,nan,nan,nan,nan,nan
2026-09-14T18:40:00.000+08:00,496.1309814453125,9.488933563232422,11.9654541015625,24.340229034423828,0.14864280819892883,387.4499969482422,6.204499959945679,3.6200000047683716,2160.3499755859375,513.28125,2.0480469465255737,1.0673066973686218,2723.0,513.28125,2.0480469465255737,1.0673066973686218,2723.0,513.28125,2.0480469465255737,1.0673066973686218,2723.0
2026-09-14T18:41:00.000+08:00,494.0225830078125,9.486846923828125,11.9169921875,24.391555786132812,0.1481250375509262,387.3999938964844,6.192999839782715,3.61899995803833,2160.39990234375,513.28125,2.0289063453674316,1.0636056661605835,2723.0,513.28125,2.0289063453674316,1.0636056661605835,2723.0,513.28125,2.0289063453674316,1.0636056661605835,2723.0
2026-09-14T18:42:00.000+08:00,496.324462890625,9.546409606933594,11.9169921875,25.61257553100586,0.1411416083574295,387.70001220703125,6.192999839782715,3.628000020980835,2160.5,516.796875,2.067187547683716,1.0683159828186035,2723.0,516.796875,2.067187547683716,1.0683159828186035,2723.0,516.796875,2.067187547683716,1.0683159828186035,2723.0
2026-09-14T18:43:00.000+08:00,488.6433410644531,9.486083984375,11.97265625,24.49921226501465,0.14763739705085754,387.6000061035156,6.193999767303467,3.624000072479248,2160.5,516.796875,2.0289063453674316,1.0657589435577393,2723.0,516.796875,2.0289063453674316,1.0657589435577393,2723.0,516.796875,2.0289063453674316,1.0657589435577393,2723.0
2026-09-14T18:44:00.000+08:00,492.8589172363281,9.549209594726562,11.9794921875,24.77958106994629,0.14608801901340485,387.79998779296875,6.191999912261963,3.617000102996826,2160.60009765625,516.796875,2.067187547683716,1.0699310302734375,2723.0,516.796875,2.067187547683716,1.0699310302734375,2723.0,516.796875,2.067187547683716,1.0699310302734375,2723.0
2026-09-14T18:45:00.000+08:00,490.58099365234375,9.549583435058594,11.979248046875,23.358108520507812,0.1550639271736145,387.8999938964844,6.209000110626221,3.628000020980835,2160.699951171875,516.796875,2.067187547683716,1.0691235065460205,2723.0,516.796875,2.067187547683716,1.0691235065460205,2723.0,516.796875,2.067187547683716,1.0691235065460205,2723.0
2026-09-14T18:46:00.000+08:00,493.3154296875,9.544273376464844,11.9658203125,23.336450576782227,0.15499357879161835,387.8999938964844,6.249000072479248,3.635999917984009,2160.699951171875,516.796875,2.067187547683716,1.0691235065460205,2723.0,516.796875,2.067187547683716,1.0691235065460205,2723.0,516.796875,2.067187547683716,1.0691235065460205,2723.0
2026-09-14T18:47:00.000+08:00,496.93548583984375,9.547489166259766,11.951416015625,24.90822410583496,0.1450524926185608,388.0,6.24399995803833,3.632999897003174,2160.800048828125,516.796875,2.067187547683716,1.0876959562301636,2723.0,516.796875,2.067187547683716,1.0876959562301636,2723.0,516.796875,2.067187547683716,1.0876959562301636,2723.0
2026-09-14T18:48:00.000+08:00,492.0453186035156,9.558223724365234,11.9794921875,23.473003387451172,0.1548161506652832,387.79998779296875,6.236999988555908,3.625,2160.800048828125,516.796875,2.0289063453674316,1.068719744682312,2723.0,516.796875,2.0289063453674316,1.068719744682312,2723.0,516.796875,2.0289063453674316,1.068719744682312,2723.0
2026-09-14T18:49:00.000+08:00,490.9066467285156,9.545013427734375,11.9658203125,24.577131271362305,0.1478610336780548,388.0,6.214000225067139,3.619999885559082,2160.89990234375,516.796875,2.067187547683716,1.070334792137146,2723.0,516.796875,2.067187547683716,1.070334792137146,2723.0,516.796875,2.067187547683716,1.070334792137146,2723.0
2026-09-14T18:50:00.000+08:00,475.0911865234375,9.458465576171875,11.875,23.632976531982422,0.15001700818538666,387.29998779296875,6.23199987411499,3.621000051498413,2161.0,513.28125,2.0289063453674316,1.0697964429855347,2723.0,513.28125,2.0289063453674316,1.0697964429855347,2723.0,513.28125,2.0289063453674316,1.0697964429855347,2723.0
2026-09-14T18:51:00.000+08:00,494.61492919921875,9.547531127929688,11.90283203125,23.92731285095215,0.15183484554290771,387.5,6.239999771118164,3.635999917984009,2161.0,513.28125,2.067187547683716,1.0863500833511353,2723.0,513.28125,2.067187547683716,1.0863500833511353,2723.0,513.28125,2.067187547683716,1.0863500833511353,2723.0
2026-09-14T18:52:00.000+08:00,501.1269836425781,9.616828918457031,11.895751953125,24.473934173583984,0.14787161350250244,387.79998779296875,6.23799991607666,3.625999927520752,2161.10009765625,516.796875,2.067187547683716,1.067508578300476,2723.0,516.796875,2.067187547683716,1.067508578300476,2723.0,516.796875,2.067187547683716,1.067508578300476,2723.0
2026-09-14T18:53:00.000+08:00,498.9654541015625,9.605659484863281,11.972412109375,24.17984390258789,0.150042325258255,387.70001220703125,6.236999988555908,3.624000072479248,2161.10009765625,516.796875,2.067187547683716,1.0707385540008545,2723.0,516.796875,2.067187547683716,1.0707385540008545,2723.0,516.796875,2.067187547683716,1.0707385540008545,2723.0
2026-09-14T18:54:00.000+08:00,506.5146789550781,9.532794952392578,11.986328125,23.538175582885742,0.15430252254009247,387.5,6.203000068664551,3.615000009536743,2161.199951171875,513.28125,2.0289063453674316,1.0673739910125732,2723.0,513.28125,2.0289063453674316,1.0673739910125732,2723.0,513.28125,2.0289063453674316,1.0673739910125732,2723.0
2026-09-14T18:55:00.000+08:00,496.8083801269531,9.533164978027344,11.944580078125,23.307241439819336,0.15518781542778015,387.6000061035156,6.216000080108643,3.615000009536743,2161.300048828125,516.796875,2.067187547683716,1.073968529701233,2723.0,516.796875,2.067187547683716,1.073968529701233,2723.0,516.796875,2.067187547683716,1.073968529701233,2723.0
2026-09-14T18:56:00.000+08:00,503.3603820800781,9.52657699584961,12.048828125,23.180946350097656,0.15616272389888763,387.29998779296875,6.243000030517578,3.621000051498413,2161.300048828125,513.28125,2.0289063453674316,1.061183214187622,2723.0,513.28125,2.0289063453674316,1.061183214187622,2723.0,513.28125,2.0289063453674316,1.061183214187622,2723.0
2026-09-14T18:57:00.000+08:00,487.1756591796875,9.542137145996094,12.048828125,23.320602416992188,0.15514180064201355,387.8999938964844,6.245999813079834,3.634000062942505,2161.39990234375,516.796875,2.067187547683716,1.0745068788528442,2723.0,516.796875,2.067187547683716,1.0745068788528442,2723.0,516.796875,2.067187547683716,1.0745068788528442,2723.0
2026-09-14T18:58:00.000+08:00,495.90087890625,9.610664367675781,12.048828125,24.024240493774414,0.15516936779022217,387.8999938964844,6.239999771118164,3.621999979019165,2161.39990234375,516.796875,2.067187547683716,1.07948637008667,2723.0,516.796875,2.067187547683716,1.07948637008667,2723.0,516.796875,2.067187547683716,1.07948637008667,2723.0
2026-09-14T18:59:00.000+08:00,503.1123352050781,9.519363403320312,12.09765625,24.844688415527344,0.1455039381980896,388.29998779296875,6.229000091552734,3.640000104904175,2161.5,516.796875,2.067187547683716,1.0754488706588745,2723.0,516.796875,2.067187547683716,1.0754488706588745,2723.0,516.796875,2.067187547683716,1.0754488706588745,2723.0
2026-09-14T19:00:00.000+08:00,480.5154724121094,9.622146606445312,12.041748046875,24.077083587646484,0.1502673625946045,388.1000061035156,6.23799991607666,3.6480000019073486,2161.60009765625,516.796875,2.067187547683716,1.0712769031524658,2723.0,516.796875,2.067187547683716,1.0712769031524658,2723.0,516.796875,2.067187547683716,1.0712769031524658,2723.0
2026-09-14T19:01:00.000+08:00,494.6171875,9.683528900146484,12.0556640625,23.849966049194336,0.15211762487888336,388.20001220703125,6.263999938964844,3.6480000019073486,2161.60009765625,516.796875,2.067187547683716,1.0712769031524658,2723.0,516.796875,2.067187547683716,1.0712769031524658,2723.0,516.796875,2.067187547683716,1.0712769031524658,2723.0
2026-09-14T19:02:00.000+08:00,499.7916564941406,9.633628845214844,12.076416015625,24.834327697753906,0.1468934416770935,388.5,6.203999996185303,3.638000011444092,2161.699951171875,516.796875,2.0289063453674316,1.0697964429855347,2723.0,516.796875,2.0289063453674316,1.0697964429855347,2723.0,516.796875,2.0289063453674316,1.0697964429855347,2723.0
2026-09-14T19:03:00.000+08:00,511.4093017578125,9.809211730957031,12.09765625,25.127254486083984,0.14466364681720734,388.20001220703125,6.223999977111816,3.6389999389648438,2161.800048828125,516.796875,2.067187547683716,1.073026418685913,2723.0,516.796875,2.067187547683716,1.073026418685913,2723.0,516.796875,2.067187547683716,1.073026418685913,2723.0
2026-09-14T19:04:00.000+08:00,505.2940979003906,9.869964599609375,12.159912109375,25.216623306274414,0.1451423466205597,387.79998779296875,6.232999801635742,3.625,2161.800048828125,516.796875,2.0289063453674316,1.0661627054214478,2723.0,516.796875,2.0289063453674316,1.0661627054214478,2723.0,516.796875,2.0289063453674316,1.0661627054214478,2723.0
2026-09-14T19:05:00.000+08:00,492.8416442871094,9.835739135742188,12.1806640625,22.80474853515625,0.1597912758588791,388.0,6.245999813079834,3.638000011444092,2161.89990234375,516.796875,2.067187547683716,1.0691235065460205,2723.0,516.796875,2.067187547683716,1.0691235065460205,2723.0,516.796875,2.067187547683716,1.0691235065460205,2723.0
2026-09-14T19:06:00.000+08:00,512.9642333984375,9.826515197753906,12.173828125,24.146865844726562,0.15082702040672302,387.6000061035156,6.249000072479248,3.635999917984009,2161.89990234375,516.796875,2.067187547683716,1.067508578300476,2723.0,516.796875,2.067187547683716,1.067508578300476,2723.0,516.796875,2.067187547683716,1.067508578300476,2723.0
2026-09-14T19:07:00.000+08:00,522.9500732421875,9.908760070800781,12.1806640625,23.7336368560791,0.15231546759605408,387.79998779296875,6.228000164031982,3.63100004196167,2162.0,516.796875,2.067187547683716,1.068719744682312,2723.0,516.796875,2.067187547683716,1.068719744682312,2723.0,516.796875,2.067187547683716,1.068719744682312,2723.0
2026-09-14T19:08:00.000+08:00,516.5657348632812,9.844776153564453,12.173828125,23.82697105407715,0.14903444051742554,387.8999938964844,6.228000164031982,3.631999969482422,2162.10009765625,516.796875,2.067187547683716,1.0691235065460205,2723.0,516.796875,2.067187547683716,1.0691235065460205,2723.0,516.796875,2.067187547683716,1.0691235065460205,2723.0
2026-09-14T19:09:00.000+08:00,521.305419921875,9.844932556152344,12.166748046875,23.628772735595703,0.1534993052482605,388.3999938964844,6.236000061035156,3.638000011444092,2162.10009765625,516.796875,2.067187547683716,1.0692580938339233,2723.0,516.796875,2.067187547683716,1.0692580938339233,2723.0,516.796875,2.067187547683716,1.0692580938339233,2723.0
2026-09-14T19:10:00.000+08:00,521.2539672851562,9.86563491821289,12.166748046875,23.783353805541992,0.15233343839645386,388.29998779296875,6.234000205993652,3.635999917984009,2162.199951171875,516.796875,2.067187547683716,1.0718151330947876,2723.0,516.796875,2.067187547683716,1.0718151330947876,2723.0,516.796875,2.067187547683716,1.0718151330947876,2723.0
2026-09-14T19:11:00.000+08:00,520.9728393554688,9.858112335205078,12.166748046875,23.82213020324707,0.15250524878501892,388.29998779296875,6.247000217437744,3.6419999599456787,2162.199951171875,516.796875,2.067187547683716,1.0718151330947876,2723.0,516.796875,2.067187547683716,1.0718151330947876,2723.0,516.796875,2.067187547683716,1.0718151330947876,2723.0
2026-09-14T19:12:00.000+08:00,521.2103271484375,9.817131042480469,12.132080078125,23.881555557250977,0.15220952033996582,388.3999938964844,6.25600004196167,3.6480000019073486,2162.300048828125,516.796875,2.067187547683716,1.075045108795166,2723.0,516.796875,2.067187547683716,1.075045108795166,2723.0,516.796875,2.067187547683716,1.075045108795166,2723.0
2026-09-14T19:13:00.000+08:00,518.9236450195312,9.866378784179688,12.1533203125,23.909730911254883,0.15228109061717987,388.6000061035156,6.210000038146973,3.6449999809265137,2162.39990234375,516.796875,2.067187547683716,1.074641466140747,2723.0,516.796875,2.067187547683716,1.074641466140747,2723.0,516.796875,2.067187547683716,1.074641466140747,2723.0
2026-09-14T19:14:00.000+08:00,516.54541015625,9.892906188964844,12.22265625,23.641733169555664,0.15400731563568115,388.6000061035156,6.2220001220703125,3.6459999084472656,2162.39990234375,516.796875,2.067187547683716,1.0759872198104858,2723.0,516.796875,2.067187547683716,1.0759872198104858,2723.0,516.796875,2.067187547683716,1.0759872198104858,2723.0
2026-09-14T19:15:00.000+08:00,512.448486328125,9.909465789794922,12.222412109375,23.244503021240234,0.156510129570961,388.79998779296875,6.236000061035156,3.6500000953674316,2162.5,516.796875,2.067187547683716,1.0763909816741943,2723.0,516.796875,2.067187547683716,1.0763909816741943,2723.0,516.796875,2.067187547683716,1.0763909816741943,2723.0
2026-09-14T19:16:00.000+08:00,508.9713439941406,9.932464599609375,12.138916015625,23.690322875976562,0.15360702574253082,388.70001220703125,6.244999885559082,3.6429998874664307,2162.5,516.796875,2.067187547683716,1.0751796960830688,2723.0,516.796875,2.067187547683716,1.0751796960830688,2723.0,516.796875,2.067187547683716,1.0751796960830688,2723.0
2026-09-14T19:17:00.000+08:00,500.7982482910156,9.91659164428711,12.2431640625,23.01375389099121,0.15864425897598267,388.70001220703125,6.239999771118164,3.6449999809265137,2162.60009765625,516.796875,2.067187547683716,1.0751796960830688,2723.0,516.796875,2.067187547683716,1.0751796960830688,2723.0,516.796875,2.067187547683716,1.0751796960830688,2723.0
2026-09-14T19:18:00.000+08:00,519.4202880859375,9.924942016601562,12.1806640625,23.50644874572754,0.15485112369060516,388.5,6.236999988555908,3.6449999809265137,2162.699951171875,516.796875,2.067187547683716,1.0776022672653198,2723.0,516.796875,2.067187547683716,1.0776022672653198,2723.0,516.796875,2.067187547683716,1.0776022672653198,2723.0
2026-09-14T19:19:00.000+08:00,520.9334106445312,9.91622543334961,12.194580078125,23.03191566467285,0.15812839567661285,388.79998779296875,6.250999927520752,3.6540000438690186,2162.699951171875,516.796875,2.067187547683716,1.0788134336471558,2723.0,516.796875,2.067187547683716,1.0788134336471558,2723.0,516.796875,2.067187547683716,1.0788134336471558,2723.0
2026-09-14T19:20:00.000+08:00,514.3046264648438,9.909839630126953,12.222412109375,23.51663589477539,0.1548265665769577,388.8999938964844,6.238999843597412,3.6500000953674316,2162.800048828125,516.796875,2.067187547683716,1.0781406164169312,2723.0,516.796875,2.067187547683716,1.0781406164169312,2723.0,516.796875,2.067187547683716,1.0781406164169312,2723.0
2026-09-14T19:21:00.000+08:00,516.3801879882812,9.902313232421875,12.2158203125,23.7059268951416,0.15380118787288666,388.6000061035156,6.232999801635742,3.6449999809265137,2162.800048828125,516.796875,2.067187547683716,1.074641466140747,2723.0,516.796875,2.067187547683716,1.074641466140747,2723.0,516.796875,2.067187547683716,1.074641466140747,2723.0
2026-09-14T19:22:00.000+08:00,508.926025390625,9.929214477539062,12.22265625,23.42319679260254,0.15531611442565918,388.79998779296875,6.228000164031982,3.6480000019073486,2162.89990234375,516.796875,2.067187547683716,1.073968529701233,2723.0,516.796875,2.067187547683716,1.073968529701233,2723.0,516.796875,2.067187547683716,1.073968529701233,2723.0
2026-09-14T19:23:00.000+08:00,509.3377685546875,9.882133483886719,12.291748046875,22.870746612548828,0.1598111242055893,388.5,6.238999843597412,3.6389999389648438,2163.0,516.796875,2.067187547683716,1.0771985054016113,2723.0,516.796875,2.067187547683716,1.0771985054016113,2723.0,516.796875,2.067187547683716,1.0771985054016113,2723.0
2026-09-14T19:24:00.000+08:00,499.31451416015625,9.899490356445312,12.2431640625,22.51069450378418,0.16210073232650757,388.79998779296875,6.254000186920166,3.6440000534057617,2163.0,516.796875,2.0289063453674316,1.0702002048492432,2723.0,516.796875,2.0289063453674316,1.0702002048492432,2723.0,516.796875,2.0289063453674316,1.0702002048492432,2723.0
2026-09-14T19:25:00.000+08:00,530.612060546875,9.894828796386719,12.159912109375,24.40289878845215,0.14957238733768463,388.8999938964844,6.249000072479248,3.6419999599456787,2163.10009765625,516.796875,2.067187547683716,1.0796209573745728,2723.0,516.796875,2.067187547683716,1.0796209573745728,2723.0,516.796875,2.067187547683716,1.0796209573745728,2723.0
2026-09-14T19:26:00.000+08:00,512.42919921875,9.91659164428711,12.2294921875,24.276662826538086,0.15026776492595673,388.79998779296875,6.2170000076293945,3.6489999294281006,2163.10009765625,516.796875,2.10546875,1.0808322429656982,2723.0,516.796875,2.10546875,1.0808322429656982,2723.0,516.796875,2.10546875,1.0808322429656982,2723.0
2026-09-14T19:27:00.000+08:00,518.2921142578125,9.915302276611328,12.194580078125,24.046491622924805,0.15195563435554504,388.8999938964844,6.229000091552734,3.6489999294281006,2163.199951171875,516.796875,2.067187547683716,1.0751796960830688,2723.0,516.796875,2.067187547683716,1.0751796960830688,2723.0,516.796875,2.067187547683716,1.0751796960830688,2723.0
2026-09-14T19:28:00.000+08:00,520.6400146484375,9.85617446899414,12.2158203125,23.494775772094727,0.1555664986371994,388.6000061035156,6.263000011444092,3.6500000953674316,2163.300048828125,516.796875,2.067187547683716,1.072218894958496,2723.0,516.796875,2.067187547683716,1.072218894958496,2723.0,516.796875,2.067187547683716,1.072218894958496,2723.0
2026-09-14T19:29:00.000+08:00,513.6701049804688,9.817440032958984,12.2431640625,23.228221893310547,0.15683507919311523,388.29998779296875,6.2270002365112305,3.6429998874664307,2163.300048828125,516.796875,2.067187547683716,1.078678846359253,2723.0,516.796875,2.067187547683716,1.078678846359253,2723.0,516.796875,2.067187547683716,1.078678846359253,2723.0
2026-09-14T19:30:00.000+08:00,525.3230590820312,9.895732879638672,12.222412109375,23.923795700073242,0.15219156444072723,388.20001220703125,6.251999855041504,3.632999897003174,2163.39990234375,516.796875,2.067187547683716,1.075852632522583,2723.0,516.796875,2.067187547683716,1.075852632522583,2723.0,516.796875,2.067187547683716,1.075852632522583,2723.0
2026-09-14T19:31:00.000+08:00,509.7919616699219,9.878604888916016,12.2431640625,23.300878524780273,0.15660354495048523,388.29998779296875,6.244999885559082,3.638000011444092,2163.5,516.796875,2.10546875,1.0948288440704346,2723.0,516.796875,2.10546875,1.0948288440704346,2723.0,516.796875,2.10546875,1.0948288440704346,2723.0
2026-09-14T19:32:00.000+08:00,512.4222412109375,9.875415802001953,12.229248046875,23.981882095336914,0.15182293951511383,388.3999938964844,6.2779998779296875,3.6530001163482666,2163.5,516.796875,2.067187547683716,1.0704693794250488,2724.0,516.796875,2.067187547683716,1.0704693794250488,2724.0,516.796875,2.067187547683716,1.0704693794250488,2724.0
2026-09-14T19:33:00.000+08:00,517.3493041992188,9.945003509521484,12.25,24.791690826416016,0.14690406620502472,388.5,6.250999927520752,3.6410000324249268,2163.60009765625,516.796875,2.067187547683716,1.0710077285766602,2724.0,516.796875,2.067187547683716,1.0710077285766602,2724.0,516.796875,2.067187547683716,1.0710077285766602,2724.0
2026-09-14T19:34:00.000+08:00,519.3790893554688,10.065986633300781,12.347412109375,23.934175491333008,0.15183310210704803,388.5,6.263000011444092,3.6519999504089355,2163.60009765625,516.796875,2.067187547683716,1.084600567817688,2724.0,516.796875,2.067187547683716,1.084600567817688,2724.0,516.796875,2.067187547683716,1.084600567817688,2724.0
2026-09-14T19:35:00.000+08:00,524.1411743164062,10.188495635986328,12.382080078125,24.3935546875,0.14954769611358643,388.3999938964844,6.208000183105469,3.635999917984009,2163.699951171875,516.796875,2.067187547683716,1.0712769031524658,2724.0,516.796875,2.067187547683716,1.0712769031524658,2724.0,516.796875,2.067187547683716,1.0712769031524658,2724.0
2026-09-14T19:36:00.000+08:00,509.69140625,10.165409088134766,12.472412109375,22.12969398498535,0.16471081972122192,388.20001220703125,6.2179999351501465,3.6440000534057617,2163.800048828125,516.796875,2.067187547683716,1.0712769031524658,2724.0,516.796875,2.067187547683716,1.0712769031524658,2724.0,516.796875,2.067187547683716,1.0712769031524658,2724.0
2026-09-14T19:37:00.000+08:00,508.3772277832031,nan,nan,22.027462005615234,0.1654752641916275,nan,nan,nan,nan,nan,nan,nan,nan,nan,nan,nan,nan,nan,nan,nan,nan
2026-09-14T19:38:00.000+08:00,519.5846557617188,9.485517501831055,11.9097900390625,22.578702926635742,0.1608152538537979,388.4499969482422,6.230999946594238,3.6445000171661377,2163.8499755859375,516.796875,2.067187547683716,1.0748432874679565,2724.0,516.796875,2.067187547683716,1.0748432874679565,2724.0,516.796875,2.067187547683716,1.0748432874679565,2724.0
2026-09-14T19:39:00.000+08:00,516.7117309570312,9.589820861816406,12.0419921875,22.631336212158203,0.16061799228191376,388.6000061035156,6.228000164031982,3.6440000534057617,2163.89990234375,516.796875,2.067187547683716,1.0759872198104858,2724.0,516.796875,2.067187547683716,1.0759872198104858,2724.0,516.796875,2.067187547683716,1.0759872198104858,2724.0
2026-09-14T19:40:00.000+08:00,521.0570068359375,9.706863403320312,12.09765625,25.029624938964844,0.1453877091407776,388.79998779296875,6.2170000076293945,3.6440000534057617,2164.0,516.796875,2.067187547683716,1.0776022672653198,2724.0,516.796875,2.067187547683716,1.0776022672653198,2724.0,516.796875,2.067187547683716,1.0776022672653198,2724.0
2026-09-14T19:41:00.000+08:00,505.4609680175781,9.640190124511719,12.1181640625,23.824344635009766,0.152994766831398,388.8999938964844,6.250999927520752,3.6700000762939453,2164.10009765625,516.796875,2.067187547683716,1.0763909816741943,2724.0,516.796875,2.067187547683716,1.0763909816741943,2724.0,516.796875,2.067187547683716,1.0763909816741943,2724.0
2026-09-14T19:42:00.000+08:00,510.7667541503906,9.62289047241211,12.0,24.6508731842041,0.14823004603385925,388.8999938964844,6.248000144958496,3.6559998989105225,2164.10009765625,516.796875,2.067187547683716,1.0767947435379028,2724.0,516.796875,2.067187547683716,1.0767947435379028,2724.0,516.796875,2.067187547683716,1.0767947435379028,2724.0
2026-09-14T19:43:00.000+08:00,500.8754577636719,9.599185943603516,12.041748046875,24.090621948242188,0.15130369365215302,389.0,6.249000072479248,3.6559998989105225,2164.199951171875,516.796875,2.067187547683716,1.07854425907135,2724.0,516.796875,2.067187547683716,1.07854425907135,2724.0,516.796875,2.067187547683716,1.07854425907135,2724.0
2026-09-14T19:44:00.000+08:00,512.7753295898438,9.605609893798828,12.048583984375,24.74012565612793,0.14729109406471252,389.0,6.242000102996826,3.6519999504089355,2164.199951171875,516.796875,2.10546875,1.0955016613006592,2724.0,516.796875,2.10546875,1.0955016613006592,2724.0,516.796875,2.10546875,1.0955016613006592,2724.0
2026-09-14T19:45:00.000+08:00,499.72186279296875,9.589447021484375,12.048828125,22.931081771850586,0.15952147543430328,389.0,6.252999782562256,3.6559998989105225,2164.300048828125,516.796875,2.067187547683716,1.0805630683898926,2724.0,516.796875,2.067187547683716,1.0805630683898926,2724.0,516.796875,2.067187547683716,1.0805630683898926,2724.0
2026-09-14T19:46:00.000+08:00,501.4578552246094,9.58414077758789,12.0,23.693885803222656,0.15413258969783783,389.3999938964844,6.2779998779296875,3.6670000553131104,2164.39990234375,516.796875,2.067187547683716,1.0798901319503784,2724.0,516.796875,2.067187547683716,1.0798901319503784,2724.0,516.796875,2.067187547683716,1.0798901319503784,2724.0
2026-09-14T19:47:00.000+08:00,522.2491455078125,9.588096618652344,12.0,25.39086151123047,0.14359496533870697,389.6000061035156,6.275000095367432,3.6700000762939453,2164.39990234375,516.796875,2.067187547683716,1.0804284811019897,2724.0,516.796875,2.067187547683716,1.0804284811019897,2724.0,516.796875,2.067187547683716,1.0804284811019897,2724.0
2026-09-14T19:48:00.000+08:00,516.2398681640625,9.647384643554688,12.034912109375,25.20955467224121,0.14534172415733337,389.5,6.270999908447266,3.6689999103546143,2164.5,516.796875,2.067187547683716,1.087426781654358,2724.0,516.796875,2.067187547683716,1.087426781654358,2724.0,516.796875,2.067187547683716,1.087426781654358,2724.0
2026-09-14T19:49:00.000+08:00,527.7034301757812,9.621772766113281,12.048828125,25.897005081176758,0.1413290798664093,389.6000061035156,6.269000053405762,3.6710000038146973,2164.5,516.796875,2.067187547683716,1.0798901319503784,2724.0,516.796875,2.067187547683716,1.0798901319503784,2724.0,516.796875,2.067187547683716,1.0798901319503784,2724.0
2026-09-14T19:50:00.000+08:00,511.6824645996094,9.611038208007812,12.034912109375,24.934833526611328,0.14734406769275665,389.70001220703125,6.267000198364258,3.6760001182556152,2164.60009765625,516.796875,2.067187547683716,1.0840622186660767,2724.0,516.796875,2.067187547683716,1.0840622186660767,2724.0,516.796875,2.067187547683716,1.0840622186660767,2724.0
2026-09-14T19:51:00.000+08:00,501.25140380859375,9.585865020751953,12.0419921875,23.902315139770508,0.15370894968509674,389.79998779296875,6.269000053405762,3.671999931335449,2164.699951171875,516.796875,2.067187547683716,1.0828509330749512,2724.0,516.796875,2.067187547683716,1.0828509330749512,2724.0,516.796875,2.067187547683716,1.0828509330749512,2724.0
2026-09-14T19:52:00.000+08:00,505.8083190917969,9.602771759033203,12.013916015625,24.4371395111084,0.15014031529426575,389.79998779296875,6.263000011444092,3.671999931335449,2164.699951171875,516.796875,2.067187547683716,1.0840622186660767,2724.0,516.796875,2.067187547683716,1.0840622186660767,2724.0,516.796875,2.067187547683716,1.0840622186660767,2724.0
2026-09-14T19:53:00.000+08:00,504.2763366699219,9.585979461669922,12.0,24.398773193359375,0.15054035186767578,389.79998779296875,6.2769999504089355,3.671999931335449,2164.800048828125,516.796875,2.067187547683716,1.084600567817688,2724.0,516.796875,2.067187547683716,1.084600567817688,2724.0,516.796875,2.067187547683716,1.084600567817688,2724.0
2026-09-14T19:54:00.000+08:00,511.7142333984375,9.600303649902344,12.034912109375,25.207033157348633,0.14732518792152405,389.8999938964844,6.271999835968018,3.677000045776367,2164.800048828125,516.796875,2.067187547683716,1.0820434093475342,2724.0,516.796875,2.067187547683716,1.0820434093475342,2724.0,516.796875,2.067187547683716,1.0820434093475342,2724.0
2026-09-14T19:55:00.000+08:00,512.7053833007812,9.686511993408203,12.013916015625,24.58820343017578,0.14933989942073822,389.79998779296875,6.267000198364258,3.678999900817871,2164.89990234375,516.796875,2.067187547683716,1.086619257926941,2724.0,516.796875,2.067187547683716,1.086619257926941,2724.0,516.796875,2.067187547683716,1.086619257926941,2724.0
2026-09-14T19:56:00.000+08:00,492.927734375,9.62759780883789,12.076416015625,24.3775691986084,0.15042516589164734,389.79998779296875,6.269000053405762,3.677000045776367,2165.0,516.796875,2.067187547683716,1.0832546949386597,2724.0,516.796875,2.067187547683716,1.0832546949386597,2724.0,516.796875,2.067187547683716,1.0832546949386597,2724.0
2026-09-14T19:57:00.000+08:00,501.7753601074219,9.692169189453125,12.111328125,24.585241317749023,0.1494799256324768,390.0,6.258999824523926,3.6760001182556152,2165.0,516.796875,2.067187547683716,1.0870230197906494,2724.0,516.796875,2.067187547683716,1.0870230197906494,2724.0,516.796875,2.067187547683716,1.0870230197906494,2724.0
2026-09-14T19:58:00.000+08:00,510.4922180175781,9.734508514404297,12.1181640625,25.6592960357666,0.14349575340747833,390.0,6.247000217437744,3.6730000972747803,2165.10009765625,516.796875,2.067187547683716,1.082985520362854,2724.0,516.796875,2.067187547683716,1.082985520362854,2724.0,516.796875,2.067187547683716,1.082985520362854,2724.0
2026-09-14T19:59:00.000+08:00,510.6993408203125,9.6925048828125,12.14599609375,23.995874404907227,0.1529846340417862,390.0,6.245999813079834,3.678999900817871,2165.199951171875,516.796875,2.067187547683716,1.0820434093475342,2724.0,516.796875,2.067187547683716,1.0820434093475342,2724.0,516.796875,2.067187547683716,1.0820434093475342,2724.0
2026-09-14T20:00:00.000+08:00,520.072021484375,9.742511749267578,11.944580078125,25.57476806640625,0.1435399204492569,390.1000061035156,6.242000102996826,3.6760001182556152,2165.199951171875,520.3125,2.067187547683716,1.0875613689422607,2724.0,520.3125,2.067187547683716,1.0875613689422607,2724.0,520.3125,2.067187547683716,1.0875613689422607,2724.0
2026-09-14T20:01:00.000+08:00,509.30621337890625,9.760944366455078,11.7294921875,24.375574111938477,0.15097080171108246,390.29998779296875,6.267000198364258,3.683000087738037,2165.300048828125,520.3125,2.067187547683716,1.0841968059539795,2724.0,520.3125,2.067187547683716,1.0841968059539795,2724.0,520.3125,2.067187547683716,1.0841968059539795,2724.0
2026-09-14T20:02:00.000+08:00,516.1470947265625,11.385066986083984,13.25,24.16722869873047,0.15210680663585663,390.20001220703125,6.239999771118164,3.6740000247955322,2165.300048828125,520.3125,2.067187547683716,1.0805630683898926,2724.0,520.3125,2.067187547683716,1.0805630683898926,2724.0,520.3125,2.067187547683716,1.0805630683898926,2724.0
2026-09-14T20:03:00.000+08:00,555.7047729492188,11.51186752319336,13.9169921875,26.329607009887695,0.13969065248966217,390.29998779296875,6.247000217437744,3.671999931335449,2165.39990234375,520.3125,2.067187547683716,1.0805630683898926,2724.0,520.3125,2.067187547683716,1.0805630683898926,2724.0,520.3125,2.067187547683716,1.0805630683898926,2724.0
2026-09-14T20:04:00.000+08:00,678.7140502929688,11.42410659790039,13.986328125,26.77122688293457,0.13738630712032318,390.1000061035156,6.23799991607666,3.6730000972747803,2165.5,516.796875,2.067187547683716,1.0867538452148438,2724.0,516.796875,2.067187547683716,1.0867538452148438,2724.0,516.796875,2.067187547683716,1.0867538452148438,2724.0
2026-09-14T20:05:00.000+08:00,434.4481506347656,11.345085144042969,13.895751953125,14.219438552856445,0.2585896849632263,389.3999938964844,6.257999897003174,3.6549999713897705,2165.5,516.796875,2.067187547683716,1.0757180452346802,2724.0,516.796875,2.067187547683716,1.0757180452346802,2724.0,516.796875,2.067187547683716,1.0757180452346802,2724.0
2026-09-14T20:06:00.000+08:00,368.3179931640625,10.602954864501953,13.736328125,16.411149978637695,0.22356751561164856,386.6000061035156,6.193999767303467,3.6019999980926514,2165.60009765625,513.28125,2.0289063453674316,1.0601065158843994,2724.0,513.28125,2.0289063453674316,1.0601065158843994,2724.0,513.28125,2.0289063453674316,1.0601065158843994,2724.0
2026-09-14T20:07:00.000+08:00,366.84625244140625,10.125743865966797,13.194580078125,17.961746215820312,0.20410041511058807,386.3999938964844,6.197999954223633,3.5929999351501465,2165.60009765625,513.28125,2.0289063453674316,1.061317801475525,2724.0,513.28125,2.0289063453674316,1.061317801475525,2724.0,513.28125,2.0289063453674316,1.061317801475525,2724.0
2026-09-14T20:08:00.000+08:00,349.42999267578125,10.424583435058594,13.263916015625,17.798070907592773,0.2056402564048767,386.6000061035156,6.198999881744385,3.6019999980926514,2165.699951171875,513.28125,2.0289063453674316,1.0592989921569824,2724.0,513.28125,2.0289063453674316,1.0592989921569824,2724.0,513.28125,2.0289063453674316,1.0592989921569824,2724.0
2026-09-14T20:09:00.000+08:00,350.7255859375,10.494449615478516,13.347412109375,21.311513900756836,0.1692512333393097,386.70001220703125,6.205999851226807,3.5999999046325684,2165.800048828125,513.28125,2.067187547683716,1.0654897689819336,2724.0,513.28125,2.067187547683716,1.0654897689819336,2724.0,513.28125,2.067187547683716,1.0654897689819336,2724.0
2026-09-14T20:10:00.000+08:00,358.1708068847656,10.538097381591797,13.382080078125,21.400787353515625,0.16784429550170898,386.6000061035156,6.189000129699707,3.6019999980926514,2165.800048828125,513.28125,2.0289063453674316,1.058895230293274,2724.0,513.28125,2.0289063453674316,1.058895230293274,2724.0,513.28125,2.0289063453674316,1.058895230293274,2724.0
2026-09-14T20:11:00.000+08:00,346.561279296875,10.574710845947266,13.4794921875,20.76390266418457,0.17381125688552856,386.5,6.177999973297119,3.5929999351501465,2165.89990234375,513.28125,2.0289063453674316,1.061317801475525,2724.0,513.28125,2.0289063453674316,1.061317801475525,2724.0,513.28125,2.0289063453674316,1.061317801475525,2724.0
2026-09-14T20:12:00.000+08:00,360.54229736328125,10.447517395019531,13.4306640625,20.60254669189453,0.17492982745170593,386.29998779296875,6.203999996185303,3.6019999980926514,2165.89990234375,513.28125,2.0289063453674316,1.0579532384872437,2724.0,513.28125,2.0289063453674316,1.0579532384872437,2724.0,513.28125,2.0289063453674316,1.0579532384872437,2724.0
2026-09-14T20:13:00.000+08:00,349.6661071777344,10.229984283447266,13.270751953125,19.82180404663086,0.1815677285194397,386.3999938964844,6.192999839782715,3.6029999256134033,2166.0,513.28125,2.0289063453674316,1.0584914684295654,2724.0,513.28125,2.0289063453674316,1.0584914684295654,2724.0,513.28125,2.0289063453674316,1.0584914684295654,2724.0
2026-09-14T20:14:00.000+08:00,356.9503173828125,10.185810089111328,13.132080078125,20.632661819458008,0.17462603747844696,386.3999938964844,6.198999881744385,3.5969998836517334,2166.10009765625,513.28125,2.0289063453674316,1.057684063911438,2724.0,513.28125,2.0289063453674316,1.057684063911438,2724.0,513.28125,2.0289063453674316,1.057684063911438,2724.0
2026-09-14T20:15:00.000+08:00,361.5960998535156,10.170818328857422,13.125,21.07895851135254,0.17050178349018097,386.3999938964844,6.21999979019165,3.5969998836517334,2166.10009765625,513.28125,2.0289063453674316,1.0559344291687012,2724.0,513.28125,2.0289063453674316,1.0559344291687012,2724.0,513.28125,2.0289063453674316,1.0559344291687012,2724.0
2026-09-14T20:16:00.000+08:00,356.381103515625,10.192493438720703,13.2158203125,21.18984031677246,0.16970396041870117,386.5,6.239999771118164,3.6089999675750732,2166.199951171875,513.28125,2.0289063453674316,1.058895230293274,2724.0,513.28125,2.0289063453674316,1.058895230293274,2724.0,513.28125,2.0289063453674316,1.058895230293274,2724.0
2026-09-14T20:17:00.000+08:00,354.53082275390625,10.219734191894531,13.22265625,21.048994064331055,0.1709345430135727,386.3999938964844,6.230000019073486,3.6040000915527344,2166.199951171875,513.28125,2.0289063453674316,1.0584914684295654,2724.0,513.28125,2.0289063453674316,1.0584914684295654,2724.0,513.28125,2.0289063453674316,1.0584914684295654,2724.0
2026-09-14T20:18:00.000+08:00,349.06298828125,10.30240249633789,13.229248046875,20.662879943847656,0.17422546446323395,386.29998779296875,6.22599983215332,3.6019999980926514,2166.300048828125,513.28125,2.0289063453674316,1.0559344291687012,2724.0,513.28125,2.0289063453674316,1.0559344291687012,2724.0,513.28125,2.0289063453674316,1.0559344291687012,2724.0
2026-09-14T20:19:00.000+08:00,349.73095703125,10.27273178100586,13.3056640625,21.223997116088867,0.1698077768087387,386.29998779296875,6.235000133514404,3.6019999980926514,2166.39990234375,513.28125,2.0289063453674316,1.0626635551452637,2724.0,513.28125,2.0289063453674316,1.0626635551452637,2724.0,513.28125,2.0289063453674316,1.0626635551452637,2724.0
2026-09-14T20:20:00.000+08:00,341.3626403808594,10.332489013671875,13.194580078125,20.97390365600586,0.17192792892456055,386.5,6.234000205993652,3.6059999465942383,2166.39990234375,513.28125,2.0289063453674316,1.0592989921569824,2724.0,513.28125,2.0289063453674316,1.0592989921569824,2724.0,513.28125,2.0289063453674316,1.0592989921569824,2724.0
2026-09-14T20:21:00.000+08:00,343.93194580078125,10.351417541503906,13.236083984375,20.270692825317383,0.17784295976161957,386.5,6.203000068664551,3.5989999771118164,2166.5,513.28125,2.0289063453674316,1.061317801475525,2724.0,513.28125,2.0289063453674316,1.061317801475525,2724.0,513.28125,2.0289063453674316,1.061317801475525,2724.0
2026-09-14T20:22:00.000+08:00,367.8315734863281,10.357295989990234,13.257080078125,21.780351638793945,0.16533249616622925,386.6000061035156,6.205999851226807,3.6050000190734863,2166.5,513.28125,2.0289063453674316,1.0601065158843994,2724.0,513.28125,2.0289063453674316,1.0601065158843994,2724.0,513.28125,2.0289063453674316,1.0601065158843994,2724.0
2026-09-14T20:23:00.000+08:00,353.59259033203125,10.32137680053711,13.3408203125,20.880939483642578,0.17240603268146515,387.1000061035156,6.211999893188477,3.6089999675750732,2166.60009765625,513.28125,2.067187547683716,1.0706039667129517,2724.0,513.28125,2.067187547683716,1.0706039667129517,2724.0,513.28125,2.067187547683716,1.0706039667129517,2724.0
2026-09-14T20:24:00.000+08:00,347.1841735839844,10.340015411376953,13.2919921875,20.09366798400879,0.17940974235534668,387.3999938964844,6.204999923706055,3.622999906539917,2166.699951171875,513.28125,2.0289063453674316,1.0677777528762817,2724.0,513.28125,2.0289063453674316,1.0677777528762817,2724.0,513.28125,2.0289063453674316,1.0677777528762817,2724.0
2026-09-14T20:25:00.000+08:00,340.1256103515625,10.380348205566406,13.347412109375,19.45147132873535,0.18497315049171448,387.6000061035156,6.210000038146973,3.624000072479248,2166.699951171875,513.28125,2.067187547683716,1.0689889192581177,2724.0,513.28125,2.067187547683716,1.0689889192581177,2724.0,513.28125,2.067187547683716,1.0689889192581177,2724.0
2026-09-14T20:26:00.000+08:00,358.4614562988281,10.419036865234375,13.326416015625,20.89424705505371,0.17296627163887024,387.3999938964844,6.204999923706055,3.624000072479248,2166.800048828125,513.28125,2.067187547683716,1.0677777528762817,2724.0,513.28125,2.067187547683716,1.0677777528762817,2724.0,513.28125,2.067187547683716,1.0677777528762817,2724.0
2026-09-14T20:27:00.000+08:00,352.40362548828125,10.421855926513672,13.28515625,20.552078247070312,0.17618656158447266,387.3999938964844,6.198999881744385,3.61299991607666,2166.800048828125,513.28125,2.0289063453674316,1.0665664672851562,2724.0,513.28125,2.0289063453674316,1.0665664672851562,2724.0,513.28125,2.0289063453674316,1.0665664672851562,2724.0
2026-09-14T20:28:00.000+08:00,365.1410827636719,10.481124877929688,13.333251953125,20.6940975189209,0.17502574622631073,387.3999938964844,6.210000038146973,3.618000030517578,2166.89990234375,513.28125,2.0289063453674316,1.0677777528762817,2725.0,513.28125,2.0289063453674316,1.0677777528762817,2725.0,513.28125,2.0289063453674316,1.0677777528762817,2725.0
2026-09-14T20:29:00.000+08:00,355.8533935546875,10.448986053466797,13.40283203125,20.599824905395508,0.17524419724941254,387.5,6.197000026702881,3.621999979019165,2167.0,516.796875,2.067187547683716,1.0683159828186035,2725.0,516.796875,2.067187547683716,1.0683159828186035,2725.0,516.796875,2.067187547683716,1.0683159828186035,2725.0
2026-09-14T20:30:00.000+08:00,360.7563171386719,10.501819610595703,13.4931640625,20.38667106628418,0.17697837948799133,387.5,6.203999996185303,3.618000030517578,2167.0,513.28125,2.0289063453674316,1.0665664672851562,2725.0,513.28125,2.0289063453674316,1.0665664672851562,2725.0,513.28125,2.0289063453674316,1.0665664672851562,2725.0
2026-09-14T20:31:00.000+08:00,364.502685546875,10.508659362792969,13.4375,20.704017639160156,0.17450718581676483,387.5,6.196000099182129,3.624000072479248,2167.10009765625,516.796875,2.0289063453674316,1.0669702291488647,2725.0,516.796875,2.0289063453674316,1.0669702291488647,2725.0,516.796875,2.0289063453674316,1.0669702291488647,2725.0
2026-09-14T20:32:00.000+08:00,356.2488098144531,10.508369445800781,13.423828125,20.182207107543945,0.17936590313911438,387.6000061035156,6.216000080108643,3.627000093460083,2167.10009765625,516.796875,2.067187547683716,1.069527268409729,2725.0,516.796875,2.067187547683716,1.069527268409729,2725.0,516.796875,2.067187547683716,1.069527268409729,2725.0
2026-09-14T20:33:00.000+08:00,364.4410705566406,10.52853775024414,13.41015625,21.44903564453125,0.1687721610069275,387.6000061035156,6.216000080108643,3.632999897003174,2167.199951171875,516.796875,2.067187547683716,1.0707385540008545,2725.0,516.796875,2.067187547683716,1.0707385540008545,2725.0,516.796875,2.067187547683716,1.0707385540008545,2725.0
2026-09-14T20:34:00.000+08:00,356.4562072753906,10.546333312988281,13.3681640625,20.919815063476562,0.17337629199028015,387.5,6.197000026702881,3.627000093460083,2167.300048828125,516.796875,2.0289063453674316,1.0657589435577393,2725.0,516.796875,2.0289063453674316,1.0657589435577393,2725.0,516.796875,2.0289063453674316,1.0657589435577393,2725.0
2026-09-14T20:35:00.000+08:00,353.5425720214844,10.605182647705078,13.388916015625,20.401968002319336,0.17802204191684723,387.20001220703125,6.198999881744385,3.621000051498413,2167.300048828125,513.28125,2.067187547683716,1.0656243562698364,2725.0,513.28125,2.067187547683716,1.0656243562698364,2725.0,513.28125,2.067187547683716,1.0656243562698364,2725.0
2026-09-14T20:36:00.000+08:00,356.8367004394531,nan,nan,20.4626407623291,0.17705437541007996,nan,nan,nan,nan,nan,nan,nan,nan,nan,nan,nan,nan,nan,nan,nan,nan
2026-09-14T20:37:00.000+08:00,360.9091491699219,10.663658142089844,13.53857421875,19.887107849121094,0.18212802708148956,387.6000061035156,6.196500062942505,3.622499942779541,2167.449951171875,513.28125,2.067187547683716,1.0696619153022766,2725.0,513.28125,2.067187547683716,1.0696619153022766,2725.0,513.28125,2.067187547683716,1.0696619153022766,2725.0
2026-09-14T20:38:00.000+08:00,357.8559265136719,10.683055877685547,13.53515625,19.862476348876953,0.18215250968933105,387.29998779296875,6.195000171661377,3.621000051498413,2167.5,513.28125,2.067187547683716,1.0702002048492432,2725.0,513.28125,2.067187547683716,1.0702002048492432,2725.0,513.28125,2.067187547683716,1.0702002048492432,2725.0
2026-09-14T20:39:00.000+08:00,349.79327392578125,10.72964096069336,13.5625,19.240121841430664,0.1882004588842392,387.5,6.183000087738037,3.615000009536743,2167.60009765625,513.28125,2.067187547683716,1.0689889192581177,2725.0,513.28125,2.067187547683716,1.0689889192581177,2725.0,513.28125,2.067187547683716,1.0689889192581177,2725.0
2026-09-14T20:40:00.000+08:00,359.30120849609375,10.69281005859375,13.569580078125,20.68190574645996,0.17488716542720795,387.3999938964844,6.186999797821045,3.624000072479248,2167.60009765625,513.28125,2.067187547683716,1.0839276313781738,2725.0,513.28125,2.067187547683716,1.0839276313781738,2725.0,513.28125,2.067187547683716,1.0839276313781738,2725.0
2026-09-14T20:41:00.000+08:00,352.5807189941406,10.777458190917969,13.632080078125,20.082002639770508,0.1805596947669983,387.5,6.201000213623047,3.621000051498413,2167.699951171875,513.28125,2.067187547683716,1.0677777528762817,2725.0,513.28125,2.067187547683716,1.0677777528762817,2725.0,513.28125,2.067187547683716,1.0677777528762817,2725.0
2026-09-14T20:42:00.000+08:00,352.5017395019531,10.752079010009766,13.632080078125,20.115631103515625,0.17981041967868805,387.3999938964844,6.192999839782715,3.61899995803833,2167.699951171875,513.28125,2.067187547683716,1.0689889192581177,2725.0,513.28125,2.067187547683716,1.0689889192581177,2725.0,513.28125,2.067187547683716,1.0689889192581177,2725.0
2026-09-14T20:43:00.000+08:00,340.9670715332031,10.768131256103516,13.6669921875,19.426664352416992,0.18644477427005768,387.29998779296875,6.196000099182129,3.614000082015991,2167.800048828125,513.28125,2.0289063453674316,1.0582222938537598,2725.0,513.28125,2.0289063453674316,1.0582222938537598,2725.0,513.28125,2.0289063453674316,1.0582222938537598,2725.0
2026-09-14T20:44:00.000+08:00,351.7432861328125,10.848701477050781,13.6533203125,19.808996200561523,0.18215960264205933,386.70001220703125,6.199999809265137,3.611999988555908,2167.89990234375,513.28125,2.0289063453674316,1.0610486268997192,2725.0,513.28125,2.0289063453674316,1.0610486268997192,2725.0,513.28125,2.0289063453674316,1.0610486268997192,2725.0
2026-09-14T20:45:00.000+08:00,360.3428955078125,10.904731750488281,13.66015625,20.813352584838867,0.17431117594242096,386.79998779296875,6.197000026702881,3.609999895095825,2167.89990234375,513.28125,2.0289063453674316,1.0598373413085938,2725.0,513.28125,2.0289063453674316,1.0598373413085938,2725.0,513.28125,2.0289063453674316,1.0598373413085938,2725.0
2026-09-14T20:46:00.000+08:00,360.6226501464844,10.89712905883789,13.736328125,20.040714263916016,0.18013329803943634,386.6000061035156,6.184999942779541,3.6040000915527344,2168.0,513.28125,2.0289063453674316,1.0592989921569824,2725.0,513.28125,2.0289063453674316,1.0592989921569824,2725.0,513.28125,2.0289063453674316,1.0592989921569824,2725.0
2026-09-14T20:47:00.000+08:00,355.7779235839844,10.926902770996094,13.7294921875,19.89720916748047,0.18103042244911194,387.29998779296875,6.185999870300293,3.621999979019165,2168.10009765625,513.28125,2.067187547683716,1.0689889192581177,2725.0,513.28125,2.067187547683716,1.0689889192581177,2725.0,513.28125,2.067187547683716,1.0689889192581177,2725.0
2026-09-14T20:48:00.000+08:00,357.1955261230469,10.891326904296875,13.694580078125,19.688560485839844,0.18360915780067444,387.1000061035156,6.181000232696533,3.619999885559082,2168.10009765625,513.28125,2.067187547683716,1.0841968059539795,2725.0,513.28125,2.067187547683716,1.0841968059539795,2725.0,513.28125,2.067187547683716,1.0841968059539795,2725.0
2026-09-14T20:49:00.000+08:00,362.28948974609375,10.889511108398438,13.798828125,20.48493766784668,0.17588531970977783,386.8999938964844,6.164000034332275,3.615000009536743,2168.199951171875,513.28125,2.0289063453674316,1.064009428024292,2725.0,513.28125,2.0289063453674316,1.064009428024292,2725.0,513.28125,2.0289063453674316,1.064009428024292,2725.0
2026-09-14T20:50:00.000+08:00,350.27471923828125,10.898681640625,13.75,19.291366577148438,0.18707850575447083,387.20001220703125,6.171999931335449,3.624000072479248,2168.199951171875,513.28125,2.067187547683716,1.082177996635437,2725.0,513.28125,2.067187547683716,1.082177996635437,2725.0,513.28125,2.067187547683716,1.082177996635437,2725.0
2026-09-14T20:51:00.000+08:00,353.854736328125,10.90871810913086,13.78515625,19.729793548583984,0.18358023464679718,387.1000061035156,6.164999961853027,3.61899995803833,2168.300048828125,513.28125,2.067187547683716,1.0792171955108643,2725.0,513.28125,2.067187547683716,1.0792171955108643,2725.0,513.28125,2.067187547683716,1.0792171955108643,2725.0
2026-09-14T20:52:00.000+08:00,358.84661865234375,10.976001739501953,13.826416015625,19.82745361328125,0.18237338960170746,387.3999938964844,6.1620001792907715,3.621999979019165,2168.39990234375,513.28125,2.067187547683716,1.0677777528762817,2725.0,513.28125,2.067187547683716,1.0677777528762817,2725.0,513.28125,2.067187547683716,1.0677777528762817,2725.0
2026-09-14T20:53:00.000+08:00,344.99981689453125,10.955696105957031,13.8681640625,19.662906646728516,0.18384872376918793,387.0,6.178999900817871,3.6059999465942383,2168.39990234375,513.28125,2.0289063453674316,1.0626635551452637,2725.0,513.28125,2.0289063453674316,1.0626635551452637,2725.0,513.28125,2.0289063453674316,1.0626635551452637,2725.0
2026-09-14T20:54:00.000+08:00,356.41217041015625,10.94918441772461,13.8125,20.214609146118164,0.17917735874652863,387.1000061035156,6.199999809265137,3.617000102996826,2168.5,513.28125,2.0289063453674316,1.063201904296875,2725.0,513.28125,2.0289063453674316,1.063201904296875,2725.0,513.28125,2.0289063453674316,1.063201904296875,2725.0
2026-09-14T20:55:00.000+08:00,345.2732849121094,10.994503021240234,13.757080078125,19.98150634765625,0.18136771023273468,387.0,6.201000213623047,3.614000082015991,2168.5,513.28125,2.0289063453674316,1.0644131898880005,2725.0,513.28125,2.0289063453674316,1.0644131898880005,2725.0,513.28125,2.0289063453674316,1.0644131898880005,2725.0
2026-09-14T20:56:00.000+08:00,357.2666931152344,10.956123352050781,13.819580078125,20.54240608215332,0.1759774386882782,386.79998779296875,6.184999942779541,3.6059999465942383,2168.60009765625,513.28125,2.0289063453674316,1.0646823644638062,2725.0,513.28125,2.0289063453674316,1.0646823644638062,2725.0,513.28125,2.0289063453674316,1.0646823644638062,2725.0
2026-09-14T20:57:00.000+08:00,356.4786071777344,10.967548370361328,13.861328125,19.837966918945312,0.18192388117313385,387.3999938964844,6.183000087738037,3.628000020980835,2168.699951171875,516.796875,2.067187547683716,1.0707385540008545,2725.0,516.796875,2.067187547683716,1.0707385540008545,2725.0,516.796875,2.067187547683716,1.0707385540008545,2725.0
2026-09-14T20:58:00.000+08:00,363.1865539550781,11.1455078125,13.972412109375,20.24416732788086,0.178569957613945,387.5,6.184000015258789,3.628999948501587,2168.699951171875,516.796875,2.0289063453674316,1.0657589435577393,2725.0,516.796875,2.0289063453674316,1.0657589435577393,2725.0,516.796875,2.0289063453674316,1.0657589435577393,2725.0
2026-09-14T20:59:00.000+08:00,351.52484130859375,11.296737670898438,14.020751953125,19.524137496948242,0.1848481148481369,387.79998779296875,6.173999786376953,3.621999979019165,2168.800048828125,516.796875,2.0289063453674316,1.0661627054214478,2725.0,516.796875,2.0289063453674316,1.0661627054214478,2725.0,516.796875,2.0289063453674316,1.0661627054214478,2725.0
2026-09-14T21:00:00.000+08:00,356.6750183105469,11.280914306640625,14.013916015625,20.150957107543945,0.17939594388008118,387.3999938964844,6.201000213623047,3.622999906539917,2168.800048828125,513.28125,2.0289063453674316,1.064816951751709,2725.0,513.28125,2.0289063453674316,1.064816951751709,2725.0,513.28125,2.0289063453674316,1.064816951751709,2725.0
2026-09-14T21:01:00.000+08:00,360.06866455078125,11.276546478271484,14.048828125,19.4261417388916,0.18639831244945526,387.70001220703125,6.198999881744385,3.624000072479248,2168.89990234375,516.796875,2.0289063453674316,1.0665664672851562,2725.0,516.796875,2.0289063453674316,1.0665664672851562,2725.0,516.796875,2.0289063453674316,1.0665664672851562,2725.0
2026-09-14T21:02:00.000+08:00,349.1659851074219,11.278701782226562,14.0,19.150718688964844,0.1892879456281662,387.79998779296875,6.203999996185303,3.63100004196167,2169.0,516.796875,2.067187547683716,1.070334792137146,2725.0,516.796875,2.067187547683716,1.070334792137146,2725.0,516.796875,2.067187547683716,1.070334792137146,2725.0
2026-09-14T21:03:00.000+08:00,351.30731201171875,11.317787170410156,14.069580078125,19.670345306396484,0.1841350495815277,387.8999938964844,6.215000152587891,3.628999948501587,2169.0,516.796875,2.067187547683716,1.070334792137146,2725.0,516.796875,2.067187547683716,1.070334792137146,2725.0,516.796875,2.067187547683716,1.070334792137146,2725.0
2026-09-14T21:04:00.000+08:00,360.1710510253906,11.37417221069336,14.0283203125,19.635576248168945,0.1844611018896103,387.8999938964844,6.195000171661377,3.630000114440918,2169.10009765625,516.796875,2.067187547683716,1.0699310302734375,2725.0,516.796875,2.067187547683716,1.0699310302734375,2725.0,516.796875,2.067187547683716,1.0699310302734375,2725.0
2026-09-14T21:05:00.000+08:00,354.31854248046875,11.360095977783203,14.03515625,19.439767837524414,0.18657630681991577,387.6000061035156,6.184000015258789,3.621999979019165,2169.10009765625,516.796875,2.067187547683716,1.0707385540008545,2725.0,516.796875,2.067187547683716,1.0707385540008545,2725.0,516.796875,2.067187547683716,1.0707385540008545,2725.0
2026-09-14T21:06:00.000+08:00,357.1519775390625,11.350296020507812,14.111328125,18.96550941467285,0.19118918478488922,387.5,6.190999984741211,3.619999885559082,2169.199951171875,516.796875,2.0289063453674316,1.0645477771759033,2725.0,516.796875,2.0289063453674316,1.0645477771759033,2725.0,516.796875,2.0289063453674316,1.0645477771759033,2725.0
2026-09-14T21:07:00.000+08:00,350.04388427734375,11.382499694824219,14.111083984375,18.855751037597656,0.19299151003360748,387.79998779296875,6.21999979019165,3.6410000324249268,2169.300048828125,516.796875,2.0289063453674316,1.0661627054214478,2725.0,516.796875,2.0289063453674316,1.0661627054214478,2725.0,516.796875,2.0289063453674316,1.0661627054214478,2725.0
2026-09-14T21:08:00.000+08:00,362.0761413574219,11.432708740234375,14.0556640625,18.86716651916504,0.1922387331724167,387.3999938964844,6.188000202178955,3.624000072479248,2169.300048828125,513.28125,2.067187547683716,1.0689889192581177,2725.0,513.28125,2.067187547683716,1.0689889192581177,2725.0,513.28125,2.067187547683716,1.0689889192581177,2725.0
2026-09-14T21:09:00.000+08:00,358.9494323730469,11.429447174072266,14.0625,18.959266662597656,0.19156859815120697,387.70001220703125,6.184999942779541,3.622999906539917,2169.39990234375,516.796875,2.067187547683716,1.0707385540008545,2725.0,516.796875,2.067187547683716,1.0707385540008545,2725.0,516.796875,2.067187547683716,1.0707385540008545,2725.0
2026-09-14T21:10:00.000+08:00,367.66790771484375,11.376197814941406,14.132080078125,19.795835494995117,0.183018296957016,387.5,6.188000202178955,3.61899995803833,2169.39990234375,513.28125,2.067187547683716,1.0715460777282715,2725.0,513.28125,2.067187547683716,1.0715460777282715,2725.0,513.28125,2.067187547683716,1.0715460777282715,2725.0
2026-09-14T21:11:00.000+08:00,353.9944763183594,11.399036407470703,14.173828125,19.03005599975586,0.19017285108566284,387.6000061035156,6.202000141143799,3.631999969482422,2169.5,513.28125,2.067187547683716,1.0677777528762817,2725.0,513.28125,2.067187547683716,1.0677777528762817,2725.0,513.28125,2.067187547683716,1.0677777528762817,2725.0
2026-09-14T21:12:00.000+08:00,356.5840148925781,11.495792388916016,14.159912109375,18.641706466674805,0.19456373155117035,387.70001220703125,6.197999954223633,3.622999906539917,2169.60009765625,516.796875,2.0289063453674316,1.067508578300476,2725.0,516.796875,2.0289063453674316,1.067508578300476,2725.0,516.796875,2.0289063453674316,1.067508578300476,2725.0
2026-09-14T21:13:00.000+08:00,360.0196838378906,11.489635467529297,14.132080078125,19.672121047973633,0.18366092443466187,387.6000061035156,6.189000129699707,3.625999927520752,2169.60009765625,516.796875,2.067187547683716,1.0683159828186035,2725.0,516.796875,2.067187547683716,1.0683159828186035,2725.0,516.796875,2.067187547683716,1.0683159828186035,2725.0
2026-09-14T21:14:00.000+08:00,350.8776550292969,11.489635467529297,14.132080078125,19.04155158996582,0.19037313759326935,387.79998779296875,6.188000202178955,3.625999927520752,2169.699951171875,516.796875,2.067187547683716,1.068719744682312,2725.0,516.796875,2.067187547683716,1.068719744682312,2725.0,516.796875,2.067187547683716,1.068719744682312,2725.0
2026-09-14T21:15:00.000+08:00,361.8851318359375,11.4403076171875,14.2294921875,19.000682830810547,0.19099313020706177,387.70001220703125,6.203000068664551,3.634999990463257,2169.699951171875,516.796875,2.0289063453674316,1.0683159828186035,2725.0,516.796875,2.0289063453674316,1.0683159828186035,2725.0,516.796875,2.0289063453674316,1.0683159828186035,2725.0
2026-09-14T21:16:00.000+08:00,364.0025634765625,11.499752044677734,14.201416015625,20.174436569213867,0.17948457598686218,387.70001220703125,6.203999996185303,3.628999948501587,2169.800048828125,516.796875,2.067187547683716,1.071142315864563,2725.0,516.796875,2.067187547683716,1.071142315864563,2725.0,516.796875,2.067187547683716,1.071142315864563,2725.0
2026-09-14T21:17:00.000+08:00,352.8922119140625,11.464618682861328,14.166748046875,18.820558547973633,0.1923428624868393,387.70001220703125,6.191999912261963,3.625,2169.89990234375,516.796875,2.067187547683716,1.068719744682312,2725.0,516.796875,2.067187547683716,1.068719744682312,2725.0,516.796875,2.067187547683716,1.068719744682312,2725.0
2026-09-14T21:18:00.000+08:00,361.01953125,11.438117980957031,14.1875,19.811954498291016,0.1832227110862732,387.70001220703125,6.202000141143799,3.630000114440918,2169.89990234375,516.796875,2.067187547683716,1.0699310302734375,2725.0,516.796875,2.067187547683716,1.0699310302734375,2725.0,516.796875,2.067187547683716,1.0699310302734375,2725.0
2026-09-14T21:19:00.000+08:00,351.7266540527344,11.463150024414062,14.1875,18.750490188598633,0.19380827248096466,387.70001220703125,6.204999923706055,3.622999906539917,2170.0,516.796875,2.0289063453674316,1.0669702291488647,2725.0,516.796875,2.0289063453674316,1.0669702291488647,2725.0,516.796875,2.0289063453674316,1.0669702291488647,2725.0
2026-09-14T21:20:00.000+08:00,360.48614501953125,11.515121459960938,14.194580078125,19.24045753479004,0.1885090321302414,387.6000061035156,6.2179999351501465,3.634000062942505,2170.0,516.796875,2.067187547683716,1.0683159828186035,2725.0,516.796875,2.067187547683716,1.0683159828186035,2725.0,516.796875,2.067187547683716,1.0683159828186035,2725.0
2026-09-14T21:21:00.000+08:00,355.2193603515625,11.516433715820312,14.20849609375,19.00554084777832,0.19667571783065796,387.6000061035156,6.203999996185303,3.621999979019165,2170.10009765625,516.796875,2.067187547683716,1.0743722915649414,2725.0,516.796875,2.067187547683716,1.0743722915649414,2725.0,516.796875,2.067187547683716,1.0743722915649414,2725.0
2026-09-14T21:22:00.000+08:00,355.0300598144531,11.518180847167969,14.1875,19.213932037353516,0.1894979178905487,387.6000061035156,6.2210001945495605,3.634999990463257,2170.199951171875,516.796875,2.067187547683716,1.0683159828186035,2725.0,516.796875,2.067187547683716,1.0683159828186035,2725.0,516.796875,2.067187547683716,1.0683159828186035,2725.0
2026-09-14T21:23:00.000+08:00,351.1722717285156,11.530925750732422,14.1875,18.82122039794922,0.19281429052352905,387.20001220703125,6.208000183105469,3.622999906539917,2170.199951171875,513.28125,2.0289063453674316,1.064816951751709,2725.0,513.28125,2.0289063453674316,1.064816951751709,2725.0,513.28125,2.0289063453674316,1.064816951751709,2725.0
2026-09-14T21:24:00.000+08:00,361.78155517578125,11.5137939453125,14.2431640625,19.447031021118164,0.18686656653881073,386.8999938964844,6.223999977111816,3.625,2170.300048828125,513.28125,2.067187547683716,1.0762563943862915,2726.0,513.28125,2.067187547683716,1.0762563943862915,2726.0,513.28125,2.067187547683716,1.0762563943862915,2726.0
2026-09-14T21:25:00.000+08:00,360.4273376464844,11.555194854736328,14.1669921875,19.488513946533203,0.18636618554592133,386.8999938964844,6.183000087738037,3.614000082015991,2170.300048828125,513.28125,2.067187547683716,1.067643165588379,2726.0,513.28125,2.067187547683716,1.067643165588379,2726.0,513.28125,2.067187547683716,1.067643165588379,2726.0
2026-09-14T21:26:00.000+08:00,358.5998229980469,11.541023254394531,14.1875,19.193897247314453,0.1884453147649765,386.79998779296875,6.193999767303467,3.609999895095825,2170.39990234375,513.28125,2.0289063453674316,1.0586260557174683,2726.0,513.28125,2.0289063453674316,1.0586260557174683,2726.0,513.28125,2.0289063453674316,1.0586260557174683,2726.0
2026-09-14T21:27:00.000+08:00,367.06805419921875,11.55682373046875,14.1943359375,19.640737533569336,0.18461628258228302,386.8999938964844,6.198999881744385,3.615999937057495,2170.5,513.28125,2.0289063453674316,1.0626635551452637,2726.0,513.28125,2.0289063453674316,1.0626635551452637,2726.0,513.28125,2.0289063453674316,1.0626635551452637,2726.0
2026-09-14T21:28:00.000+08:00,363.35430908203125,11.506637573242188,14.2919921875,18.61111831665039,0.19461484253406525,387.0,6.224999904632568,3.619999885559082,2170.5,513.28125,2.0289063453674316,1.0644131898880005,2726.0,513.28125,2.0289063453674316,1.0644131898880005,2726.0,513.28125,2.0289063453674316,1.0644131898880005,2726.0
2026-09-14T21:29:00.000+08:00,361.0270080566406,11.572196960449219,14.298583984375,19.792007446289062,0.18234632909297943,387.1000061035156,6.215000152587891,3.621000051498413,2170.60009765625,513.28125,2.0289063453674316,1.0606448650360107,2726.0,513.28125,2.0289063453674316,1.0606448650360107,2726.0,513.28125,2.0289063453674316,1.0606448650360107,2726.0
2026-09-14T21:30:00.000+08:00,369.98040771484375,11.528732299804688,14.236328125,19.829557418823242,0.18210189044475555,387.1000061035156,6.203999996185303,3.615000009536743,2170.60009765625,513.28125,2.0289063453674316,1.0644131898880005,2726.0,513.28125,2.0289063453674316,1.0644131898880005,2726.0,513.28125,2.0289063453674316,1.0644131898880005,2726.0
2026-09-14T21:31:00.000+08:00,363.47802734375,11.62109375,14.298828125,19.226797103881836,0.18791480362415314,387.0,6.201000213623047,3.614000082015991,2170.699951171875,513.28125,2.067187547683716,1.0664318799972534,2726.0,513.28125,2.067187547683716,1.0664318799972534,2726.0,513.28125,2.067187547683716,1.0664318799972534,2726.0
2026-09-14T21:32:00.000+08:00,376.6262512207031,11.623722076416016,14.2294921875,20.857328414916992,0.17336831986904144,386.79998779296875,6.188000202178955,3.6050000190734863,2170.800048828125,513.28125,2.0289063453674316,1.0580878257751465,2726.0,513.28125,2.0289063453674316,1.0580878257751465,2726.0,513.28125,2.0289063453674316,1.0580878257751465,2726.0
2026-09-14T21:33:00.000+08:00,362.43927001953125,11.581436157226562,14.28515625,19.747190475463867,0.1832665652036667,386.3999938964844,6.176000118255615,3.5989999771118164,2170.800048828125,513.28125,2.067187547683716,1.0672394037246704,2726.0,513.28125,2.067187547683716,1.0672394037246704,2726.0,513.28125,2.067187547683716,1.0672394037246704,2726.0
2026-09-14T21:34:00.000+08:00,358.901123046875,nan,nan,19.18256187438965,0.187931090593338,nan,nan,nan,nan,nan,nan,nan,nan,nan,nan,nan,nan,nan,nan,nan,nan
2026-09-14T21:35:00.000+08:00,367.01373291015625,11.581207275390625,14.2952880859375,19.778059005737305,0.18207044899463654,386.8000030517578,6.18999981880188,3.6080000400543213,2170.89990234375,513.28125,2.0480469465255737,1.0651533603668213,2726.0,513.28125,2.0480469465255737,1.0651533603668213,2726.0,513.28125,2.0480469465255737,1.0651533603668213,2726.0
2026-09-14T21:36:00.000+08:00,363.331298828125,11.591964721679688,14.298583984375,19.215490341186523,0.18781723082065582,386.70001220703125,6.195000171661377,3.6080000400543213,2171.0,513.28125,2.0289063453674316,1.0622597932815552,2726.0,513.28125,2.0289063453674316,1.0622597932815552,2726.0,513.28125,2.0289063453674316,1.0622597932815552,2726.0
2026-09-14T21:37:00.000+08:00,362.6962890625,11.68343734741211,14.2783203125,19.336706161499023,0.1863812804222107,386.6000061035156,6.181000232696533,3.5989999771118164,2171.10009765625,513.28125,2.0289063453674316,1.0646823644638062,2726.0,513.28125,2.0289063453674316,1.0646823644638062,2726.0,513.28125,2.0289063453674316,1.0646823644638062,2726.0
2026-09-14T21:38:00.000+08:00,364.1076354980469,11.632823944091797,14.3681640625,18.59174919128418,0.19454866647720337,386.6000061035156,6.183000087738037,3.611999988555908,2171.10009765625,513.28125,2.0289063453674316,1.064009428024292,2726.0,513.28125,2.0289063453674316,1.064009428024292,2726.0,513.28125,2.0289063453674316,1.064009428024292,2726.0
2026-09-14T21:39:00.000+08:00,368.5497131347656,11.678619384765625,14.3056640625,19.54174041748047,0.1845792531967163,386.70001220703125,6.203000068664551,3.615999937057495,2171.199951171875,513.28125,2.067187547683716,1.0714114904403687,2726.0,513.28125,2.067187547683716,1.0714114904403687,2726.0,513.28125,2.067187547683716,1.0714114904403687,2726.0
2026-09-14T21:40:00.000+08:00,367.5368347167969,11.686519622802734,14.284912109375,19.37865447998047,0.18551339209079742,386.8999938964844,6.203999996185303,3.617000102996826,2171.199951171875,513.28125,2.0289063453674316,1.064816951751709,2726.0,513.28125,2.0289063453674316,1.064816951751709,2726.0,513.28125,2.0289063453674316,1.064816951751709,2726.0
2026-09-14T21:41:00.000+08:00,377.0104675292969,11.676422119140625,14.298828125,19.279830932617188,0.18750165402889252,387.0,6.189000129699707,3.617000102996826,2171.300048828125,513.28125,2.0289063453674316,1.0656243562698364,2726.0,513.28125,2.0289063453674316,1.0656243562698364,2726.0,513.28125,2.0289063453674316,1.0656243562698364,2726.0
2026-09-14T21:42:00.000+08:00,366.802734375,11.651382446289062,14.291748046875,19.229867935180664,0.1876767873764038,387.1000061035156,6.197000026702881,3.614000082015991,2171.39990234375,513.28125,2.067187547683716,1.0673739910125732,2726.0,513.28125,2.067187547683716,1.0673739910125732,2726.0,513.28125,2.067187547683716,1.0673739910125732,2726.0
2026-09-14T21:43:00.000+08:00,371.13385009765625,11.68301010131836,14.2783203125,19.489200592041016,0.18600043654441833,387.3999938964844,6.204999923706055,3.625,2171.39990234375,513.28125,2.067187547683716,1.080159306526184,2726.0,513.28125,2.067187547683716,1.080159306526184,2726.0,513.28125,2.067187547683716,1.080159306526184,2726.0
2026-09-14T21:44:00.000+08:00,361.8404235839844,11.67333984375,14.284912109375,18.901002883911133,0.1915242224931717,387.20001220703125,6.204999923706055,3.622999906539917,2171.5,513.28125,2.0289063453674316,1.0677777528762817,2726.0,513.28125,2.0289063453674316,1.0677777528762817,2726.0,513.28125,2.0289063453674316,1.0677777528762817,2726.0
2026-09-14T21:45:00.000+08:00,367.6886901855469,11.672027587890625,14.284912109375,19.219432830810547,0.18814291059970856,387.29998779296875,6.196000099182129,3.61899995803833,2171.60009765625,513.28125,2.0289063453674316,1.0641440153121948,2726.0,513.28125,2.0289063453674316,1.0641440153121948,2726.0,513.28125,2.0289063453674316,1.0641440153121948,2726.0
2026-09-14T21:46:00.000+08:00,380.6005554199219,11.648754119873047,14.27099609375,19.654672622680664,0.18458715081214905,387.20001220703125,6.208000183105469,3.61899995803833,2171.60009765625,513.28125,2.067187547683716,1.0689889192581177,2726.0,513.28125,2.067187547683716,1.0689889192581177,2726.0,513.28125,2.067187547683716,1.0689889192581177,2726.0
2026-09-14T21:47:00.000+08:00,371.93292236328125,11.608665466308594,14.28515625,19.036386489868164,0.19021466374397278,387.5,6.199999809265137,3.625999927520752,2171.699951171875,516.796875,2.067187547683716,1.0719497203826904,2726.0,516.796875,2.067187547683716,1.0719497203826904,2726.0,516.796875,2.067187547683716,1.0719497203826904,2726.0
2026-09-14T21:48:00.000+08:00,375.4331970214844,11.68520736694336,14.298828125,19.758312225341797,0.18331526219844818,387.5,6.201000213623047,3.625999927520752,2171.699951171875,516.796875,2.067187547683716,1.069527268409729,2726.0,516.796875,2.067187547683716,1.069527268409729,2726.0,516.796875,2.067187547683716,1.069527268409729,2726.0
2026-09-14T21:49:00.000+08:00,378.91162109375,11.66632080078125,14.25,19.858749389648438,0.18279097974300385,387.6000061035156,6.218999862670898,3.634999990463257,2171.800048828125,516.796875,2.0289063453674316,1.0657589435577393,2726.0,516.796875,2.0289063453674316,1.0657589435577393,2726.0,516.796875,2.0289063453674316,1.0657589435577393,2726.0
2026-09-14T21:50:00.000+08:00,377.0600891113281,11.60733413696289,14.257080078125,19.408140182495117,0.1866227239370346,387.6000061035156,6.197000026702881,3.627000093460083,2171.89990234375,516.796875,2.067187547683716,1.0699310302734375,2726.0,516.796875,2.067187547683716,1.0699310302734375,2726.0,516.796875,2.067187547683716,1.0699310302734375,2726.0
2026-09-14T21:51:00.000+08:00,380.17572021484375,11.370361328125,14.166748046875,19.72458267211914,0.18423710763454437,387.5,6.190000057220459,3.627000093460083,2171.89990234375,513.28125,2.0289063453674316,1.0683159828186035,2726.0,513.28125,2.0289063453674316,1.0683159828186035,2726.0,513.28125,2.0289063453674316,1.0683159828186035,2726.0
2026-09-14T21:52:00.000+08:00,377.3414611816406,11.156349182128906,14.013916015625,20.115381240844727,0.18030977249145508,387.20001220703125,6.197999954223633,3.625,2172.0,513.28125,2.067187547683716,1.0677777528762817,2726.0,513.28125,2.067187547683716,1.0677777528762817,2726.0,513.28125,2.067187547683716,1.0677777528762817,2726.0
2026-09-14T21:53:00.000+08:00,369.5531921386719,11.062686920166016,14.03515625,19.223859786987305,0.1886717826128006,387.20001220703125,6.197999954223633,3.615999937057495,2172.0,513.28125,2.0289063453674316,1.0661627054214478,2726.0,513.28125,2.0289063453674316,1.0661627054214478,2726.0,513.28125,2.0289063453674316,1.0661627054214478,2726.0
2026-09-14T21:54:00.000+08:00,362.3924865722656,11.010452270507812,13.944580078125,20.539173126220703,0.17678412795066833,387.1000061035156,6.193999767303467,3.617000102996826,2172.10009765625,513.28125,2.0289063453674316,1.0636056661605835,2726.0,513.28125,2.0289063453674316,1.0636056661605835,2726.0,513.28125,2.0289063453674316,1.0636056661605835,2726.0
2026-09-14T21:55:00.000+08:00,369.9650573730469,11.026683807373047,13.944580078125,21.14222526550293,0.17141053080558777,387.1000061035156,6.2170000076293945,3.622999906539917,2172.199951171875,513.28125,2.067187547683716,1.0673739910125732,2726.0,513.28125,2.067187547683716,1.0673739910125732,2726.0,513.28125,2.067187547683716,1.0673739910125732,2726.0
2026-09-14T21:56:00.000+08:00,369.0635681152344,11.0830078125,13.951416015625,21.514493942260742,0.16802626848220825,386.8999938964844,6.2170000076293945,3.61299991607666,2172.199951171875,513.28125,2.0289063453674316,1.0646823644638062,2726.0,513.28125,2.0289063453674316,1.0646823644638062,2726.0,513.28125,2.0289063453674316,1.0646823644638062,2726.0
2026-09-14T21:57:00.000+08:00,358.5536193847656,11.166641235351562,13.951416015625,20.922740936279297,0.17311307787895203,386.8999938964844,6.2170000076293945,3.61299991607666,2172.300048828125,513.28125,2.0289063453674316,1.0598373413085938,2726.0,513.28125,2.0289063453674316,1.0598373413085938,2726.0,513.28125,2.0289063453674316,1.0598373413085938,2726.0
2026-09-14T21:58:00.000+08:00,360.625732421875,11.15505599975586,14.0283203125,21.01041030883789,0.1725335270166397,386.5,6.2129998207092285,3.6070001125335693,2172.300048828125,513.28125,2.0289063453674316,1.0646823644638062,2726.0,513.28125,2.0289063453674316,1.0646823644638062,2726.0,513.28125,2.0289063453674316,1.0646823644638062,2726.0
2026-09-14T21:59:00.000+08:00,359.137939453125,11.144081115722656,14.0556640625,20.625999450683594,0.17526423931121826,386.5,6.181000232696533,3.5950000286102295,2172.39990234375,513.28125,2.067187547683716,1.0646823644638062,2726.0,513.28125,2.067187547683716,1.0646823644638062,2726.0,513.28125,2.067187547683716,1.0646823644638062,2726.0
2026-09-14T22:00:00.000+08:00,366.39471435546875,11.126972198486328,14.02783203125,20.620193481445312,0.17521660029888153,386.3999938964844,6.189000129699707,3.6050000190734863,2172.5,nan,nan,nan,65536.0,nan,nan,nan,65536.0,nan,nan,nan,65536.0
2026-09-14T22:01:00.000+08:00,353.2689514160156,11.074050903320312,13.923828125,20.331205368041992,0.1773136407136917,386.6000061035156,6.182000160217285,3.6089999675750732,2172.5,nan,nan,nan,65536.0,nan,nan,nan,65536.0,nan,nan,nan,65536.0
2026-09-14T22:02:00.000+08:00,357.8446960449219,11.118499755859375,13.8681640625,20.501319885253906,0.1759398877620697,385.79998779296875,6.177999973297119,3.5929999351501465,2172.60009765625,nan,nan,nan,65536.0,nan,nan,nan,65536.0,nan,nan,nan,65536.0
2026-09-14T22:03:00.000+08:00,367.32305908203125,11.065326690673828,13.8681640625,21.10045051574707,0.1713707447052002,385.20001220703125,6.185999870300293,3.5889999866485596,2172.60009765625,nan,nan,nan,65536.0,nan,nan,nan,65536.0,nan,nan,nan,65536.0
2026-09-14T22:04:00.000+08:00,385.56671142578125,11.173530578613281,13.826416015625,21.03297996520996,0.17182539403438568,385.1000061035156,6.159999847412109,3.571000099182129,2172.699951171875,nan,nan,nan,65536.0,nan,nan,nan,65536.0,nan,nan,nan,65536.0
2026-09-14T22:05:00.000+08:00,383.7825927734375,11.151111602783203,13.8681640625,21.26177406311035,0.16912981867790222,384.6000061035156,6.184999942779541,3.5810000896453857,2172.800048828125,nan,nan,nan,65536.0,nan,nan,nan,65536.0,nan,nan,nan,65536.0
2026-09-14T22:06:00.000+08:00,388.36053466796875,11.083793640136719,13.854248046875,21.416337966918945,0.16711540520191193,384.6000061035156,6.1539998054504395,3.565000057220459,2172.800048828125,nan,nan,nan,65536.0,nan,nan,nan,65536.0,nan,nan,nan,65536.0
2026-09-14T22:07:00.000+08:00,377.4551086425781,11.1160888671875,13.770751953125,20.698246002197266,0.17271994054317474,384.6000061035156,6.163000106811523,3.566999912261963,2172.89990234375,nan,nan,nan,65536.0,nan,nan,nan,65536.0,nan,nan,nan,65536.0
2026-09-14T22:08:00.000+08:00,383.2276611328125,11.003929138183594,13.7919921875,21.07703971862793,0.16966329514980316,384.5,6.178999900817871,3.5769999027252197,2172.89990234375,nan,nan,nan,65536.0,nan,nan,nan,65536.0,nan,nan,nan,65536.0
2026-09-14T22:09:00.000+08:00,387.8482360839844,11.051036834716797,13.722412109375,21.31639862060547,0.16757051646709442,384.3999938964844,6.163000106811523,3.566999912261963,2173.0,nan,nan,nan,65536.0,nan,nan,nan,65536.0,nan,nan,nan,65536.0
2026-09-14T22:10:00.000+08:00,400.74493408203125,10.982349395751953,13.7431640625,21.045223236083984,0.16949214041233063,384.20001220703125,6.164000034332275,3.5490000247955322,2173.10009765625,nan,nan,nan,65536.0,nan,nan,nan,65536.0,nan,nan,nan,65536.0
2026-09-14T22:11:00.000+08:00,377.66510009765625,11.043575286865234,13.6875,20.26655387878418,0.17644834518432617,384.20001220703125,6.156000137329102,3.555000066757202,2173.10009765625,nan,nan,nan,65536.0,nan,nan,nan,65536.0,nan,nan,nan,65536.0
2026-09-14T22:12:00.000+08:00,381.8426818847656,11.021270751953125,13.6875,21.082136154174805,0.16947998106479645,384.1000061035156,6.1620001792907715,3.559999942779541,2173.199951171875,nan,nan,nan,65536.0,nan,nan,nan,65536.0,nan,nan,nan,65536.0
2026-09-14T22:13:00.000+08:00,384.043701171875,11.04498291015625,13.72265625,20.57701873779297,0.17393189668655396,384.20001220703125,6.156000137329102,3.555000066757202,2173.199951171875,nan,nan,nan,65536.0,nan,nan,nan,65536.0,nan,nan,nan,65536.0
2026-09-14T22:14:00.000+08:00,381.14312744140625,11.044418334960938,13.7431640625,20.26813507080078,0.17559583485126495,384.79998779296875,6.158999919891357,3.565999984741211,2173.300048828125,nan,nan,nan,65536.0,nan,nan,nan,65536.0,nan,nan,nan,65536.0
2026-09-14T22:15:00.000+08:00,396.5238037109375,11.018169403076172,13.729248046875,21.38852882385254,0.16644436120986938,385.29998779296875,6.166999816894531,3.5769999027252197,2173.300048828125,nan,nan,nan,65536.0,nan,nan,nan,65536.0,nan,nan,nan,65536.0
2026-09-14T22:16:00.000+08:00,382.4342041015625,10.97866439819336,13.66015625,20.125429153442383,0.17699001729488373,385.3999938964844,6.177000045776367,3.5810000896453857,2173.39990234375,nan,nan,nan,65536.0,nan,nan,nan,65536.0,nan,nan,nan,65536.0
2026-09-14T22:17:00.000+08:00,381.943359375,10.96976089477539,13.673583984375,20.532562255859375,0.17421108484268188,384.6000061035156,6.177000045776367,3.568000078201294,2173.5,nan,nan,nan,65536.0,nan,nan,nan,65536.0,nan,nan,nan,65536.0
2026-09-14T22:18:00.000+08:00,386.926025390625,10.937602996826172,13.7431640625,20.75423812866211,0.17186851799488068,385.3999938964844,6.177999973297119,3.5950000286102295,2173.5,nan,nan,nan,65536.0,nan,nan,nan,65536.0,nan,nan,nan,65536.0
2026-09-14T22:19:00.000+08:00,382.2669982910156,10.995735168457031,13.65283203125,19.945606231689453,0.1796385645866394,384.8999938964844,6.181000232696533,3.575000047683716,2173.60009765625,nan,nan,nan,65536.0,nan,nan,nan,65536.0,nan,nan,nan,65536.0
2026-09-14T22:20:00.000+08:00,385.93438720703125,10.958316802978516,13.673583984375,20.86220359802246,0.17184185981750488,385.5,6.181000232696533,3.5880000591278076,2173.60009765625,nan,nan,nan,65536.0,nan,nan,nan,65536.0,nan,nan,nan,65536.0
2026-09-14T22:21:00.000+08:00,381.02215576171875,10.97568130493164,13.611328125,20.23035430908203,0.1768629401922226,385.8999938964844,6.204999923706055,3.5920000076293945,2173.699951171875,nan,nan,nan,65536.0,nan,nan,nan,65536.0,nan,nan,nan,65536.0
2026-09-14T22:22:00.000+08:00,378.5896911621094,10.895702362060547,13.59765625,20.49176788330078,0.1748507022857666,386.0,6.184999942779541,3.6089999675750732,2173.800048828125,nan,nan,nan,65536.0,nan,nan,nan,65536.0,nan,nan,nan,65536.0
2026-09-14T22:23:00.000+08:00,373.3626403808594,10.90047836303711,13.569580078125,20.11787986755371,0.1783985197544098,386.3999938964844,6.178999900817871,3.5959999561309814,2173.800048828125,nan,nan,nan,65536.0,nan,nan,nan,65536.0,nan,nan,nan,65536.0
2026-09-14T22:24:00.000+08:00,380.64990234375,10.982738494873047,13.604248046875,20.295841217041016,0.17708061635494232,386.1000061035156,6.205999851226807,3.6089999675750732,2173.89990234375,nan,nan,nan,65536.0,nan,nan,nan,65536.0,nan,nan,nan,65536.0
2026-09-14T22:25:00.000+08:00,373.49029541015625,10.923057556152344,13.5556640625,19.192760467529297,0.18684127926826477,386.20001220703125,6.177000045776367,3.6010000705718994,2173.89990234375,nan,nan,nan,65536.0,nan,nan,nan,65536.0,nan,nan,nan,65536.0
2026-09-14T22:26:00.000+08:00,386.5587158203125,10.914745330810547,13.5,20.914091110229492,0.17184585332870483,387.0,6.202000141143799,3.617000102996826,2174.0,nan,nan,nan,65536.0,nan,nan,nan,65536.0,nan,nan,nan,65536.0
2026-09-14T22:27:00.000+08:00,377.1386413574219,10.93179702758789,13.5,20.06848907470703,0.179385706782341,386.20001220703125,6.166999816894531,3.5920000076293945,2174.10009765625,nan,nan,nan,65536.0,nan,nan,nan,65536.0,nan,nan,nan,65536.0
2026-09-14T22:28:00.000+08:00,383.4554748535156,10.936168670654297,13.513916015625,19.602685928344727,0.18344424664974213,386.1000061035156,6.170000076293945,3.6010000705718994,2174.10009765625,nan,nan,nan,65536.0,nan,nan,nan,65536.0,nan,nan,nan,65536.0
2026-09-14T22:29:00.000+08:00,377.8569641113281,10.885643005371094,13.513916015625,19.53475570678711,0.1851571649312973,386.29998779296875,6.183000087738037,3.5959999561309814,2174.199951171875,nan,nan,nan,65536.0,nan,nan,nan,65536.0,nan,nan,nan,65536.0
2026-09-14T22:30:00.000+08:00,380.7817687988281,10.826786041259766,13.486328125,19.456666946411133,0.1853349357843399,387.0,6.210000038146973,3.621999979019165,2174.199951171875,nan,nan,nan,65536.0,nan,nan,nan,65536.0,nan,nan,nan,65536.0
2026-09-14T22:31:00.000+08:00,379.4366149902344,10.862472534179688,13.263916015625,20.23318862915039,0.1777278035879135,386.6000061035156,6.209000110626221,3.6110000610351562,2174.300048828125,nan,nan,nan,65536.0,nan,nan,nan,65536.0,nan,nan,nan,65536.0
2026-09-14T22:32:00.000+08:00,378.47607421875,10.854572296142578,13.3056640625,19.87253189086914,0.18155713379383087,386.20001220703125,6.186999797821045,3.6089999675750732,2174.39990234375,nan,nan,nan,65536.0,nan,nan,nan,65536.0,nan,nan,nan,65536.0
2026-09-14T22:33:00.000+08:00,401.89013671875,nan,nan,21.16385841369629,0.17090456187725067,nan,nan,nan,nan,nan,nan,nan,nan,nan,nan,nan,nan,nan,nan,nan,nan
2026-09-14T22:34:00.000+08:00,426.344970703125,10.914899826049805,13.2813720703125,21.340347290039062,0.16949115693569183,386.5,6.199499845504761,3.6080000400543213,2174.449951171875,nan,nan,nan,65536.0,nan,nan,nan,65536.0,nan,nan,nan,65536.0
2026-09-14T22:35:00.000+08:00,435.70977783203125,11.022514343261719,13.423828125,21.039384841918945,0.17167802155017853,386.70001220703125,6.203000068664551,3.615000009536743,2174.5,nan,nan,nan,65536.0,nan,nan,nan,65536.0,nan,nan,nan,65536.0
2026-09-14T22:36:00.000+08:00,430.9288635253906,11.00918960571289,13.375,20.9394474029541,0.17268840968608856,386.70001220703125,6.209000110626221,3.614000082015991,2174.60009765625,nan,nan,nan,65536.0,nan,nan,nan,65536.0,nan,nan,nan,65536.0
2026-09-14T22:37:00.000+08:00,427.768798828125,10.994449615478516,13.3681640625,19.955617904663086,0.180901437997818,386.8999938964844,6.2230000495910645,3.621999979019165,2174.699951171875,nan,nan,nan,65536.0,nan,nan,nan,65536.0,nan,nan,nan,65536.0
2026-09-14T22:38:00.000+08:00,422.6247863769531,10.90035629272461,13.326416015625,20.071640014648438,0.18010486662387848,387.79998779296875,6.2230000495910645,3.634000062942505,2174.699951171875,nan,nan,nan,65536.0,nan,nan,nan,65536.0,nan,nan,nan,65536.0
2026-09-14T22:39:00.000+08:00,429.9540710449219,10.878292083740234,13.347412109375,20.39301109313965,0.17726661264896393,387.70001220703125,6.229000091552734,3.630000114440918,2174.800048828125,nan,nan,nan,65536.0,nan,nan,nan,65536.0,nan,nan,nan,65536.0
2026-09-14T22:40:00.000+08:00,423.5738220214844,10.921035766601562,13.3056640625,19.994789123535156,0.18079710006713867,387.3999938964844,6.230999946594238,3.627000093460083,2174.89990234375,nan,nan,nan,65536.0,nan,nan,nan,65536.0,nan,nan,nan,65536.0
2026-09-14T22:41:00.000+08:00,426.08319091796875,10.935596466064453,13.28515625,20.761327743530273,0.17450714111328125,387.20001220703125,6.214000225067139,3.621000051498413,2174.89990234375,nan,nan,nan,65536.0,nan,nan,nan,65536.0,nan,nan,nan,65536.0
2026-09-14T22:42:00.000+08:00,421.5280456542969,10.855812072753906,13.284912109375,20.645395278930664,0.17601989209651947,387.0,6.22599983215332,3.627000093460083,2175.0,nan,nan,nan,65536.0,nan,nan,nan,65536.0,nan,nan,nan,65536.0
2026-09-14T22:43:00.000+08:00,429.1817321777344,10.91585922241211,13.3056640625,21.114099502563477,0.17201775312423706,386.8999938964844,6.216000080108643,3.621000051498413,2175.0,nan,nan,nan,65536.0,nan,nan,nan,65536.0,nan,nan,nan,65536.0
2026-09-14T22:44:00.000+08:00,415.5218200683594,10.888206481933594,13.28515625,19.49895668029785,0.18575352430343628,387.6000061035156,6.235000133514404,3.628999948501587,2175.10009765625,nan,nan,nan,65536.0,nan,nan,nan,65536.0,nan,nan,nan,65536.0
2026-09-14T22:45:00.000+08:00,424.5038146972656,10.927814483642578,13.22265625,20.472700119018555,0.17672313749790192,387.20001220703125,6.2170000076293945,3.621000051498413,2175.199951171875,nan,nan,nan,65536.0,nan,nan,nan,65536.0,nan,nan,nan,65536.0
2026-09-14T22:46:00.000+08:00,426.7462463378906,10.87131118774414,13.25,20.1931209564209,0.17902135848999023,386.8999938964844,6.2179999351501465,3.615999937057495,2175.199951171875,nan,nan,nan,65536.0,nan,nan,nan,65536.0,nan,nan,nan,65536.0
2026-09-14T22:47:00.000+08:00,422.2882995605469,10.82973861694336,13.201416015625,20.75678253173828,0.17502711713314056,387.1000061035156,6.223999977111816,3.621999979019165,2175.300048828125,nan,nan,nan,65536.0,nan,nan,nan,65536.0,nan,nan,nan,65536.0
2026-09-14T22:48:00.000+08:00,429.31829833984375,10.859432220458984,13.132080078125,20.99870491027832,0.17277255654335022,387.1000061035156,6.2179999351501465,3.624000072479248,2175.300048828125,nan,nan,nan,65536.0,nan,nan,nan,65536.0,nan,nan,nan,65536.0
2026-09-14T22:49:00.000+08:00,437.41400146484375,10.87411117553711,13.159912109375,20.392791748046875,0.1772194802761078,387.29998779296875,6.2220001220703125,3.63100004196167,2175.39990234375,nan,nan,nan,65536.0,nan,nan,nan,65536.0,nan,nan,nan,65536.0
2026-09-14T22:50:00.000+08:00,423.5011901855469,10.800071716308594,13.1669921875,20.113422393798828,0.1801781952381134,387.70001220703125,6.247000217437744,3.6449999809265137,2175.5,nan,nan,nan,65536.0,nan,nan,nan,65536.0,nan,nan,nan,65536.0
2026-09-14T22:51:00.000+08:00,429.627197265625,10.76461410522461,13.125,19.741718292236328,0.18387456238269806,387.20001220703125,6.241000175476074,3.619999885559082,2175.5,nan,nan,nan,65536.0,nan,nan,nan,65536.0,nan,nan,nan,65536.0
2026-09-14T22:52:00.000+08:00,433.0350036621094,10.708484649658203,13.1044921875,19.792903900146484,0.18319697678089142,387.70001220703125,6.239999771118164,3.628000020980835,2175.60009765625,nan,nan,nan,65536.0,nan,nan,nan,65536.0,nan,nan,nan,65536.0
2026-09-14T22:53:00.000+08:00,429.32440185546875,10.75518798828125,13.0625,20.557462692260742,0.17682142555713654,387.79998779296875,6.245999813079834,3.6429998874664307,2175.60009765625,nan,nan,nan,65536.0,nan,nan,nan,65536.0,nan,nan,nan,65536.0
2026-09-14T22:54:00.000+08:00,427.28045654296875,10.729450225830078,13.034912109375,20.337993621826172,0.17892619967460632,387.6000061035156,6.238999843597412,3.632999897003174,2175.699951171875,nan,nan,nan,65536.0,nan,nan,nan,65536.0,nan,nan,nan,65536.0
2026-09-14T22:55:00.000+08:00,437.5482482910156,10.693077087402344,13.09765625,20.84053611755371,0.1747075915336609,387.70001220703125,6.244999885559082,3.635999917984009,2175.800048828125,nan,nan,nan,65536.0,nan,nan,nan,65536.0,nan,nan,nan,65536.0
2026-09-14T22:56:00.000+08:00,436.246826171875,10.687202453613281,13.041748046875,21.038902282714844,0.17296528816223145,387.79998779296875,6.238999843597412,3.628000020980835,2175.800048828125,nan,nan,nan,65536.0,nan,nan,nan,65536.0,nan,nan,nan,65536.0
2026-09-14T22:57:00.000+08:00,432.42022705078125,10.636161804199219,13.020751953125,19.784114837646484,0.18353109061717987,387.5,6.235000133514404,3.63100004196167,2175.89990234375,nan,nan,nan,65536.0,nan,nan,nan,65536.0,nan,nan,nan,65536.0
2026-09-14T22:58:00.000+08:00,425.8159484863281,10.631462097167969,13.048583984375,19.320453643798828,0.18767674267292023,387.6000061035156,6.232999801635742,3.6419999599456787,2175.89990234375,nan,nan,nan,65536.0,nan,nan,nan,65536.0,nan,nan,nan,65536.0
2026-09-14T22:59:00.000+08:00,431.1898498535156,10.657527923583984,13.048828125,20.856115341186523,0.17404967546463013,387.20001220703125,6.228000164031982,3.621000051498413,2176.0,nan,nan,nan,65536.0,nan,nan,nan,65536.0,nan,nan,nan,65536.0
2026-09-14T23:00:00.000+08:00,436.7437438964844,10.667438507080078,12.9794921875,20.858943939208984,0.1741698980331421,386.8999938964844,6.229000091552734,3.621999979019165,2176.10009765625,nan,nan,nan,65536.0,nan,nan,nan,65536.0,nan,nan,nan,65536.0
2026-09-14T23:01:00.000+08:00,428.13336181640625,10.618522644042969,12.861083984375,20.413490295410156,0.17772561311721802,386.0,6.204999923706055,3.6070001125335693,2176.10009765625,nan,nan,nan,65536.0,nan,nan,nan,65536.0,nan,nan,nan,65536.0
2026-09-14T23:02:00.000+08:00,437.92083740234375,10.576168060302734,12.9306640625,20.51357078552246,0.17690728604793549,384.79998779296875,6.206999778747559,3.5950000286102295,2176.199951171875,nan,nan,nan,65536.0,nan,nan,nan,65536.0,nan,nan,nan,65536.0
2026-09-14T23:03:00.000+08:00,449.56927490234375,10.579734802246094,12.9169921875,21.465435028076172,0.16873638331890106,384.79998779296875,6.170000076293945,3.572000026702881,2176.199951171875,nan,nan,nan,65536.0,nan,nan,nan,65536.0,nan,nan,nan,65536.0
2026-09-14T23:04:00.000+08:00,457.65045166015625,10.48886489868164,12.757080078125,19.756227493286133,0.18217040598392487,384.3999938964844,6.169000148773193,3.568000078201294,2176.300048828125,nan,nan,nan,65536.0,nan,nan,nan,65536.0,nan,nan,nan,65536.0
2026-09-14T23:05:00.000+08:00,452.599853515625,10.492820739746094,12.784912109375,21.03733253479004,0.17216059565544128,384.20001220703125,6.181000232696533,3.5769999027252197,2176.39990234375,nan,nan,nan,65536.0,nan,nan,nan,65536.0,nan,nan,nan,65536.0
2026-09-14T23:06:00.000+08:00,463.7523498535156,10.376602172851562,12.75,20.88044548034668,0.1706860065460205,384.1000061035156,6.146999835968018,3.556999921798706,2176.39990234375,nan,nan,nan,65536.0,nan,nan,nan,65536.0,nan,nan,nan,65536.0
2026-09-14T23:07:00.000+08:00,448.4099426269531,10.42095947265625,12.736328125,20.644001007080078,0.17254406213760376,385.0,6.183000087738037,3.5769999027252197,2176.5,nan,nan,nan,65536.0,nan,nan,nan,65536.0,nan,nan,nan,65536.0
2026-09-14T23:08:00.000+08:00,446.9811706542969,10.359321594238281,12.659912109375,21.110084533691406,0.1686871498823166,385.0,6.186999797821045,3.5840001106262207,2176.5,nan,nan,nan,65536.0,nan,nan,nan,65536.0,nan,nan,nan,65536.0
2026-09-14T23:09:00.000+08:00,450.1168518066406,10.374820709228516,12.597412109375,20.80547332763672,0.1707243025302887,385.20001220703125,6.183000087738037,3.5829999446868896,2176.60009765625,nan,nan,nan,65536.0,nan,nan,nan,65536.0,nan,nan,nan,65536.0
2026-09-14T23:10:00.000+08:00,452.2452392578125,10.336006164550781,12.673583984375,20.743452072143555,0.17195788025856018,384.29998779296875,6.165999889373779,3.566999912261963,2176.699951171875,nan,nan,nan,65536.0,nan,nan,nan,65536.0,nan,nan,nan,65536.0
2026-09-14T23:11:00.000+08:00,462.6337890625,10.254936218261719,12.666748046875,21.20815086364746,0.16908593475818634,384.6000061035156,6.183000087738037,3.5769999027252197,2176.699951171875,nan,nan,nan,65536.0,nan,nan,nan,65536.0,nan,nan,nan,65536.0
2026-09-14T23:12:00.000+08:00,453.83233642578125,10.309070587158203,12.673828125,20.639827728271484,0.17364485561847687,384.8999938964844,6.164000034332275,3.569999933242798,2176.800048828125,nan,nan,nan,65536.0,nan,nan,nan,65536.0,nan,nan,nan,65536.0
2026-09-14T23:13:00.000+08:00,460.6552734375,10.303642272949219,12.6181640625,21.817285537719727,0.16363172233104706,385.20001220703125,6.203999996185303,3.5920000076293945,2176.800048828125,nan,nan,nan,65536.0,nan,nan,nan,65536.0,nan,nan,nan,65536.0
2026-09-14T23:14:00.000+08:00,461.93536376953125,10.19521713256836,12.638916015625,21.393428802490234,0.16720087826251984,384.79998779296875,6.164999961853027,3.569999933242798,2176.89990234375,nan,nan,nan,65536.0,nan,nan,nan,65536.0,nan,nan,nan,65536.0
2026-09-14T23:15:00.000+08:00,448.5076904296875,10.236343383789062,12.59765625,21.169517517089844,0.16911108791828156,384.8999938964844,6.163000106811523,3.569000005722046,2177.0,nan,nan,nan,65536.0,nan,nan,nan,65536.0,nan,nan,nan,65536.0
2026-09-14T23:16:00.000+08:00,454.6962890625,10.21389389038086,12.604248046875,20.421384811401367,0.17471881210803986,384.8999938964844,6.179999828338623,3.5810000896453857,2177.0,nan,nan,nan,65536.0,nan,nan,nan,65536.0,nan,nan,nan,65536.0
2026-09-14T23:17:00.000+08:00,461.99639892578125,10.182289123535156,12.548583984375,22.540679931640625,0.15895704925060272,384.8999938964844,6.188000202178955,3.5869998931884766,2177.10009765625,nan,nan,nan,65536.0,nan,nan,nan,65536.0,nan,nan,nan,65536.0
2026-09-14T23:18:00.000+08:00,470.156005859375,10.11227035522461,12.53515625,21.733154296875,0.16472527384757996,385.6000061035156,6.188000202178955,3.5899999141693115,2177.10009765625,nan,nan,nan,65536.0,nan,nan,nan,65536.0,nan,nan,nan,65536.0
2026-09-14T23:19:00.000+08:00,465.2586669921875,10.108020782470703,12.4931640625,22.055416107177734,0.1618649959564209,385.70001220703125,6.182000160217285,3.5880000591278076,2177.199951171875,nan,nan,nan,65536.0,nan,nan,nan,65536.0,nan,nan,nan,65536.0
2026-09-14T23:20:00.000+08:00,468.11627197265625,10.030105590820312,12.486328125,22.78562355041504,0.15672162175178528,385.79998779296875,6.188000202178955,3.5920000076293945,2177.300048828125,nan,nan,nan,65536.0,nan,nan,nan,65536.0,nan,nan,nan,65536.0
2026-09-14T23:21:00.000+08:00,471.226318359375,10.009586334228516,12.479248046875,22.90533447265625,0.155989870429039,384.20001220703125,6.164999961853027,3.566999912261963,2177.300048828125,nan,nan,nan,65536.0,nan,nan,nan,65536.0,nan,nan,nan,65536.0
2026-09-14T23:22:00.000+08:00,473.6272277832031,9.98984146118164,12.375,22.819496154785156,0.15740925073623657,384.8999938964844,6.1620001792907715,3.565000057220459,2177.39990234375,nan,nan,nan,65536.0,nan,nan,nan,65536.0,nan,nan,nan,65536.0
2026-09-14T23:23:00.000+08:00,456.04852294921875,9.964996337890625,12.423828125,22.222213745117188,0.16123506426811218,384.70001220703125,6.168000221252441,3.569999933242798,2177.39990234375,nan,nan,nan,65536.0,nan,nan,nan,65536.0,nan,nan,nan,65536.0
2026-09-14T23:24:00.000+08:00,464.2958679199219,9.927791595458984,12.3681640625,22.504711151123047,0.15858900547027588,384.70001220703125,6.176000118255615,3.569999933242798,2177.5,nan,nan,nan,65536.0,nan,nan,nan,65536.0,nan,nan,nan,65536.0
2026-09-14T23:25:00.000+08:00,457.66180419921875,9.935298919677734,12.34765625,22.269546508789062,0.15972484648227692,384.29998779296875,6.163000106811523,3.562999963760376,2177.60009765625,nan,nan,nan,65536.0,nan,nan,nan,65536.0,nan,nan,nan,65536.0
2026-09-14T23:26:00.000+08:00,453.8830261230469,9.850250244140625,12.347412109375,21.741552352905273,0.16447767615318298,384.70001220703125,6.179999828338623,3.569999933242798,2177.60009765625,nan,nan,nan,65536.0,nan,nan,nan,65536.0,nan,nan,nan,65536.0
2026-09-14T23:27:00.000+08:00,462.4160461425781,9.88669204711914,12.375,22.93046760559082,0.1556880623102188,384.5,6.184000015258789,3.578000068664551,2177.699951171875,nan,nan,nan,65536.0,nan,nan,nan,65536.0,nan,nan,nan,65536.0
2026-09-14T23:28:00.000+08:00,451.884765625,9.872798919677734,12.3681640625,21.944351196289062,0.16213738918304443,384.8999938964844,6.184000015258789,3.5799999237060547,2177.699951171875,nan,nan,nan,65536.0,nan,nan,nan,65536.0,nan,nan,nan,65536.0
2026-09-14T23:29:00.000+08:00,455.5359802246094,9.812728881835938,12.3125,22.771034240722656,0.1568659543991089,384.79998779296875,6.1579999923706055,3.572000026702881,2177.800048828125,nan,nan,nan,65536.0,nan,nan,nan,65536.0,nan,nan,nan,65536.0
2026-09-14T23:30:00.000+08:00,453.27392578125,9.846817016601562,12.33349609375,23.30156898498535,0.15368063747882843,385.0,6.176000118255615,3.5829999446868896,2177.89990234375,nan,nan,nan,65536.0,nan,nan,nan,65536.0,nan,nan,nan,65536.0
2026-09-14T23:31:00.000+08:00,452.70501708984375,9.862693786621094,12.263916015625,23.127281188964844,0.1543199121952057,384.79998779296875,6.185999870300293,3.5820000171661377,2177.89990234375,nan,nan,nan,65536.0,nan,nan,nan,65536.0,nan,nan,nan,65536.0
2026-09-14T23:32:00.000+08:00,453.4805908203125,nan,nan,22.28644561767578,0.16023193299770355,nan,nan,nan,nan,nan,nan,nan,nan,nan,nan,nan,nan,nan,nan,nan,nan
2026-09-14T23:33:00.000+08:00,468.5660095214844,9.969749450683594,12.3890380859375,23.298349380493164,0.1532297283411026,384.54998779296875,6.176499843597412,3.5679999589920044,2178.0,nan,nan,nan,65536.0,nan,nan,nan,65536.0,nan,nan,nan,65536.0
2026-09-14T23:34:00.000+08:00,468.26483154296875,9.901817321777344,12.34033203125,22.998737335205078,0.15539982914924622,385.0,6.173999786376953,3.5810000896453857,2178.10009765625,nan,nan,nan,65536.0,nan,nan,nan,65536.0,nan,nan,nan,65536.0
2026-09-14T23:35:00.000+08:00,471.5442810058594,9.833541870117188,12.284912109375,22.274436950683594,0.16090193390846252,384.79998779296875,6.189000129699707,3.5739998817443848,2178.10009765625,nan,nan,nan,65536.0,nan,nan,nan,65536.0,nan,nan,nan,65536.0
2026-09-14T23:36:00.000+08:00,452.7619934082031,9.64553451538086,12.2158203125,21.906522750854492,0.16250868141651154,384.8999938964844,6.182000160217285,3.5789999961853027,2178.199951171875,nan,nan,nan,65536.0,nan,nan,nan,65536.0,nan,nan,nan,65536.0
2026-09-14T23:37:00.000+08:00,461.3804016113281,9.389076232910156,12.111083984375,22.87320899963379,0.1566024124622345,385.6000061035156,6.189000129699707,3.5929999351501465,2178.300048828125,nan,nan,nan,65536.0,nan,nan,nan,65536.0,nan,nan,nan,65536.0
2026-09-14T23:38:00.000+08:00,462.44549560546875,9.314762115478516,12.0,22.12657356262207,0.16148003935813904,385.6000061035156,6.193999767303467,3.5969998836517334,2178.300048828125,nan,nan,nan,65536.0,nan,nan,nan,65536.0,nan,nan,nan,65536.0
2026-09-14T23:39:00.000+08:00,466.1111755371094,9.27804946899414,12.013916015625,23.208215713500977,0.15391100943088531,385.79998779296875,6.193999767303467,3.5989999771118164,2178.39990234375,nan,nan,nan,65536.0,nan,nan,nan,65536.0,nan,nan,nan,65536.0
2026-09-14T23:40:00.000+08:00,444.5548095703125,9.301795959472656,11.9375,23.688207626342773,0.1515522003173828,385.3999938964844,6.179999828338623,3.5920000076293945,2178.39990234375,nan,nan,nan,65536.0,nan,nan,nan,65536.0,nan,nan,nan,65536.0
2026-09-14T23:41:00.000+08:00,454.82427978515625,9.36471176147461,11.9306640625,23.790512084960938,0.1508164256811142,385.8999938964844,6.184000015258789,3.5980000495910645,2178.5,nan,nan,nan,65536.0,nan,nan,nan,65536.0,nan,nan,nan,65536.0
2026-09-14T23:42:00.000+08:00,445.4109802246094,9.366085052490234,11.9033203125,24.15425682067871,0.14858664572238922,386.1000061035156,6.198999881744385,3.609999895095825,2178.60009765625,nan,nan,nan,65536.0,nan,nan,nan,65536.0,nan,nan,nan,65536.0
2026-09-14T23:43:00.000+08:00,449.7069396972656,9.36825180053711,11.9375,24.113492965698242,0.1492525339126587,385.70001220703125,6.164000034332275,3.5899999141693115,2178.60009765625,nan,nan,nan,65536.0,nan,nan,nan,65536.0,nan,nan,nan,65536.0
2026-09-14T23:44:00.000+08:00,437.22247314453125,9.332653045654297,12.0419921875,22.120628356933594,0.16260839998722076,385.5,6.160999774932861,3.5920000076293945,2178.699951171875,nan,nan,nan,65536.0,nan,nan,nan,65536.0,nan,nan,nan,65536.0
2026-09-14T23:45:00.000+08:00,435.2626037597656,9.316978454589844,12.007080078125,22.610515594482422,0.15926218032836914,386.0,6.190000057220459,3.6029999256134033,2178.699951171875,nan,nan,nan,65536.0,nan,nan,nan,65536.0,nan,nan,nan,65536.0
2026-09-14T23:46:00.000+08:00,453.6822509765625,9.352771759033203,12.03515625,24.353845596313477,0.14757423102855682,385.79998779296875,6.210000038146973,3.6070001125335693,2178.800048828125,nan,nan,nan,65536.0,nan,nan,nan,65536.0,nan,nan,nan,65536.0
2026-09-14T23:47:00.000+08:00,444.2173767089844,9.28237533569336,12.01416015625,23.969160079956055,0.1500261127948761,385.79998779296875,6.160999774932861,3.5880000591278076,2178.89990234375,nan,nan,nan,65536.0,nan,nan,nan,65536.0,nan,nan,nan,65536.0
2026-09-14T23:48:00.000+08:00,441.4936218261719,9.308963775634766,11.951416015625,23.728126525878906,0.15180297195911407,385.0,6.146999835968018,3.5739998817443848,2178.89990234375,nan,nan,nan,65536.0,nan,nan,nan,65536.0,nan,nan,nan,65536.0
2026-09-14T23:49:00.000+08:00,429.8124694824219,9.292530059814453,11.986328125,23.8400936126709,0.15083833038806915,385.6000061035156,6.171999931335449,3.5920000076293945,2179.0,nan,nan,nan,65536.0,nan,nan,nan,65536.0,nan,nan,nan,65536.0
2026-09-14T23:50:00.000+08:00,423.491943359375,9.256248474121094,11.944580078125,23.034936904907227,0.15545950829982758,385.0,6.150000095367432,3.575000047683716,2179.0,nan,nan,nan,65536.0,nan,nan,nan,65536.0,nan,nan,nan,65536.0
2026-09-14T23:51:00.000+08:00,434.9468994140625,9.268726348876953,11.951416015625,23.747745513916016,0.15146701037883759,385.5,6.182000160217285,3.6010000705718994,2179.10009765625,nan,nan,nan,65536.0,nan,nan,nan,65536.0,nan,nan,nan,65536.0
2026-09-14T23:52:00.000+08:00,428.84722900390625,9.37109375,11.9375,23.863222122192383,0.14985403418540955,386.0,6.185999870300293,3.6010000705718994,2179.199951171875,nan,nan,nan,65536.0,nan,nan,nan,65536.0,nan,nan,nan,65536.0
2026-09-14T23:53:00.000+08:00,426.28924560546875,9.305049896240234,11.888916015625,22.74905776977539,0.15772081911563873,386.0,6.181000232696533,3.6040000915527344,2179.199951171875,nan,nan,nan,65536.0,nan,nan,nan,65536.0,nan,nan,nan,65536.0
2026-09-14T23:54:00.000+08:00,443.1163635253906,9.27231216430664,11.951416015625,23.29215431213379,0.15473021566867828,386.0,6.177999973297119,3.6089999675750732,2179.300048828125,nan,nan,nan,65536.0,nan,nan,nan,65536.0,nan,nan,nan,65536.0
2026-09-14T23:55:00.000+08:00,444.8565673828125,9.226387023925781,11.90283203125,23.572534561157227,0.1527625322341919,386.5,6.184000015258789,3.609999895095825,2179.300048828125,nan,nan,nan,65536.0,nan,nan,nan,65536.0,nan,nan,nan,65536.0
2026-09-14T23:56:00.000+08:00,456.470947265625,9.239360809326172,11.8544921875,23.527141571044922,0.15309977531433105,386.5,6.176000118255615,3.6040000915527344,2179.39990234375,nan,nan,nan,65536.0,nan,nan,nan,65536.0,nan,nan,nan,65536.0
2026-09-14T23:57:00.000+08:00,442.5738220214844,9.21530532836914,11.854248046875,23.823833465576172,0.15144498646259308,386.6000061035156,6.188000202178955,3.609999895095825,2179.5,nan,nan,nan,65536.0,nan,nan,nan,65536.0,nan,nan,nan,65536.0
2026-09-14T23:58:00.000+08:00,451.0966796875,9.203781127929688,11.909912109375,23.052082061767578,0.15655852854251862,386.1000061035156,6.170000076293945,3.6050000190734863,2179.5,nan,nan,nan,65536.0,nan,nan,nan,65536.0,nan,nan,nan,65536.0
2026-09-14T23:59:00.000+08:00,444.6130676269531,nan,nan,23.377473831176758,0.154336616396904,nan,nan,nan,nan,nan,nan,nan,nan,nan,nan,nan,nan,nan,nan,nan,nan
